time/total_timesteps,time/fps,time/iterations,time/time_elapsed,train/explained_variance,train/learning_rate,train/policy_loss,train/entropy_loss,train/n_updates,train/value_loss,rollout/ep_rew_mean,rollout/ep_len_mean,rollout/success_rate
20,2766,1,0,,,,,,,,,
40,2426,2,0,0.8277958035469055,0.0003,0.026081759482622147,-2.1972079277038574,1,0.0073418826796114445,,,
60,3065,3,0,0.768214762210846,0.0003,0.26826292276382446,-2.1938676834106445,2,0.03827821463346481,,,
80,3427,4,0,0.6956346035003662,0.0003,-0.356620192527771,-2.194749116897583,3,0.050194717943668365,,,
100,3711,5,0,0.15581411123275757,0.0003,-0.48367127776145935,-2.195129871368408,4,0.07767969369888306,,,
120,3804,6,0,0.8172174692153931,0.0003,-0.4256068170070648,-2.193512439727783,5,0.06062810495495796,,,
140,4067,7,0,0.6486433744430542,0.0003,-0.2037266194820404,-2.193540573120117,6,0.08176936209201813,,,
160,4216,8,0,0.7457852363586426,0.0003,-0.453202486038208,-2.1924476623535156,7,0.07926590740680695,,,
180,4405,9,0,0.7068124413490295,0.0003,-0.6973269581794739,-2.1935057640075684,8,0.14986595511436462,,,
200,4560,10,0,0.1485757827758789,0.0003,-0.09916125237941742,-2.1928741931915283,9,0.2953258156776428,,,
220,4739,11,0,0.6699498891830444,0.0003,-0.4862307608127594,-2.192828416824341,10,0.10255907475948334,,,
240,4862,12,0,0.6161735653877258,0.0003,-0.5754079222679138,-2.1939144134521484,11,0.2317505180835724,,,
260,5004,13,0,0.7342733144760132,0.0003,-0.20570304989814758,-2.194308042526245,12,0.14394879341125488,,,
280,5110,14,0,0.8509171605110168,0.0003,-0.6279541254043579,-2.1939215660095215,13,0.17985336482524872,,,
300,5216,15,0,0.6385642290115356,0.0003,-0.5689137578010559,-2.193556547164917,14,0.4936114251613617,,,
320,5290,16,0,0.8703896999359131,0.0003,-1.1401307582855225,-2.1925506591796875,15,0.36373215913772583,,,
340,5318,17,0,0.8231378793716431,0.0003,-0.9986187815666199,-2.1934704780578613,16,0.33004093170166016,,,
360,5371,18,0,0.7263181209564209,0.0003,-0.7906492352485657,-2.192329168319702,17,0.36080214381217957,,,
380,5432,19,0,0.7891626358032227,0.0003,-1.0518382787704468,-2.1926586627960205,18,0.38501274585723877,,,
400,5481,20,0,0.8164309859275818,0.0003,-1.311836838722229,-2.194471597671509,19,0.4581826329231262,,,
420,5549,21,0,-0.26542699337005615,0.0003,-0.2565011978149414,-2.1949007511138916,20,0.8326587677001953,,,
440,5578,22,0,0.5578398108482361,0.0003,-1.4557085037231445,-2.1917614936828613,21,0.5541459321975708,,,
460,5638,23,0,0.5590562224388123,0.0003,-1.4427149295806885,-2.191821575164795,22,0.5201537013053894,,,
480,5678,24,0,0.26313120126724243,0.0003,-1.2059693336486816,-2.1911263465881348,23,0.4635860323905945,,,
500,5721,25,0,0.4687700867652893,0.0003,-0.6135523915290833,-2.1906275749206543,24,0.5872080326080322,,,
520,5770,26,0,0.6592966318130493,0.0003,-1.3431103229522705,-2.1897480487823486,25,0.46391719579696655,,,
540,5816,27,0,0.48438727855682373,0.0003,-1.0471032857894897,-2.189304828643799,26,0.39374464750289917,,,
560,5858,28,0,0.36400306224823,0.0003,0.19619709253311157,-2.1882433891296387,27,1.424649953842163,,,
580,5906,29,0,0.8150609731674194,0.0003,-1.1663358211517334,-2.18589448928833,28,0.3446081578731537,,,
600,5905,30,0,-0.0672684907913208,0.0003,-0.5439021587371826,-2.18605375289917,29,0.6543123722076416,-19.218740999999998,150.0,0.0
620,5902,31,0,-0.04282724857330322,0.0003,-0.8061028718948364,-2.1841208934783936,30,0.3339226543903351,-19.218740999999998,150.0,0.0
640,5941,32,0,0.2687702775001526,0.0003,0.482699453830719,-2.1840946674346924,31,0.10772033780813217,-19.218740999999998,150.0,0.0
660,5970,33,0,0.3974589705467224,0.0003,0.33999645709991455,-2.1832849979400635,32,0.07914705574512482,-19.218740999999998,150.0,0.0
680,5980,34,0,0.4438730478286743,0.0003,0.16223224997520447,-2.1831696033477783,33,0.08408050239086151,-19.218740999999998,150.0,0.0
700,6015,35,0,0.5634852647781372,0.0003,0.030585715547204018,-2.1813979148864746,34,0.08144214749336243,-19.218740999999998,150.0,0.0
720,6032,36,0,0.7499427199363708,0.0003,-0.019888201728463173,-2.173175096511841,35,0.07949109375476837,-19.218740999999998,150.0,0.0
740,6045,37,0,0.945267915725708,0.0003,-0.2968764901161194,-2.1742444038391113,36,0.03295980393886566,-19.218740999999998,150.0,0.0
760,6060,38,0,0.7632060050964355,0.0003,0.16078419983386993,-2.175852060317993,37,0.05464062839746475,-19.218740999999998,150.0,0.0
780,6043,39,0,0.8488979339599609,0.0003,-0.12312070280313492,-2.178490161895752,38,0.09568394720554352,-19.218740999999998,150.0,0.0
800,6061,40,0,0.7266316413879395,0.0003,-0.00097742083016783,-2.177234411239624,39,0.34774917364120483,-19.218740999999998,150.0,0.0
820,6071,41,0,0.897962212562561,0.0003,-0.07931365072727203,-2.175605535507202,40,0.10503137111663818,-19.218740999999998,150.0,0.0
840,6083,42,0,0.8955866098403931,0.0003,0.07571183145046234,-2.168621778488159,41,0.13334240019321442,-19.218740999999998,150.0,0.0
860,6089,43,0,0.9626074433326721,0.0003,0.40725117921829224,-2.1685397624969482,42,0.0875234454870224,-19.218740999999998,150.0,0.0
880,6092,44,0,0.5013335943222046,0.0003,1.641778588294983,-2.167069911956787,43,1.3417227268218994,-19.218740999999998,150.0,0.0
900,6105,45,0,0.6353065967559814,0.0003,0.27752524614334106,-2.163517713546753,44,0.4091808795928955,-19.218740999999998,150.0,0.0
920,6090,46,0,0.7989969849586487,0.0003,0.14784236252307892,-2.1546804904937744,45,0.37284091114997864,-19.218740999999998,150.0,0.0
940,6101,47,0,0.9701982140541077,0.0003,-0.015382194891571999,-2.1427810192108154,46,0.06058746576309204,-19.218740999999998,150.0,0.0
960,6094,48,0,0.9870710968971252,0.0003,-0.06866715103387833,-2.131911516189575,47,0.029037337750196457,-19.218740999999998,150.0,0.0
980,6097,49,0,0.9374080896377563,0.0003,0.1848737746477127,-2.131742477416992,48,0.10644303262233734,-19.218740999999998,150.0,0.0
1000,6117,50,0,0.9805180430412292,0.0003,-0.3271513879299164,-2.1246354579925537,49,0.06792610883712769,-19.218740999999998,150.0,0.0
1020,6132,51,0,0.9485361576080322,0.0003,-0.3740430772304535,-2.1315503120422363,50,0.1500362902879715,-19.218740999999998,150.0,0.0
1040,6145,52,0,0.9673562049865723,0.0003,-0.07457031309604645,-2.1253280639648438,51,0.0520186647772789,-19.218740999999998,150.0,0.0
1060,6154,53,0,0.9552701711654663,0.0003,-0.5598794221878052,-2.1260898113250732,52,0.12646198272705078,-19.218740999999998,150.0,0.0
1080,6166,54,0,0.7410708069801331,0.0003,0.9331988096237183,-2.1190102100372314,53,0.9487767219543457,-19.218740999999998,150.0,0.0
1100,6180,55,0,0.9485242366790771,0.0003,-0.19942322373390198,-2.118091106414795,54,0.10692350566387177,-19.218740999999998,150.0,0.0
1120,6199,56,0,0.8874493837356567,0.0003,-0.2943964898586273,-2.1121621131896973,55,0.30164656043052673,-19.218740999999998,150.0,0.0
1140,6218,57,0,0.9433623552322388,0.0003,-0.8410390615463257,-2.0995936393737793,56,0.2609091103076935,-19.218740999999998,150.0,0.0
1160,6227,58,0,0.9703719615936279,0.0003,-0.8731816411018372,-2.09865403175354,57,0.21139073371887207,-19.218740999999998,150.0,0.0
1180,6223,59,0,0.6673132181167603,0.0003,-0.21452896296977997,-2.0972659587860107,58,0.3753986656665802,-19.218740999999998,150.0,0.0
1200,6220,60,0,0.9105784296989441,0.0003,-0.7629865407943726,-2.100186586380005,59,0.2881205976009369,-12.509288750000001,150.0,0.0
1220,6234,61,0,0.9428131580352783,0.0003,-0.8068963885307312,-2.112311601638794,60,0.21080315113067627,-12.509288750000001,150.0,0.0
1240,6250,62,0,0.8179861307144165,0.0003,0.2854394316673279,-2.1143484115600586,61,0.031846173107624054,-12.509288750000001,150.0,0.0
1260,6259,63,0,0.9242152571678162,0.0003,0.17575587332248688,-2.1186575889587402,62,0.0156919714063406,-12.509288750000001,150.0,0.0
1280,6272,64,0,0.9278428554534912,0.0003,-0.09258141368627548,-2.119014024734497,63,0.014290246181190014,-12.509288750000001,150.0,0.0
1300,6280,65,0,0.8979352116584778,0.0003,-0.2801600992679596,-2.1069529056549072,64,0.04496680945158005,-12.509288750000001,150.0,0.0
1320,6298,66,0,0.8938590288162231,0.0003,-0.03974616155028343,-2.1059951782226562,65,0.04369080066680908,-12.509288750000001,150.0,0.0
1340,6310,67,0,0.9424617886543274,0.0003,-0.173541858792305,-2.1187288761138916,66,0.03208016976714134,-12.509288750000001,150.0,0.0
1360,6325,68,0,0.9575445652008057,0.0003,-0.18351511657238007,-2.1264030933380127,67,0.026827771216630936,-12.509288750000001,150.0,0.0
1380,6335,69,0,0.8826730251312256,0.0003,0.05280040577054024,-2.1295864582061768,68,0.08235222101211548,-12.509288750000001,150.0,0.0
1400,6340,70,0,0.7943854331970215,0.0003,0.5258862376213074,-2.1313247680664062,69,0.40969929099082947,-12.509288750000001,150.0,0.0
1420,6355,71,0,0.9870436787605286,0.0003,-0.16319069266319275,-2.1358981132507324,70,0.016712317243218422,-12.509288750000001,150.0,0.0
1440,6360,72,0,0.9913362860679626,0.0003,-0.10060049593448639,-2.134549379348755,71,0.00883396901190281,-12.509288750000001,150.0,0.0
1460,6373,73,0,0.9617764949798584,0.0003,-0.26718661189079285,-2.1377151012420654,72,0.03269451856613159,-12.509288750000001,150.0,0.0
1480,6381,74,0,0.9307516813278198,0.0003,-0.4050554633140564,-2.1371891498565674,73,0.06233695149421692,-12.509288750000001,150.0,0.0
1500,6358,75,0,0.6276940107345581,0.0003,-0.19897104799747467,-2.134542942047119,74,0.14026693999767303,-12.509288750000001,150.0,0.0
1520,6365,76,0,0.6813373565673828,0.0003,-0.4213782250881195,-2.140228033065796,75,0.1219269260764122,-12.509288750000001,150.0,0.0
1540,6377,77,0,0.8250033855438232,0.0003,-0.6632604598999023,-2.1469409465789795,76,0.1088196411728859,-12.509288750000001,150.0,0.0
1560,6388,78,0,0.05006200075149536,0.0003,-0.020732950419187546,-2.14433217048645,77,0.5996045470237732,-12.509288750000001,150.0,0.0
1580,6390,79,0,0.4152568578720093,0.0003,-0.3031700551509857,-2.1476542949676514,78,0.20836284756660461,-12.509288750000001,150.0,0.0
1600,6400,80,0,0.462832510471344,0.0003,-0.983820915222168,-2.141791582107544,79,0.28042054176330566,-12.509288750000001,150.0,0.0
1620,6403,81,0,-0.4396824836730957,0.0003,-0.6754058599472046,-2.1402299404144287,80,0.22083958983421326,-12.509288750000001,150.0,0.0
1640,6409,82,0,-0.008526921272277832,0.0003,-1.3511621952056885,-2.130634069442749,81,0.5201799869537354,-12.509288750000001,150.0,0.0
1660,6416,83,0,-0.02288055419921875,0.0003,-0.4650661051273346,-2.1301562786102295,82,0.5872598886489868,-12.509288750000001,150.0,0.0
1680,6418,84,0,-0.3307403326034546,0.0003,-1.2000761032104492,-2.1310935020446777,83,0.5735594630241394,-12.509288750000001,150.0,0.0
1700,6424,85,0,0.1358521580696106,0.0003,-1.153193712234497,-2.136150360107422,84,0.4592725336551666,-12.509288750000001,150.0,0.0
1720,6435,86,0,0.03777647018432617,0.0003,-1.1712830066680908,-2.1399455070495605,85,0.44155558943748474,-12.509288750000001,150.0,0.0
1740,6442,87,0,-0.3918428421020508,0.0003,-1.0903204679489136,-2.144115686416626,86,0.37855082750320435,-12.509288750000001,150.0,0.0
1760,6452,88,0,-0.13024353981018066,0.0003,-1.1180119514465332,-2.1433486938476562,87,0.41632604598999023,-12.509288750000001,150.0,0.0
1780,6439,89,0,0.03688138723373413,0.0003,-1.3484623432159424,-2.146390914916992,88,0.5054264664649963,-12.509288750000001,150.0,0.0
1800,6418,90,0,0.21220898628234863,0.0003,-0.6578049659729004,-2.145049571990967,89,0.1540364921092987,-14.632927416666668,150.0,0.0
1820,6425,91,0,-1.3235533237457275,0.0003,-0.44253507256507874,-2.1402249336242676,90,0.13202497363090515,-14.632927416666668,150.0,0.0
1840,6431,92,0,0.402368426322937,0.0003,0.6440733671188354,-2.139740467071533,91,0.14335885643959045,-14.632927416666668,150.0,0.0
1860,6436,93,0,0.6558980941772461,0.0003,0.2424357384443283,-2.139070510864258,92,0.043731071054935455,-14.632927416666668,150.0,0.0
1880,6446,94,0,0.5872836112976074,0.0003,0.43867334723472595,-2.1339802742004395,93,0.10822205245494843,-14.632927416666668,150.0,0.0
1900,6418,95,0,0.7245273590087891,0.0003,-0.06486625969409943,-2.128204822540283,94,0.012409604154527187,-14.632927416666668,150.0,0.0
1920,6421,96,0,0.4688844084739685,0.0003,0.10118818283081055,-2.129389762878418,95,0.10739222913980484,-14.632927416666668,150.0,0.0
1940,6422,97,0,0.8077986836433411,0.0003,0.13646875321865082,-2.1215078830718994,96,0.04505333676934242,-14.632927416666668,150.0,0.0
1960,6431,98,0,0.706899881362915,0.0003,0.5214080810546875,-2.1192734241485596,97,0.24323073029518127,-14.632927416666668,150.0,0.0
1980,6441,99,0,0.7120776772499084,0.0003,0.8662757873535156,-2.1218531131744385,98,0.37086668610572815,-14.632927416666668,150.0,0.0
2000,6447,100,0,0.9238337278366089,0.0003,-0.16652719676494598,-2.1226766109466553,99,0.04227529093623161,-14.632927416666668,150.0,0.0
2020,6449,101,0,0.7685016989707947,0.0003,-0.09644224494695663,-2.127279758453369,100,0.06858645379543304,-14.632927416666668,150.0,0.0
2040,6457,102,0,0.7455207705497742,0.0003,-0.0634060949087143,-2.124936580657959,101,0.06752470880746841,-14.632927416666668,150.0,0.0
2060,6466,103,0,-0.024971961975097656,0.0003,0.3733038008213043,-2.1318702697753906,102,0.7871449589729309,-14.632927416666668,150.0,0.0
2080,6475,104,0,0.36211323738098145,0.0003,-0.011524125933647156,-2.1227567195892334,103,0.15843689441680908,-14.632927416666668,150.0,0.0
2100,6479,105,0,0.7428625822067261,0.0003,-0.33153191208839417,-2.125458240509033,104,0.08631917089223862,-14.632927416666668,150.0,0.0
2120,6481,106,0,0.8476709723472595,0.0003,-0.36192187666893005,-2.1233386993408203,105,0.05573365092277527,-14.632927416666668,150.0,0.0
2140,6490,107,0,0.7679498791694641,0.0003,-0.582295298576355,-2.123060703277588,106,0.10426998138427734,-14.632927416666668,150.0,0.0
2160,6488,108,0,0.33635538816452026,0.0003,-0.7639870047569275,-2.122394561767578,107,0.19446580111980438,-14.632927416666668,150.0,0.0
2180,6496,109,0,0.007118582725524902,0.0003,-0.6731404066085815,-2.119807243347168,108,0.2077631950378418,-14.632927416666668,150.0,0.0
2200,6495,110,0,0.1173895001411438,0.0003,-0.7712916135787964,-2.1198506355285645,109,0.21586032211780548,-14.632927416666668,150.0,0.0
2220,6497,111,0,0.47910261154174805,0.0003,-0.6636613011360168,-2.120166540145874,110,0.1806221455335617,-14.632927416666668,150.0,0.0
2240,6499,112,0,0.34695082902908325,0.0003,-0.9498623013496399,-2.1275596618652344,111,0.25275367498397827,-14.632927416666668,150.0,0.0
2260,6502,113,0,0.156987726688385,0.0003,-1.052261471748352,-2.12685227394104,112,0.31391847133636475,-14.632927416666668,150.0,0.0
2280,6503,114,0,0.2715064287185669,0.0003,-1.049916386604309,-2.1275124549865723,113,0.2968454360961914,-14.632927416666668,150.0,0.0
2300,6511,115,0,0.15551221370697021,0.0003,-1.126612901687622,-2.127812623977661,114,0.3138902485370636,-14.632927416666668,150.0,0.0
2320,6519,116,0,0.18361824750900269,0.0003,-1.04079270362854,-2.1248021125793457,115,0.28400665521621704,-14.632927416666668,150.0,0.0
2340,6520,117,0,0.33392202854156494,0.0003,-0.9113190770149231,-2.121922731399536,116,0.2967466711997986,-14.632927416666668,150.0,0.0
2360,6524,118,0,0.40954315662384033,0.0003,-1.0451109409332275,-2.1212573051452637,117,0.3471464514732361,-14.632927416666668,150.0,0.0
2380,6524,119,0,0.42383718490600586,0.0003,-0.9761707186698914,-2.1233229637145996,118,0.2524065673351288,-14.632927416666668,150.0,0.0
2400,6518,120,0,0.2590228319168091,0.0003,-0.714361310005188,-2.1239864826202393,119,0.15757639706134796,-15.3082070625,150.0,0.0
2420,6525,121,0,0.20519089698791504,0.0003,-0.894706130027771,-2.1271913051605225,120,0.25128287076950073,-15.3082070625,150.0,0.0
2440,6531,122,0,0.15446257591247559,0.0003,0.6743713021278381,-2.134615898132324,121,0.20278067886829376,-15.3082070625,150.0,0.0
2460,6535,123,0,0.4038068652153015,0.0003,0.48266124725341797,-2.1313235759735107,122,0.08076994121074677,-15.3082070625,150.0,0.0
2480,6543,124,0,0.12747329473495483,0.0003,-0.015063407830893993,-2.132629871368408,123,0.01317010261118412,-15.3082070625,150.0,0.0
2500,6547,125,0,0.5289731621742249,0.0003,0.16919179260730743,-2.1327931880950928,124,0.018496161326766014,-15.3082070625,150.0,0.0
2520,6553,126,0,0.3794688582420349,0.0003,-0.03624650090932846,-2.134539842605591,125,0.020467251539230347,-15.3082070625,150.0,0.0
2540,6563,127,0,0.8236319422721863,0.0003,-0.275737464427948,-2.1412534713745117,126,0.025175580754876137,-15.3082070625,150.0,0.0
2560,6569,128,0,-0.025914907455444336,0.0003,-0.26697349548339844,-2.1456661224365234,127,0.0855935662984848,-15.3082070625,150.0,0.0
2580,6573,129,0,0.15734994411468506,0.0003,0.07190338522195816,-2.14552903175354,128,0.09349547326564789,-15.3082070625,150.0,0.0
2600,6576,130,0,0.7875319719314575,0.0003,0.1060539036989212,-2.159236431121826,129,0.013095967471599579,-15.3082070625,150.0,0.0
2620,6568,131,0,0.6232264041900635,0.0003,-0.39525681734085083,-2.155653715133667,130,0.0808912068605423,-15.3082070625,150.0,0.0
2640,6568,132,0,0.5943384170532227,0.0003,-0.29726293683052063,-2.1567623615264893,131,0.05235673859715462,-15.3082070625,150.0,0.0
2660,6574,133,0,0.5220377445220947,0.0003,-0.3794182240962982,-2.1546859741210938,132,0.10673029720783234,-15.3082070625,150.0,0.0
2680,6574,134,0,0.6063562631607056,0.0003,-0.4293232858181,-2.152014970779419,133,0.0881207138299942,-15.3082070625,150.0,0.0
2700,6578,135,0,0.505366325378418,0.0003,-0.523910403251648,-2.1515591144561768,134,0.15050485730171204,-15.3082070625,150.0,0.0
2720,6578,136,0,0.5689574480056763,0.0003,-0.45543718338012695,-2.1510674953460693,135,0.11381538212299347,-15.3082070625,150.0,0.0
2740,6578,137,0,0.4982580542564392,0.0003,-0.35726386308670044,-2.149819850921631,136,0.17496737837791443,-15.3082070625,150.0,0.0
2760,6577,138,0,-0.14474189281463623,0.0003,1.051893949508667,-2.148895025253296,137,3.0208163261413574,-15.3082070625,150.0,0.0
2780,6580,139,0,0.45831888914108276,0.0003,0.36261314153671265,-2.143918514251709,138,0.513784646987915,-15.3082070625,150.0,0.0
2800,6584,140,0,0.43825286626815796,0.0003,0.5619033575057983,-2.144355058670044,139,0.34401851892471313,-15.3082070625,150.0,0.0
2820,6588,141,0,0.4451449513435364,0.0003,0.8074094653129578,-2.1393558979034424,140,1.7684434652328491,-15.3082070625,150.0,0.0
2840,6594,142,0,0.6704169511795044,0.0003,0.38978689908981323,-2.1368210315704346,141,0.7934156656265259,-15.3082070625,150.0,0.0
2860,6592,143,0,0.9272913932800293,0.0003,-0.8737543225288391,-2.1322007179260254,142,0.2004183828830719,-15.3082070625,150.0,0.0
2880,6598,144,0,0.8789069056510925,0.0003,-0.8992140889167786,-2.128697633743286,143,0.24015390872955322,-15.3082070625,150.0,0.0
2900,6601,145,0,0.9531969428062439,0.0003,-0.7828384637832642,-2.125802993774414,144,0.17319148778915405,-15.3082070625,150.0,0.0
2920,6607,146,0,0.8247863054275513,0.0003,-1.2205305099487305,-2.127568483352661,145,0.41726723313331604,-15.3082070625,150.0,0.0
2940,6609,147,0,0.8305047750473022,0.0003,-1.3431354761123657,-2.1294186115264893,146,0.45978838205337524,-15.3082070625,150.0,0.0
2960,6614,148,0,0.6424702405929565,0.0003,-1.1509147882461548,-2.1271705627441406,147,0.3943239748477936,-15.3082070625,150.0,0.0
2980,6615,149,0,-0.3448373079299927,0.0003,-0.8601001501083374,-2.1287147998809814,148,0.4732593595981598,-15.3082070625,150.0,0.0
3000,6616,150,0,0.2657800316810608,0.0003,-0.7590424418449402,-2.130465030670166,149,0.32013002038002014,-15.2817264,150.0,0.0
3020,6611,151,0,0.6247177124023438,0.0003,-1.048506259918213,-2.133406400680542,150,0.2766321003437042,-15.2817264,150.0,0.0
3040,6615,152,0,0.07489216327667236,0.0003,0.5237795114517212,-2.1357016563415527,151,0.08884264528751373,-15.2817264,150.0,0.0
3060,6618,153,0,0.38455021381378174,0.0003,0.51363605260849,-2.1401772499084473,152,0.10341737419366837,-15.2817264,150.0,0.0
3080,6622,154,0,0.8201519250869751,0.0003,0.04169629514217377,-2.138216018676758,153,0.014467336237430573,-15.2817264,150.0,0.0
3100,6627,155,0,0.6368400454521179,0.0003,0.1449187844991684,-2.136935234069824,154,0.0293020848184824,-15.2817264,150.0,0.0
3120,6632,156,0,0.8781082034111023,0.0003,-0.04239834472537041,-2.132229804992676,155,0.017017170786857605,-15.2817264,150.0,0.0
3140,6629,157,0,0.8792628049850464,0.0003,-0.09619969874620438,-2.137362003326416,156,0.030295660719275475,-15.2817264,150.0,0.0
3160,6627,158,0,0.8723403215408325,0.0003,-0.251036137342453,-2.1376705169677734,157,0.057176947593688965,-15.2817264,150.0,0.0
3180,6632,159,0,0.8628809452056885,0.0003,-0.07141564786434174,-2.1409964561462402,158,0.04387543722987175,-15.2817264,150.0,0.0
3200,6638,160,0,0.8935081958770752,0.0003,-0.28636428713798523,-2.132228374481201,159,0.06548537313938141,-15.2817264,150.0,0.0
3220,6640,161,0,0.07564574480056763,0.0003,0.7452285289764404,-2.130659818649292,160,0.9014551043510437,-15.2817264,150.0,0.0
3240,6645,162,0,0.7527521848678589,0.0003,-0.20578238368034363,-2.1276214122772217,161,0.17473772168159485,-15.2817264,150.0,0.0
3260,6650,163,0,0.9301803112030029,0.0003,-0.41447097063064575,-2.121346950531006,162,0.06984695047140121,-15.2817264,150.0,0.0
3280,6656,164,0,0.28475844860076904,0.0003,-0.18677642941474915,-2.1259331703186035,163,0.2674194872379303,-15.2817264,150.0,0.0
3300,6661,165,0,0.6930358409881592,0.0003,-0.03316129371523857,-2.1181042194366455,164,0.13163109123706818,-15.2817264,150.0,0.0
3320,6667,166,0,-0.033121585845947266,0.0003,0.08891694247722626,-2.103564977645874,165,0.2608183026313782,-15.2817264,150.0,0.0
3340,6670,167,0,0.6735804080963135,0.0003,-0.7700729966163635,-2.079716205596924,166,0.15372517704963684,-15.2817264,150.0,0.0
3360,6676,168,0,-0.4897862672805786,0.0003,0.39423856139183044,-2.0755019187927246,167,0.5808272361755371,-15.2817264,150.0,0.0
3380,6682,169,0,0.19631969928741455,0.0003,-0.35850316286087036,-2.0606071949005127,168,0.5277140736579895,-15.2817264,150.0,0.0
3400,6686,170,0,0.3217967748641968,0.0003,-0.4085465371608734,-2.047001600265503,169,0.34458595514297485,-15.2817264,150.0,0.0
3420,6688,171,0,0.2764730453491211,0.0003,-0.8352950811386108,-2.0513930320739746,170,0.2536996006965637,-15.2817264,150.0,0.0
3440,6693,172,0,0.41233986616134644,0.0003,-0.6255683302879333,-2.0548815727233887,171,0.13930952548980713,-15.2817264,150.0,0.0
3460,6698,173,0,0.2717873454093933,0.0003,-0.9479759335517883,-2.054536819458008,172,0.26570066809654236,-15.2817264,150.0,0.0
3480,6703,174,0,0.4725843667984009,0.0003,-0.6758411526679993,-2.0549404621124268,173,0.15437904000282288,-15.2817264,150.0,0.0
3500,6709,175,0,0.4143410325050354,0.0003,-0.7836841940879822,-2.0494885444641113,174,0.2294655293226242,-15.2817264,150.0,0.0
3520,6715,176,0,0.17738372087478638,0.0003,-0.814904510974884,-2.047051191329956,175,0.26740092039108276,-15.2817264,150.0,0.0
3540,6715,177,0,0.18092244863510132,0.0003,-0.5125241279602051,-2.0538406372070312,176,0.32859769463539124,-15.2817264,150.0,0.0
3560,6721,178,0,0.3132528066635132,0.0003,-0.7522047162055969,-2.0517289638519287,177,0.2522662878036499,-15.2817264,150.0,0.0
3580,6725,179,0,0.39761149883270264,0.0003,-0.8263810873031616,-2.0592942237854004,178,0.2547457814216614,-15.2817264,150.0,0.0
3600,6720,180,0,0.453760027885437,0.0003,-0.827499508857727,-2.0654067993164062,179,0.20025134086608887,-15.61315275,150.0,0.0
3620,6721,181,0,0.2021704912185669,0.0003,-0.6472246050834656,-2.0648491382598877,180,0.2359679937362671,-15.61315275,150.0,0.0
3640,6721,182,0,-0.06822752952575684,0.0003,0.6005547642707825,-2.077094078063965,181,0.14818808436393738,-15.61315275,150.0,0.0
3660,6719,183,0,0.5320831537246704,0.0003,0.41791781783103943,-2.074704885482788,182,0.07542528212070465,-15.61315275,150.0,0.0
3680,6720,184,0,0.29870104789733887,0.0003,0.14869466423988342,-2.0691308975219727,183,0.03736739233136177,-15.61315275,150.0,0.0
3700,6721,185,0,0.4201889634132385,0.0003,0.33929774165153503,-2.0616602897644043,184,0.05210220068693161,-15.61315275,150.0,0.0
3720,6724,186,0,0.03744947910308838,0.0003,0.5107118487358093,-2.0619540214538574,185,0.32132071256637573,-15.61315275,150.0,0.0
3740,6727,187,0,0.2687002420425415,0.0003,0.17883193492889404,-2.0618433952331543,186,0.2970859110355377,-15.61315275,150.0,0.0
3760,6729,188,0,0.5981498956680298,0.0003,-0.12724529206752777,-2.06068754196167,187,0.1456688791513443,-15.61315275,150.0,0.0
3780,6722,189,0,0.8297520875930786,0.0003,-0.10762123763561249,-2.0600037574768066,188,0.041058771312236786,-15.61315275,150.0,0.0
3800,6721,190,0,0.738661527633667,0.0003,-0.1085096225142479,-2.0596652030944824,189,0.1300557553768158,-15.61315275,150.0,0.0
3820,6722,191,0,0.8366847038269043,0.0003,-0.17708870768547058,-2.066375970840454,190,0.07698936015367508,-15.61315275,150.0,0.0
3840,6726,192,0,0.8680115938186646,0.0003,-0.1701403707265854,-2.0667967796325684,191,0.037745848298072815,-15.61315275,150.0,0.0
3860,6729,193,0,0.8545104265213013,0.0003,-0.10056708008050919,-2.074610710144043,192,0.03176295757293701,-15.61315275,150.0,0.0
3880,6730,194,0,0.8947951793670654,0.0003,-0.06609179079532623,-2.0786285400390625,193,0.025252435356378555,-15.61315275,150.0,0.0
3900,6732,195,0,0.7879710793495178,0.0003,-0.03372405469417572,-2.085326910018921,194,0.03737448900938034,-15.61315275,150.0,0.0
3920,6737,196,0,0.8142291307449341,0.0003,-0.36892443895339966,-2.0835049152374268,195,0.08742670714855194,-15.61315275,150.0,0.0
3940,6741,197,0,0.7131854891777039,0.0003,-0.2502969205379486,-2.0778775215148926,196,0.15782085061073303,-15.61315275,150.0,0.0
3960,6745,198,0,0.7396708130836487,0.0003,-0.3725457787513733,-2.083299160003662,197,0.14235927164554596,-15.61315275,150.0,0.0
3980,6746,199,0,0.8644415140151978,0.0003,-0.28572171926498413,-2.075491428375244,198,0.05927244573831558,-15.61315275,150.0,0.0
4000,6750,200,0,0.8085669875144958,0.0003,-0.24366196990013123,-2.0815112590789795,199,0.049808818846940994,-15.61315275,150.0,0.0
4020,6754,201,0,0.20825284719467163,0.0003,-0.29302406311035156,-2.077265739440918,200,0.22652852535247803,-15.61315275,150.0,0.0
4040,6756,202,0,0.37252187728881836,0.0003,-0.5035771131515503,-2.068667411804199,201,0.3204713463783264,-15.61315275,150.0,0.0
4060,6761,203,0,0.6405277848243713,0.0003,-0.5433691740036011,-2.0656051635742188,202,0.1684236228466034,-15.61315275,150.0,0.0
4080,6764,204,0,0.5494633913040161,0.0003,-0.5222031474113464,-2.068988084793091,203,0.13086430728435516,-15.61315275,150.0,0.0
4100,6767,205,0,0.34326744079589844,0.0003,-0.9227169156074524,-2.071718454360962,204,0.45977434515953064,-15.61315275,150.0,0.0
4120,6768,206,0,0.2848331332206726,0.0003,-0.6897746920585632,-2.074514389038086,205,0.4590570032596588,-15.61315275,150.0,0.0
4140,6766,207,0,0.35368436574935913,0.0003,-0.9693821668624878,-2.0776259899139404,206,0.4662497639656067,-15.61315275,150.0,0.0
4160,6767,208,0,0.2941651940345764,0.0003,-0.9115629196166992,-2.080087184906006,207,0.4009612202644348,-15.61315275,150.0,0.0
4180,6767,209,0,0.38171011209487915,0.0003,-0.9878053665161133,-2.0853466987609863,208,0.3163500726222992,-15.61315275,150.0,0.0
4200,6751,210,0,0.15606987476348877,0.0003,-0.8603002429008484,-2.0815107822418213,209,0.469975084066391,-15.879676714285711,150.0,0.0
4220,6744,211,0,0.21626055240631104,0.0003,-1.1283775568008423,-2.0826926231384277,210,0.5381826162338257,-15.879676714285711,150.0,0.0
4240,6739,212,0,0.5405886173248291,0.0003,0.552043080329895,-2.0809719562530518,211,0.13169585168361664,-15.879676714285711,150.0,0.0
4260,6738,213,0,0.3567543625831604,0.0003,0.2346334010362625,-2.076401948928833,212,0.049230918288230896,-15.879676714285711,150.0,0.0
4280,6732,214,0,0.11737704277038574,0.0003,0.705154538154602,-2.0694830417633057,213,0.22217702865600586,-15.879676714285711,150.0,0.0
4300,6728,215,0,0.514222264289856,0.0003,0.08295284956693649,-2.0676016807556152,214,0.0715729370713234,-15.879676714285711,150.0,0.0
4320,6722,216,0,0.7298702001571655,0.0003,0.0888325423002243,-2.052793025970459,215,0.033931851387023926,-15.879676714285711,150.0,0.0
4340,6690,217,0,0.24794894456863403,0.0003,1.192718267440796,-2.0593695640563965,216,1.176302194595337,-15.879676714285711,150.0,0.0
4360,6685,218,0,0.8012545108795166,0.0003,0.21020932495594025,-2.0597360134124756,217,0.0915965810418129,-15.879676714285711,150.0,0.0
4380,6681,219,0,0.7311796545982361,0.0003,0.21919465065002441,-2.0619235038757324,218,0.28971484303474426,-15.879676714285711,150.0,0.0
4400,6682,220,0,0.8860971927642822,0.0003,-0.1171819418668747,-2.0584616661071777,219,0.14828971028327942,-15.879676714285711,150.0,0.0
4420,6684,221,0,0.8107706308364868,0.0003,0.20161154866218567,-2.065471887588501,220,0.318707138299942,-15.879676714285711,150.0,0.0
4440,6686,222,0,0.7663077712059021,0.0003,0.4229245185852051,-2.0625197887420654,221,0.6416672468185425,-15.879676714285711,150.0,0.0
4460,6689,223,0,0.9815622568130493,0.0003,-0.3275436758995056,-2.059752941131592,222,0.04982297867536545,-15.879676714285711,150.0,0.0
4480,6692,224,0,0.8659232258796692,0.0003,0.22150954604148865,-2.0555732250213623,223,0.15589599311351776,-15.879676714285711,150.0,0.0
4500,6694,225,0,0.9048168063163757,0.0003,-0.08175002783536911,-2.0477471351623535,224,0.21783944964408875,-15.879676714285711,150.0,0.0
4520,6698,226,0,0.9431644082069397,0.0003,-0.6870366930961609,-2.0553500652313232,225,0.23284296691417694,-15.879676714285711,150.0,0.0
4540,6693,227,0,0.818189263343811,0.0003,0.9923936724662781,-2.0552687644958496,226,0.5165029764175415,-15.879676714285711,150.0,0.0
4560,6694,228,0,0.8079849481582642,0.0003,0.12247755378484726,-2.0586042404174805,227,0.5194929838180542,-15.879676714285711,150.0,0.0
4580,6695,229,0,0.8738806247711182,0.0003,-0.28251513838768005,-2.0536863803863525,228,0.37971583008766174,-15.879676714285711,150.0,0.0
4600,6698,230,0,0.8985850811004639,0.0003,-0.23962244391441345,-2.045027732849121,229,0.40136900544166565,-15.879676714285711,150.0,0.0
4620,6702,231,0,0.8280045390129089,0.0003,0.26067179441452026,-2.042600631713867,230,0.9270282983779907,-15.879676714285711,150.0,0.0
4640,6705,232,0,0.9655089974403381,0.0003,-0.37616026401519775,-2.0387017726898193,231,0.18728232383728027,-15.879676714285711,150.0,0.0
4660,6707,233,0,0.9752426743507385,0.0003,-0.6414030194282532,-2.0422892570495605,232,0.20391297340393066,-15.879676714285711,150.0,0.0
4680,6709,234,0,0.9667949676513672,0.0003,-0.7267270088195801,-2.0448498725891113,233,0.23200316727161407,-15.879676714285711,150.0,0.0
4700,6713,235,0,0.9715334177017212,0.0003,-0.6378156542778015,-2.0428669452667236,234,0.18227972090244293,-15.879676714285711,150.0,0.0
4720,6716,236,0,0.9744740128517151,0.0003,-0.8158437609672546,-2.0409255027770996,235,0.21553346514701843,-15.879676714285711,150.0,0.0
4740,6719,237,0,0.9840542078018188,0.0003,-0.6860312223434448,-2.042160987854004,236,0.13169309496879578,-15.879676714285711,150.0,0.0
4760,6723,238,0,0.9546727538108826,0.0003,-0.6849700212478638,-2.040238857269287,237,0.18730194866657257,-15.879676714285711,150.0,0.0
4780,6724,239,0,0.9465166926383972,0.0003,-0.8749821782112122,-2.0401217937469482,238,0.2921774685382843,-15.879676714285711,150.0,0.0
4800,6723,240,0,0.9593863487243652,0.0003,-0.5625516176223755,-2.045210599899292,239,0.09894945472478867,-15.212432968749999,150.0,0.03125
4820,6726,241,0,0.4370514154434204,0.0003,2.0452868938446045,-2.0390186309814453,240,5.771805763244629,-15.212432968749999,150.0,0.03125
4840,6729,242,0,0.8138424158096313,0.0003,0.16965588927268982,-2.0522756576538086,241,0.02341156080365181,-15.212432968749999,150.0,0.03125
4860,6731,243,0,0.6279758214950562,0.0003,-0.2734697163105011,-2.0527729988098145,242,0.0683971494436264,-15.212432968749999,150.0,0.03125
4880,6734,244,0,0.7178279161453247,0.0003,-0.4426826536655426,-2.053544282913208,243,0.10500900447368622,-15.212432968749999,150.0,0.03125
4900,6737,245,0,0.764000654220581,0.0003,-0.22860634326934814,-2.0585169792175293,244,0.08077087998390198,-15.212432968749999,150.0,0.03125
4920,6740,246,0,0.8892980813980103,0.0003,-0.03102828562259674,-2.0651371479034424,245,0.022984862327575684,-15.212432968749999,150.0,0.03125
4940,6742,247,0,0.9596315026283264,0.0003,-0.09261707216501236,-2.0565075874328613,246,0.013652014546096325,-15.212432968749999,150.0,0.03125
4960,6743,248,0,0.8751518726348877,0.0003,0.09193569421768188,-2.05621075630188,247,0.034609582275152206,-15.212432968749999,150.0,0.03125
4980,6747,249,0,0.9160729646682739,0.0003,-0.20335228741168976,-2.0614211559295654,248,0.05150623992085457,-15.212432968749999,150.0,0.03125
5000,6748,250,0,0.912146270275116,0.0003,-0.32794561982154846,-2.063985586166382,249,0.07001329958438873,-15.212432968749999,150.0,0.03125
5020,6751,251,0,0.9081176519393921,0.0003,-0.2904796302318573,-2.0689377784729004,250,0.05680026486515999,-15.212432968749999,150.0,0.03125
5040,6753,252,0,0.9462870359420776,0.0003,-0.26439303159713745,-2.071276903152466,251,0.03484344854950905,-15.212432968749999,150.0,0.03125
5060,6755,253,0,0.9379681944847107,0.0003,-0.3339462876319885,-2.0680229663848877,252,0.04351931810379028,-15.212432968749999,150.0,0.03125
5080,6758,254,0,0.38302314281463623,0.0003,-0.07051870971918106,-2.063256025314331,253,0.35411447286605835,-15.212432968749999,150.0,0.03125
5100,6759,255,0,0.903400719165802,0.0003,-0.3647278845310211,-2.0329222679138184,254,0.08218468725681305,-15.212432968749999,150.0,0.03125
5120,6762,256,0,0.8330917954444885,0.0003,-0.3546546697616577,-2.03767728805542,255,0.12731531262397766,-15.212432968749999,150.0,0.03125
5140,6765,257,0,0.8342400789260864,0.0003,-0.42434874176979065,-2.043625593185425,256,0.11149688065052032,-15.212432968749999,150.0,0.03125
5160,6766,258,0,0.7721284031867981,0.0003,-0.39359050989151,-2.0448946952819824,257,0.16113528609275818,-15.212432968749999,150.0,0.03125
5180,6769,259,0,0.7355846166610718,0.0003,-0.3070363402366638,-2.0519626140594482,258,0.1659379005432129,-15.212432968749999,150.0,0.03125
5200,6772,260,0,0.7637917995452881,0.0003,-0.41591548919677734,-2.0653860569000244,259,0.16171637177467346,-15.212432968749999,150.0,0.03125
5220,6776,261,0,0.8235100507736206,0.0003,-0.07807235419750214,-2.0727219581604004,260,0.06449823081493378,-15.212432968749999,150.0,0.03125
5240,6779,262,0,-0.12549138069152832,0.0003,0.39882001280784607,-2.081033229827881,261,0.3978155255317688,-15.212432968749999,150.0,0.03125
5260,6783,263,0,0.8530241250991821,0.0003,-0.5942085981369019,-2.0726356506347656,262,0.1308632493019104,-15.212432968749999,150.0,0.03125
5280,6785,264,0,0.6060556173324585,0.0003,-0.5574301481246948,-2.0766119956970215,263,0.11107639968395233,-15.212432968749999,150.0,0.03125
5300,6789,265,0,0.5027024745941162,0.0003,-0.7241107225418091,-2.0772435665130615,264,0.19906900823116302,-15.212432968749999,150.0,0.03125
5320,6791,266,0,0.4407626986503601,0.0003,-0.7805291414260864,-2.081843137741089,265,0.16549894213676453,-15.212432968749999,150.0,0.03125
5340,6793,267,0,0.4238315224647522,0.0003,-0.5901157259941101,-2.080664873123169,266,0.11121176183223724,-15.212432968749999,150.0,0.03125
5360,6796,268,0,0.18631047010421753,0.0003,-0.6673072576522827,-2.0821914672851562,267,0.14623744785785675,-15.212432968749999,150.0,0.03125
5380,6797,269,0,-0.18909382820129395,0.0003,-0.6653180122375488,-2.0849826335906982,268,0.16649788618087769,-15.212432968749999,150.0,0.03125
5400,6796,270,0,-0.06551945209503174,0.0003,-0.6227423548698425,-2.087745189666748,269,0.1503828763961792,-15.542568055555556,150.0,0.027777777777777776
5420,6794,271,0,-0.026364803314208984,0.0003,-0.7578296065330505,-2.0898356437683105,270,0.1858300268650055,-15.542568055555556,150.0,0.027777777777777776
5440,6795,272,0,0.19113689661026,0.0003,-0.12494535744190216,-2.0857322216033936,271,0.11818884313106537,-15.542568055555556,150.0,0.027777777777777776
5460,6796,273,0,0.7209365367889404,0.0003,0.11747346073389053,-2.0683577060699463,272,0.07479505985975266,-15.542568055555556,150.0,0.027777777777777776
5480,6796,274,0,0.8576475381851196,0.0003,0.30135616660118103,-2.0606815814971924,273,0.08778613805770874,-15.542568055555556,150.0,0.027777777777777776
5500,6798,275,0,0.921155571937561,0.0003,0.04593764990568161,-2.0574264526367188,274,0.03263544291257858,-15.542568055555556,150.0,0.027777777777777776
5520,6797,276,0,0.9204489588737488,0.0003,-0.13703595101833344,-2.0534939765930176,275,0.05357605963945389,-15.542568055555556,150.0,0.027777777777777776
5540,6799,277,0,0.31558120250701904,0.0003,0.7372511625289917,-2.0500755310058594,276,0.7849823236465454,-15.542568055555556,150.0,0.027777777777777776
5560,6802,278,0,0.8353055715560913,0.0003,0.15688228607177734,-2.0446701049804688,277,0.20546786487102509,-15.542568055555556,150.0,0.027777777777777776
5580,6805,279,0,0.9267270565032959,0.0003,0.035775233060121536,-2.053175687789917,278,0.09707894176244736,-15.542568055555556,150.0,0.027777777777777776
5600,6808,280,0,0.9833375811576843,0.0003,-0.2621627449989319,-2.0644383430480957,279,0.04060397297143936,-15.542568055555556,150.0,0.027777777777777776
5620,6811,281,0,0.981688380241394,0.0003,-0.16199848055839539,-2.065667152404785,280,0.02826840803027153,-15.542568055555556,150.0,0.027777777777777776
5640,6811,282,0,0.7505695223808289,0.0003,1.3582834005355835,-2.0717415809631348,281,0.9262262582778931,-15.542568055555556,150.0,0.027777777777777776
5660,6813,283,0,0.8812090754508972,0.0003,0.22115525603294373,-2.0693678855895996,282,0.1187341958284378,-15.542568055555556,150.0,0.027777777777777776
5680,6816,284,0,0.8687011003494263,0.0003,0.22308596968650818,-2.0626533031463623,283,0.1999768614768982,-15.542568055555556,150.0,0.027777777777777776
5700,6818,285,0,0.7570035457611084,0.0003,0.725868284702301,-2.0608975887298584,284,0.5516694784164429,-15.542568055555556,150.0,0.027777777777777776
5720,6821,286,0,0.9422441124916077,0.0003,-0.1424485296010971,-2.0584774017333984,285,0.1204209178686142,-15.542568055555556,150.0,0.027777777777777776
5740,6823,287,0,0.934795081615448,0.0003,-0.4774518609046936,-2.0629124641418457,286,0.2061324119567871,-15.542568055555556,150.0,0.027777777777777776
5760,6825,288,0,0.9552158713340759,0.0003,-0.6850626468658447,-2.0532917976379395,287,0.2379932403564453,-15.542568055555556,150.0,0.027777777777777776
5780,6828,289,0,0.9314480423927307,0.0003,-0.5540926456451416,-2.053982973098755,288,0.2377292662858963,-15.542568055555556,150.0,0.027777777777777776
5800,6831,290,0,0.926479160785675,0.0003,-0.7573210597038269,-2.0558114051818848,289,0.33319559693336487,-15.542568055555556,150.0,0.027777777777777776
5820,6833,291,0,0.9087667465209961,0.0003,-0.24422292411327362,-2.0594165325164795,290,0.22130966186523438,-15.542568055555556,150.0,0.027777777777777776
5840,6836,292,0,0.9432147145271301,0.0003,-1.3348358869552612,-2.0499520301818848,291,0.4681061804294586,-15.542568055555556,150.0,0.027777777777777776
5860,6837,293,0,0.8295289874076843,0.0003,-0.5520519614219666,-2.0448100566864014,292,0.5245367884635925,-15.542568055555556,150.0,0.027777777777777776
5880,6840,294,0,0.9018698334693909,0.0003,-1.0171691179275513,-2.050936698913574,293,0.48315852880477905,-15.542568055555556,150.0,0.027777777777777776
5900,6841,295,0,0.895575225353241,0.0003,-1.0577514171600342,-2.052910327911377,294,0.4533257484436035,-15.542568055555556,150.0,0.027777777777777776
5920,6843,296,0,0.9017902612686157,0.0003,-0.7686968445777893,-2.053644895553589,295,0.2607119381427765,-15.542568055555556,150.0,0.027777777777777776
5940,6846,297,0,0.862618625164032,0.0003,-0.9672204256057739,-2.0556066036224365,296,0.28612208366394043,-15.542568055555556,150.0,0.027777777777777776
5960,6848,298,0,0.885277271270752,0.0003,-1.0743612051010132,-2.04852557182312,297,0.3473478853702545,-15.542568055555556,150.0,0.027777777777777776
5980,6851,299,0,0.8552536964416504,0.0003,-1.1865406036376953,-2.0482678413391113,298,0.44191837310791016,-15.542568055555556,150.0,0.027777777777777776
6000,6852,300,0,0.7576894760131836,0.0003,-0.8921834826469421,-2.0511393547058105,299,0.269621878862381,-15.649991875000001,150.0,0.025
6020,6853,301,0,0.8211498260498047,0.0003,-0.9085208773612976,-2.048699140548706,300,0.23754632472991943,-15.649991875000001,150.0,0.025
6040,6856,302,0,0.7607814073562622,0.0003,0.5525139570236206,-2.053485155105591,301,0.10907204449176788,-15.649991875000001,150.0,0.025
6060,6859,303,0,0.7364187240600586,0.0003,0.022637397050857544,-2.0507760047912598,302,0.06019330024719238,-15.649991875000001,150.0,0.025
6080,6861,304,0,0.6265009641647339,0.0003,0.32567039132118225,-2.050185441970825,303,0.11114604771137238,-15.649991875000001,150.0,0.025
6100,6864,305,0,0.8693462014198303,0.0003,0.09104111045598984,-2.0461935997009277,304,0.0359540656208992,-15.649991875000001,150.0,0.025
6120,6864,306,0,0.8021515011787415,0.0003,0.1422259509563446,-2.047271251678467,305,0.03874705359339714,-15.649991875000001,150.0,0.025
6140,6866,307,0,0.9393694400787354,0.0003,0.13653899729251862,-2.043078899383545,306,0.025549575686454773,-15.649991875000001,150.0,0.025
6160,6867,308,0,0.5652128458023071,0.0003,0.08546830713748932,-2.0455524921417236,307,0.06297596544027328,-15.649991875000001,150.0,0.025
6180,6867,309,0,0.8742581605911255,0.0003,-0.3387402892112732,-2.0419013500213623,308,0.10069422423839569,-15.649991875000001,150.0,0.025
6200,6870,310,0,0.8981565833091736,0.0003,-0.01569012738764286,-2.047055721282959,309,0.04755920544266701,-15.649991875000001,150.0,0.025
6220,6872,311,0,0.9491251707077026,0.0003,-0.44606703519821167,-2.0470128059387207,310,0.08080147206783295,-15.649991875000001,150.0,0.025
6240,6875,312,0,0.9417852163314819,0.0003,-0.24667516350746155,-2.0499825477600098,311,0.0465359166264534,-15.649991875000001,150.0,0.025
6260,6876,313,0,0.9197338819503784,0.0003,-0.5697144865989685,-2.0540597438812256,312,0.12461559474468231,-15.649991875000001,150.0,0.025
6280,6878,314,0,0.9035670161247253,0.0003,-0.7281669974327087,-2.0525050163269043,313,0.18360087275505066,-15.649991875000001,150.0,0.025
6300,6878,315,0,0.8937008380889893,0.0003,-0.3555944263935089,-2.0521178245544434,314,0.10109372437000275,-15.649991875000001,150.0,0.025
6320,6880,316,0,0.7700462341308594,0.0003,-0.5308505892753601,-2.0622570514678955,315,0.2221435308456421,-15.649991875000001,150.0,0.025
6340,6882,317,0,0.8957099318504333,0.0003,-0.5766510963439941,-2.072413921356201,316,0.10307221114635468,-15.649991875000001,150.0,0.025
6360,6885,318,0,0.7107971906661987,0.0003,-0.5090224146842957,-2.0692219734191895,317,0.22563989460468292,-15.649991875000001,150.0,0.025
6380,6888,319,0,0.6992907524108887,0.0003,-0.5957497358322144,-2.0741324424743652,318,0.18830159306526184,-15.649991875000001,150.0,0.025
6400,6884,320,0,0.6069121360778809,0.0003,-0.5426117181777954,-2.0754153728485107,319,0.20343729853630066,-15.649991875000001,150.0,0.025
6420,6887,321,0,0.6111834049224854,0.0003,-0.7840710878372192,-2.0782599449157715,320,0.24198035895824432,-15.649991875000001,150.0,0.025
6440,6889,322,0,0.5912940502166748,0.0003,-0.9898567199707031,-2.075232744216919,321,0.35378482937812805,-15.649991875000001,150.0,0.025
6460,6892,323,0,0.5577242374420166,0.0003,-0.7762073278427124,-2.080144166946411,322,0.2055199146270752,-15.649991875000001,150.0,0.025
6480,6893,324,0,0.5065064430236816,0.0003,-0.8289518356323242,-2.076481342315674,323,0.2292892187833786,-15.649991875000001,150.0,0.025
6500,6896,325,0,0.42649513483047485,0.0003,-0.7809836864471436,-2.075796604156494,324,0.22364147007465363,-15.649991875000001,150.0,0.025
6520,6898,326,0,0.2887541651725769,0.0003,-0.5728224515914917,-2.07568359375,325,0.20131567120552063,-15.649991875000001,150.0,0.025
6540,6899,327,0,0.13964664936065674,0.0003,-0.8932641744613647,-2.083319902420044,326,0.26765531301498413,-15.649991875000001,150.0,0.025
6560,6901,328,0,0.1394902467727661,0.0003,-0.9582570195198059,-2.0859005451202393,327,0.25643694400787354,-15.649991875000001,150.0,0.025
6580,6903,329,0,0.17458635568618774,0.0003,-0.7273375391960144,-2.0828044414520264,328,0.15031294524669647,-15.649991875000001,150.0,0.025
6600,6903,330,0,0.06379598379135132,0.0003,-0.7751485109329224,-2.077208995819092,329,0.22233152389526367,-16.021350613636365,150.0,0.022727272727272728
6620,6903,331,0,0.09373295307159424,0.0003,-0.7038557529449463,-2.0788490772247314,330,0.1386789083480835,-16.021350613636365,150.0,0.022727272727272728
6640,6905,332,0,0.30956554412841797,0.0003,-0.24162963032722473,-2.088693141937256,331,0.032544322311878204,-16.021350613636365,150.0,0.022727272727272728
6660,6907,333,0,-0.6942993402481079,0.0003,-0.10603035986423492,-2.0881710052490234,332,0.07091952860355377,-16.021350613636365,150.0,0.022727272727272728
6680,6909,334,0,0.6454694271087646,0.0003,-0.4676836431026459,-2.0891520977020264,333,0.0640089362859726,-16.021350613636365,150.0,0.022727272727272728
6700,6910,335,0,-0.48271477222442627,0.0003,0.04967208951711655,-2.086540460586548,334,0.18738742172718048,-16.021350613636365,150.0,0.022727272727272728
6720,6912,336,0,0.42202991247177124,0.0003,-0.25068399310112,-2.0713553428649902,335,0.04854189604520798,-16.021350613636365,150.0,0.022727272727272728
6740,6914,337,0,0.44820845127105713,0.0003,-0.2702867090702057,-2.05842924118042,336,0.05212519317865372,-16.021350613636365,150.0,0.022727272727272728
6760,6916,338,0,0.31876498460769653,0.0003,-0.3778007924556732,-2.0577616691589355,337,0.06383377313613892,-16.021350613636365,150.0,0.022727272727272728
6780,6916,339,0,0.18947303295135498,0.0003,-0.11845695972442627,-2.064518451690674,338,0.0825895443558693,-16.021350613636365,150.0,0.022727272727272728
6800,6918,340,0,-0.059180378913879395,0.0003,0.016115397214889526,-2.0712132453918457,339,0.20133621990680695,-16.021350613636365,150.0,0.022727272727272728
6820,6921,341,0,0.11757689714431763,0.0003,-0.16603966057300568,-2.0877604484558105,340,0.41792765259742737,-16.021350613636365,150.0,0.022727272727272728
6840,6924,342,0,0.36885184049606323,0.0003,-0.19710490107536316,-2.062915802001953,341,0.15691258013248444,-16.021350613636365,150.0,0.022727272727272728
6860,6927,343,0,0.44179654121398926,0.0003,-0.3164052665233612,-2.0690717697143555,342,0.1177753210067749,-16.021350613636365,150.0,0.022727272727272728
6880,6930,344,0,0.30041998624801636,0.0003,-0.11084531247615814,-2.0706963539123535,343,0.14397481083869934,-16.021350613636365,150.0,0.022727272727272728
6900,6933,345,0,0.47371411323547363,0.0003,0.021948745474219322,-2.0529980659484863,344,0.04463854804635048,-16.021350613636365,150.0,0.022727272727272728
6920,6936,346,0,0.34182417392730713,0.0003,0.1144680380821228,-2.0335869789123535,345,0.21287503838539124,-16.021350613636365,150.0,0.022727272727272728
6940,6939,347,1,0.5242115259170532,0.0003,0.005278721451759338,-2.0483765602111816,346,0.14638113975524902,-16.021350613636365,150.0,0.022727272727272728
6960,6942,348,1,0.4587000012397766,0.0003,-0.04262448102235794,-2.0681545734405518,347,0.23102827370166779,-16.021350613636365,150.0,0.022727272727272728
6980,6944,349,1,0.6349942088127136,0.0003,-0.2183024138212204,-2.057762622833252,348,0.1242469996213913,-16.021350613636365,150.0,0.022727272727272728
7000,6947,350,1,0.6321908831596375,0.0003,-0.5421085953712463,-2.061638593673706,349,0.11872081458568573,-16.021350613636365,150.0,0.022727272727272728
7020,6947,351,1,0.509440541267395,0.0003,-0.6227161884307861,-2.061558723449707,350,0.20970213413238525,-16.021350613636365,150.0,0.022727272727272728
7040,6949,352,1,0.5043047666549683,0.0003,-0.5567992925643921,-2.067755699157715,351,0.14027199149131775,-16.021350613636365,150.0,0.022727272727272728
7060,6952,353,1,0.4681147336959839,0.0003,-0.7481894493103027,-2.0656838417053223,352,0.23510122299194336,-16.021350613636365,150.0,0.022727272727272728
7080,6951,354,1,0.5151216983795166,0.0003,-0.7814599275588989,-2.0674915313720703,353,0.30088528990745544,-16.021350613636365,150.0,0.022727272727272728
7100,6953,355,1,0.3537033796310425,0.0003,-0.6440255045890808,-2.081174850463867,354,0.2146100103855133,-16.021350613636365,150.0,0.022727272727272728
7120,6954,356,1,0.40970367193222046,0.0003,-1.0617375373840332,-2.088301181793213,355,0.29801735281944275,-16.021350613636365,150.0,0.022727272727272728
7140,6956,357,1,0.22210586071014404,0.0003,-1.0368345975875854,-2.082645893096924,356,0.44244489073753357,-16.021350613636365,150.0,0.022727272727272728
7160,6957,358,1,0.22436773777008057,0.0003,-1.0940555334091187,-2.090230703353882,357,0.3895528018474579,-16.021350613636365,150.0,0.022727272727272728
7180,6959,359,1,0.15217089653015137,0.0003,-0.9835948944091797,-2.0924367904663086,358,0.314769983291626,-16.021350613636365,150.0,0.022727272727272728
7200,6952,360,1,0.08565771579742432,0.0003,-1.0606729984283447,-2.0934269428253174,359,0.36555102467536926,-16.642843312500002,150.0,0.020833333333333332
7220,6954,361,1,0.10166019201278687,0.0003,-0.9390503168106079,-2.0952858924865723,360,0.28184717893600464,-16.642843312500002,150.0,0.020833333333333332
7240,6957,362,1,0.8432897329330444,0.0003,0.17870600521564484,-2.086474895477295,361,0.05017008259892464,-16.642843312500002,150.0,0.020833333333333332
7260,6956,363,1,0.8958854675292969,0.0003,-0.21477016806602478,-2.0850722789764404,362,0.03338780626654625,-16.642843312500002,150.0,0.020833333333333332
7280,6958,364,1,0.7693451046943665,0.0003,0.05463411659002304,-2.081343412399292,363,0.12175951153039932,-16.642843312500002,150.0,0.020833333333333332
7300,6959,365,1,0.8839234709739685,0.0003,0.11539161205291748,-2.0957016944885254,364,0.06276832520961761,-16.642843312500002,150.0,0.020833333333333332
7320,6961,366,1,0.8771644830703735,0.0003,0.38466858863830566,-2.093735456466675,365,0.15643925964832306,-16.642843312500002,150.0,0.020833333333333332
7340,6961,367,1,0.9241845011711121,0.0003,-0.21388110518455505,-2.10081148147583,366,0.07756628096103668,-16.642843312500002,150.0,0.020833333333333332
7360,6964,368,1,0.8754545450210571,0.0003,0.21372810006141663,-2.0957391262054443,367,0.14642411470413208,-16.642843312500002,150.0,0.020833333333333332
7380,6965,369,1,0.923212468624115,0.0003,0.3754225969314575,-2.094172954559326,368,0.16379575431346893,-16.642843312500002,150.0,0.020833333333333332
7400,6967,370,1,0.9576140642166138,0.0003,0.21240472793579102,-2.094923734664917,369,0.09511128067970276,-16.642843312500002,150.0,0.020833333333333332
7420,6969,371,1,0.9456768035888672,0.0003,0.522719144821167,-2.0938448905944824,370,0.16975140571594238,-16.642843312500002,150.0,0.020833333333333332
7440,6971,372,1,0.9875251650810242,0.0003,-0.2923476994037628,-2.0914618968963623,371,0.038119010627269745,-16.642843312500002,150.0,0.020833333333333332
7460,6973,373,1,0.8904019594192505,0.0003,0.5684011578559875,-2.091806650161743,372,0.26653721928596497,-16.642843312500002,150.0,0.020833333333333332
7480,6974,374,1,0.8850351572036743,0.0003,0.01561686396598816,-2.0880796909332275,373,0.0859888345003128,-16.642843312500002,150.0,0.020833333333333332
7500,6974,375,1,0.9337735772132874,0.0003,-0.08701781183481216,-2.0855414867401123,374,0.06014832854270935,-16.642843312500002,150.0,0.020833333333333332
7520,6975,376,1,0.9092493653297424,0.0003,-0.3259567618370056,-2.088026523590088,375,0.09781478345394135,-16.642843312500002,150.0,0.020833333333333332
7540,6977,377,1,0.912971019744873,0.0003,-0.5710021257400513,-2.077423334121704,376,0.108146533370018,-16.642843312500002,150.0,0.020833333333333332
7560,6978,378,1,0.8074685335159302,0.0003,-0.29955989122390747,-2.074706554412842,377,0.10494860261678696,-16.642843312500002,150.0,0.020833333333333332
7580,6979,379,1,0.6380650997161865,0.0003,-0.14731164276599884,-2.080697536468506,378,0.4968997538089752,-16.642843312500002,150.0,0.020833333333333332
7600,6981,380,1,0.7875614166259766,0.0003,-0.42622965574264526,-2.0852761268615723,379,0.2157292366027832,-16.642843312500002,150.0,0.020833333333333332
7620,6981,381,1,0.8815785050392151,0.0003,-0.5542537569999695,-2.071471929550171,380,0.16771087050437927,-16.642843312500002,150.0,0.020833333333333332
7640,6983,382,1,0.8463008403778076,0.0003,-0.5682331919670105,-2.0751867294311523,381,0.18373285233974457,-16.642843312500002,150.0,0.020833333333333332
7660,6985,383,1,0.8171863555908203,0.0003,-0.9340370893478394,-2.0714993476867676,382,0.2961689233779907,-16.642843312500002,150.0,0.020833333333333332
7680,6986,384,1,0.7408967018127441,0.0003,-0.8087536096572876,-2.0710010528564453,383,0.26810455322265625,-16.642843312500002,150.0,0.020833333333333332
7700,6988,385,1,0.6565605998039246,0.0003,-1.2633600234985352,-2.081500768661499,384,0.4899747371673584,-16.642843312500002,150.0,0.020833333333333332
7720,6990,386,1,0.7219266891479492,0.0003,-0.7644072771072388,-2.084712266921997,385,0.21707844734191895,-16.642843312500002,150.0,0.020833333333333332
7740,6991,387,1,0.642600953578949,0.0003,-0.9926719665527344,-2.085373640060425,386,0.33985623717308044,-16.642843312500002,150.0,0.020833333333333332
7760,6992,388,1,0.550529956817627,0.0003,-0.9294412732124329,-2.091318130493164,387,0.32831135392189026,-16.642843312500002,150.0,0.020833333333333332
7780,6992,389,1,0.3857889175415039,0.0003,-0.8808437585830688,-2.096266984939575,388,0.32524362206459045,-16.642843312500002,150.0,0.020833333333333332
7800,6991,390,1,-0.003900766372680664,0.0003,-1.1071207523345947,-2.106539249420166,389,0.32472389936447144,-16.874133500000003,150.0,0.019230769230769232
7820,6991,391,1,-0.0390247106552124,0.0003,-1.0830883979797363,-2.1078412532806396,390,0.33802860975265503,-16.874133500000003,150.0,0.019230769230769232
7840,6988,392,1,0.9460790157318115,0.0003,-0.06112561747431755,-2.085498809814453,391,0.027884727343916893,-16.874133500000003,150.0,0.019230769230769232
7860,6988,393,1,0.9745844602584839,0.0003,-0.18245622515678406,-2.073280096054077,392,0.02202373370528221,-16.874133500000003,150.0,0.019230769230769232
7880,6985,394,1,0.9442192912101746,0.0003,0.202828049659729,-2.073680877685547,393,0.03984212875366211,-16.874133500000003,150.0,0.019230769230769232
7900,6984,395,1,0.9293423891067505,0.0003,0.1226322203874588,-2.08000111579895,394,0.04567581042647362,-16.874133500000003,150.0,0.019230769230769232
7920,6984,396,1,0.9389134645462036,0.0003,-0.09733682870864868,-2.0764050483703613,395,0.03510034829378128,-16.874133500000003,150.0,0.019230769230769232
7940,6985,397,1,0.6638360619544983,0.0003,0.24444499611854553,-2.0791614055633545,396,0.08368851244449615,-16.874133500000003,150.0,0.019230769230769232
7960,6986,398,1,0.21035754680633545,0.0003,1.2012265920639038,-2.083695411682129,397,2.1774990558624268,-16.874133500000003,150.0,0.019230769230769232
7980,6986,399,1,0.9169130325317383,0.0003,0.07453303039073944,-2.0860652923583984,398,0.0876753181219101,-16.874133500000003,150.0,0.019230769230769232
8000,6981,400,1,0.9807465076446533,0.0003,-0.13174688816070557,-2.0793869495391846,399,0.0169913861900568,-16.874133500000003,150.0,0.019230769230769232
8020,6979,401,1,0.7832055687904358,0.0003,0.26075172424316406,-2.0808768272399902,400,0.1038006991147995,-16.874133500000003,150.0,0.019230769230769232
8040,6980,402,1,0.9728087782859802,0.0003,-0.2559610605239868,-2.0793843269348145,401,0.02507028356194496,-16.874133500000003,150.0,0.019230769230769232
8060,6980,403,1,0.8320479393005371,0.0003,0.15227781236171722,-2.0732390880584717,402,0.060965877026319504,-16.874133500000003,150.0,0.019230769230769232
8080,6981,404,1,0.920434832572937,0.0003,-0.14229504764080048,-2.0710268020629883,403,0.04610951617360115,-16.874133500000003,150.0,0.019230769230769232
8100,6982,405,1,0.9417659044265747,0.0003,-0.12063483893871307,-2.0744667053222656,404,0.02832666039466858,-16.874133500000003,150.0,0.019230769230769232
8120,6983,406,1,0.9281416535377502,0.0003,-0.42458122968673706,-2.0620505809783936,405,0.06859546899795532,-16.874133500000003,150.0,0.019230769230769232
8140,6983,407,1,0.8774872422218323,0.0003,-0.6515804529190063,-2.065279245376587,406,0.12192730605602264,-16.874133500000003,150.0,0.019230769230769232
8160,6984,408,1,-0.24156391620635986,0.0003,0.06190910190343857,-2.0653908252716064,407,0.5385273694992065,-16.874133500000003,150.0,0.019230769230769232
8180,6986,409,1,-0.3949636220932007,0.0003,-0.642953097820282,-2.0549347400665283,408,0.18549378216266632,-16.874133500000003,150.0,0.019230769230769232
8200,6988,410,1,0.3073342442512512,0.0003,-0.684805154800415,-2.0619990825653076,409,0.1397119015455246,-16.874133500000003,150.0,0.019230769230769232
8220,6987,411,1,0.26871901750564575,0.0003,-0.6474784016609192,-2.060584545135498,410,0.12073881924152374,-16.874133500000003,150.0,0.019230769230769232
8240,6989,412,1,0.18975281715393066,0.0003,-0.8027133941650391,-2.0578203201293945,411,0.20669718086719513,-16.874133500000003,150.0,0.019230769230769232
8260,6990,413,1,0.3598027229309082,0.0003,-0.6732419729232788,-2.059619903564453,412,0.1876189261674881,-16.874133500000003,150.0,0.019230769230769232
8280,6991,414,1,0.4507816433906555,0.0003,-0.7106334567070007,-2.058228015899658,413,0.14382889866828918,-16.874133500000003,150.0,0.019230769230769232
8300,6992,415,1,0.2678964138031006,0.0003,-0.7333872318267822,-2.0543813705444336,414,0.20442397892475128,-16.874133500000003,150.0,0.019230769230769232
8320,6994,416,1,0.0019571781158447266,0.0003,-0.6776023507118225,-2.060122489929199,415,0.21386031806468964,-16.874133500000003,150.0,0.019230769230769232
8340,6995,417,1,0.08748334646224976,0.0003,-0.694008469581604,-2.0641863346099854,416,0.24272863566875458,-16.874133500000003,150.0,0.019230769230769232
8360,6996,418,1,0.11742556095123291,0.0003,-0.6651147603988647,-2.073411226272583,417,0.12612922489643097,-16.874133500000003,150.0,0.019230769230769232
8380,6997,419,1,-0.06398355960845947,0.0003,-0.7913289070129395,-2.0696606636047363,418,0.20822639763355255,-16.874133500000003,150.0,0.019230769230769232
8400,6996,420,1,0.08950263261795044,0.0003,-0.8770778775215149,-2.074784755706787,419,0.33118683099746704,-17.184913178571428,150.0,0.017857142857142856
8420,6996,421,1,0.04247492551803589,0.0003,-0.780814528465271,-2.0867388248443604,420,0.32820695638656616,-17.184913178571428,150.0,0.017857142857142856
8440,6998,422,1,0.8214590549468994,0.0003,0.387725830078125,-2.0740585327148438,421,0.09452702850103378,-17.184913178571428,150.0,0.017857142857142856
8460,7000,423,1,0.8912993669509888,0.0003,0.26003098487854004,-2.0766499042510986,422,0.06618095934391022,-17.184913178571428,150.0,0.017857142857142856
8480,7002,424,1,0.7546930909156799,0.0003,-0.27526476979255676,-2.0744690895080566,423,0.08838298916816711,-17.184913178571428,150.0,0.017857142857142856
8500,7003,425,1,0.7427835464477539,0.0003,-0.1100282073020935,-2.0724856853485107,424,0.07228626310825348,-17.184913178571428,150.0,0.017857142857142856
8520,7005,426,1,0.9512367844581604,0.0003,-0.014428826980292797,-2.0795302391052246,425,0.011478649452328682,-17.184913178571428,150.0,0.017857142857142856
8540,7005,427,1,0.8441897630691528,0.0003,0.1411798894405365,-2.081511974334717,426,0.051941920071840286,-17.184913178571428,150.0,0.017857142857142856
8560,7006,428,1,0.561393141746521,0.0003,0.5231512188911438,-2.084397315979004,427,0.3061780035495758,-17.184913178571428,150.0,0.017857142857142856
8580,7008,429,1,0.7581183910369873,0.0003,-0.13287393748760223,-2.0876340866088867,428,0.11792506277561188,-17.184913178571428,150.0,0.017857142857142856
8600,7007,430,1,0.8695846199989319,0.0003,-0.24577364325523376,-2.089263439178467,429,0.08984257280826569,-17.184913178571428,150.0,0.017857142857142856
8620,7009,431,1,0.7506083846092224,0.0003,0.3905227482318878,-2.09421968460083,430,0.3648582994937897,-17.184913178571428,150.0,0.017857142857142856
8640,7011,432,1,0.8102428317070007,0.0003,-0.13093800842761993,-2.095085859298706,431,0.2934621274471283,-17.184913178571428,150.0,0.017857142857142856
8660,7012,433,1,0.9166005253791809,0.0003,-0.39332595467567444,-2.0964179039001465,432,0.11423669755458832,-17.184913178571428,150.0,0.017857142857142856
8680,7014,434,1,0.6992448568344116,0.0003,0.9145373106002808,-2.096184253692627,433,0.7763791680335999,-17.184913178571428,150.0,0.017857142857142856
8700,7012,435,1,0.9174217581748962,0.0003,-0.310295045375824,-2.0955734252929688,434,0.12280239164829254,-17.184913178571428,150.0,0.017857142857142856
8720,7010,436,1,0.6008574962615967,0.0003,-0.0007943630334921181,-2.093550682067871,435,0.18760675191879272,-17.184913178571428,150.0,0.017857142857142856
8740,7008,437,1,0.8324189186096191,0.0003,-0.720271110534668,-2.0855553150177,436,0.21578463912010193,-17.184913178571428,150.0,0.017857142857142856
8760,7009,438,1,0.8409091830253601,0.0003,-0.4588887095451355,-2.087947368621826,437,0.11521942913532257,-17.184913178571428,150.0,0.017857142857142856
8780,7010,439,1,-0.5405912399291992,0.0003,0.11402688920497894,-2.0946598052978516,438,0.3024529814720154,-17.184913178571428,150.0,0.017857142857142856
8800,7011,440,1,-0.06685018539428711,0.0003,-0.05382207781076431,-2.1052842140197754,439,0.08887719362974167,-17.184913178571428,150.0,0.017857142857142856
8820,7013,441,1,0.6702933311462402,0.0003,-0.5625131726264954,-2.09663724899292,440,0.12142486870288849,-17.184913178571428,150.0,0.017857142857142856
8840,7012,442,1,0.4082300066947937,0.0003,-0.8512802124023438,-2.1034295558929443,441,0.2822580933570862,-17.184913178571428,150.0,0.017857142857142856
8860,7013,443,1,0.48601704835891724,0.0003,-0.47971612215042114,-2.1059842109680176,442,0.2176637351512909,-17.184913178571428,150.0,0.017857142857142856
8880,7015,444,1,0.46693044900894165,0.0003,-0.841020941734314,-2.1159791946411133,443,0.28782039880752563,-17.184913178571428,150.0,0.017857142857142856
8900,7017,445,1,0.4379211664199829,0.0003,-0.6327047348022461,-2.11830997467041,444,0.22666916251182556,-17.184913178571428,150.0,0.017857142857142856
8920,7019,446,1,0.30019545555114746,0.0003,-1.2011401653289795,-2.120621919631958,445,0.42880791425704956,-17.184913178571428,150.0,0.017857142857142856
8940,7020,447,1,0.17888951301574707,0.0003,-1.1807819604873657,-2.1215298175811768,446,0.4417933523654938,-17.184913178571428,150.0,0.017857142857142856
8960,7022,448,1,0.15198689699172974,0.0003,-1.1732810735702515,-2.1239025592803955,447,0.39557749032974243,-17.184913178571428,150.0,0.017857142857142856
8980,7022,449,1,0.08786040544509888,0.0003,-1.1344776153564453,-2.1255691051483154,448,0.3845268785953522,-17.184913178571428,150.0,0.017857142857142856
9000,7021,450,1,0.06018686294555664,0.0003,-0.9657670259475708,-2.128955364227295,449,0.2577798068523407,-17.403732366666663,150.0,0.016666666666666666
9020,7020,451,1,-0.05482804775238037,0.0003,-1.1108102798461914,-2.1281285285949707,450,0.3215920329093933,-17.403732366666663,150.0,0.016666666666666666
9040,7020,452,1,0.9443218111991882,0.0003,0.3756246864795685,-2.1037793159484863,451,0.04305223003029823,-17.403732366666663,150.0,0.016666666666666666
9060,7021,453,1,0.8137399554252625,0.0003,0.0863862857222557,-2.1039440631866455,452,0.08030867576599121,-17.403732366666663,150.0,0.016666666666666666
9080,7022,454,1,0.9665061235427856,0.0003,0.05521368980407715,-2.097745418548584,453,0.01374624390155077,-17.403732366666663,150.0,0.016666666666666666
9100,7024,455,1,0.9605910778045654,0.0003,-0.11026372760534286,-2.101313352584839,454,0.018047088757157326,-17.403732366666663,150.0,0.016666666666666666
9120,7025,456,1,0.910132646560669,0.0003,-0.03238460049033165,-2.1016135215759277,455,0.046420902013778687,-17.403732366666663,150.0,0.016666666666666666
9140,7027,457,1,0.8694781064987183,0.0003,0.43122878670692444,-2.1145553588867188,456,0.17320223152637482,-17.403732366666663,150.0,0.016666666666666666
9160,7027,458,1,0.9549519419670105,0.0003,0.17146310210227966,-2.1149797439575195,457,0.0340539813041687,-17.403732366666663,150.0,0.016666666666666666
9180,7027,459,1,0.8573851585388184,0.0003,0.3838176131248474,-2.11929988861084,458,0.2595405876636505,-17.403732366666663,150.0,0.016666666666666666
9200,7028,460,1,0.9646206498146057,0.0003,-0.06502009928226471,-2.124912738800049,459,0.06502783298492432,-17.403732366666663,150.0,0.016666666666666666
9220,7029,461,1,0.995353102684021,0.0003,-0.1736144870519638,-2.1203832626342773,460,0.01611802540719509,-17.403732366666663,150.0,0.016666666666666666
9240,7031,462,1,0.9807848930358887,0.0003,-0.03386733680963516,-2.126187562942505,461,0.03095046617090702,-17.403732366666663,150.0,0.016666666666666666
9260,7033,463,1,0.8725131750106812,0.0003,-0.34052401781082153,-2.1284537315368652,462,0.1642058789730072,-17.403732366666663,150.0,0.016666666666666666
9280,7034,464,1,0.9186513423919678,0.0003,-0.0426160953938961,-2.1324057579040527,463,0.03599502891302109,-17.403732366666663,150.0,0.016666666666666666
9300,7035,465,1,-0.30816173553466797,0.0003,0.6281219720840454,-2.128046751022339,464,1.2854063510894775,-17.403732366666663,150.0,0.016666666666666666
9320,7036,466,1,0.7417471408843994,0.0003,-0.10880635678768158,-2.113816499710083,465,0.05145661160349846,-17.403732366666663,150.0,0.016666666666666666
9340,7035,467,1,0.3984736204147339,0.0003,0.898536205291748,-2.085632801055908,466,0.7395814061164856,-17.403732366666663,150.0,0.016666666666666666
9360,7036,468,1,0.8857017159461975,0.0003,-0.2847195863723755,-2.087317943572998,467,0.058550309389829636,-17.403732366666663,150.0,0.016666666666666666
9380,7037,469,1,0.9021934866905212,0.0003,-0.21503114700317383,-2.08860182762146,468,0.06673221290111542,-17.403732366666663,150.0,0.016666666666666666
9400,7037,470,1,0.872763991355896,0.0003,-0.4188228249549866,-2.103546619415283,469,0.08767587691545486,-17.403732366666663,150.0,0.016666666666666666
9420,7036,471,1,0.8984609842300415,0.0003,-0.3864075541496277,-2.112151861190796,470,0.05733543634414673,-17.403732366666663,150.0,0.016666666666666666
9440,7037,472,1,0.9222410321235657,0.0003,-0.2639681100845337,-2.1190946102142334,471,0.03112836182117462,-17.403732366666663,150.0,0.016666666666666666
9460,7039,473,1,0.9596269130706787,0.0003,-0.22027412056922913,-2.122401714324951,472,0.018852585926651955,-17.403732366666663,150.0,0.016666666666666666
9480,7036,474,1,0.6849590539932251,0.0003,-0.3270112872123718,-2.1283843517303467,473,0.0482596717774868,-17.403732366666663,150.0,0.016666666666666666
9500,7037,475,1,0.8277860879898071,0.0003,-0.4504963755607605,-2.135763168334961,474,0.05566571280360222,-17.403732366666663,150.0,0.016666666666666666
9520,7038,476,1,0.7950918674468994,0.0003,-0.3326372504234314,-2.138320207595825,475,0.03825835883617401,-17.403732366666663,150.0,0.016666666666666666
9540,7039,477,1,0.7973560094833374,0.0003,-0.24155566096305847,-2.14422607421875,476,0.04199935868382454,-17.403732366666663,150.0,0.016666666666666666
9560,7041,478,1,0.7775484919548035,0.0003,-0.23697352409362793,-2.1519315242767334,477,0.050082266330718994,-17.403732366666663,150.0,0.016666666666666666
9580,7040,479,1,0.6685953140258789,0.0003,-0.5839923620223999,-2.154568910598755,478,0.11534629762172699,-17.403732366666663,150.0,0.016666666666666666
9600,7039,480,1,0.618417501449585,0.0003,-0.4161936640739441,-2.1583704948425293,479,0.10395665466785431,-17.283520734375,150.0,0.015625
9620,7040,481,1,0.7442856431007385,0.0003,-0.5607986450195312,-2.1608099937438965,480,0.0920742079615593,-17.283520734375,150.0,0.015625
9640,7041,482,1,0.6261178255081177,0.0003,0.278018981218338,-2.1310715675354004,481,0.07108792662620544,-17.283520734375,150.0,0.015625
9660,7042,483,1,0.7692455053329468,0.0003,0.1972958892583847,-2.1293530464172363,482,0.07421807199716568,-17.283520734375,150.0,0.015625
9680,7043,484,1,0.7127148509025574,0.0003,-0.45906272530555725,-2.1211721897125244,483,0.11319015175104141,-17.283520734375,150.0,0.015625
9700,7044,485,1,0.4014091491699219,0.0003,0.3246407210826874,-2.117567539215088,484,0.1687684953212738,-17.283520734375,150.0,0.015625
9720,7045,486,1,0.8685988187789917,0.0003,0.11780057102441788,-2.1217010021209717,485,0.07903828471899033,-17.283520734375,150.0,0.015625
9740,7045,487,1,0.73517906665802,0.0003,0.17312392592430115,-2.1274609565734863,486,0.1084778755903244,-17.283520734375,150.0,0.015625
9760,7043,488,1,0.7203240394592285,0.0003,-0.18532924354076385,-2.1227219104766846,487,0.41350823640823364,-17.283520734375,150.0,0.015625
9780,7045,489,1,0.9308934807777405,0.0003,-0.16406404972076416,-2.117030382156372,488,0.05628379434347153,-17.283520734375,150.0,0.015625
9800,7047,490,1,0.9343143701553345,0.0003,-0.42010146379470825,-2.117765188217163,489,0.06966780126094818,-17.283520734375,150.0,0.015625
9820,7048,491,1,0.9088825583457947,0.0003,-0.3387228846549988,-2.1170201301574707,490,0.06362737715244293,-17.283520734375,150.0,0.015625
9840,7049,492,1,0.8634496331214905,0.0003,-0.3407406210899353,-2.1215596199035645,491,0.07106068730354309,-17.283520734375,150.0,0.015625
9860,7050,493,1,0.9014599919319153,0.0003,-0.5626143217086792,-2.127047061920166,492,0.08056870102882385,-17.283520734375,150.0,0.015625
9880,7051,494,1,0.7169999480247498,0.0003,-0.266295850276947,-2.1259541511535645,493,0.08282297849655151,-17.283520734375,150.0,0.015625
9900,7052,495,1,0.40198129415512085,0.0003,-0.59723299741745,-2.123553991317749,494,0.11317286640405655,-17.283520734375,150.0,0.015625
9920,7054,496,1,0.4613049626350403,0.0003,-0.6232308149337769,-2.123931884765625,495,0.13817720115184784,-17.283520734375,150.0,0.015625
9940,7055,497,1,-0.3358588218688965,0.0003,-0.3569294512271881,-2.1254427433013916,496,0.06771741807460785,-17.283520734375,150.0,0.015625
9960,7057,498,1,-0.19854843616485596,0.0003,-0.25912246108055115,-2.1163153648376465,497,0.13120312988758087,-17.283520734375,150.0,0.015625
9980,7058,499,1,-0.1410846710205078,0.0003,0.06204883009195328,-2.107880115509033,498,0.4183540344238281,-17.283520734375,150.0,0.015625
10000,7059,500,1,0.1440974473953247,0.0003,-0.7452566027641296,-2.09458065032959,499,0.23834121227264404,-17.283520734375,150.0,0.015625
10020,7060,501,1,0.11755353212356567,0.0003,-1.1258834600448608,-2.1007752418518066,500,0.3226945996284485,-17.283520734375,150.0,0.015625
10040,7060,502,1,0.08454841375350952,0.0003,-0.47192949056625366,-2.0968239307403564,501,0.2385750561952591,-17.283520734375,150.0,0.015625
10060,7061,503,1,0.09427976608276367,0.0003,-0.970045268535614,-2.094991683959961,502,0.3453182578086853,-17.283520734375,150.0,0.015625
10080,7062,504,1,0.05217909812927246,0.0003,-0.8713032603263855,-2.097447633743286,503,0.2341143637895584,-17.283520734375,150.0,0.015625
10100,7063,505,1,0.04464554786682129,0.0003,-1.2213369607925415,-2.0941059589385986,504,0.5207771062850952,-17.283520734375,150.0,0.015625
10120,7064,506,1,0.05314821004867554,0.0003,-0.7061402797698975,-2.098517894744873,505,0.3377045691013336,-17.283520734375,150.0,0.015625
10140,7065,507,1,0.031189560890197754,0.0003,-0.8469228744506836,-2.1119697093963623,506,0.31148508191108704,-17.283520734375,150.0,0.015625
10160,7067,508,1,0.030640363693237305,0.0003,-0.8176053762435913,-2.1209449768066406,507,0.34498539566993713,-17.283520734375,150.0,0.015625
10180,7068,509,1,0.03625345230102539,0.0003,-0.8200422525405884,-2.1270740032196045,508,0.21807436645030975,-17.283520734375,150.0,0.015625
10200,7068,510,1,0.007736563682556152,0.0003,0.01788116618990898,-2.1290316581726074,509,0.5712569355964661,-17.68796401470588,150.0,0.014705882352941176
10220,7070,511,1,0.01065671443939209,0.0003,-0.809338390827179,-2.133401870727539,510,0.21325747668743134,-17.68796401470588,150.0,0.014705882352941176
10240,7071,512,1,0.872989296913147,0.0003,0.1274285763502121,-2.0841050148010254,511,0.010715298354625702,-17.68796401470588,150.0,0.014705882352941176
10260,7070,513,1,0.15073776245117188,0.0003,-0.062313396483659744,-2.0834383964538574,512,0.06795698404312134,-17.68796401470588,150.0,0.014705882352941176
10280,7072,514,1,0.43468594551086426,0.0003,0.0573175847530365,-2.0925416946411133,513,0.032450105994939804,-17.68796401470588,150.0,0.014705882352941176
10300,7073,515,1,0.6807986497879028,0.0003,0.2019740790128708,-2.098512649536133,514,0.0435309037566185,-17.68796401470588,150.0,0.014705882352941176
10320,7074,516,1,0.7285379767417908,0.0003,0.11427764594554901,-2.1031885147094727,515,0.047334201633930206,-17.68796401470588,150.0,0.014705882352941176
10340,7075,517,1,0.7438807487487793,0.0003,0.05954394489526749,-2.108912944793701,516,0.06292928755283356,-17.68796401470588,150.0,0.014705882352941176
10360,7077,518,1,0.5914214849472046,0.0003,0.49668940901756287,-2.0994338989257812,517,0.13913092017173767,-17.68796401470588,150.0,0.014705882352941176
10380,7078,519,1,0.9043116569519043,0.0003,-0.3056815266609192,-2.099047899246216,518,0.0670117735862732,-17.68796401470588,150.0,0.014705882352941176
10400,7080,520,1,0.840523362159729,0.0003,-0.31988853216171265,-2.0962181091308594,519,0.10394954681396484,-17.68796401470588,150.0,0.014705882352941176
10420,7081,521,1,0.6102967858314514,0.0003,0.626968502998352,-2.0811867713928223,520,0.9550125002861023,-17.68796401470588,150.0,0.014705882352941176
10440,7083,522,1,0.8023093938827515,0.0003,0.7839754223823547,-2.0836029052734375,521,0.31688541173934937,-17.68796401470588,150.0,0.014705882352941176
10460,7084,523,1,0.07188379764556885,0.0003,0.22814106941223145,-2.0823111534118652,522,0.22662195563316345,-17.68796401470588,150.0,0.014705882352941176
10480,7085,524,1,0.805125892162323,0.0003,-0.06391032040119171,-2.0733907222747803,523,0.07216644287109375,-17.68796401470588,150.0,0.014705882352941176
10500,7087,525,1,0.5990301966667175,0.0003,0.24951080977916718,-2.0659518241882324,524,0.19748790562152863,-17.68796401470588,150.0,0.014705882352941176
10520,7088,526,1,-0.10358273983001709,0.0003,0.9302065968513489,-2.0543394088745117,525,1.2087165117263794,-17.68796401470588,150.0,0.014705882352941176
10540,7090,527,1,0.38706332445144653,0.0003,0.43837985396385193,-2.052361249923706,526,0.5288146138191223,-17.68796401470588,150.0,0.014705882352941176
10560,7091,528,1,-0.17270267009735107,0.0003,-0.4232231080532074,-2.046783685684204,527,0.27668312191963196,-17.68796401470588,150.0,0.014705882352941176
10580,7093,529,1,-0.24548876285552979,0.0003,-0.6923717260360718,-2.0418667793273926,528,0.23030512034893036,-17.68796401470588,150.0,0.014705882352941176
10600,7093,530,1,-0.21508920192718506,0.0003,-1.0069695711135864,-2.041928768157959,529,0.32068055868148804,-17.68796401470588,150.0,0.014705882352941176
10620,7094,531,1,0.22603237628936768,0.0003,-0.7133175730705261,-2.045997142791748,530,0.22891071438789368,-17.68796401470588,150.0,0.014705882352941176
10640,7095,532,1,-0.33025360107421875,0.0003,-0.9297794103622437,-2.0584640502929688,531,0.3107810914516449,-17.68796401470588,150.0,0.014705882352941176
10660,7097,533,1,-0.23395705223083496,0.0003,-1.1197187900543213,-2.0604100227355957,532,0.38071104884147644,-17.68796401470588,150.0,0.014705882352941176
10680,7098,534,1,-0.17178606986999512,0.0003,-0.9050372838973999,-2.0620038509368896,533,0.23307406902313232,-17.68796401470588,150.0,0.014705882352941176
10700,7099,535,1,0.009600996971130371,0.0003,-0.9641857147216797,-2.0589115619659424,534,0.25789257884025574,-17.68796401470588,150.0,0.014705882352941176
10720,7101,536,1,-0.016499996185302734,0.0003,-0.8963953852653503,-2.055600166320801,535,0.2677437365055084,-17.68796401470588,150.0,0.014705882352941176
10740,7102,537,1,-0.025601625442504883,0.0003,-0.927172839641571,-2.0619723796844482,536,0.31484654545783997,-17.68796401470588,150.0,0.014705882352941176
10760,7104,538,1,-0.02755904197692871,0.0003,-0.8963292241096497,-2.0682930946350098,537,0.2680210471153259,-17.68796401470588,150.0,0.014705882352941176
10780,7105,539,1,0.0350680947303772,0.0003,-0.5459257364273071,-2.068233013153076,538,0.1747681200504303,-17.68796401470588,150.0,0.014705882352941176
10800,7105,540,1,0.020961523056030273,0.0003,-0.5874367952346802,-2.081306219100952,539,0.12428039312362671,-17.840317875,150.0,0.013888888888888888
10820,7105,541,1,0.026536524295806885,0.0003,-0.46188825368881226,-2.0840866565704346,540,0.09160692244768143,-17.840317875,150.0,0.013888888888888888
10840,7107,542,1,0.7941272258758545,0.0003,-0.23123213648796082,-2.046259880065918,541,0.09572285413742065,-17.840317875,150.0,0.013888888888888888
10860,7108,543,1,0.9017786383628845,0.0003,-0.433968722820282,-2.0527732372283936,542,0.10838903486728668,-17.840317875,150.0,0.013888888888888888
10880,7109,544,1,0.5692528486251831,0.0003,0.0955076664686203,-2.056164264678955,543,0.11159857362508774,-17.840317875,150.0,0.013888888888888888
10900,7110,545,1,0.8110854625701904,0.0003,0.20648816227912903,-2.0510036945343018,544,0.14687806367874146,-17.840317875,150.0,0.013888888888888888
10920,7110,546,1,0.964033842086792,0.0003,-0.24320724606513977,-2.0646026134490967,545,0.04645868390798569,-17.840317875,150.0,0.013888888888888888
10940,7111,547,1,0.9386267066001892,0.0003,0.10749689489603043,-2.065495014190674,546,0.06877681612968445,-17.840317875,150.0,0.013888888888888888
10960,7112,548,1,0.9369066953659058,0.0003,-0.11545048654079437,-2.069079637527466,547,0.07525528222322464,-17.840317875,150.0,0.013888888888888888
10980,7113,549,1,0.8227776288986206,0.0003,0.003369235899299383,-2.0749552249908447,548,0.1410112977027893,-17.840317875,150.0,0.013888888888888888
11000,7113,550,1,0.9859686493873596,0.0003,0.058498550206422806,-2.074772834777832,549,0.009863999672234058,-17.840317875,150.0,0.013888888888888888
11020,7115,551,1,0.9451532959938049,0.0003,0.07735945284366608,-2.0726284980773926,550,0.03680875524878502,-17.840317875,150.0,0.013888888888888888
11040,7116,552,1,0.8427197933197021,0.0003,-0.04002179950475693,-2.0724072456359863,551,0.1478331834077835,-17.840317875,150.0,0.013888888888888888
11060,7117,553,1,0.9530072212219238,0.0003,-0.1803826242685318,-2.077970027923584,552,0.03747506067156792,-17.840317875,150.0,0.013888888888888888
11080,7119,554,1,0.9195604920387268,0.0003,-0.49446019530296326,-2.0665628910064697,553,0.10705908387899399,-17.840317875,150.0,0.013888888888888888
11100,7120,555,1,0.9062753319740295,0.0003,-0.28144267201423645,-2.0736663341522217,554,0.05497419834136963,-17.840317875,150.0,0.013888888888888888
11120,7119,556,1,0.8475643396377563,0.0003,-0.5427618026733398,-2.0760979652404785,555,0.13273943960666656,-17.840317875,150.0,0.013888888888888888
11140,7120,557,1,0.706069827079773,0.0003,-0.6709239482879639,-2.0806689262390137,556,0.17367269098758698,-17.840317875,150.0,0.013888888888888888
11160,7121,558,1,0.36737579107284546,0.0003,-0.6574559807777405,-2.0828566551208496,557,0.21371574699878693,-17.840317875,150.0,0.013888888888888888
11180,7121,559,1,0.33004528284072876,0.0003,-0.3862573206424713,-2.086665630340576,558,0.14653173089027405,-17.840317875,150.0,0.013888888888888888
11200,7122,560,1,0.4049571752548218,0.0003,-0.7102413177490234,-2.1002440452575684,559,0.17135107517242432,-17.840317875,150.0,0.013888888888888888
11220,7122,561,1,0.2838285565376282,0.0003,-0.5633910894393921,-2.1089656352996826,560,0.14472487568855286,-17.840317875,150.0,0.013888888888888888
11240,7121,562,1,0.19778352975845337,0.0003,-0.6210024952888489,-2.114523410797119,561,0.1153276339173317,-17.840317875,150.0,0.013888888888888888
11260,7121,563,1,0.18694251775741577,0.0003,-0.6668180227279663,-2.112013339996338,562,0.1802995502948761,-17.840317875,150.0,0.013888888888888888
11280,7118,564,1,0.03799104690551758,0.0003,-0.8382173776626587,-2.120616912841797,563,0.24887165427207947,-17.840317875,150.0,0.013888888888888888
11300,7118,565,1,0.05503690242767334,0.0003,-0.809516429901123,-2.1284165382385254,564,0.18020913004875183,-17.840317875,150.0,0.013888888888888888
11320,7118,566,1,0.03403836488723755,0.0003,-0.47982722520828247,-2.1271026134490967,565,0.07470636069774628,-17.840317875,150.0,0.013888888888888888
11340,7119,567,1,0.06864625215530396,0.0003,-0.8580153584480286,-2.125171422958374,566,0.18198436498641968,-17.840317875,150.0,0.013888888888888888
11360,7118,568,1,0.05149674415588379,0.0003,-0.5312022566795349,-2.1158268451690674,567,0.1347484290599823,-17.840317875,150.0,0.013888888888888888
11380,7118,569,1,-0.05768740177154541,0.0003,-1.1466411352157593,-2.1095688343048096,568,0.3965626060962677,-17.840317875,150.0,0.013888888888888888
11400,7117,570,1,-0.012504816055297852,0.0003,-1.0760233402252197,-2.112377405166626,569,0.3545217514038086,-18.160608355263157,150.0,0.013157894736842105
11420,7118,571,1,-0.0292586088180542,0.0003,-1.011916160583496,-2.118438720703125,570,0.29584306478500366,-18.160608355263157,150.0,0.013157894736842105
11440,7119,572,1,0.967590868473053,0.0003,0.3056352436542511,-2.0957815647125244,571,0.03966345265507698,-18.160608355263157,150.0,0.013157894736842105
11460,7120,573,1,0.9063488841056824,0.0003,0.13512369990348816,-2.091797351837158,572,0.06749844551086426,-18.160608355263157,150.0,0.013157894736842105
11480,7121,574,1,0.8349004983901978,0.0003,0.3562871217727661,-2.0863471031188965,573,0.28210538625717163,-18.160608355263157,150.0,0.013157894736842105
11500,7121,575,1,0.9580950140953064,0.0003,-0.0792439803481102,-2.080461263656616,574,0.09367769956588745,-18.160608355263157,150.0,0.013157894736842105
11520,7121,576,1,0.936627209186554,0.0003,0.6104916334152222,-2.0717883110046387,575,0.3198697566986084,-18.160608355263157,150.0,0.013157894736842105
11540,7122,577,1,0.954751193523407,0.0003,0.035378195345401764,-2.0727572441101074,576,0.18424686789512634,-18.160608355263157,150.0,0.013157894736842105
11560,7122,578,1,0.9730859994888306,0.0003,-0.06109197065234184,-2.0605480670928955,577,0.0828772634267807,-18.160608355263157,150.0,0.013157894736842105
11580,7123,579,1,0.9404599070549011,0.0003,-0.017934050410985947,-2.0637660026550293,578,0.16250598430633545,-18.160608355263157,150.0,0.013157894736842105
11600,7124,580,1,0.9803102612495422,0.0003,0.18282409012317657,-2.0593886375427246,579,0.07420265674591064,-18.160608355263157,150.0,0.013157894736842105
11620,7125,581,1,0.8501904606819153,0.0003,0.4146345555782318,-2.064490795135498,580,0.5843135714530945,-18.160608355263157,150.0,0.013157894736842105
11640,7126,582,1,0.9781574010848999,0.0003,-0.19800715148448944,-2.063819408416748,581,0.07988853007555008,-18.160608355263157,150.0,0.013157894736842105
11660,7127,583,1,0.8010929226875305,0.0003,1.1653506755828857,-2.063441514968872,582,2.0042977333068848,-18.160608355263157,150.0,0.013157894736842105
11680,7128,584,1,0.9743844866752625,0.0003,0.6371222734451294,-2.062699556350708,583,0.29983317852020264,-18.160608355263157,150.0,0.013157894736842105
11700,7130,585,1,0.9889935255050659,0.0003,0.3582252264022827,-2.059354782104492,584,0.14852377772331238,-18.160608355263157,150.0,0.013157894736842105
11720,7131,586,1,0.9658001661300659,0.0003,0.14732405543327332,-2.053682327270508,585,0.25967374444007874,-18.160608355263157,150.0,0.013157894736842105
11740,7132,587,1,0.9877678751945496,0.0003,-0.6806563138961792,-2.039882183074951,586,0.197386234998703,-18.160608355263157,150.0,0.013157894736842105
11760,7133,588,1,0.9787367582321167,0.0003,-0.42823725938796997,-2.0399465560913086,587,0.18272700905799866,-18.160608355263157,150.0,0.013157894736842105
11780,7135,589,1,0.9198654890060425,0.0003,-0.3211352825164795,-2.04321551322937,588,0.3534570336341858,-18.160608355263157,150.0,0.013157894736842105
11800,7136,590,1,0.9162542819976807,0.0003,-0.1383100301027298,-2.042238712310791,589,0.2491772621870041,-18.160608355263157,150.0,0.013157894736842105
11820,7137,591,1,0.964317262172699,0.0003,-0.5301647186279297,-2.037134885787964,590,0.1575855314731598,-18.160608355263157,150.0,0.013157894736842105
11840,7138,592,1,0.8979990482330322,0.0003,-0.8644219636917114,-2.04162859916687,591,0.35129427909851074,-18.160608355263157,150.0,0.013157894736842105
11860,7139,593,1,0.8436097502708435,0.0003,-0.5941945910453796,-2.0517525672912598,592,0.21087655425071716,-18.160608355263157,150.0,0.013157894736842105
11880,7140,594,1,0.833031415939331,0.0003,-0.5929969549179077,-2.057992935180664,593,0.19127237796783447,-18.160608355263157,150.0,0.013157894736842105
11900,7142,595,1,0.8780801296234131,0.0003,-0.6006925702095032,-2.0695202350616455,594,0.13458247482776642,-18.160608355263157,150.0,0.013157894736842105
11920,7139,596,1,0.6815763711929321,0.0003,-0.6474780440330505,-2.0725293159484863,595,0.2201116979122162,-18.160608355263157,150.0,0.013157894736842105
11940,7140,597,1,0.5833098888397217,0.0003,-0.7817617654800415,-2.0811774730682373,596,0.22940459847450256,-18.160608355263157,150.0,0.013157894736842105
11960,7141,598,1,0.5886342525482178,0.0003,-0.5855056643486023,-2.079447031021118,597,0.11572311073541641,-18.160608355263157,150.0,0.013157894736842105
11980,7143,599,1,-0.021925926208496094,0.0003,-0.8057239651679993,-2.0735936164855957,598,0.2282090187072754,-18.160608355263157,150.0,0.013157894736842105
12000,7142,600,1,-0.3971012830734253,0.0003,-0.8354471325874329,-2.085355758666992,599,0.2204832136631012,-17.857493462499995,150.0,0.0125
12020,7142,601,1,-0.23868060111999512,0.0003,-0.8185580372810364,-2.087644577026367,600,0.2118939459323883,-17.857493462499995,150.0,0.0125
12040,7143,602,1,0.7083638906478882,0.0003,-0.7443269491195679,-2.061727523803711,601,0.17774467170238495,-17.857493462499995,150.0,0.0125
12060,7144,603,1,-1.7981054782867432,0.0003,-0.3644006550312042,-2.060201644897461,602,0.11905132234096527,-17.857493462499995,150.0,0.0125
12080,7144,604,1,0.6154905557632446,0.0003,-0.7909857034683228,-2.066995620727539,603,0.18056002259254456,-17.857493462499995,150.0,0.0125
12100,7144,605,1,0.657484233379364,0.0003,0.019994568079710007,-2.0613467693328857,604,0.22336694598197937,-17.857493462499995,150.0,0.0125
12120,7145,606,1,0.8285709619522095,0.0003,0.5061010122299194,-2.058279514312744,605,0.3090090751647949,-17.857493462499995,150.0,0.0125
12140,7146,607,1,0.72969651222229,0.0003,1.5886955261230469,-2.0566983222961426,606,1.4140427112579346,-17.857493462499995,150.0,0.0125
12160,7147,608,1,0.9053794741630554,0.0003,0.30291637778282166,-2.0635712146759033,607,0.15562233328819275,-17.857493462499995,150.0,0.0125
12180,7148,609,1,0.21284925937652588,0.0003,1.0598411560058594,-2.067589521408081,608,1.1607450246810913,-17.857493462499995,150.0,0.0125
12200,7149,610,1,0.8697090744972229,0.0003,0.4950020909309387,-2.0697238445281982,609,0.26495957374572754,-17.857493462499995,150.0,0.0125
12220,7150,611,1,0.9297616481781006,0.0003,0.14819154143333435,-2.0758121013641357,610,0.11757755279541016,-17.857493462499995,150.0,0.0125
12240,7151,612,1,0.7371411323547363,0.0003,0.799588680267334,-2.0831351280212402,611,1.4444832801818848,-17.857493462499995,150.0,0.0125
12260,7152,613,1,0.9301068782806396,0.0003,0.3211248815059662,-2.081099271774292,612,0.20956602692604065,-17.857493462499995,150.0,0.0125
12280,7153,614,1,0.8088405132293701,0.0003,-0.627236008644104,-2.0809009075164795,613,0.27804356813430786,-17.857493462499995,150.0,0.0125
12300,7154,615,1,0.9490067362785339,0.0003,-0.39594706892967224,-2.0799949169158936,614,0.0952809602022171,-17.857493462499995,150.0,0.0125
12320,7155,616,1,0.7035114169120789,0.0003,-0.40137800574302673,-2.081958055496216,615,0.15793266892433167,-17.857493462499995,150.0,0.0125
12340,7156,617,1,0.45091670751571655,0.0003,0.033594440668821335,-2.08089542388916,616,0.20563724637031555,-17.857493462499995,150.0,0.0125
12360,7157,618,1,0.7756005525588989,0.0003,-0.5624879002571106,-2.0608601570129395,617,0.10732893645763397,-17.857493462499995,150.0,0.0125
12380,7158,619,1,0.6615958213806152,0.0003,-0.02990405634045601,-2.064797878265381,618,0.1421082466840744,-17.857493462499995,150.0,0.0125
12400,7159,620,1,-0.08007609844207764,0.0003,2.0247833728790283,-2.0643270015716553,619,2.45348858833313,-17.857493462499995,150.0,0.0125
12420,7160,621,1,0.2246682047843933,0.0003,0.505829930305481,-2.0792179107666016,620,0.9570029973983765,-17.857493462499995,150.0,0.0125
12440,7162,622,1,0.07979786396026611,0.0003,-0.9170879125595093,-2.078713893890381,621,0.4378735423088074,-17.857493462499995,150.0,0.0125
12460,7161,623,1,0.4975222945213318,0.0003,-0.5425596833229065,-2.075948715209961,622,0.19298622012138367,-17.857493462499995,150.0,0.0125
12480,7161,624,1,0.3601852059364319,0.0003,-0.5661836862564087,-2.08790922164917,623,0.15338543057441711,-17.857493462499995,150.0,0.0125
12500,7162,625,1,0.46122366189956665,0.0003,-0.9330013990402222,-2.084656238555908,624,0.3173797130584717,-17.857493462499995,150.0,0.0125
12520,7163,626,1,0.45617246627807617,0.0003,-0.48886972665786743,-2.092029094696045,625,0.11404718458652496,-17.857493462499995,150.0,0.0125
12540,7163,627,1,-0.02007317543029785,0.0003,-0.5211396217346191,-2.095268964767456,626,0.17217983305454254,-17.857493462499995,150.0,0.0125
12560,7164,628,1,0.13126051425933838,0.0003,-0.7051464319229126,-2.1002659797668457,627,0.18618284165859222,-17.857493462499995,150.0,0.0125
12580,7164,629,1,0.06870561838150024,0.0003,-0.7397474050521851,-2.1085598468780518,628,0.19372770190238953,-17.857493462499995,150.0,0.0125
12600,7163,630,1,0.08138471841812134,0.0003,-0.7600733041763306,-2.1081554889678955,629,0.17146706581115723,-17.756376511904758,150.0,0.011904761904761904
12620,7162,631,1,0.13162022829055786,0.0003,-0.7061187624931335,-2.112682819366455,630,0.15774598717689514,-17.756376511904758,150.0,0.011904761904761904
12640,7163,632,1,0.8482734560966492,0.0003,-0.3129698634147644,-2.074084758758545,631,0.13199706375598907,-17.756376511904758,150.0,0.011904761904761904
12660,7163,633,1,0.8921642303466797,0.0003,-0.2704226076602936,-2.0764975547790527,632,0.10862388461828232,-17.756376511904758,150.0,0.011904761904761904
12680,7164,634,1,0.9161750078201294,0.0003,-0.2900174558162689,-2.074789524078369,633,0.10190980136394501,-17.756376511904758,150.0,0.011904761904761904
12700,7165,635,1,0.9024053812026978,0.0003,0.06892799586057663,-2.066215753555298,634,0.1351737529039383,-17.756376511904758,150.0,0.011904761904761904
12720,7166,636,1,0.8369513154029846,0.0003,0.6964684724807739,-2.0820486545562744,635,0.3179607093334198,-17.756376511904758,150.0,0.011904761904761904
12740,7166,637,1,0.9674971103668213,0.0003,-0.03875744342803955,-2.0809974670410156,636,0.055686306208372116,-17.756376511904758,150.0,0.011904761904761904
12760,7167,638,1,0.9790553450584412,0.0003,-0.1969233751296997,-2.076671838760376,637,0.05271553248167038,-17.756376511904758,150.0,0.011904761904761904
12780,7168,639,1,0.9827898740768433,0.0003,-0.164002925157547,-2.0830695629119873,638,0.031101852655410767,-17.756376511904758,150.0,0.011904761904761904
12800,7169,640,1,0.8056141138076782,0.0003,0.569227397441864,-2.0854883193969727,639,0.4164712429046631,-17.756376511904758,150.0,0.011904761904761904
12820,7170,641,1,0.9518070816993713,0.0003,0.24256491661071777,-2.0812125205993652,640,0.08987079560756683,-17.756376511904758,150.0,0.011904761904761904
12840,7168,642,1,0.9006101489067078,0.0003,-0.18819096684455872,-2.083122730255127,641,0.12882116436958313,-17.756376511904758,150.0,0.011904761904761904
12860,7168,643,1,0.9622963666915894,0.0003,0.031241988763213158,-2.076976776123047,642,0.022221680730581284,-17.756376511904758,150.0,0.011904761904761904
12880,7165,644,1,0.9449199438095093,0.0003,0.1257445216178894,-2.0734639167785645,643,0.035742975771427155,-17.756376511904758,150.0,0.011904761904761904
12900,7164,645,1,0.828594446182251,0.0003,0.11773083359003067,-2.085891008377075,644,0.07526365667581558,-17.756376511904758,150.0,0.011904761904761904
12920,7163,646,1,0.9658458232879639,0.0003,0.09277781844139099,-2.078843355178833,645,0.015764521434903145,-17.756376511904758,150.0,0.011904761904761904
12940,7162,647,1,0.5851836800575256,0.0003,0.2718815207481384,-2.080608367919922,646,0.19306471943855286,-17.756376511904758,150.0,0.011904761904761904
12960,7163,648,1,0.8159590363502502,0.0003,0.021845892071723938,-2.08060884475708,647,0.07020106166601181,-17.756376511904758,150.0,0.011904761904761904
12980,7163,649,1,0.913655698299408,0.0003,-0.006508781109005213,-2.084681510925293,648,0.025017093867063522,-17.756376511904758,150.0,0.011904761904761904
13000,7164,650,1,0.8418067693710327,0.0003,-0.35567378997802734,-2.0848870277404785,649,0.09552617371082306,-17.756376511904758,150.0,0.011904761904761904
13020,7164,651,1,0.585482656955719,0.0003,-0.36292189359664917,-2.0870447158813477,650,0.07933936268091202,-17.756376511904758,150.0,0.011904761904761904
13040,7165,652,1,0.3058931827545166,0.0003,-0.5641263127326965,-2.0930542945861816,651,0.09966869652271271,-17.756376511904758,150.0,0.011904761904761904
13060,7164,653,1,0.44872957468032837,0.0003,-0.7103590965270996,-2.0869884490966797,652,0.24133995175361633,-17.756376511904758,150.0,0.011904761904761904
13080,7165,654,1,-0.2694437503814697,0.0003,-0.6379839181900024,-2.105126142501831,653,0.13815835118293762,-17.756376511904758,150.0,0.011904761904761904
13100,7166,655,1,-0.28714871406555176,0.0003,-0.4922308921813965,-2.106396198272705,654,0.13077537715435028,-17.756376511904758,150.0,0.011904761904761904
13120,7166,656,1,-0.2951486110687256,0.0003,-0.7858118414878845,-2.112931728363037,655,0.19282148778438568,-17.756376511904758,150.0,0.011904761904761904
13140,7167,657,1,-0.15305781364440918,0.0003,-0.49266156554222107,-2.115945816040039,656,0.10475917160511017,-17.756376511904758,150.0,0.011904761904761904
13160,7168,658,1,-0.1703256368637085,0.0003,-0.8311134576797485,-2.11228609085083,657,0.22324785590171814,-17.756376511904758,150.0,0.011904761904761904
13180,7169,659,1,-0.042738914489746094,0.0003,-0.6789547801017761,-2.111748218536377,658,0.18905119597911835,-17.756376511904758,150.0,0.011904761904761904
13200,7169,660,1,-0.06928718090057373,0.0003,-0.39762189984321594,-2.1211438179016113,659,0.15801814198493958,-17.791723943181818,150.0,0.011363636363636364
13220,7170,661,1,-0.06249582767486572,0.0003,-0.506744921207428,-2.123075008392334,660,0.15278030931949615,-17.791723943181818,150.0,0.011363636363636364
13240,7171,662,1,0.8194007277488708,0.0003,-0.49306759238243103,-2.0996642112731934,661,0.19756630063056946,-17.791723943181818,150.0,0.011363636363636364
13260,7171,663,1,0.930877149105072,0.0003,-0.38634809851646423,-2.1009297370910645,662,0.10692343860864639,-17.791723943181818,150.0,0.011363636363636364
13280,7172,664,1,0.9581563472747803,0.0003,-0.35319769382476807,-2.0919575691223145,663,0.07248243689537048,-17.791723943181818,150.0,0.011363636363636364
13300,7172,665,1,0.9176076650619507,0.0003,0.49631285667419434,-2.0919175148010254,664,0.1417984664440155,-17.791723943181818,150.0,0.011363636363636364
13320,7173,666,1,0.7919056415557861,0.0003,0.4487300515174866,-2.0911879539489746,665,0.20864340662956238,-17.791723943181818,150.0,0.011363636363636364
13340,7174,667,1,0.9697729349136353,0.0003,0.22004497051239014,-2.092543840408325,666,0.04570455476641655,-17.791723943181818,150.0,0.011363636363636364
13360,7175,668,1,0.9907961487770081,0.0003,-0.13192103803157806,-2.0966806411743164,667,0.013009498827159405,-17.791723943181818,150.0,0.011363636363636364
13380,7175,669,1,0.9833975434303284,0.0003,-0.11096684634685516,-2.0920348167419434,668,0.016935985535383224,-17.791723943181818,150.0,0.011363636363636364
13400,7176,670,1,0.964909553527832,0.0003,-0.13912130892276764,-2.1025290489196777,669,0.02858484908938408,-17.791723943181818,150.0,0.011363636363636364
13420,7177,671,1,0.9072977304458618,0.0003,0.26384487748146057,-2.115086555480957,670,0.044129010289907455,-17.791723943181818,150.0,0.011363636363636364
13440,7178,672,1,0.9284894466400146,0.0003,-0.22975130379199982,-2.1203064918518066,671,0.023122092708945274,-17.791723943181818,150.0,0.011363636363636364
13460,7179,673,1,0.6989731192588806,0.0003,-0.2522309422492981,-2.1157870292663574,672,0.03186380863189697,-17.791723943181818,150.0,0.011363636363636364
13480,7180,674,1,-0.23281681537628174,0.0003,-0.1118764653801918,-2.1101768016815186,673,0.12242314964532852,-17.791723943181818,150.0,0.011363636363636364
13500,7181,675,1,-0.03371751308441162,0.0003,-0.28953367471694946,-2.1014645099639893,674,0.062016285955905914,-17.791723943181818,150.0,0.011363636363636364
13520,7182,676,1,-0.023035645484924316,0.0003,0.6778447031974792,-2.1025404930114746,675,1.4908332824707031,-17.791723943181818,150.0,0.011363636363636364
13540,7183,677,1,0.16970974206924438,0.0003,0.14783793687820435,-2.0903823375701904,676,0.19483673572540283,-17.791723943181818,150.0,0.011363636363636364
13560,7184,678,1,0.10836124420166016,0.0003,0.3611036241054535,-2.090756893157959,677,0.17409487068653107,-17.791723943181818,150.0,0.011363636363636364
13580,7185,679,1,0.05760467052459717,0.0003,-0.024341654032468796,-2.0924618244171143,678,0.32332807779312134,-17.791723943181818,150.0,0.011363636363636364
13600,7186,680,1,0.07123637199401855,0.0003,0.3349534869194031,-2.066093921661377,679,0.5351417660713196,-17.791723943181818,150.0,0.011363636363636364
13620,7187,681,1,0.09784609079360962,0.0003,-0.6417394280433655,-2.060218095779419,680,0.22864747047424316,-17.791723943181818,150.0,0.011363636363636364
13640,7189,682,1,0.09449553489685059,0.0003,-0.5328568816184998,-2.0731418132781982,681,0.22121930122375488,-17.791723943181818,150.0,0.011363636363636364
13660,7190,683,1,-0.04475748538970947,0.0003,-0.7234631776809692,-2.078660249710083,682,0.15777510404586792,-17.791723943181818,150.0,0.011363636363636364
13680,7190,684,1,-0.0045822858810424805,0.0003,-0.5868416428565979,-2.080472230911255,683,0.16761210560798645,-17.791723943181818,150.0,0.011363636363636364
13700,7191,685,1,-0.05555987358093262,0.0003,-0.8326495289802551,-2.088898181915283,684,0.2143305093050003,-17.791723943181818,150.0,0.011363636363636364
13720,7192,686,1,0.03316992521286011,0.0003,-0.7097381353378296,-2.093932628631592,685,0.1830587089061737,-17.791723943181818,150.0,0.011363636363636364
13740,7192,687,1,0.03816646337509155,0.0003,-0.7031519412994385,-2.1060056686401367,686,0.12521898746490479,-17.791723943181818,150.0,0.011363636363636364
13760,7193,688,1,-0.032171010971069336,0.0003,-0.7827417254447937,-2.0990593433380127,687,0.15738990902900696,-17.791723943181818,150.0,0.011363636363636364
13780,7194,689,1,-0.03180897235870361,0.0003,-0.5348717570304871,-2.097325325012207,688,0.11863736808300018,-17.791723943181818,150.0,0.011363636363636364
13800,7194,690,1,-0.0290602445602417,0.0003,-0.6764088869094849,-2.096238613128662,689,0.1636597216129303,-17.924237434782608,150.0,0.010869565217391304
13820,7195,691,1,0.004643857479095459,0.0003,-0.7370926737785339,-2.10029935836792,690,0.1865772306919098,-17.924237434782608,150.0,0.010869565217391304
13840,7194,692,1,0.6807953715324402,0.0003,-0.5377882719039917,-2.0827088356018066,691,0.1292208880186081,-17.924237434782608,150.0,0.010869565217391304
13860,7194,693,1,0.8676974773406982,0.0003,-0.20865574479103088,-2.082594394683838,692,0.05479990690946579,-17.924237434782608,150.0,0.010869565217391304
13880,7195,694,1,0.8983669877052307,0.0003,0.011302286759018898,-2.0843348503112793,693,0.036732017993927,-17.924237434782608,150.0,0.010869565217391304
13900,7195,695,1,0.8570593595504761,0.0003,0.054296255111694336,-2.100125789642334,694,0.08357419073581696,-17.924237434782608,150.0,0.010869565217391304
13920,7196,696,1,0.8953925371170044,0.0003,0.045886147767305374,-2.096100330352783,695,0.07767650485038757,-17.924237434782608,150.0,0.010869565217391304
13940,7197,697,1,0.9425986409187317,0.0003,0.0976080670952797,-2.1043059825897217,696,0.055388398468494415,-17.924237434782608,150.0,0.010869565217391304
13960,7198,698,1,0.983356773853302,0.0003,0.16639475524425507,-2.1157546043395996,697,0.020361069589853287,-17.924237434782608,150.0,0.010869565217391304
13980,7199,699,1,0.9674897193908691,0.0003,0.09659290313720703,-2.118556261062622,698,0.03273605555295944,-17.924237434782608,150.0,0.010869565217391304
14000,7200,700,1,0.4173694849014282,0.0003,1.0235594511032104,-2.121594190597534,699,1.3732388019561768,-17.924237434782608,150.0,0.010869565217391304
14020,7201,701,1,0.6018709540367126,0.0003,1.0274595022201538,-2.117717742919922,700,0.8902711868286133,-17.924237434782608,150.0,0.010869565217391304
14040,7202,702,1,0.7774749994277954,0.0003,0.30322831869125366,-2.1229069232940674,701,0.2516325116157532,-17.924237434782608,150.0,0.010869565217391304
14060,7202,703,1,0.6782599687576294,0.0003,0.2387973815202713,-2.1184043884277344,702,0.3077903389930725,-17.924237434782608,150.0,0.010869565217391304
14080,7203,704,1,0.8537657856941223,0.0003,-0.28466248512268066,-2.1127700805664062,703,0.1268913894891739,-17.924237434782608,150.0,0.010869565217391304
14100,7204,705,1,0.9298860430717468,0.0003,-0.1349114179611206,-2.1109442710876465,704,0.03149082884192467,-17.924237434782608,150.0,0.010869565217391304
14120,7205,706,1,0.7825076580047607,0.0003,-0.352449893951416,-2.110260009765625,705,0.07320313155651093,-17.924237434782608,150.0,0.010869565217391304
14140,7205,707,1,-0.3735623359680176,0.0003,0.11999444663524628,-2.111543655395508,706,0.30659207701683044,-17.924237434782608,150.0,0.010869565217391304
14160,7206,708,1,-0.05247533321380615,0.0003,0.05671774223446846,-2.0941500663757324,707,0.19727163016796112,-17.924237434782608,150.0,0.010869565217391304
14180,7207,709,1,0.6629588603973389,0.0003,-0.3218459188938141,-2.0884692668914795,708,0.04222381114959717,-17.924237434782608,150.0,0.010869565217391304
14200,7208,710,1,0.44360530376434326,0.0003,-0.38970616459846497,-2.0977046489715576,709,0.05639459565281868,-17.924237434782608,150.0,0.010869565217391304
14220,7209,711,1,0.46490615606307983,0.0003,-0.45026808977127075,-2.1038355827331543,710,0.06489790976047516,-17.924237434782608,150.0,0.010869565217391304
14240,7209,712,1,-0.22357869148254395,0.0003,-0.23658399283885956,-2.0997843742370605,711,0.05406564474105835,-17.924237434782608,150.0,0.010869565217391304
14260,7210,713,1,-0.09809648990631104,0.0003,-0.18341150879859924,-2.09806489944458,712,0.12025023996829987,-17.924237434782608,150.0,0.010869565217391304
14280,7211,714,1,-0.146384596824646,0.0003,-0.46171683073043823,-2.1091713905334473,713,0.14168593287467957,-17.924237434782608,150.0,0.010869565217391304
14300,7211,715,1,-0.26760828495025635,0.0003,-0.5097600221633911,-2.1179492473602295,714,0.1017410010099411,-17.924237434782608,150.0,0.010869565217391304
14320,7212,716,1,-0.07201218605041504,0.0003,-0.7110486030578613,-2.117997646331787,715,0.12699748575687408,-17.924237434782608,150.0,0.010869565217391304
14340,7213,717,1,-0.07413089275360107,0.0003,-0.5604280233383179,-2.113399028778076,716,0.15362906455993652,-17.924237434782608,150.0,0.010869565217391304
14360,7214,718,1,-0.01617443561553955,0.0003,-0.6061105728149414,-2.118408441543579,717,0.11296733468770981,-17.924237434782608,150.0,0.010869565217391304
14380,7215,719,1,-0.023247838020324707,0.0003,-0.7895938754081726,-2.1172680854797363,718,0.20709994435310364,-17.924237434782608,150.0,0.010869565217391304
14400,7215,720,1,-0.01217961311340332,0.0003,-0.7897800207138062,-2.117372989654541,719,0.184040367603302,-17.99228053125,150.0,0.010416666666666666
14420,7215,721,1,-0.01059579849243164,0.0003,-0.7399312257766724,-2.1185011863708496,720,0.15783727169036865,-17.99228053125,150.0,0.010416666666666666
14440,7215,722,2,0.9514306783676147,0.0003,-0.3460862636566162,-2.0951740741729736,721,0.06539274752140045,-17.99228053125,150.0,0.010416666666666666
14460,7216,723,2,0.9480705857276917,0.0003,-0.2896665930747986,-2.099109411239624,722,0.04794883728027344,-17.99228053125,150.0,0.010416666666666666
14480,7217,724,2,0.9780751466751099,0.0003,0.028752246871590614,-2.0986411571502686,723,0.01429431326687336,-17.99228053125,150.0,0.010416666666666666
14500,7217,725,2,0.9785208702087402,0.0003,0.03527704253792763,-2.1078948974609375,724,0.01696302369236946,-17.99228053125,150.0,0.010416666666666666
14520,7218,726,2,0.9115976691246033,0.0003,0.19038677215576172,-2.1162593364715576,725,0.05583101511001587,-17.99228053125,150.0,0.010416666666666666
14540,7219,727,2,0.5871163606643677,0.0003,0.5395978689193726,-2.110987663269043,726,0.4234180450439453,-17.99228053125,150.0,0.010416666666666666
14560,7220,728,2,0.9744731187820435,0.0003,-0.20124629139900208,-2.1140408515930176,727,0.02438238076865673,-17.99228053125,150.0,0.010416666666666666
14580,7221,729,2,0.9111957550048828,0.0003,-0.10185364633798599,-2.1115734577178955,728,0.0579398088157177,-17.99228053125,150.0,0.010416666666666666
14600,7221,730,2,0.8964778780937195,0.0003,-0.15585097670555115,-2.105663299560547,729,0.058764684945344925,-17.99228053125,150.0,0.010416666666666666
14620,7222,731,2,0.4023417830467224,0.0003,0.9791839718818665,-2.0938448905944824,730,0.9051218032836914,-17.99228053125,150.0,0.010416666666666666
14640,7222,732,2,-0.6113966703414917,0.0003,0.23850592970848083,-2.0841917991638184,731,0.4749569892883301,-17.99228053125,150.0,0.010416666666666666
14660,7221,733,2,0.3405612111091614,0.0003,0.04759443923830986,-2.076765537261963,732,0.08318958431482315,-17.99228053125,150.0,0.010416666666666666
14680,7221,734,2,0.6806167364120483,0.0003,-0.3941575288772583,-2.0485992431640625,733,0.074519082903862,-17.99228053125,150.0,0.010416666666666666
14700,7222,735,2,0.7205617427825928,0.0003,-0.13151857256889343,-2.0502963066101074,734,0.050143320113420486,-17.99228053125,150.0,0.010416666666666666
14720,7222,736,2,0.5533620119094849,0.0003,-0.2177354395389557,-2.0579190254211426,735,0.1749451458454132,-17.99228053125,150.0,0.010416666666666666
14740,7222,737,2,-0.3166104555130005,0.0003,-0.36729609966278076,-2.05820894241333,736,0.13268518447875977,-17.99228053125,150.0,0.010416666666666666
14760,7222,738,2,0.6076908111572266,0.0003,-0.5158743858337402,-2.0624096393585205,737,0.11227405071258545,-17.99228053125,150.0,0.010416666666666666
14780,7222,739,2,0.09979647397994995,0.0003,-0.014274132438004017,-2.068281650543213,738,0.3043639361858368,-17.99228053125,150.0,0.010416666666666666
14800,7223,740,2,0.37380510568618774,0.0003,-0.21553871035575867,-2.0651278495788574,739,0.14752711355686188,-17.99228053125,150.0,0.010416666666666666
14820,7223,741,2,0.15618407726287842,0.0003,-0.05340825766324997,-2.059269666671753,740,0.10238699615001678,-17.99228053125,150.0,0.010416666666666666
14840,7224,742,2,0.1703292727470398,0.0003,-0.15271228551864624,-2.0596132278442383,741,0.4275900423526764,-17.99228053125,150.0,0.010416666666666666
14860,7225,743,2,0.010101854801177979,0.0003,-0.4079286456108093,-2.038546323776245,742,0.13110169768333435,-17.99228053125,150.0,0.010416666666666666
14880,7226,744,2,0.18245375156402588,0.0003,-0.8679353594779968,-2.0496346950531006,743,0.27420634031295776,-17.99228053125,150.0,0.010416666666666666
14900,7226,745,2,0.11555248498916626,0.0003,-0.7572323083877563,-2.058452606201172,744,0.18393786251544952,-17.99228053125,150.0,0.010416666666666666
14920,7227,746,2,0.037522196769714355,0.0003,-0.8917252421379089,-2.0666685104370117,745,0.2878340780735016,-17.99228053125,150.0,0.010416666666666666
14940,7228,747,2,0.007006585597991943,0.0003,-0.885158360004425,-2.0752720832824707,746,0.20816664397716522,-17.99228053125,150.0,0.010416666666666666
14960,7228,748,2,0.040897250175476074,0.0003,-1.0395387411117554,-2.075730562210083,747,0.2598579525947571,-17.99228053125,150.0,0.010416666666666666
14980,7229,749,2,0.03615748882293701,0.0003,-0.8253656625747681,-2.0752475261688232,748,0.20598888397216797,-17.99228053125,150.0,0.010416666666666666
15000,7228,750,2,0.014844715595245361,0.0003,-0.9565552473068237,-2.0667035579681396,749,0.2648838758468628,-18.190248020000002,150.0,0.01
15020,7229,751,2,0.001983165740966797,0.0003,-0.993888258934021,-2.065952777862549,750,0.2819328308105469,-18.190248020000002,150.0,0.01
15040,7229,752,2,0.943904459476471,0.0003,-0.013378957286477089,-2.0357189178466797,751,0.03162800148129463,-18.190248020000002,150.0,0.01
15060,7230,753,2,0.8419507741928101,0.0003,-0.1790054738521576,-2.057468891143799,752,0.08736089617013931,-18.190248020000002,150.0,0.01
15080,7231,754,2,0.9006684422492981,0.0003,0.03707987815141678,-2.043874979019165,753,0.06262655556201935,-18.190248020000002,150.0,0.01
15100,7231,755,2,0.9056565761566162,0.0003,0.09026972949504852,-2.036688804626465,754,0.12093982845544815,-18.190248020000002,150.0,0.01
15120,7232,756,2,0.9490880370140076,0.0003,-0.0769110694527626,-2.0395820140838623,755,0.07208634912967682,-18.190248020000002,150.0,0.01
15140,7232,757,2,0.9599465727806091,0.0003,-0.07598869502544403,-2.037196636199951,756,0.07247094064950943,-18.190248020000002,150.0,0.01
15160,7232,758,2,0.9556975364685059,0.0003,-0.06876801699399948,-2.0365490913391113,757,0.10188385099172592,-18.190248020000002,150.0,0.01
15180,7232,759,2,0.9737273454666138,0.0003,0.09091551601886749,-2.031467914581299,758,0.06434017419815063,-18.190248020000002,150.0,0.01
15200,7231,760,2,0.9763392210006714,0.0003,0.11030642688274384,-2.035618305206299,759,0.08291785418987274,-18.190248020000002,150.0,0.01
15220,7231,761,2,0.9374657869338989,0.0003,0.29009440541267395,-2.032951831817627,760,0.2310839593410492,-18.190248020000002,150.0,0.01
15240,7231,762,2,0.981384813785553,0.0003,0.05056728050112724,-2.0286355018615723,761,0.07256748527288437,-18.190248020000002,150.0,0.01
15260,7231,763,2,0.9721889495849609,0.0003,-0.12635505199432373,-2.038224697113037,762,0.11845622211694717,-18.190248020000002,150.0,0.01
15280,7232,764,2,0.9611369371414185,0.0003,0.6634424924850464,-2.036586284637451,763,0.2265419214963913,-18.190248020000002,150.0,0.01
15300,7232,765,2,0.676115870475769,0.0003,0.9618782997131348,-2.0380356311798096,764,1.0844948291778564,-18.190248020000002,150.0,0.01
15320,7232,766,2,0.9474801421165466,0.0003,0.1728450506925583,-2.038695812225342,765,0.16489160060882568,-18.190248020000002,150.0,0.01
15340,7232,767,2,0.4602010250091553,0.0003,0.8020981550216675,-2.044827938079834,766,1.2378559112548828,-18.190248020000002,150.0,0.01
15360,7232,768,2,0.9124258160591125,0.0003,-0.025530993938446045,-2.0401649475097656,767,0.18352288007736206,-18.190248020000002,150.0,0.01
15380,7232,769,2,0.5455007553100586,0.0003,-0.09439532458782196,-2.0318684577941895,768,0.313987672328949,-18.190248020000002,150.0,0.01
15400,7231,770,2,-0.17584240436553955,0.0003,-0.07434388250112534,-2.023486614227295,769,0.33534571528434753,-18.190248020000002,150.0,0.01
15420,7230,771,2,0.7688281536102295,0.0003,-0.1857381910085678,-2.016406297683716,770,0.19679327309131622,-18.190248020000002,150.0,0.01
15440,7228,772,2,0.7181491851806641,0.0003,0.18472802639007568,-2.0030922889709473,771,0.4092680513858795,-18.190248020000002,150.0,0.01
15460,7227,773,2,0.8495268225669861,0.0003,-0.3942447304725647,-2.003803014755249,772,0.3033943474292755,-18.190248020000002,150.0,0.01
15480,7225,774,2,0.9614310264587402,0.0003,-0.6178973913192749,-1.994384527206421,773,0.15402594208717346,-18.190248020000002,150.0,0.01
15500,7221,775,2,0.9344698786735535,0.0003,-0.7782069444656372,-1.9919731616973877,774,0.24288511276245117,-18.190248020000002,150.0,0.01
15520,7221,776,2,0.9523617029190063,0.0003,-0.7249131202697754,-1.9991344213485718,775,0.12730491161346436,-18.190248020000002,150.0,0.01
15540,7220,777,2,0.9166255593299866,0.0003,-0.6151973009109497,-1.990290880203247,776,0.12595054507255554,-18.190248020000002,150.0,0.01
15560,7220,778,2,0.8510755896568298,0.0003,-0.6357857584953308,-1.9851980209350586,777,0.1661638617515564,-18.190248020000002,150.0,0.01
15580,7216,779,2,0.8440836668014526,0.0003,-0.5722190141677856,-1.9877771139144897,778,0.1034039631485939,-18.190248020000002,150.0,0.01
15600,7210,780,2,0.8153092265129089,0.0003,-0.45637959241867065,-1.9780147075653076,779,0.13293573260307312,-18.0275113,150.0,0.01
15620,7207,781,2,0.6674594879150391,0.0003,-0.5729222297668457,-1.9925187826156616,780,0.16616293787956238,-18.0275113,150.0,0.01
15640,7203,782,2,0.8388928174972534,0.0003,-0.9066203832626343,-1.9765746593475342,781,0.24643412232398987,-18.0275113,150.0,0.01
15660,7201,783,2,0.7962940335273743,0.0003,-0.5566783547401428,-1.9794200658798218,782,0.14567935466766357,-18.0275113,150.0,0.01
15680,7199,784,2,0.939582884311676,0.0003,-0.10473207384347916,-1.9802945852279663,783,0.028249692171812057,-18.0275113,150.0,0.01
15700,7197,785,2,0.8086229562759399,0.0003,-0.1552085429430008,-1.9890438318252563,784,0.055566199123859406,-18.0275113,150.0,0.01
15720,7197,786,2,0.7648688554763794,0.0003,0.20381896197795868,-1.9598067998886108,785,0.07997055351734161,-18.0275113,150.0,0.01
15740,7197,787,2,0.8911746740341187,0.0003,0.314876526594162,-1.9494168758392334,786,0.07441852986812592,-18.0275113,150.0,0.01
15760,7197,788,2,0.777384877204895,0.0003,0.5300426483154297,-1.9537198543548584,787,0.34725168347358704,-18.0275113,150.0,0.01
15780,7198,789,2,0.7500104904174805,0.0003,0.4501191973686218,-1.9499057531356812,788,0.18544629216194153,-18.0275113,150.0,0.01
15800,7197,790,2,0.7546290755271912,0.0003,0.45974668860435486,-1.9519039392471313,789,0.5839720964431763,-18.0275113,150.0,0.01
15820,7197,791,2,0.7734523415565491,0.0003,-0.05507242679595947,-1.9412500858306885,790,0.11853472143411636,-18.0275113,150.0,0.01
15840,7196,792,2,0.8968472480773926,0.0003,0.22638694941997528,-1.957152009010315,791,0.04894756153225899,-18.0275113,150.0,0.01
15860,7195,793,2,-0.9837021827697754,0.0003,-0.2555147409439087,-1.9476951360702515,792,0.26664939522743225,-18.0275113,150.0,0.01
15880,7195,794,2,-0.22761809825897217,0.0003,0.04607261344790459,-1.9543282985687256,793,0.14455455541610718,-18.0275113,150.0,0.01
15900,7195,795,2,-0.21769070625305176,0.0003,-0.3094240725040436,-1.9862371683120728,794,0.04660334065556526,-18.0275113,150.0,0.01
15920,7192,796,2,0.09088665246963501,0.0003,-0.11332764476537704,-1.969688057899475,795,0.11235642433166504,-18.0275113,150.0,0.01
15940,7191,797,2,0.187818706035614,0.0003,-0.22639599442481995,-2.0055971145629883,796,0.03374774008989334,-18.0275113,150.0,0.01
15960,7191,798,2,-0.07918858528137207,0.0003,-0.22688086330890656,-2.0177395343780518,797,0.08423948287963867,-18.0275113,150.0,0.01
15980,7191,799,2,-0.18019652366638184,0.0003,-0.34104451537132263,-2.0323128700256348,798,0.041470784693956375,-18.0275113,150.0,0.01
16000,7191,800,2,-0.16736221313476562,0.0003,-0.08187808096408844,-2.03098726272583,799,0.05031091719865799,-18.0275113,150.0,0.01
16020,7186,801,2,-0.072701096534729,0.0003,-0.14281587302684784,-2.0339107513427734,800,0.05490656569600105,-18.0275113,150.0,0.01
16040,7177,802,2,-0.04684591293334961,0.0003,-0.505977213382721,-2.0386810302734375,801,0.1085701733827591,-18.0275113,150.0,0.01
16060,7173,803,2,-0.03740739822387695,0.0003,-0.46942058205604553,-2.0430827140808105,802,0.08659135550260544,-18.0275113,150.0,0.01
16080,7170,804,2,-0.10000491142272949,0.0003,-0.19375969469547272,-2.036924362182617,803,0.04599007964134216,-18.0275113,150.0,0.01
16100,7165,805,2,-0.020731091499328613,0.0003,-0.3373124897480011,-2.048147678375244,804,0.06644158810377121,-18.0275113,150.0,0.01
16120,7160,806,2,0.009906470775604248,0.0003,-0.07444317638874054,-2.0512566566467285,805,0.08462673425674438,-18.0275113,150.0,0.01
16140,7155,807,2,0.02881377935409546,0.0003,-0.4613974988460541,-2.0642900466918945,806,0.11054666340351105,-18.0275113,150.0,0.01
16160,7151,808,2,0.03221309185028076,0.0003,-0.2210969179868698,-2.064516067504883,807,0.11260823905467987,-18.0275113,150.0,0.01
16180,7150,809,2,0.03292202949523926,0.0003,-0.26073578000068665,-2.08050799369812,808,0.1538500040769577,-18.0275113,150.0,0.01
16200,7149,810,2,0.03391921520233154,0.0003,-0.3443313241004944,-2.0973730087280273,809,0.0704350546002388,-18.576469160000002,150.0,0.01
16220,7149,811,2,0.03476417064666748,0.0003,-0.41948431730270386,-2.1038079261779785,810,0.09948305785655975,-18.576469160000002,150.0,0.01
16240,7149,812,2,0.9449498653411865,0.0003,-0.12282997369766235,-2.0660014152526855,811,0.06012546271085739,-18.576469160000002,150.0,0.01
16260,7149,813,2,0.8769447803497314,0.0003,0.20712921023368835,-2.0761122703552246,812,0.1369558870792389,-18.576469160000002,150.0,0.01
16280,7148,814,2,0.9186626672744751,0.0003,0.17474743723869324,-2.073962450027466,813,0.11409523338079453,-18.576469160000002,150.0,0.01
16300,7147,815,2,0.8196748495101929,0.0003,0.6466301679611206,-2.065103054046631,814,0.2916749119758606,-18.576469160000002,150.0,0.01
16320,7147,816,2,0.9196754097938538,0.0003,-0.10809727013111115,-2.0655553340911865,815,0.1893746256828308,-18.576469160000002,150.0,0.01
16340,7148,817,2,0.9314759373664856,0.0003,0.3025408387184143,-2.067348003387451,816,0.23377850651741028,-18.576469160000002,150.0,0.01
16360,7148,818,2,0.9788191914558411,0.0003,-0.639194667339325,-2.0634994506835938,817,0.15355029702186584,-18.576469160000002,150.0,0.01
16380,7148,819,2,0.9510546922683716,0.0003,-0.16215462982654572,-2.063070297241211,818,0.14249128103256226,-18.576469160000002,150.0,0.01
16400,7149,820,2,0.9929978847503662,0.0003,-0.2229449301958084,-2.069410562515259,819,0.028573453426361084,-18.576469160000002,150.0,0.01
16420,7149,821,2,0.13588166236877441,0.0003,1.0753982067108154,-2.072190046310425,820,1.5893186330795288,-18.576469160000002,150.0,0.01
16440,7149,822,2,0.8339237570762634,0.0003,-0.0412028431892395,-2.0612716674804688,821,0.16385740041732788,-18.576469160000002,150.0,0.01
16460,7149,823,2,0.9321854710578918,0.0003,0.01326102577149868,-2.0501630306243896,822,0.0498180165886879,-18.576469160000002,150.0,0.01
16480,7150,824,2,0.9741732478141785,0.0003,-0.13056810200214386,-2.0717480182647705,823,0.02527078427374363,-18.576469160000002,150.0,0.01
16500,7150,825,2,0.9633497595787048,0.0003,-0.2603703439235687,-2.077977418899536,824,0.036886803805828094,-18.576469160000002,150.0,0.01
16520,7149,826,2,0.908279538154602,0.0003,-0.2959783673286438,-2.0825722217559814,825,0.07807949930429459,-18.576469160000002,150.0,0.01
16540,7149,827,2,0.8805124163627625,0.0003,-0.41192740201950073,-2.0872108936309814,826,0.09045608341693878,-18.576469160000002,150.0,0.01
16560,7150,828,2,0.44715768098831177,0.0003,0.40241876244544983,-2.0916616916656494,827,0.6417363882064819,-18.576469160000002,150.0,0.01
16580,7150,829,2,0.8347949385643005,0.0003,-0.6581293344497681,-2.0957741737365723,828,0.15124261379241943,-18.576469160000002,150.0,0.01
16600,7151,830,2,0.6981894969940186,0.0003,-0.6700259447097778,-2.0980324745178223,829,0.1880553811788559,-18.576469160000002,150.0,0.01
16620,7151,831,2,0.6769071817398071,0.0003,-0.6795161366462708,-2.1034584045410156,830,0.17994406819343567,-18.576469160000002,150.0,0.01
16640,7151,832,2,0.47452038526535034,0.0003,-0.5699093341827393,-2.1150963306427,831,0.1376698613166809,-18.576469160000002,150.0,0.01
16660,7151,833,2,0.38611435890197754,0.0003,-0.5076193809509277,-2.1164638996124268,832,0.09475862979888916,-18.576469160000002,150.0,0.01
16680,7151,834,2,0.36235201358795166,0.0003,-0.5748826861381531,-2.1203391551971436,833,0.13129399716854095,-18.576469160000002,150.0,0.01
16700,7152,835,2,0.3385021686553955,0.0003,-0.3172498345375061,-2.126884698867798,834,0.07308973371982574,-18.576469160000002,150.0,0.01
16720,7152,836,2,0.28854984045028687,0.0003,-0.34404635429382324,-2.125938892364502,835,0.0729367583990097,-18.576469160000002,150.0,0.01
16740,7152,837,2,0.23751801252365112,0.0003,-0.3935087323188782,-2.1180248260498047,836,0.057541053742170334,-18.576469160000002,150.0,0.01
16760,7153,838,2,0.0205078125,0.0003,-0.2907341718673706,-2.1228764057159424,837,0.045638877898454666,-18.576469160000002,150.0,0.01
16780,7153,839,2,0.2670830488204956,0.0003,-0.2856972813606262,-2.1350560188293457,838,0.05633767694234848,-18.576469160000002,150.0,0.01
16800,7152,840,2,0.24178999662399292,0.0003,-0.3491570055484772,-2.1393887996673584,839,0.06227142736315727,-18.587339410000002,150.0,0.01
16820,7152,841,2,0.21237552165985107,0.0003,-0.09887822717428207,-2.1462926864624023,840,0.032670680433511734,-18.587339410000002,150.0,0.01
16840,7150,842,2,0.9764367341995239,0.0003,-0.2708055377006531,-2.08375883102417,841,0.059947289526462555,-18.587339410000002,150.0,0.01
16860,7148,843,2,0.8767517805099487,0.0003,0.23618753254413605,-2.0857887268066406,842,0.07541881501674652,-18.587339410000002,150.0,0.01
16880,7146,844,2,0.9855247139930725,0.0003,0.12743331491947174,-2.092022180557251,843,0.013730315491557121,-18.587339410000002,150.0,0.01
16900,7145,845,2,0.887779951095581,0.0003,-0.2622632384300232,-2.090632677078247,844,0.07349804788827896,-18.587339410000002,150.0,0.01
16920,7145,846,2,-1.1885020732879639,0.0003,0.5907907485961914,-2.09090518951416,845,0.4950500428676605,-18.587339410000002,150.0,0.01
16940,7145,847,2,0.7394716739654541,0.0003,0.3029150664806366,-2.0874786376953125,846,0.0788082629442215,-18.587339410000002,150.0,0.01
16960,7145,848,2,0.6663539409637451,0.0003,-0.3632148504257202,-2.0851831436157227,847,0.17297613620758057,-18.587339410000002,150.0,0.01
16980,7145,849,2,-0.33500003814697266,0.0003,0.6691777110099792,-2.07181978225708,848,0.8232160806655884,-18.587339410000002,150.0,0.01
17000,7145,850,2,0.7355102300643921,0.0003,-0.20891332626342773,-2.0607357025146484,849,0.1288137286901474,-18.587339410000002,150.0,0.01
17020,7146,851,2,0.5817633867263794,0.0003,0.15862548351287842,-2.053156614303589,850,0.22196133434772491,-18.587339410000002,150.0,0.01
17040,7146,852,2,0.46099764108657837,0.0003,-0.23184828460216522,-2.063673257827759,851,0.08069072663784027,-18.587339410000002,150.0,0.01
17060,7147,853,2,0.6262838840484619,0.0003,0.03033660352230072,-2.069375991821289,852,0.04966912791132927,-18.587339410000002,150.0,0.01
17080,7147,854,2,-0.31189608573913574,0.0003,0.2856329083442688,-2.061499834060669,853,0.36512500047683716,-18.587339410000002,150.0,0.01
17100,7148,855,2,-0.043076276779174805,0.0003,0.9497917294502258,-2.0531928539276123,854,1.8587234020233154,-18.587339410000002,150.0,0.01
17120,7148,856,2,0.48910170793533325,0.0003,-0.28730130195617676,-2.0527026653289795,855,0.15243956446647644,-18.587339410000002,150.0,0.01
17140,7148,857,2,-0.44007277488708496,0.0003,-0.3075292110443115,-2.052032470703125,856,0.05615317076444626,-18.587339410000002,150.0,0.01
17160,7149,858,2,-0.0663304328918457,0.0003,0.5097722411155701,-2.0520222187042236,857,0.7107940316200256,-18.587339410000002,150.0,0.01
17180,7149,859,2,0.06076669692993164,0.0003,0.016610318794846535,-2.0538277626037598,858,0.5154482126235962,-18.587339410000002,150.0,0.01
17200,7149,860,2,0.18516582250595093,0.0003,0.5392289161682129,-2.0231711864471436,859,0.7992055416107178,-18.587339410000002,150.0,0.01
17220,7150,861,2,0.32037705183029175,0.0003,-0.26692816615104675,-2.020212411880493,860,0.33010774850845337,-18.587339410000002,150.0,0.01
17240,7150,862,2,0.4990595579147339,0.0003,-0.4706175923347473,-2.023338556289673,861,0.13921785354614258,-18.587339410000002,150.0,0.01
17260,7150,863,2,0.20815443992614746,0.0003,0.33672720193862915,-2.03334379196167,862,1.0951186418533325,-18.587339410000002,150.0,0.01
17280,7151,864,2,-0.03844022750854492,0.0003,-0.9422417879104614,-2.0586750507354736,863,0.5326886773109436,-18.587339410000002,150.0,0.01
17300,7151,865,2,0.025172889232635498,0.0003,-0.7005614638328552,-2.0707027912139893,864,0.40512269735336304,-18.587339410000002,150.0,0.01
17320,7152,866,2,0.08078795671463013,0.0003,-0.7438375949859619,-2.078522205352783,865,0.24560606479644775,-18.587339410000002,150.0,0.01
17340,7152,867,2,0.06029653549194336,0.0003,-0.7874180674552917,-2.0806314945220947,866,0.32476335763931274,-18.587339410000002,150.0,0.01
17360,7153,868,2,0.0910751223564148,0.0003,-1.0277084112167358,-2.0843708515167236,867,0.323657363653183,-18.587339410000002,150.0,0.01
17380,7153,869,2,0.054478228092193604,0.0003,-0.7132365703582764,-2.087286949157715,868,0.12309195101261139,-18.587339410000002,150.0,0.01
17400,7153,870,2,0.054424822330474854,0.0003,-0.7947291135787964,-2.0858407020568848,869,0.19706930220127106,-18.645792490000005,150.0,0.01
17420,7153,871,2,-0.02812778949737549,0.0003,-0.5416219830513,-2.0906522274017334,870,0.12443745136260986,-18.645792490000005,150.0,0.01
17440,7154,872,2,0.7509545683860779,0.0003,0.34514352679252625,-2.056245803833008,871,0.10326273739337921,-18.645792490000005,150.0,0.01
17460,7154,873,2,0.7317012548446655,0.0003,-0.02423838898539543,-2.0539801120758057,872,0.07510538399219513,-18.645792490000005,150.0,0.01
17480,7155,874,2,0.8912866711616516,0.0003,-0.2397611141204834,-2.0662899017333984,873,0.06838853657245636,-18.645792490000005,150.0,0.01
17500,7156,875,2,0.6237298250198364,0.0003,-0.2305382788181305,-2.0649266242980957,874,0.08049149811267853,-18.645792490000005,150.0,0.01
17520,7157,876,2,0.2778315544128418,0.0003,0.24640707671642303,-2.0582220554351807,875,0.48835617303848267,-18.645792490000005,150.0,0.01
17540,7157,877,2,0.6787989139556885,0.0003,-0.5345469117164612,-2.052002191543579,876,0.1150311827659607,-18.645792490000005,150.0,0.01
17560,7158,878,2,-0.5755635499954224,0.0003,0.4718037545681,-2.051908016204834,877,0.33262398838996887,-18.645792490000005,150.0,0.01
17580,7159,879,2,-0.01184391975402832,0.0003,0.17010577023029327,-2.051095962524414,878,0.08151515573263168,-18.645792490000005,150.0,0.01
17600,7159,880,2,-0.007259488105773926,0.0003,-0.00978931225836277,-2.040499448776245,879,0.4033912122249603,-18.645792490000005,150.0,0.01
17620,7160,881,2,0.4697323441505432,0.0003,-0.4636532664299011,-2.0419278144836426,880,0.06433052569627762,-18.645792490000005,150.0,0.01
17640,7160,882,2,0.5614420175552368,0.0003,0.09315520524978638,-2.038079023361206,881,0.18103483319282532,-18.645792490000005,150.0,0.01
17660,7160,883,2,0.5605576038360596,0.0003,-0.1906503140926361,-2.050060272216797,882,0.35203877091407776,-18.645792490000005,150.0,0.01
17680,7160,884,2,0.4018503427505493,0.0003,2.864610195159912,-2.0488550662994385,883,5.522927761077881,-18.645792490000005,150.0,0.01
17700,7161,885,2,0.893856942653656,0.0003,0.3568897843360901,-2.056788206100464,884,0.20047008991241455,-18.645792490000005,150.0,0.01
17720,7161,886,2,0.839045524597168,0.0003,-0.3107711374759674,-2.055746078491211,885,0.3839434087276459,-18.645792490000005,150.0,0.01
17740,7162,887,2,0.9441267251968384,0.0003,0.0960046797990799,-2.044111728668213,886,0.136026531457901,-18.645792490000005,150.0,0.01
17760,7162,888,2,0.6558207273483276,0.0003,0.20306973159313202,-2.044834613800049,887,0.7738034725189209,-18.645792490000005,150.0,0.01
17780,7163,889,2,0.7984451651573181,0.0003,0.2188996821641922,-2.020277500152588,888,0.32131755352020264,-18.645792490000005,150.0,0.01
17800,7163,890,2,0.7663755416870117,0.0003,0.9612424969673157,-2.021183729171753,889,0.8611208200454712,-18.645792490000005,150.0,0.01
17820,7163,891,2,0.9421502351760864,0.0003,-0.9604159593582153,-2.034960985183716,890,0.3242483139038086,-18.645792490000005,150.0,0.01
17840,7164,892,2,0.9297351837158203,0.0003,-0.42275944352149963,-2.0439870357513428,891,0.18312467634677887,-18.645792490000005,150.0,0.01
17860,7164,893,2,0.9333244562149048,0.0003,-0.23546747863292694,-2.0551629066467285,892,0.09930720925331116,-18.645792490000005,150.0,0.01
17880,7164,894,2,0.9468691349029541,0.0003,-0.19061784446239471,-2.0622658729553223,893,0.06110041216015816,-18.645792490000005,150.0,0.01
17900,7165,895,2,0.956571102142334,0.0003,-0.0555877760052681,-2.0754470825195312,894,0.02936776541173458,-18.645792490000005,150.0,0.01
17920,7166,896,2,0.9548367857933044,0.0003,-0.37428075075149536,-2.0840842723846436,895,0.060218773782253265,-18.645792490000005,150.0,0.01
17940,7167,897,2,0.9079689383506775,0.0003,-0.558951199054718,-2.0904734134674072,896,0.10997545719146729,-18.645792490000005,150.0,0.01
17960,7167,898,2,0.8522289991378784,0.0003,-0.522166907787323,-2.096956729888916,897,0.08067633211612701,-18.645792490000005,150.0,0.01
17980,7167,899,2,0.5137690901756287,0.0003,-0.414803683757782,-2.0949032306671143,898,0.10364405810832977,-18.645792490000005,150.0,0.01
18000,7167,900,2,0.5915730595588684,0.0003,-0.4496553838253021,-2.097048282623291,899,0.08923576772212982,-18.64800162,150.0,0.01
18020,7167,901,2,0.42924171686172485,0.0003,-0.44815292954444885,-2.100186586380005,900,0.11663548648357391,-18.64800162,150.0,0.01
18040,7168,902,2,0.8311433792114258,0.0003,-0.4600776731967926,-2.0586516857147217,901,0.12093105167150497,-18.64800162,150.0,0.01
18060,7168,903,2,0.9111360907554626,0.0003,-0.5109137296676636,-2.0629327297210693,902,0.08046630769968033,-18.64800162,150.0,0.01
18080,7169,904,2,0.8256056308746338,0.0003,-0.3820367455482483,-2.0617308616638184,903,0.09214655309915543,-18.64800162,150.0,0.01
18100,7170,905,2,0.6179770231246948,0.0003,-0.24392633140087128,-2.065001964569092,904,0.06904526054859161,-18.64800162,150.0,0.01
18120,7169,906,2,-0.35143911838531494,0.0003,-0.15247201919555664,-2.0741190910339355,905,0.14912791550159454,-18.64800162,150.0,0.01
18140,7167,907,2,0.5037888288497925,0.0003,-0.14453473687171936,-2.077686309814453,906,0.04809058830142021,-18.64800162,150.0,0.01
18160,7167,908,2,0.5010504722595215,0.0003,-0.2196493148803711,-2.059603214263916,907,0.07935325801372528,-18.64800162,150.0,0.01
18180,7167,909,2,0.78270423412323,0.0003,-0.12106168270111084,-2.0638434886932373,908,0.027628596872091293,-18.64800162,150.0,0.01
18200,7165,910,2,0.7539085149765015,0.0003,-0.1503523588180542,-2.069748878479004,909,0.02908669412136078,-18.64800162,150.0,0.01
18220,7164,911,2,0.6481619477272034,0.0003,-0.40975886583328247,-2.073848247528076,910,0.07133687287569046,-18.64800162,150.0,0.01
18240,7164,912,2,0.22499418258666992,0.0003,0.14571836590766907,-2.0797743797302246,911,0.29805389046669006,-18.64800162,150.0,0.01
18260,7165,913,2,0.075583815574646,0.0003,-0.17205007374286652,-2.0832648277282715,912,0.030785107985138893,-18.64800162,150.0,0.01
18280,7165,914,2,-0.04033553600311279,0.0003,0.050026167184114456,-2.0622966289520264,913,0.9615413546562195,-18.64800162,150.0,0.01
18300,7165,915,2,-0.03819608688354492,0.0003,0.06163961812853813,-2.046551465988159,914,0.6957927942276001,-18.64800162,150.0,0.01
18320,7165,916,2,0.016546130180358887,0.0003,0.021545791998505592,-2.023838520050049,915,0.5768947005271912,-18.64800162,150.0,0.01
18340,7166,917,2,0.1615583300590515,0.0003,-0.7206003069877625,-1.9949783086776733,916,0.24224913120269775,-18.64800162,150.0,0.01
18360,7166,918,2,0.1451435685157776,0.0003,-0.9344602823257446,-1.9902658462524414,917,0.410416841506958,-18.64800162,150.0,0.01
18380,7166,919,2,0.09719991683959961,0.0003,-0.9053268432617188,-2.0066025257110596,918,0.4340895712375641,-18.64800162,150.0,0.01
18400,7167,920,2,0.0974273681640625,0.0003,-0.7238162159919739,-2.008697509765625,919,0.40291374921798706,-18.64800162,150.0,0.01
18420,7167,921,2,0.09653639793395996,0.0003,-0.5314978361129761,-2.005736827850342,920,0.15647387504577637,-18.64800162,150.0,0.01
18440,7168,922,2,0.028661787509918213,0.0003,-0.638401985168457,-2.0049822330474854,921,0.21960926055908203,-18.64800162,150.0,0.01
18460,7168,923,2,0.05490076541900635,0.0003,-0.9361575245857239,-2.01926589012146,922,0.27483588457107544,-18.64800162,150.0,0.01
18480,7168,924,2,0.057851970195770264,0.0003,-0.6256577968597412,-2.0228793621063232,923,0.22563998401165009,-18.64800162,150.0,0.01
18500,7169,925,2,0.07339709997177124,0.0003,-0.4104183316230774,-2.022799015045166,924,0.10935916751623154,-18.64800162,150.0,0.01
18520,7169,926,2,0.04476308822631836,0.0003,-0.601860761642456,-2.01688289642334,925,0.11360804736614227,-18.64800162,150.0,0.01
18540,7169,927,2,0.018542826175689697,0.0003,-0.94599449634552,-2.0229530334472656,926,0.27433744072914124,-18.64800162,150.0,0.01
18560,7170,928,2,0.0006210207939147949,0.0003,-0.6847870349884033,-2.0296950340270996,927,0.19157494604587555,-18.64800162,150.0,0.01
18580,7171,929,2,0.011878669261932373,0.0003,-0.7013856172561646,-2.0407419204711914,928,0.15854810178279877,-18.64800162,150.0,0.01
18600,7169,930,2,0.01556617021560669,0.0003,-0.5111767649650574,-2.046247959136963,929,0.0777982547879219,-19.09009229,150.0,0.01
18620,7169,931,2,-0.012044668197631836,0.0003,-0.33478546142578125,-2.046365976333618,930,0.11127756536006927,-19.09009229,150.0,0.01
18640,7169,932,2,0.7463729381561279,0.0003,0.5699890851974487,-1.96636962890625,931,0.1997041255235672,-19.09009229,150.0,0.01
18660,7169,933,2,0.008770287036895752,0.0003,-0.23626574873924255,-1.967108130455017,932,0.14069275557994843,-19.09009229,150.0,0.01
18680,7169,934,2,0.7222505807876587,0.0003,0.46749767661094666,-1.9637982845306396,933,0.09815721213817596,-19.09009229,150.0,0.01
18700,7170,935,2,0.7668561339378357,0.0003,0.26799267530441284,-1.9675105810165405,934,0.04328056052327156,-19.09009229,150.0,0.01
18720,7170,936,2,0.30159318447113037,0.0003,0.49039044976234436,-1.965188980102539,935,0.1463363617658615,-19.09009229,150.0,0.01
18740,7171,937,2,0.7629977464675903,0.0003,0.6360617280006409,-1.959958791732788,936,0.1577276736497879,-19.09009229,150.0,0.01
18760,7171,938,2,-0.11212265491485596,0.0003,-0.19480937719345093,-1.9623867273330688,937,0.22728386521339417,-19.09009229,150.0,0.01
18780,7172,939,2,0.11309182643890381,0.0003,0.4159162938594818,-1.9503501653671265,938,0.5858174562454224,-19.09009229,150.0,0.01
18800,7173,940,2,0.5395901203155518,0.0003,0.5087932348251343,-1.9436222314834595,939,0.3076106607913971,-19.09009229,150.0,0.01
18820,7174,941,2,0.8469001054763794,0.0003,-0.02688436210155487,-1.9394290447235107,940,0.06279611587524414,-19.09009229,150.0,0.01
18840,7175,942,2,0.8856874108314514,0.0003,0.08306531608104706,-1.9431536197662354,941,0.07212094217538834,-19.09009229,150.0,0.01
18860,7175,943,2,0.733822226524353,0.0003,0.7176149487495422,-1.9404361248016357,942,0.31280407309532166,-19.09009229,150.0,0.01
18880,7176,944,2,0.9568641781806946,0.0003,-0.1955963373184204,-1.9530155658721924,943,0.051091909408569336,-19.09009229,150.0,0.01
18900,7176,945,2,0.9603729844093323,0.0003,-0.2739016115665436,-1.957828164100647,944,0.05134177207946777,-19.09009229,150.0,0.01
18920,7177,946,2,0.9371250867843628,0.0003,-0.14065706729888916,-1.9557466506958008,945,0.05613872408866882,-19.09009229,150.0,0.01
18940,7178,947,2,0.9655166268348694,0.0003,-0.26054808497428894,-1.9552406072616577,946,0.04087481647729874,-19.09009229,150.0,0.01
18960,7178,948,2,0.9419360756874084,0.0003,-0.19479051232337952,-1.966782808303833,947,0.0231346245855093,-19.09009229,150.0,0.01
18980,7179,949,2,0.8618956208229065,0.0003,-0.32433080673217773,-1.9600473642349243,948,0.06083232909440994,-19.09009229,150.0,0.01
19000,7179,950,2,0.7789706587791443,0.0003,0.03731353580951691,-1.9752111434936523,949,0.04698978736996651,-19.09009229,150.0,0.01
19020,7180,951,2,0.7822303771972656,0.0003,-0.28635507822036743,-1.9878950119018555,950,0.05590856820344925,-19.09009229,150.0,0.01
19040,7180,952,2,0.8142210841178894,0.0003,-0.28120651841163635,-1.9853088855743408,951,0.03907959535717964,-19.09009229,150.0,0.01
19060,7181,953,2,0.583873987197876,0.0003,-0.41058188676834106,-1.9944632053375244,952,0.08572165668010712,-19.09009229,150.0,0.01
19080,7182,954,2,0.3358337879180908,0.0003,-0.47852927446365356,-2.0201575756073,953,0.08466141670942307,-19.09009229,150.0,0.01
19100,7182,955,2,0.049257516860961914,0.0003,-0.4005153775215149,-2.0287108421325684,954,0.09740456193685532,-19.09009229,150.0,0.01
19120,7183,956,2,0.19323718547821045,0.0003,-0.7409696578979492,-2.036722183227539,955,0.19665959477424622,-19.09009229,150.0,0.01
19140,7184,957,2,0.1066710352897644,0.0003,-0.3673340678215027,-2.0457653999328613,956,0.13703784346580505,-19.09009229,150.0,0.01
19160,7185,958,2,0.04257190227508545,0.0003,-0.6380272507667542,-2.0741562843322754,957,0.147072896361351,-19.09009229,150.0,0.01
19180,7185,959,2,0.11573624610900879,0.0003,-0.567328929901123,-2.0807883739471436,958,0.11165382713079453,-19.09009229,150.0,0.01
19200,7185,960,2,0.1027953028678894,0.0003,-0.7077321410179138,-2.094961643218994,959,0.1442265659570694,-19.21317992,150.0,0.01
19220,7186,961,2,0.0871850848197937,0.0003,-0.47450074553489685,-2.0939793586730957,960,0.0819716602563858,-19.21317992,150.0,0.01
19240,7185,962,2,0.7995833158493042,0.0003,-0.3358326554298401,-2.022566556930542,961,0.0806378722190857,-19.21317992,150.0,0.01
19260,7186,963,2,0.8964163661003113,0.0003,-0.04432111606001854,-2.0257976055145264,962,0.024402543902397156,-19.21317992,150.0,0.01
19280,7187,964,2,0.7976886034011841,0.0003,-0.2183305323123932,-2.0145528316497803,963,0.10724543035030365,-19.21317992,150.0,0.01
19300,7187,965,2,0.7335894703865051,0.0003,0.070274218916893,-2.0163333415985107,964,0.2179771363735199,-19.21317992,150.0,0.01
19320,7187,966,2,0.9195417761802673,0.0003,-0.04185795783996582,-2.021688461303711,965,0.079640232026577,-19.21317992,150.0,0.01
19340,7187,967,2,0.9670761227607727,0.0003,0.39074811339378357,-2.0094058513641357,966,0.07293205708265305,-19.21317992,150.0,0.01
19360,7187,968,2,0.9446521997451782,0.0003,-0.21146221458911896,-2.011101245880127,967,0.12038671970367432,-19.21317992,150.0,0.01
19380,7187,969,2,0.9397909045219421,0.0003,0.3067992925643921,-2.004016876220703,968,0.16320547461509705,-19.21317992,150.0,0.01
19400,7187,970,2,0.9921332001686096,0.0003,-0.24549496173858643,-2.0018200874328613,969,0.030096303671598434,-19.21317992,150.0,0.01
19420,7188,971,2,0.9186325073242188,0.0003,-0.07823494076728821,-1.9958778619766235,970,0.12047316133975983,-19.21317992,150.0,0.01
19440,7188,972,2,0.5530153512954712,0.0003,0.8658833503723145,-1.9948747158050537,971,0.615352988243103,-19.21317992,150.0,0.01
19460,7189,973,2,0.891234278678894,0.0003,0.11517317593097687,-1.9938236474990845,972,0.12099938094615936,-19.21317992,150.0,0.01
19480,7190,974,2,0.40984874963760376,0.0003,0.863174319267273,-1.985988974571228,973,1.4478423595428467,-19.21317992,150.0,0.01
19500,7190,975,2,0.7314220666885376,0.0003,0.47046908736228943,-1.9875075817108154,974,0.3553768992424011,-19.21317992,150.0,0.01
19520,7191,976,2,0.5625004172325134,0.0003,-0.3632476329803467,-1.996175765991211,975,0.2623566687107086,-19.21317992,150.0,0.01
19540,7192,977,2,0.9518117308616638,0.0003,-0.09687155485153198,-2.0086777210235596,976,0.02350994013249874,-19.21317992,150.0,0.01
19560,7192,978,2,0.8262420892715454,0.0003,-0.18779191374778748,-2.0236854553222656,977,0.12145546823740005,-19.21317992,150.0,0.01
19580,7193,979,2,0.6371805667877197,0.0003,0.1806475967168808,-2.0424556732177734,978,0.3090651035308838,-19.21317992,150.0,0.01
19600,7193,980,2,0.15366262197494507,0.0003,0.4545017182826996,-2.0394818782806396,979,0.9002987146377563,-19.21317992,150.0,0.01
19620,7194,981,2,0.7620858550071716,0.0003,0.06238747388124466,-2.034083843231201,980,0.09036797285079956,-19.21317992,150.0,0.01
19640,7195,982,2,-1.3615977764129639,0.0003,-0.4418236315250397,-2.0125153064727783,981,0.2509647011756897,-19.21317992,150.0,0.01
19660,7195,983,2,0.46359682083129883,0.0003,-0.16907203197479248,-2.0059702396392822,982,0.11721968650817871,-19.21317992,150.0,0.01
19680,7196,984,2,-0.8765019178390503,0.0003,-0.4722449779510498,-2.0105292797088623,983,0.11654505878686905,-19.21317992,150.0,0.01
19700,7196,985,2,-0.8671647310256958,0.0003,-0.5789721608161926,-2.0184504985809326,984,0.13047152757644653,-19.21317992,150.0,0.01
19720,7197,986,2,-0.32823479175567627,0.0003,-0.8176530003547668,-2.025585651397705,985,0.2842271625995636,-19.21317992,150.0,0.01
19740,7197,987,2,-0.14383673667907715,0.0003,-0.7958649396896362,-2.0255613327026367,986,0.1981121003627777,-19.21317992,150.0,0.01
19760,7198,988,2,-0.10277450084686279,0.0003,-0.8322831988334656,-2.017894744873047,987,0.2575690448284149,-19.21317992,150.0,0.01
19780,7199,989,2,-0.06151127815246582,0.0003,-0.9486812353134155,-2.016634225845337,988,0.21410369873046875,-19.21317992,150.0,0.01
19800,7199,990,2,-0.01157081127166748,0.0003,-0.7602316737174988,-2.007388114929199,989,0.3052650988101959,-19.62230153,150.0,0.0
19820,7199,991,2,-0.0064580440521240234,0.0003,-0.7752588987350464,-2.0067026615142822,990,0.2365764081478119,-19.62230153,150.0,0.0
19840,7200,992,2,0.9101987481117249,0.0003,-0.39452821016311646,-1.9633671045303345,991,0.08473712205886841,-19.62230153,150.0,0.0
19860,7200,993,2,0.9556090831756592,0.0003,-0.353925883769989,-1.9642537832260132,992,0.054595958441495895,-19.62230153,150.0,0.0
19880,7201,994,2,0.9246375560760498,0.0003,0.1535317748785019,-1.962294340133667,993,0.04402483254671097,-19.62230153,150.0,0.0
19900,7201,995,2,0.9339228272438049,0.0003,-0.32295820116996765,-1.9711015224456787,994,0.12810419499874115,-19.62230153,150.0,0.0
19920,7202,996,2,0.7530540227890015,0.0003,0.244638592004776,-1.9703788757324219,995,0.34579771757125854,-19.62230153,150.0,0.0
19940,7203,997,2,0.9560468792915344,0.0003,-0.17890289425849915,-1.9597499370574951,996,0.06885412335395813,-19.62230153,150.0,0.0
19960,7203,998,2,0.972029983997345,0.0003,-0.21672198176383972,-1.9645423889160156,997,0.050350211560726166,-19.62230153,150.0,0.0
19980,7204,999,2,0.7900108695030212,0.0003,0.9687568545341492,-1.9661554098129272,998,1.3658781051635742,-19.62230153,150.0,0.0
20000,7205,1000,2,0.9261537194252014,0.0003,0.7381859421730042,-1.973657250404358,999,0.4146777093410492,-19.62230153,150.0,0.0
20020,7205,1001,2,0.9514243602752686,0.0003,0.4095565676689148,-1.977272629737854,1000,0.2333003580570221,-19.62230153,150.0,0.0
20040,7206,1002,2,0.9841338992118835,0.0003,-0.29243001341819763,-1.9807265996932983,1001,0.10214431583881378,-19.62230153,150.0,0.0
20060,7207,1003,2,0.9517059326171875,0.0003,-0.053769439458847046,-1.9869909286499023,1002,0.18074311316013336,-19.62230153,150.0,0.0
20080,7207,1004,2,0.9519674181938171,0.0003,-0.21151404082775116,-1.9948867559432983,1003,0.13003703951835632,-19.62230153,150.0,0.0
20100,7208,1005,2,0.8781164884567261,0.0003,-0.2878055274486542,-2.0053772926330566,1004,0.17514626681804657,-19.62230153,150.0,0.0
20120,7208,1006,2,0.1976516842842102,0.0003,0.9169141054153442,-2.0018575191497803,1005,0.869837760925293,-19.62230153,150.0,0.0
20140,7209,1007,2,0.6641998291015625,0.0003,-0.2779531478881836,-2.011491060256958,1006,0.3426423966884613,-19.62230153,150.0,0.0
20160,7209,1008,2,0.5778089761734009,0.0003,-0.48969539999961853,-2.0137319564819336,1007,0.37010255455970764,-19.62230153,150.0,0.0
20180,7210,1009,2,0.1881161332130432,0.0003,-0.8835740089416504,-2.00911283493042,1008,0.4791996479034424,-19.62230153,150.0,0.0
20200,7210,1010,2,0.3650648593902588,0.0003,-0.825298011302948,-2.007908821105957,1009,0.4373171925544739,-19.62230153,150.0,0.0
20220,7210,1011,2,0.16345268487930298,0.0003,-0.5288204550743103,-2.0175442695617676,1010,0.36795562505722046,-19.62230153,150.0,0.0
20240,7210,1012,2,0.16114330291748047,0.0003,-0.7278391122817993,-2.037929058074951,1011,0.27120256423950195,-19.62230153,150.0,0.0
20260,7208,1013,2,0.07713085412979126,0.0003,-0.7892223000526428,-2.040071487426758,1012,0.273644357919693,-19.62230153,150.0,0.0
20280,7206,1014,2,0.0658155083656311,0.0003,-0.697339653968811,-2.0551717281341553,1013,0.2571106255054474,-19.62230153,150.0,0.0
20300,7206,1015,2,0.014297306537628174,0.0003,-0.8387686014175415,-2.0563251972198486,1014,0.33975380659103394,-19.62230153,150.0,0.0
20320,7206,1016,2,0.04838359355926514,0.0003,-0.8224765658378601,-2.0656685829162598,1015,0.2588137984275818,-19.62230153,150.0,0.0
20340,7206,1017,2,0.027655065059661865,0.0003,-0.5867510437965393,-2.0751736164093018,1016,0.15072080492973328,-19.62230153,150.0,0.0
20360,7206,1018,2,0.041909873485565186,0.0003,-0.5745409727096558,-2.0708038806915283,1017,0.18271738290786743,-19.62230153,150.0,0.0
20380,7205,1019,2,0.03261083364486694,0.0003,-0.5340703129768372,-2.0796289443969727,1018,0.16175945103168488,-19.62230153,150.0,0.0
20400,7203,1020,2,0.045840442180633545,0.0003,-0.6779897809028625,-2.0924041271209717,1019,0.1455271691083908,-19.83264861,150.0,0.0
20420,7203,1021,2,0.06341081857681274,0.0003,-0.4091850221157074,-2.0911128520965576,1020,0.06545095145702362,-19.83264861,150.0,0.0
20440,7202,1022,2,0.8457831740379333,0.0003,-0.1116529256105423,-1.9948612451553345,1021,0.16521352529525757,-19.83264861,150.0,0.0
20460,7203,1023,2,0.8765067458152771,0.0003,0.8558834791183472,-1.9911304712295532,1022,0.3397246301174164,-19.83264861,150.0,0.0
20480,7203,1024,2,0.9833727478981018,0.0003,0.23127026855945587,-1.9850727319717407,1023,0.04016559571027756,-19.83264861,150.0,0.0
20500,7203,1025,2,0.9298062324523926,0.0003,0.3937609791755676,-1.9859333038330078,1024,0.14548060297966003,-19.83264861,150.0,0.0
20520,7203,1026,2,0.850978672504425,0.0003,0.36289161443710327,-1.979630708694458,1025,0.37785667181015015,-19.83264861,150.0,0.0
20540,7203,1027,2,0.0786319375038147,0.0003,1.0958607196807861,-1.9679749011993408,1026,2.1481034755706787,-19.83264861,150.0,0.0
20560,7203,1028,2,0.6345046758651733,0.0003,-0.03650540113449097,-1.9643352031707764,1027,0.647417426109314,-19.83264861,150.0,0.0
20580,7204,1029,2,0.9079855680465698,0.0003,0.08609504252672195,-1.9355013370513916,1028,0.22888103127479553,-19.83264861,150.0,0.0
20600,7204,1030,2,0.7949346899986267,0.0003,0.21941503882408142,-1.9386444091796875,1029,0.36323776841163635,-19.83264861,150.0,0.0
20620,7204,1031,2,0.9325105547904968,0.0003,0.32052111625671387,-1.9591569900512695,1030,0.11956615746021271,-19.83264861,150.0,0.0
20640,7204,1032,2,0.7702343463897705,0.0003,-0.29600244760513306,-1.9681705236434937,1031,0.27895504236221313,-19.83264861,150.0,0.0
20660,7205,1033,2,0.6578159332275391,0.0003,-0.512107789516449,-1.9719493389129639,1032,0.21882674098014832,-19.83264861,150.0,0.0
20680,7205,1034,2,0.87418532371521,0.0003,-0.3893503248691559,-1.970862627029419,1033,0.06820986419916153,-19.83264861,150.0,0.0
20700,7205,1035,2,0.8317099809646606,0.0003,-0.1073283925652504,-1.9747583866119385,1034,0.037777192890644073,-19.83264861,150.0,0.0
20720,7206,1036,2,-1.29329252243042,0.0003,-0.26743030548095703,-2.0013070106506348,1035,0.07996739447116852,-19.83264861,150.0,0.0
20740,7206,1037,2,-0.43093061447143555,0.0003,-0.3225516676902771,-2.019275188446045,1036,0.09416224807500839,-19.83264861,150.0,0.0
20760,7206,1038,2,0.2655242085456848,0.0003,-0.28593578934669495,-2.0434107780456543,1037,0.04463167116045952,-19.83264861,150.0,0.0
20780,7207,1039,2,0.3018878102302551,0.0003,-0.3740293085575104,-2.0544540882110596,1038,0.06880791485309601,-19.83264861,150.0,0.0
20800,7207,1040,2,0.19944536685943604,0.0003,-0.42258137464523315,-2.063720226287842,1039,0.08024834096431732,-19.83264861,150.0,0.0
20820,7207,1041,2,0.04234081506729126,0.0003,0.34369978308677673,-2.069932460784912,1040,0.18895792961120605,-19.83264861,150.0,0.0
20840,7208,1042,2,0.11714553833007812,0.0003,-0.4422433376312256,-2.0707755088806152,1041,0.18191082775592804,-19.83264861,150.0,0.0
20860,7208,1043,2,0.09839010238647461,0.0003,0.7163144946098328,-2.0795583724975586,1042,1.8244731426239014,-19.83264861,150.0,0.0
20880,7208,1044,2,0.2278817892074585,0.0003,-0.21654406189918518,-2.074986457824707,1043,0.49187523126602173,-19.83264861,150.0,0.0
20900,7208,1045,2,0.31028109788894653,0.0003,-0.45651739835739136,-2.021172046661377,1044,0.1932210922241211,-19.83264861,150.0,0.0
20920,7208,1046,2,0.21928709745407104,0.0003,-0.7980719804763794,-2.0273025035858154,1045,0.24746310710906982,-19.83264861,150.0,0.0
20940,7208,1047,2,0.15707486867904663,0.0003,-0.44706040620803833,-2.0308799743652344,1046,0.2873494029045105,-19.83264861,150.0,0.0
20960,7209,1048,2,0.15540838241577148,0.0003,-0.8214178085327148,-2.053234577178955,1047,0.20918166637420654,-19.83264861,150.0,0.0
20980,7209,1049,2,0.12916076183319092,0.0003,-0.6833678483963013,-2.040003538131714,1048,0.1971018761396408,-19.83264861,150.0,0.0
21000,7209,1050,2,0.08948898315429688,0.0003,-0.710553765296936,-2.0552515983581543,1049,0.1632174253463745,-19.9426829,150.0,0.0
21020,7209,1051,2,0.06939733028411865,0.0003,-0.5463660359382629,-2.058706045150757,1050,0.15633869171142578,-19.9426829,150.0,0.0
21040,7210,1052,2,0.7657190561294556,0.0003,0.09409226477146149,-1.9746849536895752,1051,0.10806689411401749,-19.9426829,150.0,0.0
21060,7211,1053,2,0.8534924387931824,0.0003,-0.47164487838745117,-1.9633651971817017,1052,0.3307933807373047,-19.9426829,150.0,0.0
21080,7211,1054,2,0.9097119569778442,0.0003,-0.3968338370323181,-1.9758952856063843,1053,0.2907642424106598,-19.9426829,150.0,0.0
21100,7212,1055,2,0.9720077514648438,0.0003,-0.18711580336093903,-1.9856897592544556,1054,0.06267927587032318,-19.9426829,150.0,0.0
21120,7212,1056,2,0.9956964254379272,0.0003,0.028916507959365845,-1.9919700622558594,1055,0.0071662599220871925,-19.9426829,150.0,0.0
21140,7213,1057,2,0.9352051019668579,0.0003,0.6619288325309753,-1.9955127239227295,1056,0.2623000741004944,-19.9426829,150.0,0.0
21160,7214,1058,2,0.857066810131073,0.0003,0.9120502471923828,-2.001512050628662,1057,1.0922634601593018,-19.9426829,150.0,0.0
21180,7214,1059,2,0.9802970886230469,0.0003,0.1800605207681656,-2.0023159980773926,1058,0.10686054080724716,-19.9426829,150.0,0.0
21200,7215,1060,2,0.9690490365028381,0.0003,0.8312885165214539,-2.010190486907959,1059,0.3887452483177185,-19.9426829,150.0,0.0
21220,7216,1061,2,0.9883981347084045,0.0003,0.4730375409126282,-2.0185017585754395,1060,0.1279616355895996,-19.9426829,150.0,0.0
21240,7217,1062,2,0.9956550598144531,0.0003,0.24713864922523499,-2.024143695831299,1061,0.05559650808572769,-19.9426829,150.0,0.0
21260,7217,1063,2,0.9906962513923645,0.0003,0.594541072845459,-2.0288054943084717,1062,0.15754911303520203,-19.9426829,150.0,0.0
21280,7218,1064,2,0.9963165521621704,0.0003,0.14741487801074982,-2.0345849990844727,1063,0.04985625296831131,-19.9426829,150.0,0.0
21300,7219,1065,2,0.9924184083938599,0.0003,0.3749774098396301,-2.0344338417053223,1064,0.14864574372768402,-19.9426829,150.0,0.0
21320,7219,1066,2,0.9826346039772034,0.0003,-0.19010843336582184,-2.0379443168640137,1065,0.27507656812667847,-19.9426829,150.0,0.0
21340,7220,1067,2,0.970159649848938,0.0003,-0.10795912891626358,-2.0376172065734863,1066,0.37558525800704956,-19.9426829,150.0,0.0
21360,7220,1068,2,0.9924633502960205,0.0003,-0.0499006062746048,-2.042576313018799,1067,0.05907788872718811,-19.9426829,150.0,0.0
21380,7220,1069,2,0.9813024401664734,0.0003,0.010977959260344505,-2.0522589683532715,1068,0.09389722347259521,-19.9426829,150.0,0.0
21400,7220,1070,2,0.9873017072677612,0.0003,0.07038528472185135,-2.093707323074341,1069,0.06759344041347504,-19.9426829,150.0,0.0
21420,7220,1071,2,0.9949781894683838,0.0003,-0.01315482147037983,-2.1109461784362793,1070,0.03163134306669235,-19.9426829,150.0,0.0
21440,7220,1072,2,0.9925393462181091,0.0003,-0.07887814939022064,-2.0898821353912354,1071,0.045668598264455795,-19.9426829,150.0,0.0
21460,7190,1073,2,0.9813950657844543,0.0003,-0.06308943033218384,-2.1060001850128174,1072,0.07195168733596802,-19.9426829,150.0,0.0
21480,7112,1074,3,0.994667112827301,0.0003,-0.14616858959197998,-2.113515615463257,1073,0.0206136554479599,-19.9426829,150.0,0.0
21500,7093,1075,3,0.9774343967437744,0.0003,0.1634666472673416,-2.1233201026916504,1074,0.05663678050041199,-19.9426829,150.0,0.0
21520,7091,1076,3,0.985495924949646,0.0003,-0.07056422531604767,-2.1164028644561768,1075,0.028463002294301987,-19.9426829,150.0,0.0
21540,7089,1077,3,0.989409863948822,0.0003,-0.18851366639137268,-2.131152629852295,1076,0.020016588270664215,-19.9426829,150.0,0.0
21560,7088,1078,3,0.9866963624954224,0.0003,-0.3265228271484375,-2.130368709564209,1077,0.03473566845059395,-19.9426829,150.0,0.0
21580,7086,1079,3,0.9445319771766663,0.0003,-0.18162676692008972,-2.135641574859619,1078,0.03664999455213547,-19.9426829,150.0,0.0
21600,7085,1080,3,0.9526979923248291,0.0003,-0.16924580931663513,-2.143842935562134,1079,0.030270537361502647,-19.78130424,150.0,0.0
21620,7085,1081,3,0.9251517057418823,0.0003,-0.020306846126914024,-2.155047655105591,1080,0.02397269569337368,-19.78130424,150.0,0.0
21640,7085,1082,3,0.9631267189979553,0.0003,-0.4504562020301819,-2.0883395671844482,1081,0.10150511562824249,-19.78130424,150.0,0.0
21660,7085,1083,3,0.754757821559906,0.0003,0.2733611464500427,-2.088045597076416,1082,0.25731927156448364,-19.78130424,150.0,0.0
21680,7086,1084,3,0.9241580963134766,0.0003,0.0158387478441,-2.0911824703216553,1083,0.08814680576324463,-19.78130424,150.0,0.0
21700,7086,1085,3,0.8803870677947998,0.0003,0.04618583992123604,-2.075517177581787,1084,0.13821813464164734,-19.78130424,150.0,0.0
21720,7087,1086,3,0.9381173253059387,0.0003,-0.6835706830024719,-2.0737242698669434,1085,0.23202316462993622,-19.78130424,150.0,0.0
21740,7087,1087,3,0.8806148767471313,0.0003,0.4814157485961914,-2.07684063911438,1086,0.6472346782684326,-19.78130424,150.0,0.0
21760,7087,1088,3,0.9640316963195801,0.0003,-0.2792695164680481,-2.076934337615967,1087,0.204913929104805,-19.78130424,150.0,0.0
21780,7088,1089,3,0.9812079668045044,0.0003,-0.15682756900787354,-2.083232879638672,1088,0.0761524885892868,-19.78130424,150.0,0.0
21800,7088,1090,3,0.5584784746170044,0.0003,1.9083607196807861,-2.0742125511169434,1089,1.8747165203094482,-19.78130424,150.0,0.0
21820,7088,1091,3,0.8932306170463562,0.0003,0.5593345761299133,-2.07943058013916,1090,0.4996146261692047,-19.78130424,150.0,0.0
21840,7088,1092,3,0.9587011337280273,0.0003,-0.47454410791397095,-2.0766658782958984,1091,0.1708708554506302,-19.78130424,150.0,0.0
21860,7089,1093,3,0.9607710242271423,0.0003,-0.4500259757041931,-2.072310209274292,1092,0.11891089379787445,-19.78130424,150.0,0.0
21880,7089,1094,3,0.843206524848938,0.0003,0.6696603298187256,-2.078035354614258,1093,0.302906334400177,-19.78130424,150.0,0.0
21900,7090,1095,3,0.8630876541137695,0.0003,0.11495234817266464,-2.083284378051758,1094,0.17029738426208496,-19.78130424,150.0,0.0
21920,7090,1096,3,0.9877563714981079,0.0003,0.22642242908477783,-2.0801022052764893,1095,0.029003139585256577,-19.78130424,150.0,0.0
21940,7090,1097,3,0.9708748459815979,0.0003,-0.26425036787986755,-2.077038526535034,1096,0.06892137974500656,-19.78130424,150.0,0.0
21960,7091,1098,3,0.9545111656188965,0.0003,-0.2250227928161621,-2.0680124759674072,1097,0.1384725570678711,-19.78130424,150.0,0.0
21980,7091,1099,3,0.6965310573577881,0.0003,0.2831571102142334,-2.067633867263794,1098,0.9196760058403015,-19.78130424,150.0,0.0
22000,7091,1100,3,0.9290863871574402,0.0003,0.005671477410942316,-2.042693853378296,1099,0.1714402437210083,-19.78130424,150.0,0.0
22020,7092,1101,3,0.9348609447479248,0.0003,-0.23691880702972412,-2.001929521560669,1100,0.16885843873023987,-19.78130424,150.0,0.0
22040,7092,1102,3,0.9822057485580444,0.0003,-0.45517516136169434,-1.998565673828125,1101,0.08218204230070114,-19.78130424,150.0,0.0
22060,7093,1103,3,0.8897702693939209,0.0003,-0.18568667769432068,-2.0078914165496826,1102,0.16583183407783508,-19.78130424,150.0,0.0
22080,7093,1104,3,0.91407310962677,0.0003,-0.19704945385456085,-2.0197129249572754,1103,0.158711239695549,-19.78130424,150.0,0.0
22100,7092,1105,3,0.9347660541534424,0.0003,-0.5989950299263,-2.0397346019744873,1104,0.24334728717803955,-19.78130424,150.0,0.0
22120,7093,1106,3,0.9583179950714111,0.0003,-0.5369611978530884,-2.056880235671997,1105,0.1604965478181839,-19.78130424,150.0,0.0
22140,7093,1107,3,0.9180180430412292,0.0003,-0.5665637254714966,-2.075819730758667,1106,0.21137627959251404,-19.78130424,150.0,0.0
22160,7093,1108,3,0.957841157913208,0.0003,-0.6547496914863586,-2.07971453666687,1107,0.1485491544008255,-19.78130424,150.0,0.0
22180,7093,1109,3,0.9257992506027222,0.0003,-0.6581571698188782,-2.0767979621887207,1108,0.21162715554237366,-19.78130424,150.0,0.0
22200,7093,1110,3,0.9400349259376526,0.0003,-0.7019466161727905,-2.082338571548462,1109,0.13544465601444244,-19.55213244,150.0,0.0
22220,7093,1111,3,0.8999804258346558,0.0003,-0.6339091062545776,-2.077577590942383,1110,0.15166929364204407,-19.55213244,150.0,0.0
22240,7094,1112,3,0.7319315075874329,0.0003,-1.3825114965438843,-2.009841203689575,1111,0.501254141330719,-19.55213244,150.0,0.0
22260,7093,1113,3,0.7112815380096436,0.0003,-0.39890390634536743,-2.017479181289673,1112,0.25790464878082275,-19.55213244,150.0,0.0
22280,7094,1114,3,0.868877649307251,0.0003,-0.539436399936676,-2.0281333923339844,1113,0.1760227531194687,-19.55213244,150.0,0.0
22300,7093,1115,3,0.7398532629013062,0.0003,-0.16412410140037537,-2.030881881713867,1114,0.3026539385318756,-19.55213244,150.0,0.0
22320,7093,1116,3,0.5830748081207275,0.0003,-0.21073798835277557,-2.0499930381774902,1115,0.20172199606895447,-19.55213244,150.0,0.0
22340,7093,1117,3,0.36494994163513184,0.0003,-0.47252482175827026,-2.0469934940338135,1116,0.20920482277870178,-19.55213244,150.0,0.0
22360,7094,1118,3,0.8300838470458984,0.0003,0.011723548173904419,-2.052898406982422,1117,0.039873845875263214,-19.55213244,150.0,0.0
22380,7094,1119,3,0.3357996344566345,0.0003,1.2391160726547241,-2.0614852905273438,1118,1.4673397541046143,-19.55213244,150.0,0.0
22400,7095,1120,3,0.5707223415374756,0.0003,1.7189464569091797,-2.0691330432891846,1119,1.8312994241714478,-19.55213244,150.0,0.0
22420,7095,1121,3,0.5196614265441895,0.0003,-0.06473272293806076,-2.0762953758239746,1120,0.2197430580854416,-19.55213244,150.0,0.0
22440,7094,1122,3,0.7530964016914368,0.0003,0.38036423921585083,-2.076176881790161,1121,0.21996231377124786,-19.55213244,150.0,0.0
22460,7093,1123,3,0.7048519253730774,0.0003,0.816572368144989,-2.0811171531677246,1122,0.6831503510475159,-19.55213244,150.0,0.0
22480,7093,1124,3,0.9452221989631653,0.0003,0.4683888554573059,-2.0855109691619873,1123,0.12483179569244385,-19.55213244,150.0,0.0
22500,7093,1125,3,0.947852611541748,0.0003,0.01590791717171669,-2.0953588485717773,1124,0.09942641854286194,-19.55213244,150.0,0.0
22520,7093,1126,3,0.7456055879592896,0.0003,-0.5045928359031677,-2.1076388359069824,1125,0.24521097540855408,-19.55213244,150.0,0.0
22540,7093,1127,3,0.007328689098358154,0.0003,-0.4421054720878601,-2.1066040992736816,1126,0.25154590606689453,-19.55213244,150.0,0.0
22560,7094,1128,3,-4.78154182434082,0.0003,-0.5561557412147522,-2.113834857940674,1127,0.1765861064195633,-19.55213244,150.0,0.0
22580,7095,1129,3,-5.212486267089844,0.0003,-0.5661083459854126,-2.1047635078430176,1128,0.14760956168174744,-19.55213244,150.0,0.0
22600,7095,1130,3,-0.07459962368011475,0.0003,-0.32118669152259827,-2.1028335094451904,1129,0.05215054005384445,-19.55213244,150.0,0.0
22620,7096,1131,3,0.23910892009735107,0.0003,-0.2519761025905609,-2.096204996109009,1130,0.04866369441151619,-19.55213244,150.0,0.0
22640,7097,1132,3,-0.18402254581451416,0.0003,-0.461341917514801,-2.0987327098846436,1131,0.20837140083312988,-19.55213244,150.0,0.0
22660,7097,1133,3,0.009028613567352295,0.0003,-0.3666762709617615,-2.0962493419647217,1132,0.10553469508886337,-19.55213244,150.0,0.0
22680,7098,1134,3,0.30021554231643677,0.0003,-0.2880479395389557,-2.0965144634246826,1133,0.06534302979707718,-19.55213244,150.0,0.0
22700,7098,1135,3,0.10541278123855591,0.0003,-0.4183069169521332,-2.099871873855591,1134,0.12254295498132706,-19.55213244,150.0,0.0
22720,7099,1136,3,0.051354289054870605,0.0003,-0.6246117353439331,-2.0970823764801025,1135,0.18356983363628387,-19.55213244,150.0,0.0
22740,7099,1137,3,0.10006898641586304,0.0003,-0.5256844162940979,-2.0928831100463867,1136,0.16191527247428894,-19.55213244,150.0,0.0
22760,7099,1138,3,0.12196284532546997,0.0003,-0.6767541170120239,-2.095715284347534,1137,0.17879143357276917,-19.55213244,150.0,0.0
22780,7099,1139,3,0.04819399118423462,0.0003,-0.31616050004959106,-2.1046478748321533,1138,0.0452791266143322,-19.55213244,150.0,0.0
22800,7099,1140,3,0.09607648849487305,0.0003,-0.5447408556938171,-2.100071430206299,1139,0.09166889637708664,-19.682131410000004,150.0,0.0
22820,7099,1141,3,0.04514545202255249,0.0003,-0.5180195569992065,-2.0955302715301514,1140,0.10469748824834824,-19.682131410000004,150.0,0.0
22840,7100,1142,3,0.8809227347373962,0.0003,-0.0017972588539123535,-2.0289204120635986,1141,0.20832772552967072,-19.682131410000004,150.0,0.0
22860,7100,1143,3,0.8906545042991638,0.0003,-0.02789410576224327,-2.046564817428589,1142,0.18465858697891235,-19.682131410000004,150.0,0.0
22880,7100,1144,3,0.9639756083488464,0.0003,0.030754923820495605,-2.0438601970672607,1143,0.06263469904661179,-19.682131410000004,150.0,0.0
22900,7101,1145,3,0.8906169533729553,0.0003,0.8073536157608032,-2.032870054244995,1144,0.4917679727077484,-19.682131410000004,150.0,0.0
22920,7102,1146,3,0.9807068109512329,0.0003,0.0817781463265419,-2.043753147125244,1145,0.07945813983678818,-19.682131410000004,150.0,0.0
22940,7102,1147,3,0.9922285676002502,0.0003,0.10059362649917603,-2.0411293506622314,1146,0.030992891639471054,-19.682131410000004,150.0,0.0
22960,7103,1148,3,0.8818740844726562,0.0003,1.1675916910171509,-2.0675063133239746,1147,1.1605865955352783,-19.682131410000004,150.0,0.0
22980,7103,1149,3,0.9277587532997131,0.0003,1.0547327995300293,-2.062300682067871,1148,0.9308991432189941,-19.682131410000004,150.0,0.0
23000,7104,1150,3,0.9361410140991211,0.0003,-0.6094983816146851,-2.065268039703369,1149,0.49982041120529175,-19.682131410000004,150.0,0.0
23020,7104,1151,3,0.868543267250061,0.0003,0.8694507479667664,-2.0679173469543457,1150,0.7608099579811096,-19.682131410000004,150.0,0.0
23040,7104,1152,3,0.9686982035636902,0.0003,-0.1908584088087082,-2.0606017112731934,1151,0.180887833237648,-19.682131410000004,150.0,0.0
23060,7105,1153,3,0.9191147685050964,0.0003,0.1825341135263443,-2.0605521202087402,1152,0.4375857710838318,-19.682131410000004,150.0,0.0
23080,7105,1154,3,0.9642056822776794,0.0003,0.6883292198181152,-2.0650620460510254,1153,0.34816211462020874,-19.682131410000004,150.0,0.0
23100,7106,1155,3,0.9791615009307861,0.0003,0.2902529537677765,-2.065089225769043,1154,0.13983693718910217,-19.682131410000004,150.0,0.0
23120,7107,1156,3,0.9878407716751099,0.0003,0.21172091364860535,-2.0551724433898926,1155,0.08325915783643723,-19.682131410000004,150.0,0.0
23140,7107,1157,3,0.9072812795639038,0.0003,1.7242225408554077,-2.0610475540161133,1156,1.817997694015503,-19.682131410000004,150.0,0.0
23160,7107,1158,3,0.9817065596580505,0.0003,0.22635912895202637,-2.0646979808807373,1157,0.18830518424510956,-19.682131410000004,150.0,0.0
23180,7107,1159,3,0.9872627258300781,0.0003,-0.465573787689209,-2.060169219970703,1158,0.1500752717256546,-19.682131410000004,150.0,0.0
23200,7107,1160,3,0.9907054305076599,0.0003,-0.009967279620468616,-2.063004732131958,1159,0.05880964547395706,-19.682131410000004,150.0,0.0
23220,7108,1161,3,0.9673837423324585,0.0003,-0.6867181062698364,-2.0572874546051025,1160,0.28148263692855835,-19.682131410000004,150.0,0.0
23240,7108,1162,3,0.8723273277282715,0.0003,-0.5631407499313354,-2.0589253902435303,1161,0.5570381879806519,-19.682131410000004,150.0,0.0
23260,7109,1163,3,0.7943593859672546,0.0003,-0.4486495852470398,-2.046466112136841,1162,0.4498482346534729,-19.682131410000004,150.0,0.0
23280,7110,1164,3,0.945675790309906,0.0003,-0.5998581051826477,-2.036930799484253,1163,0.1515907347202301,-19.682131410000004,150.0,0.0
23300,7110,1165,3,0.9411776661872864,0.0003,-0.5694900155067444,-2.0409233570098877,1164,0.11858127266168594,-19.682131410000004,150.0,0.0
23320,7110,1166,3,0.8114007711410522,0.0003,-0.7305045127868652,-2.051154613494873,1165,0.21230819821357727,-19.682131410000004,150.0,0.0
23340,7110,1167,3,0.728850245475769,0.0003,-0.8171056509017944,-2.050286054611206,1166,0.2549375295639038,-19.682131410000004,150.0,0.0
23360,7110,1168,3,0.6925309896469116,0.0003,-0.7980337738990784,-2.0554885864257812,1167,0.2938133776187897,-19.682131410000004,150.0,0.0
23380,7111,1169,3,0.44997262954711914,0.0003,-0.7186943888664246,-2.0672481060028076,1168,0.2750985026359558,-19.682131410000004,150.0,0.0
23400,7111,1170,3,0.2565702795982361,0.0003,-0.7248383164405823,-2.0695815086364746,1169,0.25420746207237244,-19.46132244,150.0,0.0
23420,7110,1171,3,0.1021379828453064,0.0003,-0.651753306388855,-2.0745251178741455,1170,0.23410382866859436,-19.46132244,150.0,0.0
23440,7111,1172,3,0.42945021390914917,0.0003,-1.048661470413208,-2.024013042449951,1171,0.4393009543418884,-19.46132244,150.0,0.0
23460,7111,1173,3,0.8371203541755676,0.0003,-0.22934570908546448,-2.0278332233428955,1172,0.09126545488834381,-19.46132244,150.0,0.0
23480,7112,1174,3,0.7847583293914795,0.0003,-0.5797160863876343,-2.029486894607544,1173,0.1825285404920578,-19.46132244,150.0,0.0
23500,7112,1175,3,0.8150535225868225,0.0003,-0.10059034824371338,-2.0311362743377686,1174,0.16087621450424194,-19.46132244,150.0,0.0
23520,7113,1176,3,0.8179683089256287,0.0003,0.4218985140323639,-2.0343174934387207,1175,0.6257168650627136,-19.46132244,150.0,0.0
23540,7113,1177,3,0.9132515788078308,0.0003,0.09222915023565292,-2.0348048210144043,1176,0.17831605672836304,-19.46132244,150.0,0.0
23560,7114,1178,3,0.8616176247596741,0.0003,-0.041635848581790924,-2.0371127128601074,1177,0.4197496771812439,-19.46132244,150.0,0.0
23580,7114,1179,3,0.9563747048377991,0.0003,-0.3370971381664276,-2.038733720779419,1178,0.11543674767017365,-19.46132244,150.0,0.0
23600,7115,1180,3,0.9904266595840454,0.0003,-0.2198282778263092,-2.03837251663208,1179,0.022119812667369843,-19.46132244,150.0,0.0
23620,7115,1181,3,0.9013781547546387,0.0003,-0.23343554139137268,-2.041257381439209,1180,0.1089760810136795,-19.46132244,150.0,0.0
23640,7116,1182,3,0.4188387989997864,0.0003,0.5181906819343567,-2.023726463317871,1181,0.854965329170227,-19.46132244,150.0,0.0
23660,7117,1183,3,0.8295152187347412,0.0003,0.17662188410758972,-2.042602062225342,1182,0.14139483869075775,-19.46132244,150.0,0.0
23680,7117,1184,3,0.9322915077209473,0.0003,-0.11244387924671173,-2.0366835594177246,1183,0.03345835953950882,-19.46132244,150.0,0.0
23700,7117,1185,3,0.8398154973983765,0.0003,0.4195505976676941,-2.033878803253174,1184,0.06790788471698761,-19.46132244,150.0,0.0
23720,7118,1186,3,-0.18868207931518555,0.0003,1.1837916374206543,-2.038066864013672,1185,0.8848010897636414,-19.46132244,150.0,0.0
23740,7118,1187,3,0.7667105793952942,0.0003,0.09726985543966293,-2.0469810962677,1186,0.07154805958271027,-19.46132244,150.0,0.0
23760,7119,1188,3,0.8943842053413391,0.0003,-0.12412933260202408,-2.0699968338012695,1187,0.031822241842746735,-19.46132244,150.0,0.0
23780,7120,1189,3,0.8224464058876038,0.0003,-0.05365480110049248,-2.07926082611084,1188,0.0470641627907753,-19.46132244,150.0,0.0
23800,7120,1190,3,0.7906671166419983,0.0003,-0.15677280724048615,-2.0967888832092285,1189,0.12231489270925522,-19.46132244,150.0,0.0
23820,7121,1191,3,0.9046750664710999,0.0003,-0.2854256331920624,-2.1049201488494873,1190,0.040387172251939774,-19.46132244,150.0,0.0
23840,7121,1192,3,0.7726925015449524,0.0003,-0.16264250874519348,-2.101254940032959,1191,0.05226404219865799,-19.46132244,150.0,0.0
23860,7122,1193,3,0.6428095102310181,0.0003,-0.29451674222946167,-2.1071884632110596,1192,0.08871094137430191,-19.46132244,150.0,0.0
23880,7123,1194,3,0.49920815229415894,0.0003,-0.4624720513820648,-2.115018367767334,1193,0.15665289759635925,-19.46132244,150.0,0.0
23900,7123,1195,3,0.4715563654899597,0.0003,-0.5025384426116943,-2.1280336380004883,1194,0.10905768722295761,-19.46132244,150.0,0.0
23920,7124,1196,3,0.19462764263153076,0.0003,-0.6522310376167297,-2.133817672729492,1195,0.11718381941318512,-19.46132244,150.0,0.0
23940,7124,1197,3,0.03742051124572754,0.0003,-0.5152527689933777,-2.134784460067749,1196,0.11386074125766754,-19.46132244,150.0,0.0
23960,7124,1198,3,0.15348273515701294,0.0003,-0.29735931754112244,-2.147961139678955,1197,0.08431939780712128,-19.46132244,150.0,0.0
23980,7125,1199,3,0.11677569150924683,0.0003,-0.40962037444114685,-2.155242919921875,1198,0.07517077028751373,-19.46132244,150.0,0.0
24000,7124,1200,3,0.09588921070098877,0.0003,-0.34740716218948364,-2.157747268676758,1199,0.07318372279405594,-19.55363699,150.0,0.0
24020,7124,1201,3,-0.024185776710510254,0.0003,-0.5330740213394165,-2.1619834899902344,1200,0.10647451877593994,-19.55363699,150.0,0.0
24040,7124,1202,3,0.42514318227767944,0.0003,-1.009515643119812,-2.0905869007110596,1201,0.343189537525177,-19.55363699,150.0,0.0
24060,7125,1203,3,0.8812950849533081,0.0003,-0.1486908495426178,-2.095343828201294,1202,0.040716297924518585,-19.55363699,150.0,0.0
24080,7124,1204,3,0.8024085164070129,0.0003,0.13382449746131897,-2.074662923812866,1203,0.10865728557109833,-19.55363699,150.0,0.0
24100,7125,1205,3,0.9470417499542236,0.0003,0.13508455455303192,-2.0731892585754395,1204,0.04214959219098091,-19.55363699,150.0,0.0
24120,7125,1206,3,0.8889303803443909,0.0003,0.1829664260149002,-2.075554132461548,1205,0.21247228980064392,-19.55363699,150.0,0.0
24140,7125,1207,3,0.9363919496536255,0.0003,0.370269238948822,-2.0770444869995117,1206,0.1561034917831421,-19.55363699,150.0,0.0
24160,7126,1208,3,0.8493319153785706,0.0003,-0.8725619316101074,-2.077629566192627,1207,0.48728927969932556,-19.55363699,150.0,0.0
24180,7126,1209,3,0.9185060262680054,0.0003,-0.667631208896637,-2.0828781127929688,1208,0.29238981008529663,-19.55363699,150.0,0.0
24200,7126,1210,3,0.7936633825302124,0.0003,-0.08296213299036026,-2.0898711681365967,1209,0.2888390123844147,-19.55363699,150.0,0.0
24220,7126,1211,3,0.9524765014648438,0.0003,-0.6013126373291016,-2.0832202434539795,1210,0.13830436766147614,-19.55363699,150.0,0.0
24240,7127,1212,3,0.9514021277427673,0.0003,-0.404824823141098,-2.0909781455993652,1211,0.07784320414066315,-19.55363699,150.0,0.0
24260,7128,1213,3,0.7013809680938721,0.0003,0.2088053673505783,-2.094442129135132,1212,0.12102999538183212,-19.55363699,150.0,0.0
24280,7126,1214,3,0.6518086194992065,0.0003,0.19035598635673523,-2.0987229347229004,1213,0.25812897086143494,-19.55363699,150.0,0.0
24300,7127,1215,3,0.7463716268539429,0.0003,-0.009204352274537086,-2.0937952995300293,1214,0.09041382372379303,-19.55363699,150.0,0.0
24320,7127,1216,3,0.8418158292770386,0.0003,-0.1278197020292282,-2.112229347229004,1215,0.049413930624723434,-19.55363699,150.0,0.0
24340,7127,1217,3,0.36844301223754883,0.0003,0.6119300127029419,-2.1403377056121826,1216,0.41791558265686035,-19.55363699,150.0,0.0
24360,7127,1218,3,0.7078119516372681,0.0003,-0.11830268055200577,-2.126856565475464,1217,0.10558182001113892,-19.55363699,150.0,0.0
24380,7127,1219,3,0.5558836460113525,0.0003,-0.2723650336265564,-2.1205649375915527,1218,0.07956747710704803,-19.55363699,150.0,0.0
24400,7128,1220,3,0.011305510997772217,0.0003,0.7295588254928589,-2.120351791381836,1219,1.0126593112945557,-19.55363699,150.0,0.0
24420,7128,1221,3,0.3845871686935425,0.0003,-0.34385934472084045,-2.123746871948242,1220,0.1434129923582077,-19.55363699,150.0,0.0
24440,7129,1222,3,0.07171708345413208,0.0003,-0.6723142266273499,-2.1292476654052734,1221,0.1459278166294098,-19.55363699,150.0,0.0
24460,7129,1223,3,-0.1211392879486084,0.0003,-0.821750283241272,-2.1312620639801025,1222,0.2064380943775177,-19.55363699,150.0,0.0
24480,7130,1224,3,-0.12251031398773193,0.0003,-0.9584892988204956,-2.125936508178711,1223,0.23196640610694885,-19.55363699,150.0,0.0
24500,7130,1225,3,-0.05627024173736572,0.0003,-0.8236125111579895,-2.127694606781006,1224,0.1958608627319336,-19.55363699,150.0,0.0
24520,7131,1226,3,-0.05784893035888672,0.0003,-0.8784087300300598,-2.1303024291992188,1225,0.21588139235973358,-19.55363699,150.0,0.0
24540,7131,1227,3,-0.09440970420837402,0.0003,-0.7522984743118286,-2.1383988857269287,1226,0.1589490920305252,-19.55363699,150.0,0.0
24560,7132,1228,3,-0.06319963932037354,0.0003,-0.8602174520492554,-2.1391561031341553,1227,0.21821117401123047,-19.55363699,150.0,0.0
24580,7133,1229,3,-0.026132583618164062,0.0003,-0.9126567840576172,-2.1416568756103516,1228,0.2276979386806488,-19.55363699,150.0,0.0
24600,7133,1230,3,-0.0291365385055542,0.0003,-0.6563059091567993,-2.145817279815674,1229,0.1804945170879364,-19.90242907,150.0,0.0
24620,7133,1231,3,-0.02495861053466797,0.0003,-0.7144184112548828,-2.146965503692627,1230,0.14827796816825867,-19.90242907,150.0,0.0
24640,7134,1232,3,0.8278416991233826,0.0003,-0.6121702194213867,-2.02730393409729,1231,0.27213460206985474,-19.90242907,150.0,0.0
24660,7134,1233,3,0.9152864217758179,0.0003,-0.37707915902137756,-2.029710054397583,1232,0.12828269600868225,-19.90242907,150.0,0.0
24680,7135,1234,3,0.9479072690010071,0.0003,-0.11142133176326752,-2.026820659637451,1233,0.06918449699878693,-19.90242907,150.0,0.0
24700,7135,1235,3,0.8814906477928162,0.0003,0.6924071311950684,-2.0366196632385254,1234,0.40515071153640747,-19.90242907,150.0,0.0
24720,7136,1236,3,0.9231076836585999,0.0003,-0.2911818027496338,-2.0389621257781982,1235,0.267628014087677,-19.90242907,150.0,0.0
24740,7136,1237,3,0.9428900480270386,0.0003,0.017128050327301025,-2.0183589458465576,1236,0.23775915801525116,-19.90242907,150.0,0.0
24760,7136,1238,3,0.9804934859275818,0.0003,-0.5180971622467041,-2.019531011581421,1237,0.13843366503715515,-19.90242907,150.0,0.0
24780,7137,1239,3,0.9859063029289246,0.0003,-0.1381097286939621,-2.0234198570251465,1238,0.0433218851685524,-19.90242907,150.0,0.0
24800,7136,1240,3,0.9779772162437439,0.0003,-0.0034791515208780766,-2.0156874656677246,1239,0.05123526602983475,-19.90242907,150.0,0.0
24820,7136,1241,3,0.7421420216560364,0.0003,0.3887200951576233,-2.0191452503204346,1240,0.24779224395751953,-19.90242907,150.0,0.0
24840,7136,1242,3,0.6592775583267212,0.0003,1.6502234935760498,-2.019944429397583,1241,2.2486488819122314,-19.90242907,150.0,0.0
24860,7136,1243,3,0.5664726495742798,0.0003,1.2527010440826416,-2.0222651958465576,1242,1.427830696105957,-19.90242907,150.0,0.0
24880,7137,1244,3,0.6739726066589355,0.0003,0.23280183970928192,-2.022300958633423,1243,0.43896159529685974,-19.90242907,150.0,0.0
24900,7137,1245,3,0.8527971506118774,0.0003,-0.042851150035858154,-2.0166678428649902,1244,0.07474762201309204,-19.90242907,150.0,0.0
24920,7138,1246,3,0.2770271897315979,0.0003,0.6446115374565125,-2.0338807106018066,1245,0.41557973623275757,-19.90242907,150.0,0.0
24940,7138,1247,3,-0.20006918907165527,0.0003,0.3151659369468689,-2.0514793395996094,1246,0.4152292311191559,-19.90242907,150.0,0.0
24960,7138,1248,3,0.7461711168289185,0.0003,-0.14023885130882263,-2.0585222244262695,1247,0.02659834548830986,-19.90242907,150.0,0.0
24980,7139,1249,3,0.18388456106185913,0.0003,-0.14046931266784668,-2.057342529296875,1248,0.014945214614272118,-19.90242907,150.0,0.0
25000,7125,1250,3,0.5624874830245972,0.0003,-0.07416314631700516,-2.0596299171447754,1249,0.012449708767235279,-19.90242907,150.0,0.0
25020,7125,1251,3,0.027042090892791748,0.0003,-0.20219175517559052,-2.074808359146118,1250,0.09479290246963501,-19.90242907,150.0,0.0
25040,7125,1252,3,-0.01102745532989502,0.0003,-0.1492162048816681,-2.05519437789917,1251,0.02668968215584755,-19.90242907,150.0,0.0
25060,7125,1253,3,0.2615819573402405,0.0003,-0.3968536853790283,-2.0614376068115234,1252,0.10016076266765594,-19.90242907,150.0,0.0
25080,7126,1254,3,0.39079296588897705,0.0003,-0.09147940576076508,-2.081326723098755,1253,0.01562863402068615,-19.90242907,150.0,0.0
25100,7126,1255,3,0.30288076400756836,0.0003,-0.523918867111206,-2.0852484703063965,1254,0.1013437956571579,-19.90242907,150.0,0.0
25120,7125,1256,3,0.31537842750549316,0.0003,-0.376925528049469,-2.093599796295166,1255,0.08787000924348831,-19.90242907,150.0,0.0
25140,7126,1257,3,0.008097231388092041,0.0003,-0.7868350744247437,-2.1050539016723633,1256,0.18674567341804504,-19.90242907,150.0,0.0
25160,7126,1258,3,0.003780066967010498,0.0003,-0.5963240265846252,-2.1176939010620117,1257,0.09925717860460281,-19.90242907,150.0,0.0
25180,7127,1259,3,-0.02562558650970459,0.0003,-0.7214314341545105,-2.1163132190704346,1258,0.1731908917427063,-19.90242907,150.0,0.0
25200,7127,1260,3,-0.06008589267730713,0.0003,-0.8006091117858887,-2.1249423027038574,1259,0.22149141132831573,-19.784997080000004,150.0,0.0
25220,7127,1261,3,-0.035848021507263184,0.0003,-0.6822131276130676,-2.136280059814453,1260,0.13714635372161865,-19.784997080000004,150.0,0.0
25240,7128,1262,3,0.7506989240646362,0.0003,-0.04094534367322922,-2.073331117630005,1261,0.11189471185207367,-19.784997080000004,150.0,0.0
25260,7128,1263,3,0.3032042384147644,0.0003,-0.23491232097148895,-2.085237503051758,1262,0.12567682564258575,-19.784997080000004,150.0,0.0
25280,7129,1264,3,0.8690071105957031,0.0003,0.2131955623626709,-2.0911688804626465,1263,0.04814360663294792,-19.784997080000004,150.0,0.0
25300,7129,1265,3,0.6512537598609924,0.0003,0.21188704669475555,-2.103076457977295,1264,0.10050690174102783,-19.784997080000004,150.0,0.0
25320,7130,1266,3,0.14166009426116943,0.0003,0.2886625826358795,-2.105055332183838,1265,0.3247484564781189,-19.784997080000004,150.0,0.0
25340,7130,1267,3,0.4106854796409607,0.0003,0.8698462247848511,-2.113412380218506,1266,0.7385624051094055,-19.784997080000004,150.0,0.0
25360,7131,1268,3,0.5500032901763916,0.0003,0.1821528673171997,-2.111820697784424,1267,0.33015283942222595,-19.784997080000004,150.0,0.0
25380,7131,1269,3,0.5263944864273071,0.0003,-0.1991111934185028,-2.10601544380188,1268,0.23027899861335754,-19.784997080000004,150.0,0.0
25400,7132,1270,3,0.15493160486221313,0.0003,1.3659595251083374,-2.11875319480896,1269,2.2334835529327393,-19.784997080000004,150.0,0.0
25420,7132,1271,3,0.8470521569252014,0.0003,0.33395564556121826,-2.1202621459960938,1270,0.15126867592334747,-19.784997080000004,150.0,0.0
25440,7133,1272,3,0.33247554302215576,0.0003,-0.3879247009754181,-2.1155502796173096,1271,0.14500953257083893,-19.784997080000004,150.0,0.0
25460,7133,1273,3,0.5121521353721619,0.0003,1.1270428895950317,-2.1063179969787598,1272,0.4394843578338623,-19.784997080000004,150.0,0.0
25480,7134,1274,3,0.422407865524292,0.0003,2.2330117225646973,-2.1012661457061768,1273,2.9870383739471436,-19.784997080000004,150.0,0.0
25500,7134,1275,3,0.8769197463989258,0.0003,0.8183768391609192,-2.0912716388702393,1274,0.3009309470653534,-19.784997080000004,150.0,0.0
25520,7135,1276,3,0.9556480646133423,0.0003,0.07127571851015091,-2.0933523178100586,1275,0.020678702741861343,-19.784997080000004,150.0,0.0
25540,7134,1277,3,0.6758682131767273,0.0003,0.17139162123203278,-2.1030385494232178,1276,0.37440186738967896,-19.784997080000004,150.0,0.0
25560,7134,1278,3,0.9198739528656006,0.0003,0.29423946142196655,-2.0931332111358643,1277,0.07648894935846329,-19.784997080000004,150.0,0.0
25580,7134,1279,3,0.868696928024292,0.0003,0.165164977312088,-2.0871262550354004,1278,0.08322547376155853,-19.784997080000004,150.0,0.0
25600,7135,1280,3,0.2593654990196228,0.0003,0.17073914408683777,-2.1043782234191895,1279,0.10808844864368439,-19.784997080000004,150.0,0.0
25620,7132,1281,3,0.5485624670982361,0.0003,0.6814448237419128,-2.1053805351257324,1280,0.2942192256450653,-19.784997080000004,150.0,0.0
25640,7132,1282,3,0.3844693899154663,0.0003,0.13673803210258484,-2.112929582595825,1281,0.053391266614198685,-19.784997080000004,150.0,0.0
25660,7132,1283,3,0.2744262218475342,0.0003,0.09829512238502502,-2.114901304244995,1282,0.1656094640493393,-19.784997080000004,150.0,0.0
25680,7132,1284,3,0.03387331962585449,0.0003,-0.2611953318119049,-2.0988826751708984,1283,0.19949646294116974,-19.784997080000004,150.0,0.0
25700,7133,1285,3,0.2621755599975586,0.0003,0.06757695227861404,-2.114450454711914,1284,0.12441278994083405,-19.784997080000004,150.0,0.0
25720,7133,1286,3,0.23926472663879395,0.0003,-0.06383209675550461,-2.1404175758361816,1285,0.10884509980678558,-19.784997080000004,150.0,0.0
25740,7133,1287,3,0.41420572996139526,0.0003,0.20802965760231018,-2.1214957237243652,1286,0.08108266443014145,-19.784997080000004,150.0,0.0
25760,7133,1288,3,0.4118940234184265,0.0003,-0.21034939587116241,-2.123957872390747,1287,0.08648412674665451,-19.784997080000004,150.0,0.0
25780,7133,1289,3,0.4895995855331421,0.0003,-0.4037574827671051,-2.1158595085144043,1288,0.08911736309528351,-19.784997080000004,150.0,0.0
25800,7133,1290,3,0.41380494832992554,0.0003,-0.10970727354288101,-2.12333345413208,1289,0.05425918847322464,-19.565945409999998,150.0,0.0
25820,7134,1291,3,0.32962703704833984,0.0003,-0.191645085811615,-2.1195228099823,1290,0.04637440666556358,-19.565945409999998,150.0,0.0
25840,7135,1292,3,0.4922899603843689,0.0003,0.10564734786748886,-2.0054821968078613,1291,0.0936342105269432,-19.565945409999998,150.0,0.0
25860,7135,1293,3,0.4899058938026428,0.0003,-0.7227511405944824,-2.0074009895324707,1292,0.26043978333473206,-19.565945409999998,150.0,0.0
25880,7135,1294,3,-0.13600754737854004,0.0003,0.3251793086528778,-2.009654998779297,1293,0.34789708256721497,-19.565945409999998,150.0,0.0
25900,7135,1295,3,-0.29505598545074463,0.0003,0.8247478604316711,-2.011431932449341,1294,0.49643269181251526,-19.565945409999998,150.0,0.0
25920,7135,1296,3,0.2813599109649658,0.0003,-0.30022937059402466,-2.0076725482940674,1295,0.36755847930908203,-19.565945409999998,150.0,0.0
25940,7136,1297,3,0.6037173271179199,0.0003,0.012751626782119274,-2.0107953548431396,1296,0.15153193473815918,-19.565945409999998,150.0,0.0
25960,7137,1298,3,0.3985276222229004,0.0003,0.5611071586608887,-2.010441541671753,1297,0.6218048930168152,-19.565945409999998,150.0,0.0
25980,7137,1299,3,0.7160466909408569,0.0003,0.8682897686958313,-2.011180877685547,1298,0.872180163860321,-19.565945409999998,150.0,0.0
26000,7137,1300,3,0.8352901935577393,0.0003,0.7164285778999329,-2.0161664485931396,1299,0.9538358449935913,-19.565945409999998,150.0,0.0
26020,7137,1301,3,0.9875822067260742,0.0003,-0.6107891798019409,-2.0182838439941406,1300,0.15609338879585266,-19.565945409999998,150.0,0.0
26040,7138,1302,3,0.964942216873169,0.0003,-0.36377713084220886,-2.0248351097106934,1301,0.24723395705223083,-19.565945409999998,150.0,0.0
26060,7138,1303,3,0.973895251750946,0.0003,-0.7426124811172485,-2.0443687438964844,1302,0.2239464819431305,-19.565945409999998,150.0,0.0
26080,7138,1304,3,0.8546857237815857,0.0003,0.2106143981218338,-2.0502002239227295,1303,0.5892776250839233,-19.565945409999998,150.0,0.0
26100,7138,1305,3,0.9884684085845947,0.0003,-0.4541587829589844,-2.056786298751831,1304,0.08789656311273575,-19.565945409999998,150.0,0.0
26120,7139,1306,3,0.9419295787811279,0.0003,-0.579086422920227,-2.065324306488037,1305,0.19288769364356995,-19.565945409999998,150.0,0.0
26140,7139,1307,3,0.9458418488502502,0.0003,0.3922176957130432,-2.0751736164093018,1306,0.09505394846200943,-19.565945409999998,150.0,0.0
26160,7140,1308,3,0.6276984810829163,0.0003,0.7592622637748718,-2.0786526203155518,1307,1.1463468074798584,-19.565945409999998,150.0,0.0
26180,7140,1309,3,0.8866932392120361,0.0003,-0.502231776714325,-2.08475399017334,1308,0.18179577589035034,-19.565945409999998,150.0,0.0
26200,7141,1310,3,0.9098480939865112,0.0003,0.021966880187392235,-2.091078996658325,1309,0.05325602367520332,-19.565945409999998,150.0,0.0
26220,7141,1311,3,0.7808679342269897,0.0003,-0.30821308493614197,-2.0967369079589844,1310,0.15790268778800964,-19.565945409999998,150.0,0.0
26240,7142,1312,3,0.7146818041801453,0.0003,0.321598082780838,-2.1095023155212402,1311,0.3019619584083557,-19.565945409999998,150.0,0.0
26260,7142,1313,3,0.9285519123077393,0.0003,-0.27425217628479004,-2.1153371334075928,1312,0.06701736152172089,-19.565945409999998,150.0,0.0
26280,7143,1314,3,0.7768988609313965,0.0003,0.14251874387264252,-2.1161417961120605,1313,0.17480626702308655,-19.565945409999998,150.0,0.0
26300,7143,1315,3,0.9513434171676636,0.0003,-0.15279224514961243,-2.1270108222961426,1314,0.03350372239947319,-19.565945409999998,150.0,0.0
26320,7144,1316,3,0.9127897620201111,0.0003,-0.16118097305297852,-2.1286046504974365,1315,0.05411556363105774,-19.565945409999998,150.0,0.0
26340,7144,1317,3,0.808356523513794,0.0003,-0.27179068326950073,-2.12974214553833,1316,0.12904508411884308,-19.565945409999998,150.0,0.0
26360,7145,1318,3,0.7695558071136475,0.0003,-0.23442521691322327,-2.144660472869873,1317,0.12436604499816895,-19.565945409999998,150.0,0.0
26380,7146,1319,3,0.8483738899230957,0.0003,-0.4237346053123474,-2.138374090194702,1318,0.11749313771724701,-19.565945409999998,150.0,0.0
26400,7145,1320,3,0.8854662775993347,0.0003,-0.42367038130760193,-2.1374359130859375,1319,0.07422734797000885,-19.24046635,150.0,0.0
26420,7145,1321,3,0.8206954598426819,0.0003,-0.2396245300769806,-2.1471190452575684,1320,0.07112808525562286,-19.24046635,150.0,0.0
26440,7146,1322,3,0.5652002096176147,0.0003,-0.43809208273887634,-2.062187671661377,1321,0.1807437390089035,-19.24046635,150.0,0.0
26460,7146,1323,3,0.6317147016525269,0.0003,-0.2937842309474945,-2.0647528171539307,1322,0.07357106357812881,-19.24046635,150.0,0.0
26480,7146,1324,3,0.7489806413650513,0.0003,0.09587632119655609,-2.0631885528564453,1323,0.1126646175980568,-19.24046635,150.0,0.0
26500,7146,1325,3,0.925790011882782,0.0003,-0.01687072589993477,-2.0574276447296143,1324,0.0826544463634491,-19.24046635,150.0,0.0
26520,7147,1326,3,0.9503697752952576,0.0003,0.30738580226898193,-2.0600943565368652,1325,0.13108164072036743,-19.24046635,150.0,0.0
26540,7145,1327,3,0.9549657106399536,0.0003,0.32280558347702026,-2.065826892852783,1326,0.2140502631664276,-19.24046635,150.0,0.0
26560,7146,1328,3,0.9373474717140198,0.0003,0.28140386939048767,-2.0678272247314453,1327,0.2784108519554138,-19.24046635,150.0,0.0
26580,7146,1329,3,0.6108608245849609,0.0003,1.0866438150405884,-2.0654048919677734,1328,1.1589065790176392,-19.24046635,150.0,0.0
26600,7147,1330,3,0.9458072781562805,0.0003,-0.41137057542800903,-2.077981948852539,1329,0.15243291854858398,-19.24046635,150.0,0.0
26620,7147,1331,3,0.1577824354171753,0.0003,2.451104164123535,-2.0771069526672363,1330,2.9367289543151855,-19.24046635,150.0,0.0
26640,7148,1332,3,0.8404586911201477,0.0003,0.5311784744262695,-2.0756373405456543,1331,0.3096912205219269,-19.24046635,150.0,0.0
26660,7148,1333,3,0.7866640090942383,0.0003,0.4231100082397461,-2.0735135078430176,1332,0.29975786805152893,-19.24046635,150.0,0.0
26680,7148,1334,3,0.4546886086463928,0.0003,1.7853397130966187,-2.078657388687134,1333,3.8150177001953125,-19.24046635,150.0,0.0
26700,7149,1335,3,0.8705791234970093,0.0003,0.44678133726119995,-2.0797181129455566,1334,0.5150836706161499,-19.24046635,150.0,0.0
26720,7149,1336,3,0.7203046083450317,0.0003,-0.11915113776922226,-2.0698530673980713,1335,1.200171709060669,-19.24046635,150.0,0.0
26740,7150,1337,3,0.9312474131584167,0.0003,-0.691716194152832,-2.0790181159973145,1336,0.3162083625793457,-19.24046635,150.0,0.0
26760,7150,1338,3,0.9086889624595642,0.0003,-0.44370993971824646,-2.0841498374938965,1337,0.32441824674606323,-19.24046635,150.0,0.0
26780,7150,1339,3,0.880619466304779,0.0003,0.1986963450908661,-2.0746288299560547,1338,1.064151406288147,-19.24046635,150.0,0.0
26800,7150,1340,3,0.967390239238739,0.0003,-0.47818174958229065,-2.0679996013641357,1339,0.2529228925704956,-19.24046635,150.0,0.0
26820,7150,1341,3,0.9779362082481384,0.0003,-0.5839906930923462,-2.0727295875549316,1340,0.1740371584892273,-19.24046635,150.0,0.0
26840,7151,1342,3,0.9595707654953003,0.0003,-0.46493348479270935,-2.0620646476745605,1341,0.1664644479751587,-19.24046635,150.0,0.0
26860,7151,1343,3,0.9790967106819153,0.0003,-0.5698190927505493,-2.066643476486206,1342,0.12968656420707703,-19.24046635,150.0,0.0
26880,7152,1344,3,0.9362971782684326,0.0003,-0.5727821588516235,-2.078702926635742,1343,0.14065395295619965,-19.24046635,150.0,0.0
26900,7152,1345,3,0.6875867247581482,0.0003,-0.9035302996635437,-2.091207504272461,1344,0.23662857711315155,-19.24046635,150.0,0.0
26920,7153,1346,3,0.959061861038208,0.0003,-0.4365176558494568,-2.0843021869659424,1345,0.06299924850463867,-19.24046635,150.0,0.0
26940,7153,1347,3,0.7525594234466553,0.0003,-0.6159945726394653,-2.09613299369812,1346,0.11149749904870987,-19.24046635,150.0,0.0
26960,7153,1348,3,0.44240081310272217,0.0003,-0.5516095757484436,-2.1020493507385254,1347,0.11691324412822723,-19.24046635,150.0,0.0
26980,7154,1349,3,0.00467294454574585,0.0003,-0.4090654253959656,-2.1127676963806152,1348,0.08757112920284271,-19.24046635,150.0,0.0
27000,7154,1350,3,-1.1982614994049072,0.0003,-0.37614625692367554,-2.1225178241729736,1349,0.08251647651195526,-19.25112881,150.0,0.0
27020,7154,1351,3,-1.7090682983398438,0.0003,-0.28462594747543335,-2.129481315612793,1350,0.030283203348517418,-19.25112881,150.0,0.0
27040,7155,1352,3,0.903249979019165,0.0003,-0.48299089074134827,-2.021030902862549,1351,0.11223218590021133,-19.25112881,150.0,0.0
27060,7155,1353,3,0.8048529624938965,0.0003,-0.018492290750145912,-2.0233380794525146,1352,0.2499663382768631,-19.25112881,150.0,0.0
27080,7156,1354,3,0.9602013230323792,0.0003,-0.4663376212120056,-2.050563097000122,1353,0.09603919088840485,-19.25112881,150.0,0.0
27100,7156,1355,3,0.9030075073242188,0.0003,-0.2606496512889862,-2.0559613704681396,1354,0.17002469301223755,-19.25112881,150.0,0.0
27120,7157,1356,3,0.9461044073104858,0.0003,0.3082636892795563,-2.051079273223877,1355,0.17145411670207977,-19.25112881,150.0,0.0
27140,7157,1357,3,0.9497727155685425,0.0003,0.044063132256269455,-2.053417682647705,1356,0.18468192219734192,-19.25112881,150.0,0.0
27160,7157,1358,3,0.9823655486106873,0.0003,-0.3103209137916565,-2.0504488945007324,1357,0.06893055886030197,-19.25112881,150.0,0.0
27180,7158,1359,3,0.9884467720985413,0.0003,-0.25245174765586853,-2.054535150527954,1358,0.04488615319132805,-19.25112881,150.0,0.0
27200,7158,1360,3,0.7885990142822266,0.0003,0.6245967149734497,-2.0522427558898926,1359,0.6189759969711304,-19.25112881,150.0,0.0
27220,7158,1361,3,0.8760500550270081,0.0003,-0.38173750042915344,-2.061649799346924,1360,0.1692219078540802,-19.25112881,150.0,0.0
27240,7159,1362,3,0.8950998783111572,0.0003,-0.09299507737159729,-2.070873498916626,1361,0.06933942437171936,-19.25112881,150.0,0.0
27260,7158,1363,3,0.2933080196380615,0.0003,-0.3390478491783142,-2.0623269081115723,1362,0.14441120624542236,-19.25112881,150.0,0.0
27280,7158,1364,3,0.7375699281692505,0.0003,-0.025607382878661156,-2.071167230606079,1363,0.028993576765060425,-19.25112881,150.0,0.0
27300,7158,1365,3,0.36811506748199463,0.0003,1.0553779602050781,-2.0578866004943848,1364,1.1000173091888428,-19.25112881,150.0,0.0
27320,7159,1366,3,0.7945329546928406,0.0003,0.02763340249657631,-2.0488839149475098,1365,0.12048520147800446,-19.25112881,150.0,0.0
27340,7158,1367,3,0.7267429828643799,0.0003,0.448573499917984,-2.0444047451019287,1366,0.24884279072284698,-19.25112881,150.0,0.0
27360,7159,1368,3,0.8681679368019104,0.0003,0.13177241384983063,-2.0547518730163574,1367,0.09951897710561752,-19.25112881,150.0,0.0
27380,7159,1369,3,0.7440997958183289,0.0003,0.4869697690010071,-2.04888916015625,1368,0.5179374814033508,-19.25112881,150.0,0.0
27400,7158,1370,3,0.9578551054000854,0.0003,-0.11566291749477386,-2.0538699626922607,1369,0.032396480441093445,-19.25112881,150.0,0.0
27420,7158,1371,3,0.6359868049621582,0.0003,-0.5604598522186279,-2.0476908683776855,1370,0.21487590670585632,-19.25112881,150.0,0.0
27440,7159,1372,3,0.6813782453536987,0.0003,-0.5507105588912964,-2.0536601543426514,1371,0.1587199568748474,-19.25112881,150.0,0.0
27460,7159,1373,3,0.7815831303596497,0.0003,-0.5164304971694946,-2.055704355239868,1372,0.10609956085681915,-19.25112881,150.0,0.0
27480,7159,1374,3,0.517684280872345,0.0003,-0.2565525472164154,-2.0661873817443848,1373,0.10373423248529434,-19.25112881,150.0,0.0
27500,7159,1375,3,0.7217940092086792,0.0003,-0.36456063389778137,-2.0838398933410645,1374,0.08050713688135147,-19.25112881,150.0,0.0
27520,7160,1376,3,0.3231549859046936,0.0003,-0.17844024300575256,-2.1057517528533936,1375,0.05447331815958023,-19.25112881,150.0,0.0
27540,7159,1377,3,-0.026207923889160156,0.0003,0.7500747442245483,-2.097137212753296,1376,1.1538705825805664,-19.25112881,150.0,0.0
27560,7160,1378,3,-0.1017296314239502,0.0003,0.5236144065856934,-2.090336561203003,1377,0.44003915786743164,-19.25112881,150.0,0.0
27580,7160,1379,3,-0.49544358253479004,0.0003,-0.2735113799571991,-2.0962328910827637,1378,0.04505748674273491,-19.25112881,150.0,0.0
27600,7159,1380,3,-0.12588608264923096,0.0003,-0.37521809339523315,-2.101684808731079,1379,0.0637517049908638,-19.458532250000005,150.0,0.0
27620,7160,1381,3,0.009413421154022217,0.0003,-0.5128936767578125,-2.110799789428711,1380,0.119815394282341,-19.458532250000005,150.0,0.0
27640,7160,1382,3,0.8342717885971069,0.0003,0.8186826705932617,-1.9839853048324585,1381,0.27967971563339233,-19.458532250000005,150.0,0.0
27660,7160,1383,3,0.9072471261024475,0.0003,0.22782912850379944,-1.991737723350525,1382,0.1229216456413269,-19.458532250000005,150.0,0.0
27680,7161,1384,3,0.9451419115066528,0.0003,-0.22440683841705322,-1.9912605285644531,1383,0.06547215580940247,-19.458532250000005,150.0,0.0
27700,7161,1385,3,0.920676052570343,0.0003,0.13407155871391296,-1.9884891510009766,1384,0.20394472777843475,-19.458532250000005,150.0,0.0
27720,7161,1386,3,0.948245108127594,0.0003,0.631147563457489,-1.988135576248169,1385,0.3071606159210205,-19.458532250000005,150.0,0.0
27740,7162,1387,3,0.9606343507766724,0.0003,0.4589870572090149,-1.9936615228652954,1386,0.33213645219802856,-19.458532250000005,150.0,0.0
27760,7162,1388,3,0.9935811161994934,0.0003,0.15759722888469696,-2.003225564956665,1387,0.06598316133022308,-19.458532250000005,150.0,0.0
27780,7163,1389,3,0.9839416146278381,0.0003,0.1842237263917923,-2.007072925567627,1388,0.24301233887672424,-19.458532250000005,150.0,0.0
27800,7163,1390,3,0.9859963655471802,0.0003,0.5204113721847534,-2.0193049907684326,1389,0.3463191092014313,-19.458532250000005,150.0,0.0
27820,7164,1391,3,0.9894466996192932,0.0003,0.054352980107069016,-2.023969888687134,1390,0.30785873532295227,-19.458532250000005,150.0,0.0
27840,7164,1392,3,0.994988739490509,0.0003,-0.27386707067489624,-2.024021625518799,1391,0.18187524378299713,-19.458532250000005,150.0,0.0
27860,7165,1393,3,0.9934354424476624,0.0003,0.15076418220996857,-2.0304179191589355,1392,0.19213800132274628,-19.458532250000005,150.0,0.0
27880,7166,1394,3,0.9758782982826233,0.0003,-0.9290024638175964,-2.0153472423553467,1393,0.7805758118629456,-19.458532250000005,150.0,0.0
27900,7166,1395,3,0.992570161819458,0.0003,-0.6969875693321228,-2.0255303382873535,1394,0.27106449007987976,-19.458532250000005,150.0,0.0
27920,7167,1396,3,0.8866548538208008,0.0003,1.4437236785888672,-2.0302090644836426,1395,2.2148609161376953,-19.458532250000005,150.0,0.0
27940,7167,1397,3,0.9837741851806641,0.0003,-1.1225738525390625,-2.0310330390930176,1396,0.5040515065193176,-19.458532250000005,150.0,0.0
27960,7168,1398,3,0.9612566232681274,0.0003,-0.8839738965034485,-2.032571315765381,1397,0.5914213061332703,-19.458532250000005,150.0,0.0
27980,7168,1399,3,0.9657037258148193,0.0003,-0.8539525866508484,-2.049945831298828,1398,0.36759015917778015,-19.458532250000005,150.0,0.0
28000,7168,1400,3,0.9281189441680908,0.0003,-0.2516356408596039,-2.0560176372528076,1399,0.23250827193260193,-19.458532250000005,150.0,0.0
28020,7169,1401,3,0.9691722393035889,0.0003,-0.4773798882961273,-2.067544460296631,1400,0.14053545892238617,-19.458532250000005,150.0,0.0
28040,7169,1402,3,0.9835741519927979,0.0003,-0.34321823716163635,-2.0820693969726562,1401,0.05409156158566475,-19.458532250000005,150.0,0.0
28060,7170,1403,3,0.9730446338653564,0.0003,-0.2736879289150238,-2.092045307159424,1402,0.048349153250455856,-19.458532250000005,150.0,0.0
28080,7171,1404,3,0.9534777402877808,0.0003,-0.21952295303344727,-2.105832576751709,1403,0.055524665862321854,-19.458532250000005,150.0,0.0
28100,7171,1405,3,0.9194900393486023,0.0003,0.07802676409482956,-2.130216121673584,1404,0.07263267040252686,-19.458532250000005,150.0,0.0
28120,7170,1406,3,0.9762118458747864,0.0003,-0.04012676328420639,-2.148214817047119,1405,0.016625020653009415,-19.458532250000005,150.0,0.0
28140,7171,1407,3,0.955277144908905,0.0003,0.21757659316062927,-2.1386654376983643,1406,0.04606587439775467,-19.458532250000005,150.0,0.0
28160,7171,1408,3,0.9586984515190125,0.0003,-0.08875314891338348,-2.1448168754577637,1407,0.045349955558776855,-19.458532250000005,150.0,0.0
28180,7170,1409,3,0.9522770047187805,0.0003,-0.16247472167015076,-2.1507303714752197,1408,0.07918737828731537,-19.458532250000005,150.0,0.0
28200,7170,1410,3,0.9617563486099243,0.0003,-0.10213621705770493,-2.1609761714935303,1409,0.07052339613437653,-19.29772207,150.0,0.0
28220,7170,1411,3,0.9797203540802002,0.0003,0.0917082354426384,-2.1669394969940186,1410,0.049833785742521286,-19.29772207,150.0,0.0
28240,7170,1412,3,0.8144274950027466,0.0003,-0.6155195236206055,-2.06402325630188,1411,0.3044366240501404,-19.29772207,150.0,0.0
28260,7170,1413,3,0.9449954032897949,0.0003,0.5380769968032837,-2.08717679977417,1412,0.1207413300871849,-19.29772207,150.0,0.0
28280,7170,1414,3,0.6095200181007385,0.0003,-1.0488531589508057,-2.0807104110717773,1413,0.4866334795951843,-19.29772207,150.0,0.0
28300,7171,1415,3,0.6582396030426025,0.0003,-0.5504494905471802,-2.082645893096924,1414,0.22235310077667236,-19.29772207,150.0,0.0
28320,7171,1416,3,0.4440993070602417,0.0003,-0.8831993937492371,-2.0819661617279053,1415,0.5657742619514465,-19.29772207,150.0,0.0
28340,7172,1417,3,0.8706865310668945,0.0003,-0.25452229380607605,-2.07855224609375,1416,0.1324535310268402,-19.29772207,150.0,0.0
28360,7172,1418,3,0.9635681509971619,0.0003,-0.43133148550987244,-2.0677874088287354,1417,0.07382649183273315,-19.29772207,150.0,0.0
28380,7173,1419,3,0.53020179271698,0.0003,1.1644184589385986,-2.0683786869049072,1418,2.6034088134765625,-19.29772207,150.0,0.0
28400,7173,1420,3,0.8963255882263184,0.0003,-0.4219713807106018,-2.0700783729553223,1419,0.44999927282333374,-19.29772207,150.0,0.0
28420,7173,1421,3,0.9565040469169617,0.0003,-0.07722408324480057,-2.076233386993408,1420,0.09939731657505035,-19.29772207,150.0,0.0
28440,7173,1422,3,0.7675867080688477,0.0003,-0.2747870683670044,-2.079171657562256,1421,0.30013322830200195,-19.29772207,150.0,0.0
28460,7174,1423,3,0.9404981732368469,0.0003,0.8377723693847656,-2.0732831954956055,1422,0.2586842179298401,-19.29772207,150.0,0.0
28480,7174,1424,3,-0.503149151802063,0.0003,1.8523235321044922,-2.065185785293579,1423,1.5475890636444092,-19.29772207,150.0,0.0
28500,7175,1425,3,0.8950366377830505,0.0003,0.36634790897369385,-2.0865097045898438,1424,0.10639049857854843,-19.29772207,150.0,0.0
28520,7175,1426,3,0.8148572444915771,0.0003,0.7953872084617615,-2.0914154052734375,1425,0.42135804891586304,-19.29772207,150.0,0.0
28540,7175,1427,3,-0.5243679285049438,0.0003,0.837060272693634,-2.0899055004119873,1426,0.8932641744613647,-19.29772207,150.0,0.0
28560,7176,1428,3,0.30110156536102295,0.0003,0.34274646639823914,-2.093079090118408,1427,0.14465229213237762,-19.29772207,150.0,0.0
28580,7176,1429,3,-2.2234508991241455,0.0003,-0.1816559135913849,-2.0983431339263916,1428,0.10061224550008774,-19.29772207,150.0,0.0
28600,7176,1430,3,0.670377790927887,0.0003,-0.1528410017490387,-2.133504867553711,1429,0.021612828597426414,-19.29772207,150.0,0.0
28620,7177,1431,3,-0.07900166511535645,0.0003,-0.19041211903095245,-2.138279438018799,1430,0.35061246156692505,-19.29772207,150.0,0.0
28640,7177,1432,3,-0.7133266925811768,0.0003,-0.020343825221061707,-2.109123945236206,1431,0.011168936267495155,-19.29772207,150.0,0.0
28660,7178,1433,3,0.24156427383422852,0.0003,-0.31689468026161194,-2.119955062866211,1432,0.03888850659132004,-19.29772207,150.0,0.0
28680,7178,1434,3,-0.049726009368896484,0.0003,0.12326035648584366,-2.110182285308838,1433,0.3920949697494507,-19.29772207,150.0,0.0
28700,7179,1435,3,-0.4355820417404175,0.0003,-0.2542288899421692,-2.1290194988250732,1434,0.03725851699709892,-19.29772207,150.0,0.0
28720,7178,1436,4,-0.17052733898162842,0.0003,-0.5083821415901184,-2.139254331588745,1435,0.0883622020483017,-19.29772207,150.0,0.0
28740,7178,1437,4,-0.1806471347808838,0.0003,-0.5150384902954102,-2.1539132595062256,1436,0.07444034516811371,-19.29772207,150.0,0.0
28760,7179,1438,4,-0.12759244441986084,0.0003,-0.23093077540397644,-2.158203601837158,1437,0.0336233489215374,-19.29772207,150.0,0.0
28780,7179,1439,4,-0.16215014457702637,0.0003,-0.04321054741740227,-2.169543504714966,1438,0.01579705998301506,-19.29772207,150.0,0.0
28800,7179,1440,4,-0.11745667457580566,0.0003,-0.09581507742404938,-2.17576265335083,1439,0.01066317968070507,-19.14767533,150.0,0.0
28820,7180,1441,4,0.03118973970413208,0.0003,-0.18822845816612244,-2.179446220397949,1440,0.018549179658293724,-19.14767533,150.0,0.0
28840,7180,1442,4,0.8848854303359985,0.0003,0.05043727904558182,-2.0484542846679688,1441,0.10847215354442596,-19.14767533,150.0,0.0
28860,7181,1443,4,0.7645089626312256,0.0003,-0.3749968409538269,-2.0461840629577637,1442,0.11965017020702362,-19.14767533,150.0,0.0
28880,7181,1444,4,0.8632860779762268,0.0003,-0.18381574749946594,-2.04665470123291,1443,0.09496064484119415,-19.14767533,150.0,0.0
28900,7182,1445,4,0.8935168981552124,0.0003,-0.32822346687316895,-2.056912899017334,1444,0.09003773331642151,-19.14767533,150.0,0.0
28920,7182,1446,4,0.874714195728302,0.0003,-0.34066349267959595,-2.058466911315918,1445,0.11626052856445312,-19.14767533,150.0,0.0
28940,7182,1447,4,0.8647144436836243,0.0003,-0.4019908010959625,-2.0632755756378174,1446,0.11800003051757812,-19.14767533,150.0,0.0
28960,7183,1448,4,0.8050127029418945,0.0003,0.20536179840564728,-2.0647051334381104,1447,0.0920388475060463,-19.14767533,150.0,0.0
28980,7182,1449,4,0.8927425742149353,0.0003,-0.23927073180675507,-2.073711395263672,1448,0.09955544769763947,-19.14767533,150.0,0.0
29000,7183,1450,4,0.9238219857215881,0.0003,0.4698624610900879,-2.076554775238037,1449,0.12221059948205948,-19.14767533,150.0,0.0
29020,7183,1451,4,0.9372705221176147,0.0003,-0.04791281372308731,-2.079918384552002,1450,0.08219915628433228,-19.14767533,150.0,0.0
29040,7183,1452,4,0.9902015924453735,0.0003,-0.03690766170620918,-2.0772361755371094,1451,0.011116734705865383,-19.14767533,150.0,0.0
29060,7183,1453,4,0.9903213977813721,0.0003,-0.08723405748605728,-2.103588342666626,1452,0.01128918956965208,-19.14767533,150.0,0.0
29080,7183,1454,4,0.970900297164917,0.0003,0.2572447657585144,-2.1299149990081787,1453,0.037835605442523956,-19.14767533,150.0,0.0
29100,7183,1455,4,0.5815120935440063,0.0003,0.5399526357650757,-2.1324026584625244,1454,0.2563066780567169,-19.14767533,150.0,0.0
29120,7184,1456,4,0.9237058758735657,0.0003,0.15141287446022034,-2.1279799938201904,1455,0.06483999639749527,-19.14767533,150.0,0.0
29140,7184,1457,4,0.9501753449440002,0.0003,0.1313137263059616,-2.138387441635132,1456,0.03719659149646759,-19.14767533,150.0,0.0
29160,7185,1458,4,0.8496953248977661,0.0003,0.34287944436073303,-2.1422553062438965,1457,0.21644708514213562,-19.14767533,150.0,0.0
29180,7185,1459,4,0.8211801648139954,0.0003,0.3049747347831726,-2.136726140975952,1458,0.23068299889564514,-19.14767533,150.0,0.0
29200,7185,1460,4,0.8770844340324402,0.0003,-0.2936282455921173,-2.147437334060669,1459,0.09458212554454803,-19.14767533,150.0,0.0
29220,7185,1461,4,0.9222618341445923,0.0003,-0.1661721169948578,-2.1563408374786377,1460,0.05443793535232544,-19.14767533,150.0,0.0
29240,7186,1462,4,0.28338778018951416,0.0003,0.3720954954624176,-2.1687376499176025,1461,0.8400143384933472,-19.14767533,150.0,0.0
29260,7186,1463,4,0.87136310338974,0.0003,-0.4730807840824127,-2.1627116203308105,1462,0.08896125853061676,-19.14767533,150.0,0.0
29280,7186,1464,4,0.5685773491859436,0.0003,-0.0689150020480156,-2.1677753925323486,1463,0.1471346914768219,-19.14767533,150.0,0.0
29300,7186,1465,4,0.6805300712585449,0.0003,-0.4152797758579254,-2.1662545204162598,1464,0.12411423027515411,-19.14767533,150.0,0.0
29320,7187,1466,4,0.5808670520782471,0.0003,-0.2005000114440918,-2.1628265380859375,1465,0.13714683055877686,-19.14767533,150.0,0.0
29340,7187,1467,4,0.6186689138412476,0.0003,-0.5160716772079468,-2.161090135574341,1466,0.14827081561088562,-19.14767533,150.0,0.0
29360,7187,1468,4,0.6400569677352905,0.0003,-0.1292445957660675,-2.1643333435058594,1467,0.05725102871656418,-19.14767533,150.0,0.0
29380,7187,1469,4,-0.004280447959899902,0.0003,-0.12576979398727417,-2.1665568351745605,1468,0.25523534417152405,-19.14767533,150.0,0.0
29400,7187,1470,4,0.2914165258407593,0.0003,-0.2490752935409546,-2.1632745265960693,1469,0.056324105709791183,-19.12572578,150.0,0.0
29420,7188,1471,4,-0.007162809371948242,0.0003,0.34486040472984314,-2.166949510574341,1470,0.38627415895462036,-19.12572578,150.0,0.0
29440,7188,1472,4,0.785581111907959,0.0003,-0.03384806215763092,-1.9853591918945312,1471,0.047412093728780746,-19.12572578,150.0,0.0
29460,7188,1473,4,0.5584168434143066,0.0003,-0.23891127109527588,-1.9827572107315063,1472,0.2986382246017456,-19.12572578,150.0,0.0
29480,7189,1474,4,0.8394567370414734,0.0003,-0.17315025627613068,-1.9831955432891846,1473,0.12465906143188477,-19.12572578,150.0,0.0
29500,7189,1475,4,0.9072971343994141,0.0003,-0.0037082701455801725,-2.008202075958252,1474,0.07248812168836594,-19.12572578,150.0,0.0
29520,7189,1476,4,0.8978804349899292,0.0003,0.5095165967941284,-2.009645462036133,1475,0.2184419184923172,-19.12572578,150.0,0.0
29540,7190,1477,4,0.7617652416229248,0.0003,0.17517483234405518,-2.012921094894409,1476,0.8838664889335632,-19.12572578,150.0,0.0
29560,7190,1478,4,0.9476600885391235,0.0003,0.0009256377816200256,-2.0109870433807373,1477,0.2085832804441452,-19.12572578,150.0,0.0
29580,7191,1479,4,0.980423629283905,0.0003,-0.24575504660606384,-2.025322675704956,1478,0.07022251933813095,-19.12572578,150.0,0.0
29600,7191,1480,4,0.9742037057876587,0.0003,0.3709535300731659,-2.0238571166992188,1479,0.11681215465068817,-19.12572578,150.0,0.0
29620,7191,1481,4,0.8627926111221313,0.0003,0.8516027331352234,-2.017303705215454,1480,0.6222827434539795,-19.12572578,150.0,0.0
29640,7192,1482,4,0.9450677037239075,0.0003,0.21388927102088928,-2.025503158569336,1481,0.16758552193641663,-19.12572578,150.0,0.0
29660,7191,1483,4,0.4502047896385193,0.0003,1.3491419553756714,-2.030374050140381,1482,1.610335350036621,-19.12572578,150.0,0.0
29680,7191,1484,4,0.8513554930686951,0.0003,0.14781706035137177,-2.0202879905700684,1483,0.2761662006378174,-19.12572578,150.0,0.0
29700,7190,1485,4,0.9793344736099243,0.0003,0.4766351282596588,-2.0216856002807617,1484,0.1122092455625534,-19.12572578,150.0,0.0
29720,7191,1486,4,0.2897431254386902,0.0003,1.5200532674789429,-2.015714645385742,1485,2.4842777252197266,-19.12572578,150.0,0.0
29740,7191,1487,4,0.9606267213821411,0.0003,-0.40064650774002075,-2.033430576324463,1486,0.10612698644399643,-19.12572578,150.0,0.0
29760,7191,1488,4,0.9259930849075317,0.0003,-0.402566134929657,-2.0336079597473145,1487,0.1217179149389267,-19.12572578,150.0,0.0
29780,7192,1489,4,0.9752515554428101,0.0003,-0.09373211115598679,-2.0451819896698,1488,0.023446092382073402,-19.12572578,150.0,0.0
29800,7192,1490,4,0.8473420143127441,0.0003,0.13780197501182556,-2.055788278579712,1489,0.15371540188789368,-19.12572578,150.0,0.0
29820,7192,1491,4,0.961633563041687,0.0003,-0.19806447625160217,-2.070587158203125,1490,0.04334639757871628,-19.12572578,150.0,0.0
29840,7193,1492,4,0.9526137709617615,0.0003,-0.23663513362407684,-2.067702054977417,1491,0.05235199257731438,-19.12572578,150.0,0.0
29860,7192,1493,4,0.7073165774345398,0.0003,0.07814997434616089,-2.066145658493042,1492,0.10900590568780899,-19.12572578,150.0,0.0
29880,7193,1494,4,0.8976485729217529,0.0003,-0.22010140120983124,-2.073129177093506,1493,0.040354885160923004,-19.12572578,150.0,0.0
29900,7193,1495,4,0.8263652920722961,0.0003,-0.31172963976860046,-2.07763671875,1494,0.08175618201494217,-19.12572578,150.0,0.0
29920,7192,1496,4,0.8076052665710449,0.0003,-0.16054636240005493,-2.079874277114868,1495,0.04645561799407005,-19.12572578,150.0,0.0
29940,7192,1497,4,0.711537778377533,0.0003,-0.46730631589889526,-2.083876132965088,1496,0.07182470709085464,-19.12572578,150.0,0.0
29960,7192,1498,4,0.5730442404747009,0.0003,-0.3103582561016083,-2.0951569080352783,1497,0.04272427782416344,-19.12572578,150.0,0.0
29980,7192,1499,4,-2.7239503860473633,0.0003,-0.22099268436431885,-2.1091628074645996,1498,0.045170485973358154,-19.12572578,150.0,0.0
30000,7191,1500,4,0.14579284191131592,0.0003,-0.311998188495636,-2.1226272583007812,1499,0.03274618834257126,-18.881537620000003,150.0,0.0
30020,7192,1501,4,-0.08420920372009277,0.0003,-0.15731310844421387,-2.1343021392822266,1500,0.012353390455245972,-18.881537620000003,150.0,0.0
30040,7191,1502,4,0.48245251178741455,0.0003,-0.5732723474502563,-1.9621416330337524,1501,0.2129281759262085,-18.881537620000003,150.0,0.0
30060,7191,1503,4,0.7414922118186951,0.0003,-0.4036989212036133,-1.9633419513702393,1502,0.26033833622932434,-18.881537620000003,150.0,0.0
30080,7191,1504,4,0.9724734425544739,0.0003,-0.2142123430967331,-1.9746534824371338,1503,0.03317331522703171,-18.881537620000003,150.0,0.0
30100,7190,1505,4,0.8700001835823059,0.0003,0.14449413120746613,-1.9771263599395752,1504,0.1942404806613922,-18.881537620000003,150.0,0.0
30120,7190,1506,4,0.9531243443489075,0.0003,-0.08799915015697479,-1.9937622547149658,1505,0.06416331231594086,-18.881537620000003,150.0,0.0
30140,7190,1507,4,0.9796345233917236,0.0003,-0.03626946359872818,-2.0012130737304688,1506,0.030069803819060326,-18.881537620000003,150.0,0.0
30160,7189,1508,4,0.9826959371566772,0.0003,-0.20507928729057312,-2.014127731323242,1507,0.044266898185014725,-18.881537620000003,150.0,0.0
30180,7189,1509,4,0.9518962502479553,0.0003,0.3302794098854065,-2.021951198577881,1508,0.08645793795585632,-18.881537620000003,150.0,0.0
30200,7190,1510,4,0.9879081845283508,0.0003,0.11131159216165543,-2.045823097229004,1509,0.019983235746622086,-18.881537620000003,150.0,0.0
30220,7189,1511,4,0.8100192546844482,0.0003,0.44163113832473755,-2.0519139766693115,1510,0.2753341794013977,-18.881537620000003,150.0,0.0
30240,7189,1512,4,0.8908507227897644,0.0003,0.9820131063461304,-2.0599215030670166,1511,0.3458077609539032,-18.881537620000003,150.0,0.0
30260,7189,1513,4,0.529756486415863,0.0003,0.6091676950454712,-2.0533599853515625,1512,1.0027822256088257,-18.881537620000003,150.0,0.0
30280,7189,1514,4,0.37692880630493164,0.0003,1.0641019344329834,-2.055701732635498,1513,1.3014904260635376,-18.881537620000003,150.0,0.0
30300,7189,1515,4,0.9570462703704834,0.0003,0.1062980517745018,-2.0545921325683594,1514,0.05665566772222519,-18.881537620000003,150.0,0.0
30320,7189,1516,4,0.6816084384918213,0.0003,0.45498114824295044,-2.0432205200195312,1515,0.36114004254341125,-18.881537620000003,150.0,0.0
30340,7189,1517,4,0.9450421333312988,0.0003,-0.4986075460910797,-2.029143810272217,1516,0.103523388504982,-18.881537620000003,150.0,0.0
30360,7189,1518,4,0.6819367408752441,0.0003,0.1624571979045868,-2.0334041118621826,1517,0.2031245231628418,-18.881537620000003,150.0,0.0
30380,7189,1519,4,0.90200275182724,0.0003,-0.3520400822162628,-2.018767833709717,1518,0.09619949758052826,-18.881537620000003,150.0,0.0
30400,7189,1520,4,0.8914304971694946,0.0003,-0.46995124220848083,-2.032595634460449,1519,0.0848538875579834,-18.881537620000003,150.0,0.0
30420,7189,1521,4,0.8432417511940002,0.0003,-0.7084522247314453,-2.035407781600952,1520,0.16524311900138855,-18.881537620000003,150.0,0.0
30440,7189,1522,4,0.7281928062438965,0.0003,-0.2323426902294159,-2.0412192344665527,1521,0.10669910907745361,-18.881537620000003,150.0,0.0
30460,7190,1523,4,0.7108097076416016,0.0003,-0.21882560849189758,-2.055737018585205,1522,0.08015046268701553,-18.881537620000003,150.0,0.0
30480,7190,1524,4,0.619533896446228,0.0003,-0.4072423577308655,-2.0454273223876953,1523,0.16540047526359558,-18.881537620000003,150.0,0.0
30500,7190,1525,4,0.5966801643371582,0.0003,-0.2987259030342102,-2.0611090660095215,1524,0.1069348081946373,-18.881537620000003,150.0,0.0
30520,7190,1526,4,0.3448670506477356,0.0003,0.1795664131641388,-2.0743319988250732,1525,0.5058634281158447,-18.881537620000003,150.0,0.0
30540,7191,1527,4,0.5462128520011902,0.0003,-0.2158423215150833,-2.0618393421173096,1526,0.20167353749275208,-18.881537620000003,150.0,0.0
30560,7191,1528,4,0.5533894300460815,0.0003,-0.17650501430034637,-2.0868172645568848,1527,0.2312774360179901,-18.881537620000003,150.0,0.0
30580,7192,1529,4,0.631173849105835,0.0003,-0.1026453748345375,-2.0758509635925293,1528,0.18679465353488922,-18.881537620000003,150.0,0.0
30600,7192,1530,4,0.4807448983192444,0.0003,0.08105649799108505,-2.0679421424865723,1529,0.5960990190505981,-19.04936924,150.0,0.0
30620,7192,1531,4,0.7680695652961731,0.0003,-0.35998842120170593,-2.050316572189331,1530,0.13685086369514465,-19.04936924,150.0,0.0
30640,7192,1532,4,0.892341673374176,0.0003,-0.11359454691410065,-1.8502800464630127,1531,0.08294019848108292,-19.04936924,150.0,0.0
30660,7191,1533,4,0.9632720947265625,0.0003,0.17666912078857422,-1.8544175624847412,1532,0.04332723468542099,-19.04936924,150.0,0.0
30680,7192,1534,4,0.8646845817565918,0.0003,-0.6272340416908264,-1.866333246231079,1533,0.4336492419242859,-19.04936924,150.0,0.0
30700,7192,1535,4,0.9642341732978821,0.0003,-0.555045485496521,-1.8727000951766968,1534,0.12301480770111084,-19.04936924,150.0,0.0
30720,7192,1536,4,0.961205005645752,0.0003,0.028408337384462357,-1.8702472448349,1535,0.055759549140930176,-19.04936924,150.0,0.0
30740,7192,1537,4,0.9651309251785278,0.0003,-0.03606380522251129,-1.8701565265655518,1536,0.05630255863070488,-19.04936924,150.0,0.0
30760,7192,1538,4,0.9387456774711609,0.0003,-0.02705182507634163,-1.8592523336410522,1537,0.13156959414482117,-19.04936924,150.0,0.0
30780,7192,1539,4,0.8485399484634399,0.0003,-0.21266505122184753,-1.891523003578186,1538,0.13909581303596497,-19.04936924,150.0,0.0
30800,7192,1540,4,-0.1383533477783203,0.0003,0.8472119569778442,-1.8954700231552124,1539,1.338733434677124,-19.04936924,150.0,0.0
30820,7192,1541,4,0.6961556673049927,0.0003,-0.7015198469161987,-1.885459542274475,1540,0.2189927101135254,-19.04936924,150.0,0.0
30840,7193,1542,4,-1.9486136436462402,0.0003,-0.040424250066280365,-1.893596887588501,1541,0.20444652438163757,-19.04936924,150.0,0.0
30860,7193,1543,4,-0.1663494110107422,0.0003,-0.23464736342430115,-1.8897762298583984,1542,0.09048308432102203,-19.04936924,150.0,0.0
30880,7193,1544,4,0.498687207698822,0.0003,-0.15875671803951263,-1.9011873006820679,1543,0.04882560297846794,-19.04936924,150.0,0.0
30900,7193,1545,4,0.48670387268066406,0.0003,-0.6037406325340271,-1.8983675241470337,1544,0.17584797739982605,-19.04936924,150.0,0.0
30920,7192,1546,4,-0.11645448207855225,0.0003,-0.44860273599624634,-1.9222370386123657,1545,0.1816665381193161,-19.04936924,150.0,0.0
30940,7193,1547,4,0.12654966115951538,0.0003,-0.2542375922203064,-1.9405319690704346,1546,0.2043539583683014,-19.04936924,150.0,0.0
30960,7193,1548,4,0.37665969133377075,0.0003,-0.2944134473800659,-1.9518344402313232,1547,0.10377898067235947,-19.04936924,150.0,0.0
30980,7194,1549,4,0.42400217056274414,0.0003,-0.6800515055656433,-1.9790481328964233,1548,0.15618768334388733,-19.04936924,150.0,0.0
31000,7194,1550,4,0.3269427418708801,0.0003,-0.4429026246070862,-2.000532388687134,1549,0.11529312282800674,-19.04936924,150.0,0.0
31020,7194,1551,4,0.4083864092826843,0.0003,-0.3793473541736603,-2.031191110610962,1550,0.08379354327917099,-19.04936924,150.0,0.0
31040,7195,1552,4,-0.06856215000152588,0.0003,-0.08445604890584946,-2.0377352237701416,1551,0.5501111745834351,-19.04936924,150.0,0.0
31060,7195,1553,4,0.0871700644493103,0.0003,-0.5025116205215454,-2.054252862930298,1552,0.1546456515789032,-19.04936924,150.0,0.0
31080,7195,1554,4,0.18693631887435913,0.0003,-0.5343493223190308,-2.074470043182373,1553,0.08692917972803116,-19.04936924,150.0,0.0
31100,7196,1555,4,0.010855555534362793,0.0003,-0.4021616578102112,-2.089447498321533,1554,0.1405602991580963,-19.04936924,150.0,0.0
31120,7196,1556,4,-0.039337992668151855,0.0003,-0.2319798767566681,-2.0976719856262207,1555,0.09371022880077362,-19.04936924,150.0,0.0
31140,7197,1557,4,-0.023676156997680664,0.0003,-0.3262311816215515,-2.1222994327545166,1556,0.08265496045351028,-19.04936924,150.0,0.0
31160,7197,1558,4,-0.0203244686126709,0.0003,-0.4102693498134613,-2.123122453689575,1557,0.11052055656909943,-19.04936924,150.0,0.0
31180,7197,1559,4,-0.002750873565673828,0.0003,-0.1820780336856842,-2.144886016845703,1558,0.029992181807756424,-19.04936924,150.0,0.0
31200,7197,1560,4,-0.013121843338012695,0.0003,-0.4019811153411865,-2.1591994762420654,1559,0.04710089787840843,-19.28009579,150.0,0.0
31220,7198,1561,4,0.024673640727996826,0.0003,-0.23008444905281067,-2.1650516986846924,1560,0.02411714568734169,-19.28009579,150.0,0.0
31240,7198,1562,4,0.8026658296585083,0.0003,-0.045024991035461426,-1.9489142894744873,1561,0.05928816646337509,-19.28009579,150.0,0.0
31260,7198,1563,4,0.8435195684432983,0.0003,0.6115483045578003,-1.9406427145004272,1562,0.17358362674713135,-19.28009579,150.0,0.0
31280,7199,1564,4,0.9031184315681458,0.0003,-0.07008594274520874,-1.9473345279693604,1563,0.08766500651836395,-19.28009579,150.0,0.0
31300,7199,1565,4,0.7999552488327026,0.0003,0.19802357256412506,-1.9538679122924805,1564,0.1443522870540619,-19.28009579,150.0,0.0
31320,7200,1566,4,0.8570101857185364,0.0003,0.37514904141426086,-1.97029709815979,1565,0.2420908510684967,-19.28009579,150.0,0.0
31340,7200,1567,4,0.9628562331199646,0.0003,-0.21369938552379608,-1.981642484664917,1566,0.09102649986743927,-19.28009579,150.0,0.0
31360,7200,1568,4,0.9666079878807068,0.0003,-0.0595613494515419,-1.986083745956421,1567,0.10490064322948456,-19.28009579,150.0,0.0
31380,7201,1569,4,0.9801443219184875,0.0003,-0.14654627442359924,-2.0267903804779053,1568,0.07852194458246231,-19.28009579,150.0,0.0
31400,7201,1570,4,0.9898726940155029,0.0003,-0.4107382297515869,-2.048959255218506,1569,0.07314039021730423,-19.28009579,150.0,0.0
31420,7201,1571,4,0.9617146849632263,0.0003,-0.11273515224456787,-2.0574963092803955,1570,0.1095091849565506,-19.28009579,150.0,0.0
31440,7201,1572,4,0.8223068118095398,0.0003,0.46106499433517456,-2.0719377994537354,1571,0.7225043177604675,-19.28009579,150.0,0.0
31460,7201,1573,4,0.9918848872184753,0.0003,-0.24901051819324493,-2.0863118171691895,1572,0.03840130567550659,-19.28009579,150.0,0.0
31480,7201,1574,4,0.9716092944145203,0.0003,0.02076561376452446,-2.102306842803955,1573,0.05201406031847,-19.28009579,150.0,0.0
31500,7201,1575,4,0.9860792756080627,0.0003,-0.08907117694616318,-2.1239254474639893,1574,0.022063806653022766,-19.28009579,150.0,0.0
31520,7200,1576,4,0.9733985662460327,0.0003,0.30153048038482666,-2.1479172706604004,1575,0.04989555478096008,-19.28009579,150.0,0.0
31540,7201,1577,4,0.9344528913497925,0.0003,-0.16557618975639343,-2.1545627117156982,1576,0.06296747922897339,-19.28009579,150.0,0.0
31560,7201,1578,4,0.3767816424369812,0.0003,0.4411643147468567,-2.1678452491760254,1577,0.442190557718277,-19.28009579,150.0,0.0
31580,7201,1579,4,0.21222424507141113,0.0003,1.192687749862671,-2.1643643379211426,1578,0.957772433757782,-19.28009579,150.0,0.0
31600,7202,1580,4,-0.7742182016372681,0.0003,1.216009259223938,-2.1689088344573975,1579,0.9973071813583374,-19.28009579,150.0,0.0
31620,7201,1581,4,0.862881600856781,0.0003,0.42291849851608276,-2.1671910285949707,1580,0.07993178814649582,-19.28009579,150.0,0.0
31640,7202,1582,4,0.9065963625907898,0.0003,-0.06969299912452698,-2.168504238128662,1581,0.03262999281287193,-19.28009579,150.0,0.0
31660,7202,1583,4,0.47856009006500244,0.0003,0.1402006447315216,-2.1763691902160645,1582,0.16129812598228455,-19.28009579,150.0,0.0
31680,7202,1584,4,0.8488517999649048,0.0003,-0.012108871713280678,-2.1763885021209717,1583,0.029702425003051758,-19.28009579,150.0,0.0
31700,7203,1585,4,0.6491297483444214,0.0003,0.5537203550338745,-2.1848807334899902,1584,0.15251705050468445,-19.28009579,150.0,0.0
31720,7203,1586,4,0.8729373216629028,0.0003,0.057751405984163284,-2.1826322078704834,1585,0.016169089823961258,-19.28009579,150.0,0.0
31740,7204,1587,4,0.11367493867874146,0.0003,0.2145296037197113,-2.185459613800049,1586,0.09653863310813904,-19.28009579,150.0,0.0
31760,7204,1588,4,0.33262670040130615,0.0003,0.1224493533372879,-2.1845805644989014,1587,0.057218365371227264,-19.28009579,150.0,0.0
31780,7204,1589,4,0.3160022497177124,0.0003,-0.08146880567073822,-2.182767391204834,1588,0.006706099025905132,-19.28009579,150.0,0.0
31800,7204,1590,4,0.06862318515777588,0.0003,0.06284888088703156,-2.182729721069336,1589,0.04637686908245087,-19.218608279999998,150.0,0.0
31820,7204,1591,4,0.44999319314956665,0.0003,0.09085272252559662,-2.1809260845184326,1590,0.011334250681102276,-19.218608279999998,150.0,0.0
31840,7204,1592,4,0.9664904475212097,0.0003,0.08279239386320114,-2.073993444442749,1591,0.010983454994857311,-19.218608279999998,150.0,0.0
31860,7205,1593,4,0.9916519522666931,0.0003,-0.010916960425674915,-2.09930157661438,1592,0.003297357354313135,-19.218608279999998,150.0,0.0
31880,7205,1594,4,0.9393583536148071,0.0003,-0.07877160608768463,-2.113217830657959,1593,0.05519959330558777,-19.218608279999998,150.0,0.0
31900,7206,1595,4,0.9334308505058289,0.0003,0.18193568289279938,-2.1118178367614746,1594,0.10843588411808014,-19.218608279999998,150.0,0.0
31920,7206,1596,4,0.9706055521965027,0.0003,-0.6229370832443237,-2.1139886379241943,1595,0.14253148436546326,-19.218608279999998,150.0,0.0
31940,7206,1597,4,0.9564197063446045,0.0003,0.20977213978767395,-2.122119426727295,1596,0.12810343503952026,-19.218608279999998,150.0,0.0
31960,7206,1598,4,0.9721781015396118,0.0003,0.14500148594379425,-2.138885259628296,1597,0.12557712197303772,-19.218608279999998,150.0,0.0
31980,7207,1599,4,0.8947688937187195,0.0003,0.6980785131454468,-2.1380929946899414,1598,0.8946924209594727,-19.218608279999998,150.0,0.0
32000,7207,1600,4,0.9797491431236267,0.0003,0.18729980289936066,-2.1410210132598877,1599,0.13106396794319153,-19.218608279999998,150.0,0.0
32020,7207,1601,4,0.8659718036651611,0.0003,0.38197970390319824,-2.1349895000457764,1600,0.6351059079170227,-19.218608279999998,150.0,0.0
32040,7208,1602,4,0.9705061316490173,0.0003,-0.4592162072658539,-2.135087490081787,1601,0.16664880514144897,-19.218608279999998,150.0,0.0
32060,7208,1603,4,0.9272338151931763,0.0003,-0.09257875382900238,-2.140070676803589,1602,0.3739677965641022,-19.218608279999998,150.0,0.0
32080,7208,1604,4,0.9937019348144531,0.0003,-0.26106834411621094,-2.128857135772705,1603,0.05370002239942551,-19.218608279999998,150.0,0.0
32100,7209,1605,4,0.9627273082733154,0.0003,-0.22292950749397278,-2.1361656188964844,1604,0.20086197555065155,-19.218608279999998,150.0,0.0
32120,7209,1606,4,0.9274594783782959,0.0003,1.033449411392212,-2.125195264816284,1605,0.6626150608062744,-19.218608279999998,150.0,0.0
32140,7210,1607,4,0.9731194972991943,0.0003,-0.2847141623497009,-2.1327872276306152,1606,0.1549074649810791,-19.218608279999998,150.0,0.0
32160,7210,1608,4,0.9828668236732483,0.0003,-0.7052983045578003,-2.1367430686950684,1607,0.1608504205942154,-19.218608279999998,150.0,0.0
32180,7210,1609,4,0.9835333824157715,0.0003,-0.38179221749305725,-2.1377744674682617,1608,0.0683077722787857,-19.218608279999998,150.0,0.0
32200,7211,1610,4,0.9683241844177246,0.0003,0.10918649286031723,-2.134958267211914,1609,0.06765144318342209,-19.218608279999998,150.0,0.0
32220,7211,1611,4,0.793212354183197,0.0003,0.7112302780151367,-2.141486167907715,1610,0.48594579100608826,-19.218608279999998,150.0,0.0
32240,7212,1612,4,0.7210643291473389,0.0003,0.4342788755893707,-2.1431262493133545,1611,0.49727383255958557,-19.218608279999998,150.0,0.0
32260,7212,1613,4,0.9116765856742859,0.0003,0.28961867094039917,-2.1374595165252686,1612,0.11520008742809296,-19.218608279999998,150.0,0.0
32280,7212,1614,4,0.36982375383377075,0.0003,0.5991962552070618,-2.129687547683716,1613,0.6403466463088989,-19.218608279999998,150.0,0.0
32300,7213,1615,4,0.9651846289634705,0.0003,-0.05532838776707649,-2.1401984691619873,1614,0.02373412810266018,-19.218608279999998,150.0,0.0
32320,7213,1616,4,0.3957081437110901,0.0003,-0.012939619831740856,-2.146533966064453,1615,0.13781152665615082,-19.218608279999998,150.0,0.0
32340,7213,1617,4,0.9233924746513367,0.0003,0.15683361887931824,-2.1534180641174316,1616,0.026132598519325256,-19.218608279999998,150.0,0.0
32360,7214,1618,4,-0.48796987533569336,0.0003,-0.17853498458862305,-2.156991481781006,1617,0.12274383008480072,-19.218608279999998,150.0,0.0
32380,7213,1619,4,-9.703654289245605,0.0003,-0.09051115810871124,-2.170546054840088,1618,0.09790349751710892,-19.218608279999998,150.0,0.0
32400,7213,1620,4,-1.6268970966339111,0.0003,-0.024451512843370438,-2.1800694465637207,1619,0.014525078237056732,-19.06200999,150.0,0.0
32420,7213,1621,4,-0.36361634731292725,0.0003,-0.07470082491636276,-2.177170991897583,1620,0.06027548387646675,-19.06200999,150.0,0.0
32440,7213,1622,4,0.8805268406867981,0.0003,-0.17315898835659027,-2.097506046295166,1621,0.09375393390655518,-19.06200999,150.0,0.0
32460,7213,1623,4,0.8366298675537109,0.0003,-0.48102182149887085,-2.0997960567474365,1622,0.1892431676387787,-19.06200999,150.0,0.0
32480,7213,1624,4,0.9615700244903564,0.0003,0.05653773993253708,-2.092651844024658,1623,0.04882656782865524,-19.06200999,150.0,0.0
32500,7213,1625,4,0.9427052736282349,0.0003,-0.5994729399681091,-2.097031831741333,1624,0.2210809737443924,-19.06200999,150.0,0.0
32520,7214,1626,4,0.9393104910850525,0.0003,-0.0067809345200657845,-2.106935739517212,1625,0.1307118535041809,-19.06200999,150.0,0.0
32540,7214,1627,4,0.9743696451187134,0.0003,-0.1583138406276703,-2.110456705093384,1626,0.052793316543102264,-19.06200999,150.0,0.0
32560,7214,1628,4,0.729619026184082,0.0003,0.796778678894043,-2.116976261138916,1627,0.9711194038391113,-19.06200999,150.0,0.0
32580,7214,1629,4,0.8581172823905945,0.0003,0.6203485727310181,-2.116117000579834,1628,0.5975897908210754,-19.06200999,150.0,0.0
32600,7214,1630,4,0.9020852446556091,0.0003,-0.15630188584327698,-2.096635341644287,1629,0.1913435012102127,-19.06200999,150.0,0.0
32620,7215,1631,4,0.7777695655822754,0.0003,0.9274943470954895,-2.1047422885894775,1630,1.0320764780044556,-19.06200999,150.0,0.0
32640,7214,1632,4,0.9364681243896484,0.0003,0.6657319068908691,-2.0959951877593994,1631,0.31088805198669434,-19.06200999,150.0,0.0
32660,7215,1633,4,0.9551799297332764,0.0003,0.4185687005519867,-2.1028175354003906,1632,0.2036013901233673,-19.06200999,150.0,0.0
32680,7215,1634,4,0.9714540243148804,0.0003,0.20215682685375214,-2.102135419845581,1633,0.11523761600255966,-19.06200999,150.0,0.0
32700,7215,1635,4,0.7456419467926025,0.0003,0.7546167373657227,-2.1132209300994873,1634,0.9829673767089844,-19.06200999,150.0,0.0
32720,7215,1636,4,0.753819465637207,0.0003,0.7140446305274963,-2.1063272953033447,1635,0.9826110005378723,-19.06200999,150.0,0.0
32740,7216,1637,4,0.9772368669509888,0.0003,-0.16545847058296204,-2.1020379066467285,1636,0.0756693035364151,-19.06200999,150.0,0.0
32760,7216,1638,4,0.7083640098571777,0.0003,0.9628507494926453,-2.1206352710723877,1637,0.8644424676895142,-19.06200999,150.0,0.0
32780,7216,1639,4,0.9865714311599731,0.0003,0.1264391541481018,-2.130739688873291,1638,0.038519203662872314,-19.06200999,150.0,0.0
32800,7217,1640,4,0.9763951301574707,0.0003,-0.0262583140283823,-2.1318843364715576,1639,0.08432872593402863,-19.06200999,150.0,0.0
32820,7217,1641,4,0.9872174859046936,0.0003,-0.49465712904930115,-2.139131784439087,1640,0.10136961936950684,-19.06200999,150.0,0.0
32840,7217,1642,4,0.9780353903770447,0.0003,-0.3313291668891907,-2.140232563018799,1641,0.10118880122900009,-19.06200999,150.0,0.0
32860,7218,1643,4,0.9859002232551575,0.0003,-0.38325953483581543,-2.152545213699341,1642,0.07725436985492706,-19.06200999,150.0,0.0
32880,7218,1644,4,0.7488691806793213,0.0003,0.6521839499473572,-2.157386302947998,1643,0.7584079504013062,-19.06200999,150.0,0.0
32900,7218,1645,4,0.9580277800559998,0.0003,-0.13583409786224365,-2.16239595413208,1644,0.08970483392477036,-19.06200999,150.0,0.0
32920,7219,1646,4,0.9778770804405212,0.0003,-0.42367953062057495,-2.1610567569732666,1645,0.07444221526384354,-19.06200999,150.0,0.0
32940,7219,1647,4,0.9222514033317566,0.0003,-0.19126811623573303,-2.1631665229797363,1646,0.08198846876621246,-19.06200999,150.0,0.0
32960,7219,1648,4,0.16934579610824585,0.0003,0.5292370915412903,-2.160832643508911,1647,0.736866295337677,-19.06200999,150.0,0.0
32980,7220,1649,4,0.9212650656700134,0.0003,-0.34784066677093506,-2.147886037826538,1648,0.0656827837228775,-19.06200999,150.0,0.0
33000,7220,1650,4,0.926558256149292,0.0003,-0.4587165415287018,-2.1366515159606934,1649,0.08479996025562286,-19.14668377,150.0,0.0
33020,7220,1651,4,0.8502140045166016,0.0003,-0.3579626679420471,-2.156251907348633,1650,0.07015864551067352,-19.14668377,150.0,0.0
33040,7220,1652,4,0.7394845485687256,0.0003,-0.5719444155693054,-1.9785047769546509,1651,0.19766923785209656,-19.14668377,150.0,0.0
33060,7220,1653,4,0.6865912675857544,0.0003,-1.2052584886550903,-2.001460552215576,1652,0.42780590057373047,-19.14668377,150.0,0.0
33080,7221,1654,4,-0.38115394115448,0.0003,-0.5509801506996155,-2.009472370147705,1653,0.32388606667518616,-19.14668377,150.0,0.0
33100,7221,1655,4,0.4526224732398987,0.0003,-0.46867650747299194,-2.027376890182495,1654,0.15758490562438965,-19.14668377,150.0,0.0
33120,7221,1656,4,0.6330148577690125,0.0003,-0.3317738175392151,-2.0369319915771484,1655,0.08906320482492447,-19.14668377,150.0,0.0
33140,7221,1657,4,0.7801564931869507,0.0003,-0.04470229148864746,-2.046414613723755,1656,0.11879895627498627,-19.14668377,150.0,0.0
33160,7221,1658,4,0.9401581287384033,0.0003,0.3133639097213745,-2.0518012046813965,1657,0.05831178277730942,-19.14668377,150.0,0.0
33180,7221,1659,4,0.7730352282524109,0.0003,0.024115189909934998,-2.0597050189971924,1658,0.12427367269992828,-19.14668377,150.0,0.0
33200,7221,1660,4,0.5269669890403748,0.0003,0.17698584496974945,-2.047313690185547,1659,0.23437435925006866,-19.14668377,150.0,0.0
33220,7221,1661,4,-0.4059652090072632,0.0003,0.967184841632843,-2.054828405380249,1660,0.8165420293807983,-19.14668377,150.0,0.0
33240,7222,1662,4,-0.024031639099121094,0.0003,1.2493788003921509,-2.0518479347229004,1661,2.035552501678467,-19.14668377,150.0,0.0
33260,7222,1663,4,0.6700050830841064,0.0003,-0.055323123931884766,-2.033322811126709,1662,0.0754995197057724,-19.14668377,150.0,0.0
33280,7223,1664,4,0.5754831433296204,0.0003,-0.27897530794143677,-2.054800033569336,1663,0.09701164066791534,-19.14668377,150.0,0.0
33300,7223,1665,4,-0.053960323333740234,0.0003,-0.10586152225732803,-2.050603151321411,1664,0.2877832055091858,-19.14668377,150.0,0.0
33320,7224,1666,4,0.682278573513031,0.0003,-0.2053835690021515,-2.0123701095581055,1665,0.06628016382455826,-19.14668377,150.0,0.0
33340,7224,1667,4,0.3856127858161926,0.0003,0.35063713788986206,-2.0672333240509033,1666,0.28937771916389465,-19.14668377,150.0,0.0
33360,7224,1668,4,-0.07622253894805908,0.0003,0.031955670565366745,-2.0750856399536133,1667,0.5188034772872925,-19.14668377,150.0,0.0
33380,7225,1669,4,0.024212181568145752,0.0003,0.3310050368309021,-2.0614542961120605,1668,0.3573889136314392,-19.14668377,150.0,0.0
33400,7225,1670,4,0.5646278858184814,0.0003,-0.2402925044298172,-2.0446038246154785,1669,0.06239083409309387,-19.14668377,150.0,0.0
33420,7226,1671,4,0.31344079971313477,0.0003,-0.21831974387168884,-2.0588324069976807,1670,0.12120425701141357,-19.14668377,150.0,0.0
33440,7226,1672,4,0.3591344952583313,0.0003,0.31958451867103577,-2.07222580909729,1671,0.16096508502960205,-19.14668377,150.0,0.0
33460,7226,1673,4,-0.04217350482940674,0.0003,-0.20933492481708527,-2.0760860443115234,1672,0.05656127259135246,-19.14668377,150.0,0.0
33480,7226,1674,4,-0.11329042911529541,0.0003,0.1838574856519699,-2.0740363597869873,1673,0.05198226124048233,-19.14668377,150.0,0.0
33500,7227,1675,4,-0.11201834678649902,0.0003,0.16296043992042542,-2.086920976638794,1674,0.09428537636995316,-19.14668377,150.0,0.0
33520,7227,1676,4,0.11485642194747925,0.0003,-0.4230380952358246,-2.0961220264434814,1675,0.10933860391378403,-19.14668377,150.0,0.0
33540,7227,1677,4,0.09674286842346191,0.0003,-0.4033942222595215,-2.095769166946411,1676,0.07798048108816147,-19.14668377,150.0,0.0
33560,7228,1678,4,0.05393797159194946,0.0003,-0.3573099970817566,-2.107725143432617,1677,0.12064999341964722,-19.14668377,150.0,0.0
33580,7228,1679,4,0.140816330909729,0.0003,-0.15723983943462372,-2.1189584732055664,1678,0.04862822964787483,-19.14668377,150.0,0.0
33600,7228,1680,4,0.07998603582382202,0.0003,-0.16351555287837982,-2.11225962638855,1679,0.11466243118047714,-18.91556116,150.0,0.0
33620,7228,1681,4,0.11980140209197998,0.0003,-0.01325446367263794,-2.1319098472595215,1680,0.023413140326738358,-18.91556116,150.0,0.0
33640,7228,1682,4,0.858349084854126,0.0003,0.18340827524662018,-1.9042818546295166,1681,0.06875848770141602,-18.91556116,150.0,0.0
33660,7228,1683,4,0.6350445747375488,0.0003,-0.05663794279098511,-1.9316775798797607,1682,0.19459617137908936,-18.91556116,150.0,0.0
33680,7228,1684,4,0.9702600836753845,0.0003,0.05554479360580444,-1.9084129333496094,1683,0.014417098835110664,-18.91556116,150.0,0.0
33700,7229,1685,4,0.7251265048980713,0.0003,0.08733738958835602,-1.916675329208374,1684,0.12697502970695496,-18.91556116,150.0,0.0
33720,7229,1686,4,0.7546567320823669,0.0003,0.3523120880126953,-1.9149742126464844,1685,0.11990674585103989,-18.91556116,150.0,0.0
33740,7230,1687,4,0.8303340077400208,0.0003,-0.5699704885482788,-1.937453031539917,1686,0.19847430288791656,-18.91556116,150.0,0.0
33760,7230,1688,4,0.7948039770126343,0.0003,-0.012512432411313057,-1.948868989944458,1687,0.09209728240966797,-18.91556116,150.0,0.0
33780,7230,1689,4,0.912970244884491,0.0003,0.3126783072948456,-1.9644882678985596,1688,0.08121851831674576,-18.91556116,150.0,0.0
33800,7230,1690,4,0.7928855419158936,0.0003,0.4283140301704407,-1.9756358861923218,1689,0.3309634327888489,-18.91556116,150.0,0.0
33820,7231,1691,4,0.863843560218811,0.0003,0.7069865465164185,-1.9854114055633545,1690,0.43910345435142517,-18.91556116,150.0,0.0
33840,7231,1692,4,0.9726876020431519,0.0003,0.34598293900489807,-1.9944465160369873,1691,0.08839084208011627,-18.91556116,150.0,0.0
33860,7232,1693,4,0.9906823635101318,0.0003,0.29677262902259827,-2.008289337158203,1692,0.045865267515182495,-18.91556116,150.0,0.0
33880,7232,1694,4,0.986181914806366,0.0003,-0.4293232858181,-2.0191071033477783,1693,0.0734846219420433,-18.91556116,150.0,0.0
33900,7232,1695,4,0.9944114685058594,0.0003,0.10664276033639908,-2.0118470191955566,1694,0.015725214034318924,-18.91556116,150.0,0.0
33920,7232,1696,4,0.9854302406311035,0.0003,-0.13777074217796326,-2.024414300918579,1695,0.05959495157003403,-18.91556116,150.0,0.0
33940,7232,1697,4,0.9895836710929871,0.0003,-0.3079606890678406,-2.043840169906616,1696,0.058530621230602264,-18.91556116,150.0,0.0
33960,7233,1698,4,0.6779849529266357,0.0003,1.068302869796753,-2.033381223678589,1697,1.0385091304779053,-18.91556116,150.0,0.0
33980,7233,1699,4,0.9106113314628601,0.0003,-0.16129620373249054,-2.048548936843872,1698,0.24013014137744904,-18.91556116,150.0,0.0
34000,7233,1700,4,0.968233048915863,0.0003,-0.37673550844192505,-2.0758414268493652,1699,0.10417268425226212,-18.91556116,150.0,0.0
34020,7234,1701,4,0.9533672332763672,0.0003,-0.30415719747543335,-2.0823025703430176,1700,0.11982347816228867,-18.91556116,150.0,0.0
34040,7234,1702,4,0.9660218954086304,0.0003,-0.07023085653781891,-2.1009562015533447,1701,0.061849821358919144,-18.91556116,150.0,0.0
34060,7234,1703,4,0.9339981079101562,0.0003,0.11220600455999374,-2.1142494678497314,1702,0.1363711953163147,-18.91556116,150.0,0.0
34080,7234,1704,4,0.9672169089317322,0.0003,-0.023201216012239456,-2.1112000942230225,1703,0.07715731114149094,-18.91556116,150.0,0.0
34100,7234,1705,4,0.9796239137649536,0.0003,-0.6779100894927979,-2.1073005199432373,1704,0.13139621913433075,-18.91556116,150.0,0.0
34120,7234,1706,4,0.9847874641418457,0.0003,-0.31331518292427063,-2.113060474395752,1705,0.04370071738958359,-18.91556116,150.0,0.0
34140,7234,1707,4,0.9477662444114685,0.0003,-0.2393578737974167,-2.109954357147217,1706,0.040269844233989716,-18.91556116,150.0,0.0
34160,7234,1708,4,0.9646028280258179,0.0003,-0.2520674169063568,-2.1177265644073486,1707,0.029127568006515503,-18.91556116,150.0,0.0
34180,7234,1709,4,0.9779264330863953,0.0003,-0.20780114829540253,-2.1266307830810547,1708,0.012940293177962303,-18.91556116,150.0,0.0
34200,7234,1710,4,0.7729257345199585,0.0003,-0.10276935994625092,-2.1263649463653564,1709,0.0470583513379097,-18.79274432,150.0,0.0
34220,7234,1711,4,0.8283652663230896,0.0003,-0.10287566483020782,-2.131026029586792,1710,0.032256830483675,-18.79274432,150.0,0.0
34240,7235,1712,4,0.6267284154891968,0.0003,-0.2760087847709656,-1.997829794883728,1711,0.3373587727546692,-18.79274432,150.0,0.0
34260,7235,1713,4,0.8889581561088562,0.0003,-0.03805748373270035,-2.003385543823242,1712,0.24265849590301514,-18.79274432,150.0,0.0
34280,7235,1714,4,0.9055562019348145,0.0003,-0.6729588508605957,-1.9968111515045166,1713,0.7055022120475769,-18.79274432,150.0,0.0
34300,7236,1715,4,0.9768751859664917,0.0003,-0.7446358799934387,-2.0045523643493652,1714,0.2836382985115051,-18.79274432,150.0,0.0
34320,7236,1716,4,0.9170600771903992,0.0003,-0.3388328552246094,-2.004333019256592,1715,0.5566145181655884,-18.79274432,150.0,0.0
34340,7236,1717,4,0.9774723052978516,0.0003,-0.4047310948371887,-2.016019105911255,1716,0.16178572177886963,-18.79274432,150.0,0.0
34360,7237,1718,4,0.9806047677993774,0.0003,-0.7365909814834595,-2.023705005645752,1717,0.22511430084705353,-18.79274432,150.0,0.0
34380,7237,1719,4,0.9792341589927673,0.0003,-0.37074536085128784,-2.039165735244751,1718,0.1646691858768463,-18.79274432,150.0,0.0
34400,7237,1720,4,0.8789622783660889,0.0003,-0.01049757283180952,-2.062851667404175,1719,0.45512524247169495,-18.79274432,150.0,0.0
34420,7238,1721,4,0.9453752040863037,0.0003,-0.21619625389575958,-2.0502567291259766,1720,0.16853764653205872,-18.79274432,150.0,0.0
34440,7238,1722,4,0.9136949777603149,0.0003,-0.3064141571521759,-2.0546464920043945,1721,0.1635102778673172,-18.79274432,150.0,0.0
34460,7238,1723,4,0.8977236151695251,0.0003,-0.21473607420921326,-2.0590147972106934,1722,0.10756337642669678,-18.79274432,150.0,0.0
34480,7239,1724,4,0.8921281695365906,0.0003,0.29221972823143005,-2.0558316707611084,1723,0.1140383705496788,-18.79274432,150.0,0.0
34500,7239,1725,4,0.865242063999176,0.0003,0.4926723539829254,-2.0515036582946777,1724,0.18558137118816376,-18.79274432,150.0,0.0
34520,7239,1726,4,0.8880964517593384,0.0003,-0.16179943084716797,-2.050720691680908,1725,0.08657429367303848,-18.79274432,150.0,0.0
34540,7240,1727,4,0.9841985702514648,0.0003,0.04839584231376648,-2.0454602241516113,1726,0.007852400653064251,-18.79274432,150.0,0.0
34560,7240,1728,4,0.7974990606307983,0.0003,0.06441298127174377,-2.062333345413208,1727,0.09917308390140533,-18.79274432,150.0,0.0
34580,7240,1729,4,0.978801965713501,0.0003,-0.25657424330711365,-2.032538890838623,1728,0.019385915249586105,-18.79274432,150.0,0.0
34600,7240,1730,4,0.5199589729309082,0.0003,-0.12607920169830322,-2.0407650470733643,1729,0.06481872498989105,-18.79274432,150.0,0.0
34620,7241,1731,4,0.537976861000061,0.0003,-0.11407265812158585,-2.025413990020752,1730,0.049425240606069565,-18.79274432,150.0,0.0
34640,7240,1732,4,0.324431836605072,0.0003,-0.054700326174497604,-2.042314052581787,1731,0.07375850528478622,-18.79274432,150.0,0.0
34660,7241,1733,4,-0.21974539756774902,0.0003,0.15756657719612122,-2.0573432445526123,1732,0.10631893575191498,-18.79274432,150.0,0.0
34680,7241,1734,4,-0.13152873516082764,0.0003,1.9272406101226807,-2.0730905532836914,1733,2.3348612785339355,-18.79274432,150.0,0.0
34700,7241,1735,4,-0.16556084156036377,0.0003,0.3844826817512512,-2.099512815475464,1734,0.3277130126953125,-18.79274432,150.0,0.0
34720,7241,1736,4,-0.14444363117218018,0.0003,-0.14289964735507965,-2.1113359928131104,1735,0.05208272859454155,-18.79274432,150.0,0.0
34740,7242,1737,4,-0.0279083251953125,0.0003,0.48105210065841675,-2.1122207641601562,1736,0.42966437339782715,-18.79274432,150.0,0.0
34760,7242,1738,4,-0.11345112323760986,0.0003,-0.040169112384319305,-2.1088814735412598,1737,0.04329145699739456,-18.79274432,150.0,0.0
34780,7242,1739,4,0.007703661918640137,0.0003,0.6393680572509766,-2.0742275714874268,1738,0.8619176149368286,-18.79274432,150.0,0.0
34800,7242,1740,4,0.0060918331146240234,0.0003,0.5975538492202759,-2.095346450805664,1739,0.9839034080505371,-18.669747320000003,150.0,0.0
34820,7242,1741,4,0.04633533954620361,0.0003,0.2272101193666458,-2.078439950942993,1740,0.13197985291481018,-18.669747320000003,150.0,0.0
34840,7242,1742,4,0.08943307399749756,0.0003,-0.2537209987640381,-1.892557144165039,1741,0.29258063435554504,-18.669747320000003,150.0,0.0
34860,7242,1743,4,0.8318436741828918,0.0003,-0.16913104057312012,-1.9281032085418701,1742,0.09590587764978409,-18.669747320000003,150.0,0.0
34880,7242,1744,4,0.7733187675476074,0.0003,0.3451750874519348,-1.9286959171295166,1743,0.19664190709590912,-18.669747320000003,150.0,0.0
34900,7242,1745,4,0.8713357448577881,0.0003,-0.06853489577770233,-1.9342520236968994,1744,0.20428714156150818,-18.669747320000003,150.0,0.0
34920,7242,1746,4,0.9045288562774658,0.0003,-0.223100945353508,-1.9420830011367798,1745,0.16223691403865814,-18.669747320000003,150.0,0.0
34940,7243,1747,4,0.9041333198547363,0.0003,0.17168836295604706,-1.945970892906189,1746,0.28505653142929077,-18.669747320000003,150.0,0.0
34960,7242,1748,4,0.9529246687889099,0.0003,-0.0017541885608807206,-1.9748461246490479,1747,0.17395037412643433,-18.669747320000003,150.0,0.0
34980,7243,1749,4,0.8983656167984009,0.0003,0.7644132375717163,-2.001758098602295,1748,1.1391582489013672,-18.669747320000003,150.0,0.0
35000,7243,1750,4,0.9517599940299988,0.0003,0.5762723684310913,-1.994400978088379,1749,1.0418766736984253,-18.669747320000003,150.0,0.0
35020,7243,1751,4,0.9856487512588501,0.0003,0.00010179281525779516,-2.0066275596618652,1750,0.20149286091327667,-18.669747320000003,150.0,0.0
35040,7244,1752,4,0.9940784573554993,0.0003,0.019225221127271652,-2.012113094329834,1751,0.0687691867351532,-18.669747320000003,150.0,0.0
35060,7244,1753,4,0.8454879522323608,0.0003,1.0221703052520752,-2.0030293464660645,1752,2.0708563327789307,-18.669747320000003,150.0,0.0
35080,7244,1754,4,0.9933680295944214,0.0003,-0.06588871777057648,-2.0062508583068848,1753,0.0741531029343605,-18.669747320000003,150.0,0.0
35100,7244,1755,4,0.9974877238273621,0.0003,-0.3650628328323364,-1.9983205795288086,1754,0.07720264047384262,-18.669747320000003,150.0,0.0
35120,7245,1756,4,0.99237459897995,0.0003,-0.16650152206420898,-2.008530855178833,1755,0.09866485744714737,-18.669747320000003,150.0,0.0
35140,7245,1757,4,0.9938944578170776,0.0003,-0.35230594873428345,-2.028202533721924,1756,0.09779472649097443,-18.669747320000003,150.0,0.0
35160,7245,1758,4,0.998605489730835,0.0003,-0.2828904986381531,-2.0280003547668457,1757,0.041782647371292114,-18.669747320000003,150.0,0.0
35180,7246,1759,4,0.9939872026443481,0.0003,-0.31036102771759033,-2.0369858741760254,1758,0.08182427287101746,-18.669747320000003,150.0,0.0
35200,7246,1760,4,0.994873583316803,0.0003,-0.16128559410572052,-2.0451912879943848,1759,0.05678175762295723,-18.669747320000003,150.0,0.0
35220,7246,1761,4,0.9743602871894836,0.0003,0.21131238341331482,-2.0396060943603516,1760,0.40945109724998474,-18.669747320000003,150.0,0.0
35240,7247,1762,4,0.9982963800430298,0.0003,-0.09661216288805008,-2.0283164978027344,1761,0.03217226266860962,-18.669747320000003,150.0,0.0
35260,7247,1763,4,0.9926171898841858,0.0003,-0.2152521163225174,-2.038734197616577,1762,0.10065044462680817,-18.669747320000003,150.0,0.0
35280,7247,1764,4,0.9949032068252563,0.0003,-0.23466625809669495,-2.044128894805908,1763,0.061626989394426346,-18.669747320000003,150.0,0.0
35300,7247,1765,4,0.9861340522766113,0.0003,0.20102787017822266,-2.041036605834961,1764,0.09558866173028946,-18.669747320000003,150.0,0.0
35320,7248,1766,4,0.9991658329963684,0.0003,-0.146760493516922,-2.0381994247436523,1765,0.010645887814462185,-18.669747320000003,150.0,0.0
35340,7248,1767,4,0.9959085583686829,0.0003,-0.019322680309414864,-2.0563652515411377,1766,0.019862065091729164,-18.669747320000003,150.0,0.0
35360,7248,1768,4,0.992963969707489,0.0003,-0.19134056568145752,-2.0736217498779297,1767,0.03431670740246773,-18.669747320000003,150.0,0.0
35380,7249,1769,4,0.9943207502365112,0.0003,-0.17313720285892487,-2.0803842544555664,1768,0.02398301102221012,-18.669747320000003,150.0,0.0
35400,7247,1770,4,0.9582469463348389,0.0003,-0.08664184808731079,-2.0869624614715576,1769,0.11257074028253555,-18.56258217,150.0,0.0
35420,7248,1771,4,0.9838759303092957,0.0003,-0.2313719540834427,-2.092353343963623,1770,0.04454832524061203,-18.56258217,150.0,0.0
35440,7248,1772,4,0.9671516418457031,0.0003,0.12858103215694427,-1.955570936203003,1771,0.03789297863841057,-18.56258217,150.0,0.0
35460,7249,1773,4,0.9409767389297485,0.0003,-0.5491412878036499,-1.965894341468811,1772,0.19886182248592377,-18.56258217,150.0,0.0
35480,7249,1774,4,0.9335595369338989,0.0003,-0.11119000613689423,-1.9717419147491455,1773,0.19643306732177734,-18.56258217,150.0,0.0
35500,7249,1775,4,0.9659252762794495,0.0003,0.01871887780725956,-1.960508942604065,1774,0.1609211266040802,-18.56258217,150.0,0.0
35520,7250,1776,4,0.9899082779884338,0.0003,0.11385097354650497,-1.9568901062011719,1775,0.06835843622684479,-18.56258217,150.0,0.0
35540,7250,1777,4,0.9851452112197876,0.0003,-0.033274419605731964,-1.959109902381897,1776,0.09277717769145966,-18.56258217,150.0,0.0
35560,7250,1778,4,0.8134917616844177,0.0003,1.4265727996826172,-1.9611717462539673,1777,0.9942318201065063,-18.56258217,150.0,0.0
35580,7251,1779,4,0.8701309561729431,0.0003,0.4718046188354492,-1.9725192785263062,1778,0.5047978162765503,-18.56258217,150.0,0.0
35600,7251,1780,4,0.5391395688056946,0.0003,1.23373281955719,-1.9846699237823486,1779,1.5160192251205444,-18.56258217,150.0,0.0
35620,7251,1781,4,0.8914048671722412,0.0003,-0.33120185136795044,-1.9844812154769897,1780,0.44717293977737427,-18.56258217,150.0,0.0
35640,7252,1782,4,0.98643958568573,0.0003,-0.13793127238750458,-2.0022778511047363,1781,0.06149844080209732,-18.56258217,150.0,0.0
35660,7252,1783,4,0.9894787073135376,0.0003,0.22963552176952362,-2.00399112701416,1782,0.056525301188230515,-18.56258217,150.0,0.0
35680,7252,1784,4,0.881555438041687,0.0003,1.5887798070907593,-1.9928697347640991,1783,2.6495766639709473,-18.56258217,150.0,0.0
35700,7253,1785,4,0.9838149547576904,0.0003,-0.320840060710907,-1.9988809823989868,1784,0.2885076105594635,-18.56258217,150.0,0.0
35720,7253,1786,4,0.9526556730270386,0.0003,-0.7462055683135986,-2.0078682899475098,1785,0.6602237820625305,-18.56258217,150.0,0.0
35740,7253,1787,4,0.885209858417511,0.0003,0.2628885507583618,-2.0333926677703857,1786,0.8053860664367676,-18.56258217,150.0,0.0
35760,7254,1788,4,0.9447141289710999,0.0003,-0.6125191450119019,-2.0479025840759277,1787,0.31130799651145935,-18.56258217,150.0,0.0
35780,7254,1789,4,0.9785505533218384,0.0003,-0.19281159341335297,-2.0489134788513184,1788,0.07302679121494293,-18.56258217,150.0,0.0
35800,7254,1790,4,0.9849111437797546,0.0003,-0.4432429373264313,-2.0376811027526855,1789,0.07557819783687592,-18.56258217,150.0,0.0
35820,7254,1791,4,0.9168719053268433,0.0003,-0.15049278736114502,-2.055847644805908,1790,0.09579656273126602,-18.56258217,150.0,0.0
35840,7254,1792,4,0.9368047714233398,0.0003,0.09789808094501495,-2.0524628162384033,1791,0.05559588223695755,-18.56258217,150.0,0.0
35860,7255,1793,4,0.9521931409835815,0.0003,0.10292594134807587,-2.0795111656188965,1792,0.02629050984978676,-18.56258217,150.0,0.0
35880,7255,1794,4,0.870090126991272,0.0003,-0.2277284860610962,-2.0797719955444336,1793,0.11904968321323395,-18.56258217,150.0,0.0
35900,7255,1795,4,0.9088023900985718,0.0003,-0.0655660480260849,-2.091174602508545,1794,0.07532818615436554,-18.56258217,150.0,0.0
35920,7255,1796,4,0.911097526550293,0.0003,-0.19506344199180603,-2.1086459159851074,1795,0.14040455222129822,-18.56258217,150.0,0.0
35940,7256,1797,4,0.9688326716423035,0.0003,-0.44250625371932983,-2.105139970779419,1796,0.0726718008518219,-18.56258217,150.0,0.0
35960,7256,1798,4,0.9584968090057373,0.0003,-0.5266451835632324,-2.099496364593506,1797,0.11793150752782822,-18.56258217,150.0,0.0
35980,7256,1799,4,0.9495248198509216,0.0003,-0.5788302421569824,-2.1145312786102295,1798,0.12031866610050201,-18.56258217,150.0,0.0
36000,7256,1800,4,0.8989929556846619,0.0003,-0.6632034778594971,-2.127131462097168,1799,0.16483959555625916,-18.47722577,150.0,0.0
36020,7256,1801,4,0.8846541047096252,0.0003,-0.3174782693386078,-2.1317012310028076,1800,0.09567825496196747,-18.47722577,150.0,0.0
36040,7257,1802,4,0.9472557306289673,0.0003,-0.4996240735054016,-1.969264268875122,1801,0.09692522138357162,-18.47722577,150.0,0.0
36060,7257,1803,4,0.9453862905502319,0.0003,0.04557190462946892,-1.9759280681610107,1802,0.08146507292985916,-18.47722577,150.0,0.0
36080,7258,1804,4,0.9873315691947937,0.0003,-0.18647883832454681,-1.977463960647583,1803,0.03192191570997238,-18.47722577,150.0,0.0
36100,7258,1805,4,0.9617794156074524,0.0003,-0.7475241422653198,-1.9915218353271484,1804,0.1972164511680603,-18.47722577,150.0,0.0
36120,7258,1806,4,0.9115245342254639,0.0003,-0.28706061840057373,-1.9916694164276123,1805,0.16716988384723663,-18.47722577,150.0,0.0
36140,7258,1807,4,0.9245132207870483,0.0003,0.1015392318367958,-1.9974151849746704,1806,0.10326598584651947,-18.47722577,150.0,0.0
36160,7259,1808,4,0.8931852579116821,0.0003,0.45853835344314575,-2.0355334281921387,1807,0.288662314414978,-18.47722577,150.0,0.0
36180,7259,1809,4,0.8319021463394165,0.0003,1.1867128610610962,-2.0434346199035645,1808,1.251084327697754,-18.47722577,150.0,0.0
36200,7259,1810,4,0.9455362558364868,0.0003,0.9636238217353821,-2.0550332069396973,1809,0.4447895884513855,-18.47722577,150.0,0.0
36220,7259,1811,4,0.9185338020324707,0.0003,-0.025559205561876297,-2.049347400665283,1810,0.6084808707237244,-18.47722577,150.0,0.0
36240,7260,1812,4,0.9817732572555542,0.0003,-0.049839723855257034,-2.0600552558898926,1811,0.11792413890361786,-18.47722577,150.0,0.0
36260,7260,1813,4,0.9826818704605103,0.0003,0.42579108476638794,-2.0589888095855713,1812,0.1147954910993576,-18.47722577,150.0,0.0
36280,7260,1814,4,0.981582522392273,0.0003,-0.25550103187561035,-2.069309711456299,1813,0.09629076719284058,-18.47722577,150.0,0.0
36300,7261,1815,4,0.969731867313385,0.0003,0.02902999520301819,-2.078911304473877,1814,0.07572128623723984,-18.47722577,150.0,0.0
36320,7261,1816,5,0.23166197538375854,0.0003,0.787900447845459,-2.0608034133911133,1815,1.028988242149353,-18.47722577,150.0,0.0
36340,7262,1817,5,0.8539315462112427,0.0003,0.46921879053115845,-2.079773426055908,1816,0.26143360137939453,-18.47722577,150.0,0.0
36360,7262,1818,5,-0.5019371509552002,0.0003,0.18776468932628632,-2.0735669136047363,1817,0.481940895318985,-18.47722577,150.0,0.0
36380,7262,1819,5,0.3277377486228943,0.0003,0.2818146347999573,-2.0739595890045166,1818,0.3016868233680725,-18.47722577,150.0,0.0
36400,7263,1820,5,-1.620356798171997,0.0003,0.08168894052505493,-2.096670627593994,1819,0.357523113489151,-18.47722577,150.0,0.0
36420,7263,1821,5,0.1302860975265503,0.0003,0.7559641003608704,-2.113497018814087,1820,0.8604467511177063,-18.47722577,150.0,0.0
36440,7263,1822,5,-0.3799870014190674,0.0003,0.8290542364120483,-2.0989019870758057,1821,0.8171245455741882,-18.47722577,150.0,0.0
36460,7264,1823,5,-0.7985758781433105,0.0003,-0.06770731508731842,-2.131722927093506,1822,0.06722529232501984,-18.47722577,150.0,0.0
36480,7264,1824,5,0.20028293132781982,0.0003,-0.19573606550693512,-2.1468234062194824,1823,0.0360916368663311,-18.47722577,150.0,0.0
36500,7264,1825,5,0.24291926622390747,0.0003,-0.2508355677127838,-2.160590648651123,1824,0.03471440076828003,-18.47722577,150.0,0.0
36520,7265,1826,5,0.2470579743385315,0.0003,-0.15822216868400574,-2.15922474861145,1825,0.03812157362699509,-18.47722577,150.0,0.0
36540,7265,1827,5,0.15418070554733276,0.0003,-0.3576872646808624,-2.158675193786621,1826,0.06068173050880432,-18.47722577,150.0,0.0
36560,7265,1828,5,0.18873506784439087,0.0003,-0.5111395120620728,-2.1579620838165283,1827,0.09016861021518707,-18.47722577,150.0,0.0
36580,7266,1829,5,0.1494947075843811,0.0003,-0.3061223030090332,-2.166781187057495,1828,0.06851206719875336,-18.47722577,150.0,0.0
36600,7266,1830,5,0.08750581741333008,0.0003,-0.34800130128860474,-2.174370765686035,1829,0.08571983128786087,-18.616871740000004,150.0,0.0
36620,7266,1831,5,0.08277922868728638,0.0003,-0.5304693579673767,-2.1740565299987793,1830,0.1089017391204834,-18.616871740000004,150.0,0.0
36640,7266,1832,5,0.8009425401687622,0.0003,-0.36677423119544983,-2.0179543495178223,1831,0.11941573768854141,-18.616871740000004,150.0,0.0
36660,7266,1833,5,0.7097171545028687,0.0003,-0.17744037508964539,-2.033223867416382,1832,0.1666293442249298,-18.616871740000004,150.0,0.0
36680,7266,1834,5,0.9147170186042786,0.0003,0.06133146956562996,-2.0128703117370605,1833,0.06696558743715286,-18.616871740000004,150.0,0.0
36700,7266,1835,5,0.9163582921028137,0.0003,-0.2643364369869232,-2.025857925415039,1834,0.08840276300907135,-18.616871740000004,150.0,0.0
36720,7267,1836,5,0.8595114946365356,0.0003,-0.03410310670733452,-2.0217647552490234,1835,0.18205615878105164,-18.616871740000004,150.0,0.0
36740,7267,1837,5,0.9424620270729065,0.0003,0.4004196226596832,-2.0236563682556152,1836,0.114463210105896,-18.616871740000004,150.0,0.0
36760,7267,1838,5,0.9485207796096802,0.0003,0.11222521960735321,-2.0309271812438965,1837,0.07879272848367691,-18.616871740000004,150.0,0.0
36780,7267,1839,5,0.7199039459228516,0.0003,0.8721586465835571,-2.0494983196258545,1838,0.7054405808448792,-18.616871740000004,150.0,0.0
36800,7267,1840,5,0.9472315907478333,0.0003,-0.14928005635738373,-2.066409111022949,1839,0.1143391951918602,-18.616871740000004,150.0,0.0
36820,7268,1841,5,0.7764536738395691,0.0003,1.0516374111175537,-2.072702407836914,1840,0.4861234724521637,-18.616871740000004,150.0,0.0
36840,7268,1842,5,-0.6829787492752075,0.0003,0.7696117162704468,-2.07490873336792,1841,0.8378461003303528,-18.616871740000004,150.0,0.0
36860,7268,1843,5,0.8449459671974182,0.0003,0.23599505424499512,-2.0872855186462402,1842,0.12310300022363663,-18.616871740000004,150.0,0.0
36880,7269,1844,5,0.8735931515693665,0.0003,0.08053769171237946,-2.0960986614227295,1843,0.14728935062885284,-18.616871740000004,150.0,0.0
36900,7269,1845,5,0.5784852504730225,0.0003,1.2904739379882812,-2.0844993591308594,1844,0.7056933641433716,-18.616871740000004,150.0,0.0
36920,7269,1846,5,0.9100152850151062,0.0003,-0.10850390046834946,-2.0846996307373047,1845,0.13801820576190948,-18.616871740000004,150.0,0.0
36940,7269,1847,5,0.861504316329956,0.0003,0.3351098597049713,-2.0876553058624268,1846,0.22503486275672913,-18.616871740000004,150.0,0.0
36960,7269,1848,5,0.7814809083938599,0.0003,1.0562236309051514,-2.074049949645996,1847,1.0001144409179688,-18.616871740000004,150.0,0.0
36980,7268,1849,5,0.7542299032211304,0.0003,-0.47319474816322327,-2.075003147125244,1848,0.3060840964317322,-18.616871740000004,150.0,0.0
37000,7268,1850,5,0.8443118929862976,0.0003,-0.23603634536266327,-2.0745418071746826,1849,0.07590045034885406,-18.616871740000004,150.0,0.0
37020,7269,1851,5,-0.07382011413574219,0.0003,0.32592496275901794,-2.054539918899536,1850,0.8750231862068176,-18.616871740000004,150.0,0.0
37040,7269,1852,5,0.41652220487594604,0.0003,-0.5107952356338501,-2.05251407623291,1851,0.14376689493656158,-18.616871740000004,150.0,0.0
37060,7269,1853,5,-0.519263505935669,0.0003,-0.3281756043434143,-2.0745737552642822,1852,0.13490577042102814,-18.616871740000004,150.0,0.0
37080,7270,1854,5,0.18013709783554077,0.0003,-0.46562331914901733,-2.079383373260498,1853,0.10485769808292389,-18.616871740000004,150.0,0.0
37100,7270,1855,5,0.17262476682662964,0.0003,0.5712043046951294,-2.102776288986206,1854,0.6524200439453125,-18.616871740000004,150.0,0.0
37120,7270,1856,5,0.3049922585487366,0.0003,-0.4238317608833313,-2.112943410873413,1855,0.0652952641248703,-18.616871740000004,150.0,0.0
37140,7271,1857,5,-0.04101550579071045,0.0003,0.5456926226615906,-2.12923002243042,1856,0.7335137724876404,-18.616871740000004,150.0,0.0
37160,7271,1858,5,0.002904534339904785,0.0003,-0.06627290695905685,-2.1392998695373535,1857,0.1699666678905487,-18.616871740000004,150.0,0.0
37180,7270,1859,5,0.001712024211883545,0.0003,0.057324670255184174,-2.143423557281494,1858,0.26255011558532715,-18.616871740000004,150.0,0.0
37200,7270,1860,5,0.2902390956878662,0.0003,-0.06825857609510422,-2.1472694873809814,1859,0.033609021455049515,-18.662962720000003,150.0,0.0
37220,7271,1861,5,0.2474190592765808,0.0003,-0.34921127557754517,-2.1510207653045654,1860,0.05611103028059006,-18.662962720000003,150.0,0.0
37240,7271,1862,5,0.797067403793335,0.0003,-0.5076669454574585,-1.989566445350647,1861,0.17046985030174255,-18.662962720000003,150.0,0.0
37260,7271,1863,5,-0.025029301643371582,0.0003,-0.4823237955570221,-2.0121402740478516,1862,0.18385493755340576,-18.662962720000003,150.0,0.0
37280,7271,1864,5,0.5309450626373291,0.0003,-0.5844019055366516,-2.0127949714660645,1863,0.24267101287841797,-18.662962720000003,150.0,0.0
37300,7271,1865,5,0.7593246698379517,0.0003,0.21480655670166016,-2.029327154159546,1864,0.08245466649532318,-18.662962720000003,150.0,0.0
37320,7272,1866,5,0.8973065614700317,0.0003,0.09331905096769333,-2.031817674636841,1865,0.0669228732585907,-18.662962720000003,150.0,0.0
37340,7272,1867,5,0.925127387046814,0.0003,-0.007132349070161581,-2.0432190895080566,1866,0.07717388868331909,-18.662962720000003,150.0,0.0
37360,7273,1868,5,0.9662257432937622,0.0003,-0.12471301853656769,-2.069690227508545,1867,0.051084958016872406,-18.662962720000003,150.0,0.0
37380,7273,1869,5,0.9216141104698181,0.0003,-0.23562292754650116,-2.083768129348755,1868,0.1401984542608261,-18.662962720000003,150.0,0.0
37400,7274,1870,5,0.99195396900177,0.0003,-0.06061103194952011,-2.109743118286133,1869,0.009584383107721806,-18.662962720000003,150.0,0.0
37420,7274,1871,5,0.9314506649971008,0.0003,-0.07586909830570221,-2.124330997467041,1870,0.06551231443881989,-18.662962720000003,150.0,0.0
37440,7274,1872,5,0.9920189380645752,0.0003,0.1883690059185028,-2.1235597133636475,1871,0.010806607082486153,-18.662962720000003,150.0,0.0
37460,7274,1873,5,-1.0274746417999268,0.0003,1.2158170938491821,-2.145399570465088,1872,1.8248306512832642,-18.662962720000003,150.0,0.0
37480,7274,1874,5,0.31484758853912354,0.0003,0.955433189868927,-2.134164810180664,1873,0.8478337526321411,-18.662962720000003,150.0,0.0
37500,7274,1875,5,0.2797572612762451,0.0003,0.6732368469238281,-2.1373543739318848,1874,1.022428035736084,-18.662962720000003,150.0,0.0
37520,7274,1876,5,0.8905221819877625,0.0003,0.13103194534778595,-2.135751962661743,1875,0.039600223302841187,-18.662962720000003,150.0,0.0
37540,7274,1877,5,0.1809859275817871,0.0003,0.8428371548652649,-2.1436145305633545,1876,1.2579114437103271,-18.662962720000003,150.0,0.0
37560,7274,1878,5,0.08802920579910278,0.0003,0.8997380137443542,-2.129542112350464,1877,1.0631712675094604,-18.662962720000003,150.0,0.0
37580,7274,1879,5,0.6348102688789368,0.0003,-0.10728515684604645,-2.115604877471924,1878,0.07685855031013489,-18.662962720000003,150.0,0.0
37600,7274,1880,5,0.06713682413101196,0.0003,0.8078567385673523,-2.1100735664367676,1879,1.5000975131988525,-18.662962720000003,150.0,0.0
37620,7274,1881,5,0.2080010175704956,0.0003,0.8578012585639954,-2.1185667514801025,1880,0.9017196893692017,-18.662962720000003,150.0,0.0
37640,7275,1882,5,0.26923781633377075,0.0003,-0.18251103162765503,-2.1255507469177246,1881,0.14116738736629486,-18.662962720000003,150.0,0.0
37660,7275,1883,5,0.27589094638824463,0.0003,0.2277846783399582,-2.146000385284424,1882,0.3069905936717987,-18.662962720000003,150.0,0.0
37680,7275,1884,5,0.5266920328140259,0.0003,-0.05950888991355896,-2.1660373210906982,1883,0.02580890618264675,-18.662962720000003,150.0,0.0
37700,7276,1885,5,-0.08123564720153809,0.0003,-0.24549265205860138,-2.170670509338379,1884,0.032517772167921066,-18.662962720000003,150.0,0.0
37720,7276,1886,5,0.3445676565170288,0.0003,0.22432664036750793,-2.167306423187256,1885,0.0502178780734539,-18.662962720000003,150.0,0.0
37740,7276,1887,5,0.10628914833068848,0.0003,0.610973060131073,-2.1585140228271484,1886,0.5605384707450867,-18.662962720000003,150.0,0.0
37760,7276,1888,5,-0.10480642318725586,0.0003,-0.06045155972242355,-2.155421733856201,1887,0.07952858507633209,-18.662962720000003,150.0,0.0
37780,7277,1889,5,0.0317988395690918,0.0003,-0.281883180141449,-2.1533396244049072,1888,0.15513138473033905,-18.662962720000003,150.0,0.0
37800,7277,1890,5,0.22096800804138184,0.0003,-0.20020349323749542,-2.159359931945801,1889,0.04316886141896248,-18.47373162,150.0,0.0
37820,7277,1891,5,0.041414082050323486,0.0003,0.08907522261142731,-2.1678409576416016,1890,0.18015781044960022,-18.47373162,150.0,0.0
37840,7277,1892,5,0.7931870222091675,0.0003,-0.23596012592315674,-1.979076623916626,1891,0.10367190837860107,-18.47373162,150.0,0.0
37860,7277,1893,5,0.8668036460876465,0.0003,0.6603872776031494,-1.9941117763519287,1892,0.17064189910888672,-18.47373162,150.0,0.0
37880,7278,1894,5,0.8044488430023193,0.0003,0.7793167233467102,-2.0017943382263184,1893,0.3058501183986664,-18.47373162,150.0,0.0
37900,7278,1895,5,0.7021389007568359,0.0003,-0.0802389532327652,-2.0089900493621826,1894,0.17411117255687714,-18.47373162,150.0,0.0
37920,7278,1896,5,0.49056363105773926,0.0003,1.2767915725708008,-2.018275022506714,1895,3.9780452251434326,-18.47373162,150.0,0.0
37940,7278,1897,5,0.9778975248336792,0.0003,0.3042190968990326,-2.0352096557617188,1896,0.17402000725269318,-18.47373162,150.0,0.0
37960,7278,1898,5,0.9939530491828918,0.0003,-0.5295244455337524,-2.0395588874816895,1897,0.10920123010873795,-18.47373162,150.0,0.0
37980,7279,1899,5,0.9601261615753174,0.0003,0.9572347402572632,-2.047524929046631,1898,0.4877219796180725,-18.47373162,150.0,0.0
38000,7279,1900,5,0.9426920413970947,0.0003,0.9091503024101257,-2.042715549468994,1899,0.7718396186828613,-18.47373162,150.0,0.0
38020,7279,1901,5,0.7389524579048157,0.0003,2.1005444526672363,-2.034698963165283,1900,4.091007709503174,-18.47373162,150.0,0.0
38040,7280,1902,5,0.9883208274841309,0.0003,-0.5880644917488098,-2.045280933380127,1901,0.23987159132957458,-18.47373162,150.0,0.0
38060,7280,1903,5,0.9828976988792419,0.0003,-0.42048153281211853,-2.072503089904785,1902,0.22785905003547668,-18.47373162,150.0,0.0
38080,7280,1904,5,0.9893861413002014,0.0003,-0.3966215252876282,-2.088200092315674,1903,0.12930601835250854,-18.47373162,150.0,0.0
38100,7280,1905,5,0.9970443844795227,0.0003,-0.15903905034065247,-2.1001503467559814,1904,0.025315964594483376,-18.47373162,150.0,0.0
38120,7281,1906,5,0.9891724586486816,0.0003,0.10007963329553604,-2.108267307281494,1905,0.05796099826693535,-18.47373162,150.0,0.0
38140,7281,1907,5,0.8525434732437134,0.0003,1.009750247001648,-2.112097978591919,1906,1.9389501810073853,-18.47373162,150.0,0.0
38160,7281,1908,5,0.9883168935775757,0.0003,0.29443734884262085,-2.1163203716278076,1907,0.14354917407035828,-18.47373162,150.0,0.0
38180,7282,1909,5,0.9731458425521851,0.0003,0.08869428932666779,-2.1116161346435547,1908,0.23478741943836212,-18.47373162,150.0,0.0
38200,7281,1910,5,0.98598712682724,0.0003,0.2736291289329529,-2.110842227935791,1909,0.10859044641256332,-18.47373162,150.0,0.0
38220,7281,1911,5,0.9648294448852539,0.0003,0.4324568808078766,-2.1120986938476562,1910,0.2410573661327362,-18.47373162,150.0,0.0
38240,7282,1912,5,0.9688225984573364,0.0003,-0.4255833625793457,-2.1305556297302246,1911,0.19795161485671997,-18.47373162,150.0,0.0
38260,7282,1913,5,0.9798597693443298,0.0003,-0.08146454393863678,-2.144683837890625,1912,0.07724831998348236,-18.47373162,150.0,0.0
38280,7282,1914,5,0.9842689633369446,0.0003,0.09253567457199097,-2.151120662689209,1913,0.05300474166870117,-18.47373162,150.0,0.0
38300,7282,1915,5,0.9781539440155029,0.0003,-0.18247857689857483,-2.1551449298858643,1914,0.08489867299795151,-18.47373162,150.0,0.0
38320,7283,1916,5,0.9919039607048035,0.0003,-0.04255364090204239,-2.1446681022644043,1915,0.029716694727540016,-18.47373162,150.0,0.0
38340,7283,1917,5,0.9962700605392456,0.0003,-0.24111835658550262,-2.145073175430298,1916,0.025174904614686966,-18.47373162,150.0,0.0
38360,7283,1918,5,0.9770410656929016,0.0003,-0.14278694987297058,-2.15421986579895,1917,0.05601847916841507,-18.47373162,150.0,0.0
38380,7284,1919,5,0.9387334585189819,0.0003,0.3157225251197815,-2.154564619064331,1918,0.18300485610961914,-18.47373162,150.0,0.0
38400,7283,1920,5,0.9834620952606201,0.0003,0.07199550420045853,-2.1468863487243652,1919,0.041231490671634674,-18.302617910000002,150.0,0.0
38420,7283,1921,5,0.9973755478858948,0.0003,-0.028215467929840088,-2.1541647911071777,1920,0.006137939170002937,-18.302617910000002,150.0,0.0
38440,7283,1922,5,0.8966851830482483,0.0003,-0.13341549038887024,-2.052438497543335,1921,0.07420270144939423,-18.302617910000002,150.0,0.0
38460,7283,1923,5,0.8162637948989868,0.0003,-0.06359566003084183,-2.0698494911193848,1922,0.20673248171806335,-18.302617910000002,150.0,0.0
38480,7283,1924,5,0.7922942638397217,0.0003,0.6865732073783875,-2.031095266342163,1923,1.3466827869415283,-18.302617910000002,150.0,0.0
38500,7283,1925,5,0.8179389238357544,0.0003,0.9057462811470032,-2.0371696949005127,1924,1.6376994848251343,-18.302617910000002,150.0,0.0
38520,7283,1926,5,0.9838471412658691,0.0003,-0.42723092436790466,-2.044109582901001,1925,0.15757884085178375,-18.302617910000002,150.0,0.0
38540,7283,1927,5,0.9700523018836975,0.0003,-0.10808511823415756,-2.045144557952881,1926,0.2090645730495453,-18.302617910000002,150.0,0.0
38560,7283,1928,5,0.9837804436683655,0.0003,-0.2945086359977722,-2.0431506633758545,1927,0.11420588195323944,-18.302617910000002,150.0,0.0
38580,7284,1929,5,0.9076874256134033,0.0003,0.015983421355485916,-2.0652987957000732,1928,0.3473782539367676,-18.302617910000002,150.0,0.0
38600,7284,1930,5,0.744559109210968,0.0003,1.1594629287719727,-2.064540147781372,1929,0.9820058941841125,-18.302617910000002,150.0,0.0
38620,7284,1931,5,0.2618778944015503,0.0003,0.4843170642852783,-2.0757250785827637,1930,0.9121686816215515,-18.302617910000002,150.0,0.0
38640,7285,1932,5,0.9071881771087646,0.0003,0.3550393879413605,-2.0705513954162598,1931,0.18102394044399261,-18.302617910000002,150.0,0.0
38660,7285,1933,5,-0.4452258348464966,0.0003,0.5535542368888855,-2.0507473945617676,1932,0.9925753474235535,-18.302617910000002,150.0,0.0
38680,7285,1934,5,0.6120383143424988,0.0003,1.504705786705017,-2.0700106620788574,1933,3.430868625640869,-18.302617910000002,150.0,0.0
38700,7286,1935,5,0.9058253765106201,0.0003,0.2060813009738922,-2.070443868637085,1934,0.23242518305778503,-18.302617910000002,150.0,0.0
38720,7286,1936,5,0.8017275333404541,0.0003,0.9929672479629517,-2.07902193069458,1935,1.7056381702423096,-18.302617910000002,150.0,0.0
38740,7286,1937,5,0.9481012225151062,0.0003,0.09749697148799896,-2.0811336040496826,1936,0.3520580530166626,-18.302617910000002,150.0,0.0
38760,7286,1938,5,0.9806901812553406,0.0003,-0.5251294374465942,-2.0983662605285645,1937,0.18508219718933105,-18.302617910000002,150.0,0.0
38780,7286,1939,5,0.9886478781700134,0.0003,0.1307283192873001,-2.0946249961853027,1938,0.07153061032295227,-18.302617910000002,150.0,0.0
38800,7287,1940,5,0.9713254570960999,0.0003,-0.7391173839569092,-2.104735851287842,1939,0.31141847372055054,-18.302617910000002,150.0,0.0
38820,7287,1941,5,0.9789343476295471,0.0003,-0.6484349370002747,-2.1213417053222656,1940,0.2365686446428299,-18.302617910000002,150.0,0.0
38840,7287,1942,5,0.9695659875869751,0.0003,-0.377642959356308,-2.121328353881836,1941,0.24753303825855255,-18.302617910000002,150.0,0.0
38860,7287,1943,5,0.9913370013237,0.0003,-0.6299155950546265,-2.124502182006836,1942,0.15658630430698395,-18.302617910000002,150.0,0.0
38880,7287,1944,5,0.9828211069107056,0.0003,-0.3668418526649475,-2.1363508701324463,1943,0.10898883640766144,-18.302617910000002,150.0,0.0
38900,7287,1945,5,0.968602180480957,0.0003,-0.3779493272304535,-2.1496100425720215,1944,0.14664027094841003,-18.302617910000002,150.0,0.0
38920,7288,1946,5,0.9214562773704529,0.0003,-0.5702490210533142,-2.142599105834961,1945,0.20327456295490265,-18.302617910000002,150.0,0.0
38940,7288,1947,5,0.9429298043251038,0.0003,-0.3643261790275574,-2.1517996788024902,1946,0.1036217212677002,-18.302617910000002,150.0,0.0
38960,7288,1948,5,0.9569506645202637,0.0003,-0.3868638575077057,-2.1475374698638916,1947,0.06327743828296661,-18.302617910000002,150.0,0.0
38980,7288,1949,5,0.9648505449295044,0.0003,0.049811508506536484,-2.1441705226898193,1948,0.01163443736732006,-18.302617910000002,150.0,0.0
39000,7288,1950,5,0.40368467569351196,0.0003,0.6870507001876831,-2.142078161239624,1949,0.9128926992416382,-17.72621105,150.0,0.0
39020,7288,1951,5,0.6420567631721497,0.0003,0.6635498404502869,-2.1381261348724365,1950,0.3817928433418274,-17.72621105,150.0,0.0
39040,7289,1952,5,0.7082635164260864,0.0003,0.17595592141151428,-1.9962377548217773,1951,0.13138450682163239,-17.72621105,150.0,0.0
39060,7289,1953,5,0.9266839623451233,0.0003,0.08626361191272736,-2.0108001232147217,1952,0.0579482801258564,-17.72621105,150.0,0.0
39080,7289,1954,5,0.6187595129013062,0.0003,-0.2638922333717346,-2.038724422454834,1953,0.800306499004364,-17.72621105,150.0,0.0
39100,7289,1955,5,0.8136187791824341,0.0003,0.5268939733505249,-2.038461923599243,1954,0.8823732137680054,-17.72621105,150.0,0.0
39120,7290,1956,5,0.9030755162239075,0.0003,0.7754966020584106,-2.052316188812256,1955,0.833579421043396,-17.72621105,150.0,0.0
39140,7290,1957,5,0.9626035690307617,0.0003,-0.91522216796875,-2.0525481700897217,1956,0.45830029249191284,-17.72621105,150.0,0.0
39160,7290,1958,5,0.9659236669540405,0.0003,-0.5765215158462524,-2.077080011367798,1957,0.30986517667770386,-17.72621105,150.0,0.0
39180,7290,1959,5,0.9932740926742554,0.0003,-0.1173708438873291,-2.0830376148223877,1958,0.056552398949861526,-17.72621105,150.0,0.0
39200,7291,1960,5,0.9743663668632507,0.0003,0.13094677031040192,-2.0909738540649414,1959,0.15625396370887756,-17.72621105,150.0,0.0
39220,7291,1961,5,0.6918013095855713,0.0003,1.2962709665298462,-2.067131757736206,1960,1.5490061044692993,-17.72621105,150.0,0.0
39240,7290,1962,5,0.35862302780151367,0.0003,2.524055004119873,-2.0646350383758545,1961,3.488279342651367,-17.72621105,150.0,0.0
39260,7290,1963,5,0.9155119061470032,0.0003,0.3437667489051819,-2.0771865844726562,1962,0.2791920304298401,-17.72621105,150.0,0.0
39280,7291,1964,5,0.8169234395027161,0.0003,-0.22727656364440918,-2.0713918209075928,1963,0.255204975605011,-17.72621105,150.0,0.0
39300,7290,1965,5,0.680911660194397,0.0003,0.7958334684371948,-2.064840078353882,1964,0.5197562575340271,-17.72621105,150.0,0.0
39320,7291,1966,5,0.17466962337493896,0.0003,0.4811253547668457,-2.083904981613159,1965,1.0802505016326904,-17.72621105,150.0,0.0
39340,7291,1967,5,0.519882082939148,0.0003,-0.11617028713226318,-2.072291851043701,1966,0.37045273184776306,-17.72621105,150.0,0.0
39360,7291,1968,5,0.9603826403617859,0.0003,-0.5099201202392578,-2.0874240398406982,1967,0.06647555530071259,-17.72621105,150.0,0.0
39380,7291,1969,5,0.8676713705062866,0.0003,-0.2850360572338104,-2.0933094024658203,1968,0.08063831180334091,-17.72621105,150.0,0.0
39400,7291,1970,5,0.8884539604187012,0.0003,-0.35374265909194946,-2.101710796356201,1969,0.06115838140249252,-17.72621105,150.0,0.0
39420,7292,1971,5,0.6199309825897217,0.0003,0.2625947594642639,-2.11688232421875,1970,0.10717618465423584,-17.72621105,150.0,0.0
39440,7292,1972,5,0.9313108921051025,0.0003,0.021098772063851357,-2.131894588470459,1971,0.017513945698738098,-17.72621105,150.0,0.0
39460,7291,1973,5,0.8367828130722046,0.0003,-0.18451382219791412,-2.1210227012634277,1972,0.09978757053613663,-17.72621105,150.0,0.0
39480,7291,1974,5,0.9030416011810303,0.0003,0.049518171697854996,-2.135108470916748,1973,0.05376669019460678,-17.72621105,150.0,0.0
39500,7291,1975,5,0.937166690826416,0.0003,-0.13604678213596344,-2.149394989013672,1974,0.03979066014289856,-17.72621105,150.0,0.0
39520,7292,1976,5,0.9562675952911377,0.0003,-0.07378454506397247,-2.1652703285217285,1975,0.015134024433791637,-17.72621105,150.0,0.0
39540,7292,1977,5,0.834388017654419,0.0003,0.19123201072216034,-2.1621856689453125,1976,0.03838508203625679,-17.72621105,150.0,0.0
39560,7292,1978,5,0.6400275230407715,0.0003,0.22717010974884033,-2.166149616241455,1977,0.14462296664714813,-17.72621105,150.0,0.0
39580,7292,1979,5,0.8646270036697388,0.0003,-0.15109261870384216,-2.1759886741638184,1978,0.026986513286828995,-17.72621105,150.0,0.0
39600,7292,1980,5,0.8334856629371643,0.0003,0.03357493132352829,-2.1783766746520996,1979,0.0198387298732996,-17.24508358,150.0,0.0
39620,7292,1981,5,0.6043384075164795,0.0003,-0.25037315487861633,-2.1773037910461426,1980,0.05407312512397766,-17.24508358,150.0,0.0
39640,7293,1982,5,0.8790717124938965,0.0003,-0.0880981981754303,-2.013453960418701,1981,0.03999270126223564,-17.24508358,150.0,0.0
39660,7293,1983,5,0.7543572783470154,0.0003,0.3296324610710144,-2.0396065711975098,1982,0.15983909368515015,-17.24508358,150.0,0.0
39680,7293,1984,5,0.4621464014053345,0.0003,0.10220837593078613,-2.033104181289673,1983,0.24830898642539978,-17.24508358,150.0,0.0
39700,7293,1985,5,0.9865487813949585,0.0003,0.004570528864860535,-2.0537071228027344,1984,0.00743242958560586,-17.24508358,150.0,0.0
39720,7294,1986,5,0.9056330323219299,0.0003,0.2587181031703949,-2.070681095123291,1985,0.15574359893798828,-17.24508358,150.0,0.0
39740,7294,1987,5,0.938163697719574,0.0003,-0.14678403735160828,-2.0758254528045654,1986,0.13299840688705444,-17.24508358,150.0,0.0
39760,7294,1988,5,0.8692982196807861,0.0003,0.24623990058898926,-2.082543134689331,1987,0.797928512096405,-17.24508358,150.0,0.0
39780,7294,1989,5,0.9696734547615051,0.0003,0.7306360006332397,-2.0890979766845703,1988,0.358306884765625,-17.24508358,150.0,0.0
39800,7294,1990,5,0.9658612012863159,0.0003,0.14500120282173157,-2.1012649536132812,1989,0.37797993421554565,-17.24508358,150.0,0.0
39820,7295,1991,5,0.9838888049125671,0.0003,-0.5166013836860657,-2.1148171424865723,1990,0.2985752522945404,-17.24508358,150.0,0.0
39840,7295,1992,5,0.9668214917182922,0.0003,0.30002468824386597,-2.114168643951416,1991,0.4531826972961426,-17.24508358,150.0,0.0
39860,7295,1993,5,0.9625460505485535,0.0003,-1.2309843301773071,-2.1108126640319824,1992,0.6769487857818604,-17.24508358,150.0,0.0
39880,7295,1994,5,0.9804139137268066,0.0003,-0.9062047004699707,-2.1251769065856934,1993,0.3235682547092438,-17.24508358,150.0,0.0
39900,7296,1995,5,0.980730414390564,0.0003,-0.5446932911872864,-2.139024257659912,1994,0.1963725984096527,-17.24508358,150.0,0.0
39920,7296,1996,5,0.9732140302658081,0.0003,-0.047075845301151276,-2.1454052925109863,1995,0.18046414852142334,-17.24508358,150.0,0.0
39940,7296,1997,5,0.936457097530365,0.0003,1.2402993440628052,-2.1604957580566406,1996,0.7171419858932495,-17.24508358,150.0,0.0
39960,7297,1998,5,0.5379910469055176,0.0003,-0.5401841402053833,-2.152345895767212,1997,1.168278455734253,-17.24508358,150.0,0.0
39980,7297,1999,5,-2.4584145545959473,0.0003,0.3294737935066223,-2.168273687362671,1998,2.4022350311279297,-17.24508358,150.0,0.0
40000,7297,2000,5,0.855636715888977,0.0003,-0.15509602427482605,-2.1698272228240967,1999,0.24422430992126465,-17.24508358,150.0,0.0
40020,7297,2001,5,0.977855920791626,0.0003,-0.3821956515312195,-2.1620261669158936,2000,0.07725175470113754,-17.24508358,150.0,0.0
40040,7298,2002,5,0.9490808844566345,0.0003,-0.6658244729042053,-2.170987129211426,2001,0.14693856239318848,-17.24508358,150.0,0.0
40060,7298,2003,5,0.8391655087471008,0.0003,-0.3998633027076721,-2.174384117126465,2002,0.16739246249198914,-17.24508358,150.0,0.0
40080,7298,2004,5,0.9661168456077576,0.0003,-0.3746139109134674,-2.1763668060302734,2003,0.05066346004605293,-17.24508358,150.0,0.0
40100,7298,2005,5,0.8864960670471191,0.0003,-0.3818584680557251,-2.1707568168640137,2004,0.11001650243997574,-17.24508358,150.0,0.0
40120,7298,2006,5,0.820844292640686,0.0003,0.43169164657592773,-2.173820972442627,2005,0.2509273588657379,-17.24508358,150.0,0.0
40140,7298,2007,5,0.8674901723861694,0.0003,0.28148579597473145,-2.178562641143799,2006,0.1736331731081009,-17.24508358,150.0,0.0
40160,7298,2008,5,0.9552599787712097,0.0003,-0.2421305626630783,-2.1776671409606934,2007,0.08562471717596054,-17.24508358,150.0,0.0
40180,7298,2009,5,0.9631189703941345,0.0003,-0.05991855263710022,-2.176069736480713,2008,0.06371556222438812,-17.24508358,150.0,0.0
40200,7298,2010,5,0.9371742606163025,0.0003,-0.3152378797531128,-2.1762518882751465,2009,0.10650353133678436,-16.94781128,150.0,0.0
40220,7298,2011,5,0.9522954821586609,0.0003,-0.2120373249053955,-2.170557737350464,2010,0.058902807533741,-16.94781128,150.0,0.0
40240,7299,2012,5,-1.584118366241455,0.0003,-1.30257248878479,-1.991742491722107,2011,0.6948508620262146,-16.94781128,150.0,0.0
40260,7299,2013,5,-0.5518230199813843,0.0003,-0.5559464693069458,-2.0042569637298584,2012,0.4085156321525574,-16.94781128,150.0,0.0
40280,7299,2014,5,0.28534334897994995,0.0003,0.5017908215522766,-1.994171380996704,2013,0.5494203567504883,-16.94781128,150.0,0.0
40300,7300,2015,5,0.8771393895149231,0.0003,-0.6689125895500183,-2.0029654502868652,2014,0.17057497799396515,-16.94781128,150.0,0.0
40320,7300,2016,5,0.5445346832275391,0.0003,-0.3896101415157318,-2.008798599243164,2015,0.21579471230506897,-16.94781128,150.0,0.0
40340,7300,2017,5,0.03393596410751343,0.0003,-0.7775459289550781,-2.0519745349884033,2016,0.3655773103237152,-16.94781128,150.0,0.0
40360,7300,2018,5,0.9059374928474426,0.0003,-0.4540138244628906,-2.0703296661376953,2017,0.0915425568819046,-16.94781128,150.0,0.0
40380,7301,2019,5,0.27366113662719727,0.0003,0.025131553411483765,-2.080173969268799,2018,0.2443387508392334,-16.94781128,150.0,0.0
40400,7301,2020,5,0.9388489127159119,0.0003,-0.18601873517036438,-2.0705440044403076,2019,0.03326956555247307,-16.94781128,150.0,0.0
40420,7301,2021,5,0.8080758452415466,0.0003,0.26267698407173157,-2.0486907958984375,2020,0.18918204307556152,-16.94781128,150.0,0.0
40440,7302,2022,5,0.5050293207168579,0.0003,-0.2854594588279724,-2.059751033782959,2021,0.7361275553703308,-16.94781128,150.0,0.0
40460,7302,2023,5,0.9058606028556824,0.0003,0.11781372874975204,-2.0864717960357666,2022,0.1001472920179367,-16.94781128,150.0,0.0
40480,7302,2024,5,0.8983147144317627,0.0003,-0.5085284113883972,-2.0916731357574463,2023,0.16504326462745667,-16.94781128,150.0,0.0
40500,7303,2025,5,0.6457696557044983,0.0003,0.14933712780475616,-2.1107001304626465,2024,0.6797047853469849,-16.94781128,150.0,0.0
40520,7303,2026,5,0.8206957578659058,0.0003,-0.3544621467590332,-2.12439227104187,2025,0.33934032917022705,-16.94781128,150.0,0.0
40540,7303,2027,5,0.7122882604598999,0.0003,-0.16401176154613495,-2.097130060195923,2026,0.8481006622314453,-16.94781128,150.0,0.0
40560,7304,2028,5,0.9551522135734558,0.0003,-0.8023632764816284,-2.113337516784668,2027,0.17985334992408752,-16.94781128,150.0,0.0
40580,7304,2029,5,0.7490639686584473,0.0003,-0.8096286654472351,-2.1303327083587646,2028,0.2243557870388031,-16.94781128,150.0,0.0
40600,7304,2030,5,0.7577602863311768,0.0003,-0.6056631803512573,-2.1457607746124268,2029,0.11093653738498688,-16.94781128,150.0,0.0
40620,7305,2031,5,-0.34928178787231445,0.0003,0.08998563885688782,-2.151242256164551,2030,0.057133544236421585,-16.94781128,150.0,0.0
40640,7305,2032,5,-0.11047112941741943,0.0003,0.9954795837402344,-2.150143623352051,2031,1.2755153179168701,-16.94781128,150.0,0.0
40660,7305,2033,5,-0.21187663078308105,0.0003,-0.13554123044013977,-2.1519932746887207,2032,0.29611340165138245,-16.94781128,150.0,0.0
40680,7305,2034,5,-0.08165407180786133,0.0003,-0.31612738966941833,-2.162224769592285,2033,0.05023256689310074,-16.94781128,150.0,0.0
40700,7306,2035,5,-0.034329771995544434,0.0003,0.5398855805397034,-2.1682188510894775,2034,0.5079975128173828,-16.94781128,150.0,0.0
40720,7306,2036,5,0.04352831840515137,0.0003,0.0891379565000534,-2.1599395275115967,2035,0.042901404201984406,-16.94781128,150.0,0.0
40740,7306,2037,5,0.18150067329406738,0.0003,-0.1835857331752777,-2.162519693374634,2036,0.05943097919225693,-16.94781128,150.0,0.0
40760,7307,2038,5,-0.01433098316192627,0.0003,1.1204769611358643,-2.1603405475616455,2037,0.9262115359306335,-16.94781128,150.0,0.0
40780,7307,2039,5,0.03582566976547241,0.0003,-0.29616427421569824,-2.158932685852051,2038,0.07833470404148102,-16.94781128,150.0,0.0
40800,7307,2040,5,0.13158994913101196,0.0003,-0.1723867952823639,-2.1748480796813965,2039,0.04123895242810249,-17.24169738,150.0,0.0
40820,7307,2041,5,0.08218562602996826,0.0003,-0.1012335866689682,-2.178924083709717,2040,0.014173385687172413,-17.24169738,150.0,0.0
40840,7307,2042,5,0.8016119003295898,0.0003,-0.2154540717601776,-1.869948387145996,2041,0.05844360589981079,-17.24169738,150.0,0.0
40860,7308,2043,5,0.8132637143135071,0.0003,0.1351911574602127,-1.9009666442871094,2042,0.0813409835100174,-17.24169738,150.0,0.0
40880,7308,2044,5,0.06326240301132202,0.0003,-0.026871461421251297,-1.9068233966827393,2043,0.1338435411453247,-17.24169738,150.0,0.0
40900,7308,2045,5,0.8156813979148865,0.0003,-0.36134853959083557,-1.9360723495483398,2044,0.15837056934833527,-17.24169738,150.0,0.0
40920,7307,2046,5,0.944352388381958,0.0003,0.2680879533290863,-1.949917197227478,2045,0.05384192615747452,-17.24169738,150.0,0.0
40940,7307,2047,5,0.9589120149612427,0.0003,0.27917760610580444,-1.9771671295166016,2046,0.0566687174141407,-17.24169738,150.0,0.0
40960,7308,2048,5,0.964415431022644,0.0003,-0.1840636432170868,-1.9929149150848389,2047,0.05577461048960686,-17.24169738,150.0,0.0
40980,7308,2049,5,0.5039733052253723,0.0003,0.8601348996162415,-2.0093986988067627,2048,0.6186316609382629,-17.24169738,150.0,0.0
41000,7308,2050,5,0.6557047367095947,0.0003,0.8347930908203125,-2.031559467315674,2049,1.1401007175445557,-17.24169738,150.0,0.0
41020,7307,2051,5,0.957807719707489,0.0003,-0.25799137353897095,-2.040459156036377,2050,0.10693453252315521,-17.24169738,150.0,0.0
41040,7306,2052,5,0.3274703621864319,0.0003,1.7315375804901123,-2.046496629714966,2051,4.289410591125488,-17.24169738,150.0,0.0
41060,7306,2053,5,0.9740787744522095,0.0003,-0.5275056958198547,-2.0552446842193604,2052,0.1491878479719162,-17.24169738,150.0,0.0
41080,7305,2054,5,0.9524120092391968,0.0003,0.07935021072626114,-2.0809597969055176,2053,0.13819554448127747,-17.24169738,150.0,0.0
41100,7305,2055,5,0.954243540763855,0.0003,-0.11703459918498993,-2.0911262035369873,2054,0.11508035659790039,-17.24169738,150.0,0.0
41120,7304,2056,5,0.9711950421333313,0.0003,-0.29002660512924194,-2.106083393096924,2055,0.09141314774751663,-17.24169738,150.0,0.0
41140,7303,2057,5,0.7928897738456726,0.0003,0.12999770045280457,-2.1229100227355957,2056,0.36620813608169556,-17.24169738,150.0,0.0
41160,7302,2058,5,0.9723975658416748,0.0003,0.07440774142742157,-2.1119930744171143,2057,0.044403232634067535,-17.24169738,150.0,0.0
41180,7302,2059,5,0.8350076675415039,0.0003,-0.3476376533508301,-2.1177241802215576,2058,0.2353440821170807,-17.24169738,150.0,0.0
41200,7301,2060,5,0.49216437339782715,0.0003,-0.46699628233909607,-2.1146702766418457,2059,0.2343413382768631,-17.24169738,150.0,0.0
41220,7300,2061,5,0.9192278981208801,0.0003,0.30577969551086426,-2.118773937225342,2060,0.048015572130680084,-17.24169738,150.0,0.0
41240,7299,2062,5,0.9222555160522461,0.0003,-0.13287699222564697,-2.1218197345733643,2061,0.019851285964250565,-17.24169738,150.0,0.0
41260,7299,2063,5,0.36133646965026855,0.0003,-0.09942401945590973,-2.1422500610351562,2062,0.14759163558483124,-17.24169738,150.0,0.0
41280,7299,2064,5,0.5593667030334473,0.0003,0.16258582472801208,-2.1408095359802246,2063,0.1567460000514984,-17.24169738,150.0,0.0
41300,7299,2065,5,0.8550270199775696,0.0003,-0.07648409903049469,-2.157665729522705,2064,0.016027124598622322,-17.24169738,150.0,0.0
41320,7299,2066,5,0.48930686712265015,0.0003,-0.4164765775203705,-2.1651809215545654,2065,0.07505933940410614,-17.24169738,150.0,0.0
41340,7299,2067,5,0.41513824462890625,0.0003,0.03325051814317703,-2.1707663536071777,2066,0.043374113738536835,-17.24169738,150.0,0.0
41360,7300,2068,5,0.5027637481689453,0.0003,-0.23440885543823242,-2.171715259552002,2067,0.05519651621580124,-17.24169738,150.0,0.0
41380,7300,2069,5,0.44297873973846436,0.0003,-0.31797558069229126,-2.173274278640747,2068,0.06241840124130249,-17.24169738,150.0,0.0
41400,7300,2070,5,0.305061399936676,0.0003,-0.2620181143283844,-2.1791770458221436,2069,0.09181465208530426,-17.38377864,150.0,0.0
41420,7300,2071,5,0.26391148567199707,0.0003,-0.17106392979621887,-2.177736520767212,2070,0.033021796494722366,-17.38377864,150.0,0.0
41440,7300,2072,5,0.48809945583343506,0.0003,-0.06668034940958023,-2.021484613418579,2071,0.05130532383918762,-17.38377864,150.0,0.0
41460,7300,2073,5,0.639309823513031,0.0003,-0.07426540553569794,-2.0018093585968018,2072,0.2716555595397949,-17.38377864,150.0,0.0
41480,7300,2074,5,0.8897849321365356,0.0003,-0.3909948468208313,-2.044978380203247,2073,0.15835599601268768,-17.38377864,150.0,0.0
41500,7298,2075,5,0.9724957942962646,0.0003,-0.5103998780250549,-2.056337833404541,2074,0.09771914780139923,-17.38377864,150.0,0.0
41520,7292,2076,5,0.8941882252693176,0.0003,0.44411855936050415,-2.0725886821746826,2075,0.13509538769721985,-17.38377864,150.0,0.0
41540,7291,2077,5,0.9552809000015259,0.0003,0.36714738607406616,-2.0705580711364746,2076,0.10562852770090103,-17.38377864,150.0,0.0
41560,7290,2078,5,0.9133564829826355,0.0003,0.4369382858276367,-2.0653188228607178,2077,0.21174326539039612,-17.38377864,150.0,0.0
41580,7289,2079,5,0.5307455062866211,0.0003,1.6107820272445679,-2.0686516761779785,2078,1.4020922183990479,-17.38377864,150.0,0.0
41600,7290,2080,5,0.9822542667388916,0.0003,0.5931991934776306,-2.1020569801330566,2079,0.12457390129566193,-17.38377864,150.0,0.0
41620,7290,2081,5,0.9604451656341553,0.0003,0.0829847902059555,-2.114710569381714,2080,0.11291296780109406,-17.38377864,150.0,0.0
41640,7290,2082,5,0.4029013514518738,0.0003,2.4422643184661865,-2.1261775493621826,2081,2.3681626319885254,-17.38377864,150.0,0.0
41660,7290,2083,5,0.45047205686569214,0.0003,1.2988450527191162,-2.119178056716919,2082,0.8364638090133667,-17.38377864,150.0,0.0
41680,7289,2084,5,0.8544245958328247,0.0003,0.4582117199897766,-2.1366875171661377,2083,0.5265334248542786,-17.38377864,150.0,0.0
41700,7289,2085,5,-0.14124763011932373,0.0003,2.3137199878692627,-2.1226541996002197,2084,3.716287612915039,-17.38377864,150.0,0.0
41720,7289,2086,5,0.9301042556762695,0.0003,-1.027414321899414,-2.115663528442383,2085,0.5365852117538452,-17.38377864,150.0,0.0
41740,7289,2087,5,0.9783194661140442,0.0003,-0.5739399194717407,-2.122013568878174,2086,0.14488662779331207,-17.38377864,150.0,0.0
41760,7289,2088,5,0.5724934339523315,0.0003,0.8751686215400696,-2.1164469718933105,2087,1.606162667274475,-17.38377864,150.0,0.0
41780,7289,2089,5,0.9504475593566895,0.0003,-0.033055998384952545,-2.1079940795898438,2088,0.17949137091636658,-17.38377864,150.0,0.0
41800,7289,2090,5,0.9608330726623535,0.0003,0.02109258808195591,-2.1223769187927246,2089,0.2100841999053955,-17.38377864,150.0,0.0
41820,7289,2091,5,0.9831417202949524,0.0003,-0.5651299357414246,-2.1445202827453613,2090,0.16591060161590576,-17.38377864,150.0,0.0
41840,7290,2092,5,0.9940786361694336,0.0003,0.15698421001434326,-2.145967721939087,2091,0.030543005093932152,-17.38377864,150.0,0.0
41860,7290,2093,5,0.9815366864204407,0.0003,0.06807834655046463,-2.149214506149292,2092,0.08685340732336044,-17.38377864,150.0,0.0
41880,7290,2094,5,0.9845578074455261,0.0003,-0.32855936884880066,-2.1450588703155518,2093,0.08054105937480927,-17.38377864,150.0,0.0
41900,7290,2095,5,0.9888473749160767,0.0003,-0.7158331871032715,-2.1419730186462402,2094,0.1413610875606537,-17.38377864,150.0,0.0
41920,7290,2096,5,0.9505388736724854,0.0003,0.08239428699016571,-2.1409308910369873,2095,0.07571811228990555,-17.38377864,150.0,0.0
41940,7290,2097,5,0.9855406880378723,0.0003,-0.29897528886795044,-2.138606548309326,2096,0.03684175759553909,-17.38377864,150.0,0.0
41960,7291,2098,5,0.9556131362915039,0.0003,-0.32836318016052246,-2.1450917720794678,2097,0.04723828658461571,-17.38377864,150.0,0.0
41980,7291,2099,5,0.9501312375068665,0.0003,-0.20341436564922333,-2.1490683555603027,2098,0.02035083808004856,-17.38377864,150.0,0.0
42000,7291,2100,5,0.8039288520812988,0.0003,-0.26203811168670654,-2.1512014865875244,2099,0.033245112746953964,-17.463981550000003,150.0,0.0
42020,7291,2101,5,0.8484420776367188,0.0003,0.00037208720459602773,-2.145251750946045,2100,0.009324138052761555,-17.463981550000003,150.0,0.0
42040,7291,2102,5,0.8868850469589233,0.0003,0.6701294183731079,-2.028913974761963,2101,0.25918662548065186,-17.463981550000003,150.0,0.0
42060,7291,2103,5,0.8842954635620117,0.0003,0.34461015462875366,-2.0372276306152344,2102,0.1575995683670044,-17.463981550000003,150.0,0.0
42080,7292,2104,5,0.8639344573020935,0.0003,-0.031017040833830833,-2.0552170276641846,2103,0.2557613253593445,-17.463981550000003,150.0,0.0
42100,7292,2105,5,0.9585631489753723,0.0003,0.3497709631919861,-2.083265781402588,2104,0.14636929333209991,-17.463981550000003,150.0,0.0
42120,7292,2106,5,0.9675165414810181,0.0003,-0.012316448614001274,-2.085757255554199,2105,0.14574699103832245,-17.463981550000003,150.0,0.0
42140,7292,2107,5,0.9164161086082458,0.0003,-0.04821204021573067,-2.1001973152160645,2106,0.4165310263633728,-17.463981550000003,150.0,0.0
42160,7292,2108,5,0.9638704657554626,0.0003,0.07888512313365936,-2.0926856994628906,2107,0.328850120306015,-17.463981550000003,150.0,0.0
42180,7293,2109,5,0.9897212386131287,0.0003,0.06986983120441437,-2.1033389568328857,2108,0.1040048599243164,-17.463981550000003,150.0,0.0
42200,7293,2110,5,0.9554545283317566,0.0003,-0.48908892273902893,-2.115720748901367,2109,0.6091795563697815,-17.463981550000003,150.0,0.0
42220,7293,2111,5,0.967822253704071,0.0003,-0.1975928246974945,-2.1154158115386963,2110,0.4312901496887207,-17.463981550000003,150.0,0.0
42240,7294,2112,5,0.9798471331596375,0.0003,-0.3781750500202179,-2.1078357696533203,2111,0.35520926117897034,-17.463981550000003,150.0,0.0
42260,7294,2113,5,0.917901873588562,0.0003,0.4946262240409851,-2.120192289352417,2112,1.9559996128082275,-17.463981550000003,150.0,0.0
42280,7294,2114,5,0.993401825428009,0.0003,-0.6557343602180481,-2.1197147369384766,2113,0.233180433511734,-17.463981550000003,150.0,0.0
42300,7294,2115,5,0.9652428030967712,0.0003,0.10964242368936539,-2.11720609664917,2114,0.9107953310012817,-17.463981550000003,150.0,0.0
42320,7294,2116,5,0.9873934984207153,0.0003,-0.07634694874286652,-2.120283842086792,2115,0.4002159535884857,-17.463981550000003,150.0,0.0
42340,7294,2117,5,0.9955177307128906,0.0003,-1.0047329664230347,-2.1130547523498535,2116,0.3528122305870056,-17.463981550000003,150.0,0.0
42360,7294,2118,5,0.9913789629936218,0.0003,-0.5006049871444702,-2.1312546730041504,2117,0.24122968316078186,-17.463981550000003,150.0,0.0
42380,7295,2119,5,0.9906241297721863,0.0003,-0.7322880029678345,-2.1426751613616943,2118,0.26138147711753845,-17.463981550000003,150.0,0.0
42400,7295,2120,5,0.9767879247665405,0.0003,-0.6308907270431519,-2.1412715911865234,2119,0.3032072186470032,-17.463981550000003,150.0,0.0
42420,7295,2121,5,0.9822410941123962,0.0003,0.1089586466550827,-2.145327568054199,2120,0.10177097469568253,-17.463981550000003,150.0,0.0
42440,7295,2122,5,0.939246654510498,0.0003,-0.21144762635231018,-2.1561622619628906,2121,0.2544895112514496,-17.463981550000003,150.0,0.0
42460,7295,2123,5,0.9553984999656677,0.0003,-0.15150928497314453,-2.1558570861816406,2122,0.10292937606573105,-17.463981550000003,150.0,0.0
42480,7295,2124,5,0.9641743302345276,0.0003,-0.19453687965869904,-2.144359827041626,2123,0.06887197494506836,-17.463981550000003,150.0,0.0
42500,7295,2125,5,0.9577146768569946,0.0003,0.04961951822042465,-2.152251720428467,2124,0.038137298077344894,-17.463981550000003,150.0,0.0
42520,7296,2126,5,0.956287682056427,0.0003,0.08385512232780457,-2.1503243446350098,2125,0.04407767578959465,-17.463981550000003,150.0,0.0
42540,7296,2127,5,0.8150923252105713,0.0003,0.5468223690986633,-2.148374080657959,2126,0.6093548536300659,-17.463981550000003,150.0,0.0
42560,7296,2128,5,0.791502058506012,0.0003,0.8254909515380859,-2.143752098083496,2127,1.2852885723114014,-17.463981550000003,150.0,0.0
42580,7296,2129,5,0.8769972324371338,0.0003,0.4931025505065918,-2.1422603130340576,2128,0.7829487323760986,-17.463981550000003,150.0,0.0
42600,7295,2130,5,0.9904802441596985,0.0003,-0.17312714457511902,-2.156217098236084,2129,0.04080731421709061,-17.16675099,150.0,0.0
42620,7295,2131,5,0.9849312901496887,0.0003,-0.3224523663520813,-2.1561527252197266,2130,0.07212010771036148,-17.16675099,150.0,0.0
42640,7295,2132,5,0.9180105924606323,0.0003,-1.326782464981079,-2.0027194023132324,2131,0.5326188802719116,-17.16675099,150.0,0.0
42660,7295,2133,5,0.9811116456985474,0.0003,-0.37311792373657227,-2.025629758834839,2132,0.08749161660671234,-17.16675099,150.0,0.0
42680,7296,2134,5,0.9939212203025818,0.0003,-0.15771590173244476,-2.0398011207580566,2133,0.02257346361875534,-17.16675099,150.0,0.0
42700,7296,2135,5,0.9795855283737183,0.0003,-0.0037763952277600765,-2.0537800788879395,2134,0.043916597962379456,-17.16675099,150.0,0.0
42720,7296,2136,5,0.8728501796722412,0.0003,-0.06690628081560135,-2.074460744857788,2135,0.17515811324119568,-17.16675099,150.0,0.0
42740,7296,2137,5,0.9841475486755371,0.0003,-0.10542615503072739,-2.068056106567383,2136,0.025871973484754562,-17.16675099,150.0,0.0
42760,7296,2138,5,0.9859676361083984,0.0003,0.1934797167778015,-2.0738768577575684,2137,0.03210846334695816,-17.16675099,150.0,0.0
42780,7296,2139,5,0.9350833892822266,0.0003,-0.2462913542985916,-2.073657274246216,2138,0.13975700736045837,-17.16675099,150.0,0.0
42800,7297,2140,5,0.914788007736206,0.0003,-0.4242783486843109,-2.0896358489990234,2139,0.199634850025177,-17.16675099,150.0,0.0
42820,7297,2141,5,0.9375317692756653,0.0003,0.14069470763206482,-2.087571382522583,2140,0.10826168209314346,-17.16675099,150.0,0.0
42840,7297,2142,5,0.9334017038345337,0.0003,-0.2586769759654999,-2.0795702934265137,2141,0.12845011055469513,-17.16675099,150.0,0.0
42860,7297,2143,5,0.7167617082595825,0.0003,0.6869698762893677,-2.067077398300171,2142,0.44464975595474243,-17.16675099,150.0,0.0
42880,7297,2144,5,0.33305126428604126,0.0003,1.0293967723846436,-2.0444087982177734,2143,1.774104356765747,-17.16675099,150.0,0.0
42900,7298,2145,5,0.9201527237892151,0.0003,0.16773249208927155,-2.051548480987549,2144,0.1183919906616211,-17.16675099,150.0,0.0
42920,7298,2146,5,0.8887608051300049,0.0003,0.5533261299133301,-2.0563180446624756,2145,0.29902413487434387,-17.16675099,150.0,0.0
42940,7298,2147,5,0.8261157870292664,0.0003,1.0862261056900024,-2.073939085006714,2146,0.8315143585205078,-17.16675099,150.0,0.0
42960,7299,2148,5,0.9013258218765259,0.0003,0.6015508770942688,-2.085257053375244,2147,0.3839103877544403,-17.16675099,150.0,0.0
42980,7299,2149,5,0.9335527420043945,0.0003,0.14511576294898987,-2.076878070831299,2148,0.1327923834323883,-17.16675099,150.0,0.0
43000,7299,2150,5,0.7740329504013062,0.0003,1.0013405084609985,-2.0530107021331787,2149,0.6169630289077759,-17.16675099,150.0,0.0
43020,7299,2151,5,0.5711596608161926,0.0003,0.7086602449417114,-2.0686676502227783,2150,0.6160765886306763,-17.16675099,150.0,0.0
43040,7299,2152,5,0.7878811955451965,0.0003,1.0548923015594482,-2.0751938819885254,2151,1.3170520067214966,-17.16675099,150.0,0.0
43060,7299,2153,5,0.9787749648094177,0.0003,-0.1283639520406723,-2.0368094444274902,2152,0.04199637472629547,-17.16675099,150.0,0.0
43080,7300,2154,5,0.6136429309844971,0.0003,1.4618536233901978,-2.0359604358673096,2153,2.301365852355957,-17.16675099,150.0,0.0
43100,7300,2155,5,0.9845051765441895,0.0003,0.1728469580411911,-2.051589250564575,2154,0.03829042240977287,-17.16675099,150.0,0.0
43120,7300,2156,5,0.9781455397605896,0.0003,-0.07546915113925934,-2.075336456298828,2155,0.041586022824048996,-17.16675099,150.0,0.0
43140,7301,2157,5,0.9216251969337463,0.0003,-0.32684141397476196,-2.0940985679626465,2156,0.11585374176502228,-17.16675099,150.0,0.0
43160,7301,2158,5,0.9375578165054321,0.0003,-0.17343944311141968,-2.126096725463867,2157,0.06304774433374405,-17.16675099,150.0,0.0
43180,7301,2159,5,0.5680681467056274,0.0003,-0.5700118541717529,-2.142152786254883,2158,0.19768358767032623,-17.16675099,150.0,0.0
43200,7301,2160,5,0.5439149737358093,0.0003,-0.07582184672355652,-2.139909267425537,2159,0.05947433039546013,-17.27289373,150.0,0.0
43220,7301,2161,5,0.8535558581352234,0.0003,-0.1137038916349411,-2.1373212337493896,2160,0.01993054337799549,-17.27289373,150.0,0.0
43240,7302,2162,5,0.9321462512016296,0.0003,0.5497761964797974,-1.8762630224227905,2161,0.11155728995800018,-17.27289373,150.0,0.0
43260,7302,2163,5,0.7835426330566406,0.0003,1.1364293098449707,-1.9039857387542725,2162,0.6115680932998657,-17.27289373,150.0,0.0
43280,7303,2164,5,0.741215705871582,0.0003,0.46479853987693787,-1.8926029205322266,2163,0.6517488956451416,-17.27289373,150.0,0.0
43300,7303,2165,5,0.8937231302261353,0.0003,-0.5407018065452576,-1.8911468982696533,2164,0.37041208148002625,-17.27289373,150.0,0.0
43320,7303,2166,5,0.9332733154296875,0.0003,0.40050220489501953,-1.9163131713867188,2165,0.17964839935302734,-17.27289373,150.0,0.0
43340,7303,2167,5,0.9418155550956726,0.0003,0.3875378966331482,-1.938269853591919,2166,0.22277967631816864,-17.27289373,150.0,0.0
43360,7303,2168,5,0.45109260082244873,0.0003,1.8414697647094727,-1.9158300161361694,2167,4.603292465209961,-17.27289373,150.0,0.0
43380,7303,2169,5,0.957650363445282,0.0003,-0.38315755128860474,-1.9222605228424072,2168,0.40040549635887146,-17.27289373,150.0,0.0
43400,7303,2170,5,0.9775618314743042,0.0003,-1.1378816366195679,-1.9434692859649658,2169,0.6741520166397095,-17.27289373,150.0,0.0
43420,7303,2171,5,0.9667375683784485,0.0003,-0.45916885137557983,-1.9650157690048218,2170,0.47503185272216797,-17.27289373,150.0,0.0
43440,7303,2172,5,0.981319010257721,0.0003,-0.23326334357261658,-1.9804760217666626,2171,0.2905147075653076,-17.27289373,150.0,0.0
43460,7303,2173,5,0.9280540943145752,0.0003,0.9634528160095215,-1.9927476644515991,2172,1.6399345397949219,-17.27289373,150.0,0.0
43480,7304,2174,5,0.9860251545906067,0.0003,0.027243878692388535,-2.0375404357910156,2173,0.3539588451385498,-17.27289373,150.0,0.0
43500,7304,2175,5,0.9778885841369629,0.0003,-0.23450878262519836,-2.0600383281707764,2174,0.6393933892250061,-17.27289373,150.0,0.0
43520,7304,2176,5,0.9876521229743958,0.0003,-0.8837411999702454,-2.0748252868652344,2175,0.5383559465408325,-17.27289373,150.0,0.0
43540,7304,2177,5,0.9932144284248352,0.0003,-0.8346376419067383,-2.0854077339172363,2176,0.2832486033439636,-17.27289373,150.0,0.0
43560,7304,2178,5,0.9888555407524109,0.0003,-0.0024264813400804996,-2.088991641998291,2177,0.17580732703208923,-17.27289373,150.0,0.0
43580,7304,2179,5,0.9895063638687134,0.0003,-0.5185776948928833,-2.1175520420074463,2178,0.18690267205238342,-17.27289373,150.0,0.0
43600,7305,2180,5,0.9747374653816223,0.0003,-0.05013333633542061,-2.1216819286346436,2179,0.25828251242637634,-17.27289373,150.0,0.0
43620,7305,2181,5,0.9921287298202515,0.0003,-0.20085015892982483,-2.131587266921997,2180,0.07724745571613312,-17.27289373,150.0,0.0
43640,7305,2182,5,0.9940700531005859,0.0003,0.06239285320043564,-2.1433053016662598,2181,0.04230813309550285,-17.27289373,150.0,0.0
43660,7305,2183,5,0.9883360862731934,0.0003,-0.15790973603725433,-2.160172700881958,2182,0.09381227195262909,-17.27289373,150.0,0.0
43680,7306,2184,5,0.9902782440185547,0.0003,-0.029826849699020386,-2.1625070571899414,2183,0.07039622962474823,-17.27289373,150.0,0.0
43700,7306,2185,5,0.9850510358810425,0.0003,-0.32551178336143494,-2.162233591079712,2184,0.11975686252117157,-17.27289373,150.0,0.0
43720,7306,2186,5,0.9917334914207458,0.0003,-0.22579321265220642,-2.163419246673584,2185,0.054309647530317307,-17.27289373,150.0,0.0
43740,7306,2187,5,0.9807971715927124,0.0003,-0.21777601540088654,-2.166405200958252,2186,0.08260522782802582,-17.27289373,150.0,0.0
43760,7306,2188,5,0.9744945764541626,0.0003,-0.0978865921497345,-2.166581392288208,2187,0.06679286062717438,-17.27289373,150.0,0.0
43780,7307,2189,5,0.9701168537139893,0.0003,-0.28676146268844604,-2.1670119762420654,2188,0.05290041118860245,-17.27289373,150.0,0.0
43800,7306,2190,5,0.8439711928367615,0.0003,-0.03313472867012024,-2.1665987968444824,2189,0.06548653542995453,-17.135017720000004,150.0,0.0
43820,7307,2191,5,0.12536871433258057,0.0003,0.02228574827313423,-2.1612465381622314,2190,0.07100337743759155,-17.135017720000004,150.0,0.0
43840,7307,2192,5,0.8274964690208435,0.0003,-0.4530743658542633,-1.9966341257095337,2191,0.09558156132698059,-17.135017720000004,150.0,0.0
43860,7307,2193,6,0.05006474256515503,0.0003,0.44051989912986755,-2.0127627849578857,2192,0.2404979169368744,-17.135017720000004,150.0,0.0
43880,7307,2194,6,0.815683126449585,0.0003,0.054316241294145584,-2.0292441844940186,2193,0.0348067507147789,-17.135017720000004,150.0,0.0
43900,7307,2195,6,0.6959105730056763,0.0003,-0.8044984936714172,-2.0541603565216064,2194,0.32882970571517944,-17.135017720000004,150.0,0.0
43920,7307,2196,6,0.9063916802406311,0.0003,0.16753506660461426,-2.0611793994903564,2195,0.08470200002193451,-17.135017720000004,150.0,0.0
43940,7307,2197,6,0.7992581725120544,0.0003,-0.18879151344299316,-2.0909714698791504,2196,0.2740209102630615,-17.135017720000004,150.0,0.0
43960,7307,2198,6,0.936149001121521,0.0003,0.23780079185962677,-2.1033272743225098,2197,0.12086192518472672,-17.135017720000004,150.0,0.0
43980,7307,2199,6,0.8249930739402771,0.0003,0.11753185093402863,-2.108367919921875,2198,0.6544342041015625,-17.135017720000004,150.0,0.0
44000,7308,2200,6,0.5843459963798523,0.0003,1.8793659210205078,-2.1281237602233887,2199,3.9114677906036377,-17.135017720000004,150.0,0.0
44020,7308,2201,6,0.8646607995033264,0.0003,1.6620041131973267,-2.144318103790283,2200,1.9489881992340088,-17.135017720000004,150.0,0.0
44040,7308,2202,6,0.9756630659103394,0.0003,-0.05020050331950188,-2.1490869522094727,2201,0.2562538981437683,-17.135017720000004,150.0,0.0
44060,7308,2203,6,0.9883410334587097,0.0003,-0.4189070165157318,-2.143613338470459,2202,0.17828959226608276,-17.135017720000004,150.0,0.0
44080,7308,2204,6,0.9831546545028687,0.0003,0.04971885308623314,-2.150773763656616,2203,0.17015811800956726,-17.135017720000004,150.0,0.0
44100,7309,2205,6,0.9900234937667847,0.0003,0.09030604362487793,-2.1554293632507324,2204,0.1090313196182251,-17.135017720000004,150.0,0.0
44120,7309,2206,6,0.7802633047103882,0.0003,0.6568905711174011,-2.137512683868408,2205,1.7759755849838257,-17.135017720000004,150.0,0.0
44140,7309,2207,6,0.9682538509368896,0.0003,-0.009854352101683617,-2.1463589668273926,2206,0.1832861304283142,-17.135017720000004,150.0,0.0
44160,7309,2208,6,0.9759035110473633,0.0003,0.4383198320865631,-2.122559070587158,2207,0.17330051958560944,-17.135017720000004,150.0,0.0
44180,7309,2209,6,0.8182281851768494,0.0003,1.4696171283721924,-2.1248879432678223,2208,1.2810513973236084,-17.135017720000004,150.0,0.0
44200,7309,2210,6,0.9530236124992371,0.0003,0.6718223690986633,-2.136763095855713,2209,0.29844364523887634,-17.135017720000004,150.0,0.0
44220,7309,2211,6,0.9345512390136719,0.0003,0.3651718199253082,-2.1411643028259277,2210,0.2650294303894043,-17.135017720000004,150.0,0.0
44240,7309,2212,6,0.5529028177261353,0.0003,0.5123647451400757,-2.1346020698547363,2211,1.0015770196914673,-17.135017720000004,150.0,0.0
44260,7309,2213,6,0.9432879090309143,0.0003,-0.09731953591108322,-2.125605344772339,2212,0.09869803488254547,-17.135017720000004,150.0,0.0
44280,7309,2214,6,0.9541810750961304,0.0003,0.04874484986066818,-2.1270883083343506,2213,0.05908095836639404,-17.135017720000004,150.0,0.0
44300,7309,2215,6,0.9550883769989014,0.0003,-0.19796988368034363,-2.113609790802002,2214,0.056846778839826584,-17.135017720000004,150.0,0.0
44320,7308,2216,6,0.9341710209846497,0.0003,0.31780806183815,-2.1003506183624268,2215,0.08487504720687866,-17.135017720000004,150.0,0.0
44340,7309,2217,6,0.9054093956947327,0.0003,0.2518194615840912,-2.1004085540771484,2216,0.09453855454921722,-17.135017720000004,150.0,0.0
44360,7309,2218,6,0.8224363327026367,0.0003,-0.06891166418790817,-2.121300220489502,2217,0.04825903847813606,-17.135017720000004,150.0,0.0
44380,7309,2219,6,0.5936599969863892,0.0003,0.306210994720459,-2.137334108352661,2218,0.06561680883169174,-17.135017720000004,150.0,0.0
44400,7309,2220,6,0.8389749526977539,0.0003,0.2799464762210846,-2.1408884525299072,2219,0.028179779648780823,-16.89368412,150.0,0.0
44420,7309,2221,6,0.6332554817199707,0.0003,0.12955334782600403,-2.1430513858795166,2220,0.05511724203824997,-16.89368412,150.0,0.0
44440,7309,2222,6,0.7035737633705139,0.0003,-0.6425260305404663,-1.8922598361968994,2221,0.6428771615028381,-16.89368412,150.0,0.0
44460,7309,2223,6,0.907818615436554,0.0003,-0.05534933879971504,-1.9299795627593994,2222,0.32689934968948364,-16.89368412,150.0,0.0
44480,7310,2224,6,0.9498527646064758,0.0003,-0.4748198986053467,-1.9646565914154053,2223,0.25780409574508667,-16.89368412,150.0,0.0
44500,7310,2225,6,0.9798538088798523,0.0003,-0.5889168381690979,-1.9901044368743896,2224,0.22401051223278046,-16.89368412,150.0,0.0
44520,7310,2226,6,0.9622650146484375,0.0003,-0.2092985361814499,-2.005408763885498,2225,0.27910560369491577,-16.89368412,150.0,0.0
44540,7310,2227,6,0.9874613285064697,0.0003,0.5490809679031372,-2.010233163833618,2226,0.18776842951774597,-16.89368412,150.0,0.0
44560,7310,2228,6,0.9762911796569824,0.0003,0.05954979732632637,-2.022902011871338,2227,0.36265483498573303,-16.89368412,150.0,0.0
44580,7310,2229,6,0.9586988091468811,0.0003,0.8658828735351562,-2.043766975402832,2228,1.3353917598724365,-16.89368412,150.0,0.0
44600,7310,2230,6,0.9665102362632751,0.0003,-0.9834759831428528,-2.0401527881622314,2229,0.8164306879043579,-16.89368412,150.0,0.0
44620,7310,2231,6,0.947352945804596,0.0003,1.8829677104949951,-2.063612461090088,2230,2.067321300506592,-16.89368412,150.0,0.0
44640,7311,2232,6,0.8431239724159241,0.0003,3.19128680229187,-2.0384342670440674,2231,8.715670585632324,-16.89368412,150.0,0.0
44660,7311,2233,6,0.9170064926147461,0.0003,1.3926690816879272,-2.0271573066711426,2232,2.5501389503479004,-16.89368412,150.0,0.0
44680,7311,2234,6,0.9889288544654846,0.0003,-0.2029448002576828,-2.0646519660949707,2233,0.26636409759521484,-16.89368412,150.0,0.0
44700,7311,2235,6,0.969947338104248,0.0003,-0.09302089363336563,-2.0664305686950684,2234,0.39136409759521484,-16.89368412,150.0,0.0
44720,7311,2236,6,0.9899808168411255,0.0003,-0.5519879460334778,-2.0643982887268066,2235,0.16047649085521698,-16.89368412,150.0,0.0
44740,7312,2237,6,0.9729352593421936,0.0003,0.02358703687787056,-2.0864150524139404,2236,0.2038346827030182,-16.89368412,150.0,0.0
44760,7312,2238,6,0.9970744848251343,0.0003,-0.039218753576278687,-2.1002917289733887,2237,0.017082829028367996,-16.89368412,150.0,0.0
44780,7312,2239,6,0.7794338464736938,0.0003,0.01120526809245348,-2.098057508468628,2238,0.7571608424186707,-16.89368412,150.0,0.0
44800,7312,2240,6,0.9812074303627014,0.0003,-0.0754166916012764,-2.1045241355895996,2239,0.04451505467295647,-16.89368412,150.0,0.0
44820,7312,2241,6,0.9159420132637024,0.0003,0.1852295696735382,-2.094229221343994,2240,0.2756524682044983,-16.89368412,150.0,0.0
44840,7313,2242,6,0.9765129089355469,0.0003,-0.0546688549220562,-2.0893852710723877,2241,0.08855928480625153,-16.89368412,150.0,0.0
44860,7313,2243,6,0.760386049747467,0.0003,0.0875273123383522,-2.099529266357422,2242,0.5870615243911743,-16.89368412,150.0,0.0
44880,7313,2244,6,0.9728249907493591,0.0003,-0.04003661870956421,-2.0971603393554688,2243,0.0611429400742054,-16.89368412,150.0,0.0
44900,7313,2245,6,0.9488005042076111,0.0003,-0.5900595784187317,-2.1223418712615967,2244,0.13454481959342957,-16.89368412,150.0,0.0
44920,7314,2246,6,0.9592344164848328,0.0003,-0.3044973909854889,-2.1383090019226074,2245,0.06323406100273132,-16.89368412,150.0,0.0
44940,7314,2247,6,0.9804690480232239,0.0003,-0.021999312564730644,-2.1432979106903076,2246,0.013139704242348671,-16.89368412,150.0,0.0
44960,7314,2248,6,0.9535215497016907,0.0003,0.10113124549388885,-2.1473515033721924,2247,0.03106275200843811,-16.89368412,150.0,0.0
44980,7314,2249,6,0.961562991142273,0.0003,-0.04624807834625244,-2.1421170234680176,2248,0.02370530553162098,-16.89368412,150.0,0.0
45000,7314,2250,6,0.9510735869407654,0.0003,-0.07903020083904266,-2.153687000274658,2249,0.03573117405176163,-16.735337930000004,150.0,0.0
45020,7314,2251,6,0.9629322290420532,0.0003,-0.14796164631843567,-2.156554937362671,2250,0.02469017542898655,-16.735337930000004,150.0,0.0
45040,7314,2252,6,0.9052084684371948,0.0003,-0.1506994515657425,-1.927748441696167,2251,0.09440530836582184,-16.735337930000004,150.0,0.0
45060,7314,2253,6,0.6645931005477905,0.0003,0.185148686170578,-1.9340896606445312,2252,0.18627643585205078,-16.735337930000004,150.0,0.0
45080,7314,2254,6,0.8669600486755371,0.0003,-0.7290592789649963,-1.9415061473846436,2253,0.3543500006198883,-16.735337930000004,150.0,0.0
45100,7314,2255,6,0.7209895849227905,0.0003,0.0699264407157898,-1.9541797637939453,2254,0.3744864761829376,-16.735337930000004,150.0,0.0
45120,7314,2256,6,0.985846221446991,0.0003,-0.22942224144935608,-1.9894918203353882,2255,0.04209577664732933,-16.735337930000004,150.0,0.0
45140,7314,2257,6,0.9610074162483215,0.0003,0.12621867656707764,-1.9990863800048828,2256,0.0603710412979126,-16.735337930000004,150.0,0.0
45160,7314,2258,6,0.8342060446739197,0.0003,0.11430895328521729,-2.0227551460266113,2257,0.30907613039016724,-16.735337930000004,150.0,0.0
45180,7315,2259,6,0.9843717813491821,0.0003,0.0019010782707482576,-2.03407621383667,2258,0.033891163766384125,-16.735337930000004,150.0,0.0
45200,7315,2260,6,0.9801189303398132,0.0003,0.06444858759641647,-2.03637433052063,2259,0.053793568164110184,-16.735337930000004,150.0,0.0
45220,7315,2261,6,0.6591693162918091,0.0003,2.5768473148345947,-2.041250228881836,2260,3.6651663780212402,-16.735337930000004,150.0,0.0
45240,7315,2262,6,0.9620724320411682,0.0003,-0.40442657470703125,-2.0451719760894775,2261,0.18152165412902832,-16.735337930000004,150.0,0.0
45260,7315,2263,6,0.9461292624473572,0.0003,1.583820104598999,-2.046163320541382,2262,0.9656673669815063,-16.735337930000004,150.0,0.0
45280,7316,2264,6,0.9483012557029724,0.0003,0.8571830987930298,-2.0239861011505127,2263,0.5888211131095886,-16.735337930000004,150.0,0.0
45300,7316,2265,6,0.9509003162384033,0.0003,0.28864869475364685,-2.0352871417999268,2264,0.554941713809967,-16.735337930000004,150.0,0.0
45320,7316,2266,6,0.8022307753562927,0.0003,1.4631134271621704,-2.043708086013794,2265,2.1141982078552246,-16.735337930000004,150.0,0.0
45340,7316,2267,6,0.9601411819458008,0.0003,0.0862274318933487,-2.076991558074951,2266,0.2189519703388214,-16.735337930000004,150.0,0.0
45360,7316,2268,6,0.9862555265426636,0.0003,-0.3939090371131897,-2.0780158042907715,2267,0.09982337057590485,-16.735337930000004,150.0,0.0
45380,7317,2269,6,0.6964957118034363,0.0003,0.24073731899261475,-2.072956085205078,2268,1.0884778499603271,-16.735337930000004,150.0,0.0
45400,7317,2270,6,0.9873058199882507,0.0003,-0.3045768737792969,-2.077977418899536,2269,0.05467606708407402,-16.735337930000004,150.0,0.0
45420,7317,2271,6,0.9553412199020386,0.0003,0.10275527089834213,-2.050654172897339,2270,0.09158239513635635,-16.735337930000004,150.0,0.0
45440,7317,2272,6,0.9480903744697571,0.0003,-0.48341354727745056,-2.0494282245635986,2271,0.1411713808774948,-16.735337930000004,150.0,0.0
45460,7318,2273,6,0.9754606485366821,0.0003,-0.24125221371650696,-2.091825485229492,2272,0.04599831625819206,-16.735337930000004,150.0,0.0
45480,7317,2274,6,0.9569214582443237,0.0003,-0.08595912158489227,-2.1175448894500732,2273,0.06480544805526733,-16.735337930000004,150.0,0.0
45500,7318,2275,6,0.9808687567710876,0.0003,-0.013326207175850868,-2.1118459701538086,2274,0.03309992700815201,-16.735337930000004,150.0,0.0
45520,7318,2276,6,0.9942396283149719,0.0003,-0.10031473636627197,-2.0874295234680176,2275,0.014677271246910095,-16.735337930000004,150.0,0.0
45540,7318,2277,6,0.9946885108947754,0.0003,-0.18641796708106995,-2.118955135345459,2276,0.018914245069026947,-16.735337930000004,150.0,0.0
45560,7318,2278,6,0.985788881778717,0.0003,-0.06758716702461243,-2.1300594806671143,2277,0.025211920961737633,-16.735337930000004,150.0,0.0
45580,7319,2279,6,0.966117799282074,0.0003,0.21828261017799377,-2.147184133529663,2278,0.08014494180679321,-16.735337930000004,150.0,0.0
45600,7318,2280,6,0.9795222282409668,0.0003,0.41630497574806213,-2.1451802253723145,2279,0.09456436336040497,-16.452761180000003,150.0,0.0
45620,7319,2281,6,0.9955180287361145,0.0003,-0.05389031767845154,-2.142573833465576,2280,0.01184217818081379,-16.452761180000003,150.0,0.0
45640,7319,2282,6,0.8383604884147644,0.0003,-0.6308472752571106,-2.0434868335723877,2281,0.531116247177124,-16.452761180000003,150.0,0.0
45660,7319,2283,6,0.9142625331878662,0.0003,-0.032992564141750336,-2.0569963455200195,2282,0.4444590210914612,-16.452761180000003,150.0,0.0
45680,7319,2284,6,0.9537192583084106,0.0003,-0.4215826094150543,-2.0551648139953613,2283,0.376319020986557,-16.452761180000003,150.0,0.0
45700,7320,2285,6,0.9757916331291199,0.0003,0.09370921552181244,-2.055342674255371,2284,0.2296438217163086,-16.452761180000003,150.0,0.0
45720,7320,2286,6,0.986915647983551,0.0003,-0.4602486193180084,-2.0652623176574707,2285,0.1656387746334076,-16.452761180000003,150.0,0.0
45740,7320,2287,6,0.9940147399902344,0.0003,0.3486470580101013,-2.082411527633667,2286,0.07775310426950455,-16.452761180000003,150.0,0.0
45760,7320,2288,6,0.9294357299804688,0.0003,0.717133641242981,-2.079744815826416,2287,1.365081548690796,-16.452761180000003,150.0,0.0
45780,7320,2289,6,0.9873012900352478,0.0003,-0.8155201077461243,-2.0797805786132812,2288,0.35684889554977417,-16.452761180000003,150.0,0.0
45800,7321,2290,6,0.9888449907302856,0.0003,0.07811649143695831,-2.0978686809539795,2289,0.15820904076099396,-16.452761180000003,150.0,0.0
45820,7321,2291,6,0.9881174564361572,0.0003,-0.42071253061294556,-2.0977797508239746,2290,0.22146287560462952,-16.452761180000003,150.0,0.0
45840,7321,2292,6,0.9875600337982178,0.0003,-0.4895009398460388,-2.1003706455230713,2291,0.22813734412193298,-16.452761180000003,150.0,0.0
45860,7321,2293,6,0.988835871219635,0.0003,-0.046690694987773895,-2.1012368202209473,2292,0.1581837236881256,-16.452761180000003,150.0,0.0
45880,7321,2294,6,0.9913681745529175,0.0003,0.199172243475914,-2.106006145477295,2293,0.1327286958694458,-16.452761180000003,150.0,0.0
45900,7321,2295,6,0.996360182762146,0.0003,-0.15250349044799805,-2.1030421257019043,2294,0.05856054276227951,-16.452761180000003,150.0,0.0
45920,7322,2296,6,0.9972352981567383,0.0003,-0.3193470239639282,-2.0917809009552,2295,0.05955159664154053,-16.452761180000003,150.0,0.0
45940,7322,2297,6,0.9323925971984863,0.0003,1.4241607189178467,-2.073786973953247,2296,1.1023948192596436,-16.452761180000003,150.0,0.0
45960,7322,2298,6,0.877371609210968,0.0003,0.9953616857528687,-2.0877432823181152,2297,1.2023214101791382,-16.452761180000003,150.0,0.0
45980,7322,2299,6,0.9257436990737915,0.0003,0.914088249206543,-2.0948023796081543,2298,0.7774495482444763,-16.452761180000003,150.0,0.0
46000,7322,2300,6,0.9976831078529358,0.0003,-0.09068185091018677,-2.101323127746582,2299,0.021612757816910744,-16.452761180000003,150.0,0.0
46020,7321,2301,6,0.9967858791351318,0.0003,-0.05306274816393852,-2.1090221405029297,2300,0.01967303268611431,-16.452761180000003,150.0,0.0
46040,7321,2302,6,0.997552216053009,0.0003,0.07821639627218246,-2.103210210800171,2301,0.012615634128451347,-16.452761180000003,150.0,0.0
46060,7321,2303,6,0.9350678324699402,0.0003,0.28188878297805786,-2.1107394695281982,2302,0.29160386323928833,-16.452761180000003,150.0,0.0
46080,7321,2304,6,0.9816773533821106,0.0003,0.30319923162460327,-2.1081135272979736,2303,0.08349040150642395,-16.452761180000003,150.0,0.0
46100,7322,2305,6,0.9636193513870239,0.0003,0.013065243139863014,-2.104156970977783,2304,0.0913403183221817,-16.452761180000003,150.0,0.0
46120,7322,2306,6,0.11380559206008911,0.0003,1.0676422119140625,-2.1263489723205566,2305,1.831478476524353,-16.452761180000003,150.0,0.0
46140,7322,2307,6,0.8908408284187317,0.0003,-0.03832947090268135,-2.1350820064544678,2306,0.08655431866645813,-16.452761180000003,150.0,0.0
46160,7322,2308,6,0.333163321018219,0.0003,0.6694695353507996,-2.142256498336792,2307,0.38057368993759155,-16.452761180000003,150.0,0.0
46180,7323,2309,6,0.9741234183311462,0.0003,-0.03576244041323662,-2.1490254402160645,2308,0.009135633707046509,-16.452761180000003,150.0,0.0
46200,7322,2310,6,0.6933692693710327,0.0003,0.04558368772268295,-2.146705150604248,2309,0.046506691724061966,-15.94672507,150.0,0.0
46220,7322,2311,6,0.8468745946884155,0.0003,0.15007254481315613,-2.1545562744140625,2310,0.02332744561135769,-15.94672507,150.0,0.0
46240,7322,2312,6,0.6388420462608337,0.0003,-0.01731548272073269,-1.9302505254745483,2311,0.29066145420074463,-15.94672507,150.0,0.0
46260,7323,2313,6,0.8717520236968994,0.0003,-0.020658021792769432,-1.9699394702911377,2312,0.1674821823835373,-15.94672507,150.0,0.0
46280,7323,2314,6,0.9463139772415161,0.0003,0.13040892779827118,-1.9732500314712524,2313,0.13396218419075012,-15.94672507,150.0,0.0
46300,7323,2315,6,0.9719839692115784,0.0003,-0.20372632145881653,-2.003526210784912,2314,0.10570472478866577,-15.94672507,150.0,0.0
46320,7323,2316,6,0.9145742058753967,0.0003,0.784114420413971,-2.006563663482666,2315,0.4562917649745941,-15.94672507,150.0,0.0
46340,7323,2317,6,0.966754674911499,0.0003,-0.25873062014579773,-2.024974822998047,2316,0.23146037757396698,-15.94672507,150.0,0.0
46360,7323,2318,6,0.9817287921905518,0.0003,-0.19908921420574188,-2.060152769088745,2317,0.13843846321105957,-15.94672507,150.0,0.0
46380,7323,2319,6,0.9656270146369934,0.0003,-0.26094481348991394,-2.0905680656433105,2318,0.18613268435001373,-15.94672507,150.0,0.0
46400,7324,2320,6,0.9344882965087891,0.0003,-0.4819284975528717,-2.0900826454162598,2319,0.21386253833770752,-15.94672507,150.0,0.0
46420,7324,2321,6,0.9307577610015869,0.0003,-0.24859294295310974,-2.0987207889556885,2320,0.11986473947763443,-15.94672507,150.0,0.0
46440,7324,2322,6,0.887087345123291,0.0003,0.061824072152376175,-2.105961561203003,2321,0.10777556896209717,-15.94672507,150.0,0.0
46460,7324,2323,6,-0.04197037220001221,0.0003,1.3539154529571533,-2.1070735454559326,2322,2.068463087081909,-15.94672507,150.0,0.0
46480,7325,2324,6,0.9764310121536255,0.0003,0.16195768117904663,-2.1244118213653564,2323,0.017733382061123848,-15.94672507,150.0,0.0
46500,7325,2325,6,0.8594102263450623,0.0003,-0.07165978848934174,-2.118236780166626,2324,0.03279593959450722,-15.94672507,150.0,0.0
46520,7325,2326,6,0.9054473042488098,0.0003,0.39266449213027954,-2.115748167037964,2325,0.04957468435168266,-15.94672507,150.0,0.0
46540,7325,2327,6,0.7490559816360474,0.0003,0.5818220973014832,-2.1292083263397217,2326,0.10161010175943375,-15.94672507,150.0,0.0
46560,7326,2328,6,0.9083622694015503,0.0003,0.19101755321025848,-2.1417031288146973,2327,0.025506209582090378,-15.94672507,150.0,0.0
46580,7326,2329,6,0.9301301836967468,0.0003,0.2504505217075348,-2.140376567840576,2328,0.025144878774881363,-15.94672507,150.0,0.0
46600,7326,2330,6,0.9457418322563171,0.0003,0.22117206454277039,-2.1456751823425293,2329,0.019717639312148094,-15.94672507,150.0,0.0
46620,7326,2331,6,0.8570122718811035,0.0003,0.27704229950904846,-2.1578989028930664,2330,0.054762907326221466,-15.94672507,150.0,0.0
46640,7326,2332,6,0.9674806594848633,0.0003,0.24906346201896667,-2.16523814201355,2331,0.019717693328857422,-15.94672507,150.0,0.0
46660,7327,2333,6,0.8692495822906494,0.0003,0.3006260395050049,-2.1634984016418457,2332,0.058916084468364716,-15.94672507,150.0,0.0
46680,7327,2334,6,0.9580787420272827,0.0003,0.16062621772289276,-2.157435417175293,2333,0.011861328966915607,-15.94672507,150.0,0.0
46700,7327,2335,6,0.8707947134971619,0.0003,0.11625859886407852,-2.15995454788208,2334,0.019716978073120117,-15.94672507,150.0,0.0
46720,7327,2336,6,0.6439008712768555,0.0003,0.633388876914978,-2.160508632659912,2335,0.2563163936138153,-15.94672507,150.0,0.0
46740,7327,2337,6,0.9416429400444031,0.0003,0.1989397555589676,-2.162372350692749,2336,0.01470088493078947,-15.94672507,150.0,0.0
46760,7327,2338,6,0.5258044004440308,0.0003,0.30101364850997925,-2.149414539337158,2337,0.07522638142108917,-15.94672507,150.0,0.0
46780,7327,2339,6,0.6248645782470703,0.0003,0.0441935732960701,-2.1586556434631348,2338,0.025835182517766953,-15.94672507,150.0,0.0
46800,7327,2340,6,0.5830874443054199,0.0003,-0.07865066826343536,-2.160338878631592,2339,0.02838049829006195,-15.93652318,150.0,0.0
46820,7327,2341,6,0.445625901222229,0.0003,-0.13106966018676758,-2.1603238582611084,2340,0.0602947399020195,-15.93652318,150.0,0.0
46840,7327,2342,6,0.9578166604042053,0.0003,0.1248190626502037,-2.0803685188293457,2341,0.040869977325201035,-15.93652318,150.0,0.0
46860,7327,2343,6,0.9644080996513367,0.0003,-0.4015316963195801,-2.096920967102051,2342,0.07707580924034119,-15.93652318,150.0,0.0
46880,7327,2344,6,0.9735696911811829,0.0003,-0.17614062130451202,-2.0935606956481934,2343,0.04771684482693672,-15.93652318,150.0,0.0
46900,7328,2345,6,0.9748915433883667,0.0003,0.4911540448665619,-2.1092658042907715,2344,0.0998668223619461,-15.93652318,150.0,0.0
46920,7328,2346,6,0.9207059144973755,0.0003,0.5905834436416626,-2.1254353523254395,2345,0.2791629135608673,-15.93652318,150.0,0.0
46940,7328,2347,6,0.5960623025894165,0.0003,1.4056265354156494,-2.122502088546753,2346,1.5487009286880493,-15.93652318,150.0,0.0
46960,7328,2348,6,0.7339432239532471,0.0003,0.6017925143241882,-2.1373250484466553,2347,1.836111307144165,-15.93652318,150.0,0.0
46980,7328,2349,6,0.9800861477851868,0.0003,0.5553480386734009,-2.1459202766418457,2348,0.20996026694774628,-15.93652318,150.0,0.0
47000,7328,2350,6,0.8099468350410461,0.0003,1.1934025287628174,-2.129021167755127,2349,2.6547789573669434,-15.93652318,150.0,0.0
47020,7328,2351,6,0.9621391296386719,0.0003,-0.4865725636482239,-2.149214506149292,2350,0.41686955094337463,-15.93652318,150.0,0.0
47040,7328,2352,6,0.9498504400253296,0.0003,0.031710077077150345,-2.144453525543213,2351,0.33580756187438965,-15.93652318,150.0,0.0
47060,7329,2353,6,0.8410906195640564,0.0003,0.3253381848335266,-2.133166551589966,2352,1.6129095554351807,-15.93652318,150.0,0.0
47080,7329,2354,6,0.9852983951568604,0.0003,-0.08342240750789642,-2.1347415447235107,2353,0.15060797333717346,-15.93652318,150.0,0.0
47100,7329,2355,6,0.9974128007888794,0.0003,-0.31447482109069824,-2.129955768585205,2354,0.04496181756258011,-15.93652318,150.0,0.0
47120,7329,2356,6,0.9833931922912598,0.0003,-0.10061393678188324,-2.147141933441162,2355,0.11247360706329346,-15.93652318,150.0,0.0
47140,7330,2357,6,0.9900810718536377,0.0003,0.0257574412971735,-2.1402506828308105,2356,0.06344078481197357,-15.93652318,150.0,0.0
47160,7330,2358,6,0.9740586280822754,0.0003,-0.21593424677848816,-2.1537365913391113,2357,0.14610551297664642,-15.93652318,150.0,0.0
47180,7330,2359,6,0.8493842482566833,0.0003,0.6982102394104004,-2.1545636653900146,2358,0.6180596351623535,-15.93652318,150.0,0.0
47200,7330,2360,6,0.8402818441390991,0.0003,0.21843715012073517,-2.15230131149292,2359,0.45129212737083435,-15.93652318,150.0,0.0
47220,7330,2361,6,0.8624566793441772,0.0003,0.27582329511642456,-2.1310219764709473,2360,0.3710123300552368,-15.93652318,150.0,0.0
47240,7331,2362,6,0.9712684750556946,0.0003,-0.10015267133712769,-2.116434097290039,2361,0.07423810660839081,-15.93652318,150.0,0.0
47260,7331,2363,6,0.821286678314209,0.0003,0.30788707733154297,-2.110715866088867,2362,1.0993131399154663,-15.93652318,150.0,0.0
47280,7331,2364,6,0.9855272173881531,0.0003,-0.3759806156158447,-2.1264898777008057,2363,0.09349744021892548,-15.93652318,150.0,0.0
47300,7331,2365,6,0.9902031421661377,0.0003,-0.35435739159584045,-2.1071701049804688,2364,0.06400253623723984,-15.93652318,150.0,0.0
47320,7331,2366,6,0.9691214561462402,0.0003,-0.24804596602916718,-2.0980019569396973,2365,0.14169509708881378,-15.93652318,150.0,0.0
47340,7332,2367,6,0.959069550037384,0.0003,0.09060590714216232,-2.121845006942749,2366,0.2510402798652649,-15.93652318,150.0,0.0
47360,7331,2368,6,0.8525208234786987,0.0003,1.4517227411270142,-2.0933947563171387,2367,2.5617494583129883,-15.93652318,150.0,0.0
47380,7331,2369,6,0.9306596517562866,0.0003,0.6791235208511353,-2.0924038887023926,2368,0.8319982290267944,-15.93652318,150.0,0.0
47400,7329,2370,6,0.9939160943031311,0.0003,-0.586642861366272,-2.114720582962036,2369,0.10188251733779907,-15.75038141,150.0,0.0
47420,7328,2371,6,0.5886167287826538,0.0003,0.4862910211086273,-2.093409776687622,2370,1.293962836265564,-15.75038141,150.0,0.0
47440,7328,2372,6,0.9008320569992065,0.0003,-0.31780335307121277,-1.9512580633163452,2371,0.1938159465789795,-15.75038141,150.0,0.0
47460,7327,2373,6,0.9169884920120239,0.0003,-0.5154807567596436,-1.943877935409546,2372,0.32901889085769653,-15.75038141,150.0,0.0
47480,7327,2374,6,0.9472830295562744,0.0003,-0.8030606508255005,-1.9382789134979248,2373,0.34614115953445435,-15.75038141,150.0,0.0
47500,7327,2375,6,0.9611293077468872,0.0003,0.2630295157432556,-1.9481384754180908,2374,0.21731066703796387,-15.75038141,150.0,0.0
47520,7327,2376,6,0.9947329163551331,0.0003,0.1606963723897934,-1.9881795644760132,2375,0.04380955547094345,-15.75038141,150.0,0.0
47540,7327,2377,6,0.873824417591095,0.0003,0.8124321699142456,-1.9748077392578125,2376,1.6143957376480103,-15.75038141,150.0,0.0
47560,7327,2378,6,0.9259558916091919,0.0003,0.4355791509151459,-1.9940636157989502,2377,0.9422813653945923,-15.75038141,150.0,0.0
47580,7328,2379,6,0.9875837564468384,0.0003,-0.045442186295986176,-2.0155763626098633,2378,0.20360204577445984,-15.75038141,150.0,0.0
47600,7327,2380,6,0.9967299699783325,0.0003,-0.1054588109254837,-2.0583693981170654,2379,0.06929431855678558,-15.75038141,150.0,0.0
47620,7327,2381,6,0.8932173848152161,0.0003,0.9725059270858765,-2.0792131423950195,2380,1.7407728433609009,-15.75038141,150.0,0.0
47640,7327,2382,6,0.9705488681793213,0.0003,0.3140603303909302,-2.080085277557373,2381,0.4150609076023102,-15.75038141,150.0,0.0
47660,7327,2383,6,0.9954636693000793,0.0003,0.5350376963615417,-2.094906806945801,2382,0.11796122789382935,-15.75038141,150.0,0.0
47680,7327,2384,6,0.9737752079963684,0.0003,-0.8738702535629272,-2.0865702629089355,2383,0.4405573308467865,-15.75038141,150.0,0.0
47700,7327,2385,6,0.9035248756408691,0.0003,0.5833595991134644,-2.086094379425049,2384,0.8728035092353821,-15.75038141,150.0,0.0
47720,7327,2386,6,0.9741388559341431,0.0003,0.3872099816799164,-2.019580364227295,2385,0.3061091899871826,-15.75038141,150.0,0.0
47740,7328,2387,6,0.7677591443061829,0.0003,0.17064711451530457,-2.0480751991271973,2386,1.2792832851409912,-15.75038141,150.0,0.0
47760,7328,2388,6,0.9665576219558716,0.0003,-0.6731311678886414,-2.0363526344299316,2387,0.3365861475467682,-15.75038141,150.0,0.0
47780,7328,2389,6,0.9416648149490356,0.0003,-0.6899848580360413,-2.0699729919433594,2388,0.4686351716518402,-15.75038141,150.0,0.0
47800,7328,2390,6,0.95406574010849,0.0003,-1.250569462776184,-2.0788679122924805,2389,0.4802323877811432,-15.75038141,150.0,0.0
47820,7328,2391,6,0.710604727268219,0.0003,-0.3097255229949951,-2.0957133769989014,2390,0.4462222456932068,-15.75038141,150.0,0.0
47840,7328,2392,6,0.47266024351119995,0.0003,0.14029230177402496,-2.1092255115509033,2391,0.3878611922264099,-15.75038141,150.0,0.0
47860,7328,2393,6,0.7117074728012085,0.0003,-0.9516223073005676,-2.092921495437622,2392,0.36546221375465393,-15.75038141,150.0,0.0
47880,7329,2394,6,0.7886407971382141,0.0003,-0.9170029759407043,-2.0641260147094727,2393,0.2978220582008362,-15.75038141,150.0,0.0
47900,7329,2395,6,0.7335526943206787,0.0003,-0.9654344320297241,-2.0372538566589355,2394,0.31733959913253784,-15.75038141,150.0,0.0
47920,7329,2396,6,0.44391947984695435,0.0003,-0.8946792483329773,-2.090529203414917,2395,0.29410886764526367,-15.75038141,150.0,0.0
47940,7329,2397,6,0.3726787567138672,0.0003,-0.723344087600708,-2.098334789276123,2396,0.1751757562160492,-15.75038141,150.0,0.0
47960,7330,2398,6,0.20872050523757935,0.0003,-0.5574228167533875,-2.1174750328063965,2397,0.12922309339046478,-15.75038141,150.0,0.0
47980,7330,2399,6,-0.20422697067260742,0.0003,-0.5671952962875366,-2.1156532764434814,2398,0.09876342117786407,-15.75038141,150.0,0.0
48000,7330,2400,6,-0.24097883701324463,0.0003,-0.4971987307071686,-2.1190884113311768,2399,0.12221549451351166,-15.914479470000003,150.0,0.0
48020,7330,2401,6,-0.25064516067504883,0.0003,-0.47038498520851135,-2.1097872257232666,2400,0.09285188466310501,-15.914479470000003,150.0,0.0
48040,7330,2402,6,0.8304067254066467,0.0003,0.41314488649368286,-1.8528470993041992,2401,0.5272403955459595,-15.914479470000003,150.0,0.0
48060,7330,2403,6,0.9544767737388611,0.0003,-0.20936033129692078,-1.8550655841827393,2402,0.2006516009569168,-15.914479470000003,150.0,0.0
48080,7330,2404,6,0.9706054329872131,0.0003,0.007921287789940834,-1.8669540882110596,2403,0.09471011161804199,-15.914479470000003,150.0,0.0
48100,7330,2405,6,0.9395673871040344,0.0003,0.25027281045913696,-1.8534044027328491,2404,0.22108475863933563,-15.914479470000003,150.0,0.0
48120,7330,2406,6,0.9561485052108765,0.0003,-0.03815232962369919,-1.9040839672088623,2405,0.1490478217601776,-15.914479470000003,150.0,0.0
48140,7330,2407,6,0.8972182273864746,0.0003,0.8588711023330688,-1.9118242263793945,2406,0.8767019510269165,-15.914479470000003,150.0,0.0
48160,7330,2408,6,0.9448361396789551,0.0003,-0.11263477802276611,-1.9205131530761719,2407,0.33528444170951843,-15.914479470000003,150.0,0.0
48180,7331,2409,6,0.9860632419586182,0.0003,-0.2976335287094116,-1.9412944316864014,2408,0.11745017766952515,-15.914479470000003,150.0,0.0
48200,7331,2410,6,-0.07224512100219727,0.0003,0.9148880839347839,-1.9504436254501343,2409,1.6627639532089233,-15.914479470000003,150.0,0.0
48220,7331,2411,6,0.9643995761871338,0.0003,-0.21007367968559265,-1.9644711017608643,2410,0.14114084839820862,-15.914479470000003,150.0,0.0
48240,7331,2412,6,0.7416853904724121,0.0003,0.8767045736312866,-2.005718231201172,2411,1.1746236085891724,-15.914479470000003,150.0,0.0
48260,7331,2413,6,0.968788743019104,0.0003,0.32064729928970337,-2.0328657627105713,2412,0.1682654321193695,-15.914479470000003,150.0,0.0
48280,7331,2414,6,0.9898014664649963,0.0003,0.17252913117408752,-2.053424119949341,2413,0.04546690732240677,-15.914479470000003,150.0,0.0
48300,7332,2415,6,0.9694262742996216,0.0003,0.13772442936897278,-2.0605409145355225,2414,0.1550765335559845,-15.914479470000003,150.0,0.0
48320,7332,2416,6,0.9927046895027161,0.0003,-0.15627041459083557,-2.084399700164795,2415,0.05650453642010689,-15.914479470000003,150.0,0.0
48340,7332,2417,6,0.9982315897941589,0.0003,-0.07163962721824646,-2.1114795207977295,2416,0.013871979899704456,-15.914479470000003,150.0,0.0
48360,7332,2418,6,0.9575042128562927,0.0003,0.70598965883255,-2.1192097663879395,2417,0.5095550417900085,-15.914479470000003,150.0,0.0
48380,7333,2419,6,0.9745528697967529,0.0003,0.10188750177621841,-2.122453212738037,2418,0.20060893893241882,-15.914479470000003,150.0,0.0
48400,7333,2420,6,0.9097726345062256,0.0003,1.7337846755981445,-2.1268155574798584,2419,1.9517875909805298,-15.914479470000003,150.0,0.0
48420,7333,2421,6,0.9819596409797668,0.0003,-0.35211822390556335,-2.102936267852783,2420,0.22265255451202393,-15.914479470000003,150.0,0.0
48440,7333,2422,6,0.9804574847221375,0.0003,0.06929949671030045,-2.1069440841674805,2421,0.2492964267730713,-15.914479470000003,150.0,0.0
48460,7333,2423,6,0.9906384944915771,0.0003,-0.4171428680419922,-2.107374906539917,2422,0.1389881670475006,-15.914479470000003,150.0,0.0
48480,7334,2424,6,0.9521253108978271,0.0003,-0.864944577217102,-2.1105194091796875,2423,0.466658353805542,-15.914479470000003,150.0,0.0
48500,7334,2425,6,0.9479326605796814,0.0003,-0.041985414922237396,-2.1193079948425293,2424,0.23963317275047302,-15.914479470000003,150.0,0.0
48520,7334,2426,6,0.9965981841087341,0.0003,-0.2403404414653778,-2.118332624435425,2425,0.029230311512947083,-15.914479470000003,150.0,0.0
48540,7334,2427,6,0.9937500357627869,0.0003,0.0004273533704690635,-2.128673553466797,2426,0.019903551787137985,-15.914479470000003,150.0,0.0
48560,7334,2428,6,0.9946282505989075,0.0003,-0.25914517045021057,-2.1285834312438965,2427,0.02802625298500061,-15.914479470000003,150.0,0.0
48580,7334,2429,6,0.9902306199073792,0.0003,-0.3742230534553528,-2.130625009536743,2428,0.05320946127176285,-15.914479470000003,150.0,0.0
48600,7334,2430,6,0.9660746455192566,0.0003,-0.14261117577552795,-2.134861946105957,2429,0.0583992674946785,-15.50246011,150.0,0.0
48620,7334,2431,6,0.9847578406333923,0.0003,-0.2893103361129761,-2.1397738456726074,2430,0.03666969761252403,-15.50246011,150.0,0.0
48640,7334,2432,6,0.8059112429618835,0.0003,0.7833732962608337,-2.0664706230163574,2431,0.7864591479301453,-15.50246011,150.0,0.0
48660,7334,2433,6,0.7902823090553284,0.0003,0.7706835269927979,-2.092923402786255,2432,0.7019788026809692,-15.50246011,150.0,0.0
48680,7333,2434,6,0.9420084357261658,0.0003,-0.4139905869960785,-2.0957720279693604,2433,0.2849286198616028,-15.50246011,150.0,0.0
48700,7333,2435,6,0.8786628246307373,0.0003,0.9127655029296875,-2.07468843460083,2434,1.026282548904419,-15.50246011,150.0,0.0
48720,7334,2436,6,0.9689813852310181,0.0003,-0.422029972076416,-2.0955889225006104,2435,0.3353424668312073,-15.50246011,150.0,0.0
48740,7334,2437,6,0.9928081035614014,0.0003,-0.3661707937717438,-2.10577654838562,2436,0.11040352284908295,-15.50246011,150.0,0.0
48760,7334,2438,6,0.8440577983856201,0.0003,1.8037147521972656,-2.1041464805603027,2437,2.138577699661255,-15.50246011,150.0,0.0
48780,7334,2439,6,0.9734851717948914,0.0003,-0.13443651795387268,-2.1077401638031006,2438,0.2295670211315155,-15.50246011,150.0,0.0
48800,7334,2440,6,0.9752925634384155,0.0003,-0.45011845231056213,-2.1109471321105957,2439,0.2185945063829422,-15.50246011,150.0,0.0
48820,7334,2441,6,0.9774836301803589,0.0003,-0.46006178855895996,-2.127045154571533,2440,0.14267748594284058,-15.50246011,150.0,0.0
48840,7335,2442,6,0.99444180727005,0.0003,-0.26419156789779663,-2.1340572834014893,2441,0.03808183595538139,-15.50246011,150.0,0.0
48860,7335,2443,6,0.9670628309249878,0.0003,-0.08571095764636993,-2.146678924560547,2442,0.0695234015583992,-15.50246011,150.0,0.0
48880,7335,2444,6,0.4796282649040222,0.0003,0.5248314142227173,-2.148129940032959,2443,0.6292030215263367,-15.50246011,150.0,0.0
48900,7335,2445,6,0.6018555164337158,0.0003,0.050177834928035736,-2.1412670612335205,2444,0.47604450583457947,-15.50246011,150.0,0.0
48920,7335,2446,6,0.9120550751686096,0.0003,-0.2773318290710449,-2.153937578201294,2445,0.08972761780023575,-15.50246011,150.0,0.0
48940,7335,2447,6,0.931652843952179,0.0003,0.37494367361068726,-2.1569764614105225,2446,0.08081786334514618,-15.50246011,150.0,0.0
48960,7336,2448,6,0.6455279588699341,0.0003,0.8101512789726257,-2.157405138015747,2447,1.2274014949798584,-15.50246011,150.0,0.0
48980,7336,2449,6,0.722359836101532,0.0003,0.3637273907661438,-2.1477210521698,2448,0.4110535681247711,-15.50246011,150.0,0.0
49000,7336,2450,6,0.894883930683136,0.0003,0.5673190355300903,-2.1479763984680176,2449,0.32062095403671265,-15.50246011,150.0,0.0
49020,7336,2451,6,0.6401451230049133,0.0003,0.7672211527824402,-2.132777690887451,2450,0.6952370405197144,-15.50246011,150.0,0.0
49040,7337,2452,6,0.9501782059669495,0.0003,-0.3592042028903961,-2.1378982067108154,2451,0.1347218155860901,-15.50246011,150.0,0.0
49060,7337,2453,6,0.950502872467041,0.0003,-0.10646866261959076,-2.1298015117645264,2452,0.11044031381607056,-15.50246011,150.0,0.0
49080,7337,2454,6,0.9508639574050903,0.0003,0.1201225072145462,-2.1135194301605225,2453,0.10213246196508408,-15.50246011,150.0,0.0
49100,7338,2455,6,0.5814405083656311,0.0003,1.270450234413147,-2.118077516555786,2454,0.7096805572509766,-15.50246011,150.0,0.0
49120,7338,2456,6,0.4968782067298889,0.0003,0.8146604299545288,-2.1122183799743652,2455,0.7557343244552612,-15.50246011,150.0,0.0
49140,7338,2457,6,0.9762363433837891,0.0003,0.08961238712072372,-2.087573766708374,2456,0.025969941169023514,-15.50246011,150.0,0.0
49160,7338,2458,6,0.7420719861984253,0.0003,0.46261048316955566,-2.0801353454589844,2457,0.8479450941085815,-15.50246011,150.0,0.0
49180,7339,2459,6,0.7453937530517578,0.0003,0.8982534408569336,-2.078261375427246,2458,1.1895122528076172,-15.50246011,150.0,0.0
49200,7339,2460,6,0.9427124261856079,0.0003,0.6624284982681274,-2.096892833709717,2459,0.280984491109848,-15.191836720000001,150.0,0.0
49220,7339,2461,6,0.978495717048645,0.0003,0.07971169799566269,-2.0981640815734863,2460,0.0502653643488884,-15.191836720000001,150.0,0.0
49240,7339,2462,6,0.937412440776825,0.0003,-0.25018438696861267,-1.7677723169326782,2461,0.15540030598640442,-15.191836720000001,150.0,0.0
49260,7339,2463,6,0.9411378502845764,0.0003,-0.48493900895118713,-1.8244127035140991,2462,0.2756103575229645,-15.191836720000001,150.0,0.0
49280,7339,2464,6,0.9302982091903687,0.0003,-0.22704418003559113,-1.8392632007598877,2463,0.26857972145080566,-15.191836720000001,150.0,0.0
49300,7339,2465,6,0.902205228805542,0.0003,0.6186347007751465,-1.8204193115234375,2464,0.793906569480896,-15.191836720000001,150.0,0.0
49320,7339,2466,6,0.8699876070022583,0.0003,0.796733021736145,-1.8321201801300049,2465,1.4630095958709717,-15.191836720000001,150.0,0.0
49340,7339,2467,6,0.9815492630004883,0.0003,-0.37151825428009033,-1.8562748432159424,2466,0.2462230622768402,-15.191836720000001,150.0,0.0
49360,7339,2468,6,0.9662247896194458,0.0003,-0.3996424376964569,-1.8941946029663086,2467,0.3695507049560547,-15.191836720000001,150.0,0.0
49380,7339,2469,6,0.980815052986145,0.0003,-0.2866039276123047,-1.9228782653808594,2468,0.18244752287864685,-15.191836720000001,150.0,0.0
49400,7339,2470,6,0.9873571991920471,0.0003,-0.11460024118423462,-1.9439780712127686,2469,0.10649280250072479,-15.191836720000001,150.0,0.0
49420,7340,2471,6,0.9800400733947754,0.0003,0.04056992381811142,-1.9679625034332275,2470,0.16148558259010315,-15.191836720000001,150.0,0.0
49440,7340,2472,6,0.9895963668823242,0.0003,-0.053110361099243164,-2.056553363800049,2471,0.07875291258096695,-15.191836720000001,150.0,0.0
49460,7340,2473,6,0.9949537515640259,0.0003,-0.04339156299829483,-2.046844959259033,2472,0.026021981611847878,-15.191836720000001,150.0,0.0
49480,7340,2474,6,0.9873090386390686,0.0003,0.20669157803058624,-2.0334832668304443,2473,0.06727762520313263,-15.191836720000001,150.0,0.0
49500,7340,2475,6,0.9883094429969788,0.0003,-0.13301293551921844,-2.057854652404785,2474,0.06939420849084854,-15.191836720000001,150.0,0.0
49520,7340,2476,6,0.9833748936653137,0.0003,-0.09013988822698593,-2.0525686740875244,2475,0.11169032752513885,-15.191836720000001,150.0,0.0
49540,7341,2477,6,0.9899541735649109,0.0003,-0.24299034476280212,-2.0906944274902344,2476,0.07538174092769623,-15.191836720000001,150.0,0.0
49560,7341,2478,6,0.9903592467308044,0.0003,-0.016910314559936523,-2.088162899017334,2477,0.053275562822818756,-15.191836720000001,150.0,0.0
49580,7341,2479,6,0.9911705851554871,0.0003,-0.17738746106624603,-2.076202869415283,2478,0.04747282713651657,-15.191836720000001,150.0,0.0
49600,7341,2480,6,0.9936128854751587,0.0003,-0.08269023895263672,-2.1177544593811035,2479,0.023983469232916832,-15.191836720000001,150.0,0.0
49620,7342,2481,6,0.97748863697052,0.0003,0.1981755942106247,-2.083066463470459,2480,0.1082364097237587,-15.191836720000001,150.0,0.0
49640,7342,2482,6,0.9914231300354004,0.0003,-0.4833988547325134,-2.0905940532684326,2481,0.09608660638332367,-15.191836720000001,150.0,0.0
49660,7342,2483,6,0.9732898473739624,0.0003,-0.31854164600372314,-2.1115562915802,2482,0.08767703920602798,-15.191836720000001,150.0,0.0
49680,7342,2484,6,0.9590108394622803,0.0003,0.06570656597614288,-2.0898544788360596,2483,0.10470549762248993,-15.191836720000001,150.0,0.0
49700,7342,2485,6,0.96365886926651,0.0003,-0.4221127927303314,-2.119490385055542,2484,0.09474092721939087,-15.191836720000001,150.0,0.0
49720,7343,2486,6,0.9721758961677551,0.0003,-0.3038466274738312,-2.14619779586792,2485,0.061009131371974945,-15.191836720000001,150.0,0.0
49740,7342,2487,6,0.9652701616287231,0.0003,-0.06196024268865585,-2.142421245574951,2486,0.04324204474687576,-15.191836720000001,150.0,0.0
49760,7342,2488,6,0.9735429286956787,0.0003,-0.1226596087217331,-2.106839179992676,2487,0.04256496950984001,-15.191836720000001,150.0,0.0
49780,7342,2489,6,0.9888172149658203,0.0003,-0.32414186000823975,-2.0938589572906494,2488,0.043679673224687576,-15.191836720000001,150.0,0.0
49800,7342,2490,6,0.9755628705024719,0.0003,-0.3298066258430481,-2.108208179473877,2489,0.0491747111082077,-15.355991300000001,150.0,0.0
49820,7342,2491,6,0.9271034002304077,0.0003,-0.23823873698711395,-2.1319198608398438,2490,0.043634675443172455,-15.355991300000001,150.0,0.0
49840,7342,2492,6,0.8721104264259338,0.0003,-0.02310115098953247,-1.880784273147583,2491,0.20911546051502228,-15.355991300000001,150.0,0.0
49860,7343,2493,6,0.9137276411056519,0.0003,-0.5234426856040955,-1.909759521484375,2492,0.4884780943393707,-15.355991300000001,150.0,0.0
49880,7343,2494,6,0.9596714973449707,0.0003,-0.6618971824645996,-1.933607816696167,2493,0.27125370502471924,-15.355991300000001,150.0,0.0
49900,7343,2495,6,0.9897903203964233,0.0003,-0.3337433934211731,-1.9504897594451904,2494,0.0711468979716301,-15.355991300000001,150.0,0.0
49920,7343,2496,6,0.9461309909820557,0.0003,0.8696559071540833,-1.9825170040130615,2495,0.3981585204601288,-15.355991300000001,150.0,0.0
49940,7344,2497,6,0.9789129495620728,0.0003,0.05990421026945114,-1.9915525913238525,2496,0.09323011338710785,-15.355991300000001,150.0,0.0
49960,7344,2498,6,0.9726425409317017,0.0003,0.05608154088258743,-2.0342812538146973,2497,0.1320638209581375,-15.355991300000001,150.0,0.0
49980,7344,2499,6,0.9708520174026489,0.0003,-0.6201010942459106,-2.048727035522461,2498,0.20907899737358093,-15.355991300000001,150.0,0.0
50000,7340,2500,6,0.9528078436851501,0.0003,0.32463741302490234,-2.063969850540161,2499,0.16303804516792297,-15.355991300000001,150.0,0.0
50020,7341,2501,6,0.9633001089096069,0.0003,0.06943424791097641,-2.0896527767181396,2500,0.11956793069839478,-15.355991300000001,150.0,0.0
50040,7341,2502,6,0.9724819660186768,0.0003,0.4236954152584076,-2.085096836090088,2501,0.11856957525014877,-15.355991300000001,150.0,0.0
50060,7341,2503,6,0.8873769044876099,0.0003,-0.32297366857528687,-2.0998549461364746,2502,0.3829628527164459,-15.355991300000001,150.0,0.0
50080,7341,2504,6,0.7441412210464478,0.0003,-0.09638024866580963,-2.0745322704315186,2503,0.8085477948188782,-15.355991300000001,150.0,0.0
50100,7341,2505,6,0.9753773212432861,0.0003,0.11069881916046143,-2.0610644817352295,2504,0.06757649034261703,-15.355991300000001,150.0,0.0
50120,7342,2506,6,0.6854989528656006,0.0003,1.5198570489883423,-2.0418107509613037,2505,1.0025126934051514,-15.355991300000001,150.0,0.0
50140,7342,2507,6,0.8541836738586426,0.0003,0.3356070816516876,-2.0269477367401123,2506,0.3453514575958252,-15.355991300000001,150.0,0.0
50160,7342,2508,6,0.9215600490570068,0.0003,-0.08226198703050613,-2.0973308086395264,2507,0.12560515105724335,-15.355991300000001,150.0,0.0
50180,7342,2509,6,0.9588977098464966,0.0003,-0.6027766466140747,-2.0830485820770264,2508,0.12384257465600967,-15.355991300000001,150.0,0.0
50200,7342,2510,6,0.5758540630340576,0.0003,0.03253515437245369,-2.0819265842437744,2509,0.7499312162399292,-15.355991300000001,150.0,0.0
50220,7342,2511,6,0.9461285471916199,0.0003,-0.492250919342041,-2.100804328918457,2510,0.11294444650411606,-15.355991300000001,150.0,0.0
50240,7342,2512,6,0.9650391936302185,0.0003,-0.3996451497077942,-2.114989757537842,2511,0.054270148277282715,-15.355991300000001,150.0,0.0
50260,7342,2513,6,0.9662641882896423,0.0003,-0.41546231508255005,-2.1099400520324707,2512,0.05262385681271553,-15.355991300000001,150.0,0.0
50280,7342,2514,6,0.899010181427002,0.0003,-0.4066440463066101,-2.121608018875122,2513,0.06753894686698914,-15.355991300000001,150.0,0.0
50300,7342,2515,6,0.8981049656867981,0.0003,-0.26003068685531616,-2.123689889907837,2514,0.04848857969045639,-15.355991300000001,150.0,0.0
50320,7342,2516,6,0.8349835276603699,0.0003,-0.15611329674720764,-2.130034923553467,2515,0.025372590869665146,-15.355991300000001,150.0,0.0
50340,7342,2517,6,0.7494975924491882,0.0003,-0.3822968602180481,-2.133763551712036,2516,0.06917575746774673,-15.355991300000001,150.0,0.0
50360,7342,2518,6,0.7986125946044922,0.0003,-0.008740723133087158,-2.133207082748413,2517,0.019090833142399788,-15.355991300000001,150.0,0.0
50380,7342,2519,6,0.6987416744232178,0.0003,-0.11455138027667999,-2.1337199211120605,2518,0.02614934742450714,-15.355991300000001,150.0,0.0
50400,7342,2520,6,0.5983096361160278,0.0003,0.10619688034057617,-2.1400883197784424,2519,0.036136411130428314,-15.3014383,150.0,0.0
50420,7343,2521,6,0.6869664192199707,0.0003,0.11061420291662216,-2.140087604522705,2520,0.02093627117574215,-15.3014383,150.0,0.0
50440,7343,2522,6,0.8524985313415527,0.0003,-0.3747171461582184,-1.9751991033554077,2521,0.27658671140670776,-15.3014383,150.0,0.0
50460,7343,2523,6,0.982996940612793,0.0003,-0.017779896035790443,-2.0101561546325684,2522,0.033528897911310196,-15.3014383,150.0,0.0
50480,7343,2524,6,0.7050475478172302,0.0003,-0.4215819239616394,-2.0073390007019043,2523,0.61053067445755,-15.3014383,150.0,0.0
50500,7343,2525,6,0.09019231796264648,0.0003,0.25189921259880066,-2.0104641914367676,2524,0.40884512662887573,-15.3014383,150.0,0.0
50520,7344,2526,6,0.2618841528892517,0.0003,0.11467619240283966,-2.0626823902130127,2525,0.41268467903137207,-15.3014383,150.0,0.0
50540,7344,2527,6,0.8706796169281006,0.0003,0.018182892352342606,-2.0934252738952637,2526,0.07017301023006439,-15.3014383,150.0,0.0
50560,7344,2528,6,0.8437798023223877,0.0003,-0.30252665281295776,-2.100701093673706,2527,0.07642383873462677,-15.3014383,150.0,0.0
50580,7344,2529,6,0.6779636144638062,0.0003,0.007807746529579163,-2.1156771183013916,2528,0.04129776358604431,-15.3014383,150.0,0.0
50600,7344,2530,6,0.7975225448608398,0.0003,0.18004238605499268,-2.113713502883911,2529,0.056294482201337814,-15.3014383,150.0,0.0
50620,7345,2531,6,0.04111725091934204,0.0003,0.7710808515548706,-2.1113996505737305,2530,0.33033984899520874,-15.3014383,150.0,0.0
50640,7345,2532,6,0.4651196599006653,0.0003,0.6606653928756714,-2.101501941680908,2531,0.48867130279541016,-15.3014383,150.0,0.0
50660,7345,2533,6,0.6652224063873291,0.0003,0.6065506935119629,-2.068962574005127,2532,0.3712531626224518,-15.3014383,150.0,0.0
50680,7345,2534,6,-0.5261015892028809,0.0003,0.4040389955043793,-2.1101458072662354,2533,0.2371768206357956,-15.3014383,150.0,0.0
50700,7345,2535,6,0.5602282881736755,0.0003,0.20158138871192932,-2.099029541015625,2534,0.29545527696609497,-15.3014383,150.0,0.0
50720,7345,2536,6,0.8807437419891357,0.0003,0.17207908630371094,-2.0693891048431396,2535,0.07680164277553558,-15.3014383,150.0,0.0
50740,7346,2537,6,0.4892966151237488,0.0003,1.5037314891815186,-2.090064525604248,2536,2.474756956100464,-15.3014383,150.0,0.0
50760,7346,2538,6,0.9412335753440857,0.0003,-0.17454059422016144,-2.1367855072021484,2537,0.10060662031173706,-15.3014383,150.0,0.0
50780,7346,2539,6,0.9412878155708313,0.0003,0.050581980496644974,-2.111797332763672,2538,0.09840850532054901,-15.3014383,150.0,0.0
50800,7346,2540,6,0.9461744427680969,0.0003,-0.21125635504722595,-2.126678705215454,2539,0.05673753097653389,-15.3014383,150.0,0.0
50820,7347,2541,6,0.878899335861206,0.0003,-0.24371206760406494,-2.1392571926116943,2540,0.07940796762704849,-15.3014383,150.0,0.0
50840,7347,2542,6,0.4835973381996155,0.0003,0.23380181193351746,-2.1371026039123535,2541,0.24871143698692322,-15.3014383,150.0,0.0
50860,7347,2543,6,0.881528377532959,0.0003,-0.1924058496952057,-2.1231212615966797,2542,0.06163420528173447,-15.3014383,150.0,0.0
50880,7347,2544,6,0.6017590761184692,0.0003,0.2221994400024414,-2.0901527404785156,2543,0.6831786036491394,-15.3014383,150.0,0.0
50900,7347,2545,6,0.9252591133117676,0.0003,-0.3150995373725891,-2.0611026287078857,2544,0.08750403672456741,-15.3014383,150.0,0.0
50920,7348,2546,6,0.6097105741500854,0.0003,0.47584524750709534,-2.0110950469970703,2545,1.1610742807388306,-15.3014383,150.0,0.0
50940,7348,2547,6,0.9755184650421143,0.0003,-0.4037805497646332,-2.04072642326355,2546,0.05364717170596123,-15.3014383,150.0,0.0
50960,7348,2548,6,0.8952697515487671,0.0003,-0.2664805054664612,-2.0199313163757324,2547,0.11986815929412842,-15.3014383,150.0,0.0
50980,7348,2549,6,0.8960528373718262,0.0003,-0.4954800009727478,-2.0617318153381348,2548,0.1534844934940338,-15.3014383,150.0,0.0
51000,7348,2550,6,0.9233202934265137,0.0003,-0.16300007700920105,-2.0993621349334717,2549,0.04057376831769943,-15.274144430000002,150.0,0.0
51020,7347,2551,6,0.9155737161636353,0.0003,-0.4134032130241394,-2.1226136684417725,2550,0.05680031701922417,-15.274144430000002,150.0,0.0
51040,7347,2552,6,0.7511234283447266,0.0003,0.5094665884971619,-1.9112399816513062,2551,0.30979472398757935,-15.274144430000002,150.0,0.0
51060,7347,2553,6,0.8976879715919495,0.0003,-0.28573793172836304,-1.9341259002685547,2552,0.14095482230186462,-15.274144430000002,150.0,0.0
51080,7347,2554,6,0.7796315550804138,0.0003,0.321450799703598,-1.9369583129882812,2553,0.29683157801628113,-15.274144430000002,150.0,0.0
51100,7348,2555,6,0.8517135381698608,0.0003,0.4801570773124695,-1.9641040563583374,2554,0.25417524576187134,-15.274144430000002,150.0,0.0
51120,7348,2556,6,0.8483532071113586,0.0003,-0.18454599380493164,-1.9817718267440796,2555,0.31259286403656006,-15.274144430000002,150.0,0.0
51140,7348,2557,6,0.9550806283950806,0.0003,-0.2869279980659485,-1.958571434020996,2556,0.19883599877357483,-15.274144430000002,150.0,0.0
51160,7348,2558,6,0.9417033195495605,0.0003,0.2791028618812561,-1.9920196533203125,2557,0.27621546387672424,-15.274144430000002,150.0,0.0
51180,7348,2559,6,0.9556509256362915,0.0003,-0.039897073060274124,-2.032881498336792,2558,0.30564120411872864,-15.274144430000002,150.0,0.0
51200,7349,2560,6,0.9835077524185181,0.0003,-0.20226626098155975,-2.033709764480591,2559,0.144203782081604,-15.274144430000002,150.0,0.0
51220,7349,2561,6,0.9458451271057129,0.0003,0.4414432644844055,-2.0152769088745117,2560,0.5178901553153992,-15.274144430000002,150.0,0.0
51240,7349,2562,6,0.9363805055618286,0.0003,-1.059637188911438,-2.0085368156433105,2561,0.8745189905166626,-15.274144430000002,150.0,0.0
51260,7349,2563,6,0.9504873752593994,0.0003,-0.9036883115768433,-2.0481367111206055,2562,0.5316665768623352,-15.274144430000002,150.0,0.0
51280,7349,2564,6,0.9673616290092468,0.0003,0.1078919991850853,-2.069700002670288,2563,0.3130031228065491,-15.274144430000002,150.0,0.0
51300,7349,2565,6,0.9935158491134644,0.0003,-0.6664484739303589,-2.073195219039917,2564,0.13670995831489563,-15.274144430000002,150.0,0.0
51320,7349,2566,6,0.9755708575248718,0.0003,-0.5602300763130188,-2.075485944747925,2565,0.19055408239364624,-15.274144430000002,150.0,0.0
51340,7350,2567,6,0.9498350620269775,0.0003,0.3719034790992737,-2.068542957305908,2566,0.26577144861221313,-15.274144430000002,150.0,0.0
51360,7350,2568,6,0.9828916192054749,0.0003,-0.33769163489341736,-2.077864408493042,2567,0.08544838428497314,-15.274144430000002,150.0,0.0
51380,7350,2569,6,0.9973981380462646,0.0003,-0.3137999475002289,-2.1093623638153076,2568,0.03078560158610344,-15.274144430000002,150.0,0.0
51400,7350,2570,6,0.9387006759643555,0.0003,-0.046734634786844254,-2.092672824859619,2569,0.10928104817867279,-15.274144430000002,150.0,0.0
51420,7350,2571,6,0.9799612164497375,0.0003,-0.03847242519259453,-2.108618974685669,2570,0.03234221786260605,-15.274144430000002,150.0,0.0
51440,7350,2572,6,0.3599523901939392,0.0003,0.7209266424179077,-2.0844430923461914,2571,1.3822892904281616,-15.274144430000002,150.0,0.0
51460,7350,2573,7,0.9572277665138245,0.0003,-0.4458692669868469,-2.1193511486053467,2572,0.10113297402858734,-15.274144430000002,150.0,0.0
51480,7350,2574,7,0.877021074295044,0.0003,-0.1862672120332718,-2.1276276111602783,2573,0.14097774028778076,-15.274144430000002,150.0,0.0
51500,7350,2575,7,0.7979182600975037,0.0003,0.04054194688796997,-2.119229555130005,2574,0.15301290154457092,-15.274144430000002,150.0,0.0
51520,7350,2576,7,0.7093012928962708,0.0003,0.009943070821464062,-2.1098732948303223,2575,0.15191404521465302,-15.274144430000002,150.0,0.0
51540,7350,2577,7,0.8478593230247498,0.0003,0.1596316695213318,-2.130009889602661,2576,0.07195645570755005,-15.274144430000002,150.0,0.0
51560,7350,2578,7,0.8915312886238098,0.0003,-0.14223317801952362,-2.1461308002471924,2577,0.029608478769659996,-15.274144430000002,150.0,0.0
51580,7350,2579,7,0.6981956958770752,0.0003,-0.08734580874443054,-2.1479077339172363,2578,0.07810522615909576,-15.274144430000002,150.0,0.0
51600,7350,2580,7,0.7505719065666199,0.0003,-0.2535296380519867,-2.1469836235046387,2579,0.06139736622571945,-15.105263910000001,150.0,0.0
51620,7350,2581,7,0.6155189275741577,0.0003,0.05750076845288277,-2.142399311065674,2580,0.08020075410604477,-15.105263910000001,150.0,0.0
51640,7350,2582,7,0.7779635787010193,0.0003,-0.023844830691814423,-1.9909956455230713,2581,0.11321072280406952,-15.105263910000001,150.0,0.0
51660,7350,2583,7,0.9027059078216553,0.0003,0.06615720689296722,-2.0312507152557373,2582,0.08561922609806061,-15.105263910000001,150.0,0.0
51680,7351,2584,7,0.9195538759231567,0.0003,-0.2671267092227936,-2.081181287765503,2583,0.14822153747081757,-15.105263910000001,150.0,0.0
51700,7351,2585,7,0.9105252623558044,0.0003,-0.31325197219848633,-2.0769355297088623,2584,0.12986956536769867,-15.105263910000001,150.0,0.0
51720,7351,2586,7,0.9193921089172363,0.0003,-0.23655641078948975,-2.1061453819274902,2585,0.1461561620235443,-15.105263910000001,150.0,0.0
51740,7351,2587,7,0.811097264289856,0.0003,-0.01729997992515564,-2.0760538578033447,2586,0.14935430884361267,-15.105263910000001,150.0,0.0
51760,7351,2588,7,0.9581084847450256,0.0003,0.14921092987060547,-2.1118712425231934,2587,0.035327788442373276,-15.105263910000001,150.0,0.0
51780,7352,2589,7,0.9897686839103699,0.0003,-0.012766143307089806,-2.1371216773986816,2588,0.005631762556731701,-15.105263910000001,150.0,0.0
51800,7352,2590,7,0.8121891021728516,0.0003,0.7389436960220337,-2.1568171977996826,2589,0.3592976927757263,-15.105263910000001,150.0,0.0
51820,7352,2591,7,0.8380675315856934,0.0003,0.9771415591239929,-2.144686222076416,2590,0.5691617131233215,-15.105263910000001,150.0,0.0
51840,7352,2592,7,0.7167345285415649,0.0003,0.7096165418624878,-2.0947539806365967,2591,0.7510800957679749,-15.105263910000001,150.0,0.0
51860,7352,2593,7,0.9594086408615112,0.0003,0.28310757875442505,-2.1611320972442627,2592,0.06457715481519699,-15.105263910000001,150.0,0.0
51880,7352,2594,7,0.8854718208312988,0.0003,0.6804417371749878,-2.1433353424072266,2593,0.34499335289001465,-15.105263910000001,150.0,0.0
51900,7353,2595,7,0.9704831838607788,0.0003,0.3359622359275818,-2.1740453243255615,2594,0.06638487428426743,-15.105263910000001,150.0,0.0
51920,7353,2596,7,-0.5308563709259033,0.0003,1.0978389978408813,-2.165771245956421,2595,1.3105369806289673,-15.105263910000001,150.0,0.0
51940,7352,2597,7,0.9275076985359192,0.0003,0.009741057641804218,-2.155188798904419,2596,0.06217397004365921,-15.105263910000001,150.0,0.0
51960,7352,2598,7,0.15845483541488647,0.0003,1.7589432001113892,-2.1484363079071045,2597,1.6224124431610107,-15.105263910000001,150.0,0.0
51980,7353,2599,7,0.9501354694366455,0.0003,0.009682238101959229,-2.1608338356018066,2598,0.031274475157260895,-15.105263910000001,150.0,0.0
52000,7353,2600,7,0.573987603187561,0.0003,0.3023960292339325,-2.1404337882995605,2599,0.34935706853866577,-15.105263910000001,150.0,0.0
52020,7353,2601,7,0.5644661784172058,0.0003,0.29812759160995483,-2.1493802070617676,2600,0.4127388596534729,-15.105263910000001,150.0,0.0
52040,7353,2602,7,0.6598652601242065,0.0003,0.8990923166275024,-2.163001537322998,2601,0.7072340250015259,-15.105263910000001,150.0,0.0
52060,7353,2603,7,0.6887681484222412,0.0003,0.6073037981987,-2.1433207988739014,2602,0.6782315969467163,-15.105263910000001,150.0,0.0
52080,7353,2604,7,0.43976759910583496,0.0003,-0.09385739266872406,-2.15454363822937,2603,0.24950683116912842,-15.105263910000001,150.0,0.0
52100,7353,2605,7,-0.25582778453826904,0.0003,0.2782507836818695,-2.1618151664733887,2604,0.5256922245025635,-15.105263910000001,150.0,0.0
52120,7354,2606,7,0.04343003034591675,0.0003,-0.3308022618293762,-2.1552486419677734,2605,0.12925097346305847,-15.105263910000001,150.0,0.0
52140,7354,2607,7,0.09621173143386841,0.0003,1.273228645324707,-2.1161279678344727,2606,1.89313542842865,-15.105263910000001,150.0,0.0
52160,7354,2608,7,0.17666858434677124,0.0003,1.071031928062439,-2.1381351947784424,2607,1.3572696447372437,-15.105263910000001,150.0,0.0
52180,7354,2609,7,0.2968134880065918,0.0003,-0.17616531252861023,-2.140730857849121,2608,0.48236727714538574,-15.105263910000001,150.0,0.0
52200,7354,2610,7,-0.4495854377746582,0.0003,-1.2197396755218506,-2.146713972091675,2609,0.4349799156188965,-14.97434855,150.0,0.0
52220,7354,2611,7,-0.11881470680236816,0.0003,-0.9126001596450806,-2.1451172828674316,2610,0.282618910074234,-14.97434855,150.0,0.0
52240,7335,2612,7,0.5909200310707092,0.0003,0.5223529934883118,-1.9477256536483765,2611,0.8746072053909302,-14.97434855,150.0,0.0
52260,7327,2613,7,0.9748085737228394,0.0003,-0.4898725152015686,-1.9741337299346924,2612,0.1542915552854538,-14.97434855,150.0,0.0
52280,7326,2614,7,0.8916435837745667,0.0003,0.06260131299495697,-1.9990718364715576,2613,0.6094334721565247,-14.97434855,150.0,0.0
52300,7325,2615,7,0.9540737867355347,0.0003,-0.198562890291214,-1.9868319034576416,2614,0.41498541831970215,-14.97434855,150.0,0.0
52320,7323,2616,7,0.9808235764503479,0.0003,-0.30335551500320435,-1.9871034622192383,2615,0.23293378949165344,-14.97434855,150.0,0.0
52340,7321,2617,7,0.9869020581245422,0.0003,0.19043415784835815,-2.034668445587158,2616,0.15997400879859924,-14.97434855,150.0,0.0
52360,7318,2618,7,0.9939560294151306,0.0003,-0.2766292095184326,-2.0228874683380127,2617,0.103998564183712,-14.97434855,150.0,0.0
52380,7316,2619,7,0.9947096705436707,0.0003,-0.03899921476840973,-2.034571409225464,2618,0.05997862294316292,-14.97434855,150.0,0.0
52400,7315,2620,7,0.9477299451828003,0.0003,1.0512663125991821,-2.058192014694214,2619,0.7724531292915344,-14.97434855,150.0,0.0
52420,7315,2621,7,0.7827691435813904,0.0003,2.4349639415740967,-2.0200676918029785,2620,4.151948928833008,-14.97434855,150.0,0.0
52440,7314,2622,7,0.9235534071922302,0.0003,-0.17447111010551453,-2.0509955883026123,2621,0.8362671136856079,-14.97434855,150.0,0.0
52460,7314,2623,7,0.9860522747039795,0.0003,-0.2286803424358368,-2.0650882720947266,2622,0.15144917368888855,-14.97434855,150.0,0.0
52480,7313,2624,7,0.9720403552055359,0.0003,-0.13343589007854462,-2.05903697013855,2623,0.30252566933631897,-14.97434855,150.0,0.0
52500,7312,2625,7,0.9141103625297546,0.0003,-0.05133969709277153,-2.041111946105957,2624,0.8388856649398804,-14.97434855,150.0,0.0
52520,7312,2626,7,0.9911548495292664,0.0003,-0.4785314202308655,-2.054616689682007,2625,0.1475808322429657,-14.97434855,150.0,0.0
52540,7310,2627,7,0.9904155731201172,0.0003,-0.5922365784645081,-2.0765700340270996,2626,0.18155987560749054,-14.97434855,150.0,0.0
52560,7273,2628,7,0.9715030789375305,0.0003,-0.09931182861328125,-2.0860087871551514,2627,0.2399885654449463,-14.97434855,150.0,0.0
52580,7255,2629,7,0.9571371078491211,0.0003,0.35485953092575073,-2.020521640777588,2628,0.5536275506019592,-14.97434855,150.0,0.0
52600,7248,2630,7,0.9831249117851257,0.0003,-0.8039737939834595,-2.0275485515594482,2629,0.3020254075527191,-14.97434855,150.0,0.0
52620,7242,2631,7,0.9700548052787781,0.0003,0.48302721977233887,-2.07374906539917,2630,0.42520636320114136,-14.97434855,150.0,0.0
52640,7240,2632,7,0.992464005947113,0.0003,-0.18202359974384308,-2.0404257774353027,2631,0.10606031119823456,-14.97434855,150.0,0.0
52660,7235,2633,7,0.959656834602356,0.0003,0.10242526233196259,-2.02900767326355,2632,0.43997296690940857,-14.97434855,150.0,0.0
52680,7232,2634,7,0.990757942199707,0.0003,0.11251600086688995,-2.0165247917175293,2633,0.09760894626379013,-14.97434855,150.0,0.0
52700,7228,2635,7,0.9968416690826416,0.0003,-0.33563366532325745,-2.0238564014434814,2634,0.07932376861572266,-14.97434855,150.0,0.0
52720,7222,2636,7,0.996492326259613,0.0003,-0.39035093784332275,-2.0278379917144775,2635,0.07326254993677139,-14.97434855,150.0,0.0
52740,7213,2637,7,0.99864262342453,0.0003,-0.20817184448242188,-2.0499026775360107,2636,0.026620078831911087,-14.97434855,150.0,0.0
52760,7211,2638,7,0.9977211356163025,0.0003,-0.1493532955646515,-2.0754477977752686,2637,0.02491743676364422,-14.97434855,150.0,0.0
52780,7210,2639,7,0.9977909922599792,0.0003,-0.44645366072654724,-2.0691113471984863,2638,0.058312468230724335,-14.97434855,150.0,0.0
52800,7209,2640,7,0.993274450302124,0.0003,-0.2775163948535919,-2.092261791229248,2639,0.06339501589536667,-14.918686879999997,150.0,0.0
52820,7209,2641,7,0.9948920607566833,0.0003,-0.14452128112316132,-2.08884334564209,2640,0.03540699928998947,-14.918686879999997,150.0,0.0
52840,7209,2642,7,0.5756839513778687,0.0003,-0.3599622845649719,-1.7899986505508423,2641,0.3072058856487274,-14.918686879999997,150.0,0.0
52860,7209,2643,7,0.8011732697486877,0.0003,-0.8705568313598633,-1.8020732402801514,2642,0.628442108631134,-14.918686879999997,150.0,0.0
52880,7209,2644,7,0.906919002532959,0.0003,0.07681114226579666,-1.7910757064819336,2643,0.3286157548427582,-14.918686879999997,150.0,0.0
52900,7208,2645,7,0.9298909902572632,0.0003,0.5036016702651978,-1.8608382940292358,2644,0.2942081093788147,-14.918686879999997,150.0,0.0
52920,7208,2646,7,0.9857041835784912,0.0003,0.4438854157924652,-1.8617351055145264,2645,0.10870607197284698,-14.918686879999997,150.0,0.0
52940,7208,2647,7,0.9354333877563477,0.0003,1.0653703212738037,-1.8703899383544922,2646,0.7118568420410156,-14.918686879999997,150.0,0.0
52960,7208,2648,7,0.9196051359176636,0.0003,0.8127778768539429,-1.8520631790161133,2647,1.0286641120910645,-14.918686879999997,150.0,0.0
52980,7208,2649,7,0.980830729007721,0.0003,-1.0271257162094116,-1.8901302814483643,2648,0.4239809513092041,-14.918686879999997,150.0,0.0
53000,7208,2650,7,0.9862505793571472,0.0003,-0.14911706745624542,-1.9525978565216064,2649,0.15396133065223694,-14.918686879999997,150.0,0.0
53020,7208,2651,7,0.9889938235282898,0.0003,-0.5720990896224976,-1.9727338552474976,2650,0.1687421202659607,-14.918686879999997,150.0,0.0
53040,7208,2652,7,0.9964821934700012,0.0003,-0.2699546217918396,-1.9874976873397827,2651,0.04062174633145332,-14.918686879999997,150.0,0.0
53060,7208,2653,7,0.9798350930213928,0.0003,-0.2295272797346115,-1.9576051235198975,2652,0.11384912580251694,-14.918686879999997,150.0,0.0
53080,7208,2654,7,0.9958598017692566,0.0003,-0.31825369596481323,-2.026486873626709,2653,0.04119771718978882,-14.918686879999997,150.0,0.0
53100,7208,2655,7,0.8552769422531128,0.0003,1.1149253845214844,-2.021289348602295,2654,0.7264744639396667,-14.918686879999997,150.0,0.0
53120,7208,2656,7,0.8444925546646118,0.0003,0.6037812829017639,-1.9791743755340576,2655,0.5877621173858643,-14.918686879999997,150.0,0.0
53140,7208,2657,7,0.9846622347831726,0.0003,0.13985268771648407,-1.9228019714355469,2656,0.04923844709992409,-14.918686879999997,150.0,0.0
53160,7208,2658,7,0.8988670110702515,0.0003,0.99036705493927,-1.9715392589569092,2657,0.5484276413917542,-14.918686879999997,150.0,0.0
53180,7208,2659,7,0.7465174794197083,0.0003,0.30760160088539124,-1.9580554962158203,2658,0.3594636023044586,-14.918686879999997,150.0,0.0
53200,7208,2660,7,0.9801747798919678,0.0003,-0.40270429849624634,-1.983490228652954,2659,0.09077540040016174,-14.918686879999997,150.0,0.0
53220,7209,2661,7,0.9273946285247803,0.0003,-0.6069946885108948,-2.020134210586548,2660,0.16603602468967438,-14.918686879999997,150.0,0.0
53240,7209,2662,7,0.9737650156021118,0.0003,-0.10951002687215805,-2.0671958923339844,2661,0.016657661646604538,-14.918686879999997,150.0,0.0
53260,7209,2663,7,0.9454930424690247,0.0003,-0.1859637200832367,-2.0494067668914795,2662,0.027111435309052467,-14.918686879999997,150.0,0.0
53280,7209,2664,7,0.7008606195449829,0.0003,0.1424822360277176,-2.101612091064453,2663,0.05895986407995224,-14.918686879999997,150.0,0.0
53300,7209,2665,7,0.7134186029434204,0.0003,0.1982407122850418,-2.1081509590148926,2664,0.04304385185241699,-14.918686879999997,150.0,0.0
53320,7209,2666,7,-0.17544353008270264,0.0003,-0.23022429645061493,-2.1106984615325928,2665,0.08363799750804901,-14.918686879999997,150.0,0.0
53340,7208,2667,7,0.6952972412109375,0.0003,-0.127654030919075,-2.157325029373169,2666,0.018880192190408707,-14.918686879999997,150.0,0.0
53360,7207,2668,7,0.7119449377059937,0.0003,0.005631296429783106,-2.1411728858947754,2667,0.012543855234980583,-14.918686879999997,150.0,0.0
53380,7207,2669,7,0.758182168006897,0.0003,0.013315396383404732,-2.1573495864868164,2668,0.008785154670476913,-14.918686879999997,150.0,0.0
53400,7206,2670,7,0.638488233089447,0.0003,0.22786188125610352,-2.15864896774292,2669,0.02533651888370514,-15.24663786,150.0,0.0
53420,7206,2671,7,0.20225012302398682,0.0003,-0.10542867332696915,-2.161731004714966,2670,0.03430250287055969,-15.24663786,150.0,0.0
53440,7206,2672,7,0.8997758626937866,0.0003,0.06994529068470001,-1.980269193649292,2671,0.09468625485897064,-15.24663786,150.0,0.0
53460,7206,2673,7,0.8972085118293762,0.0003,-0.2255735844373703,-2.015052318572998,2672,0.09887973964214325,-15.24663786,150.0,0.0
53480,7206,2674,7,0.9506216645240784,0.0003,-0.11030720174312592,-2.022923469543457,2673,0.029015978798270226,-15.24663786,150.0,0.0
53500,7205,2675,7,0.7689117193222046,0.0003,0.2845129370689392,-2.0135910511016846,2674,0.16117613017559052,-15.24663786,150.0,0.0
53520,7204,2676,7,0.9262345433235168,0.0003,0.026895547285676003,-2.0397934913635254,2675,0.06833763420581818,-15.24663786,150.0,0.0
53540,7204,2677,7,0.892013669013977,0.0003,0.05692204833030701,-2.036698579788208,2676,0.1648063361644745,-15.24663786,150.0,0.0
53560,7204,2678,7,0.8910568356513977,0.0003,0.3574066460132599,-2.0479042530059814,2677,0.43626898527145386,-15.24663786,150.0,0.0
53580,7204,2679,7,0.9388806819915771,0.0003,-0.8106670379638672,-2.0485172271728516,2678,0.31604963541030884,-15.24663786,150.0,0.0
53600,7204,2680,7,0.9859126210212708,0.0003,-0.5252350568771362,-2.081435203552246,2679,0.10031185299158096,-15.24663786,150.0,0.0
53620,7204,2681,7,0.9755086898803711,0.0003,-0.04067583009600639,-2.078788995742798,2680,0.07605854421854019,-15.24663786,150.0,0.0
53640,7204,2682,7,0.9804925918579102,0.0003,0.38861900568008423,-2.079832077026367,2681,0.11460485309362411,-15.24663786,150.0,0.0
53660,7204,2683,7,0.883745551109314,0.0003,0.3472904562950134,-2.0918385982513428,2682,0.35738277435302734,-15.24663786,150.0,0.0
53680,7204,2684,7,0.927640438079834,0.0003,0.07796832174062729,-2.075881242752075,2683,0.1578114926815033,-15.24663786,150.0,0.0
53700,7204,2685,7,0.9238691329956055,0.0003,0.09891584515571594,-2.077706813812256,2684,0.11574356257915497,-15.24663786,150.0,0.0
53720,7204,2686,7,0.8122431039810181,0.0003,0.8397496938705444,-2.02398943901062,2685,0.8152305483818054,-15.24663786,150.0,0.0
53740,7204,2687,7,0.9489948153495789,0.0003,0.26887547969818115,-2.0447425842285156,2686,0.1503254920244217,-15.24663786,150.0,0.0
53760,7204,2688,7,0.957355797290802,0.0003,0.43250951170921326,-2.098848819732666,2687,0.13102401793003082,-15.24663786,150.0,0.0
53780,7204,2689,7,0.4174898862838745,0.0003,1.0982129573822021,-2.109551191329956,2688,0.8329318165779114,-15.24663786,150.0,0.0
53800,7204,2690,7,0.7255395650863647,0.0003,-0.2545367181301117,-2.110323667526245,2689,0.2630009055137634,-15.24663786,150.0,0.0
53820,7204,2691,7,0.9551860690116882,0.0003,-0.04012368991971016,-2.109177827835083,2690,0.048695627599954605,-15.24663786,150.0,0.0
53840,7204,2692,7,0.9374023079872131,0.0003,-0.19141368567943573,-2.1116061210632324,2691,0.09054747968912125,-15.24663786,150.0,0.0
53860,7204,2693,7,0.9288362264633179,0.0003,0.013058742508292198,-2.1316123008728027,2692,0.08090030401945114,-15.24663786,150.0,0.0
53880,7205,2694,7,0.9565576314926147,0.0003,-0.1758699119091034,-2.147712230682373,2693,0.054791636765003204,-15.24663786,150.0,0.0
53900,7205,2695,7,0.9460317492485046,0.0003,-0.02691977098584175,-2.1340739727020264,2694,0.06640052795410156,-15.24663786,150.0,0.0
53920,7205,2696,7,0.9696477055549622,0.0003,-0.41895365715026855,-2.126918315887451,2695,0.08494333922863007,-15.24663786,150.0,0.0
53940,7205,2697,7,0.9497568011283875,0.0003,0.07538969814777374,-2.140036106109619,2696,0.06267258524894714,-15.24663786,150.0,0.0
53960,7205,2698,7,0.945248007774353,0.0003,-0.19683419167995453,-2.1507458686828613,2697,0.09265883266925812,-15.24663786,150.0,0.0
53980,7205,2699,7,0.9767069220542908,0.0003,-0.2243463099002838,-2.1624951362609863,2698,0.04669048637151718,-15.24663786,150.0,0.0
54000,7205,2700,7,0.9742944240570068,0.0003,-0.0073204427026212215,-2.1591360569000244,2699,0.03830057382583618,-15.64776684,150.0,0.0
54020,7205,2701,7,0.9601412415504456,0.0003,-0.1450175791978836,-2.155430316925049,2700,0.07704272866249084,-15.64776684,150.0,0.0
54040,7205,2702,7,0.8775864839553833,0.0003,0.09616279602050781,-1.9494984149932861,2701,0.1629278063774109,-15.64776684,150.0,0.0
54060,7204,2703,7,0.8245227932929993,0.0003,-0.5013328790664673,-1.9921165704727173,2702,0.6459528803825378,-15.64776684,150.0,0.0
54080,7203,2704,7,0.9335553646087646,0.0003,-1.1109559535980225,-2.0228703022003174,2703,0.4639250338077545,-15.64776684,150.0,0.0
54100,7203,2705,7,0.957984983921051,0.0003,-0.2083471566438675,-2.0294928550720215,2704,0.21132893860340118,-15.64776684,150.0,0.0
54120,7202,2706,7,0.9579071998596191,0.0003,-0.5604689717292786,-2.0374584197998047,2705,0.25457635521888733,-15.64776684,150.0,0.0
54140,7202,2707,7,0.9333845376968384,0.0003,1.169752836227417,-2.0596156120300293,2706,0.5311548709869385,-15.64776684,150.0,0.0
54160,7202,2708,7,0.9046671390533447,0.0003,0.713302493095398,-2.066091299057007,2707,0.6962718963623047,-15.64776684,150.0,0.0
54180,7202,2709,7,0.964446485042572,0.0003,0.19569973647594452,-2.0549066066741943,2708,0.33954182267189026,-15.64776684,150.0,0.0
54200,7202,2710,7,0.9966402649879456,0.0003,-0.4479658007621765,-2.0733089447021484,2709,0.07582110911607742,-15.64776684,150.0,0.0
54220,7202,2711,7,0.9950186610221863,0.0003,-0.1923600733280182,-2.088366746902466,2710,0.04595029354095459,-15.64776684,150.0,0.0
54240,7202,2712,7,0.9349660873413086,0.0003,0.586417019367218,-2.086923360824585,2711,0.4693993628025055,-15.64776684,150.0,0.0
54260,7202,2713,7,0.9218360781669617,0.0003,1.3164026737213135,-2.114044666290283,2712,1.0360904932022095,-15.64776684,150.0,0.0
54280,7202,2714,7,0.9297887682914734,0.0003,0.7820616364479065,-2.0885379314422607,2713,0.7689562439918518,-15.64776684,150.0,0.0
54300,7202,2715,7,0.9773086309432983,0.0003,0.08637162297964096,-2.1047916412353516,2714,0.18831002712249756,-15.64776684,150.0,0.0
54320,7202,2716,7,0.9793927073478699,0.0003,0.2788628041744232,-2.1040661334991455,2715,0.13752222061157227,-15.64776684,150.0,0.0
54340,7202,2717,7,0.9476673007011414,0.0003,0.2902235686779022,-2.1250741481781006,2716,0.3263617157936096,-15.64776684,150.0,0.0
54360,7202,2718,7,0.9943100810050964,0.0003,0.18342244625091553,-2.125014305114746,2717,0.034546323120594025,-15.64776684,150.0,0.0
54380,7202,2719,7,0.9936258792877197,0.0003,-0.14483927190303802,-2.1182162761688232,2718,0.032122183591127396,-15.64776684,150.0,0.0
54400,7202,2720,7,0.7081032395362854,0.0003,0.42802271246910095,-2.1364645957946777,2719,0.5778834223747253,-15.64776684,150.0,0.0
54420,7202,2721,7,0.6077165603637695,0.0003,0.2259254902601242,-2.150916814804077,2720,0.5267582535743713,-15.64776684,150.0,0.0
54440,7202,2722,7,0.9335632920265198,0.0003,0.3231070637702942,-2.1418960094451904,2721,0.11420819908380508,-15.64776684,150.0,0.0
54460,7202,2723,7,0.9484555721282959,0.0003,-0.3355245590209961,-2.142042875289917,2722,0.0991831123828888,-15.64776684,150.0,0.0
54480,7202,2724,7,0.5498307943344116,0.0003,0.5018583536148071,-2.1410470008850098,2723,0.4979883134365082,-15.64776684,150.0,0.0
54500,7203,2725,7,0.94899982213974,0.0003,-0.27443990111351013,-2.1228435039520264,2724,0.05614296346902847,-15.64776684,150.0,0.0
54520,7203,2726,7,0.2915065884590149,0.0003,0.3063276708126068,-2.1306192874908447,2725,0.24963590502738953,-15.64776684,150.0,0.0
54540,7203,2727,7,0.703368067741394,0.0003,-0.4031643867492676,-2.134775161743164,2726,0.13961604237556458,-15.64776684,150.0,0.0
54560,7203,2728,7,0.7404407262802124,0.0003,0.008785056881606579,-2.157776355743408,2727,0.14702413976192474,-15.64776684,150.0,0.0
54580,7203,2729,7,0.7094333171844482,0.0003,-0.22909393906593323,-2.150365114212036,2728,0.14556971192359924,-15.64776684,150.0,0.0
54600,7202,2730,7,0.7891759872436523,0.0003,-0.15008501708507538,-2.155712842941284,2729,0.07807843387126923,-15.64447576,150.0,0.0
54620,7201,2731,7,-0.023712635040283203,0.0003,0.6778188943862915,-2.1622986793518066,2730,0.8040516972541809,-15.64447576,150.0,0.0
54640,7201,2732,7,0.9116383194923401,0.0003,-0.10978178679943085,-1.9005401134490967,2731,0.14149601757526398,-15.64447576,150.0,0.0
54660,7201,2733,7,0.9109163284301758,0.0003,0.3444559574127197,-1.9065616130828857,2732,0.2404601275920868,-15.64447576,150.0,0.0
54680,7201,2734,7,0.9923228621482849,0.0003,-0.24228592216968536,-1.92108952999115,2733,0.03428903967142105,-15.64447576,150.0,0.0
54700,7201,2735,7,0.7224792242050171,0.0003,0.5381207466125488,-1.9371955394744873,2734,0.5646475553512573,-15.64447576,150.0,0.0
54720,7201,2736,7,0.8497117757797241,0.0003,0.5599344372749329,-1.9652926921844482,2735,0.6490083336830139,-15.64447576,150.0,0.0
54740,7201,2737,7,0.9225283861160278,0.0003,0.3223229944705963,-1.9692623615264893,2736,0.1717793494462967,-15.64447576,150.0,0.0
54760,7201,2738,7,0.5103317499160767,0.0003,0.4326258599758148,-2.0099635124206543,2737,0.4491446614265442,-15.64447576,150.0,0.0
54780,7201,2739,7,0.7427950501441956,0.0003,0.3836161196231842,-2.034497022628784,2738,0.23025274276733398,-15.64447576,150.0,0.0
54800,7201,2740,7,0.8616172075271606,0.0003,0.280076265335083,-2.0394833087921143,2739,0.27168700098991394,-15.64447576,150.0,0.0
54820,7201,2741,7,0.9575483202934265,0.0003,-0.5352070927619934,-2.066652297973633,2740,0.1557658612728119,-15.64447576,150.0,0.0
54840,7201,2742,7,0.9802400469779968,0.0003,-0.19968147575855255,-2.0782063007354736,2741,0.057679664343595505,-15.64447576,150.0,0.0
54860,7200,2743,7,0.9803033471107483,0.0003,0.11843559890985489,-2.0824167728424072,2742,0.06055331230163574,-15.64447576,150.0,0.0
54880,7199,2744,7,0.9734894037246704,0.0003,-0.3429792523384094,-2.094788074493408,2743,0.12601876258850098,-15.64447576,150.0,0.0
54900,7198,2745,7,0.9140978455543518,0.0003,0.0811171904206276,-2.0733695030212402,2744,0.46082910895347595,-15.64447576,150.0,0.0
54920,7198,2746,7,0.9742698669433594,0.0003,-0.26481300592422485,-2.0848984718322754,2745,0.17007872462272644,-15.64447576,150.0,0.0
54940,7197,2747,7,0.9199740290641785,0.0003,1.7957671880722046,-2.080808162689209,2746,1.489176630973816,-15.64447576,150.0,0.0
54960,7197,2748,7,0.9278107285499573,0.0003,1.0238025188446045,-2.05389142036438,2747,1.24785315990448,-15.64447576,150.0,0.0
54980,7197,2749,7,0.9889481663703918,0.0003,0.042318351566791534,-2.0735678672790527,2748,0.14866295456886292,-15.64447576,150.0,0.0
55000,7197,2750,7,0.982734203338623,0.0003,0.6251218914985657,-2.0689899921417236,2749,0.4210377633571625,-15.64447576,150.0,0.0
55020,7197,2751,7,0.8775905966758728,0.0003,0.6961129307746887,-2.0243120193481445,2750,1.6535460948944092,-15.64447576,150.0,0.0
55040,7197,2752,7,0.9167568683624268,0.0003,0.3143230080604553,-2.0236759185791016,2751,0.8744198083877563,-15.64447576,150.0,0.0
55060,7198,2753,7,0.9837974309921265,0.0003,-0.8014298677444458,-2.034942150115967,2752,0.36995136737823486,-15.64447576,150.0,0.0
55080,7198,2754,7,0.9944934844970703,0.0003,-0.8107334971427917,-2.0522537231445312,2753,0.19398246705532074,-15.64447576,150.0,0.0
55100,7198,2755,7,0.9861240386962891,0.0003,-0.5237991213798523,-2.062049150466919,2754,0.17714641988277435,-15.64447576,150.0,0.0
55120,7198,2756,7,0.9931269884109497,0.0003,-0.9512491226196289,-2.039651393890381,2755,0.21571286022663116,-15.64447576,150.0,0.0
55140,7198,2757,7,0.9853548407554626,0.0003,-0.989871621131897,-2.07405424118042,2756,0.3151323199272156,-15.64447576,150.0,0.0
55160,7198,2758,7,0.9826245903968811,0.0003,-0.7131181955337524,-2.124546766281128,2757,0.21688897907733917,-15.64447576,150.0,0.0
55180,7198,2759,7,0.9920656681060791,0.0003,-0.4509216248989105,-2.1151418685913086,2758,0.08954045921564102,-15.64447576,150.0,0.0
55200,7198,2760,7,0.9826536178588867,0.0003,-0.43145331740379333,-2.1086742877960205,2759,0.13826477527618408,-15.593542019999997,150.0,0.0
55220,7198,2761,7,0.987580418586731,0.0003,-0.3236847519874573,-2.1222431659698486,2760,0.09731270372867584,-15.593542019999997,150.0,0.0
55240,7198,2762,7,0.9316428303718567,0.0003,-1.3291467428207397,-1.9300340414047241,2761,0.8379343152046204,-15.593542019999997,150.0,0.0
55260,7198,2763,7,0.9815366864204407,0.0003,-0.15827950835227966,-1.9596446752548218,2762,0.19358904659748077,-15.593542019999997,150.0,0.0
55280,7198,2764,7,0.9679684042930603,0.0003,-0.7631861567497253,-1.949074149131775,2763,0.5392118692398071,-15.593542019999997,150.0,0.0
55300,7198,2765,7,0.9877632260322571,0.0003,-0.42480987310409546,-1.9460384845733643,2764,0.23125043511390686,-15.593542019999997,150.0,0.0
55320,7199,2766,7,0.9927847981452942,0.0003,-0.20325586199760437,-1.9476373195648193,2765,0.11408958584070206,-15.593542019999997,150.0,0.0
55340,7199,2767,7,0.9719974994659424,0.0003,0.2864327132701874,-2.0119035243988037,2766,0.2882009446620941,-15.593542019999997,150.0,0.0
55360,7199,2768,7,0.9858946800231934,0.0003,0.0483248233795166,-1.9861249923706055,2767,0.13136807084083557,-15.593542019999997,150.0,0.0
55380,7199,2769,7,0.9895044565200806,0.0003,-0.27319321036338806,-2.050553560256958,2768,0.10007055103778839,-15.593542019999997,150.0,0.0
55400,7199,2770,7,0.9892899394035339,0.0003,0.01706971973180771,-2.041961908340454,2769,0.05785268545150757,-15.593542019999997,150.0,0.0
55420,7199,2771,7,0.2535325884819031,0.0003,0.7632583379745483,-2.021251678466797,2770,1.3424303531646729,-15.593542019999997,150.0,0.0
55440,7199,2772,7,0.9192493557929993,0.0003,0.41795945167541504,-2.0511081218719482,2771,0.2678457200527191,-15.593542019999997,150.0,0.0
55460,7199,2773,7,0.9741520285606384,0.0003,1.0468933582305908,-2.040518283843994,2772,0.31811606884002686,-15.593542019999997,150.0,0.0
55480,7199,2774,7,0.9487223625183105,0.0003,-0.12590844929218292,-2.0479462146759033,2773,0.16063342988491058,-15.593542019999997,150.0,0.0
55500,7199,2775,7,0.9755744338035583,0.0003,0.03237639740109444,-2.0280954837799072,2774,0.05249859020113945,-15.593542019999997,150.0,0.0
55520,7199,2776,7,0.9829623699188232,0.0003,-0.09527776390314102,-2.0491881370544434,2775,0.031187500804662704,-15.593542019999997,150.0,0.0
55540,7200,2777,7,0.19240158796310425,0.0003,1.8882585763931274,-2.0572831630706787,2776,2.4951093196868896,-15.593542019999997,150.0,0.0
55560,7200,2778,7,0.8497195243835449,0.0003,0.432234525680542,-2.090573787689209,2777,0.30703020095825195,-15.593542019999997,150.0,0.0
55580,7200,2779,7,0.8683025240898132,0.0003,0.2627410292625427,-2.1063947677612305,2778,0.1833876669406891,-15.593542019999997,150.0,0.0
55600,7200,2780,7,0.7274229526519775,0.0003,0.13491185009479523,-2.1121015548706055,2779,0.234237939119339,-15.593542019999997,150.0,0.0
55620,7200,2781,7,-1.0125675201416016,0.0003,1.1427927017211914,-2.082149028778076,2780,1.2463243007659912,-15.593542019999997,150.0,0.0
55640,7200,2782,7,0.8882409930229187,0.0003,0.055592965334653854,-2.1290781497955322,2781,0.07302535325288773,-15.593542019999997,150.0,0.0
55660,7200,2783,7,0.9134613871574402,0.0003,-0.11764278262853622,-2.142108678817749,2782,0.0674385279417038,-15.593542019999997,150.0,0.0
55680,7200,2784,7,0.9841352105140686,0.0003,-0.226483553647995,-2.1447155475616455,2783,0.01879853568971157,-15.593542019999997,150.0,0.0
55700,7200,2785,7,0.9608055949211121,0.0003,-0.03752010688185692,-2.149402379989624,2784,0.013856287114322186,-15.593542019999997,150.0,0.0
55720,7200,2786,7,0.697358250617981,0.0003,-0.3884395658969879,-2.143345355987549,2785,0.07337899506092072,-15.593542019999997,150.0,0.0
55740,7200,2787,7,0.9224418997764587,0.0003,-0.05880690738558769,-2.152709722518921,2786,0.010981137864291668,-15.593542019999997,150.0,0.0
55760,7200,2788,7,0.8875151872634888,0.0003,-0.20603187382221222,-2.1522881984710693,2787,0.02498013898730278,-15.593542019999997,150.0,0.0
55780,7200,2789,7,0.9441074728965759,0.0003,-0.14612725377082825,-2.153595447540283,2788,0.008674888871610165,-15.593542019999997,150.0,0.0
55800,7200,2790,7,0.7765846848487854,0.0003,-0.2714495062828064,-2.1534583568573,2789,0.03305504098534584,-15.35060926,150.0,0.0
55820,7200,2791,7,0.6012849807739258,0.0003,-0.22471340000629425,-2.153526544570923,2790,0.02991066500544548,-15.35060926,150.0,0.0
55840,7200,2792,7,0.806027889251709,0.0003,-0.03977194428443909,-1.9143329858779907,2791,0.08040116727352142,-15.35060926,150.0,0.0
55860,7201,2793,7,-0.26925134658813477,0.0003,-0.47065791487693787,-1.9554557800292969,2792,0.49469131231307983,-15.35060926,150.0,0.0
55880,7201,2794,7,0.8685745596885681,0.0003,-1.0540777444839478,-1.9668270349502563,2793,0.30180081725120544,-15.35060926,150.0,0.0
55900,7201,2795,7,0.9040594696998596,0.0003,-0.4540046751499176,-1.965640664100647,2794,0.10315046459436417,-15.35060926,150.0,0.0
55920,7201,2796,7,0.8820523619651794,0.0003,-0.1454925388097763,-1.9500747919082642,2795,0.18684104084968567,-15.35060926,150.0,0.0
55940,7201,2797,7,0.9548810720443726,0.0003,0.45552653074264526,-1.9266269207000732,2796,0.15226265788078308,-15.35060926,150.0,0.0
55960,7201,2798,7,0.8546303510665894,0.0003,0.6174148321151733,-1.949627161026001,2797,0.6309937238693237,-15.35060926,150.0,0.0
55980,7202,2799,7,0.7225983738899231,0.0003,1.0780982971191406,-1.9708553552627563,2798,0.964957594871521,-15.35060926,150.0,0.0
56000,7202,2800,7,0.9332322478294373,0.0003,0.7164078950881958,-2.0107979774475098,2799,0.3839637339115143,-15.35060926,150.0,0.0
56020,7202,2801,7,0.9439747929573059,0.0003,0.2608413100242615,-2.035231828689575,2800,0.17450983822345734,-15.35060926,150.0,0.0
56040,7202,2802,7,0.945609450340271,0.0003,0.32956254482269287,-2.09660267829895,2801,0.17384712398052216,-15.35060926,150.0,0.0
56060,7202,2803,7,0.988207221031189,0.0003,0.10813263803720474,-2.0798897743225098,2802,0.04368928074836731,-15.35060926,150.0,0.0
56080,7202,2804,7,0.9908040165901184,0.0003,-0.46711525321006775,-2.0763778686523438,2803,0.07788719981908798,-15.35060926,150.0,0.0
56100,7203,2805,7,0.9451266527175903,0.0003,-0.414417564868927,-2.112761974334717,2804,0.1360727846622467,-15.35060926,150.0,0.0
56120,7203,2806,7,0.9625411033630371,0.0003,-0.5076184272766113,-2.113431215286255,2805,0.1141134724020958,-15.35060926,150.0,0.0
56140,7203,2807,7,0.4812566637992859,0.0003,0.61505126953125,-2.1150219440460205,2806,0.5433813333511353,-15.35060926,150.0,0.0
56160,7203,2808,7,0.9430773854255676,0.0003,-0.4711013734340668,-2.1207666397094727,2807,0.1137588769197464,-15.35060926,150.0,0.0
56180,7203,2809,7,0.9131925106048584,0.0003,-0.7083081007003784,-2.148158311843872,2808,0.1773117035627365,-15.35060926,150.0,0.0
56200,7203,2810,7,0.7934590578079224,0.0003,-0.30149149894714355,-2.154740333557129,2809,0.1332404762506485,-15.35060926,150.0,0.0
56220,7203,2811,7,0.8438050150871277,0.0003,-0.5681376457214355,-2.150362730026245,2810,0.12878350913524628,-15.35060926,150.0,0.0
56240,7204,2812,7,0.8699933886528015,0.0003,-0.42522937059402466,-2.148554563522339,2811,0.06703730672597885,-15.35060926,150.0,0.0
56260,7204,2813,7,0.864081084728241,0.0003,-0.33229076862335205,-2.1523919105529785,2812,0.03495623543858528,-15.35060926,150.0,0.0
56280,7204,2814,7,0.8340151309967041,0.0003,-0.0967550054192543,-2.1530699729919434,2813,0.012700679711997509,-15.35060926,150.0,0.0
56300,7204,2815,7,0.7342670559883118,0.0003,-0.2906428277492523,-2.1471638679504395,2814,0.036446474492549896,-15.35060926,150.0,0.0
56320,7203,2816,7,0.6347289085388184,0.0003,-0.18434496223926544,-2.154168128967285,2815,0.017583539709448814,-15.35060926,150.0,0.0
56340,7203,2817,7,0.5834624171257019,0.0003,-0.03598092496395111,-2.1516196727752686,2816,0.007251504808664322,-15.35060926,150.0,0.0
56360,7203,2818,7,-0.2789705991744995,0.0003,-0.09836015105247498,-2.1461052894592285,2817,0.012458006851375103,-15.35060926,150.0,0.0
56380,7204,2819,7,0.20177370309829712,0.0003,-0.02661282941699028,-2.1572279930114746,2818,0.027885273098945618,-15.35060926,150.0,0.0
56400,7203,2820,7,-0.07857322692871094,0.0003,-0.06442160159349442,-2.1342644691467285,2819,0.027727510780096054,-15.497895149999998,150.0,0.0
56420,7203,2821,7,0.11606049537658691,0.0003,0.00900255423039198,-2.12768292427063,2820,0.03928674757480621,-15.497895149999998,150.0,0.0
56440,7203,2822,7,0.9944553971290588,0.0003,0.06864903122186661,-1.9091975688934326,2821,0.005722180940210819,-15.497895149999998,150.0,0.0
56460,7203,2823,7,0.9689808487892151,0.0003,-0.15033793449401855,-1.933383584022522,2822,0.03751777485013008,-15.497895149999998,150.0,0.0
56480,7203,2824,7,0.9783570170402527,0.0003,0.05538129806518555,-1.9972279071807861,2823,0.023672595620155334,-15.497895149999998,150.0,0.0
56500,7203,2825,7,0.9691733121871948,0.0003,0.438579797744751,-2.0138301849365234,2824,0.07013741135597229,-15.497895149999998,150.0,0.0
56520,7203,2826,7,0.8470972776412964,0.0003,-0.042278409004211426,-2.0198287963867188,2825,0.20016486942768097,-15.497895149999998,150.0,0.0
56540,7203,2827,7,0.5495826005935669,0.0003,0.6702789068222046,-2.00874924659729,2826,0.6405251026153564,-15.497895149999998,150.0,0.0
56560,7203,2828,7,0.9219105243682861,0.0003,0.6946273446083069,-2.0011210441589355,2827,0.2432706654071808,-15.497895149999998,150.0,0.0
56580,7203,2829,7,0.8996506929397583,0.0003,-0.47175511717796326,-2.022172212600708,2828,0.2356378585100174,-15.497895149999998,150.0,0.0
56600,7203,2830,7,0.9021788835525513,0.0003,-0.14455702900886536,-2.066653251647949,2829,0.2592247426509857,-15.497895149999998,150.0,0.0
56620,7203,2831,7,0.8533475995063782,0.0003,0.9639772176742554,-2.062276601791382,2830,1.3829513788223267,-15.497895149999998,150.0,0.0
56640,7203,2832,7,0.989073634147644,0.0003,0.06592382490634918,-2.096789836883545,2831,0.07678844034671783,-15.497895149999998,150.0,0.0
56660,7203,2833,7,0.9880440831184387,0.0003,0.09459970891475677,-2.1077632904052734,2832,0.11263255774974823,-15.497895149999998,150.0,0.0
56680,7203,2834,7,0.9748753309249878,0.0003,0.18893292546272278,-2.10374116897583,2833,0.3325592875480652,-15.497895149999998,150.0,0.0
56700,7203,2835,7,0.9843969345092773,0.0003,0.21586032211780548,-2.1071834564208984,2834,0.2919718623161316,-15.497895149999998,150.0,0.0
56720,7203,2836,7,0.9864956140518188,0.0003,0.06079679727554321,-2.128352642059326,2835,0.2891680598258972,-15.497895149999998,150.0,0.0
56740,7203,2837,7,0.9974571466445923,0.0003,-0.06699632108211517,-2.120201587677002,2836,0.05912753939628601,-15.497895149999998,150.0,0.0
56760,7203,2838,7,0.9955220222473145,0.0003,-0.09487742185592651,-2.1512794494628906,2837,0.10526525974273682,-15.497895149999998,150.0,0.0
56780,7203,2839,7,0.9313745498657227,0.0003,0.8759748339653015,-2.147606611251831,2838,1.2637382745742798,-15.497895149999998,150.0,0.0
56800,7203,2840,7,0.9957500100135803,0.0003,-0.7984008193016052,-2.1149237155914307,2839,0.21769650280475616,-15.497895149999998,150.0,0.0
56820,7203,2841,7,0.9669505953788757,0.0003,-1.0472859144210815,-2.1265950202941895,2840,0.6437160968780518,-15.497895149999998,150.0,0.0
56840,7203,2842,7,0.9760100841522217,0.0003,-0.5659578442573547,-2.128418445587158,2841,0.24922171235084534,-15.497895149999998,150.0,0.0
56860,7203,2843,7,0.9721201062202454,0.0003,-0.6130090951919556,-2.137381076812744,2842,0.22757601737976074,-15.497895149999998,150.0,0.0
56880,7203,2844,7,0.9267763495445251,0.0003,-0.23141443729400635,-2.1481685638427734,2843,0.2746433615684509,-15.497895149999998,150.0,0.0
56900,7203,2845,7,0.9400097131729126,0.0003,-0.64316326379776,-2.140688419342041,2844,0.19424372911453247,-15.497895149999998,150.0,0.0
56920,7203,2846,7,0.9526344537734985,0.0003,-0.5625841021537781,-2.1678805351257324,2845,0.1505362093448639,-15.497895149999998,150.0,0.0
56940,7203,2847,7,0.9852889776229858,0.0003,-0.24080462753772736,-2.1660895347595215,2846,0.028787296265363693,-15.497895149999998,150.0,0.0
56960,7203,2848,7,0.9111844897270203,0.0003,-0.11323956400156021,-2.1536293029785156,2847,0.06002248451113701,-15.497895149999998,150.0,0.0
56980,7204,2849,7,0.9126165509223938,0.0003,-0.31154680252075195,-2.1414947509765625,2848,0.05786697939038277,-15.497895149999998,150.0,0.0
57000,7203,2850,7,0.3842226266860962,0.0003,0.31235840916633606,-2.1521565914154053,2849,0.29510313272476196,-15.470606240000002,150.0,0.0
57020,7203,2851,7,-0.018514513969421387,0.0003,0.34364455938339233,-2.1565651893615723,2850,0.4554831087589264,-15.470606240000002,150.0,0.0
57040,7203,2852,7,0.03789925575256348,0.0003,0.31464868783950806,-1.8567848205566406,2851,0.3270501494407654,-15.470606240000002,150.0,0.0
57060,7204,2853,7,0.8634301424026489,0.0003,-0.3960268199443817,-1.9343197345733643,2852,0.10776297003030777,-15.470606240000002,150.0,0.0
57080,7204,2854,7,0.9223853945732117,0.0003,-0.33536338806152344,-1.970691442489624,2853,0.07442551851272583,-15.470606240000002,150.0,0.0
57100,7204,2855,7,0.2228732705116272,0.0003,-0.6209467649459839,-1.974364995956421,2854,0.23754525184631348,-15.470606240000002,150.0,0.0
57120,7204,2856,7,-0.19664835929870605,0.0003,-0.0999789834022522,-2.0083107948303223,2855,0.17202457785606384,-15.470606240000002,150.0,0.0
57140,7204,2857,7,0.8110112547874451,0.0003,-0.09889278560876846,-2.054138422012329,2856,0.0505133680999279,-15.470606240000002,150.0,0.0
57160,7204,2858,7,0.4842209815979004,0.0003,1.298888921737671,-2.0021157264709473,2857,0.9759566187858582,-15.470606240000002,150.0,0.0
57180,7204,2859,7,0.6308884024620056,0.0003,0.38797158002853394,-1.9843292236328125,2858,0.18826434016227722,-15.470606240000002,150.0,0.0
57200,7204,2860,7,0.9544434547424316,0.0003,-0.24134115874767303,-2.0321054458618164,2859,0.05329669266939163,-15.470606240000002,150.0,0.0
57220,7204,2861,7,0.890422523021698,0.0003,0.18815520405769348,-2.0542635917663574,2860,0.12168653309345245,-15.470606240000002,150.0,0.0
57240,7204,2862,7,0.9875731468200684,0.0003,-0.003959437366575003,-2.086789131164551,2861,0.015609517693519592,-15.470606240000002,150.0,0.0
57260,7204,2863,7,0.7974509000778198,0.0003,0.5016552209854126,-2.061440944671631,2862,0.4248510003089905,-15.470606240000002,150.0,0.0
57280,7205,2864,7,0.9748625159263611,0.0003,0.06608599424362183,-2.092852830886841,2863,0.050092052668333054,-15.470606240000002,150.0,0.0
57300,7205,2865,7,0.9922327995300293,0.0003,-0.06545595079660416,-2.098902702331543,2864,0.016922157257795334,-15.470606240000002,150.0,0.0
57320,7205,2866,7,0.9617703557014465,0.0003,0.008176177740097046,-2.0934829711914062,2865,0.06517474353313446,-15.470606240000002,150.0,0.0
57340,7205,2867,7,0.5437499284744263,0.0003,1.0519236326217651,-2.1049351692199707,2866,1.739767074584961,-15.470606240000002,150.0,0.0
57360,7204,2868,7,0.8501940965652466,0.0003,0.499178409576416,-2.10807728767395,2867,0.49077653884887695,-15.470606240000002,150.0,0.0
57380,7205,2869,7,0.7062726020812988,0.0003,1.3388375043869019,-2.070288896560669,2868,0.8681009411811829,-15.470606240000002,150.0,0.0
57400,7204,2870,7,0.9366902112960815,0.0003,-0.027317916974425316,-2.055535078048706,2869,0.08680415153503418,-15.470606240000002,150.0,0.0
57420,7204,2871,7,0.8562787771224976,0.0003,-0.4689406752586365,-2.0996968746185303,2870,0.20772585272789001,-15.470606240000002,150.0,0.0
57440,7204,2872,7,0.8366051316261292,0.0003,-0.3572295010089874,-2.084474802017212,2871,0.1328705996274948,-15.470606240000002,150.0,0.0
57460,7204,2873,7,0.8167290687561035,0.0003,-0.4856688976287842,-2.0819056034088135,2872,0.11136005073785782,-15.470606240000002,150.0,0.0
57480,7204,2874,7,-0.07815074920654297,0.0003,0.40499719977378845,-2.1143569946289062,2873,0.7250000238418579,-15.470606240000002,150.0,0.0
57500,7204,2875,7,0.5452104210853577,0.0003,-0.20372867584228516,-2.1272730827331543,2874,0.042810194194316864,-15.470606240000002,150.0,0.0
57520,7204,2876,7,0.12435990571975708,0.0003,0.07669656723737717,-2.1262688636779785,2875,0.06516224890947342,-15.470606240000002,150.0,0.0
57540,7204,2877,7,-0.16526412963867188,0.0003,0.5686329007148743,-2.0922951698303223,2876,0.486408531665802,-15.470606240000002,150.0,0.0
57560,7204,2878,7,-0.3870229721069336,0.0003,0.36879414319992065,-2.086035966873169,2877,0.09961239248514175,-15.470606240000002,150.0,0.0
57580,7205,2879,7,-0.06409108638763428,0.0003,0.06502191722393036,-2.0865814685821533,2878,0.022078942507505417,-15.470606240000002,150.0,0.0
57600,7204,2880,7,-0.030054807662963867,0.0003,1.0125011205673218,-2.1245875358581543,2879,0.8936804533004761,-15.557953040000003,150.0,0.0
57620,7204,2881,7,-0.034241676330566406,0.0003,0.3356171250343323,-2.136857271194458,2880,0.2786608934402466,-15.557953040000003,150.0,0.0
57640,7205,2882,7,0.8106114268302917,0.0003,-0.9281896352767944,-1.747694969177246,2881,1.1922271251678467,-15.557953040000003,150.0,0.0
57660,7205,2883,8,0.8294080495834351,0.0003,0.2714850604534149,-1.804718017578125,2882,0.6756407022476196,-15.557953040000003,150.0,0.0
57680,7205,2884,8,0.9747655391693115,0.0003,-0.003800581442192197,-1.8119137287139893,2883,0.127048522233963,-15.557953040000003,150.0,0.0
57700,7205,2885,8,0.8916983604431152,0.0003,-0.22941534221172333,-1.7682092189788818,2884,0.520440399646759,-15.557953040000003,150.0,0.0
57720,7205,2886,8,0.8909572958946228,0.0003,0.1545441448688507,-1.755466103553772,2885,0.42893701791763306,-15.557953040000003,150.0,0.0
57740,7206,2887,8,0.7845604419708252,0.0003,0.5516830682754517,-1.7832529544830322,2886,1.0913656949996948,-15.557953040000003,150.0,0.0
57760,7206,2888,8,0.938578724861145,0.0003,-0.658460795879364,-1.8457744121551514,2887,0.4137503504753113,-15.557953040000003,150.0,0.0
57780,7206,2889,8,0.9361438751220703,0.0003,-0.0856105163693428,-1.8781715631484985,2888,0.3050379157066345,-15.557953040000003,150.0,0.0
57800,7206,2890,8,0.9689167737960815,0.0003,-0.10540338605642319,-1.9590587615966797,2889,0.11379192024469376,-15.557953040000003,150.0,0.0
57820,7205,2891,8,0.9139859080314636,0.0003,-0.057610541582107544,-2.009709119796753,2890,0.23836176097393036,-15.557953040000003,150.0,0.0
57840,7206,2892,8,0.9460581541061401,0.0003,0.4411645829677582,-2.04823899269104,2891,0.18352608382701874,-15.557953040000003,150.0,0.0
57860,7206,2893,8,0.9793394207954407,0.0003,0.3208208680152893,-2.074859380722046,2892,0.06956280022859573,-15.557953040000003,150.0,0.0
57880,7206,2894,8,0.45207715034484863,0.0003,1.2859938144683838,-2.082507371902466,2893,0.9561265707015991,-15.557953040000003,150.0,0.0
57900,7206,2895,8,-1.0930180549621582,0.0003,2.0195870399475098,-2.067525625228882,2894,3.1012110710144043,-15.557953040000003,150.0,0.0
57920,7206,2896,8,0.8819961547851562,0.0003,0.6201922297477722,-2.0885231494903564,2895,0.16312356293201447,-15.557953040000003,150.0,0.0
57940,7207,2897,8,-0.1739414930343628,0.0003,0.5380051732063293,-2.0131473541259766,2896,0.6062253713607788,-15.557953040000003,150.0,0.0
57960,7207,2898,8,0.9057852625846863,0.0003,-0.13784527778625488,-2.0710549354553223,2897,0.08963379263877869,-15.557953040000003,150.0,0.0
57980,7207,2899,8,0.9088506102561951,0.0003,0.1277136504650116,-2.057893753051758,2898,0.10687625408172607,-15.557953040000003,150.0,0.0
58000,7207,2900,8,0.7148891687393188,0.0003,0.17053481936454773,-2.0731215476989746,2899,1.2475013732910156,-15.557953040000003,150.0,0.0
58020,7207,2901,8,0.966543436050415,0.0003,-0.13426664471626282,-2.0626893043518066,2900,0.08648920059204102,-15.557953040000003,150.0,0.0
58040,7207,2902,8,0.9428133964538574,0.0003,-0.2441796362400055,-2.013474702835083,2901,0.1253747195005417,-15.557953040000003,150.0,0.0
58060,7208,2903,8,0.9245140552520752,0.0003,-0.3915916383266449,-1.9935760498046875,2902,0.13490383327007294,-15.557953040000003,150.0,0.0
58080,7208,2904,8,0.8729276061058044,0.0003,-0.1553703248500824,-2.089158058166504,2903,0.09727545082569122,-15.557953040000003,150.0,0.0
58100,7208,2905,8,0.9407979249954224,0.0003,-0.15054644644260406,-2.090409994125366,2904,0.042806461453437805,-15.557953040000003,150.0,0.0
58120,7208,2906,8,0.9654211401939392,0.0003,-0.24096772074699402,-2.072150945663452,2905,0.032028231769800186,-15.557953040000003,150.0,0.0
58140,7208,2907,8,0.9349889755249023,0.0003,-0.21428921818733215,-2.092388391494751,2906,0.025553220883011818,-15.557953040000003,150.0,0.0
58160,7209,2908,8,0.6225610375404358,0.0003,-0.08232652395963669,-2.1052780151367188,2907,0.02264011837542057,-15.557953040000003,150.0,0.0
58180,7209,2909,8,-0.10042202472686768,0.0003,-0.09839397668838501,-2.10018253326416,2908,0.03936458379030228,-15.557953040000003,150.0,0.0
58200,7209,2910,8,0.9068235754966736,0.0003,0.060877781361341476,-2.125072956085205,2909,0.003947788849473,-15.515136210000001,150.0,0.0
58220,7209,2911,8,-0.13626635074615479,0.0003,-0.20122285187244415,-2.116288185119629,2910,0.0351436622440815,-15.515136210000001,150.0,0.0
58240,7208,2912,8,0.015509366989135742,0.0003,1.143376350402832,-1.970412015914917,2911,1.0391218662261963,-15.515136210000001,150.0,0.0
58260,7208,2913,8,0.5664137601852417,0.0003,-0.7811896800994873,-1.9903738498687744,2912,0.3268711566925049,-15.515136210000001,150.0,0.0
58280,7208,2914,8,0.5990016460418701,0.0003,0.04984879493713379,-1.9923015832901,2913,0.6468779444694519,-15.515136210000001,150.0,0.0
58300,7208,2915,8,0.9041274785995483,0.0003,-0.46201056241989136,-2.0061001777648926,2914,0.2076333463191986,-15.515136210000001,150.0,0.0
58320,7208,2916,8,0.9140728712081909,0.0003,-0.31111329793930054,-2.056978225708008,2915,0.21376267075538635,-15.515136210000001,150.0,0.0
58340,7209,2917,8,0.9441423416137695,0.0003,-0.761351466178894,-2.0605647563934326,2916,0.21924488246440887,-15.515136210000001,150.0,0.0
58360,7209,2918,8,0.9704965949058533,0.0003,-0.26294025778770447,-2.0711770057678223,2917,0.07903921604156494,-15.515136210000001,150.0,0.0
58380,7209,2919,8,0.8294429779052734,0.0003,0.3604043424129486,-2.051684856414795,2918,0.3150118589401245,-15.515136210000001,150.0,0.0
58400,7209,2920,8,0.9645254015922546,0.0003,-0.0804939717054367,-2.0956993103027344,2919,0.10901053249835968,-15.515136210000001,150.0,0.0
58420,7209,2921,8,0.9590214490890503,0.0003,-0.2908671498298645,-2.0903971195220947,2920,0.14748525619506836,-15.515136210000001,150.0,0.0
58440,7209,2922,8,0.7894291281700134,0.0003,0.7153608202934265,-2.0958633422851562,2921,1.560746431350708,-15.515136210000001,150.0,0.0
58460,7210,2923,8,0.9880933165550232,0.0003,0.08566831052303314,-2.0936198234558105,2922,0.06534714996814728,-15.515136210000001,150.0,0.0
58480,7210,2924,8,0.9627425074577332,0.0003,0.3858449161052704,-2.1014323234558105,2923,0.2847647964954376,-15.515136210000001,150.0,0.0
58500,7210,2925,8,0.9668120741844177,0.0003,-0.4583130478858948,-2.1069705486297607,2924,0.21022507548332214,-15.515136210000001,150.0,0.0
58520,7210,2926,8,0.9855754375457764,0.0003,0.48617926239967346,-2.1328606605529785,2925,0.12209125608205795,-15.515136210000001,150.0,0.0
58540,7210,2927,8,0.8398967385292053,0.0003,1.4937666654586792,-2.0940139293670654,2926,1.6036126613616943,-15.515136210000001,150.0,0.0
58560,7211,2928,8,0.8298050761222839,0.0003,0.8389469385147095,-2.0849592685699463,2927,1.0207515954971313,-15.515136210000001,150.0,0.0
58580,7211,2929,8,0.9664040207862854,0.0003,0.47333279252052307,-2.095093011856079,2928,0.22682759165763855,-15.515136210000001,150.0,0.0
58600,7211,2930,8,0.9219246506690979,0.0003,0.6999441981315613,-2.0888781547546387,2929,0.48889827728271484,-15.515136210000001,150.0,0.0
58620,7211,2931,8,0.8136666417121887,0.0003,0.5241286158561707,-2.0904839038848877,2930,0.783490002155304,-15.515136210000001,150.0,0.0
58640,7211,2932,8,0.9886589646339417,0.0003,0.0878538191318512,-2.0768845081329346,2931,0.040988821536302567,-15.515136210000001,150.0,0.0
58660,7212,2933,8,0.9917067885398865,0.0003,-0.2453487366437912,-2.118354320526123,2932,0.035459090024232864,-15.515136210000001,150.0,0.0
58680,7212,2934,8,0.986052930355072,0.0003,-0.27277126908302307,-2.1292881965637207,2933,0.04487312585115433,-15.515136210000001,150.0,0.0
58700,7212,2935,8,0.9549268484115601,0.0003,-0.24930377304553986,-2.1087985038757324,2934,0.08305855095386505,-15.515136210000001,150.0,0.0
58720,7212,2936,8,0.5626398324966431,0.0003,0.4856007695198059,-2.096881866455078,2935,0.4518705904483795,-15.515136210000001,150.0,0.0
58740,7212,2937,8,0.9482909440994263,0.0003,-0.3664990961551666,-2.135026693344116,2936,0.059098709374666214,-15.515136210000001,150.0,0.0
58760,7213,2938,8,0.6704845428466797,0.0003,0.11928074061870575,-2.152709484100342,2937,0.36372658610343933,-15.515136210000001,150.0,0.0
58780,7212,2939,8,0.8905718922615051,0.0003,-0.38564127683639526,-2.1484813690185547,2938,0.06393362581729889,-15.515136210000001,150.0,0.0
58800,7210,2940,8,0.8882182836532593,0.0003,-0.2545543313026428,-2.1528420448303223,2939,0.03199344128370285,-15.58627614,150.0,0.0
58820,7210,2941,8,0.8563999533653259,0.0003,-0.2545093894004822,-2.151914358139038,2940,0.030448097735643387,-15.58627614,150.0,0.0
58840,7209,2942,8,0.9689080119132996,0.0003,-0.19162990152835846,-1.7288305759429932,2941,0.047261957079172134,-15.58627614,150.0,0.0
58860,7210,2943,8,0.8220856189727783,0.0003,-0.6897064447402954,-1.7781187295913696,2942,0.3187955617904663,-15.58627614,150.0,0.0
58880,7210,2944,8,0.7990988492965698,0.0003,-0.9328001737594604,-1.796926498413086,2943,0.405233770608902,-15.58627614,150.0,0.0
58900,7210,2945,8,0.7083211541175842,0.0003,-0.4512875974178314,-1.8395404815673828,2944,0.5067951083183289,-15.58627614,150.0,0.0
58920,7210,2946,8,0.891866147518158,0.0003,0.08477693051099777,-1.8716036081314087,2945,0.13373160362243652,-15.58627614,150.0,0.0
58940,7210,2947,8,0.643610954284668,0.0003,0.462106853723526,-1.9170608520507812,2946,0.37071675062179565,-15.58627614,150.0,0.0
58960,7210,2948,8,0.875112771987915,0.0003,-0.24070116877555847,-1.9288972616195679,2947,0.20203495025634766,-15.58627614,150.0,0.0
58980,7210,2949,8,0.9326531291007996,0.0003,-0.1896340548992157,-1.9502246379852295,2948,0.16155476868152618,-15.58627614,150.0,0.0
59000,7210,2950,8,0.9603760242462158,0.0003,-0.39582985639572144,-1.9452755451202393,2949,0.17115546762943268,-15.58627614,150.0,0.0
59020,7210,2951,8,0.9031603932380676,0.0003,0.23106960952281952,-2.011061191558838,2950,0.15683560073375702,-15.58627614,150.0,0.0
59040,7210,2952,8,0.9704752564430237,0.0003,-0.08884987980127335,-2.0552496910095215,2951,0.04918638616800308,-15.58627614,150.0,0.0
59060,7210,2953,8,0.797795832157135,0.0003,0.5067299604415894,-2.0311102867126465,2952,0.2576337158679962,-15.58627614,150.0,0.0
59080,7210,2954,8,0.16021770238876343,0.0003,0.8927585482597351,-1.9899368286132812,2953,1.0735431909561157,-15.58627614,150.0,0.0
59100,7211,2955,8,0.8524871468544006,0.0003,0.5800777673721313,-1.9882233142852783,2954,0.18412353098392487,-15.58627614,150.0,0.0
59120,7211,2956,8,0.9348571300506592,0.0003,-0.02120121754705906,-2.0183844566345215,2955,0.0785432979464531,-15.58627614,150.0,0.0
59140,7211,2957,8,0.8721493482589722,0.0003,-0.2318246066570282,-2.0564627647399902,2956,0.09828393906354904,-15.58627614,150.0,0.0
59160,7211,2958,8,-0.03396952152252197,0.0003,1.3145967721939087,-2.0436899662017822,2957,1.7899764776229858,-15.58627614,150.0,0.0
59180,7211,2959,8,0.8201267123222351,0.0003,-0.3204830288887024,-2.080265522003174,2958,0.09576860815286636,-15.58627614,150.0,0.0
59200,7212,2960,8,0.3063926100730896,0.0003,0.19912663102149963,-2.1222941875457764,2959,0.4017243981361389,-15.58627614,150.0,0.0
59220,7212,2961,8,0.7075477838516235,0.0003,-0.3072253167629242,-2.1281425952911377,2960,0.10479825735092163,-15.58627614,150.0,0.0
59240,7212,2962,8,0.6780608892440796,0.0003,-0.6586692929267883,-2.1469979286193848,2961,0.2044076919555664,-15.58627614,150.0,0.0
59260,7212,2963,8,0.33538514375686646,0.0003,-0.5282776951789856,-2.1594173908233643,2962,0.13084596395492554,-15.58627614,150.0,0.0
59280,7212,2964,8,0.24121695756912231,0.0003,-0.6348329782485962,-2.1595606803894043,2963,0.1662510186433792,-15.58627614,150.0,0.0
59300,7213,2965,8,0.29528266191482544,0.0003,-0.5303630828857422,-2.1455039978027344,2964,0.12210086733102798,-15.58627614,150.0,0.0
59320,7213,2966,8,0.3040783405303955,0.0003,-0.5294437408447266,-2.1387786865234375,2965,0.08126382529735565,-15.58627614,150.0,0.0
59340,7213,2967,8,0.10143613815307617,0.0003,-0.5915152430534363,-2.1428849697113037,2966,0.11195031553506851,-15.58627614,150.0,0.0
59360,7213,2968,8,-0.07644665241241455,0.0003,-0.2957243323326111,-2.133084774017334,2967,0.09341670572757721,-15.58627614,150.0,0.0
59380,7213,2969,8,-0.10808277130126953,0.0003,-0.3012436628341675,-2.137612819671631,2968,0.04068613052368164,-15.58627614,150.0,0.0
59400,7213,2970,8,0.00018900632858276367,0.0003,-0.16181062161922455,-2.145948648452759,2969,0.032442606985569,-16.09931165,150.0,0.0
59420,7213,2971,8,0.021091759204864502,0.0003,-0.04138542339205742,-2.1463115215301514,2970,0.024456018581986427,-16.09931165,150.0,0.0
59440,7213,2972,8,0.9765027165412903,0.0003,-0.3827676773071289,-1.6710056066513062,2971,0.11671099811792374,-16.09931165,150.0,0.0
59460,7214,2973,8,0.8695536255836487,0.0003,0.1203915923833847,-1.7010189294815063,2972,0.3240453898906708,-16.09931165,150.0,0.0
59480,7214,2974,8,0.9359762072563171,0.0003,0.053626883774995804,-1.7773040533065796,2973,0.24478399753570557,-16.09931165,150.0,0.0
59500,7214,2975,8,0.9798833131790161,0.0003,0.09489856660366058,-1.8633203506469727,2974,0.09500878304243088,-16.09931165,150.0,0.0
59520,7214,2976,8,0.9383364319801331,0.0003,0.5172918438911438,-1.8828003406524658,2975,0.3721432685852051,-16.09931165,150.0,0.0
59540,7214,2977,8,0.8954358100891113,0.0003,0.919035792350769,-1.897536039352417,2976,1.1971769332885742,-16.09931165,150.0,0.0
59560,7214,2978,8,0.962002158164978,0.0003,0.365875244140625,-1.9469293355941772,2977,0.2763475775718689,-16.09931165,150.0,0.0
59580,7215,2979,8,0.9700977802276611,0.0003,-0.19393718242645264,-1.982722520828247,2978,0.2762114405632019,-16.09931165,150.0,0.0
59600,7215,2980,8,0.9871306419372559,0.0003,0.3402954936027527,-2.00007963180542,2979,0.13723480701446533,-16.09931165,150.0,0.0
59620,7215,2981,8,0.9853764176368713,0.0003,-0.36072325706481934,-2.0408401489257812,2980,0.15599951148033142,-16.09931165,150.0,0.0
59640,7215,2982,8,0.9770427346229553,0.0003,0.7406370639801025,-2.065540075302124,2981,0.32152003049850464,-16.09931165,150.0,0.0
59660,7215,2983,8,0.9421372413635254,0.0003,0.04546082764863968,-1.967529058456421,2982,0.4643370509147644,-16.09931165,150.0,0.0
59680,7216,2984,8,0.930358350276947,0.0003,0.9254385232925415,-1.9289686679840088,2983,0.807847797870636,-16.09931165,150.0,0.0
59700,7216,2985,8,0.9895440340042114,0.0003,-0.5565185546875,-1.9759044647216797,2984,0.11438580602407455,-16.09931165,150.0,0.0
59720,7216,2986,8,0.8442100286483765,0.0003,-0.4013231694698334,-2.047802686691284,2985,0.4800497591495514,-16.09931165,150.0,0.0
59740,7216,2987,8,0.7464423179626465,0.0003,0.20942369103431702,-2.050037384033203,2986,0.4021230638027191,-16.09931165,150.0,0.0
59760,7216,2988,8,0.6318460702896118,0.0003,1.3465068340301514,-2.025642156600952,2987,2.7780067920684814,-16.09931165,150.0,0.0
59780,7217,2989,8,0.7739423513412476,0.0003,-0.6409706473350525,-2.0582034587860107,2988,0.4435805380344391,-16.09931165,150.0,0.0
59800,7217,2990,8,0.810570240020752,0.0003,-0.4252215325832367,-2.067282199859619,2989,0.23227731883525848,-16.09931165,150.0,0.0
59820,7217,2991,8,0.7672678232192993,0.0003,-0.48073023557662964,-2.0228214263916016,2990,0.1692696362733841,-16.09931165,150.0,0.0
59840,7217,2992,8,0.6919503211975098,0.0003,-0.17773406207561493,-2.041076421737671,2991,0.08651493489742279,-16.09931165,150.0,0.0
59860,7217,2993,8,0.5795882940292358,0.0003,-0.1678386926651001,-2.116454601287842,2992,0.054447829723358154,-16.09931165,150.0,0.0
59880,7217,2994,8,0.10526740550994873,0.0003,-0.12324883788824081,-2.085963010787964,2993,0.09457333385944366,-16.09931165,150.0,0.0
59900,7217,2995,8,-0.2727828025817871,0.0003,0.24663034081459045,-2.090552568435669,2994,0.5752755403518677,-16.09931165,150.0,0.0
59920,7217,2996,8,0.33928442001342773,0.0003,0.06126296520233154,-2.1029014587402344,2995,0.029344797134399414,-16.09931165,150.0,0.0
59940,7217,2997,8,-0.24237346649169922,0.0003,0.43327608704566956,-2.1108462810516357,2996,0.26473695039749146,-16.09931165,150.0,0.0
59960,7217,2998,8,0.5126771926879883,0.0003,-0.1549101620912552,-2.112053871154785,2997,0.018497224897146225,-16.09931165,150.0,0.0
59980,7217,2999,8,0.36148256063461304,0.0003,-0.00501482468098402,-2.125983476638794,2998,0.03680483624339104,-16.09931165,150.0,0.0
60000,7217,3000,8,0.3631121516227722,0.0003,0.09995605051517487,-2.1190404891967773,2999,0.030761931091547012,-16.287025,150.0,0.0
60020,7217,3001,8,0.008563220500946045,0.0003,0.3310915231704712,-2.120427370071411,3000,0.21500560641288757,-16.287025,150.0,0.0
60040,7217,3002,8,0.6420069932937622,0.0003,-0.4922107756137848,-1.73029363155365,3001,0.33708927035331726,-16.287025,150.0,0.0
60060,7218,3003,8,0.5663593411445618,0.0003,-0.3639776110649109,-1.7717056274414062,3002,0.18106701970100403,-16.287025,150.0,0.0
60080,7218,3004,8,0.5923362970352173,0.0003,-0.38710150122642517,-1.8073902130126953,3003,0.08655707538127899,-16.287025,150.0,0.0
60100,7218,3005,8,0.3566383719444275,0.0003,0.19746293127536774,-1.8084545135498047,3004,0.21481013298034668,-16.287025,150.0,0.0
60120,7218,3006,8,0.8661181926727295,0.0003,-0.36970821022987366,-1.8417365550994873,3005,0.08883871138095856,-16.287025,150.0,0.0
60140,7218,3007,8,0.9200564026832581,0.0003,-0.1903652846813202,-1.867911696434021,3006,0.038079969584941864,-16.287025,150.0,0.0
60160,7218,3008,8,0.49096542596817017,0.0003,0.1286333054304123,-1.9296045303344727,3007,0.42661795020103455,-16.287025,150.0,0.0
60180,7218,3009,8,0.8763335943222046,0.0003,-0.04640406370162964,-1.9814517498016357,3008,0.11156000941991806,-16.287025,150.0,0.0
60200,7218,3010,8,0.96192467212677,0.0003,0.2899940013885498,-1.967383623123169,3009,0.05355019494891167,-16.287025,150.0,0.0
60220,7219,3011,8,0.20233863592147827,0.0003,1.0095546245574951,-1.9731848239898682,3010,1.0462720394134521,-16.287025,150.0,0.0
60240,7219,3012,8,0.772426187992096,0.0003,0.41838473081588745,-2.021605968475342,3011,0.18342675268650055,-16.287025,150.0,0.0
60260,7218,3013,8,0.6029491424560547,0.0003,0.9009086489677429,-1.987764596939087,3012,0.692753255367279,-16.287025,150.0,0.0
60280,7219,3014,8,0.7549985647201538,0.0003,0.8191194534301758,-2.0385842323303223,3013,0.6128042936325073,-16.287025,150.0,0.0
60300,7219,3015,8,0.8712180852890015,0.0003,0.0932336151599884,-2.0811145305633545,3014,0.15877887606620789,-16.287025,150.0,0.0
60320,7219,3016,8,0.9914777874946594,0.0003,0.01190882921218872,-2.038565158843994,3015,0.00882219523191452,-16.287025,150.0,0.0
60340,7219,3017,8,0.16085755825042725,0.0003,0.8428341150283813,-2.0283095836639404,3016,0.8618977665901184,-16.287025,150.0,0.0
60360,7219,3018,8,0.42842936515808105,0.0003,1.544098138809204,-1.9983670711517334,3017,2.782207727432251,-16.287025,150.0,0.0
60380,7220,3019,8,0.48066145181655884,0.0003,1.1423627138137817,-2.0238442420959473,3018,1.806506872177124,-16.287025,150.0,0.0
60400,7220,3020,8,0.3507697582244873,0.0003,0.9588645696640015,-2.028550624847412,3019,0.9152007102966309,-16.287025,150.0,0.0
60420,7220,3021,8,0.6298346519470215,0.0003,0.16012248396873474,-2.0706191062927246,3020,0.3164723515510559,-16.287025,150.0,0.0
60440,7220,3022,8,0.027115225791931152,0.0003,0.3025911748409271,-2.060826539993286,3021,0.7418566346168518,-16.287025,150.0,0.0
60460,7220,3023,8,0.604875385761261,0.0003,-0.017005184665322304,-1.9859882593154907,3022,0.09289997816085815,-16.287025,150.0,0.0
60480,7220,3024,8,-0.5484237670898438,0.0003,0.5656225681304932,-1.9967762231826782,3023,0.4326629638671875,-16.287025,150.0,0.0
60500,7221,3025,8,0.7108128070831299,0.0003,-0.3475703001022339,-2.0110065937042236,3024,0.04640254005789757,-16.287025,150.0,0.0
60520,7221,3026,8,-0.38398540019989014,0.0003,0.021084319800138474,-2.0374069213867188,3025,0.03590916097164154,-16.287025,150.0,0.0
60540,7221,3027,8,0.12367475032806396,0.0003,-0.25798115134239197,-2.0114846229553223,3026,0.07791116088628769,-16.287025,150.0,0.0
60560,7221,3028,8,0.22185206413269043,0.0003,-0.29887962341308594,-2.0085530281066895,3027,0.06689589470624924,-16.287025,150.0,0.0
60580,7222,3029,8,0.24405193328857422,0.0003,0.19276052713394165,-2.0188682079315186,3028,0.05983225628733635,-16.287025,150.0,0.0
60600,7222,3030,8,0.1997968554496765,0.0003,-0.0049614072777330875,-2.06040620803833,3029,0.06821124255657196,-16.546399059999995,150.0,0.0
60620,7222,3031,8,0.18132072687149048,0.0003,-0.2299385815858841,-2.10652232170105,3030,0.07046790421009064,-16.546399059999995,150.0,0.0
60640,7222,3032,8,0.9483099579811096,0.0003,-0.05947497487068176,-1.6907249689102173,3031,0.06844624131917953,-16.546399059999995,150.0,0.0
60660,7222,3033,8,0.9793501496315002,0.0003,0.12893997132778168,-1.7802616357803345,3032,0.03728951886296272,-16.546399059999995,150.0,0.0
60680,7222,3034,8,0.9524503946304321,0.0003,0.0999222844839096,-1.776301622390747,3033,0.15878024697303772,-16.546399059999995,150.0,0.0
60700,7222,3035,8,0.9833519458770752,0.0003,0.10320820659399033,-1.822991967201233,3034,0.08867590129375458,-16.546399059999995,150.0,0.0
60720,7222,3036,8,0.940950334072113,0.0003,0.628179669380188,-1.8596470355987549,3035,0.5926998257637024,-16.546399059999995,150.0,0.0
60740,7222,3037,8,0.9885899424552917,0.0003,-0.03015184961259365,-1.891582727432251,3036,0.1400352418422699,-16.546399059999995,150.0,0.0
60760,7222,3038,8,0.9033046960830688,0.0003,1.0845483541488647,-1.945996880531311,3037,1.3938699960708618,-16.546399059999995,150.0,0.0
60780,7223,3039,8,0.9743434190750122,0.0003,-0.38315850496292114,-1.9695720672607422,3038,0.4311228394508362,-16.546399059999995,150.0,0.0
60800,7223,3040,8,0.9178258180618286,0.0003,1.6296179294586182,-1.9802230596542358,3039,1.9445441961288452,-16.546399059999995,150.0,0.0
60820,7223,3041,8,0.9683040380477905,0.0003,-0.19447526335716248,-1.9717891216278076,3040,0.8002745509147644,-16.546399059999995,150.0,0.0
60840,7223,3042,8,0.994623064994812,0.0003,-0.10764503479003906,-2.004958391189575,3041,0.17545226216316223,-16.546399059999995,150.0,0.0
60860,7223,3043,8,0.9878560304641724,0.0003,-0.10197027027606964,-1.9388723373413086,3042,0.49074214696884155,-16.546399059999995,150.0,0.0
60880,7223,3044,8,0.9992401003837585,0.0003,-0.6530839204788208,-2.0697054862976074,3043,0.13529400527477264,-16.546399059999995,150.0,0.0
60900,7223,3045,8,0.9430097937583923,0.0003,0.2711840271949768,-2.0951924324035645,3044,1.333559274673462,-16.546399059999995,150.0,0.0
60920,7223,3046,8,0.9924145340919495,0.0003,0.3408460021018982,-2.0511586666107178,3045,0.14814794063568115,-16.546399059999995,150.0,0.0
60940,7223,3047,8,0.9851703643798828,0.0003,0.349229097366333,-2.089509963989258,3046,0.23115947842597961,-16.546399059999995,150.0,0.0
60960,7223,3048,8,0.9841574430465698,0.0003,0.26485779881477356,-2.0899734497070312,3047,0.21199026703834534,-16.546399059999995,150.0,0.0
60980,7223,3049,8,0.9353485107421875,0.0003,0.4209567904472351,-2.1072375774383545,3048,0.554526150226593,-16.546399059999995,150.0,0.0
61000,7223,3050,8,0.9780948758125305,0.0003,0.21027866005897522,-2.035900115966797,3049,0.15728917717933655,-16.546399059999995,150.0,0.0
61020,7223,3051,8,0.9938451051712036,0.0003,-0.10856370627880096,-1.9970375299453735,3050,0.0338166169822216,-16.546399059999995,150.0,0.0
61040,7223,3052,8,0.9948728084564209,0.0003,-0.07643453776836395,-1.9937334060668945,3051,0.025380665436387062,-16.546399059999995,150.0,0.0
61060,7223,3053,8,0.9774861335754395,0.0003,-0.4570322036743164,-2.006742000579834,3052,0.13744989037513733,-16.546399059999995,150.0,0.0
61080,7223,3054,8,0.971076250076294,0.0003,-0.2248789519071579,-2.0367331504821777,3053,0.06481404602527618,-16.546399059999995,150.0,0.0
61100,7223,3055,8,0.971786618232727,0.0003,-0.36378344893455505,-2.072150707244873,3054,0.07059941440820694,-16.546399059999995,150.0,0.0
61120,7223,3056,8,0.9799035787582397,0.0003,-0.21134361624717712,-2.1104164123535156,3055,0.029760396108031273,-16.546399059999995,150.0,0.0
61140,7222,3057,8,0.9462098479270935,0.0003,-0.4156638979911804,-2.0732507705688477,3056,0.08575992286205292,-16.546399059999995,150.0,0.0
61160,7222,3058,8,0.911760687828064,0.0003,-0.22348737716674805,-2.0978920459747314,3057,0.05285193398594856,-16.546399059999995,150.0,0.0
61180,7222,3059,8,0.8707359433174133,0.0003,-0.35379481315612793,-2.1169686317443848,3058,0.05387324094772339,-16.546399059999995,150.0,0.0
61200,7222,3060,8,0.8594692349433899,0.0003,-0.3163342773914337,-2.1251161098480225,3059,0.041449807584285736,-16.77066908,150.0,0.0
61220,7221,3061,8,0.7194646596908569,0.0003,-0.10973559319972992,-2.1437809467315674,3060,0.03834354877471924,-16.77066908,150.0,0.0
61240,7221,3062,8,0.4236745238304138,0.0003,-0.36940574645996094,-1.7701610326766968,3061,0.46284347772598267,-16.77066908,150.0,0.0
61260,7221,3063,8,0.9369100332260132,0.0003,-0.29316985607147217,-1.8482685089111328,3062,0.06480687111616135,-16.77066908,150.0,0.0
61280,7221,3064,8,0.9017782211303711,0.0003,0.18340948224067688,-1.8876838684082031,3063,0.03521675989031792,-16.77066908,150.0,0.0
61300,7221,3065,8,0.7853544354438782,0.0003,-0.27666348218917847,-1.912848711013794,3064,0.11927839368581772,-16.77066908,150.0,0.0
61320,7220,3066,8,0.8946516513824463,0.0003,0.35241711139678955,-1.9067943096160889,3065,0.066921666264534,-16.77066908,150.0,0.0
61340,7220,3067,8,0.8686746954917908,0.0003,0.08367181569337845,-1.9315135478973389,3066,0.12753717601299286,-16.77066908,150.0,0.0
61360,7220,3068,8,0.82396399974823,0.0003,0.6061146855354309,-1.939733862876892,3067,0.41499003767967224,-16.77066908,150.0,0.0
61380,7220,3069,8,0.9562309384346008,0.0003,0.040247317403554916,-1.9252036809921265,3068,0.07052479684352875,-16.77066908,150.0,0.0
61400,7220,3070,8,0.9388070106506348,0.0003,0.29144734144210815,-1.9615625143051147,3069,0.13122901320457458,-16.77066908,150.0,0.0
61420,7220,3071,8,0.22381484508514404,0.0003,1.799086332321167,-1.9709832668304443,3070,1.6337019205093384,-16.77066908,150.0,0.0
61440,7220,3072,8,0.4623382091522217,0.0003,1.1050591468811035,-1.9742759466171265,3071,1.0031168460845947,-16.77066908,150.0,0.0
61460,7220,3073,8,0.8904847502708435,0.0003,0.3737391233444214,-2.023329973220825,3072,0.3137992322444916,-16.77066908,150.0,0.0
61480,7220,3074,8,0.30879127979278564,0.0003,1.0614087581634521,-2.0349292755126953,3073,1.4791405200958252,-16.77066908,150.0,0.0
61500,7220,3075,8,0.8168142437934875,0.0003,0.16969510912895203,-1.9971269369125366,3074,0.4334903359413147,-16.77066908,150.0,0.0
61520,7220,3076,8,0.958746075630188,0.0003,-0.14607453346252441,-2.05332350730896,3075,0.097246453166008,-16.77066908,150.0,0.0
61540,7220,3077,8,-0.384000301361084,0.0003,0.13319368660449982,-2.0177807807922363,3076,1.7071701288223267,-16.77066908,150.0,0.0
61560,7220,3078,8,0.8424584865570068,0.0003,-0.12049581855535507,-2.004551649093628,3077,0.08962930738925934,-16.77066908,150.0,0.0
61580,7220,3079,8,0.24367302656173706,0.0003,0.4981364607810974,-1.9721702337265015,3078,0.4753100275993347,-16.77066908,150.0,0.0
61600,7220,3080,8,0.5500437021255493,0.0003,-0.42979001998901367,-2.025641918182373,3079,0.13969570398330688,-16.77066908,150.0,0.0
61620,7220,3081,8,0.6350854635238647,0.0003,-0.027695661410689354,-2.032886028289795,3080,0.05409679934382439,-16.77066908,150.0,0.0
61640,7220,3082,8,0.7160971164703369,0.0003,-0.04432085156440735,-2.0254695415496826,3081,0.02554325759410858,-16.77066908,150.0,0.0
61660,7220,3083,8,0.6443275213241577,0.0003,0.40580788254737854,-2.037078857421875,3082,0.07324368506669998,-16.77066908,150.0,0.0
61680,7220,3084,8,0.6624282598495483,0.0003,0.2791953980922699,-2.0739388465881348,3083,0.06280022114515305,-16.77066908,150.0,0.0
61700,7220,3085,8,0.7207910418510437,0.0003,-0.050325263291597366,-2.090125322341919,3084,0.07195493578910828,-16.77066908,150.0,0.0
61720,7220,3086,8,0.8207317590713501,0.0003,0.10555665194988251,-2.086738348007202,3085,0.04437488690018654,-16.77066908,150.0,0.0
61740,7220,3087,8,0.8096089959144592,0.0003,-0.14684554934501648,-2.1160857677459717,3086,0.06547069549560547,-16.77066908,150.0,0.0
61760,7220,3088,8,0.8082993626594543,0.0003,-0.16143223643302917,-2.1275482177734375,3087,0.04668327420949936,-16.77066908,150.0,0.0
61780,7221,3089,8,0.669367790222168,0.0003,-0.08249813318252563,-2.0998122692108154,3088,0.12032447755336761,-16.77066908,150.0,0.0
61800,7221,3090,8,0.8772568106651306,0.0003,-0.09983376413583755,-2.086378812789917,3089,0.0332767628133297,-16.65570243,150.0,0.0
61820,7221,3091,8,0.8160446286201477,0.0003,0.015983697026968002,-2.1026203632354736,3090,0.05137094855308533,-16.65570243,150.0,0.0
61840,7221,3092,8,0.7900567054748535,0.0003,0.5458978414535522,-1.750943899154663,3091,0.292476087808609,-16.65570243,150.0,0.0
61860,7221,3093,8,0.9065628051757812,0.0003,-0.19068025052547455,-1.8110110759735107,3092,0.10825484991073608,-16.65570243,150.0,0.0
61880,7221,3094,8,0.4698386788368225,0.0003,-0.9371888041496277,-1.8401018381118774,3093,1.3733510971069336,-16.65570243,150.0,0.0
61900,7222,3095,8,0.9433943033218384,0.0003,-0.6691714525222778,-1.8845878839492798,3094,0.25026950240135193,-16.65570243,150.0,0.0
61920,7222,3096,8,0.8566139340400696,0.0003,-0.6965480446815491,-1.914820909500122,3095,0.24852094054222107,-16.65570243,150.0,0.0
61940,7222,3097,8,0.5257902145385742,0.0003,0.923449695110321,-1.9639537334442139,3096,0.4847091734409332,-16.65570243,150.0,0.0
61960,7222,3098,8,0.849878191947937,0.0003,0.7656037211418152,-1.9896166324615479,3097,0.29804787039756775,-16.65570243,150.0,0.0
61980,7222,3099,8,0.4792953133583069,0.0003,0.1706680953502655,-1.9821069240570068,3098,0.8923794031143188,-16.65570243,150.0,0.0
62000,7222,3100,8,0.005599856376647949,0.0003,1.5413875579833984,-1.9276206493377686,3099,1.6755669116973877,-16.65570243,150.0,0.0
62020,7222,3101,8,0.6617025136947632,0.0003,-0.1492525041103363,-2.009838581085205,3100,1.4353525638580322,-16.65570243,150.0,0.0
62040,7223,3102,8,0.9413213133811951,0.0003,-1.602304458618164,-2.01118803024292,3101,0.7137373685836792,-16.65570243,150.0,0.0
62060,7223,3103,8,0.9271776080131531,0.0003,-0.9750515222549438,-2.0668997764587402,3102,0.3755273222923279,-16.65570243,150.0,0.0
62080,7223,3104,8,0.9001113772392273,0.0003,-0.6242430210113525,-2.086182117462158,3103,0.2321784943342209,-16.65570243,150.0,0.0
62100,7223,3105,8,0.9399542808532715,0.0003,0.0632961168885231,-2.0656239986419678,3104,0.09423394501209259,-16.65570243,150.0,0.0
62120,7223,3106,8,0.8841560482978821,0.0003,-1.0007798671722412,-2.0653443336486816,3105,0.4303394854068756,-16.65570243,150.0,0.0
62140,7224,3107,8,0.892848551273346,0.0003,-0.6154853105545044,-2.125004768371582,3106,0.19367451965808868,-16.65570243,150.0,0.0
62160,7224,3108,8,0.7982191443443298,0.0003,-0.5256723761558533,-2.117607593536377,3107,0.1576882004737854,-16.65570243,150.0,0.0
62180,7224,3109,8,0.6461331844329834,0.0003,1.1009490489959717,-2.0696730613708496,3108,0.9170657396316528,-16.65570243,150.0,0.0
62200,7224,3110,8,0.2850680351257324,0.0003,0.2838459014892578,-2.073936939239502,3109,0.7299740314483643,-16.65570243,150.0,0.0
62220,7224,3111,8,0.6229704022407532,0.0003,0.4473288059234619,-2.0760254859924316,3110,0.4900604784488678,-16.65570243,150.0,0.0
62240,7224,3112,8,0.7114549875259399,0.0003,-0.5739454030990601,-2.1002514362335205,3111,0.1705997884273529,-16.65570243,150.0,0.0
62260,7224,3113,8,0.640153706073761,0.0003,0.3371536433696747,-2.125389575958252,3112,0.20032313466072083,-16.65570243,150.0,0.0
62280,7224,3114,8,0.9124369621276855,0.0003,-0.11200013011693954,-2.118746280670166,3113,0.013419747352600098,-16.65570243,150.0,0.0
62300,7225,3115,8,0.7361568212509155,0.0003,-0.024059364572167397,-2.1217942237854004,3114,0.03022931143641472,-16.65570243,150.0,0.0
62320,7225,3116,8,0.5618882775306702,0.0003,0.2473457306623459,-2.097429037094116,3115,0.1519293338060379,-16.65570243,150.0,0.0
62340,7225,3117,8,0.3093344569206238,0.0003,0.5339218974113464,-2.1078174114227295,3116,0.8156192898750305,-16.65570243,150.0,0.0
62360,7225,3118,8,0.3737436532974243,0.0003,0.35691386461257935,-2.1069693565368652,3117,0.6498867869377136,-16.65570243,150.0,0.0
62380,7225,3119,8,0.5163178443908691,0.0003,0.08974738419055939,-2.106914520263672,3118,0.3431655764579773,-16.65570243,150.0,0.0
62400,7225,3120,8,0.5807536840438843,0.0003,0.0806758850812912,-2.11930775642395,3119,0.30759888887405396,-16.85524038,150.0,0.0
62420,7225,3121,8,0.42795705795288086,0.0003,-0.6078566312789917,-2.0902040004730225,3120,0.16462156176567078,-16.85524038,150.0,0.0
62440,7226,3122,8,0.7366750240325928,0.0003,-0.5557214021682739,-1.733405351638794,3121,0.5104951858520508,-16.85524038,150.0,0.0
62460,7226,3123,8,0.9615612626075745,0.0003,0.11951477825641632,-1.7714412212371826,3122,0.07433563470840454,-16.85524038,150.0,0.0
62480,7226,3124,8,0.9360249638557434,0.0003,-0.5826852917671204,-1.7900739908218384,3123,0.2830033004283905,-16.85524038,150.0,0.0
62500,7226,3125,8,0.9724338054656982,0.0003,-0.13577453792095184,-1.7940714359283447,3124,0.08555540442466736,-16.85524038,150.0,0.0
62520,7227,3126,8,0.8465107083320618,0.0003,0.8247869610786438,-1.7603181600570679,3125,0.8950212597846985,-16.85524038,150.0,0.0
62540,7227,3127,8,0.933791995048523,0.0003,-0.027141492813825607,-1.8233020305633545,3126,0.2840571999549866,-16.85524038,150.0,0.0
62560,7227,3128,8,0.9837819933891296,0.0003,-0.11961908638477325,-1.8598798513412476,3127,0.1061270609498024,-16.85524038,150.0,0.0
62580,7227,3129,8,0.8736656308174133,0.0003,0.6169396638870239,-1.8304874897003174,3128,0.6991443634033203,-16.85524038,150.0,0.0
62600,7228,3130,8,0.985813319683075,0.0003,0.04177212342619896,-1.9008502960205078,3129,0.10299782454967499,-16.85524038,150.0,0.0
62620,7228,3131,8,0.9000564217567444,0.0003,0.786858320236206,-1.9565632343292236,3130,1.7195161581039429,-16.85524038,150.0,0.0
62640,7228,3132,8,0.9904274940490723,0.0003,0.09855718910694122,-1.9841972589492798,3131,0.1638907641172409,-16.85524038,150.0,0.0
62660,7228,3133,8,0.981988787651062,0.0003,-0.29165738821029663,-1.992339849472046,3132,0.40290364623069763,-16.85524038,150.0,0.0
62680,7228,3134,8,0.9927067756652832,0.0003,-0.5501912236213684,-2.0526795387268066,3133,0.21350128948688507,-16.85524038,150.0,0.0
62700,7229,3135,8,0.9943525791168213,0.0003,-0.6468683481216431,-2.086576223373413,3134,0.17309334874153137,-16.85524038,150.0,0.0
62720,7229,3136,8,0.9871236681938171,0.0003,0.2105383425951004,-2.109191417694092,3135,0.1649484634399414,-16.85524038,150.0,0.0
62740,7229,3137,8,0.9153621792793274,0.0003,1.3991845846176147,-2.079075336456299,3136,2.173069953918457,-16.85524038,150.0,0.0
62760,7229,3138,8,0.9849705696105957,0.0003,-0.7403276562690735,-2.106889247894287,3137,0.42612457275390625,-16.85524038,150.0,0.0
62780,7229,3139,8,0.9838458299636841,0.0003,-0.8304814100265503,-2.1209347248077393,3138,0.3881799280643463,-16.85524038,150.0,0.0
62800,7230,3140,8,0.9960769414901733,0.0003,-0.05433795601129532,-2.1300220489501953,3139,0.046249061822891235,-16.85524038,150.0,0.0
62820,7230,3141,8,0.9940370321273804,0.0003,-0.41849666833877563,-2.1156978607177734,3140,0.09076835215091705,-16.85524038,150.0,0.0
62840,7230,3142,8,0.9831387996673584,0.0003,-0.22590526938438416,-2.1193013191223145,3141,0.11021115630865097,-16.85524038,150.0,0.0
62860,7230,3143,8,0.9924003481864929,0.0003,0.5390194058418274,-2.113781452178955,3142,0.09867969900369644,-16.85524038,150.0,0.0
62880,7230,3144,8,0.993018627166748,0.0003,0.20682844519615173,-2.066269636154175,3143,0.03681948035955429,-16.85524038,150.0,0.0
62900,7231,3145,8,0.9528886079788208,0.0003,-0.022073958069086075,-2.084324598312378,3144,0.13401104509830475,-16.85524038,150.0,0.0
62920,7231,3146,8,0.9699687361717224,0.0003,0.21253427863121033,-2.130204200744629,3145,0.07710041105747223,-16.85524038,150.0,0.0
62940,7231,3147,8,0.9907103180885315,0.0003,0.10281900316476822,-2.1379404067993164,3146,0.0197543166577816,-16.85524038,150.0,0.0
62960,7231,3148,8,0.980192244052887,0.0003,0.058576203882694244,-2.1233153343200684,3147,0.033376824110746384,-16.85524038,150.0,0.0
62980,7231,3149,8,0.9894747734069824,0.0003,0.1731649935245514,-2.1218624114990234,3148,0.0228324793279171,-16.85524038,150.0,0.0
63000,7231,3150,8,0.9671552181243896,0.0003,-0.10003521293401718,-2.132368326187134,3149,0.04128342866897583,-16.567438349999996,150.0,0.0
63020,7232,3151,8,0.970649242401123,0.0003,0.008518988266587257,-2.120443105697632,3150,0.027178209275007248,-16.567438349999996,150.0,0.0
63040,7232,3152,8,0.04050177335739136,0.0003,-1.219626545906067,-1.8500959873199463,3151,1.1428922414779663,-16.567438349999996,150.0,0.0
63060,7232,3153,8,0.8634124994277954,0.0003,-1.036318063735962,-1.9110286235809326,3152,0.40084108710289,-16.567438349999996,150.0,0.0
63080,7232,3154,8,0.9138730764389038,0.0003,-0.3237306475639343,-1.9152288436889648,3153,0.12085773050785065,-16.567438349999996,150.0,0.0
63100,7232,3155,8,0.7237964868545532,0.0003,0.44550925493240356,-1.9701852798461914,3154,0.7133487462997437,-16.567438349999996,150.0,0.0
63120,7233,3156,8,0.9681029915809631,0.0003,-0.23960497975349426,-2.002199649810791,3155,0.11751270294189453,-16.567438349999996,150.0,0.0
63140,7233,3157,8,0.9533817172050476,0.0003,-0.403963565826416,-1.9876922369003296,3156,0.1826685220003128,-16.567438349999996,150.0,0.0
63160,7233,3158,8,0.9948974847793579,0.0003,0.17174497246742249,-2.006366014480591,3157,0.023856665939092636,-16.567438349999996,150.0,0.0
63180,7233,3159,8,0.9832675457000732,0.0003,0.051419686526060104,-2.0513246059417725,3158,0.06344094127416611,-16.567438349999996,150.0,0.0
63200,7233,3160,8,0.9904393553733826,0.0003,0.017900770530104637,-2.0317134857177734,3159,0.034684065729379654,-16.567438349999996,150.0,0.0
63220,7233,3161,8,0.9830108880996704,0.0003,-0.19786687195301056,-2.0410103797912598,3160,0.05300845950841904,-16.567438349999996,150.0,0.0
63240,7233,3162,8,0.5702652931213379,0.0003,1.0276798009872437,-2.0990586280822754,3161,0.9652396440505981,-16.567438349999996,150.0,0.0
63260,7233,3163,8,0.9952622056007385,0.0003,-0.04769499599933624,-2.133303165435791,3162,0.010518688708543777,-16.567438349999996,150.0,0.0
63280,7233,3164,8,0.6906926035881042,0.0003,0.5750957727432251,-2.1465671062469482,3163,0.5000091195106506,-16.567438349999996,150.0,0.0
63300,7233,3165,8,0.9533619284629822,0.0003,0.1704990565776825,-2.1282286643981934,3164,0.1106037124991417,-16.567438349999996,150.0,0.0
63320,7233,3166,8,0.9856308698654175,0.0003,-0.1997378170490265,-2.131148099899292,3165,0.036921076476573944,-16.567438349999996,150.0,0.0
63340,7233,3167,8,0.9755145907402039,0.0003,0.12336699664592743,-2.1511623859405518,3166,0.054362643510103226,-16.567438349999996,150.0,0.0
63360,7234,3168,8,0.981945812702179,0.0003,-0.15279242396354675,-2.154819965362549,3167,0.0419885627925396,-16.567438349999996,150.0,0.0
63380,7234,3169,8,0.9714293479919434,0.0003,-0.23975670337677002,-2.1490015983581543,3168,0.054473645985126495,-16.567438349999996,150.0,0.0
63400,7234,3170,8,0.8623355627059937,0.0003,0.02291845716536045,-2.1500084400177,3169,0.1259191930294037,-16.567438349999996,150.0,0.0
63420,7234,3171,8,0.7298561930656433,0.0003,0.6665358543395996,-2.148737907409668,3170,0.26778119802474976,-16.567438349999996,150.0,0.0
63440,7234,3172,8,0.018253564834594727,0.0003,1.0893851518630981,-2.138793468475342,3171,2.3782896995544434,-16.567438349999996,150.0,0.0
63460,7235,3173,8,0.8978277444839478,0.0003,0.11053808778524399,-2.1367785930633545,3172,0.02966236136853695,-16.567438349999996,150.0,0.0
63480,7235,3174,8,-0.13956224918365479,0.0003,0.8111330270767212,-2.120438814163208,3173,0.9021729230880737,-16.567438349999996,150.0,0.0
63500,7235,3175,8,0.11518073081970215,0.0003,-0.09168031811714172,-2.1348421573638916,3174,0.07395821064710617,-16.567438349999996,150.0,0.0
63520,7235,3176,8,-0.11941313743591309,0.0003,0.7235468029975891,-2.123319149017334,3175,1.3466403484344482,-16.567438349999996,150.0,0.0
63540,7235,3177,8,-0.05087149143218994,0.0003,1.3972188234329224,-2.126477003097534,3176,2.0464298725128174,-16.567438349999996,150.0,0.0
63560,7235,3178,8,-1.571805715560913,0.0003,0.1869346648454666,-2.1376888751983643,3177,0.109410360455513,-16.567438349999996,150.0,0.0
63580,7236,3179,8,-0.17898952960968018,0.0003,0.7276806235313416,-2.136192798614502,3178,0.4567628502845764,-16.567438349999996,150.0,0.0
63600,7236,3180,8,-0.45433366298675537,0.0003,0.19353803992271423,-2.12656831741333,3179,0.03111225739121437,-16.751439249999997,150.0,0.0
63620,7236,3181,8,-0.3462315797805786,0.0003,0.23369786143302917,-2.1253457069396973,3180,0.07862178981304169,-16.751439249999997,150.0,0.0
63640,7236,3182,8,0.8814199566841125,0.0003,0.13027794659137726,-1.8990339040756226,3181,0.04880204051733017,-16.751439249999997,150.0,0.0
63660,7235,3183,8,0.9595124125480652,0.0003,-0.05686108395457268,-1.977616310119629,3182,0.04454333335161209,-16.751439249999997,150.0,0.0
63680,7235,3184,8,0.9056695103645325,0.0003,0.12958458065986633,-2.0382933616638184,3183,0.16587235033512115,-16.751439249999997,150.0,0.0
63700,7236,3185,8,0.9733303785324097,0.0003,-0.07110176980495453,-2.063828945159912,3184,0.07032281160354614,-16.751439249999997,150.0,0.0
63720,7236,3186,8,0.6658897995948792,0.0003,0.6143120527267456,-2.0376439094543457,3185,0.9824314117431641,-16.751439249999997,150.0,0.0
63740,7236,3187,8,0.9771624207496643,0.0003,0.33255070447921753,-2.0659310817718506,3186,0.09106101095676422,-16.751439249999997,150.0,0.0
63760,7236,3188,8,0.98349529504776,0.0003,0.3531064987182617,-2.0851359367370605,3187,0.08237359672784805,-16.751439249999997,150.0,0.0
63780,7237,3189,8,0.9444564580917358,0.0003,0.8557987213134766,-2.1050446033477783,3188,0.39676499366760254,-16.751439249999997,150.0,0.0
63800,7237,3190,8,0.9833021759986877,0.0003,0.43863019347190857,-2.127110719680786,3189,0.118268683552742,-16.751439249999997,150.0,0.0
63820,7237,3191,8,0.961977481842041,0.0003,0.2625763416290283,-2.1165924072265625,3190,0.3394426703453064,-16.751439249999997,150.0,0.0
63840,7237,3192,8,0.8775678277015686,0.0003,0.34406232833862305,-2.107203960418701,3191,0.7610257267951965,-16.751439249999997,150.0,0.0
63860,7237,3193,8,-0.15436959266662598,0.0003,1.560640573501587,-2.022411823272705,3192,5.82137393951416,-16.751439249999997,150.0,0.0
63880,7237,3194,8,0.65431809425354,0.0003,0.4616176187992096,-2.134281635284424,3193,0.9218724370002747,-16.751439249999997,150.0,0.0
63900,7237,3195,8,0.8959602117538452,0.0003,0.0013502001529559493,-2.1521189212799072,3194,0.612307608127594,-16.751439249999997,150.0,0.0
63920,7237,3196,8,0.9614623785018921,0.0003,-1.186248540878296,-2.122040271759033,3195,0.5986794233322144,-16.751439249999997,150.0,0.0
63940,7238,3197,8,0.9844782948493958,0.0003,-0.9038195610046387,-2.093729019165039,3196,0.2754649817943573,-16.751439249999997,150.0,0.0
63960,7238,3198,8,0.9879605174064636,0.0003,-0.019142400473356247,-2.0963635444641113,3197,0.05273212119936943,-16.751439249999997,150.0,0.0
63980,7238,3199,8,0.8385911583900452,0.0003,-0.16643793880939484,-2.127253293991089,3198,0.4822998046875,-16.751439249999997,150.0,0.0
64000,7238,3200,8,0.9728620648384094,0.0003,-0.08108744025230408,-2.1353893280029297,3199,0.07461322098970413,-16.751439249999997,150.0,0.0
64020,7239,3201,8,0.9429149031639099,0.0003,-0.15772591531276703,-2.1154580116271973,3200,0.2913551926612854,-16.751439249999997,150.0,0.0
64040,7239,3202,8,0.9862001538276672,0.0003,-0.5235939025878906,-2.0926032066345215,3201,0.12881246209144592,-16.751439249999997,150.0,0.0
64060,7239,3203,8,0.9236187934875488,0.0003,-0.31862857937812805,-2.1062252521514893,3202,0.19776439666748047,-16.751439249999997,150.0,0.0
64080,7239,3204,8,0.9921330809593201,0.0003,-0.03862318396568298,-2.1345901489257812,3203,0.01261889934539795,-16.751439249999997,150.0,0.0
64100,7239,3205,8,0.95196932554245,0.0003,-0.12274418026208878,-2.1300129890441895,3204,0.06452421098947525,-16.751439249999997,150.0,0.0
64120,7239,3206,8,0.9502196311950684,0.0003,-0.06474490463733673,-2.117493152618408,3205,0.04264874756336212,-16.751439249999997,150.0,0.0
64140,7240,3207,8,0.4422202706336975,0.0003,0.5904238820075989,-2.11395525932312,3206,0.3316919207572937,-16.751439249999997,150.0,0.0
64160,7240,3208,8,0.960904598236084,0.0003,0.04833457991480827,-2.114168167114258,3207,0.0257523562759161,-16.751439249999997,150.0,0.0
64180,7240,3209,8,0.8212850093841553,0.0003,0.4554266035556793,-2.107461452484131,3208,0.1413547694683075,-16.751439249999997,150.0,0.0
64200,7240,3210,8,0.935695469379425,0.0003,0.15465936064720154,-2.1287922859191895,3209,0.03523162007331848,-16.77081508,150.0,0.0
64220,7240,3211,8,0.023548543453216553,0.0003,0.5913165807723999,-2.128497838973999,3210,0.6977266669273376,-16.77081508,150.0,0.0
64240,7240,3212,8,0.7575063109397888,0.0003,-0.3285163938999176,-1.8083118200302124,3211,0.23270520567893982,-16.77081508,150.0,0.0
64260,7240,3213,8,0.8986257910728455,0.0003,-0.0517270565032959,-1.8623583316802979,3212,0.16757647693157196,-16.77081508,150.0,0.0
64280,7240,3214,8,0.6042896509170532,0.0003,-1.4899187088012695,-1.8632904291152954,3213,1.078283667564392,-16.77081508,150.0,0.0
64300,7240,3215,8,0.8399174213409424,0.0003,-0.8512980341911316,-1.875775694847107,3214,0.46469879150390625,-16.77081508,150.0,0.0
64320,7240,3216,8,0.821911096572876,0.0003,-0.1976863592863083,-1.952408790588379,3215,0.2446974217891693,-16.77081508,150.0,0.0
64340,7239,3217,8,0.9399980306625366,0.0003,-0.30315032601356506,-2.0325992107391357,3216,0.09738712757825851,-16.77081508,150.0,0.0
64360,7240,3218,8,0.9775047898292542,0.0003,0.062810517847538,-2.0487618446350098,3217,0.024525776505470276,-16.77081508,150.0,0.0
64380,7240,3219,8,0.936031699180603,0.0003,-0.08686613291501999,-2.08369779586792,3218,0.06054868549108505,-16.77081508,150.0,0.0
64400,7240,3220,8,0.9267398715019226,0.0003,0.33153027296066284,-2.1184539794921875,3219,0.08941103518009186,-16.77081508,150.0,0.0
64420,7240,3221,8,0.9676090478897095,0.0003,0.27407196164131165,-2.1371352672576904,3220,0.05508584529161453,-16.77081508,150.0,0.0
64440,7240,3222,8,0.6293866634368896,0.0003,1.0388681888580322,-2.112917423248291,3221,1.820919394493103,-16.77081508,150.0,0.0
64460,7241,3223,8,0.7498626112937927,0.0003,1.423029899597168,-2.0924172401428223,3222,3.7416515350341797,-16.77081508,150.0,0.0
64480,7241,3224,8,0.9596734046936035,0.0003,0.5229702591896057,-2.135958433151245,3223,0.34580904245376587,-16.77081508,150.0,0.0
64500,7241,3225,8,0.8801037073135376,0.0003,-0.005549442954361439,-2.107815980911255,3224,0.5819726586341858,-16.77081508,150.0,0.0
64520,7241,3226,8,0.8435159921646118,0.0003,1.302823781967163,-2.148427963256836,3225,2.100720167160034,-16.77081508,150.0,0.0
64540,7241,3227,8,0.9760762453079224,0.0003,-0.8428551554679871,-2.1536967754364014,3226,0.27264708280563354,-16.77081508,150.0,0.0
64560,7241,3228,8,0.9917579889297485,0.0003,0.07629916816949844,-2.1527342796325684,3227,0.038235269486904144,-16.77081508,150.0,0.0
64580,7242,3229,8,0.8573556542396545,0.0003,0.6844154596328735,-2.1438541412353516,3228,0.6726590991020203,-16.77081508,150.0,0.0
64600,7242,3230,8,0.3625117540359497,0.0003,1.6424152851104736,-2.1372179985046387,3229,2.7545909881591797,-16.77081508,150.0,0.0
64620,7242,3231,8,0.8621008992195129,0.0003,0.2779315412044525,-2.157808780670166,3230,0.24981752038002014,-16.77081508,150.0,0.0
64640,7242,3232,8,0.8210458159446716,0.0003,0.09930790960788727,-2.1529757976531982,3231,0.3185212016105652,-16.77081508,150.0,0.0
64660,7241,3233,8,-0.29865431785583496,0.0003,0.8385942578315735,-2.0982911586761475,3232,0.950212299823761,-16.77081508,150.0,0.0
64680,7241,3234,8,0.8208640813827515,0.0003,-0.5133669972419739,-2.0772836208343506,3233,0.21955201029777527,-16.77081508,150.0,0.0
64700,7241,3235,8,0.19772809743881226,0.0003,0.6655246019363403,-2.147224187850952,3234,0.33213257789611816,-16.77081508,150.0,0.0
64720,7242,3236,8,0.8702054619789124,0.0003,-0.40162697434425354,-2.145768642425537,3235,0.07287310063838959,-16.77081508,150.0,0.0
64740,7242,3237,8,0.1685236692428589,0.0003,0.3187713027000427,-2.130070924758911,3236,0.19172325730323792,-16.77081508,150.0,0.0
64760,7242,3238,8,0.3175494074821472,0.0003,-0.4654392600059509,-2.1353821754455566,3237,0.10298961400985718,-16.77081508,150.0,0.0
64780,7242,3239,8,0.6446530222892761,0.0003,-0.30413132905960083,-2.113638162612915,3238,0.04797280579805374,-16.77081508,150.0,0.0
64800,7242,3240,8,-0.6186106204986572,0.0003,0.43778786063194275,-2.107316255569458,3239,0.34176918864250183,-16.46227649,150.0,0.0
64820,7242,3241,8,-1.0159814357757568,0.0003,-0.24001550674438477,-2.094099283218384,3240,0.05417649820446968,-16.46227649,150.0,0.0
64840,7242,3242,8,0.8950343132019043,0.0003,-0.45852136611938477,-1.756302833557129,3241,0.16988395154476166,-16.46227649,150.0,0.0
64860,7242,3243,8,0.9040544629096985,0.0003,-0.3075767457485199,-1.7900489568710327,3242,0.23675625026226044,-16.46227649,150.0,0.0
64880,7242,3244,8,0.9638574123382568,0.0003,-0.49528223276138306,-1.8331108093261719,3243,0.18585647642612457,-16.46227649,150.0,0.0
64900,7242,3245,8,0.9768728017807007,0.0003,-0.11311062425374985,-1.849399209022522,3244,0.08750202506780624,-16.46227649,150.0,0.0
64920,7242,3246,8,0.9852144122123718,0.0003,0.1586739867925644,-1.8812061548233032,3245,0.05550961568951607,-16.46227649,150.0,0.0
64940,7242,3247,8,0.9879110455513,0.0003,0.21707060933113098,-1.9250215291976929,3246,0.06349663436412811,-16.46227649,150.0,0.0
64960,7242,3248,8,0.9144204258918762,0.0003,0.6730043292045593,-1.9715368747711182,3247,0.6136382222175598,-16.46227649,150.0,0.0
64980,7242,3249,8,-1.1153895854949951,0.0003,1.1249263286590576,-1.914497971534729,3248,5.469320297241211,-16.46227649,150.0,0.0
65000,7243,3250,8,-0.44268345832824707,0.0003,1.2933177947998047,-1.9238361120224,3249,5.243826866149902,-16.46227649,150.0,0.0
65020,7243,3251,8,0.6065971851348877,0.0003,1.067008376121521,-1.9743515253067017,3250,0.9571391344070435,-16.46227649,150.0,0.0
65040,7243,3252,8,0.8645521998405457,0.0003,-0.05653012916445732,-1.9999414682388306,3251,0.47834691405296326,-16.46227649,150.0,0.0
65060,7243,3253,8,0.7683800458908081,0.0003,0.8723882436752319,-2.0093932151794434,3252,0.7666277885437012,-16.46227649,150.0,0.0
65080,7243,3254,8,0.6700457334518433,0.0003,1.6701099872589111,-1.9889304637908936,3253,2.2821054458618164,-16.46227649,150.0,0.0
65100,7243,3255,8,0.9547318816184998,0.0003,0.0008660554885864258,-2.0272586345672607,3254,0.32053929567337036,-16.46227649,150.0,0.0
65120,7243,3256,8,0.9807712435722351,0.0003,-0.646841824054718,-2.053257465362549,3255,0.2192552089691162,-16.46227649,150.0,0.0
65140,7244,3257,8,0.9836468696594238,0.0003,-0.540610134601593,-2.1095986366271973,3256,0.10895834118127823,-16.46227649,150.0,0.0
65160,7244,3258,8,0.9917661547660828,0.0003,-0.39110881090164185,-2.11293888092041,3257,0.05451606959104538,-16.46227649,150.0,0.0
65180,7244,3259,8,0.9719477891921997,0.0003,-0.3136751055717468,-2.1045289039611816,3258,0.10105586051940918,-16.46227649,150.0,0.0
65200,7244,3260,8,0.9826365113258362,0.0003,0.04054713249206543,-2.0659210681915283,3259,0.04706264287233353,-16.46227649,150.0,0.0
65220,7244,3261,9,0.9850670099258423,0.0003,-0.38001975417137146,-2.0990610122680664,3260,0.06432859599590302,-16.46227649,150.0,0.0
65240,7244,3262,9,0.9833900928497314,0.0003,-0.08244885504245758,-2.088649272918701,3261,0.04065614938735962,-16.46227649,150.0,0.0
65260,7245,3263,9,0.97660893201828,0.0003,0.20631659030914307,-2.107896327972412,3262,0.0636162981390953,-16.46227649,150.0,0.0
65280,7245,3264,9,0.9720025062561035,0.0003,-0.282997727394104,-2.1089611053466797,3263,0.0983833521604538,-16.46227649,150.0,0.0
65300,7245,3265,9,0.9916388392448425,0.0003,-0.23080137372016907,-2.10479474067688,3264,0.03687557578086853,-16.46227649,150.0,0.0
65320,7245,3266,9,0.9808871150016785,0.0003,0.014778261072933674,-2.120204448699951,3265,0.06277754157781601,-16.46227649,150.0,0.0
65340,7245,3267,9,0.9799261093139648,0.0003,-0.3099123239517212,-2.1189684867858887,3266,0.07988055050373077,-16.46227649,150.0,0.0
65360,7245,3268,9,0.9735729098320007,0.0003,-0.1204432025551796,-2.112539768218994,3267,0.09277558326721191,-16.46227649,150.0,0.0
65380,7246,3269,9,0.9857484102249146,0.0003,-0.2568221688270569,-2.1226325035095215,3268,0.061932824552059174,-16.46227649,150.0,0.0
65400,7246,3270,9,0.9960448741912842,0.0003,-0.37034788727760315,-2.122131824493408,3269,0.041672125458717346,-16.20505693,150.0,0.0
65420,7246,3271,9,0.995941698551178,0.0003,-0.12850654125213623,-2.122941255569458,3270,0.01161223091185093,-16.20505693,150.0,0.0
65440,7246,3272,9,0.9512901306152344,0.0003,-0.5347925424575806,-1.9117090702056885,3271,0.0964939072728157,-16.20505693,150.0,0.0
65460,7246,3273,9,0.8600983023643494,0.0003,0.3716200292110443,-1.9694045782089233,3272,0.1318298578262329,-16.20505693,150.0,0.0
65480,7246,3274,9,0.7946369051933289,0.0003,0.3025782108306885,-1.9804264307022095,3273,0.8003860712051392,-16.20505693,150.0,0.0
65500,7246,3275,9,0.970729649066925,0.0003,-0.07109978795051575,-1.999203085899353,3274,0.18035177886486053,-16.20505693,150.0,0.0
65520,7246,3276,9,0.9816412925720215,0.0003,-0.21397674083709717,-1.9644978046417236,3275,0.18931350111961365,-16.20505693,150.0,0.0
65540,7247,3277,9,0.9913222193717957,0.0003,-0.18564394116401672,-2.012077569961548,3276,0.09199588745832443,-16.20505693,150.0,0.0
65560,7247,3278,9,0.7652295231819153,0.0003,2.108577251434326,-2.0217201709747314,3277,4.336633205413818,-16.20505693,150.0,0.0
65580,7247,3279,9,0.9793193936347961,0.0003,0.3095285892486572,-2.05831241607666,3278,0.38614988327026367,-16.20505693,150.0,0.0
65600,7247,3280,9,0.9818251729011536,0.0003,-0.38648268580436707,-2.065255641937256,3279,0.40252137184143066,-16.20505693,150.0,0.0
65620,7247,3281,9,0.9802147150039673,0.0003,0.008712721057236195,-2.0796191692352295,3280,0.35221067070961,-16.20505693,150.0,0.0
65640,7247,3282,9,0.9170739650726318,0.0003,1.0706647634506226,-2.0950210094451904,3281,1.9828869104385376,-16.20505693,150.0,0.0
65660,7247,3283,9,0.9681562185287476,0.0003,-0.23929277062416077,-2.082085609436035,3282,0.44275322556495667,-16.20505693,150.0,0.0
65680,7247,3284,9,0.9905484914779663,0.0003,0.018245423212647438,-2.1141345500946045,3283,0.12880206108093262,-16.20505693,150.0,0.0
65700,7247,3285,9,0.9832388162612915,0.0003,-0.5369753241539001,-2.1213784217834473,3284,0.2741747498512268,-16.20505693,150.0,0.0
65720,7247,3286,9,0.6821812391281128,0.0003,0.9652719497680664,-2.086005449295044,3285,2.702693462371826,-16.20505693,150.0,0.0
65740,7248,3287,9,0.2009660005569458,0.0003,0.8946685791015625,-2.086005687713623,3286,2.4933507442474365,-16.20505693,150.0,0.0
65760,7248,3288,9,0.6762849688529968,0.0003,1.017737627029419,-2.0582027435302734,3287,1.5838119983673096,-16.20505693,150.0,0.0
65780,7248,3289,9,0.9465619921684265,0.0003,-0.23197951912879944,-2.0962092876434326,3288,0.25610285997390747,-16.20505693,150.0,0.0
65800,7248,3290,9,0.9814662337303162,0.0003,-0.4187454581260681,-2.1130433082580566,3289,0.11688308417797089,-16.20505693,150.0,0.0
65820,7248,3291,9,0.9592629671096802,0.0003,-0.6832300424575806,-2.0965123176574707,3290,0.26877129077911377,-16.20505693,150.0,0.0
65840,7248,3292,9,0.7795483469963074,0.0003,1.2415162324905396,-2.075342893600464,3291,4.011843204498291,-16.20505693,150.0,0.0
65860,7248,3293,9,0.992255449295044,0.0003,-0.12135128676891327,-2.0595996379852295,3292,0.0900130420923233,-16.20505693,150.0,0.0
65880,7248,3294,9,0.9673860669136047,0.0003,-0.554400622844696,-2.0899665355682373,3293,0.35953259468078613,-16.20505693,150.0,0.0
65900,7248,3295,9,0.963394820690155,0.0003,-0.563848614692688,-2.0820775032043457,3294,0.2733364701271057,-16.20505693,150.0,0.0
65920,7248,3296,9,0.9757311940193176,0.0003,-0.1460445374250412,-2.105833053588867,3295,0.1073518618941307,-16.20505693,150.0,0.0
65940,7248,3297,9,0.8808125853538513,0.0003,-0.41701850295066833,-2.061404228210449,3296,0.34310105443000793,-16.20505693,150.0,0.0
65960,7249,3298,9,0.9558365345001221,0.0003,-0.12873871624469757,-2.0877373218536377,3297,0.0812506377696991,-16.20505693,150.0,0.0
65980,7249,3299,9,0.41613537073135376,0.0003,1.267986536026001,-2.1084325313568115,3298,1.705322504043579,-16.20505693,150.0,0.0
66000,7249,3300,9,0.8051872849464417,0.0003,0.3024502992630005,-2.115908145904541,3299,0.2787856161594391,-15.893995750000002,150.0,0.0
66020,7249,3301,9,0.9787541031837463,0.0003,-0.07924208045005798,-2.113231658935547,3300,0.02071455679833889,-15.893995750000002,150.0,0.0
66040,7249,3302,9,0.5461854934692383,0.0003,-0.5167524814605713,-1.8715416193008423,3301,0.3653044104576111,-15.893995750000002,150.0,0.0
66060,7249,3303,9,0.7401902675628662,0.0003,0.6768718957901001,-1.8940684795379639,3302,0.839699923992157,-15.893995750000002,150.0,0.0
66080,7249,3304,9,0.918362021446228,0.0003,-0.259566068649292,-1.9675178527832031,3303,0.25659066438674927,-15.893995750000002,150.0,0.0
66100,7250,3305,9,0.9517427086830139,0.0003,-0.4724147915840149,-1.9939426183700562,3304,0.15024921298027039,-15.893995750000002,150.0,0.0
66120,7250,3306,9,0.7355314493179321,0.0003,-0.6671038866043091,-2.0167675018310547,3305,0.6298440098762512,-15.893995750000002,150.0,0.0
66140,7250,3307,9,0.9293249249458313,0.0003,-0.17866262793540955,-2.063188076019287,3306,0.1367449313402176,-15.893995750000002,150.0,0.0
66160,7250,3308,9,0.9556497931480408,0.0003,-0.22578266263008118,-2.0838561058044434,3307,0.06632841378450394,-15.893995750000002,150.0,0.0
66180,7250,3309,9,0.8431369066238403,0.0003,0.617927074432373,-2.114586591720581,3308,0.27949848771095276,-15.893995750000002,150.0,0.0
66200,7251,3310,9,0.8598553538322449,0.0003,0.5564702153205872,-2.073421001434326,3309,0.6380520462989807,-15.893995750000002,150.0,0.0
66220,7251,3311,9,0.9722929000854492,0.0003,0.02815185859799385,-2.1327719688415527,3310,0.08399024605751038,-15.893995750000002,150.0,0.0
66240,7251,3312,9,0.910797119140625,0.0003,0.8345940709114075,-2.1078310012817383,3311,0.6942563056945801,-15.893995750000002,150.0,0.0
66260,7251,3313,9,0.39618980884552,0.0003,1.190720558166504,-2.057023048400879,3312,2.6449432373046875,-15.893995750000002,150.0,0.0
66280,7251,3314,9,0.8927619457244873,0.0003,1.0798641443252563,-2.0849592685699463,3313,0.6494826078414917,-15.893995750000002,150.0,0.0
66300,7251,3315,9,0.946148693561554,0.0003,-0.09312087297439575,-2.1000983715057373,3314,0.263912171125412,-15.893995750000002,150.0,0.0
66320,7251,3316,9,0.026185035705566406,0.0003,0.6038039922714233,-2.0586516857147217,3315,1.473609209060669,-15.893995750000002,150.0,0.0
66340,7252,3317,9,0.630281925201416,0.0003,-0.19802820682525635,-2.106743335723877,3316,0.2789043188095093,-15.893995750000002,150.0,0.0
66360,7252,3318,9,0.6219632029533386,0.0003,-0.22051498293876648,-2.1323583126068115,3317,0.26237720251083374,-15.893995750000002,150.0,0.0
66380,7252,3319,9,0.7868176698684692,0.0003,-0.4327210485935211,-2.0685744285583496,3318,0.21928992867469788,-15.893995750000002,150.0,0.0
66400,7252,3320,9,0.693987250328064,0.0003,-0.13785359263420105,-2.0850586891174316,3319,0.23150667548179626,-15.893995750000002,150.0,0.0
66420,7252,3321,9,0.7952715754508972,0.0003,0.06407009810209274,-2.1152520179748535,3320,0.18130186200141907,-15.893995750000002,150.0,0.0
66440,7253,3322,9,0.8702206611633301,0.0003,-0.19795344769954681,-2.0506083965301514,3321,0.10193047672510147,-15.893995750000002,150.0,0.0
66460,7253,3323,9,0.8950168490409851,0.0003,-0.2775954306125641,-2.06508207321167,3322,0.07574795186519623,-15.893995750000002,150.0,0.0
66480,7253,3324,9,0.8224201202392578,0.0003,-0.062245868146419525,-2.050541639328003,3323,0.09473662823438644,-15.893995750000002,150.0,0.0
66500,7253,3325,9,0.7975125908851624,0.0003,-0.3327715992927551,-2.0266175270080566,3324,0.20450720191001892,-15.893995750000002,150.0,0.0
66520,7253,3326,9,0.8652129173278809,0.0003,-0.6654260158538818,-2.046935558319092,3325,0.18581523001194,-15.893995750000002,150.0,0.0
66540,7254,3327,9,0.8597148060798645,0.0003,-0.425581157207489,-2.0566024780273438,3326,0.12720195949077606,-15.893995750000002,150.0,0.0
66560,7254,3328,9,0.9106705784797668,0.0003,-0.3396691679954529,-2.084617853164673,3327,0.0680752843618393,-15.893995750000002,150.0,0.0
66580,7254,3329,9,0.8941908478736877,0.0003,-0.4648086428642273,-2.095228433609009,3328,0.08109375089406967,-15.893995750000002,150.0,0.0
66600,7254,3330,9,0.8056843280792236,0.0003,-0.38905492424964905,-2.0943143367767334,3329,0.057324446737766266,-15.958476970000001,150.0,0.0
66620,7253,3331,9,-0.5606527328491211,0.0003,0.15113365650177002,-2.0696523189544678,3330,0.0479867048561573,-15.958476970000001,150.0,0.0
66640,7253,3332,9,0.6653398871421814,0.0003,-0.7590765953063965,-1.6935878992080688,3331,0.7148321866989136,-15.958476970000001,150.0,0.0
66660,7254,3333,9,0.8209499716758728,0.0003,-0.451383501291275,-1.8158414363861084,3332,0.15697690844535828,-15.958476970000001,150.0,0.0
66680,7254,3334,9,0.8704028725624084,0.0003,-0.1392185240983963,-1.8612077236175537,3333,0.05259989947080612,-15.958476970000001,150.0,0.0
66700,7254,3335,9,0.5939643383026123,0.0003,-0.3941826820373535,-1.8956506252288818,3334,0.27000656723976135,-15.958476970000001,150.0,0.0
66720,7254,3336,9,0.8001341819763184,0.0003,-0.4893454611301422,-1.9336273670196533,3335,0.10919712483882904,-15.958476970000001,150.0,0.0
66740,7254,3337,9,0.8830435872077942,0.0003,-0.005866901483386755,-1.9443000555038452,3336,0.0608232244849205,-15.958476970000001,150.0,0.0
66760,7254,3338,9,0.9113985896110535,0.0003,-0.008601153269410133,-1.968756079673767,3337,0.05145232006907463,-15.958476970000001,150.0,0.0
66780,7254,3339,9,0.8090822696685791,0.0003,0.37097030878067017,-2.007235288619995,3338,0.6135398149490356,-15.958476970000001,150.0,0.0
66800,7255,3340,9,0.9268404841423035,0.0003,0.1187441498041153,-2.0505669116973877,3339,0.2698836326599121,-15.958476970000001,150.0,0.0
66820,7255,3341,9,0.638007402420044,0.0003,1.6655765771865845,-1.9645494222640991,3340,2.0259156227111816,-15.958476970000001,150.0,0.0
66840,7255,3342,9,0.8516219854354858,0.0003,0.6197215914726257,-2.0063624382019043,3341,1.6481049060821533,-15.958476970000001,150.0,0.0
66860,7255,3343,9,0.9745041131973267,0.0003,0.4746418595314026,-2.084531307220459,3342,0.32535624504089355,-15.958476970000001,150.0,0.0
66880,7255,3344,9,0.9917369484901428,0.0003,-0.25680938363075256,-2.0918996334075928,3343,0.10995198786258698,-15.958476970000001,150.0,0.0
66900,7255,3345,9,0.977516233921051,0.0003,-0.1655191034078598,-2.098363161087036,3344,0.2628338932991028,-15.958476970000001,150.0,0.0
66920,7256,3346,9,0.9767789244651794,0.0003,-0.5172653198242188,-2.1092305183410645,3345,0.2632560431957245,-15.958476970000001,150.0,0.0
66940,7256,3347,9,0.9551599025726318,0.0003,0.3828393816947937,-2.110816478729248,3346,0.6176409721374512,-15.958476970000001,150.0,0.0
66960,7256,3348,9,0.9874351620674133,0.0003,-0.6215559244155884,-2.0222864151000977,3347,0.21796366572380066,-15.958476970000001,150.0,0.0
66980,7256,3349,9,0.9916062355041504,0.0003,-0.24508032202720642,-2.009434700012207,3348,0.0690716877579689,-15.958476970000001,150.0,0.0
67000,7256,3350,9,0.9786450266838074,0.0003,-0.11394365131855011,-2.01521372795105,3349,0.10351556539535522,-15.958476970000001,150.0,0.0
67020,7256,3351,9,0.9574752449989319,0.0003,-0.19366779923439026,-2.0308666229248047,3350,0.12918616831302643,-15.958476970000001,150.0,0.0
67040,7257,3352,9,0.9348937273025513,0.0003,-0.05631148815155029,-2.073390483856201,3351,0.16484692692756653,-15.958476970000001,150.0,0.0
67060,7257,3353,9,0.9574259519577026,0.0003,-0.3294316232204437,-2.032860517501831,3352,0.10055635124444962,-15.958476970000001,150.0,0.0
67080,7257,3354,9,0.9664493799209595,0.0003,-0.5151925086975098,-2.0977160930633545,3353,0.09274989366531372,-15.958476970000001,150.0,0.0
67100,7257,3355,9,0.955636739730835,0.0003,-0.1972804069519043,-2.1492440700531006,3354,0.04001995921134949,-15.958476970000001,150.0,0.0
67120,7257,3356,9,0.8877726793289185,0.0003,0.06273699551820755,-2.1098995208740234,3355,0.12428448349237442,-15.958476970000001,150.0,0.0
67140,7257,3357,9,0.9556679129600525,0.0003,-0.18039338290691376,-2.03468918800354,3356,0.049997709691524506,-15.958476970000001,150.0,0.0
67160,7258,3358,9,0.9726378321647644,0.0003,0.12882950901985168,-2.0401713848114014,3357,0.02040467970073223,-15.958476970000001,150.0,0.0
67180,7258,3359,9,0.9669604897499084,0.0003,0.0613856315612793,-2.0690464973449707,3358,0.024392403662204742,-15.958476970000001,150.0,0.0
67200,7258,3360,9,0.8770192861557007,0.0003,0.2293793261051178,-2.0981311798095703,3359,0.09211275726556778,-16.19865181,150.0,0.0
67220,7258,3361,9,0.9142686724662781,0.0003,0.2706816494464874,-2.1186413764953613,3360,0.06542495638132095,-16.19865181,150.0,0.0
67240,7258,3362,9,0.9203441739082336,0.0003,0.3079334497451782,-1.748914122581482,3361,0.11200930923223495,-16.19865181,150.0,0.0
67260,7258,3363,9,0.9221556186676025,0.0003,0.06555966287851334,-1.812731146812439,3362,0.0711527019739151,-16.19865181,150.0,0.0
67280,7258,3364,9,0.8347707390785217,0.0003,0.195747971534729,-1.8585920333862305,3363,0.17424741387367249,-16.19865181,150.0,0.0
67300,7259,3365,9,0.7924416065216064,0.0003,0.8946132659912109,-1.8558852672576904,3364,0.5318818092346191,-16.19865181,150.0,0.0
67320,7259,3366,9,0.9263193607330322,0.0003,-0.2799542546272278,-1.9070727825164795,3365,0.14279988408088684,-16.19865181,150.0,0.0
67340,7259,3367,9,0.8156267404556274,0.0003,-0.10037378966808319,-1.9495786428451538,3366,0.45439714193344116,-16.19865181,150.0,0.0
67360,7259,3368,9,0.9445460438728333,0.0003,0.3366907238960266,-1.9728262424468994,3367,0.295682817697525,-16.19865181,150.0,0.0
67380,7259,3369,9,0.9804778099060059,0.0003,-0.4774949550628662,-2.019212245941162,3368,0.2027565985918045,-16.19865181,150.0,0.0
67400,7259,3370,9,0.9754272103309631,0.0003,-0.5672590732574463,-2.086002826690674,3369,0.27012690901756287,-16.19865181,150.0,0.0
67420,7260,3371,9,0.98883455991745,0.0003,0.17507532238960266,-2.092247486114502,3370,0.09313373267650604,-16.19865181,150.0,0.0
67440,7259,3372,9,0.9903714656829834,0.0003,0.24888113141059875,-2.0116705894470215,3371,0.09468746185302734,-16.19865181,150.0,0.0
67460,7260,3373,9,0.817760705947876,0.0003,1.6685298681259155,-2.063908100128174,3372,2.472473382949829,-16.19865181,150.0,0.0
67480,7260,3374,9,0.980856716632843,0.0003,0.07712362706661224,-2.0814034938812256,3373,0.18636712431907654,-16.19865181,150.0,0.0
67500,7260,3375,9,0.9805631041526794,0.0003,0.3459950089454651,-2.1189215183258057,3374,0.22697460651397705,-16.19865181,150.0,0.0
67520,7260,3376,9,0.9930716156959534,0.0003,-0.24185410141944885,-2.131575107574463,3375,0.09067679196596146,-16.19865181,150.0,0.0
67540,7260,3377,9,0.9902973175048828,0.0003,-0.14344103634357452,-2.138206958770752,3376,0.10815970599651337,-16.19865181,150.0,0.0
67560,7259,3378,9,0.9889113306999207,0.0003,-0.24570031464099884,-2.1345341205596924,3377,0.12030360847711563,-16.19865181,150.0,0.0
67580,7260,3379,9,0.9984227418899536,0.0003,-0.17277483642101288,-2.1420607566833496,3378,0.020041223615407944,-16.19865181,150.0,0.0
67600,7260,3380,9,0.9920475482940674,0.0003,-0.04363320395350456,-2.1304993629455566,3379,0.058882199227809906,-16.19865181,150.0,0.0
67620,7259,3381,9,0.92481529712677,0.0003,0.4246130883693695,-2.1316559314727783,3380,0.4387347102165222,-16.19865181,150.0,0.0
67640,7260,3382,9,0.6677021384239197,0.0003,0.07800549268722534,-2.1253528594970703,3381,0.847521960735321,-16.19865181,150.0,0.0
67660,7260,3383,9,0.9747574925422668,0.0003,0.4719994068145752,-2.124615430831909,3382,0.12936201691627502,-16.19865181,150.0,0.0
67680,7260,3384,9,0.9549001455307007,0.0003,-0.08205965906381607,-2.1297426223754883,3383,0.08494321256875992,-16.19865181,150.0,0.0
67700,7260,3385,9,0.9679648280143738,0.0003,-0.26123663783073425,-2.124786853790283,3384,0.0563514344394207,-16.19865181,150.0,0.0
67720,7260,3386,9,0.9759250283241272,0.0003,-0.13493666052818298,-2.1103062629699707,3385,0.025449927896261215,-16.19865181,150.0,0.0
67740,7260,3387,9,0.9356796741485596,0.0003,-0.27275586128234863,-2.1052660942077637,3386,0.04313065484166145,-16.19865181,150.0,0.0
67760,7260,3388,9,0.9748851656913757,0.0003,0.034792132675647736,-2.1014411449432373,3387,0.006191630382090807,-16.19865181,150.0,0.0
67780,7260,3389,9,0.9149697422981262,0.0003,0.0389670804142952,-2.1019349098205566,3388,0.014989197254180908,-16.19865181,150.0,0.0
67800,7260,3390,9,0.850705087184906,0.0003,0.21565671265125275,-2.0918593406677246,3389,0.021382251754403114,-16.038385200000004,150.0,0.0
67820,7260,3391,9,-0.2726632356643677,0.0003,1.0540502071380615,-2.083621025085449,3390,0.9006813764572144,-16.038385200000004,150.0,0.0
67840,7260,3392,9,0.8478325605392456,0.0003,-0.30700621008872986,-1.9168781042099,3391,0.14830517768859863,-16.038385200000004,150.0,0.0
67860,7260,3393,9,0.9503024220466614,0.0003,0.012204903177917004,-1.9865926504135132,3392,0.04654599726200104,-16.038385200000004,150.0,0.0
67880,7260,3394,9,0.8481451869010925,0.0003,0.46907228231430054,-2.008157253265381,3393,0.2638140916824341,-16.038385200000004,150.0,0.0
67900,7260,3395,9,0.9494376182556152,0.0003,0.22266845405101776,-1.999457597732544,3394,0.09081399440765381,-16.038385200000004,150.0,0.0
67920,7260,3396,9,0.7072745561599731,0.0003,0.42930537462234497,-2.022653818130493,3395,0.5710622072219849,-16.038385200000004,150.0,0.0
67940,7260,3397,9,0.9160266518592834,0.0003,0.04951102286577225,-2.041522741317749,3396,0.17599232494831085,-16.038385200000004,150.0,0.0
67960,7260,3398,9,0.8498462438583374,0.0003,0.3962898850440979,-2.0665671825408936,3397,1.1327052116394043,-16.038385200000004,150.0,0.0
67980,7260,3399,9,0.962861180305481,0.0003,0.6058499217033386,-2.124983310699463,3398,0.37973228096961975,-16.038385200000004,150.0,0.0
68000,7261,3400,9,0.9943183064460754,0.0003,-0.2947952449321747,-2.126859664916992,3399,0.06710714101791382,-16.038385200000004,150.0,0.0
68020,7261,3401,9,0.844218373298645,0.0003,1.288222074508667,-2.110469341278076,3400,1.3786988258361816,-16.038385200000004,150.0,0.0
68040,7261,3402,9,0.9719386100769043,0.0003,-0.2162434160709381,-2.129837989807129,3401,0.1755087673664093,-16.038385200000004,150.0,0.0
68060,7261,3403,9,0.9569051861763,0.0003,-0.36646103858947754,-2.1454741954803467,3402,0.26338574290275574,-16.038385200000004,150.0,0.0
68080,7261,3404,9,0.966910719871521,0.0003,-0.16279707849025726,-2.143974781036377,3403,0.1804543137550354,-16.038385200000004,150.0,0.0
68100,7261,3405,9,0.9797850251197815,0.0003,-0.3463701903820038,-2.1470696926116943,3404,0.10190489143133163,-16.038385200000004,150.0,0.0
68120,7261,3406,9,0.9801160097122192,0.0003,-0.022913699969649315,-2.1488165855407715,3405,0.048261988908052444,-16.038385200000004,150.0,0.0
68140,7262,3407,9,-0.14987003803253174,0.0003,1.020452857017517,-2.1295619010925293,3406,1.321568489074707,-16.038385200000004,150.0,0.0
68160,7262,3408,9,0.9350148439407349,0.0003,0.26416462659835815,-2.1396324634552,3407,0.08742856234312057,-16.038385200000004,150.0,0.0
68180,7262,3409,9,0.7335324287414551,0.0003,0.7531865239143372,-2.1366336345672607,3408,0.4630281925201416,-16.038385200000004,150.0,0.0
68200,7262,3410,9,0.9190701246261597,0.0003,0.25954669713974,-2.126500129699707,3409,0.0806935727596283,-16.038385200000004,150.0,0.0
68220,7262,3411,9,0.934611439704895,0.0003,-0.04003638029098511,-2.1386048793792725,3410,0.042235005646944046,-16.038385200000004,150.0,0.0
68240,7262,3412,9,0.3901711702346802,0.0003,0.5994837880134583,-2.13783597946167,3411,0.6664987802505493,-16.038385200000004,150.0,0.0
68260,7263,3413,9,0.8371176719665527,0.0003,-0.418795645236969,-2.135467052459717,3412,0.18426308035850525,-16.038385200000004,150.0,0.0
68280,7263,3414,9,0.8753108382225037,0.0003,0.06103122979402542,-2.1328554153442383,3413,0.08661408722400665,-16.038385200000004,150.0,0.0
68300,7263,3415,9,0.027566969394683838,0.0003,0.31915348768234253,-2.129887819290161,3414,0.37817296385765076,-16.038385200000004,150.0,0.0
68320,7263,3416,9,-0.29009175300598145,0.0003,0.4663730263710022,-2.125868558883667,3415,0.16070042550563812,-16.038385200000004,150.0,0.0
68340,7263,3417,9,-0.5328973531723022,0.0003,1.4140450954437256,-2.1292314529418945,3416,1.2633693218231201,-16.038385200000004,150.0,0.0
68360,7263,3418,9,-0.1276634931564331,0.0003,0.3859933018684387,-2.1278254985809326,3417,0.18648481369018555,-16.038385200000004,150.0,0.0
68380,7263,3419,9,-0.03353071212768555,0.0003,0.6185261607170105,-2.0859081745147705,3418,1.0019266605377197,-16.038385200000004,150.0,0.0
68400,7263,3420,9,0.6276534795761108,0.0003,-0.3714223802089691,-2.1034417152404785,3419,0.08571672439575195,-15.632981330000002,150.0,0.0
68420,7263,3421,9,-0.047451019287109375,0.0003,0.1557834893465042,-2.1077566146850586,3420,0.2735351622104645,-15.632981330000002,150.0,0.0
68440,7263,3422,9,0.952614963054657,0.0003,0.022556791082024574,-1.7820240259170532,3421,0.14731797575950623,-15.632981330000002,150.0,0.0
68460,7263,3423,9,0.9793946743011475,0.0003,-0.3814432621002197,-1.8701982498168945,3422,0.10117201507091522,-15.632981330000002,150.0,0.0
68480,7263,3424,9,0.9361200332641602,0.0003,-0.25577667355537415,-1.873225212097168,3423,0.14911970496177673,-15.632981330000002,150.0,0.0
68500,7263,3425,9,0.9545416235923767,0.0003,-0.0010056823957711458,-1.8889334201812744,3424,0.07969535887241364,-15.632981330000002,150.0,0.0
68520,7263,3426,9,0.942868709564209,0.0003,-0.10446114838123322,-1.9105818271636963,3425,0.09405001997947693,-15.632981330000002,150.0,0.0
68540,7263,3427,9,0.975290834903717,0.0003,-0.648354709148407,-1.9510577917099,3426,0.1586727797985077,-15.632981330000002,150.0,0.0
68560,7264,3428,9,0.4865812659263611,0.0003,1.182630181312561,-1.970639944076538,3427,0.5889755487442017,-15.632981330000002,150.0,0.0
68580,7264,3429,9,0.7382187247276306,0.0003,-0.11595716327428818,-1.9471018314361572,3428,0.14234007894992828,-15.632981330000002,150.0,0.0
68600,7264,3430,9,0.2999308109283447,0.0003,0.23374736309051514,-2.026400089263916,3429,0.313396155834198,-15.632981330000002,150.0,0.0
68620,7264,3431,9,-0.5539660453796387,0.0003,0.510821521282196,-1.9778387546539307,3430,0.3733169436454773,-15.632981330000002,150.0,0.0
68640,7264,3432,9,-0.7050261497497559,0.0003,0.13501214981079102,-2.0668342113494873,3431,0.10842571407556534,-15.632981330000002,150.0,0.0
68660,7265,3433,9,0.3817170262336731,0.0003,0.8600116968154907,-2.0388426780700684,3432,0.7521654367446899,-15.632981330000002,150.0,0.0
68680,7265,3434,9,0.6455550193786621,0.0003,-0.09324619919061661,-2.085639238357544,3433,0.308332622051239,-15.632981330000002,150.0,0.0
68700,7265,3435,9,0.8936111330986023,0.0003,-0.6305145025253296,-2.0516345500946045,3434,0.15069618821144104,-15.632981330000002,150.0,0.0
68720,7264,3436,9,0.8789125084877014,0.0003,0.044905923306941986,-2.1012816429138184,3435,0.049672551453113556,-15.632981330000002,150.0,0.0
68740,7265,3437,9,0.11665046215057373,0.0003,0.4946705400943756,-1.9970306158065796,3436,0.8126382827758789,-15.632981330000002,150.0,0.0
68760,7265,3438,9,0.1942947506904602,0.0003,0.8494725227355957,-1.9694702625274658,3437,1.9205350875854492,-15.632981330000002,150.0,0.0
68780,7265,3439,9,0.8442842364311218,0.0003,-0.31173112988471985,-2.031688928604126,3438,0.0737357959151268,-15.632981330000002,150.0,0.0
68800,7265,3440,9,0.6119205355644226,0.0003,0.23955044150352478,-1.9521878957748413,3439,0.15945515036582947,-15.632981330000002,150.0,0.0
68820,7265,3441,9,0.6687512397766113,0.0003,0.14757178723812103,-2.0085370540618896,3440,0.08275409042835236,-15.632981330000002,150.0,0.0
68840,7266,3442,9,0.9416589736938477,0.0003,0.1444944441318512,-2.057058811187744,3441,0.02791959047317505,-15.632981330000002,150.0,0.0
68860,7266,3443,9,0.9463237524032593,0.0003,0.1213383898139,-2.079559087753296,3442,0.026890167966485023,-15.632981330000002,150.0,0.0
68880,7266,3444,9,0.9414489269256592,0.0003,-0.21968825161457062,-2.036673069000244,3443,0.05229736492037773,-15.632981330000002,150.0,0.0
68900,7266,3445,9,0.9579770565032959,0.0003,-0.26040714979171753,-2.0491201877593994,3444,0.04394027590751648,-15.632981330000002,150.0,0.0
68920,7266,3446,9,0.9883926510810852,0.0003,-0.08794336020946503,-2.0657825469970703,3445,0.006003398448228836,-15.632981330000002,150.0,0.0
68940,7266,3447,9,0.9590572118759155,0.0003,-0.04132431000471115,-2.0777792930603027,3446,0.012791355140507221,-15.632981330000002,150.0,0.0
68960,7266,3448,9,0.8729270100593567,0.0003,-0.36954259872436523,-2.1101455688476562,3447,0.08648381382226944,-15.632981330000002,150.0,0.0
68980,7266,3449,9,0.9394118189811707,0.0003,-0.29065099358558655,-2.126042366027832,3448,0.034155454486608505,-15.632981330000002,150.0,0.0
69000,7266,3450,9,0.8323327302932739,0.0003,-0.34423696994781494,-2.1276967525482178,3449,0.05118896812200546,-15.619146170000004,150.0,0.0
69020,7267,3451,9,0.6300491690635681,0.0003,-0.18534521758556366,-2.134549856185913,3450,0.05775011330842972,-15.619146170000004,150.0,0.0
69040,7267,3452,9,0.8187339305877686,0.0003,0.032552238553762436,-1.8279880285263062,3451,0.09577004611492157,-15.619146170000004,150.0,0.0
69060,7267,3453,9,0.9189661741256714,0.0003,-0.240618497133255,-1.9084774255752563,3452,0.07203422486782074,-15.619146170000004,150.0,0.0
69080,7267,3454,9,0.8912777900695801,0.0003,0.05245968699455261,-1.9229824542999268,3453,0.1656518131494522,-15.619146170000004,150.0,0.0
69100,7267,3455,9,0.9338017106056213,0.0003,0.3001134991645813,-1.9438552856445312,3454,0.2106037437915802,-15.619146170000004,150.0,0.0
69120,7267,3456,9,0.9851389527320862,0.0003,0.2971950173377991,-1.9482189416885376,3455,0.07553690671920776,-15.619146170000004,150.0,0.0
69140,7268,3457,9,0.9542382955551147,0.0003,0.10082662105560303,-1.9564889669418335,3456,0.17378869652748108,-15.619146170000004,150.0,0.0
69160,7268,3458,9,0.9028157591819763,0.0003,1.115558385848999,-2.035818576812744,3457,0.6323787569999695,-15.619146170000004,150.0,0.0
69180,7268,3459,9,0.8655857443809509,0.0003,0.2674829363822937,-2.009645938873291,3458,0.6472914218902588,-15.619146170000004,150.0,0.0
69200,7268,3460,9,0.7866455316543579,0.0003,0.5313440561294556,-2.095426559448242,3459,0.6122337579727173,-15.619146170000004,150.0,0.0
69220,7268,3461,9,0.8488318920135498,0.0003,0.36509740352630615,-2.0857503414154053,3460,0.5118424296379089,-15.619146170000004,150.0,0.0
69240,7268,3462,9,0.05394589900970459,0.0003,2.001300573348999,-2.0808205604553223,3461,5.269545555114746,-15.619146170000004,150.0,0.0
69260,7268,3463,9,0.8090307116508484,0.0003,-0.17405876517295837,-2.1086325645446777,3462,1.1358729600906372,-15.619146170000004,150.0,0.0
69280,7268,3464,9,0.8315457105636597,0.0003,0.5826998949050903,-2.0988593101501465,3463,0.6901826858520508,-15.619146170000004,150.0,0.0
69300,7268,3465,9,0.7142746448516846,0.0003,-0.12905101478099823,-2.0750539302825928,3464,0.5805697441101074,-15.619146170000004,150.0,0.0
69320,7268,3466,9,0.8297002911567688,0.0003,-0.5800840854644775,-2.116589069366455,3465,0.4327827990055084,-15.619146170000004,150.0,0.0
69340,7269,3467,9,0.8827248811721802,0.0003,-0.25436362624168396,-2.133842945098877,3466,0.30068787932395935,-15.619146170000004,150.0,0.0
69360,7269,3468,9,0.9545653462409973,0.0003,-0.4150570034980774,-2.1440093517303467,3467,0.15008558332920074,-15.619146170000004,150.0,0.0
69380,7269,3469,9,0.9451002478599548,0.0003,-0.06405528634786606,-2.1531424522399902,3468,0.09983102977275848,-15.619146170000004,150.0,0.0
69400,7269,3470,9,0.872300386428833,0.0003,-0.6345049738883972,-2.102574110031128,3469,0.2532643675804138,-15.619146170000004,150.0,0.0
69420,7269,3471,9,0.9345006942749023,0.0003,0.025310486555099487,-2.1526687145233154,3470,0.0940340906381607,-15.619146170000004,150.0,0.0
69440,7269,3472,9,-0.06637954711914062,0.0003,1.6132991313934326,-2.1410317420959473,3471,0.8762319684028625,-15.619146170000004,150.0,0.0
69460,7269,3473,9,0.9396777153015137,0.0003,-0.07302021980285645,-2.0629708766937256,3472,0.060706984251737595,-15.619146170000004,150.0,0.0
69480,7269,3474,9,0.9641094207763672,0.0003,-0.1965683400630951,-2.0414376258850098,3473,0.04272686690092087,-15.619146170000004,150.0,0.0
69500,7269,3475,9,0.9115429520606995,0.0003,-0.6289929747581482,-2.102186679840088,3474,0.15229782462120056,-15.619146170000004,150.0,0.0
69520,7270,3476,9,0.7878186702728271,0.0003,0.015329897403717041,-2.1395676136016846,3475,0.23298080265522003,-15.619146170000004,150.0,0.0
69540,7269,3477,9,0.9320483803749084,0.0003,-0.40776166319847107,-2.13584041595459,3476,0.059900373220443726,-15.619146170000004,150.0,0.0
69560,7270,3478,9,0.8856993317604065,0.0003,-0.2457038164138794,-2.1418826580047607,3477,0.03674517199397087,-15.619146170000004,150.0,0.0
69580,7270,3479,9,0.8699778318405151,0.0003,-0.23423829674720764,-2.117605686187744,3478,0.044683583080768585,-15.619146170000004,150.0,0.0
69600,7270,3480,9,0.6632267832756042,0.0003,-0.15569983422756195,-2.1181302070617676,3479,0.06128910183906555,-15.577750429999998,150.0,0.0
69620,7270,3481,9,0.6786260604858398,0.0003,0.14535796642303467,-2.107767343521118,3480,0.05131196975708008,-15.577750429999998,150.0,0.0
69640,7270,3482,9,0.8544596433639526,0.0003,-0.2568995952606201,-1.7475696802139282,3481,0.2333526611328125,-15.577750429999998,150.0,0.0
69660,7270,3483,9,0.9612997174263,0.0003,-0.2192036211490631,-1.7763092517852783,3482,0.06653474271297455,-15.577750429999998,150.0,0.0
69680,7270,3484,9,0.9352177381515503,0.0003,0.7360033988952637,-1.750138521194458,3483,0.2307484894990921,-15.577750429999998,150.0,0.0
69700,7270,3485,9,0.9485660195350647,0.0003,0.06048358604311943,-1.771954894065857,3484,0.14022031426429749,-15.577750429999998,150.0,0.0
69720,7270,3486,9,0.25820350646972656,0.0003,-0.13539449870586395,-1.7675144672393799,3485,0.8645166158676147,-15.577750429999998,150.0,0.0
69740,7271,3487,9,0.5623286962509155,0.0003,1.219054102897644,-1.7801380157470703,3486,1.8759050369262695,-15.577750429999998,150.0,0.0
69760,7271,3488,9,0.7582354545593262,0.0003,-0.11243269592523575,-1.850624442100525,3487,0.3538746237754822,-15.577750429999998,150.0,0.0
69780,7271,3489,9,0.9359169006347656,0.0003,0.1719145029783249,-1.9315391778945923,3488,0.093699611723423,-15.577750429999998,150.0,0.0
69800,7271,3490,9,0.4019293785095215,0.0003,0.03251032903790474,-1.9677848815917969,3489,0.3000183701515198,-15.577750429999998,150.0,0.0
69820,7271,3491,9,0.9584209322929382,0.0003,-0.11451904475688934,-2.036930561065674,3490,0.02630852721631527,-15.577750429999998,150.0,0.0
69840,7271,3492,9,-0.5841220617294312,0.0003,0.056103892624378204,-2.05484938621521,3491,0.4870145320892334,-15.577750429999998,150.0,0.0
69860,7271,3493,9,0.2550222873687744,0.0003,0.4742222726345062,-1.9971392154693604,3492,0.9087163805961609,-15.577750429999998,150.0,0.0
69880,7271,3494,9,0.891235888004303,0.0003,-0.6867105960845947,-2.0977988243103027,3493,0.17967353761196136,-15.577750429999998,150.0,0.0
69900,7271,3495,9,0.905289351940155,0.0003,0.13271062076091766,-2.1131279468536377,3494,0.09700457751750946,-15.577750429999998,150.0,0.0
69920,7271,3496,9,0.9366068243980408,0.0003,0.05258260294795036,-2.078679084777832,3495,0.07448521256446838,-15.577750429999998,150.0,0.0
69940,7272,3497,9,-0.04671502113342285,0.0003,0.5697075128555298,-2.0771541595458984,3496,1.339223861694336,-15.577750429999998,150.0,0.0
69960,7272,3498,9,0.8588423132896423,0.0003,0.4297293722629547,-2.094902753829956,3497,0.1818006932735443,-15.577750429999998,150.0,0.0
69980,7272,3499,9,0.8955225944519043,0.0003,-0.44064903259277344,-2.070298433303833,3498,0.14811556041240692,-15.577750429999998,150.0,0.0
70000,7272,3500,9,0.9414576888084412,0.0003,-0.09848103672266006,-2.066335678100586,3499,0.06316864490509033,-15.577750429999998,150.0,0.0
70020,7272,3501,9,0.9275504350662231,0.0003,-0.43213337659835815,-2.0567822456359863,3500,0.12446339428424835,-15.577750429999998,150.0,0.0
70040,7272,3502,9,0.9673429727554321,0.0003,-0.34043624997138977,-2.0655970573425293,3501,0.07097160071134567,-15.577750429999998,150.0,0.0
70060,7272,3503,9,0.9582456946372986,0.0003,-0.24353346228599548,-2.0530426502227783,3502,0.07995264232158661,-15.577750429999998,150.0,0.0
70080,7272,3504,9,0.9787678122520447,0.0003,-0.0031063035130500793,-2.048543930053711,3503,0.024312574416399002,-15.577750429999998,150.0,0.0
70100,7272,3505,9,0.9352433681488037,0.0003,-0.43664026260375977,-2.026653289794922,3504,0.09542923420667648,-15.577750429999998,150.0,0.0
70120,7273,3506,9,-0.0182725191116333,0.0003,0.5228247046470642,-1.9823999404907227,3505,0.9058006405830383,-15.577750429999998,150.0,0.0
70140,7272,3507,9,0.5515610575675964,0.0003,0.10864847898483276,-2.0299837589263916,3506,0.35501202940940857,-15.577750429999998,150.0,0.0
70160,7272,3508,9,0.6424076557159424,0.0003,-0.25629839301109314,-1.9998031854629517,3507,0.1706783026456833,-15.577750429999998,150.0,0.0
70180,7272,3509,9,0.7922115325927734,0.0003,-0.4421364665031433,-1.9513442516326904,3508,0.11549670994281769,-15.577750429999998,150.0,0.0
70200,7272,3510,9,0.4717246890068054,0.0003,-0.39884495735168457,-1.9651448726654053,3509,0.15387755632400513,-15.715003610000002,150.0,0.0
70220,7272,3511,9,0.5827820301055908,0.0003,-0.10819864273071289,-1.9854568243026733,3510,0.05193490907549858,-15.715003610000002,150.0,0.0
70240,7272,3512,9,0.8603143095970154,0.0003,-0.0646117553114891,-1.688577651977539,3511,0.07726696878671646,-15.715003610000002,150.0,0.0
70260,7272,3513,9,0.6900460124015808,0.0003,-0.0826038345694542,-1.7429656982421875,3512,0.28055381774902344,-15.715003610000002,150.0,0.0
70280,7272,3514,9,0.8898424506187439,0.0003,-0.23463186621665955,-1.7605499029159546,3513,0.11411374807357788,-15.715003610000002,150.0,0.0
70300,7272,3515,9,0.8777307271957397,0.0003,0.2713939845561981,-1.7646446228027344,3514,0.12880346179008484,-15.715003610000002,150.0,0.0
70320,7273,3516,9,0.8936492800712585,0.0003,0.09363900870084763,-1.7750136852264404,3515,0.1482570916414261,-15.715003610000002,150.0,0.0
70340,7273,3517,9,0.9236857891082764,0.0003,0.4918522834777832,-1.8160682916641235,3516,0.27702292799949646,-15.715003610000002,150.0,0.0
70360,7273,3518,9,0.9361660480499268,0.0003,0.5002048015594482,-1.8389101028442383,3517,0.38488227128982544,-15.715003610000002,150.0,0.0
70380,7273,3519,9,0.9351129531860352,0.0003,0.7980917692184448,-1.8899383544921875,3518,0.5880069732666016,-15.715003610000002,150.0,0.0
70400,7273,3520,9,0.9397117495536804,0.0003,0.3991052806377411,-1.8763996362686157,3519,0.6726707220077515,-15.715003610000002,150.0,0.0
70420,7273,3521,9,0.9973955750465393,0.0003,-0.3331398069858551,-1.8795220851898193,3520,0.0480506457388401,-15.715003610000002,150.0,0.0
70440,7274,3522,9,0.9925538301467896,0.0003,-0.2761833667755127,-1.9512035846710205,3521,0.08969911187887192,-15.715003610000002,150.0,0.0
70460,7274,3523,9,0.9848819971084595,0.0003,0.08506324142217636,-1.9824737310409546,3522,0.10026024281978607,-15.715003610000002,150.0,0.0
70480,7274,3524,9,0.9921421408653259,0.0003,-0.14294324815273285,-2.005598545074463,3523,0.05005420371890068,-15.715003610000002,150.0,0.0
70500,7274,3525,9,0.8825314044952393,0.0003,0.5117444396018982,-1.9430420398712158,3524,0.7094947099685669,-15.715003610000002,150.0,0.0
70520,7274,3526,9,0.8702185750007629,0.0003,0.3384312391281128,-2.022367000579834,3525,0.7925344705581665,-15.715003610000002,150.0,0.0
70540,7275,3527,9,0.9401782155036926,0.0003,-0.24568422138690948,-2.031372308731079,3526,0.378839373588562,-15.715003610000002,150.0,0.0
70560,7275,3528,9,0.9347774982452393,0.0003,0.27998578548431396,-2.0220837593078613,3527,0.472694456577301,-15.715003610000002,150.0,0.0
70580,7275,3529,9,0.9894925951957703,0.0003,-0.33785903453826904,-2.0701236724853516,3528,0.08868131786584854,-15.715003610000002,150.0,0.0
70600,7275,3530,9,0.9960425496101379,0.0003,-0.4434635043144226,-2.107058048248291,3529,0.06703809648752213,-15.715003610000002,150.0,0.0
70620,7275,3531,9,0.9900636076927185,0.0003,-0.2750319838523865,-2.066542625427246,3530,0.0594300739467144,-15.715003610000002,150.0,0.0
70640,7275,3532,9,0.659026026725769,0.0003,0.3845357894897461,-2.081515312194824,3531,0.8678553700447083,-15.715003610000002,150.0,0.0
70660,7276,3533,9,0.7664336562156677,0.0003,0.8426597714424133,-2.0903337001800537,3532,0.5868051648139954,-15.715003610000002,150.0,0.0
70680,7276,3534,9,0.9710847735404968,0.0003,0.04929191619157791,-2.0996479988098145,3533,0.0526297502219677,-15.715003610000002,150.0,0.0
70700,7276,3535,9,0.9885935187339783,0.0003,-0.13862700760364532,-2.0999042987823486,3534,0.021605046465992928,-15.715003610000002,150.0,0.0
70720,7276,3536,9,0.9161020517349243,0.0003,-0.4630870223045349,-2.089599132537842,3535,0.11323638260364532,-15.715003610000002,150.0,0.0
70740,7276,3537,9,0.9416372179985046,0.0003,-0.21436123549938202,-2.110349178314209,3536,0.03964676707983017,-15.715003610000002,150.0,0.0
70760,7276,3538,9,0.8725985288619995,0.0003,0.024629127234220505,-2.1354146003723145,3537,0.025241663679480553,-15.715003610000002,150.0,0.0
70780,7276,3539,9,0.8609792590141296,0.0003,-0.12024794518947601,-2.1457066535949707,3538,0.01716337352991104,-15.715003610000002,150.0,0.0
70800,7276,3540,9,0.6482917070388794,0.0003,-0.051731519401073456,-2.1284990310668945,3539,0.0419309101998806,-15.621041599999998,150.0,0.0
70820,7277,3541,9,0.575751543045044,0.0003,0.07450933754444122,-2.113781452178955,3540,0.015249529853463173,-15.621041599999998,150.0,0.0
70840,7276,3542,9,0.8800068497657776,0.0003,-0.24880445003509521,-1.7823508977890015,3541,0.0893368124961853,-15.621041599999998,150.0,0.0
70860,7276,3543,9,0.9098299145698547,0.0003,-0.04100619629025459,-1.8231080770492554,3542,0.06585946679115295,-15.621041599999998,150.0,0.0
70880,7276,3544,9,0.965969443321228,0.0003,0.09689692407846451,-1.8208658695220947,3543,0.047498613595962524,-15.621041599999998,150.0,0.0
70900,7277,3545,9,0.9094983339309692,0.0003,-0.38301166892051697,-1.8816778659820557,3544,0.17056429386138916,-15.621041599999998,150.0,0.0
70920,7277,3546,9,0.8984150886535645,0.0003,0.1361817717552185,-1.8910834789276123,3545,0.13406100869178772,-15.621041599999998,150.0,0.0
70940,7277,3547,9,0.7324961423873901,0.0003,-0.22433623671531677,-1.9248473644256592,3546,0.41168713569641113,-15.621041599999998,150.0,0.0
70960,7277,3548,9,0.8446133732795715,0.0003,-0.23654277622699738,-1.8486320972442627,3547,0.3051756024360657,-15.621041599999998,150.0,0.0
70980,7277,3549,9,0.906650960445404,0.0003,-0.0012969613308086991,-1.8179848194122314,3548,0.15534403920173645,-15.621041599999998,150.0,0.0
71000,7278,3550,9,0.963042140007019,0.0003,0.3448460102081299,-1.8805477619171143,3549,0.08127115666866302,-15.621041599999998,150.0,0.0
71020,7278,3551,9,0.9281612634658813,0.0003,-0.044807981699705124,-1.9609692096710205,3550,0.18513038754463196,-15.621041599999998,150.0,0.0
71040,7278,3552,9,0.9199112057685852,0.0003,0.033114779740571976,-2.043581485748291,3551,0.2093627005815506,-15.621041599999998,150.0,0.0
71060,7278,3553,9,0.9781133532524109,0.0003,-0.02896660566329956,-2.0928170680999756,3552,0.053211480379104614,-15.621041599999998,150.0,0.0
71080,7278,3554,9,0.9184747934341431,0.0003,-0.2087593823671341,-2.1288790702819824,3553,0.24270537495613098,-15.621041599999998,150.0,0.0
71100,7278,3555,9,0.8303279280662537,0.0003,0.18617862462997437,-2.133370876312256,3554,0.4781743586063385,-15.621041599999998,150.0,0.0
71120,7279,3556,9,0.7432869672775269,0.0003,0.7145473957061768,-2.129732370376587,3555,1.1064426898956299,-15.621041599999998,150.0,0.0
71140,7279,3557,9,0.9930886626243591,0.0003,-0.044599127024412155,-2.132471799850464,3556,0.012446263805031776,-15.621041599999998,150.0,0.0
71160,7279,3558,9,0.6724162101745605,0.0003,0.3743450939655304,-2.1153814792633057,3557,0.8138639330863953,-15.621041599999998,150.0,0.0
71180,7279,3559,9,0.20378488302230835,0.0003,1.1219854354858398,-2.0277466773986816,3558,1.1707355976104736,-15.621041599999998,150.0,0.0
71200,7279,3560,9,0.7972579002380371,0.0003,0.1357189565896988,-2.087920665740967,3559,0.10719414055347443,-15.621041599999998,150.0,0.0
71220,7279,3561,9,0.8644214868545532,0.0003,-0.20050625503063202,-2.111541748046875,3560,0.05286378785967827,-15.621041599999998,150.0,0.0
71240,7280,3562,9,0.6650642156600952,0.0003,-0.2585590183734894,-2.1175076961517334,3561,0.04436011612415314,-15.621041599999998,150.0,0.0
71260,7280,3563,9,0.4670315384864807,0.0003,-0.22054624557495117,-2.141798496246338,3562,0.0372820682823658,-15.621041599999998,150.0,0.0
71280,7280,3564,9,0.3070586323738098,0.0003,0.6356183290481567,-2.0840396881103516,3563,0.40023183822631836,-15.621041599999998,150.0,0.0
71300,7280,3565,9,0.2775622606277466,0.0003,0.3762291371822357,-2.0512592792510986,3564,0.6793020367622375,-15.621041599999998,150.0,0.0
71320,7280,3566,9,0.6163830161094666,0.0003,0.3385383188724518,-2.0343894958496094,3565,0.05607663840055466,-15.621041599999998,150.0,0.0
71340,7280,3567,9,0.2006436586380005,0.0003,1.1414819955825806,-2.01676607131958,3566,2.03798246383667,-15.621041599999998,150.0,0.0
71360,7281,3568,9,0.25999653339385986,0.0003,0.3959001302719116,-2.0407299995422363,3567,0.8820942044258118,-15.621041599999998,150.0,0.0
71380,7281,3569,9,0.3689594864845276,0.0003,0.5287694931030273,-2.0568528175354004,3568,0.8346413373947144,-15.621041599999998,150.0,0.0
71400,7281,3570,9,0.14194607734680176,0.0003,-0.29408174753189087,-2.078766345977783,3569,0.053410761058330536,-15.357468019999999,150.0,0.0
71420,7281,3571,9,-0.5416560173034668,0.0003,-0.35805973410606384,-2.079773187637329,3570,0.0599970743060112,-15.357468019999999,150.0,0.0
71440,7281,3572,9,0.7961263656616211,0.0003,0.5274146199226379,-1.7665694952011108,3571,0.43745332956314087,-15.357468019999999,150.0,0.0
71460,7281,3573,9,0.9576257467269897,0.0003,0.11769362539052963,-1.7971229553222656,3572,0.09546587616205215,-15.357468019999999,150.0,0.0
71480,7281,3574,9,0.9645293951034546,0.0003,0.40324440598487854,-1.832312822341919,3573,0.17274707555770874,-15.357468019999999,150.0,0.0
71500,7282,3575,9,0.8360324501991272,0.0003,0.3332083821296692,-1.8483480215072632,3574,1.6010215282440186,-15.357468019999999,150.0,0.0
71520,7282,3576,9,0.9900634288787842,0.0003,0.2881559431552887,-1.894352674484253,3575,0.11384781450033188,-15.357468019999999,150.0,0.0
71540,7282,3577,9,0.9835284352302551,0.0003,0.07581784576177597,-1.9402401447296143,3576,0.22740168869495392,-15.357468019999999,150.0,0.0
71560,7282,3578,9,0.9812089204788208,0.0003,-0.36760735511779785,-1.9870827198028564,3577,0.35978394746780396,-15.357468019999999,150.0,0.0
71580,7282,3579,9,0.992240309715271,0.0003,-0.3515276312828064,-2.0062923431396484,3578,0.17023468017578125,-15.357468019999999,150.0,0.0
71600,7283,3580,9,0.9745964407920837,0.0003,-0.005692988634109497,-2.0507521629333496,3579,0.3584344685077667,-15.357468019999999,150.0,0.0
71620,7283,3581,9,0.9240376949310303,0.0003,0.10921148955821991,-2.014925003051758,3580,1.0536571741104126,-15.357468019999999,150.0,0.0
71640,7283,3582,9,0.9958926439285278,0.0003,-0.33745068311691284,-2.069016933441162,3581,0.09909342974424362,-15.357468019999999,150.0,0.0
71660,7283,3583,9,0.9970093965530396,0.0003,-0.4825011193752289,-2.0903823375701904,3582,0.1024138554930687,-15.357468019999999,150.0,0.0
71680,7283,3584,9,0.9751943349838257,0.0003,0.2840223014354706,-2.091175079345703,3583,0.3221782445907593,-15.357468019999999,150.0,0.0
71700,7283,3585,9,0.9716747403144836,0.0003,0.14711147546768188,-2.045224666595459,3584,0.43264418840408325,-15.357468019999999,150.0,0.0
71720,7284,3586,9,0.9978532195091248,0.0003,-0.20019865036010742,-2.074597120285034,3585,0.04448863863945007,-15.357468019999999,150.0,0.0
71740,7284,3587,9,0.9974331259727478,0.0003,-0.33760756254196167,-2.106994152069092,3586,0.06353046000003815,-15.357468019999999,150.0,0.0
71760,7284,3588,9,0.9129930734634399,0.0003,0.3135247230529785,-2.0858075618743896,3587,1.0970770120620728,-15.357468019999999,150.0,0.0
71780,7284,3589,9,0.9975119829177856,0.0003,0.07179798930883408,-2.0907156467437744,3588,0.02717680297791958,-15.357468019999999,150.0,0.0
71800,7284,3590,9,0.9832826852798462,0.0003,0.223961740732193,-2.107905864715576,3589,0.14586347341537476,-15.357468019999999,150.0,0.0
71820,7284,3591,9,0.991870105266571,0.0003,0.20322604477405548,-2.04121732711792,3590,0.06967083364725113,-15.357468019999999,150.0,0.0
71840,7284,3592,9,0.9985182881355286,0.0003,0.28029170632362366,-2.0120503902435303,3591,0.026593491435050964,-15.357468019999999,150.0,0.0
71860,7284,3593,9,0.9934254288673401,0.0003,0.005196201615035534,-2.0536868572235107,3592,0.04304176941514015,-15.357468019999999,150.0,0.0
71880,7285,3594,9,0.7375081181526184,0.0003,1.2044280767440796,-2.059159517288208,3593,1.3928128480911255,-15.357468019999999,150.0,0.0
71900,7284,3595,9,0.8852366209030151,0.0003,0.8069401979446411,-2.0841174125671387,3594,0.5305628776550293,-15.357468019999999,150.0,0.0
71920,7285,3596,9,0.9630656838417053,0.0003,-0.35570839047431946,-2.0785915851593018,3595,0.16292212903499603,-15.357468019999999,150.0,0.0
71940,7285,3597,9,0.979913055896759,0.0003,-0.18929629027843475,-2.087057113647461,3596,0.05924571678042412,-15.357468019999999,150.0,0.0
71960,7285,3598,9,0.9653497934341431,0.0003,-0.3915335536003113,-2.0332775115966797,3597,0.13493844866752625,-15.357468019999999,150.0,0.0
71980,7285,3599,9,0.9488758444786072,0.0003,-0.5124047994613647,-2.072681427001953,3598,0.15473124384880066,-15.357468019999999,150.0,0.0
72000,7285,3600,9,0.9575714468955994,0.0003,-0.3986351191997528,-2.0773632526397705,3599,0.09468056261539459,-15.38594441,150.0,0.0
72020,7285,3601,9,0.9447413086891174,0.0003,-0.3185746967792511,-2.106948137283325,3600,0.08234722912311554,-15.38594441,150.0,0.0
72040,7285,3602,9,0.725939154624939,0.0003,-0.5172939896583557,-1.7311474084854126,3601,0.42620158195495605,-15.38594441,150.0,0.0
72060,7285,3603,9,0.9059323668479919,0.0003,-0.009666475467383862,-1.8205034732818604,3602,0.17919373512268066,-15.38594441,150.0,0.0
72080,7285,3604,9,0.9067881107330322,0.0003,-0.021427378058433533,-1.8632081747055054,3603,0.18979687988758087,-15.38594441,150.0,0.0
72100,7285,3605,9,0.7567557096481323,0.0003,1.6992137432098389,-1.8515357971191406,3604,2.2506051063537598,-15.38594441,150.0,0.0
72120,7285,3606,9,0.9437493681907654,0.0003,-0.21839168667793274,-1.9018523693084717,3605,0.5023908615112305,-15.38594441,150.0,0.0
72140,7285,3607,9,0.986918568611145,0.0003,0.033562056720256805,-1.9586474895477295,3606,0.15667159855365753,-15.38594441,150.0,0.0
72160,7285,3608,9,0.9671510457992554,0.0003,0.8257482647895813,-1.9053150415420532,3607,0.6544988751411438,-15.38594441,150.0,0.0
72180,7285,3609,9,0.9600723385810852,0.0003,0.52018803358078,-1.9963067770004272,3608,0.5968796014785767,-15.38594441,150.0,0.0
72200,7286,3610,9,0.9958058595657349,0.0003,0.03591161593794823,-2.040912389755249,3609,0.06793910264968872,-15.38594441,150.0,0.0
72220,7286,3611,9,0.9908483624458313,0.0003,0.16153495013713837,-2.052293062210083,3610,0.2118821144104004,-15.38594441,150.0,0.0
72240,7286,3612,9,0.989800214767456,0.0003,1.0444746017456055,-2.0692925453186035,3611,0.5308132171630859,-15.38594441,150.0,0.0
72260,7286,3613,9,0.9985888600349426,0.0003,1.0287199020385742,-2.058190107345581,3612,0.26863259077072144,-15.38594441,150.0,0.0
72280,7286,3614,9,0.9963306784629822,0.0003,-0.5383917093276978,-1.988520622253418,3613,0.17256881296634674,-15.38594441,150.0,0.0
72300,7286,3615,9,0.9986768364906311,0.0003,-0.026606302708387375,-2.0529911518096924,3614,0.039710432291030884,-15.38594441,150.0,0.0
72320,7286,3616,9,0.9986469149589539,0.0003,-0.3329189419746399,-2.024613857269287,3615,0.06432715058326721,-15.38594441,150.0,0.0
72340,7286,3617,9,0.997835099697113,0.0003,-0.09005752950906754,-2.085716962814331,3616,0.0853169858455658,-15.38594441,150.0,0.0
72360,7287,3618,9,0.9986549019813538,0.0003,-0.4161182940006256,-2.0068199634552,3617,0.08078917115926743,-15.38594441,150.0,0.0
72380,7287,3619,9,0.9977839589118958,0.0003,-0.404414564371109,-1.9034721851348877,3618,0.11133231967687607,-15.38594441,150.0,0.0
72400,7287,3620,9,0.9985685348510742,0.0003,-0.01736133173108101,-1.951244592666626,3619,0.043721430003643036,-15.38594441,150.0,0.0
72420,7287,3621,9,0.995864987373352,0.0003,0.08418526500463486,-2.0018293857574463,3620,0.13605299592018127,-15.38594441,150.0,0.0
72440,7288,3622,9,0.9969820380210876,0.0003,-0.27890461683273315,-2.0314412117004395,3621,0.10136206448078156,-15.38594441,150.0,0.0
72460,7288,3623,9,0.9974026679992676,0.0003,-0.24742373824119568,-2.0628108978271484,3622,0.0797135978937149,-15.38594441,150.0,0.0
72480,7288,3624,9,0.997145414352417,0.0003,-0.47107943892478943,-2.0853888988494873,3623,0.10033693164587021,-15.38594441,150.0,0.0
72500,7288,3625,9,0.9971526265144348,0.0003,-0.14324147999286652,-2.0707924365997314,3624,0.04477204754948616,-15.38594441,150.0,0.0
72520,7288,3626,9,0.9924401640892029,0.0003,-0.4050815999507904,-2.104494571685791,3625,0.10554870218038559,-15.38594441,150.0,0.0
72540,7288,3627,9,0.9893026947975159,0.0003,0.11478090286254883,-2.0912013053894043,3626,0.06951522827148438,-15.38594441,150.0,0.0
72560,7288,3628,9,0.9881321787834167,0.0003,0.026271600276231766,-2.093834400177002,3627,0.09362379461526871,-15.38594441,150.0,0.0
72580,7289,3629,9,0.9955236911773682,0.0003,-0.019393712282180786,-2.0989272594451904,3628,0.03858356177806854,-15.38594441,150.0,0.0
72600,7288,3630,9,0.9897056221961975,0.0003,-0.07141847908496857,-2.108489990234375,3629,0.06862327456474304,-15.39233368,150.0,0.0
72620,7289,3631,9,0.9866900444030762,0.0003,0.18654672801494598,-2.1022751331329346,3630,0.06009460613131523,-15.39233368,150.0,0.0
72640,7289,3632,9,0.8779142498970032,0.0003,-0.9596248865127563,-1.846212387084961,3631,0.6632004976272583,-15.39233368,150.0,0.0
72660,7288,3633,9,0.9180348515510559,0.0003,0.29879146814346313,-1.879587173461914,3632,0.37619733810424805,-15.39233368,150.0,0.0
72680,7289,3634,9,0.9266000390052795,0.0003,-1.2988502979278564,-1.8562755584716797,3633,1.0564510822296143,-15.39233368,150.0,0.0
72700,7289,3635,9,0.9903365969657898,0.0003,-0.552991509437561,-1.8762871026992798,3634,0.13770118355751038,-15.39233368,150.0,0.0
72720,7289,3636,9,0.9874558448791504,0.0003,0.08310724794864655,-1.9202724695205688,3635,0.10973656177520752,-15.39233368,150.0,0.0
72740,7289,3637,9,0.9757976531982422,0.0003,-0.6658880710601807,-1.922628402709961,3636,0.2978602349758148,-15.39233368,150.0,0.0
72760,7289,3638,9,0.9861660003662109,0.0003,-0.23115749657154083,-1.9581539630889893,3637,0.14866404235363007,-15.39233368,150.0,0.0
72780,7289,3639,9,0.9787920713424683,0.0003,-0.1654416024684906,-2.0322046279907227,3638,0.1737234890460968,-15.39233368,150.0,0.0
72800,7289,3640,9,0.9594725370407104,0.0003,-0.6541210412979126,-2.0435404777526855,3639,0.3024527132511139,-15.39233368,150.0,0.0
72820,7289,3641,9,0.9810582399368286,0.0003,-0.2985072135925293,-2.0596437454223633,3640,0.08669411391019821,-15.39233368,150.0,0.0
72840,7290,3642,9,0.9434419870376587,0.0003,0.5135321021080017,-2.0579135417938232,3641,0.2711416184902191,-15.39233368,150.0,0.0
72860,7290,3643,9,0.9925575256347656,0.0003,0.13067801296710968,-2.0755934715270996,3642,0.026383686810731888,-15.39233368,150.0,0.0
72880,7290,3644,9,0.8559104204177856,0.0003,1.3567472696304321,-2.0530076026916504,3643,1.3029097318649292,-15.39233368,150.0,0.0
72900,7290,3645,9,0.7433502078056335,0.0003,2.087850332260132,-2.005648374557495,3644,2.8263192176818848,-15.39233368,150.0,0.0
72920,7290,3646,10,0.9867898225784302,0.0003,-0.2221084088087082,-2.043024778366089,3645,0.06138988584280014,-15.39233368,150.0,0.0
72940,7290,3647,10,0.9873099327087402,0.0003,0.07972924411296844,-2.0346198081970215,3646,0.04191148281097412,-15.39233368,150.0,0.0
72960,7290,3648,10,0.9950584173202515,0.0003,0.018865320831537247,-2.0565338134765625,3647,0.013954314403235912,-15.39233368,150.0,0.0
72980,7291,3649,10,0.9212558269500732,0.0003,-0.13710269331932068,-2.0702402591705322,3648,0.1611669510602951,-15.39233368,150.0,0.0
73000,7291,3650,10,0.9625433087348938,0.0003,-0.15215104818344116,-2.0684120655059814,3649,0.047754399478435516,-15.39233368,150.0,0.0
73020,7291,3651,10,0.8445764780044556,0.0003,0.13748694956302643,-2.0957889556884766,3650,0.09471679478883743,-15.39233368,150.0,0.0
73040,7291,3652,10,0.13324981927871704,0.0003,-0.106035515666008,-2.0996029376983643,3651,0.16983044147491455,-15.39233368,150.0,0.0
73060,7292,3653,10,-0.17997479438781738,0.0003,0.022510454058647156,-2.109694004058838,3652,0.09989786148071289,-15.39233368,150.0,0.0
73080,7292,3654,10,-0.6462453603744507,0.0003,-0.16477973759174347,-2.1184515953063965,3653,0.0850398987531662,-15.39233368,150.0,0.0
73100,7292,3655,10,0.18985944986343384,0.0003,-0.17224270105361938,-2.122303009033203,3654,0.036655496805906296,-15.39233368,150.0,0.0
73120,7292,3656,10,-0.1985790729522705,0.0003,-0.6078723669052124,-2.1091666221618652,3655,0.14556750655174255,-15.39233368,150.0,0.0
73140,7292,3657,10,0.0027855634689331055,0.0003,-0.30355629324913025,-2.089951992034912,3656,0.06979991495609283,-15.39233368,150.0,0.0
73160,7292,3658,10,-0.0489957332611084,0.0003,-0.26378318667411804,-2.0981953144073486,3657,0.0687253326177597,-15.39233368,150.0,0.0
73180,7292,3659,10,-0.12678766250610352,0.0003,0.05854235962033272,-2.1162242889404297,3658,0.032205164432525635,-15.39233368,150.0,0.0
73200,7292,3660,10,0.05127835273742676,0.0003,0.05935534089803696,-2.117429494857788,3659,0.018121324479579926,-15.60527083,150.0,0.0
73220,7293,3661,10,-0.05212962627410889,0.0003,-0.03982087969779968,-2.1180007457733154,3660,0.06384028494358063,-15.60527083,150.0,0.0
73240,7293,3662,10,0.8654530048370361,0.0003,-0.09106985479593277,-1.8061192035675049,3661,0.14298728108406067,-15.60527083,150.0,0.0
73260,7293,3663,10,0.7416040897369385,0.0003,0.5951220393180847,-1.900030493736267,3662,0.2846960425376892,-15.60527083,150.0,0.0
73280,7293,3664,10,0.8239163160324097,0.0003,0.33653879165649414,-1.8921947479248047,3663,0.24600978195667267,-15.60527083,150.0,0.0
73300,7293,3665,10,0.9321967959403992,0.0003,-0.25804075598716736,-1.906616449356079,3664,0.08141223341226578,-15.60527083,150.0,0.0
73320,7293,3666,10,0.6001666784286499,0.0003,0.9820073843002319,-1.8936630487442017,3665,0.8657261729240417,-15.60527083,150.0,0.0
73340,7293,3667,10,0.8538606762886047,0.0003,-0.06198098510503769,-1.9204574823379517,3666,0.210715651512146,-15.60527083,150.0,0.0
73360,7294,3668,10,0.8846455812454224,0.0003,-0.18631069362163544,-1.9467309713363647,3667,0.16583077609539032,-15.60527083,150.0,0.0
73380,7294,3669,10,0.9530543684959412,0.0003,0.037366144359111786,-1.9825570583343506,3668,0.060208357870578766,-15.60527083,150.0,0.0
73400,7294,3670,10,0.8924762010574341,0.0003,0.512295126914978,-2.009317398071289,3669,0.21101215481758118,-15.60527083,150.0,0.0
73420,7294,3671,10,0.8517422080039978,0.0003,0.31106746196746826,-2.038269519805908,3670,0.26887327432632446,-15.60527083,150.0,0.0
73440,7294,3672,10,0.8550294637680054,0.0003,0.7912048101425171,-2.0863823890686035,3671,0.306401789188385,-15.60527083,150.0,0.0
73460,7295,3673,10,0.6837649941444397,0.0003,0.7573215961456299,-2.0685677528381348,3672,0.4018343985080719,-15.60527083,150.0,0.0
73480,7295,3674,10,0.9431466460227966,0.0003,-0.44138842821121216,-2.063483476638794,3673,0.1050800308585167,-15.60527083,150.0,0.0
73500,7295,3675,10,0.6434637308120728,0.0003,0.7461403608322144,-2.0849318504333496,3674,0.844814658164978,-15.60527083,150.0,0.0
73520,7295,3676,10,0.9299300909042358,0.0003,-0.4046071171760559,-2.1130917072296143,3675,0.10817146301269531,-15.60527083,150.0,0.0
73540,7295,3677,10,0.2294902801513672,0.0003,1.199413776397705,-2.0720553398132324,3676,1.5601136684417725,-15.60527083,150.0,0.0
73560,7295,3678,10,0.774676501750946,0.0003,-0.0977242961525917,-2.1089229583740234,3677,0.1032135859131813,-15.60527083,150.0,0.0
73580,7295,3679,10,0.4645345211029053,0.0003,0.5698727369308472,-2.097249984741211,3678,1.4677205085754395,-15.60527083,150.0,0.0
73600,7295,3680,10,0.761590838432312,0.0003,0.30960696935653687,-2.0892410278320312,3679,0.6704246997833252,-15.60527083,150.0,0.0
73620,7295,3681,10,0.9896559119224548,0.0003,-0.22186675667762756,-2.1125271320343018,3680,0.025007272139191628,-15.60527083,150.0,0.0
73640,7296,3682,10,0.868200957775116,0.0003,0.43161362409591675,-2.1250014305114746,3681,0.1439376175403595,-15.60527083,150.0,0.0
73660,7296,3683,10,0.9454554319381714,0.0003,0.2929113209247589,-2.1281161308288574,3682,0.053872980177402496,-15.60527083,150.0,0.0
73680,7296,3684,10,0.6374036073684692,0.0003,0.9176341891288757,-2.1250298023223877,3683,1.1595802307128906,-15.60527083,150.0,0.0
73700,7296,3685,10,0.9858517646789551,0.0003,-0.026060203090310097,-2.1157069206237793,3684,0.011520752683281898,-15.60527083,150.0,0.0
73720,7296,3686,10,0.8074318170547485,0.0003,0.2683687210083008,-2.108921766281128,3685,0.2209785431623459,-15.60527083,150.0,0.0
73740,7296,3687,10,0.042391061782836914,0.0003,0.5592944622039795,-2.1147210597991943,3686,0.8862131237983704,-15.60527083,150.0,0.0
73760,7296,3688,10,0.9293161630630493,0.0003,-0.07210610061883926,-2.0503947734832764,3687,0.02421041950583458,-15.60527083,150.0,0.0
73780,7296,3689,10,0.8938243389129639,0.0003,-0.23647232353687286,-2.0584521293640137,3688,0.05045221000909805,-15.60527083,150.0,0.0
73800,7296,3690,10,0.919998049736023,0.0003,0.08232291787862778,-2.0941507816314697,3689,0.013259440660476685,-15.493486799999996,150.0,0.0
73820,7296,3691,10,0.7771056294441223,0.0003,0.30813032388687134,-2.0971293449401855,3690,0.0451175794005394,-15.493486799999996,150.0,0.0
73840,7296,3692,10,0.7699692249298096,0.0003,-0.3459245562553406,-1.7287099361419678,3691,0.17440056800842285,-15.493486799999996,150.0,0.0
73860,7297,3693,10,0.8972294926643372,0.0003,-0.3065023720264435,-1.7975391149520874,3692,0.21032175421714783,-15.493486799999996,150.0,0.0
73880,7297,3694,10,0.9548178315162659,0.0003,-0.5052553415298462,-1.8058515787124634,3693,0.2117079198360443,-15.493486799999996,150.0,0.0
73900,7297,3695,10,0.9199009537696838,0.0003,0.026631593704223633,-1.8274142742156982,3694,0.2682786285877228,-15.493486799999996,150.0,0.0
73920,7297,3696,10,0.8700048327445984,0.0003,0.9202569723129272,-1.839881181716919,3695,0.9714902639389038,-15.493486799999996,150.0,0.0
73940,7297,3697,10,0.9710671901702881,0.0003,0.014312392100691795,-1.8563312292099,3696,0.10785581171512604,-15.493486799999996,150.0,0.0
73960,7297,3698,10,0.9050468802452087,0.0003,0.23251232504844666,-1.9319474697113037,3697,0.2638174295425415,-15.493486799999996,150.0,0.0
73980,7297,3699,10,0.8567237854003906,0.0003,-0.17698383331298828,-1.9464985132217407,3698,0.25488319993019104,-15.493486799999996,150.0,0.0
74000,7297,3700,10,0.8964740633964539,0.0003,0.3563053011894226,-1.9770381450653076,3699,0.14506876468658447,-15.493486799999996,150.0,0.0
74020,7297,3701,10,0.9451002478599548,0.0003,0.01908525824546814,-2.028730869293213,3700,0.04980667307972908,-15.493486799999996,150.0,0.0
74040,7297,3702,10,0.8629835844039917,0.0003,0.17903418838977814,-2.0410754680633545,3701,0.07087519764900208,-15.493486799999996,150.0,0.0
74060,7298,3703,10,0.5968390703201294,0.0003,0.35415831208229065,-2.0781350135803223,3702,0.22180858254432678,-15.493486799999996,150.0,0.0
74080,7298,3704,10,0.6550662517547607,0.0003,0.1508275419473648,-2.0954651832580566,3703,0.0929342657327652,-15.493486799999996,150.0,0.0
74100,7298,3705,10,0.3907761573791504,0.0003,-0.22661760449409485,-2.1203529834747314,3704,0.2551456093788147,-15.493486799999996,150.0,0.0
74120,7298,3706,10,0.8132588863372803,0.0003,0.23370793461799622,-2.104482650756836,3705,0.1094307079911232,-15.493486799999996,150.0,0.0
74140,7298,3707,10,0.6717308163642883,0.0003,0.27974820137023926,-2.093742847442627,3706,0.448155015707016,-15.493486799999996,150.0,0.0
74160,7298,3708,10,0.7193853855133057,0.0003,0.5390273332595825,-2.0333898067474365,3707,0.7035913467407227,-15.493486799999996,150.0,0.0
74180,7298,3709,10,0.7636621594429016,0.0003,0.5475652813911438,-2.0270113945007324,3708,0.723153293132782,-15.493486799999996,150.0,0.0
74200,7298,3710,10,0.964534342288971,0.0003,-0.196855366230011,-1.9584815502166748,3709,0.04548329859972,-15.493486799999996,150.0,0.0
74220,7298,3711,10,0.8878117799758911,0.0003,-0.3603939414024353,-2.014137029647827,3710,0.09699764102697372,-15.493486799999996,150.0,0.0
74240,7299,3712,10,0.7903441190719604,0.0003,-0.3119489848613739,-1.9961353540420532,3711,0.14038825035095215,-15.493486799999996,150.0,0.0
74260,7299,3713,10,0.8676145076751709,0.0003,-0.7152858972549438,-2.0326359272003174,3712,0.15532496571540833,-15.493486799999996,150.0,0.0
74280,7299,3714,10,0.35195648670196533,0.0003,-0.662373423576355,-2.0205159187316895,3713,0.15541741251945496,-15.493486799999996,150.0,0.0
74300,7299,3715,10,-0.18558645248413086,0.0003,-0.659182071685791,-2.0412800312042236,3714,0.16522283852100372,-15.493486799999996,150.0,0.0
74320,7299,3716,10,0.26032567024230957,0.0003,-0.5483024716377258,-2.07163405418396,3715,0.10049426555633545,-15.493486799999996,150.0,0.0
74340,7299,3717,10,-0.12318682670593262,0.0003,-0.49185705184936523,-2.0417847633361816,3716,0.12525209784507751,-15.493486799999996,150.0,0.0
74360,7299,3718,10,0.09617656469345093,0.0003,-0.7438437938690186,-2.0279948711395264,3717,0.24159839749336243,-15.493486799999996,150.0,0.0
74380,7300,3719,10,0.1972540020942688,0.0003,-0.43376031517982483,-2.062070369720459,3718,0.10019443929195404,-15.493486799999996,150.0,0.0
74400,7300,3720,10,0.19788122177124023,0.0003,-0.2837168574333191,-2.068452835083008,3719,0.08468107134103775,-15.3188969,150.0,0.0
74420,7300,3721,10,0.1765848994255066,0.0003,-0.40473175048828125,-2.070904493331909,3720,0.14199015498161316,-15.3188969,150.0,0.0
74440,7300,3722,10,0.8438084125518799,0.0003,0.36931008100509644,-1.7426831722259521,3721,0.32967910170555115,-15.3188969,150.0,0.0
74460,7300,3723,10,0.8802365660667419,0.0003,-0.1921112835407257,-1.774031400680542,3722,0.44534429907798767,-15.3188969,150.0,0.0
74480,7300,3724,10,0.9489678740501404,0.0003,-0.5480070114135742,-1.7681198120117188,3723,0.34263625741004944,-15.3188969,150.0,0.0
74500,7300,3725,10,0.968449056148529,0.0003,0.22783653438091278,-1.7727009057998657,3724,0.2780189514160156,-15.3188969,150.0,0.0
74520,7300,3726,10,0.9795773029327393,0.0003,-0.33675146102905273,-1.8025553226470947,3725,0.17026589810848236,-15.3188969,150.0,0.0
74540,7300,3727,10,0.9629148840904236,0.0003,0.4478951096534729,-1.8592884540557861,3726,0.38123878836631775,-15.3188969,150.0,0.0
74560,7300,3728,10,0.9829134345054626,0.0003,-0.22857236862182617,-1.8380498886108398,3727,0.14128291606903076,-15.3188969,150.0,0.0
74580,7300,3729,10,0.9935747981071472,0.0003,-0.14606404304504395,-1.9211604595184326,3728,0.05444185808300972,-15.3188969,150.0,0.0
74600,7300,3730,10,0.9920212626457214,0.0003,0.23417183756828308,-1.9695650339126587,3729,0.07391160726547241,-15.3188969,150.0,0.0
74620,7300,3731,10,0.9890357255935669,0.0003,0.015282106585800648,-2.0385284423828125,3730,0.10062515735626221,-15.3188969,150.0,0.0
74640,7300,3732,10,0.9707372188568115,0.0003,0.27333420515060425,-2.0881519317626953,3731,0.3766174912452698,-15.3188969,150.0,0.0
74660,7301,3733,10,0.9863736033439636,0.0003,0.13164430856704712,-2.1005313396453857,3732,0.1716492474079132,-15.3188969,150.0,0.0
74680,7301,3734,10,0.9254969954490662,0.0003,1.1140854358673096,-1.9820518493652344,3733,1.6061099767684937,-15.3188969,150.0,0.0
74700,7301,3735,10,0.9486419558525085,0.0003,-0.3729512691497803,-2.1089584827423096,3734,0.5943893194198608,-15.3188969,150.0,0.0
74720,7301,3736,10,0.8874682784080505,0.0003,0.49891605973243713,-2.0736584663391113,3735,0.7170179486274719,-15.3188969,150.0,0.0
74740,7301,3737,10,0.9089463949203491,0.0003,0.5367890000343323,-2.097121477127075,3736,0.44984832406044006,-15.3188969,150.0,0.0
74760,7301,3738,10,0.9332518577575684,0.0003,0.23112735152244568,-2.017411708831787,3737,0.22365908324718475,-15.3188969,150.0,0.0
74780,7301,3739,10,0.9848370552062988,0.0003,-0.5415729284286499,-1.9993603229522705,3738,0.11718960851430893,-15.3188969,150.0,0.0
74800,7301,3740,10,0.3779371976852417,0.0003,0.8651319742202759,-2.013458251953125,3739,1.0052608251571655,-15.3188969,150.0,0.0
74820,7302,3741,10,0.9758342504501343,0.0003,-0.03836992383003235,-2.082603931427002,3740,0.030611297115683556,-15.3188969,150.0,0.0
74840,7302,3742,10,0.8616930842399597,0.0003,0.2670252323150635,-2.055850028991699,3741,0.14531484246253967,-15.3188969,150.0,0.0
74860,7302,3743,10,0.9768144488334656,0.0003,-0.05628197267651558,-2.0374977588653564,3742,0.023072991520166397,-15.3188969,150.0,0.0
74880,7302,3744,10,0.9636418223381042,0.0003,-0.18276706337928772,-2.0999016761779785,3743,0.04884084314107895,-15.3188969,150.0,0.0
74900,7302,3745,10,0.9697449207305908,0.0003,0.07674817740917206,-2.083331823348999,3744,0.03248114138841629,-15.3188969,150.0,0.0
74920,7302,3746,10,0.8163444399833679,0.0003,0.33763736486434937,-2.0768635272979736,3745,0.15815728902816772,-15.3188969,150.0,0.0
74940,7302,3747,10,0.5776917338371277,0.0003,0.7847355008125305,-2.0855324268341064,3746,0.47563743591308594,-15.3188969,150.0,0.0
74960,7302,3748,10,0.9581495523452759,0.0003,0.4076625406742096,-2.0733590126037598,3747,0.07397406548261642,-15.3188969,150.0,0.0
74980,7302,3749,10,0.122408926486969,0.0003,1.1180503368377686,-2.0335726737976074,3748,0.9348969459533691,-15.3188969,150.0,0.0
75000,7299,3750,10,0.9168280363082886,0.0003,0.2972055673599243,-2.0445005893707275,3749,0.07957644760608673,-15.152376779999999,150.0,0.0
75020,7299,3751,10,0.9008894562721252,0.0003,0.10402442514896393,-2.0744597911834717,3750,0.04299107939004898,-15.152376779999999,150.0,0.0
75040,7300,3752,10,0.8458781242370605,0.0003,0.2170650064945221,-1.8054660558700562,3751,0.5151842832565308,-15.152376779999999,150.0,0.0
75060,7300,3753,10,0.9383006691932678,0.0003,0.569713830947876,-1.8536376953125,3752,0.3609323501586914,-15.152376779999999,150.0,0.0
75080,7300,3754,10,0.9376115202903748,0.0003,-0.5417027473449707,-1.8512165546417236,3753,0.612013041973114,-15.152376779999999,150.0,0.0
75100,7300,3755,10,0.9629400968551636,0.0003,0.5009522438049316,-1.8531758785247803,3754,0.4260982573032379,-15.152376779999999,150.0,0.0
75120,7300,3756,10,0.9328926205635071,0.0003,0.24651026725769043,-1.8649895191192627,3755,0.8197845220565796,-15.152376779999999,150.0,0.0
75140,7300,3757,10,0.8931384682655334,0.0003,0.2280043065547943,-1.8850929737091064,3756,1.2243791818618774,-15.152376779999999,150.0,0.0
75160,7300,3758,10,0.9268289804458618,0.0003,0.3860142230987549,-1.8588435649871826,3757,0.9161320924758911,-15.152376779999999,150.0,0.0
75180,7300,3759,10,0.9811846017837524,0.0003,-0.3912211060523987,-1.9253002405166626,3758,0.3309626579284668,-15.152376779999999,150.0,0.0
75200,7300,3760,10,0.9928890466690063,0.0003,-0.7488542795181274,-2.026970386505127,3759,0.20127101242542267,-15.152376779999999,150.0,0.0
75220,7300,3761,10,0.9970558285713196,0.0003,-0.3060891628265381,-2.0590007305145264,3760,0.06007056310772896,-15.152376779999999,150.0,0.0
75240,7300,3762,10,0.9577778577804565,0.0003,0.5519070625305176,-2.0433220863342285,3761,0.5856835246086121,-15.152376779999999,150.0,0.0
75260,7300,3763,10,0.8802324533462524,0.0003,0.9437350034713745,-2.072272539138794,3762,2.325535297393799,-15.152376779999999,150.0,0.0
75280,7300,3764,10,0.9788081645965576,0.0003,0.3282237946987152,-2.1177220344543457,3763,0.4481545090675354,-15.152376779999999,150.0,0.0
75300,7300,3765,10,0.977910578250885,0.0003,-0.9745251536369324,-2.085277557373047,3764,0.6835288405418396,-15.152376779999999,150.0,0.0
75320,7300,3766,10,0.9934541583061218,0.0003,-0.08910689502954483,-2.116292953491211,3765,0.11027808487415314,-15.152376779999999,150.0,0.0
75340,7300,3767,10,0.9787251949310303,0.0003,-0.24223847687244415,-2.1102383136749268,3766,0.3431285321712494,-15.152376779999999,150.0,0.0
75360,7300,3768,10,0.9940246343612671,0.0003,0.09050653874874115,-2.120844841003418,3767,0.07386254519224167,-15.152376779999999,150.0,0.0
75380,7300,3769,10,0.993395984172821,0.0003,0.2983422875404358,-2.1124444007873535,3768,0.09184487164020538,-15.152376779999999,150.0,0.0
75400,7300,3770,10,0.9788987040519714,0.0003,0.2968185544013977,-2.1061553955078125,3769,0.29594507813453674,-15.152376779999999,150.0,0.0
75420,7301,3771,10,0.977556049823761,0.0003,-0.19371286034584045,-2.083259105682373,3770,0.2557606101036072,-15.152376779999999,150.0,0.0
75440,7301,3772,10,0.9983946681022644,0.0003,0.048760347068309784,-2.0983293056488037,3771,0.014241066761314869,-15.152376779999999,150.0,0.0
75460,7301,3773,10,0.9760857820510864,0.0003,-0.6319746375083923,-2.109768867492676,3772,0.26362842321395874,-15.152376779999999,150.0,0.0
75480,7301,3774,10,0.9746847152709961,0.0003,-0.2555050849914551,-2.1112523078918457,3773,0.1571890115737915,-15.152376779999999,150.0,0.0
75500,7301,3775,10,0.9713459014892578,0.0003,-0.2871515154838562,-2.0753026008605957,3774,0.1467738002538681,-15.152376779999999,150.0,0.0
75520,7301,3776,10,0.9873698949813843,0.0003,-0.2986556589603424,-2.0601630210876465,3775,0.07045867294073105,-15.152376779999999,150.0,0.0
75540,7301,3777,10,0.9905412197113037,0.0003,-0.10909058898687363,-2.0931949615478516,3776,0.034631602466106415,-15.152376779999999,150.0,0.0
75560,7301,3778,10,0.9809926748275757,0.0003,-0.19249451160430908,-2.0966382026672363,3777,0.06028582528233528,-15.152376779999999,150.0,0.0
75580,7302,3779,10,0.9740378856658936,0.0003,-0.09982583671808243,-2.1046106815338135,3778,0.07933966815471649,-15.152376779999999,150.0,0.0
75600,7302,3780,10,0.9866532683372498,0.0003,0.2768821120262146,-2.100533962249756,3779,0.054033517837524414,-14.757110339999999,150.0,0.0
75620,7302,3781,10,0.9847524166107178,0.0003,0.1693822592496872,-2.087923526763916,3780,0.05597953870892525,-14.757110339999999,150.0,0.0
75640,7302,3782,10,0.5268505811691284,0.0003,0.4820566177368164,-1.7668797969818115,3781,1.360055923461914,-14.757110339999999,150.0,0.0
75660,7302,3783,10,0.8825051188468933,0.0003,-1.2897922992706299,-1.839550256729126,3782,1.0059807300567627,-14.757110339999999,150.0,0.0
75680,7302,3784,10,0.9609856605529785,0.0003,-0.7147493362426758,-1.8697818517684937,3783,0.4295836389064789,-14.757110339999999,150.0,0.0
75700,7302,3785,10,0.9714016318321228,0.0003,-0.5961913466453552,-1.887812852859497,3784,0.4445367753505707,-14.757110339999999,150.0,0.0
75720,7302,3786,10,0.9885498285293579,0.0003,-0.12100233882665634,-1.9459869861602783,3785,0.16348357498645782,-14.757110339999999,150.0,0.0
75740,7302,3787,10,0.977491021156311,0.0003,0.6139082312583923,-1.9306275844573975,3786,0.6374685764312744,-14.757110339999999,150.0,0.0
75760,7302,3788,10,0.9932647347450256,0.0003,-0.15341323614120483,-1.951918601989746,3787,0.16763287782669067,-14.757110339999999,150.0,0.0
75780,7302,3789,10,0.9958990812301636,0.0003,-0.018900489434599876,-2.010761260986328,3788,0.08271493017673492,-14.757110339999999,150.0,0.0
75800,7303,3790,10,0.9884213209152222,0.0003,0.05496961995959282,-2.03383469581604,3789,0.17075622081756592,-14.757110339999999,150.0,0.0
75820,7303,3791,10,0.9548138976097107,0.0003,0.6886451840400696,-1.9968217611312866,3790,0.5333584547042847,-14.757110339999999,150.0,0.0
75840,7303,3792,10,0.9717939496040344,0.0003,0.06116603687405586,-2.070021152496338,3791,0.24089881777763367,-14.757110339999999,150.0,0.0
75860,7303,3793,10,0.9752892255783081,0.0003,0.17923603951931,-2.1166884899139404,3792,0.19089607894420624,-14.757110339999999,150.0,0.0
75880,7303,3794,10,0.9382528066635132,0.0003,-0.4897283613681793,-2.014984607696533,3793,0.5441266298294067,-14.757110339999999,150.0,0.0
75900,7303,3795,10,0.9635601043701172,0.0003,0.5762814283370972,-2.109157085418701,3794,0.28482288122177124,-14.757110339999999,150.0,0.0
75920,7303,3796,10,0.9607788324356079,0.0003,-0.03806762769818306,-1.9945472478866577,3795,0.26420140266418457,-14.757110339999999,150.0,0.0
75940,7304,3797,10,0.9760462641716003,0.0003,-0.5636640191078186,-2.0488879680633545,3796,0.2666788697242737,-14.757110339999999,150.0,0.0
75960,7304,3798,10,0.9543179869651794,0.0003,0.025063062086701393,-2.048231840133667,3797,0.4103105664253235,-14.757110339999999,150.0,0.0
75980,7304,3799,10,0.9852363467216492,0.0003,-0.30040520429611206,-2.0056443214416504,3798,0.15291306376457214,-14.757110339999999,150.0,0.0
76000,7304,3800,10,0.9007360935211182,0.0003,1.5340831279754639,-2.066512107849121,3799,2.2131824493408203,-14.757110339999999,150.0,0.0
76020,7304,3801,10,0.974931538105011,0.0003,0.3029574751853943,-2.1090304851531982,3800,0.35429802536964417,-14.757110339999999,150.0,0.0
76040,7304,3802,10,0.9930615425109863,0.0003,-0.2635806202888489,-2.1124329566955566,3801,0.0932953730225563,-14.757110339999999,150.0,0.0
76060,7304,3803,10,0.8856613636016846,0.0003,0.6732627749443054,-2.0382723808288574,3802,1.7975902557373047,-14.757110339999999,150.0,0.0
76080,7305,3804,10,0.9839637279510498,0.0003,-0.6466248035430908,-2.0885722637176514,3803,0.22485169768333435,-14.757110339999999,150.0,0.0
76100,7305,3805,10,0.9956379532814026,0.0003,0.13255712389945984,-2.1040146350860596,3804,0.037489816546440125,-14.757110339999999,150.0,0.0
76120,7305,3806,10,0.9292923808097839,0.0003,0.7419314384460449,-2.096226453781128,3805,0.7352042198181152,-14.757110339999999,150.0,0.0
76140,7305,3807,10,0.9948503375053406,0.0003,-0.1251768320798874,-2.0319457054138184,3806,0.034603722393512726,-14.757110339999999,150.0,0.0
76160,7305,3808,10,0.9128834009170532,0.0003,0.036308400332927704,-2.034820318222046,3807,0.6126703023910522,-14.757110339999999,150.0,0.0
76180,7305,3809,10,0.986565351486206,0.0003,-0.22460636496543884,-2.0805110931396484,3808,0.07036395370960236,-14.757110339999999,150.0,0.0
76200,7304,3810,10,0.9872156381607056,0.0003,-0.37273308634757996,-2.0965123176574707,3809,0.06777311861515045,-14.404366000000003,150.0,0.0
76220,7305,3811,10,0.8908869028091431,0.0003,0.3407859206199646,-2.1044957637786865,3810,0.2887249290943146,-14.404366000000003,150.0,0.0
76240,7305,3812,10,0.928980827331543,0.0003,-0.20035381615161896,-1.6550896167755127,3811,0.08036390691995621,-14.404366000000003,150.0,0.0
76260,7305,3813,10,0.7809537053108215,0.0003,-0.6689159870147705,-1.6543591022491455,3812,0.4992488920688629,-14.404366000000003,150.0,0.0
76280,7305,3814,10,0.9629599452018738,0.0003,-0.4341677129268646,-1.7268701791763306,3813,0.12706038355827332,-14.404366000000003,150.0,0.0
76300,7305,3815,10,0.7311627864837646,0.0003,-0.5557166337966919,-1.7830493450164795,3814,0.36926397681236267,-14.404366000000003,150.0,0.0
76320,7305,3816,10,0.8441698551177979,0.0003,0.726500391960144,-1.7838542461395264,3815,0.5686365365982056,-14.404366000000003,150.0,0.0
76340,7305,3817,10,0.8756420016288757,0.0003,0.4785965085029602,-1.7749923467636108,3816,0.30488258600234985,-14.404366000000003,150.0,0.0
76360,7305,3818,10,0.9656049013137817,0.0003,0.3027471899986267,-1.847851037979126,3817,0.11938092857599258,-14.404366000000003,150.0,0.0
76380,7305,3819,10,0.9691240191459656,0.0003,0.22276988625526428,-1.882899284362793,3818,0.09823524206876755,-14.404366000000003,150.0,0.0
76400,7305,3820,10,0.9325631260871887,0.0003,0.3408678472042084,-1.9356921911239624,3819,0.25118488073349,-14.404366000000003,150.0,0.0
76420,7306,3821,10,0.9893865585327148,0.0003,0.6621699333190918,-1.9746824502944946,3820,0.14510762691497803,-14.404366000000003,150.0,0.0
76440,7306,3822,10,0.977979838848114,0.0003,-0.36136236786842346,-1.9838253259658813,3821,0.12110844999551773,-14.404366000000003,150.0,0.0
76460,7306,3823,10,0.9746993184089661,0.0003,-0.4413225054740906,-1.9872543811798096,3822,0.15674269199371338,-14.404366000000003,150.0,0.0
76480,7306,3824,10,0.9812146425247192,0.0003,-0.29789477586746216,-2.009125232696533,3823,0.1166168674826622,-14.404366000000003,150.0,0.0
76500,7306,3825,10,0.970305860042572,0.0003,0.2304265946149826,-2.0260658264160156,3824,0.1930946409702301,-14.404366000000003,150.0,0.0
76520,7306,3826,10,0.9861350655555725,0.0003,-0.14788144826889038,-2.014819383621216,3825,0.09851197898387909,-14.404366000000003,150.0,0.0
76540,7307,3827,10,0.9867333769798279,0.0003,-0.4817992150783539,-2.069446563720703,3826,0.11106459051370621,-14.404366000000003,150.0,0.0
76560,7307,3828,10,0.9782584309577942,0.0003,0.17192330956459045,-2.0037360191345215,3827,0.09491080045700073,-14.404366000000003,150.0,0.0
76580,7307,3829,10,0.9836190342903137,0.0003,-0.09997214376926422,-1.9535080194473267,3828,0.07992205023765564,-14.404366000000003,150.0,0.0
76600,7307,3830,10,0.992535412311554,0.0003,0.09884760528802872,-2.029104709625244,3829,0.03608627989888191,-14.404366000000003,150.0,0.0
76620,7307,3831,10,0.9887339472770691,0.0003,-0.14461760222911835,-2.050856351852417,3830,0.04448675736784935,-14.404366000000003,150.0,0.0
76640,7307,3832,10,0.9931486248970032,0.0003,-0.21422362327575684,-1.9959228038787842,3831,0.03295264393091202,-14.404366000000003,150.0,0.0
76660,7307,3833,10,0.9841955900192261,0.0003,-0.1880827248096466,-2.027278423309326,3832,0.05364925414323807,-14.404366000000003,150.0,0.0
76680,7308,3834,10,0.9822116494178772,0.0003,-0.5026265978813171,-2.1048617362976074,3833,0.09151333570480347,-14.404366000000003,150.0,0.0
76700,7308,3835,10,0.9787127375602722,0.0003,-0.19852635264396667,-2.115553855895996,3834,0.03174104541540146,-14.404366000000003,150.0,0.0
76720,7308,3836,10,0.9807077050209045,0.0003,-0.2813848853111267,-2.0875322818756104,3835,0.034371595829725266,-14.404366000000003,150.0,0.0
76740,7308,3837,10,0.9177786707878113,0.0003,-0.2929784953594208,-2.1184380054473877,3836,0.0611124113202095,-14.404366000000003,150.0,0.0
76760,7308,3838,10,0.837022066116333,0.0003,-0.07187560945749283,-2.120778799057007,3837,0.03696901351213455,-14.404366000000003,150.0,0.0
76780,7308,3839,10,0.028783321380615234,0.0003,-0.3017469346523285,-2.0925745964050293,3838,0.13787749409675598,-14.404366000000003,150.0,0.0
76800,7308,3840,10,-0.09708476066589355,0.0003,-0.28496456146240234,-2.0974926948547363,3839,0.05432705953717232,-14.520650500000002,150.0,0.0
76820,7308,3841,10,0.3302273750305176,0.0003,-0.014933869242668152,-2.102116823196411,3840,0.023493021726608276,-14.520650500000002,150.0,0.0
76840,7309,3842,10,0.9593501091003418,0.0003,0.12987634539604187,-1.7095569372177124,3841,0.0407923087477684,-14.520650500000002,150.0,0.0
76860,7309,3843,10,0.5910294651985168,0.0003,0.6923360824584961,-1.739534616470337,3842,1.307886004447937,-14.520650500000002,150.0,0.0
76880,7309,3844,10,0.6430544853210449,0.0003,-0.427259624004364,-1.7947590351104736,3843,0.49870938062667847,-14.520650500000002,150.0,0.0
76900,7309,3845,10,-0.21735632419586182,0.0003,0.5183734893798828,-1.7737045288085938,3844,0.8404797315597534,-14.520650500000002,150.0,0.0
76920,7309,3846,10,0.9022154808044434,0.0003,-0.5175774097442627,-1.7790991067886353,3845,0.17632374167442322,-14.520650500000002,150.0,0.0
76940,7309,3847,10,0.8429528474807739,0.0003,-0.3104344308376312,-1.8065932989120483,3846,0.34109142422676086,-14.520650500000002,150.0,0.0
76960,7309,3848,10,0.8657267093658447,0.0003,0.13635005056858063,-1.8525631427764893,3847,0.6580084562301636,-14.520650500000002,150.0,0.0
76980,7309,3849,10,0.9403742551803589,0.0003,-0.8086263537406921,-1.8941434621810913,3848,0.6104832887649536,-14.520650500000002,150.0,0.0
77000,7309,3850,10,0.9705193638801575,0.0003,0.7932451367378235,-1.9347339868545532,3849,0.40502220392227173,-14.520650500000002,150.0,0.0
77020,7309,3851,10,0.983016848564148,0.0003,-0.19626936316490173,-2.0208005905151367,3850,0.1800958663225174,-14.520650500000002,150.0,0.0
77040,7309,3852,10,0.9852579832077026,0.0003,-0.038674745708703995,-2.002859115600586,3851,0.14811930060386658,-14.520650500000002,150.0,0.0
77060,7309,3853,10,0.9470490217208862,0.0003,0.022695351392030716,-2.0225424766540527,3852,0.36223524808883667,-14.520650500000002,150.0,0.0
77080,7309,3854,10,0.8777633309364319,0.0003,0.4182760715484619,-2.0236878395080566,3853,0.7623994946479797,-14.520650500000002,150.0,0.0
77100,7310,3855,10,0.795236349105835,0.0003,0.5393649339675903,-1.9492813348770142,3854,0.8763308525085449,-14.520650500000002,150.0,0.0
77120,7310,3856,10,0.8820304870605469,0.0003,0.849195122718811,-1.9874712228775024,3855,1.5430117845535278,-14.520650500000002,150.0,0.0
77140,7310,3857,10,0.9973479509353638,0.0003,0.06578831374645233,-2.049307346343994,3856,0.025911813601851463,-14.520650500000002,150.0,0.0
77160,7310,3858,10,0.9810488224029541,0.0003,0.3537176251411438,-2.0285840034484863,3857,0.19075417518615723,-14.520650500000002,150.0,0.0
77180,7310,3859,10,0.44218873977661133,0.0003,3.0227253437042236,-1.900739312171936,3858,8.35622787475586,-14.520650500000002,150.0,0.0
77200,7310,3860,10,0.9526900053024292,0.0003,0.31273096799850464,-1.9637283086776733,3859,0.7279078960418701,-14.520650500000002,150.0,0.0
77220,7310,3861,10,0.9901325702667236,0.0003,-0.6270006895065308,-2.007458448410034,3860,0.2961726784706116,-14.520650500000002,150.0,0.0
77240,7310,3862,10,0.9878767728805542,0.0003,-0.7090950012207031,-2.0638678073883057,3861,0.24359631538391113,-14.520650500000002,150.0,0.0
77260,7310,3863,10,0.8267576098442078,0.0003,0.1531037986278534,-2.052539348602295,3862,2.168715715408325,-14.520650500000002,150.0,0.0
77280,7311,3864,10,0.9599971771240234,0.0003,-0.5137412548065186,-2.08077073097229,3863,0.35130834579467773,-14.520650500000002,150.0,0.0
77300,7311,3865,10,0.9929164052009583,0.0003,-0.97090083360672,-2.0296289920806885,3864,0.22190479934215546,-14.520650500000002,150.0,0.0
77320,7311,3866,10,0.9741396903991699,0.0003,-0.4999787211418152,-2.086343288421631,3865,0.1878218650817871,-14.520650500000002,150.0,0.0
77340,7311,3867,10,0.9857292175292969,0.0003,-0.620079517364502,-2.0400593280792236,3866,0.16667042672634125,-14.520650500000002,150.0,0.0
77360,7311,3868,10,0.9866818189620972,0.0003,-0.31107378005981445,-1.9944452047348022,3867,0.08556737750768661,-14.520650500000002,150.0,0.0
77380,7311,3869,10,0.9806613326072693,0.0003,-0.05212349817156792,-2.029944658279419,3868,0.058733921498060226,-14.520650500000002,150.0,0.0
77400,7311,3870,10,0.9924312829971313,0.0003,-0.46112746000289917,-2.039290428161621,3869,0.06723624467849731,-14.385566160000002,150.0,0.0
77420,7311,3871,10,0.955207347869873,0.0003,-0.8078964948654175,-2.053157329559326,3870,0.17947855591773987,-14.385566160000002,150.0,0.0
77440,7311,3872,10,0.7308351993560791,0.0003,-0.8357294797897339,-1.6936378479003906,3871,0.5025085210800171,-14.385566160000002,150.0,0.0
77460,7312,3873,10,0.9067440629005432,0.0003,-0.7678889036178589,-1.758040189743042,3872,0.19878078997135162,-14.385566160000002,150.0,0.0
77480,7312,3874,10,0.7094520330429077,0.0003,-0.8494592905044556,-1.7374036312103271,3873,0.8538084030151367,-14.385566160000002,150.0,0.0
77500,7312,3875,10,0.8922880291938782,0.0003,-0.27598345279693604,-1.7709060907363892,3874,0.5374299883842468,-14.385566160000002,150.0,0.0
77520,7312,3876,10,0.898658275604248,0.0003,-0.4338102340698242,-1.8212578296661377,3875,0.726584255695343,-14.385566160000002,150.0,0.0
77540,7312,3877,10,0.9850710034370422,0.0003,-0.15244174003601074,-1.826317548751831,3876,0.1424364149570465,-14.385566160000002,150.0,0.0
77560,7312,3878,10,0.9563360810279846,0.0003,0.602737545967102,-1.8286516666412354,3877,0.8484586477279663,-14.385566160000002,150.0,0.0
77580,7312,3879,10,0.9540205597877502,0.0003,0.037550188601017,-1.8400154113769531,3878,0.6694896817207336,-14.385566160000002,150.0,0.0
77600,7312,3880,10,0.9952200651168823,0.0003,-0.030232036486268044,-1.893667221069336,3879,0.06389200687408447,-14.385566160000002,150.0,0.0
77620,7312,3881,10,0.9587633609771729,0.0003,0.01060718484222889,-2.011723041534424,3880,0.4633048176765442,-14.385566160000002,150.0,0.0
77640,7311,3882,10,0.931778073310852,0.0003,0.5917388200759888,-2.022740125656128,3881,0.576319694519043,-14.385566160000002,150.0,0.0
77660,7311,3883,10,0.9579399824142456,0.0003,-0.037903640419244766,-2.0388097763061523,3882,0.29003533720970154,-14.385566160000002,150.0,0.0
77680,7310,3884,10,0.6823583841323853,0.0003,1.4171249866485596,-2.0903236865997314,3883,2.722712993621826,-14.385566160000002,150.0,0.0
77700,7310,3885,10,0.992360532283783,0.0003,-0.20924977958202362,-2.142155170440674,3884,0.043227292597293854,-14.385566160000002,150.0,0.0
77720,7310,3886,10,0.9904521703720093,0.0003,-0.5861414670944214,-2.1406443119049072,3885,0.10645339637994766,-14.385566160000002,150.0,0.0
77740,7309,3887,10,0.878804087638855,0.0003,0.49326246976852417,-2.081674575805664,3886,0.4567875266075134,-14.385566160000002,150.0,0.0
77760,7309,3888,10,0.9473311901092529,0.0003,0.35211580991744995,-2.077263355255127,3887,0.24484705924987793,-14.385566160000002,150.0,0.0
77780,7309,3889,10,0.9948385953903198,0.0003,-0.08403825014829636,-1.9721587896347046,3888,0.01994311437010765,-14.385566160000002,150.0,0.0
77800,7308,3890,10,0.9953139424324036,0.0003,0.0797734409570694,-1.9995158910751343,3889,0.014472956769168377,-14.385566160000002,150.0,0.0
77820,7308,3891,10,0.9951952695846558,0.0003,0.06387478858232498,-2.009230852127075,3890,0.011264177039265633,-14.385566160000002,150.0,0.0
77840,7308,3892,10,0.5987368822097778,0.0003,0.8808298110961914,-2.0589897632598877,3891,1.2113739252090454,-14.385566160000002,150.0,0.0
77860,7308,3893,10,0.994206428527832,0.0003,0.007893247529864311,-2.110307455062866,3892,0.007326147519052029,-14.385566160000002,150.0,0.0
77880,7308,3894,10,0.9733684062957764,0.0003,-0.21705201268196106,-2.089693784713745,3893,0.03723973035812378,-14.385566160000002,150.0,0.0
77900,7308,3895,10,0.7205855846405029,0.0003,0.37100696563720703,-2.0709497928619385,3894,0.20304623246192932,-14.385566160000002,150.0,0.0
77920,7308,3896,10,0.954003632068634,0.0003,-0.09255930036306381,-2.0493311882019043,3895,0.028495807200670242,-14.385566160000002,150.0,0.0
77940,7308,3897,10,0.9513520002365112,0.0003,-0.010021412745118141,-2.055901050567627,3896,0.013997356407344341,-14.385566160000002,150.0,0.0
77960,7308,3898,10,0.27156543731689453,0.0003,0.7771327495574951,-2.111976385116577,3897,0.698615312576294,-14.385566160000002,150.0,0.0
77980,7308,3899,10,0.7918528914451599,0.0003,-0.07050452381372452,-2.080950975418091,3898,0.017614739015698433,-14.385566160000002,150.0,0.0
78000,7308,3900,10,-1.213529109954834,0.0003,0.05538978427648544,-2.0557761192321777,3899,0.043850041925907135,-14.5421379,150.0,0.0
78020,7308,3901,10,-0.2455432415008545,0.0003,0.33847776055336,-2.0979247093200684,3900,0.07921727746725082,-14.5421379,150.0,0.0
78040,7308,3902,10,0.7220611572265625,0.0003,0.5035163164138794,-1.8514859676361084,3901,0.3249387741088867,-14.5421379,150.0,0.0
78060,7308,3903,10,0.8210746645927429,0.0003,0.0001861095370259136,-1.8856208324432373,3902,0.3290521204471588,-14.5421379,150.0,0.0
78080,7307,3904,10,0.8079333305358887,0.0003,-0.12428247928619385,-1.9361671209335327,3903,0.20023036003112793,-14.5421379,150.0,0.0
78100,7308,3905,10,0.8984810709953308,0.0003,-0.05924990028142929,-1.9512863159179688,3904,0.09912185370922089,-14.5421379,150.0,0.0
78120,7308,3906,10,0.9140822887420654,0.0003,0.21026620268821716,-2.0140061378479004,3905,0.0717831701040268,-14.5421379,150.0,0.0
78140,7308,3907,10,0.8502008318901062,0.0003,-0.1986313909292221,-2.035910129547119,3906,0.3148384988307953,-14.5421379,150.0,0.0
78160,7308,3908,10,0.6612136363983154,0.0003,-0.018380116671323776,-2.0396199226379395,3907,0.7278517484664917,-14.5421379,150.0,0.0
78180,7308,3909,10,0.9523479342460632,0.0003,0.22370660305023193,-2.0941948890686035,3908,0.1200411468744278,-14.5421379,150.0,0.0
78200,7308,3910,10,0.8088653683662415,0.0003,0.7173746824264526,-2.0378856658935547,3909,1.0973615646362305,-14.5421379,150.0,0.0
78220,7308,3911,10,0.9710813164710999,0.0003,-0.3364354968070984,-2.0789613723754883,3910,0.11808066070079803,-14.5421379,150.0,0.0
78240,7308,3912,10,0.8121510148048401,0.0003,-0.07139291614294052,-2.106762409210205,3911,0.30218711495399475,-14.5421379,150.0,0.0
78260,7308,3913,10,0.9363488554954529,0.0003,0.032744716852903366,-2.0965657234191895,3912,0.10870550572872162,-14.5421379,150.0,0.0
78280,7309,3914,10,0.8974553942680359,0.0003,0.3756989538669586,-2.09480357170105,3913,0.30038633942604065,-14.5421379,150.0,0.0
78300,7309,3915,10,0.9565988183021545,0.0003,-0.1639275997877121,-2.097902297973633,3914,0.1121232882142067,-14.5421379,150.0,0.0
78320,7309,3916,10,0.6834388971328735,0.0003,0.6736144423484802,-2.1189796924591064,3915,0.6797534227371216,-14.5421379,150.0,0.0
78340,7309,3917,10,0.6087920665740967,0.0003,1.7951412200927734,-2.095790386199951,3916,2.296992063522339,-14.5421379,150.0,0.0
78360,7309,3918,10,0.9529431462287903,0.0003,0.07611306756734848,-2.1224818229675293,3917,0.1683104783296585,-14.5421379,150.0,0.0
78380,7309,3919,10,0.7453978061676025,0.0003,1.790356993675232,-2.06223464012146,3918,3.6434836387634277,-14.5421379,150.0,0.0
78400,7309,3920,10,0.8742872476577759,0.0003,0.625141978263855,-2.0129666328430176,3919,1.225658655166626,-14.5421379,150.0,0.0
78420,7309,3921,10,0.9771771430969238,0.0003,-0.08795400708913803,-2.101736545562744,3920,0.10573377460241318,-14.5421379,150.0,0.0
78440,7309,3922,10,0.9638188481330872,0.0003,-0.41042056679725647,-2.0852670669555664,3921,0.1202106848359108,-14.5421379,150.0,0.0
78460,7309,3923,10,0.6634492874145508,0.0003,-0.35930103063583374,-2.044842481613159,3922,0.29509228467941284,-14.5421379,150.0,0.0
78480,7309,3924,10,0.8395129442214966,0.0003,-0.22082781791687012,-2.0645956993103027,3923,0.07128407061100006,-14.5421379,150.0,0.0
78500,7310,3925,10,-0.2571675777435303,0.0003,1.2445276975631714,-2.037362813949585,3924,1.2096936702728271,-14.5421379,150.0,0.0
78520,7310,3926,10,-0.05706191062927246,0.0003,-0.3513389825820923,-2.0922019481658936,3925,0.06565912067890167,-14.5421379,150.0,0.0
78540,7310,3927,10,0.28318464756011963,0.0003,0.2746165096759796,-2.0433311462402344,3926,0.14348137378692627,-14.5421379,150.0,0.0
78560,7310,3928,10,0.5196291208267212,0.0003,0.14885172247886658,-2.033069133758545,3927,0.06254120171070099,-14.5421379,150.0,0.0
78580,7310,3929,10,0.5403437614440918,0.0003,0.06285548210144043,-2.0710911750793457,3928,0.031179154291749,-14.5421379,150.0,0.0
78600,7310,3930,10,0.20239979028701782,0.0003,1.0397987365722656,-2.0300025939941406,3929,1.036829948425293,-14.29682866,150.0,0.0
78620,7310,3931,10,0.08968532085418701,0.0003,0.7844631671905518,-2.04418683052063,3930,0.8238075375556946,-14.29682866,150.0,0.0
78640,7310,3932,10,0.9106863737106323,0.0003,0.2670724391937256,-1.788783311843872,3931,0.1299860030412674,-14.29682866,150.0,0.0
78660,7310,3933,10,0.29009437561035156,0.0003,-0.10124874114990234,-1.8562519550323486,3932,0.9523547887802124,-14.29682866,150.0,0.0
78680,7310,3934,10,0.9388062357902527,0.0003,-0.7694148421287537,-1.8975327014923096,3933,0.3022237718105316,-14.29682866,150.0,0.0
78700,7310,3935,10,0.9025229215621948,0.0003,-0.38052281737327576,-1.8777157068252563,3934,0.42751646041870117,-14.29682866,150.0,0.0
78720,7310,3936,10,0.8637540936470032,0.0003,0.2798641324043274,-1.878480315208435,3935,1.7693910598754883,-14.29682866,150.0,0.0
78740,7310,3937,10,0.9652026295661926,0.0003,-0.2309785783290863,-1.9429309368133545,3936,0.6216352581977844,-14.29682866,150.0,0.0
78760,7310,3938,10,0.9802188873291016,0.0003,0.10724836587905884,-2.011580228805542,3937,0.5487872362136841,-14.29682866,150.0,0.0
78780,7310,3939,10,0.9841271638870239,0.0003,-0.0186601635068655,-2.008193254470825,3938,0.5334194898605347,-14.29682866,150.0,0.0
78800,7311,3940,10,0.9912694692611694,0.0003,-0.8074682950973511,-2.056154727935791,3939,0.48646703362464905,-14.29682866,150.0,0.0
78820,7311,3941,10,0.9768278002738953,0.0003,0.7724930047988892,-2.104630708694458,3940,1.0957317352294922,-14.29682866,150.0,0.0
78840,7311,3942,10,0.9907015562057495,0.0003,-0.3670352101325989,-2.053760051727295,3941,0.42123690247535706,-14.29682866,150.0,0.0
78860,7311,3943,10,0.9824487566947937,0.0003,0.3005542755126953,-2.074820041656494,3942,0.5784951448440552,-14.29682866,150.0,0.0
78880,7311,3944,10,0.9978402256965637,0.0003,-0.7852519750595093,-2.1271636486053467,3943,0.19663719832897186,-14.29682866,150.0,0.0
78900,7311,3945,10,0.9930348992347717,0.0003,0.0635092630982399,-2.124253273010254,3944,0.16071349382400513,-14.29682866,150.0,0.0
78920,7311,3946,10,0.9889405965805054,0.0003,-0.04048549011349678,-2.1349499225616455,3945,0.2797435522079468,-14.29682866,150.0,0.0
78940,7311,3947,10,0.9896759390830994,0.0003,0.11657506227493286,-2.14631724357605,3946,0.21952290832996368,-14.29682866,150.0,0.0
78960,7312,3948,10,0.9957273602485657,0.0003,-0.11105160415172577,-2.1341984272003174,3947,0.08104847371578217,-14.29682866,150.0,0.0
78980,7312,3949,10,0.998110830783844,0.0003,0.01157505065202713,-2.0980029106140137,3948,0.030374854803085327,-14.29682866,150.0,0.0
79000,7305,3950,10,0.998558759689331,0.0003,-0.2302912026643753,-2.0615572929382324,3949,0.0368783064186573,-14.29682866,150.0,0.0
79020,7295,3951,10,0.9962268471717834,0.0003,-0.11464353650808334,-2.0897436141967773,3950,0.06979912519454956,-14.29682866,150.0,0.0
79040,7291,3952,10,0.9971467852592468,0.0003,-0.22445626556873322,-2.1039443016052246,3951,0.06528772413730621,-14.29682866,150.0,0.0
79060,7291,3953,10,0.9988569021224976,0.0003,0.14058277010917664,-1.978662133216858,3952,0.028188955038785934,-14.29682866,150.0,0.0
79080,7291,3954,10,0.9937140941619873,0.0003,-0.20130391418933868,-2.020786762237549,3953,0.13204100728034973,-14.29682866,150.0,0.0
79100,7291,3955,10,0.9255762100219727,0.0003,0.35498854517936707,-2.0840442180633545,3954,1.0850175619125366,-14.29682866,150.0,0.0
79120,7290,3956,10,0.9168498516082764,0.0003,1.0269695520401,-2.076572895050049,3955,1.2378566265106201,-14.29682866,150.0,0.0
79140,7290,3957,10,0.9906969666481018,0.0003,0.19106845557689667,-2.071059465408325,3956,0.11999038606882095,-14.29682866,150.0,0.0
79160,7290,3958,10,0.931485652923584,0.0003,0.9321872591972351,-2.0045361518859863,3957,0.9546293020248413,-14.29682866,150.0,0.0
79180,7290,3959,10,0.9495344758033752,0.0003,0.5475971698760986,-2.053715705871582,3958,0.5808349847793579,-14.29682866,150.0,0.0
79200,7290,3960,10,0.9911556839942932,0.0003,0.07645723968744278,-2.014148235321045,3959,0.0820545107126236,-14.26479668,150.0,0.01
79220,7290,3961,10,0.8130717277526855,0.0003,2.061946392059326,-2.0343847274780273,3960,6.898296356201172,-14.26479668,150.0,0.01
79240,7290,3962,10,0.9142019748687744,0.0003,0.06532492488622665,-1.7761482000350952,3961,0.02686736360192299,-14.26479668,150.0,0.01
79260,7290,3963,10,0.4769325256347656,0.0003,-1.2109023332595825,-1.8163131475448608,3962,0.7499376535415649,-14.26479668,150.0,0.01
79280,7290,3964,10,0.763474702835083,0.0003,0.4294532835483551,-1.82095468044281,3963,1.0171524286270142,-14.26479668,150.0,0.01
79300,7290,3965,10,0.7896665334701538,0.0003,-0.5971081256866455,-1.8052070140838623,3964,0.5430864095687866,-14.26479668,150.0,0.01
79320,7290,3966,10,0.7975181937217712,0.0003,-0.41510042548179626,-1.8773486614227295,3965,0.6217944025993347,-14.26479668,150.0,0.01
79340,7290,3967,10,0.9419757723808289,0.0003,-0.3818527162075043,-1.8140558004379272,3966,0.16620521247386932,-14.26479668,150.0,0.01
79360,7290,3968,10,0.8240065574645996,0.0003,0.9227443933486938,-1.881740927696228,3967,0.6121446490287781,-14.26479668,150.0,0.01
79380,7290,3969,10,0.7644948959350586,0.0003,1.0975319147109985,-1.8958336114883423,3968,1.6186870336532593,-14.26479668,150.0,0.01
79400,7290,3970,10,0.892493486404419,0.0003,1.2762832641601562,-2.0025084018707275,3969,1.1064345836639404,-14.26479668,150.0,0.01
79420,7290,3971,10,0.9730867147445679,0.0003,-0.16169925034046173,-2.010164737701416,3970,0.2096175253391266,-14.26479668,150.0,0.01
79440,7290,3972,10,0.7647688984870911,0.0003,1.3177573680877686,-2.0193583965301514,3971,2.2746925354003906,-14.26479668,150.0,0.01
79460,7290,3973,10,0.9303043484687805,0.0003,0.7528048753738403,-1.9589694738388062,3972,0.7839447259902954,-14.26479668,150.0,0.01
79480,7290,3974,10,0.8535424470901489,0.0003,0.8128796815872192,-2.033759832382202,3973,1.4107939004898071,-14.26479668,150.0,0.01
79500,7290,3975,10,0.9835706353187561,0.0003,-0.6717969179153442,-2.0095455646514893,3974,0.1765376478433609,-14.26479668,150.0,0.01
79520,7290,3976,10,0.95401531457901,0.0003,-0.6275336146354675,-2.065026044845581,3975,0.3412680923938751,-14.26479668,150.0,0.01
79540,7290,3977,10,0.7305846214294434,0.0003,0.26873722672462463,-2.069275379180908,3976,0.7454268932342529,-14.26479668,150.0,0.01
79560,7291,3978,10,0.9354332685470581,0.0003,-0.5085223913192749,-2.049187660217285,3977,0.1728782206773758,-14.26479668,150.0,0.01
79580,7291,3979,10,0.9243801832199097,0.0003,0.11600647866725922,-2.034506320953369,3978,0.23097577691078186,-14.26479668,150.0,0.01
79600,7291,3980,10,0.9807244539260864,0.0003,-0.2870900630950928,-1.969760537147522,3979,0.07064101845026016,-14.26479668,150.0,0.01
79620,7291,3981,10,0.42716002464294434,0.0003,-0.4050540030002594,-1.989424467086792,3980,0.35245639085769653,-14.26479668,150.0,0.01
79640,7291,3982,10,0.9225179553031921,0.0003,-0.1514587700366974,-2.0556681156158447,3981,0.035523779690265656,-14.26479668,150.0,0.01
79660,7291,3983,10,0.3927038311958313,0.0003,-0.25368914008140564,-2.060046672821045,3982,0.1754525601863861,-14.26479668,150.0,0.01
79680,7291,3984,10,0.7324948310852051,0.0003,-0.5647247433662415,-2.058232545852661,3983,0.11621558666229248,-14.26479668,150.0,0.01
79700,7292,3985,10,0.7451928853988647,0.0003,-0.12277631461620331,-2.061924934387207,3984,0.04555094987154007,-14.26479668,150.0,0.01
79720,7292,3986,10,0.8096532821655273,0.0003,-0.36043962836265564,-2.06254243850708,3985,0.053165119141340256,-14.26479668,150.0,0.01
79740,7292,3987,10,0.718869686126709,0.0003,-0.46617183089256287,-2.0851943492889404,3986,0.085777148604393,-14.26479668,150.0,0.01
79760,7292,3988,10,0.7618061900138855,0.0003,-0.1481247842311859,-2.0857691764831543,3987,0.03857005387544632,-14.26479668,150.0,0.01
79780,7292,3989,10,0.6976239681243896,0.0003,-0.1212298646569252,-2.0749313831329346,3988,0.035272981971502304,-14.26479668,150.0,0.01
79800,7292,3990,10,0.6879795789718628,0.0003,-0.13295269012451172,-2.073673725128174,3989,0.07168932259082794,-14.307178669999995,150.0,0.01
79820,7292,3991,10,0.5356472730636597,0.0003,0.16764762997627258,-2.0345122814178467,3990,0.07116437703371048,-14.307178669999995,150.0,0.01
79840,7292,3992,10,0.7782925367355347,0.0003,1.3864548206329346,-1.6802181005477905,3991,1.1824535131454468,-14.307178669999995,150.0,0.01
79860,7292,3993,10,0.6553249359130859,0.0003,0.4413991868495941,-1.8006837368011475,3992,3.0038535594940186,-14.307178669999995,150.0,0.01
79880,7293,3994,10,0.9698798656463623,0.0003,0.2929667532444,-1.8236099481582642,3993,0.3722897469997406,-14.307178669999995,150.0,0.01
79900,7293,3995,10,0.9472028613090515,0.0003,-1.0981897115707397,-1.8527171611785889,3994,1.4193522930145264,-14.307178669999995,150.0,0.01
79920,7293,3996,10,0.9946356415748596,0.0003,-0.7766494750976562,-1.8615798950195312,3995,0.26386207342147827,-14.307178669999995,150.0,0.01
79940,7293,3997,10,0.9740620851516724,0.0003,0.3418434262275696,-1.9110400676727295,3996,0.6818517446517944,-14.307178669999995,150.0,0.01
79960,7293,3998,10,0.9959805607795715,0.0003,-0.060286831110715866,-1.9962584972381592,3997,0.11868470907211304,-14.307178669999995,150.0,0.01
79980,7293,3999,10,0.9851678013801575,0.0003,-0.012257528491318226,-1.989750623703003,3998,0.4416782855987549,-14.307178669999995,150.0,0.01
80000,7293,4000,10,0.9841781258583069,0.0003,0.45875462889671326,-2.065300464630127,3999,0.4585132598876953,-14.307178669999995,150.0,0.01
80020,7293,4001,10,0.9850769639015198,0.0003,0.099306121468544,-2.07234525680542,4000,0.3814341127872467,-14.307178669999995,150.0,0.01
80040,7293,4002,10,0.9892877340316772,0.0003,-0.851548969745636,-2.0759081840515137,4001,0.4380999505519867,-14.307178669999995,150.0,0.01
80060,7293,4003,10,0.9875800609588623,0.0003,-0.8628588914871216,-2.117445707321167,4002,0.4081140458583832,-14.307178669999995,150.0,0.01
80080,7293,4004,10,0.9701976776123047,0.0003,0.2169075459241867,-2.1291279792785645,4003,0.3544846177101135,-14.307178669999995,150.0,0.01
80100,7293,4005,10,0.9949508905410767,0.0003,-0.6640310883522034,-2.0555529594421387,4004,0.16409723460674286,-14.307178669999995,150.0,0.01
80120,7293,4006,10,0.9179674386978149,0.0003,0.2819603979587555,-2.079911470413208,4005,1.1903915405273438,-14.307178669999995,150.0,0.01
80140,7293,4007,10,0.9052246809005737,0.0003,0.38063377141952515,-2.1063129901885986,4006,0.776968240737915,-14.307178669999995,150.0,0.01
80160,7293,4008,10,0.9243607521057129,0.0003,1.933911681175232,-2.0874404907226562,4007,1.7367489337921143,-14.307178669999995,150.0,0.01
80180,7293,4009,10,0.9659745693206787,0.0003,-0.5164701342582703,-2.1111388206481934,4008,0.29129359126091003,-14.307178669999995,150.0,0.01
80200,7293,4010,10,0.9400610327720642,0.0003,0.7650687098503113,-2.1122734546661377,4009,0.6116036176681519,-14.307178669999995,150.0,0.01
80220,7293,4011,10,0.8156654834747314,0.0003,0.4986270070075989,-2.075824022293091,4010,1.2707866430282593,-14.307178669999995,150.0,0.01
80240,7293,4012,11,0.7307066917419434,0.0003,0.791122555732727,-1.988768219947815,4011,1.7587835788726807,-14.307178669999995,150.0,0.01
80260,7293,4013,11,0.9686533808708191,0.0003,0.8839031457901001,-2.0524938106536865,4012,0.41932597756385803,-14.307178669999995,150.0,0.01
80280,7293,4014,11,0.9431276917457581,0.0003,0.47820645570755005,-1.986121416091919,4013,0.517383337020874,-14.307178669999995,150.0,0.01
80300,7293,4015,11,0.6503145694732666,0.0003,-0.2664108872413635,-2.0356907844543457,4014,0.9707578420639038,-14.307178669999995,150.0,0.01
80320,7293,4016,11,0.9709711074829102,0.0003,-0.3242596983909607,-2.0555224418640137,4015,0.07990231364965439,-14.307178669999995,150.0,0.01
80340,7293,4017,11,0.37836867570877075,0.0003,1.643498420715332,-1.999737024307251,4016,3.5645713806152344,-14.307178669999995,150.0,0.01
80360,7294,4018,11,0.9393098950386047,0.0003,-0.03437740355730057,-1.934326171875,4017,0.1332707703113556,-14.307178669999995,150.0,0.01
80380,7294,4019,11,-0.21364545822143555,0.0003,0.46087950468063354,-2.000134229660034,4018,0.9942946434020996,-14.307178669999995,150.0,0.01
80400,7294,4020,11,0.5559998750686646,0.0003,0.5612562298774719,-2.0318470001220703,4019,1.1373552083969116,-13.950999949999998,150.0,0.01
80420,7294,4021,11,0.5736980438232422,0.0003,0.6551544666290283,-1.9058964252471924,4020,1.2176564931869507,-13.950999949999998,150.0,0.01
80440,7294,4022,11,0.8528913855552673,0.0003,-0.5502098798751831,-1.6379072666168213,4021,0.4305858612060547,-13.950999949999998,150.0,0.01
80460,7294,4023,11,0.9126620888710022,0.0003,-0.3572011888027191,-1.6631933450698853,4022,0.5149921178817749,-13.950999949999998,150.0,0.01
80480,7294,4024,11,0.9483619332313538,0.0003,-0.17759969830513,-1.673099160194397,4023,0.31612828373908997,-13.950999949999998,150.0,0.01
80500,7294,4025,11,0.9560697078704834,0.0003,-0.025768185034394264,-1.6042991876602173,4024,0.3079456686973572,-13.950999949999998,150.0,0.01
80520,7294,4026,11,0.9606093764305115,0.0003,-0.4914981722831726,-1.7065902948379517,4025,0.32283204793930054,-13.950999949999998,150.0,0.01
80540,7294,4027,11,0.9789015650749207,0.0003,-0.6830390691757202,-1.7600195407867432,4026,0.19875407218933105,-13.950999949999998,150.0,0.01
80560,7295,4028,11,0.9861869812011719,0.0003,-0.45786410570144653,-1.7496601343154907,4027,0.11935887485742569,-13.950999949999998,150.0,0.01
80580,7295,4029,11,0.9220854043960571,0.0003,0.5466660261154175,-1.7728707790374756,4028,0.5331164598464966,-13.950999949999998,150.0,0.01
80600,7295,4030,11,0.9755017757415771,0.0003,-0.6062094569206238,-1.8407700061798096,4029,0.2733735144138336,-13.950999949999998,150.0,0.01
80620,7295,4031,11,0.972344696521759,0.0003,-0.3857693076133728,-1.8912818431854248,4030,0.140646293759346,-13.950999949999998,150.0,0.01
80640,7295,4032,11,0.9912422299385071,0.0003,-0.3451318144798279,-2.0252771377563477,4031,0.05963127687573433,-13.950999949999998,150.0,0.01
80660,7295,4033,11,0.9487898945808411,0.0003,-0.06678080558776855,-2.0195460319519043,4032,0.0719374567270279,-13.950999949999998,150.0,0.01
80680,7295,4034,11,0.6397584676742554,0.0003,0.0012658119667321444,-1.98867928981781,4033,0.34455662965774536,-13.950999949999998,150.0,0.01
80700,7296,4035,11,0.9482440948486328,0.0003,0.09139317274093628,-2.032423734664917,4034,0.055223189294338226,-13.950999949999998,150.0,0.01
80720,7296,4036,11,0.8690748810768127,0.0003,-0.20140814781188965,-1.9019416570663452,4035,0.18602696061134338,-13.950999949999998,150.0,0.01
80740,7296,4037,11,0.9285688400268555,0.0003,-0.21515341103076935,-1.955100655555725,4036,0.046676430851221085,-13.950999949999998,150.0,0.01
80760,7296,4038,11,0.815182089805603,0.0003,-0.2241220772266388,-2.0219216346740723,4037,0.08758877217769623,-13.950999949999998,150.0,0.01
80780,7296,4039,11,0.43098074197769165,0.0003,0.8510456085205078,-2.0032973289489746,4038,0.9940732717514038,-13.950999949999998,150.0,0.01
80800,7296,4040,11,0.8192998170852661,0.0003,-0.10447041690349579,-2.0310537815093994,4039,0.11983722448348999,-13.950999949999998,150.0,0.01
80820,7296,4041,11,0.753480851650238,0.0003,0.29389458894729614,-2.0179636478424072,4040,0.24554148316383362,-13.950999949999998,150.0,0.01
80840,7297,4042,11,0.8336164355278015,0.0003,-0.26112350821495056,-1.9840818643569946,4041,0.13687041401863098,-13.950999949999998,150.0,0.01
80860,7297,4043,11,0.9645774364471436,0.0003,-0.31828799843788147,-1.9948225021362305,4042,0.03386728838086128,-13.950999949999998,150.0,0.01
80880,7297,4044,11,0.5725796222686768,0.0003,0.8912908434867859,-2.075953245162964,4043,0.9165450930595398,-13.950999949999998,150.0,0.01
80900,7297,4045,11,0.7028143405914307,0.0003,0.31417185068130493,-2.0128543376922607,4044,0.3189006447792053,-13.950999949999998,150.0,0.01
80920,7297,4046,11,0.9103137850761414,0.0003,0.13922199606895447,-1.9875619411468506,4045,0.0546390637755394,-13.950999949999998,150.0,0.01
80940,7297,4047,11,0.5968410968780518,0.0003,0.2525152564048767,-2.0285849571228027,4046,0.6158210039138794,-13.950999949999998,150.0,0.01
80960,7297,4048,11,0.7357199192047119,0.0003,0.1349986046552658,-1.9952144622802734,4047,0.34977227449417114,-13.950999949999998,150.0,0.01
80980,7297,4049,11,0.747970461845398,0.0003,0.41190195083618164,-2.0118331909179688,4048,0.5384294390678406,-13.950999949999998,150.0,0.01
81000,7297,4050,11,0.6464189291000366,0.0003,0.5997405052185059,-2.0063633918762207,4049,0.4973416328430176,-14.30731339,150.0,0.01
81020,7297,4051,11,-0.04205119609832764,0.0003,1.1606416702270508,-1.985076904296875,4050,2.9175498485565186,-14.30731339,150.0,0.01
81040,7297,4052,11,0.7735651731491089,0.0003,0.49626484513282776,-1.5726869106292725,4051,0.3932894170284271,-14.30731339,150.0,0.01
81060,7297,4053,11,0.9575589895248413,0.0003,0.2104305773973465,-1.696179986000061,4052,0.06630638241767883,-14.30731339,150.0,0.01
81080,7297,4054,11,0.936603307723999,0.0003,-0.4877682328224182,-1.691788911819458,4053,0.1983669102191925,-14.30731339,150.0,0.01
81100,7297,4055,11,0.41839414834976196,0.0003,0.9521954655647278,-1.6786272525787354,4054,1.7168338298797607,-14.30731339,150.0,0.01
81120,7297,4056,11,0.9525136947631836,0.0003,0.6856651902198792,-1.7604467868804932,4055,0.37783950567245483,-14.30731339,150.0,0.01
81140,7297,4057,11,-1.7173573970794678,0.0003,0.5674137473106384,-1.7213081121444702,4056,1.4025373458862305,-14.30731339,150.0,0.01
81160,7298,4058,11,0.6995146870613098,0.0003,0.501142144203186,-1.9132411479949951,4057,0.6570820808410645,-14.30731339,150.0,0.01
81180,7298,4059,11,0.8969714641571045,0.0003,0.5447101593017578,-1.8878761529922485,4058,0.4184185862541199,-14.30731339,150.0,0.01
81200,7298,4060,11,0.863452672958374,0.0003,0.8896692991256714,-1.9237861633300781,4059,1.3301470279693604,-14.30731339,150.0,0.01
81220,7298,4061,11,0.8957639932632446,0.0003,1.4421457052230835,-1.882968544960022,4060,2.2473671436309814,-14.30731339,150.0,0.01
81240,7298,4062,11,0.9949835538864136,0.0003,0.08136344701051712,-2.0117459297180176,4061,0.07929489761590958,-14.30731339,150.0,0.01
81260,7298,4063,11,0.984401524066925,0.0003,0.4196988642215729,-1.9976060390472412,4062,0.289757639169693,-14.30731339,150.0,0.01
81280,7298,4064,11,0.95829176902771,0.0003,-0.06755974143743515,-2.0602893829345703,4063,0.6641725301742554,-14.30731339,150.0,0.01
81300,7299,4065,11,0.9874030351638794,0.0003,-0.2466113269329071,-2.050642490386963,4064,0.26089757680892944,-14.30731339,150.0,0.01
81320,7299,4066,11,0.9977672100067139,0.0003,-0.36538249254226685,-2.0468249320983887,4065,0.07784532755613327,-14.30731339,150.0,0.01
81340,7299,4067,11,0.9951967000961304,0.0003,-0.15664832293987274,-2.07468843460083,4066,0.08349214494228363,-14.30731339,150.0,0.01
81360,7299,4068,11,0.9798688888549805,0.0003,-0.15440191328525543,-2.0943737030029297,4067,0.28344830870628357,-14.30731339,150.0,0.01
81380,7299,4069,11,0.9585340619087219,0.0003,-0.9657809138298035,-1.991761565208435,4068,0.7113680839538574,-14.30731339,150.0,0.01
81400,7299,4070,11,0.9879639744758606,0.0003,-0.4487372040748596,-2.0035877227783203,4069,0.16508425772190094,-14.30731339,150.0,0.01
81420,7299,4071,11,0.9530286192893982,0.0003,-0.5855238437652588,-2.0248401165008545,4070,0.5548198819160461,-14.30731339,150.0,0.01
81440,7299,4072,11,0.9763732552528381,0.0003,-0.4760444760322571,-1.942251443862915,4071,0.2781353294849396,-14.30731339,150.0,0.01
81460,7300,4073,11,0.9461351037025452,0.0003,-0.39236995577812195,-1.966048002243042,4072,0.37269192934036255,-14.30731339,150.0,0.01
81480,7300,4074,11,0.9701976180076599,0.0003,-0.4003412127494812,-2.0156173706054688,4073,0.15826359391212463,-14.30731339,150.0,0.01
81500,7300,4075,11,0.9578263163566589,0.0003,-0.20191290974617004,-1.9329630136489868,4074,0.1803198605775833,-14.30731339,150.0,0.01
81520,7300,4076,11,0.9551500082015991,0.0003,-0.018144870176911354,-1.8857347965240479,4075,0.14560142159461975,-14.30731339,150.0,0.01
81540,7300,4077,11,0.9789080023765564,0.0003,-0.04525800049304962,-1.8879621028900146,4076,0.06298519670963287,-14.30731339,150.0,0.01
81560,7300,4078,11,0.8871689438819885,0.0003,-0.034386925399303436,-1.906521201133728,4077,0.25684070587158203,-14.30731339,150.0,0.01
81580,7300,4079,11,0.9793506860733032,0.0003,0.0724797248840332,-2.0087835788726807,4078,0.04611184448003769,-14.30731339,150.0,0.01
81600,7300,4080,11,0.946692705154419,0.0003,-0.01052869576960802,-1.9906076192855835,4079,0.13305729627609253,-13.94049809,150.0,0.01
81620,7301,4081,11,0.9691320061683655,0.0003,0.13096408545970917,-1.9950237274169922,4080,0.08119182288646698,-13.94049809,150.0,0.01
81640,7300,4082,11,-0.4794037342071533,0.0003,-0.9207794070243835,-1.6834017038345337,4081,0.5594185590744019,-13.94049809,150.0,0.01
81660,7300,4083,11,0.10722315311431885,0.0003,-0.9730919003486633,-1.7118253707885742,4082,0.3829689025878906,-13.94049809,150.0,0.01
81680,7301,4084,11,0.6499449014663696,0.0003,0.210819810628891,-1.6934903860092163,4083,0.6125460863113403,-13.94049809,150.0,0.01
81700,7301,4085,11,0.8600066900253296,0.0003,-0.11690033972263336,-1.7867624759674072,4084,0.46978360414505005,-13.94049809,150.0,0.01
81720,7301,4086,11,0.9710301160812378,0.0003,-0.2858860194683075,-1.8215198516845703,4085,0.12334498018026352,-13.94049809,150.0,0.01
81740,7301,4087,11,0.4743606448173523,0.0003,1.5882580280303955,-1.7642024755477905,4086,2.1022472381591797,-13.94049809,150.0,0.01
81760,7301,4088,11,0.5327540636062622,0.0003,0.33355388045310974,-1.8021186590194702,4087,1.0105739831924438,-13.94049809,150.0,0.01
81780,7301,4089,11,0.3935741186141968,0.0003,0.3401604890823364,-1.8244909048080444,4088,0.8944910168647766,-13.94049809,150.0,0.01
81800,7301,4090,11,0.9256969094276428,0.0003,-0.5769042372703552,-1.9630844593048096,4089,0.19255203008651733,-13.94049809,150.0,0.01
81820,7301,4091,11,0.8122126460075378,0.0003,0.23031511902809143,-2.0104377269744873,4090,0.368745356798172,-13.94049809,150.0,0.01
81840,7302,4092,11,0.9744496941566467,0.0003,0.025146862491965294,-2.0800528526306152,4091,0.05043993145227432,-13.94049809,150.0,0.01
81860,7302,4093,11,0.9693767428398132,0.0003,-0.648133397102356,-1.9597110748291016,4092,0.17618975043296814,-13.94049809,150.0,0.01
81880,7302,4094,11,0.8239254951477051,0.0003,0.1822071373462677,-1.9255059957504272,4093,0.43566879630088806,-13.94049809,150.0,0.01
81900,7302,4095,11,0.9615927338600159,0.0003,-0.26571494340896606,-2.031878709793091,4094,0.14232602715492249,-13.94049809,150.0,0.01
81920,7302,4096,11,0.9795290231704712,0.0003,-0.5035299062728882,-1.9966999292373657,4095,0.11870796978473663,-13.94049809,150.0,0.01
81940,7302,4097,11,0.9477123618125916,0.0003,0.06379881501197815,-2.0149989128112793,4096,0.20096711814403534,-13.94049809,150.0,0.01
81960,7302,4098,11,0.9870914220809937,0.0003,-0.1273958384990692,-2.0731873512268066,4097,0.04945378005504608,-13.94049809,150.0,0.01
81980,7302,4099,11,0.9862231016159058,0.0003,-0.07377397269010544,-2.0686607360839844,4098,0.05410587787628174,-13.94049809,150.0,0.01
82000,7303,4100,11,0.9913141131401062,0.0003,-0.15881410241127014,-2.0411477088928223,4099,0.03966328874230385,-13.94049809,150.0,0.01
82020,7303,4101,11,0.980698823928833,0.0003,0.11076660454273224,-2.0935683250427246,4100,0.06603261828422546,-13.94049809,150.0,0.01
82040,7303,4102,11,0.9526992440223694,0.0003,-0.47692567110061646,-1.9895613193511963,4101,0.15258988738059998,-13.94049809,150.0,0.01
82060,7303,4103,11,0.9802045226097107,0.0003,-0.02161082625389099,-1.9974069595336914,4102,0.04354684054851532,-13.94049809,150.0,0.01
82080,7303,4104,11,0.9663495421409607,0.0003,0.04991518333554268,-1.9813188314437866,4103,0.07709910720586777,-13.94049809,150.0,0.01
82100,7303,4105,11,0.9502910375595093,0.0003,-0.08354548364877701,-1.9851785898208618,4104,0.1375901997089386,-13.94049809,150.0,0.01
82120,7304,4106,11,0.9529008865356445,0.0003,-0.25672563910484314,-2.002946376800537,4105,0.16191568970680237,-13.94049809,150.0,0.01
82140,7304,4107,11,0.977863609790802,0.0003,-0.3857257068157196,-2.0352396965026855,4106,0.1134067177772522,-13.94049809,150.0,0.01
82160,7304,4108,11,0.9834006428718567,0.0003,-0.5061429738998413,-2.0674374103546143,4107,0.09142982959747314,-13.94049809,150.0,0.01
82180,7304,4109,11,0.946354329586029,0.0003,0.001385662006214261,-2.0884883403778076,4108,0.08802846819162369,-13.94049809,150.0,0.01
82200,7304,4110,11,0.9519808292388916,0.0003,-0.2707146108150482,-2.075437545776367,4109,0.06277021765708923,-13.874681659999998,150.0,0.01
82220,7304,4111,11,0.9325120449066162,0.0003,-0.22500205039978027,-2.0984745025634766,4110,0.04640255495905876,-13.874681659999998,150.0,0.01
82240,7304,4112,11,0.9262832999229431,0.0003,-0.33175909519195557,-1.7673419713974,4111,0.13473950326442719,-13.874681659999998,150.0,0.01
82260,7304,4113,11,0.4853777289390564,0.0003,0.698016345500946,-1.828033447265625,4112,0.6388372182846069,-13.874681659999998,150.0,0.01
82280,7304,4114,11,0.8831695914268494,0.0003,-0.3074216842651367,-1.8329849243164062,4113,0.17215348780155182,-13.874681659999998,150.0,0.01
82300,7304,4115,11,0.4180362820625305,0.0003,0.3934975266456604,-1.8087536096572876,4114,0.6313194036483765,-13.874681659999998,150.0,0.01
82320,7304,4116,11,0.8821431398391724,0.0003,0.2962248921394348,-1.8163785934448242,4115,0.09864265471696854,-13.874681659999998,150.0,0.01
82340,7305,4117,11,-0.682506799697876,0.0003,-0.6378868222236633,-1.927537202835083,4116,0.4115586280822754,-13.874681659999998,150.0,0.01
82360,7305,4118,11,0.7079254984855652,0.0003,0.474829763174057,-1.8606055974960327,4117,0.2625906467437744,-13.874681659999998,150.0,0.01
82380,7305,4119,11,0.4591407775878906,0.0003,1.0374189615249634,-1.9375383853912354,4118,0.9103233218193054,-13.874681659999998,150.0,0.01
82400,7305,4120,11,0.9378687143325806,0.0003,-0.2277957946062088,-2.0028069019317627,4119,0.07640257477760315,-13.874681659999998,150.0,0.01
82420,7305,4121,11,0.35713791847229004,0.0003,0.1611059457063675,-1.969256043434143,4120,1.7381521463394165,-13.874681659999998,150.0,0.01
82440,7305,4122,11,0.8627210259437561,0.0003,-0.33878424763679504,-1.9994118213653564,4121,0.2687796652317047,-13.874681659999998,150.0,0.01
82460,7306,4123,11,0.4900279641151428,0.0003,1.7046687602996826,-1.9845521450042725,4122,3.98884916305542,-13.874681659999998,150.0,0.01
82480,7306,4124,11,0.8900667428970337,0.0003,-1.0298570394515991,-2.0734472274780273,4123,0.5201694965362549,-13.874681659999998,150.0,0.01
82500,7306,4125,11,0.9645712375640869,0.0003,-0.16856808960437775,-2.1194827556610107,4124,0.10214447975158691,-13.874681659999998,150.0,0.01
82520,7306,4126,11,0.915557861328125,0.0003,0.31703877449035645,-2.003307819366455,4125,0.37030133605003357,-13.874681659999998,150.0,0.01
82540,7306,4127,11,0.758310079574585,0.0003,-0.7158777117729187,-1.9820743799209595,4126,0.822100818157196,-13.874681659999998,150.0,0.01
82560,7306,4128,11,0.9583736658096313,0.0003,-0.3128800392150879,-2.0710246562957764,4127,0.11788716167211533,-13.874681659999998,150.0,0.01
82580,7306,4129,11,0.9704063534736633,0.0003,-0.07002722471952438,-2.0621232986450195,4128,0.0727679580450058,-13.874681659999998,150.0,0.01
82600,7307,4130,11,0.7305730581283569,0.0003,0.6972848176956177,-2.0593101978302,4129,1.3162585496902466,-13.874681659999998,150.0,0.01
82620,7307,4131,11,0.9808221459388733,0.0003,-0.03793761506676674,-1.9315805435180664,4130,0.07316432893276215,-13.874681659999998,150.0,0.01
82640,7307,4132,11,0.9781055450439453,0.0003,-0.4734077453613281,-2.013021469116211,4131,0.12164781242609024,-13.874681659999998,150.0,0.01
82660,7307,4133,11,0.9623743295669556,0.0003,-0.44714459776878357,-1.9496071338653564,4132,0.15138591825962067,-13.874681659999998,150.0,0.01
82680,7307,4134,11,0.9872074127197266,0.0003,-0.4160490930080414,-1.89484441280365,4133,0.07060180604457855,-13.874681659999998,150.0,0.01
82700,7307,4135,11,0.9608367085456848,0.0003,-0.21714851260185242,-1.9592015743255615,4134,0.07071562856435776,-13.874681659999998,150.0,0.01
82720,7307,4136,11,0.9013224244117737,0.0003,-0.07337699830532074,-1.838405966758728,4135,0.08989273011684418,-13.874681659999998,150.0,0.01
82740,7307,4137,11,0.826528787612915,0.0003,0.08750555664300919,-1.8873239755630493,4136,0.10038337856531143,-13.874681659999998,150.0,0.01
82760,7307,4138,11,0.8073307275772095,0.0003,-0.21018585562705994,-1.972381591796875,4137,0.08219854533672333,-13.874681659999998,150.0,0.01
82780,7307,4139,11,0.8890277147293091,0.0003,0.26143690943717957,-2.063882350921631,4138,0.05460308864712715,-13.874681659999998,150.0,0.01
82800,7307,4140,11,0.9292455315589905,0.0003,-0.010166222229599953,-2.0747368335723877,4139,0.023609235882759094,-13.72145235,150.0,0.01
82820,7307,4141,11,0.8601503968238831,0.0003,0.3391129672527313,-2.080789804458618,4140,0.09512273222208023,-13.72145235,150.0,0.01
82840,7307,4142,11,0.9503557085990906,0.0003,-0.7383984923362732,-1.8131214380264282,4141,0.27052995562553406,-13.72145235,150.0,0.01
82860,7307,4143,11,0.9776318073272705,0.0003,-0.25503239035606384,-1.8446824550628662,4142,0.09469982236623764,-13.72145235,150.0,0.01
82880,7308,4144,11,0.9886418581008911,0.0003,-0.5738487243652344,-1.8780384063720703,4143,0.15115733444690704,-13.72145235,150.0,0.01
82900,7308,4145,11,0.8478310108184814,0.0003,0.8206807374954224,-1.8729444742202759,4144,0.7459109425544739,-13.72145235,150.0,0.01
82920,7308,4146,11,0.8741542100906372,0.0003,-0.09430794417858124,-1.888033151626587,4145,0.4689880907535553,-13.72145235,150.0,0.01
82940,7308,4147,11,0.9401882886886597,0.0003,-0.10066737979650497,-1.885994553565979,4146,0.2578628659248352,-13.72145235,150.0,0.01
82960,7308,4148,11,0.9942963123321533,0.0003,0.159089595079422,-1.9457918405532837,4147,0.0293324775993824,-13.72145235,150.0,0.01
82980,7308,4149,11,0.29953932762145996,0.0003,0.8074880838394165,-1.9835304021835327,4148,1.951338768005371,-13.72145235,150.0,0.01
83000,7308,4150,11,0.9388041496276855,0.0003,-0.5213676691055298,-2.0022521018981934,4149,0.2677695155143738,-13.72145235,150.0,0.01
83020,7308,4151,11,0.906416654586792,0.0003,-0.3318529725074768,-2.109724521636963,4150,0.2481902539730072,-13.72145235,150.0,0.01
83040,7308,4152,11,0.9088864326477051,0.0003,0.13213622570037842,-2.1369924545288086,4151,0.15767346322536469,-13.72145235,150.0,0.01
83060,7308,4153,11,0.7829548120498657,0.0003,0.15319567918777466,-2.0777318477630615,4152,0.2310023307800293,-13.72145235,150.0,0.01
83080,7309,4154,11,0.8530519604682922,0.0003,0.30094772577285767,-2.1000819206237793,4153,0.11652959883213043,-13.72145235,150.0,0.01
83100,7309,4155,11,0.5623648166656494,0.0003,0.24814167618751526,-2.0906481742858887,4154,0.6546648740768433,-13.72145235,150.0,0.01
83120,7309,4156,11,0.8179797530174255,0.0003,-0.2605670094490051,-2.053515911102295,4155,0.15100669860839844,-13.72145235,150.0,0.01
83140,7309,4157,11,0.7632395029067993,0.0003,0.6999834775924683,-2.012418270111084,4156,0.500153660774231,-13.72145235,150.0,0.01
83160,7309,4158,11,0.6115294098854065,0.0003,0.26667752861976624,-2.017897367477417,4157,0.4675823152065277,-13.72145235,150.0,0.01
83180,7309,4159,11,0.9427764415740967,0.0003,0.3639334738254547,-1.9632984399795532,4158,0.09773413836956024,-13.72145235,150.0,0.01
83200,7309,4160,11,0.3126795291900635,0.0003,1.0611965656280518,-2.0249528884887695,4159,2.2983791828155518,-13.72145235,150.0,0.01
83220,7309,4161,11,0.6332066059112549,0.0003,0.46231573820114136,-2.0436415672302246,4160,0.8892833590507507,-13.72145235,150.0,0.01
83240,7310,4162,11,0.9055726528167725,0.0003,-0.48621708154678345,-2.0638082027435303,4161,0.19787590205669403,-13.72145235,150.0,0.01
83260,7310,4163,11,0.8693968653678894,0.0003,-0.188519686460495,-2.068871259689331,4162,0.14698068797588348,-13.72145235,150.0,0.01
83280,7310,4164,11,0.48947393894195557,0.0003,1.0601789951324463,-2.0198826789855957,4163,1.7447429895401,-13.72145235,150.0,0.01
83300,7310,4165,11,0.8877736926078796,0.0003,-0.017230814322829247,-2.006592273712158,4164,0.13877815008163452,-13.72145235,150.0,0.01
83320,7310,4166,11,0.7625430226325989,0.0003,0.26767605543136597,-1.9972273111343384,4165,0.8349234461784363,-13.72145235,150.0,0.01
83340,7310,4167,11,0.8338963985443115,0.0003,0.08805124461650848,-1.9810192584991455,4166,0.8164574503898621,-13.72145235,150.0,0.01
83360,7310,4168,11,0.8554397821426392,0.0003,0.5104370713233948,-2.0160655975341797,4167,0.8417213559150696,-13.72145235,150.0,0.01
83380,7311,4169,11,0.9720253944396973,0.0003,-0.3444526791572571,-2.056135892868042,4168,0.14236441254615784,-13.72145235,150.0,0.01
83400,7311,4170,11,0.7981700897216797,0.0003,0.7066264152526855,-2.0513830184936523,4169,2.089909076690674,-13.914534259999998,150.0,0.01
83420,7311,4171,11,0.9891710877418518,0.0003,-0.34065040946006775,-2.0795886516571045,4170,0.07314882427453995,-13.914534259999998,150.0,0.01
83440,7311,4172,11,0.4280664920806885,0.0003,0.2606404423713684,-1.7375648021697998,4171,0.3131447732448578,-13.914534259999998,150.0,0.01
83460,7311,4173,11,0.44772809743881226,0.0003,0.08392239362001419,-1.737615942955017,4172,0.6976646184921265,-13.914534259999998,150.0,0.01
83480,7311,4174,11,0.927225649356842,0.0003,-0.16942191123962402,-1.7352275848388672,4173,0.22040097415447235,-13.914534259999998,150.0,0.01
83500,7311,4175,11,0.9559921622276306,0.0003,-0.7422267198562622,-1.7928187847137451,4174,0.351674348115921,-13.914534259999998,150.0,0.01
83520,7311,4176,11,0.40180909633636475,0.0003,0.6596161723136902,-1.8182742595672607,4175,1.581081748008728,-13.914534259999998,150.0,0.01
83540,7312,4177,11,0.8384130001068115,0.0003,-0.18923284113407135,-1.859412431716919,4176,0.41545528173446655,-13.914534259999998,150.0,0.01
83560,7312,4178,11,0.9953911900520325,0.0003,-0.3390352129936218,-1.9109470844268799,4177,0.05339990183711052,-13.914534259999998,150.0,0.01
83580,7312,4179,11,0.9585003852844238,0.0003,0.0349370539188385,-1.9274280071258545,4178,0.14212346076965332,-13.914534259999998,150.0,0.01
83600,7312,4180,11,0.8589524626731873,0.0003,0.39396998286247253,-1.9959068298339844,4179,0.8136976957321167,-13.914534259999998,150.0,0.01
83620,7312,4181,11,0.9697504043579102,0.0003,-0.11221864074468613,-1.998008131980896,4180,0.20983608067035675,-13.914534259999998,150.0,0.01
83640,7312,4182,11,0.9928464293479919,0.0003,-1.341400384902954,-1.998128890991211,4181,0.4900898039340973,-13.914534259999998,150.0,0.01
83660,7312,4183,11,0.9304977655410767,0.0003,0.2837041914463043,-2.0057473182678223,4182,0.5092543363571167,-13.914534259999998,150.0,0.01
83680,7312,4184,11,0.9875724911689758,0.0003,-0.5707998275756836,-2.071166515350342,4183,0.17274098098278046,-13.914534259999998,150.0,0.01
83700,7312,4185,11,0.9620891213417053,0.0003,0.08176112174987793,-2.0805907249450684,4184,0.23239107429981232,-13.914534259999998,150.0,0.01
83720,7312,4186,11,0.9674400687217712,0.0003,0.17891503870487213,-2.0542538166046143,4185,0.21141834557056427,-13.914534259999998,150.0,0.01
83740,7312,4187,11,0.9677461385726929,0.0003,-0.5530955791473389,-1.9197742938995361,4186,0.24878625571727753,-13.914534259999998,150.0,0.01
83760,7312,4188,11,0.9751479029655457,0.0003,-0.5602552890777588,-1.983116865158081,4187,0.20809206366539001,-13.914534259999998,150.0,0.01
83780,7312,4189,11,0.2811826467514038,0.0003,0.4481844902038574,-2.0823428630828857,4188,1.482112169265747,-13.914534259999998,150.0,0.01
83800,7312,4190,11,0.9611703753471375,0.0003,-0.4760931134223938,-1.9966182708740234,4189,0.17442457377910614,-13.914534259999998,150.0,0.01
83820,7313,4191,11,0.9331770539283752,0.0003,-0.2523347735404968,-2.045349597930908,4190,0.17523729801177979,-13.914534259999998,150.0,0.01
83840,7313,4192,11,0.9337791800498962,0.0003,-0.4217464327812195,-2.1004865169525146,4191,0.15568514168262482,-13.914534259999998,150.0,0.01
83860,7313,4193,11,0.6906872987747192,0.0003,0.5162448287010193,-2.1181881427764893,4192,0.7458481788635254,-13.914534259999998,150.0,0.01
83880,7313,4194,11,0.9641695618629456,0.0003,-0.22701624035835266,-1.9658645391464233,4193,0.06989169120788574,-13.914534259999998,150.0,0.01
83900,7313,4195,11,0.9412181973457336,0.0003,-0.48143187165260315,-1.8984829187393188,4194,0.1503172665834427,-13.914534259999998,150.0,0.01
83920,7313,4196,11,0.8789241909980774,0.0003,-0.11984747648239136,-1.9507577419281006,4195,0.09411773830652237,-13.914534259999998,150.0,0.01
83940,7313,4197,11,0.9391514658927917,0.0003,-0.24056506156921387,-2.028881788253784,4196,0.04824376106262207,-13.914534259999998,150.0,0.01
83960,7313,4198,11,0.8537043929100037,0.0003,-0.15289095044136047,-2.020864486694336,4197,0.12748116254806519,-13.914534259999998,150.0,0.01
83980,7313,4199,11,0.9508569240570068,0.0003,-0.03523887321352959,-2.050135374069214,4198,0.011388641782104969,-13.914534259999998,150.0,0.01
84000,7313,4200,11,0.8530067801475525,0.0003,-0.2575318217277527,-2.0360069274902344,4199,0.05673181265592575,-13.904544749999998,150.0,0.01
84020,7313,4201,11,0.7218981385231018,0.0003,-0.35809311270713806,-2.059114694595337,4200,0.09510545432567596,-13.904544749999998,150.0,0.01
84040,7313,4202,11,0.2474706768989563,0.0003,-0.1632687896490097,-1.6525424718856812,4201,0.05637799948453903,-13.904544749999998,150.0,0.01
84060,7313,4203,11,0.5582419633865356,0.0003,0.13116347789764404,-1.6904398202896118,4202,0.18655595183372498,-13.904544749999998,150.0,0.01
84080,7313,4204,11,0.9084268808364868,0.0003,-0.30855560302734375,-1.732225775718689,4203,0.0838824138045311,-13.904544749999998,150.0,0.01
84100,7314,4205,11,0.8980752825737,0.0003,0.11365088075399399,-1.7668205499649048,4204,0.0655168741941452,-13.904544749999998,150.0,0.01
84120,7314,4206,11,0.8994989395141602,0.0003,0.49249425530433655,-1.8175808191299438,4205,0.14845190942287445,-13.904544749999998,150.0,0.01
84140,7314,4207,11,0.5845381021499634,0.0003,0.43062591552734375,-1.7988040447235107,4206,0.25485506653785706,-13.904544749999998,150.0,0.01
84160,7314,4208,11,0.7609058022499084,0.0003,0.3825402855873108,-1.8713308572769165,4207,0.46060389280319214,-13.904544749999998,150.0,0.01
84180,7314,4209,11,0.9346974492073059,0.0003,0.20711512863636017,-1.946846604347229,4208,0.19066984951496124,-13.904544749999998,150.0,0.01
84200,7314,4210,11,0.8048240542411804,0.0003,1.0389649868011475,-1.8684943914413452,4209,1.7856025695800781,-13.904544749999998,150.0,0.01
84220,7314,4211,11,0.7438591718673706,0.0003,2.6519887447357178,-1.9166679382324219,4210,4.685034275054932,-13.904544749999998,150.0,0.01
84240,7314,4212,11,0.9595362544059753,0.0003,0.5647498965263367,-2.029628276824951,4211,0.6122404336929321,-13.904544749999998,150.0,0.01
84260,7315,4213,11,0.8795621991157532,0.0003,0.6425016522407532,-1.9061076641082764,4212,2.637641191482544,-13.904544749999998,150.0,0.01
84280,7315,4214,11,0.9835651516914368,0.0003,1.5474727153778076,-1.9861366748809814,4213,1.0433738231658936,-13.904544749999998,150.0,0.01
84300,7315,4215,11,0.9943036437034607,0.0003,-0.08954751491546631,-1.9468767642974854,4214,0.13703423738479614,-13.904544749999998,150.0,0.01
84320,7315,4216,11,0.9910448789596558,0.0003,0.4622420370578766,-1.9708080291748047,4215,0.26996392011642456,-13.904544749999998,150.0,0.01
84340,7315,4217,11,0.9926906228065491,0.0003,-0.22550728917121887,-1.941463828086853,4216,0.21068739891052246,-13.904544749999998,150.0,0.01
84360,7315,4218,11,0.9944518804550171,0.0003,0.23842987418174744,-1.9658496379852295,4217,0.12589174509048462,-13.904544749999998,150.0,0.01
84380,7315,4219,11,0.9703315496444702,0.0003,0.08238844573497772,-2.0878453254699707,4218,0.8746698498725891,-13.904544749999998,150.0,0.01
84400,7315,4220,11,0.9884899854660034,0.0003,-0.7478047609329224,-2.0914649963378906,4219,0.37593692541122437,-13.904544749999998,150.0,0.01
84420,7315,4221,11,0.987582802772522,0.0003,-0.3899741768836975,-2.1045873165130615,4220,0.3374650776386261,-13.904544749999998,150.0,0.01
84440,7315,4222,11,0.9880217909812927,0.0003,-1.2055590152740479,-2.0480074882507324,4221,0.5767856240272522,-13.904544749999998,150.0,0.01
84460,7315,4223,11,0.9949360489845276,0.0003,-0.8118093609809875,-2.0766897201538086,4222,0.24860432744026184,-13.904544749999998,150.0,0.01
84480,7316,4224,11,0.9949756264686584,0.0003,-0.5357582569122314,-2.031142234802246,4223,0.13512130081653595,-13.904544749999998,150.0,0.01
84500,7316,4225,11,0.8770900368690491,0.0003,-0.43639081716537476,-2.0610148906707764,4224,0.9657666087150574,-13.904544749999998,150.0,0.01
84520,7316,4226,11,0.9429082274436951,0.0003,-0.13375122845172882,-2.0605597496032715,4225,0.34440740942955017,-13.904544749999998,150.0,0.01
84540,7316,4227,11,0.9763495922088623,0.0003,-0.4798620343208313,-2.0699753761291504,4226,0.18757466971874237,-13.904544749999998,150.0,0.01
84560,7316,4228,11,0.9680211544036865,0.0003,-0.5094775557518005,-2.0808796882629395,4227,0.21961387991905212,-13.904544749999998,150.0,0.01
84580,7316,4229,11,0.9727640151977539,0.0003,-0.4429473280906677,-2.078399658203125,4228,0.1621246039867401,-13.904544749999998,150.0,0.01
84600,7316,4230,11,0.9796988368034363,0.0003,-0.20160841941833496,-2.1062979698181152,4229,0.07027661055326462,-13.77878223,150.0,0.01
84620,7316,4231,11,0.9686790108680725,0.0003,-0.1849338561296463,-2.069855213165283,4230,0.0842628926038742,-13.77878223,150.0,0.01
84640,7316,4232,11,0.9504886269569397,0.0003,-0.6725775003433228,-1.7765018939971924,4231,0.24528881907463074,-13.77878223,150.0,0.01
84660,7317,4233,11,0.9371336698532104,0.0003,-0.5175816416740417,-1.8256686925888062,4232,0.15017831325531006,-13.77878223,150.0,0.01
84680,7317,4234,11,0.9536266922950745,0.0003,-0.1383092701435089,-1.8199580907821655,4233,0.101854108273983,-13.77878223,150.0,0.01
84700,7317,4235,11,0.967205822467804,0.0003,-0.6587411165237427,-1.8142907619476318,4234,0.16804751753807068,-13.77878223,150.0,0.01
84720,7317,4236,11,0.8395050168037415,0.0003,-0.39677804708480835,-1.8636394739151,4235,0.4206767976284027,-13.77878223,150.0,0.01
84740,7317,4237,11,0.8843318223953247,0.0003,-0.2828727662563324,-1.914804458618164,4236,0.15600596368312836,-13.77878223,150.0,0.01
84760,7317,4238,11,0.9414221048355103,0.0003,0.11448170989751816,-1.9367965459823608,4237,0.0535380020737648,-13.77878223,150.0,0.01
84780,7317,4239,11,-0.15667641162872314,0.0003,1.9787991046905518,-1.9810584783554077,4238,4.049352169036865,-13.77878223,150.0,0.01
84800,7317,4240,11,0.7412823438644409,0.0003,1.082857370376587,-1.8171203136444092,4239,0.9823424220085144,-13.77878223,150.0,0.01
84820,7317,4241,11,0.7506479024887085,0.0003,0.8393388986587524,-1.8340574502944946,4240,1.1735626459121704,-13.77878223,150.0,0.01
84840,7318,4242,11,0.9712756872177124,0.0003,-0.5329293608665466,-1.9938182830810547,4241,0.1594400852918625,-13.77878223,150.0,0.01
84860,7318,4243,11,0.8502554893493652,0.0003,1.221709132194519,-1.963698387145996,4242,0.9307052493095398,-13.77878223,150.0,0.01
84880,7318,4244,11,0.9613959193229675,0.0003,0.030880248174071312,-2.0630125999450684,4243,0.16244667768478394,-13.77878223,150.0,0.01
84900,7318,4245,11,0.978751540184021,0.0003,-0.3848467171192169,-2.035438060760498,4244,0.14434973895549774,-13.77878223,150.0,0.01
84920,7318,4246,11,0.9844877123832703,0.0003,-0.3345012366771698,-2.097719669342041,4245,0.12390325218439102,-13.77878223,150.0,0.01
84940,7318,4247,11,0.8989570140838623,0.0003,0.5974024534225464,-2.122286081314087,4246,0.9681550860404968,-13.77878223,150.0,0.01
84960,7319,4248,11,0.9912364482879639,0.0003,-0.035708360373973846,-2.1070079803466797,4247,0.06341004371643066,-13.77878223,150.0,0.01
84980,7319,4249,11,0.9712316989898682,0.0003,0.03213261440396309,-2.0862317085266113,4248,0.2471262514591217,-13.77878223,150.0,0.01
85000,7319,4250,11,0.9672720432281494,0.0003,0.018471157178282738,-2.0654425621032715,4249,0.23138244450092316,-13.77878223,150.0,0.01
85020,7319,4251,11,0.9891707301139832,0.0003,0.08216273039579391,-2.002246856689453,4250,0.051730550825595856,-13.77878223,150.0,0.01
85040,7319,4252,11,0.9164299368858337,0.0003,0.39923587441444397,-2.0907974243164062,4251,0.2934165894985199,-13.77878223,150.0,0.01
85060,7319,4253,11,0.9570900201797485,0.0003,0.08642827719449997,-2.075850009918213,4252,0.087680384516716,-13.77878223,150.0,0.01
85080,7319,4254,11,0.9752342104911804,0.0003,-0.060373853892087936,-2.0366740226745605,4253,0.030363693833351135,-13.77878223,150.0,0.01
85100,7319,4255,11,0.8732938766479492,0.0003,-0.0887274369597435,-2.0478243827819824,4254,0.07305751740932465,-13.77878223,150.0,0.01
85120,7319,4256,11,0.5657700300216675,0.0003,-0.07961064577102661,-2.005553722381592,4255,0.17019307613372803,-13.77878223,150.0,0.01
85140,7320,4257,11,0.8828023672103882,0.0003,-0.3102479577064514,-1.9881210327148438,4256,0.05491635948419571,-13.77878223,150.0,0.01
85160,7320,4258,11,0.49202507734298706,0.0003,0.011691215448081493,-2.033449649810791,4257,0.12260204553604126,-13.77878223,150.0,0.01
85180,7320,4259,11,0.502269983291626,0.0003,-0.3092528283596039,-1.8374093770980835,4258,0.09944305568933487,-13.77878223,150.0,0.01
85200,7320,4260,11,0.20831644535064697,0.0003,-0.3705056607723236,-1.8926475048065186,4259,0.0676543340086937,-13.83216096,150.0,0.01
85220,7320,4261,11,0.2560170888900757,0.0003,-0.44213971495628357,-1.9291013479232788,4260,0.12367115169763565,-13.83216096,150.0,0.01
85240,7320,4262,11,0.08094042539596558,0.0003,-0.46547451615333557,-1.7459958791732788,4261,0.16975633800029755,-13.83216096,150.0,0.01
85260,7320,4263,11,-0.4275689125061035,0.0003,0.1763494312763214,-1.7960087060928345,4262,0.253623366355896,-13.83216096,150.0,0.01
85280,7320,4264,11,0.6805433630943298,0.0003,-0.3824654221534729,-1.7837541103363037,4263,0.09007314592599869,-13.83216096,150.0,0.01
85300,7320,4265,11,0.2798103094100952,0.0003,-0.16108590364456177,-1.7517246007919312,4264,0.41360220313072205,-13.83216096,150.0,0.01
85320,7320,4266,11,0.8122203946113586,0.0003,-0.09865371882915497,-1.7693179845809937,4265,0.3348676562309265,-13.83216096,150.0,0.01
85340,7320,4267,11,0.9537609219551086,0.0003,0.5593814253807068,-1.7322057485580444,4266,0.16267848014831543,-13.83216096,150.0,0.01
85360,7320,4268,11,-2.785046100616455,0.0003,1.3029531240463257,-1.7927920818328857,4267,2.146620750427246,-13.83216096,150.0,0.01
85380,7320,4269,11,0.6537939310073853,0.0003,0.8640077710151672,-1.7953956127166748,4268,0.7934412956237793,-13.83216096,150.0,0.01
85400,7320,4270,11,0.9390711188316345,0.0003,-0.3144199252128601,-1.8901920318603516,4269,0.12473161518573761,-13.83216096,150.0,0.01
85420,7320,4271,11,0.32010382413864136,0.0003,1.400342345237732,-1.8484195470809937,4270,1.754126787185669,-13.83216096,150.0,0.01
85440,7320,4272,11,0.8147375583648682,0.0003,0.35443535447120667,-1.8676939010620117,4271,1.3691291809082031,-13.83216096,150.0,0.01
85460,7321,4273,11,0.8067885041236877,0.0003,0.30779165029525757,-1.902838110923767,4272,0.933661937713623,-13.83216096,150.0,0.01
85480,7321,4274,11,0.9912810921669006,0.0003,-0.1732320785522461,-2.005587100982666,4273,0.035258568823337555,-13.83216096,150.0,0.01
85500,7321,4275,11,0.957793653011322,0.0003,0.07232575118541718,-2.0429794788360596,4274,0.15751072764396667,-13.83216096,150.0,0.01
85520,7321,4276,11,0.8689489960670471,0.0003,0.15871360898017883,-2.0203185081481934,4275,0.32665085792541504,-13.83216096,150.0,0.01
85540,7321,4277,11,0.9301436543464661,0.0003,-0.04788758605718613,-1.8245160579681396,4276,0.11852234601974487,-13.83216096,150.0,0.01
85560,7321,4278,11,0.9640793800354004,0.0003,-0.16698786616325378,-1.8738750219345093,4277,0.05070587247610092,-13.83216096,150.0,0.01
85580,7321,4279,11,0.8435121178627014,0.0003,-0.06410913169384003,-1.8235862255096436,4278,0.11657039821147919,-13.83216096,150.0,0.01
85600,7321,4280,11,0.9506313800811768,0.0003,-0.1510036587715149,-1.8605934381484985,4279,0.05198689177632332,-13.83216096,150.0,0.01
85620,7322,4281,11,0.6343600749969482,0.0003,0.4633166193962097,-1.9485067129135132,4280,0.3849281966686249,-13.83216096,150.0,0.01
85640,7322,4282,11,0.8501501083374023,0.0003,-0.26003798842430115,-2.0407814979553223,4281,0.07821258157491684,-13.83216096,150.0,0.01
85660,7322,4283,11,0.7584975361824036,0.0003,-0.5044585466384888,-2.0825841426849365,4282,0.1598503291606903,-13.83216096,150.0,0.01
85680,7322,4284,11,0.8180131316184998,0.0003,-0.2464962899684906,-2.0638070106506348,4283,0.061963845044374466,-13.83216096,150.0,0.01
85700,7322,4285,11,0.7258388996124268,0.0003,-0.2201908379793167,-2.0893986225128174,4284,0.060274649411439896,-13.83216096,150.0,0.01
85720,7322,4286,11,0.7911264896392822,0.0003,-0.16459839046001434,-2.0829315185546875,4285,0.029309142380952835,-13.83216096,150.0,0.01
85740,7323,4287,11,0.7777965068817139,0.0003,-0.07337681949138641,-2.050572156906128,4286,0.018213173374533653,-13.83216096,150.0,0.01
85760,7323,4288,11,0.7183908820152283,0.0003,-0.21383488178253174,-2.0724990367889404,4287,0.035839252173900604,-13.83216096,150.0,0.01
85780,7323,4289,11,0.8311116695404053,0.0003,-0.05395013839006424,-2.087850570678711,4288,0.006724168546497822,-13.83216096,150.0,0.01
85800,7323,4290,11,0.653586745262146,0.0003,-0.04303785413503647,-2.0880837440490723,4289,0.006336329039186239,-14.010982550000001,150.0,0.01
85820,7323,4291,11,0.18101465702056885,0.0003,-0.11413105577230453,-2.0669033527374268,4290,0.014230909757316113,-14.010982550000001,150.0,0.01
85840,7323,4292,11,0.7334516048431396,0.0003,-0.16967222094535828,-1.8109028339385986,4291,0.845319926738739,-14.010982550000001,150.0,0.01
85860,7323,4293,11,0.9614381194114685,0.0003,-0.23114049434661865,-1.8336368799209595,4292,0.1869225800037384,-14.010982550000001,150.0,0.01
85880,7323,4294,11,0.9765474200248718,0.0003,-0.4538904130458832,-1.8132585287094116,4293,0.18085534870624542,-14.010982550000001,150.0,0.01
85900,7323,4295,11,0.9165723323822021,0.0003,1.3758927583694458,-1.8428806066513062,4294,1.2088011503219604,-14.010982550000001,150.0,0.01
85920,7323,4296,11,0.9564383029937744,0.0003,-0.12012890726327896,-1.8896077871322632,4295,0.25273603200912476,-14.010982550000001,150.0,0.01
85940,7324,4297,11,0.8458349704742432,0.0003,0.28718623518943787,-1.8902313709259033,4296,0.5152198076248169,-14.010982550000001,150.0,0.01
85960,7324,4298,11,0.8390076756477356,0.0003,1.7979986667633057,-1.9144519567489624,4297,1.989923119544983,-14.010982550000001,150.0,0.01
85980,7324,4299,11,0.9263949394226074,0.0003,0.2755334973335266,-1.9475380182266235,4298,0.36244890093803406,-14.010982550000001,150.0,0.01
86000,7324,4300,11,0.9753124117851257,0.0003,0.12209097295999527,-1.9459037780761719,4299,0.1165524572134018,-14.010982550000001,150.0,0.01
86020,7324,4301,11,0.9264956712722778,0.0003,0.607891857624054,-2.0267605781555176,4300,0.48343029618263245,-14.010982550000001,150.0,0.01
86040,7324,4302,11,0.8498439192771912,0.0003,-0.1993948221206665,-2.0664916038513184,4301,0.8780946731567383,-14.010982550000001,150.0,0.01
86060,7324,4303,11,0.9677368402481079,0.0003,0.2977273464202881,-1.973505973815918,4302,0.31009045243263245,-14.010982550000001,150.0,0.01
86080,7325,4304,11,0.9741363525390625,0.0003,-1.0725085735321045,-2.004865884780884,4303,0.4219932556152344,-14.010982550000001,150.0,0.01
86100,7325,4305,11,0.9795790910720825,0.0003,-0.5189215540885925,-2.058570623397827,4304,0.22471316158771515,-14.010982550000001,150.0,0.01
86120,7325,4306,11,0.9775673747062683,0.0003,-0.44114822149276733,-2.095026731491089,4305,0.17897358536720276,-14.010982550000001,150.0,0.01
86140,7325,4307,11,0.9718551635742188,0.0003,0.11204782873392105,-2.0976414680480957,4306,0.13745753467082977,-14.010982550000001,150.0,0.01
86160,7325,4308,11,0.9848970770835876,0.0003,-0.5928659439086914,-2.0878653526306152,4307,0.1447773426771164,-14.010982550000001,150.0,0.01
86180,7325,4309,11,0.9935110211372375,0.0003,0.4587768614292145,-2.1071629524230957,4308,0.06702907383441925,-14.010982550000001,150.0,0.01
86200,7325,4310,11,0.9946269989013672,0.0003,-0.18467482924461365,-2.082494020462036,4309,0.026493912562727928,-14.010982550000001,150.0,0.01
86220,7325,4311,11,0.9937847256660461,0.0003,0.3125487267971039,-2.0612740516662598,4310,0.037297170609235764,-14.010982550000001,150.0,0.01
86240,7325,4312,11,0.9622383713722229,0.0003,-0.05677250772714615,-2.084698438644409,4311,0.11756869405508041,-14.010982550000001,150.0,0.01
86260,7325,4313,11,0.9851400256156921,0.0003,0.13947761058807373,-2.1268436908721924,4312,0.04577406495809555,-14.010982550000001,150.0,0.01
86280,7325,4314,11,0.9201695919036865,0.0003,0.520672619342804,-2.109369993209839,4313,0.46807926893234253,-14.010982550000001,150.0,0.01
86300,7326,4315,11,0.9882254600524902,0.0003,0.10703869163990021,-2.118992567062378,4314,0.04401473328471184,-14.010982550000001,150.0,0.01
86320,7326,4316,11,0.9940013885498047,0.0003,-0.04700307548046112,-2.126312732696533,4315,0.019874023273587227,-14.010982550000001,150.0,0.01
86340,7326,4317,11,0.9892820715904236,0.0003,-0.20330047607421875,-2.125934362411499,4316,0.04074305295944214,-14.010982550000001,150.0,0.01
86360,7326,4318,11,0.9846146702766418,0.0003,0.21822607517242432,-2.1253104209899902,4317,0.047849856317043304,-14.010982550000001,150.0,0.01
86380,7326,4319,11,0.9897286891937256,0.0003,0.05555558204650879,-2.1103463172912598,4318,0.025688279420137405,-14.010982550000001,150.0,0.01
86400,7326,4320,11,0.8897340297698975,0.0003,-0.3286363482475281,-2.0918469429016113,4319,0.13083040714263916,-13.88162151,150.0,0.01
86420,7326,4321,11,0.8759114742279053,0.0003,-0.14645004272460938,-2.092163562774658,4320,0.043055951595306396,-13.88162151,150.0,0.01
86440,7326,4322,11,0.8265107274055481,0.0003,0.38623666763305664,-1.792022943496704,4321,0.32474786043167114,-13.88162151,150.0,0.01
86460,7326,4323,11,0.9322546720504761,0.0003,-0.32868123054504395,-1.8164424896240234,4322,0.2210397720336914,-13.88162151,150.0,0.01
86480,7327,4324,11,0.8902024626731873,0.0003,0.656449019908905,-1.783456563949585,4323,0.6788161993026733,-13.88162151,150.0,0.01
86500,7327,4325,11,0.9751534461975098,0.0003,-0.5582782030105591,-1.784448266029358,4324,0.21292300522327423,-13.88162151,150.0,0.01
86520,7327,4326,11,0.9739279747009277,0.0003,0.40217041969299316,-1.8510786294937134,4325,0.2815176844596863,-13.88162151,150.0,0.01
86540,7327,4327,11,0.9815816283226013,0.0003,0.10638437420129776,-1.8829351663589478,4326,0.25274011492729187,-13.88162151,150.0,0.01
86560,7327,4328,11,0.9865803122520447,0.0003,-0.47707900404930115,-1.9687494039535522,4327,0.2986464202404022,-13.88162151,150.0,0.01
86580,7327,4329,11,0.9960896372795105,0.0003,-0.8824387788772583,-1.9929735660552979,4328,0.1953831911087036,-13.88162151,150.0,0.01
86600,7327,4330,11,0.9884401559829712,0.0003,-0.8761928677558899,-2.0219955444335938,4329,0.3082481920719147,-13.88162151,150.0,0.01
86620,7327,4331,11,0.9841967821121216,0.0003,-0.4649149775505066,-2.021287441253662,4330,0.2593718469142914,-13.88162151,150.0,0.01
86640,7327,4332,11,0.9952021241188049,0.0003,-0.1912536919116974,-2.0232884883880615,4331,0.08440154790878296,-13.88162151,150.0,0.01
86660,7327,4333,11,0.9947021007537842,0.0003,-0.12817387282848358,-2.0748720169067383,4332,0.07980664819478989,-13.88162151,150.0,0.01
86680,7327,4334,11,0.8926023840904236,0.0003,1.5807991027832031,-1.948285698890686,4333,3.4021034240722656,-13.88162151,150.0,0.01
86700,7327,4335,11,0.9922659397125244,0.0003,0.15953747928142548,-2.03399395942688,4334,0.15767201781272888,-13.88162151,150.0,0.01
86720,7327,4336,11,0.9559482932090759,0.0003,1.3363683223724365,-2.0564613342285156,4335,1.1102511882781982,-13.88162151,150.0,0.01
86740,7327,4337,11,0.9536100029945374,0.0003,1.185745358467102,-2.0997726917266846,4336,1.860970139503479,-13.88162151,150.0,0.01
86760,7327,4338,11,0.9731112122535706,0.0003,-0.2049635946750641,-2.058690071105957,4337,0.6779464483261108,-13.88162151,150.0,0.01
86780,7327,4339,11,0.9957884550094604,0.0003,-0.1556219458580017,-2.1018786430358887,4338,0.08274167776107788,-13.88162151,150.0,0.01
86800,7327,4340,11,0.9331567287445068,0.0003,0.7835052609443665,-2.0912203788757324,4339,1.0360420942306519,-13.88162151,150.0,0.01
86820,7328,4341,11,0.968722939491272,0.0003,0.3923029899597168,-2.0905869007110596,4340,0.470026433467865,-13.88162151,150.0,0.01
86840,7328,4342,11,0.9870964288711548,0.0003,0.07776429504156113,-1.9780492782592773,4341,0.14387564361095428,-13.88162151,150.0,0.01
86860,7328,4343,11,0.925096333026886,0.0003,-0.012174269184470177,-1.9566633701324463,4342,0.4249771237373352,-13.88162151,150.0,0.01
86880,7328,4344,11,0.9210177063941956,0.0003,0.11651456356048584,-2.018372058868408,4343,0.3014839291572571,-13.88162151,150.0,0.01
86900,7328,4345,11,0.9667927622795105,0.0003,0.31850671768188477,-2.0248401165008545,4344,0.1180955320596695,-13.88162151,150.0,0.01
86920,7328,4346,11,0.8493756651878357,0.0003,-0.691470742225647,-2.0391602516174316,4345,0.3040846884250641,-13.88162151,150.0,0.01
86940,7328,4347,11,0.896996021270752,0.0003,-0.19937360286712646,-2.084521532058716,4346,0.0897350087761879,-13.88162151,150.0,0.01
86960,7328,4348,11,0.9486095905303955,0.0003,-0.3117106258869171,-2.130666971206665,4347,0.05617031455039978,-13.88162151,150.0,0.01
86980,7328,4349,11,0.978280782699585,0.0003,-0.3050551414489746,-2.078777313232422,4348,0.023092273622751236,-13.88162151,150.0,0.01
87000,7328,4350,11,0.5990526676177979,0.0003,-0.1208309531211853,-2.0068154335021973,4349,0.05695372074842453,-13.870087849999997,150.0,0.01
87020,7328,4351,11,0.6613073348999023,0.0003,-0.11835000663995743,-1.94693922996521,4350,0.031436122953891754,-13.870087849999997,150.0,0.01
87040,7328,4352,11,0.9339830875396729,0.0003,0.007924658246338367,-1.7652981281280518,4351,0.21221378445625305,-13.870087849999997,150.0,0.01
87060,7328,4353,11,0.9514861702919006,0.0003,0.4330851137638092,-1.81975519657135,4352,0.24015085399150848,-13.870087849999997,150.0,0.01
87080,7329,4354,11,0.9836227297782898,0.0003,-0.4724564552307129,-1.8311973810195923,4353,0.12331415712833405,-13.870087849999997,150.0,0.01
87100,7329,4355,11,0.9636157155036926,0.0003,0.4356979429721832,-1.8822965621948242,4354,0.24742135405540466,-13.870087849999997,150.0,0.01
87120,7329,4356,11,0.9975587129592896,0.0003,0.13304944336414337,-1.9359737634658813,4355,0.023698851466178894,-13.870087849999997,150.0,0.01
87140,7329,4357,11,0.9956624507904053,0.0003,0.3515722155570984,-1.9223353862762451,4356,0.08380480855703354,-13.870087849999997,150.0,0.01
87160,7329,4358,11,0.9952866435050964,0.0003,0.25913646817207336,-1.9820823669433594,4357,0.07013113051652908,-13.870087849999997,150.0,0.01
87180,7329,4359,11,0.9580755829811096,0.0003,0.600458562374115,-2.0198848247528076,4358,0.5681670904159546,-13.870087849999997,150.0,0.01
87200,7329,4360,11,0.9959000945091248,0.0003,-0.06600996851921082,-2.065962791442871,4359,0.0506666824221611,-13.870087849999997,150.0,0.01
87220,7330,4361,11,0.9688438177108765,0.0003,1.0839519500732422,-2.036499261856079,4360,0.6497833132743835,-13.870087849999997,150.0,0.01
87240,7330,4362,11,0.9139249324798584,0.0003,0.8300913572311401,-2.0229499340057373,4361,1.3349125385284424,-13.870087849999997,150.0,0.01
87260,7330,4363,11,0.9497693777084351,0.0003,0.609134316444397,-2.0590944290161133,4362,1.255440354347229,-13.870087849999997,150.0,0.01
87280,7330,4364,11,0.997308611869812,0.0003,-0.1079716682434082,-2.0891387462615967,4363,0.0602383129298687,-13.870087849999997,150.0,0.01
87300,7330,4365,11,0.9937853813171387,0.0003,0.23661580681800842,-2.0671095848083496,4364,0.18295696377754211,-13.870087849999997,150.0,0.01
87320,7330,4366,11,0.9720471501350403,0.0003,-0.8878923654556274,-1.994910478591919,4365,0.8949766159057617,-13.870087849999997,150.0,0.01
87340,7330,4367,11,0.9963588118553162,0.0003,-0.04068442061543465,-2.11354398727417,4366,0.07660942524671555,-13.870087849999997,150.0,0.01
87360,7331,4368,11,0.9928411841392517,0.0003,0.21202628314495087,-2.0443832874298096,4367,0.17193041741847992,-13.870087849999997,150.0,0.01
87380,7331,4369,11,0.9980394244194031,0.0003,0.10525326430797577,-2.045497417449951,4368,0.04386325925588608,-13.870087849999997,150.0,0.01
87400,7331,4370,11,0.8753690719604492,0.0003,0.6876433491706848,-2.0988929271698,4369,1.5003011226654053,-13.870087849999997,150.0,0.01
87420,7331,4371,11,0.9834139347076416,0.0003,0.4517844319343567,-2.0919368267059326,4370,0.20194728672504425,-13.870087849999997,150.0,0.01
87440,7331,4372,11,0.982938826084137,0.0003,0.8593558073043823,-2.1043496131896973,4371,0.4654684066772461,-13.870087849999997,150.0,0.01
87460,7331,4373,11,0.9969667196273804,0.0003,0.22837762534618378,-2.0721075534820557,4372,0.06482521444559097,-13.870087849999997,150.0,0.01
87480,7331,4374,11,0.956757128238678,0.0003,1.1028625965118408,-2.0864551067352295,4373,0.9924764633178711,-13.870087849999997,150.0,0.01
87500,7331,4375,11,0.9938515424728394,0.0003,0.2492295205593109,-2.0619699954986572,4374,0.12982384860515594,-13.870087849999997,150.0,0.01
87520,7331,4376,11,0.9880982041358948,0.0003,1.0813661813735962,-2.0756633281707764,4375,0.4440007209777832,-13.870087849999997,150.0,0.01
87540,7332,4377,11,0.9305421113967896,0.0003,1.7591979503631592,-2.105201244354248,4376,1.5971161127090454,-13.870087849999997,150.0,0.01
87560,7332,4378,11,0.9777819514274597,0.0003,0.6903446316719055,-2.104393720626831,4377,0.5227319002151489,-13.870087849999997,150.0,0.01
87580,7332,4379,11,0.9977639317512512,0.0003,0.002917510224506259,-2.097047805786133,4378,0.04049514979124069,-13.870087849999997,150.0,0.01
87600,7332,4380,11,0.9686342477798462,0.0003,0.6280761957168579,-2.102318048477173,4379,0.5168096423149109,-13.459166280000002,150.0,0.02
87620,7332,4381,11,0.8793219327926636,0.0003,1.9748739004135132,-2.10845947265625,4380,5.537550926208496,-13.459166280000002,150.0,0.02
87640,7332,4382,11,0.8501352071762085,0.0003,-0.9334398508071899,-1.7951831817626953,4381,0.6668760776519775,-13.459166280000002,150.0,0.02
87660,7332,4383,11,0.7930121421813965,0.0003,-1.1676912307739258,-1.8106811046600342,4382,1.2480909824371338,-13.459166280000002,150.0,0.02
87680,7332,4384,11,0.7317318320274353,0.0003,-1.0789239406585693,-1.7763923406600952,4383,0.9859079122543335,-13.459166280000002,150.0,0.02
87700,7332,4385,11,0.8784431219100952,0.0003,-1.3097480535507202,-1.8199535608291626,4384,0.8706735372543335,-13.459166280000002,150.0,0.02
87720,7333,4386,11,0.6204723119735718,0.0003,0.1629858911037445,-1.8878519535064697,4385,0.9021576046943665,-13.459166280000002,150.0,0.02
87740,7333,4387,11,0.4851268529891968,0.0003,0.1564449816942215,-1.8947772979736328,4386,0.9293943643569946,-13.459166280000002,150.0,0.02
87760,7333,4388,11,0.7877767086029053,0.0003,-0.04478710889816284,-1.9670486450195312,4387,0.4353334903717041,-13.459166280000002,150.0,0.02
87780,7333,4389,11,0.9443860650062561,0.0003,-0.42952775955200195,-1.9828895330429077,4388,0.13078323006629944,-13.459166280000002,150.0,0.02
87800,7333,4390,11,0.8799842596054077,0.0003,-0.28005465865135193,-2.085310459136963,4389,0.2892187237739563,-13.459166280000002,150.0,0.02
87820,7333,4391,11,0.83814936876297,0.0003,1.2569262981414795,-2.0344667434692383,4390,0.9216578602790833,-13.459166280000002,150.0,0.02
87840,7333,4392,11,0.910832941532135,0.0003,0.9577080607414246,-2.0171961784362793,4391,0.5084288716316223,-13.459166280000002,150.0,0.02
87860,7334,4393,11,0.9041643142700195,0.0003,-0.015436257235705853,-2.026057004928589,4392,0.25463342666625977,-13.459166280000002,150.0,0.02
87880,7334,4394,11,0.6049172282218933,0.0003,0.003737759543582797,-2.101383924484253,4393,0.6549854278564453,-13.459166280000002,150.0,0.02
87900,7334,4395,11,0.2518935203552246,0.0003,0.005669224075973034,-2.0773487091064453,4394,0.7159208655357361,-13.459166280000002,150.0,0.02
87920,7334,4396,11,0.8372743725776672,0.0003,-0.04329473897814751,-2.0850930213928223,4395,0.13260424137115479,-13.459166280000002,150.0,0.02
87940,7334,4397,11,0.686324417591095,0.0003,0.2767886519432068,-2.096677303314209,4396,0.18438951671123505,-13.459166280000002,150.0,0.02
87960,7334,4398,11,0.8246682286262512,0.0003,0.10222909599542618,-2.135068893432617,4397,0.041766442358493805,-13.459166280000002,150.0,0.02
87980,7334,4399,11,0.21622562408447266,0.0003,0.10637173801660538,-2.066960096359253,4398,0.3897109627723694,-13.459166280000002,150.0,0.02
88000,7334,4400,11,-0.02829766273498535,0.0003,0.07058288156986237,-2.087956190109253,4399,0.07203688472509384,-13.459166280000002,150.0,0.02
88020,7334,4401,12,-0.2608757019042969,0.0003,1.5879806280136108,-1.9833691120147705,4400,1.5368127822875977,-13.459166280000002,150.0,0.02
88040,7334,4402,12,0.4198775887489319,0.0003,-0.22774454951286316,-1.954384446144104,4401,0.15404929220676422,-13.459166280000002,150.0,0.02
88060,7334,4403,12,0.55342036485672,0.0003,-0.4376407265663147,-2.019425630569458,4402,0.11124356836080551,-13.459166280000002,150.0,0.02
88080,7334,4404,12,0.5868983268737793,0.0003,-0.6161692142486572,-2.018455982208252,4403,0.15325823426246643,-13.459166280000002,150.0,0.02
88100,7334,4405,12,0.3833942413330078,0.0003,-0.5575764775276184,-2.0805764198303223,4404,0.1274273842573166,-13.459166280000002,150.0,0.02
88120,7334,4406,12,0.2189905047416687,0.0003,-0.4621668756008148,-2.1190543174743652,4405,0.15186497569084167,-13.459166280000002,150.0,0.02
88140,7334,4407,12,0.18377959728240967,0.0003,-0.6499053239822388,-2.1040377616882324,4406,0.14747357368469238,-13.459166280000002,150.0,0.02
88160,7334,4408,12,0.08672338724136353,0.0003,-0.5429540872573853,-2.108457565307617,4407,0.1322813332080841,-13.459166280000002,150.0,0.02
88180,7335,4409,12,0.015276134014129639,0.0003,-0.757372260093689,-2.0871129035949707,4408,0.1799246370792389,-13.459166280000002,150.0,0.02
88200,7335,4410,12,-0.003270268440246582,0.0003,-0.3911430835723877,-2.093698024749756,4409,0.1017020121216774,-13.431714599999998,150.0,0.02
88220,7335,4411,12,0.13682228326797485,0.0003,-0.3136303424835205,-2.1154675483703613,4410,0.06730608642101288,-13.431714599999998,150.0,0.02
88240,7335,4412,12,0.9393503069877625,0.0003,-0.05740915611386299,-1.7369129657745361,4411,0.09886203706264496,-13.431714599999998,150.0,0.02
88260,7335,4413,12,0.9145037531852722,0.0003,-0.5357756018638611,-1.7772144079208374,4412,0.22581008076667786,-13.431714599999998,150.0,0.02
88280,7335,4414,12,0.9452400207519531,0.0003,-0.147286057472229,-1.7829291820526123,4413,0.12509164214134216,-13.431714599999998,150.0,0.02
88300,7335,4415,12,0.7778300046920776,0.0003,-0.4299662709236145,-1.8339557647705078,4414,0.7490798830986023,-13.431714599999998,150.0,0.02
88320,7335,4416,12,0.9766719937324524,0.0003,0.20888015627861023,-1.8815513849258423,4415,0.09495706856250763,-13.431714599999998,150.0,0.02
88340,7335,4417,12,0.7217870950698853,0.0003,3.258647918701172,-1.903571367263794,4416,4.363175392150879,-13.431714599999998,150.0,0.02
88360,7336,4418,12,0.7987035512924194,0.0003,0.952452540397644,-1.9481990337371826,4417,2.458920955657959,-13.431714599999998,150.0,0.02
88380,7336,4419,12,0.9829403162002563,0.0003,-0.19198988378047943,-1.998242735862732,4418,0.1963907927274704,-13.431714599999998,150.0,0.02
88400,7336,4420,12,0.9684314727783203,0.0003,0.7848467826843262,-2.0251662731170654,4419,0.6566349864006042,-13.431714599999998,150.0,0.02
88420,7336,4421,12,0.9776799082756042,0.0003,0.23793275654315948,-2.0725433826446533,4420,0.3849455416202545,-13.431714599999998,150.0,0.02
88440,7336,4422,12,0.9914584159851074,0.0003,-0.5583176612854004,-2.004049777984619,4421,0.21192464232444763,-13.431714599999998,150.0,0.02
88460,7336,4423,12,0.9685931205749512,0.0003,0.06844615936279297,-2.0605885982513428,4422,0.4866769313812256,-13.431714599999998,150.0,0.02
88480,7336,4424,12,0.9669204950332642,0.0003,-0.12596969306468964,-2.037400722503662,4423,0.8456541299819946,-13.431714599999998,150.0,0.02
88500,7337,4425,12,0.9338741302490234,0.0003,0.8500419855117798,-2.0947632789611816,4424,2.251267910003662,-13.431714599999998,150.0,0.02
88520,7337,4426,12,0.9583214521408081,0.0003,1.5104761123657227,-2.074153423309326,4425,2.205761671066284,-13.431714599999998,150.0,0.02
88540,7337,4427,12,0.9845942258834839,0.0003,0.5687960386276245,-2.085216760635376,4426,0.8101322054862976,-13.431714599999998,150.0,0.02
88560,7337,4428,12,0.9924182891845703,0.0003,-0.06567315012216568,-2.08402156829834,4427,0.32637709379196167,-13.431714599999998,150.0,0.02
88580,7337,4429,12,0.9705774784088135,0.0003,0.18983164429664612,-2.0716872215270996,4428,1.0276618003845215,-13.431714599999998,150.0,0.02
88600,7337,4430,12,0.9854800701141357,0.0003,0.1077209934592247,-2.110626697540283,4429,0.46169018745422363,-13.431714599999998,150.0,0.02
88620,7337,4431,12,0.9899849891662598,0.0003,-0.08889912813901901,-2.1228837966918945,4430,0.3049345910549164,-13.431714599999998,150.0,0.02
88640,7337,4432,12,0.9953303933143616,0.0003,-0.11485326290130615,-2.0981597900390625,4431,0.1399138867855072,-13.431714599999998,150.0,0.02
88660,7337,4433,12,0.9960872530937195,0.0003,0.17264340817928314,-2.0845072269439697,4432,0.11012279987335205,-13.431714599999998,150.0,0.02
88680,7337,4434,12,0.9917188286781311,0.0003,-0.24791812896728516,-2.0644965171813965,4433,0.20360486209392548,-13.431714599999998,150.0,0.02
88700,7337,4435,12,0.9921592473983765,0.0003,-0.5354863405227661,-2.039412498474121,4434,0.18772074580192566,-13.431714599999998,150.0,0.02
88720,7337,4436,12,0.9862629771232605,0.0003,-0.20849597454071045,-2.0296518802642822,4435,0.20131587982177734,-13.431714599999998,150.0,0.02
88740,7337,4437,12,0.9938584566116333,0.0003,-0.2581254839897156,-1.9679548740386963,4436,0.09716516733169556,-13.431714599999998,150.0,0.02
88760,7337,4438,12,0.9971664547920227,0.0003,-0.06778190284967422,-2.0346579551696777,4437,0.029948372393846512,-13.431714599999998,150.0,0.02
88780,7337,4439,12,0.9941956996917725,0.0003,-0.25281012058258057,-2.087885856628418,4438,0.05799824744462967,-13.431714599999998,150.0,0.02
88800,7337,4440,12,0.9980767369270325,0.0003,0.11359753459692001,-2.0753607749938965,4439,0.01779775507748127,-13.21316231,150.0,0.03
88820,7337,4441,12,0.8011112809181213,0.0003,2.6475906372070312,-2.0843214988708496,4440,5.715049743652344,-13.21316231,150.0,0.03
88840,7337,4442,12,-0.2647041082382202,0.0003,0.3240291476249695,-1.790885329246521,4441,0.6022043228149414,-13.21316231,150.0,0.03
88860,7338,4443,12,0.7312684059143066,0.0003,-0.541222333908081,-1.8343384265899658,4442,0.3326284885406494,-13.21316231,150.0,0.03
88880,7337,4444,12,0.6724240779876709,0.0003,-0.5939250588417053,-1.8617407083511353,4443,0.5589417219161987,-13.21316231,150.0,0.03
88900,7337,4445,12,0.7778919339179993,0.0003,0.3166343569755554,-1.8988409042358398,4444,0.8383235931396484,-13.21316231,150.0,0.03
88920,7338,4446,12,0.8352465033531189,0.0003,-0.8896418809890747,-1.8896211385726929,4445,1.906574010848999,-13.21316231,150.0,0.03
88940,7338,4447,12,0.9386626482009888,0.0003,-0.5606815814971924,-1.9406177997589111,4446,0.9479590654373169,-13.21316231,150.0,0.03
88960,7338,4448,12,0.9768168926239014,0.0003,-0.23320841789245605,-1.935781717300415,4447,0.46573081612586975,-13.21316231,150.0,0.03
88980,7338,4449,12,0.9622561931610107,0.0003,0.05912044644355774,-1.965606451034546,4448,0.7236959338188171,-13.21316231,150.0,0.03
89000,7338,4450,12,0.9801955819129944,0.0003,-1.8097801208496094,-1.966709852218628,4449,0.8363696336746216,-13.21316231,150.0,0.03
89020,7338,4451,12,0.9415664076805115,0.0003,-0.05742541700601578,-2.0102100372314453,4450,1.773168921470642,-13.21316231,150.0,0.03
89040,7338,4452,12,0.9846657514572144,0.0003,0.043698638677597046,-1.9815784692764282,4451,0.39182156324386597,-13.21316231,150.0,0.03
89060,7339,4453,12,0.9759280681610107,0.0003,0.31974664330482483,-2.005223035812378,4452,0.7215906977653503,-13.21316231,150.0,0.03
89080,7339,4454,12,0.9854329824447632,0.0003,-0.6349115967750549,-2.047962188720703,4453,0.38596177101135254,-13.21316231,150.0,0.03
89100,7339,4455,12,0.9910217523574829,0.0003,0.13597145676612854,-1.9979015588760376,4454,0.20160207152366638,-13.21316231,150.0,0.03
89120,7339,4456,12,0.9688314199447632,0.0003,-0.0024878084659576416,-2.006075620651245,4455,0.48895159363746643,-13.21316231,150.0,0.03
89140,7339,4457,12,0.8671433925628662,0.0003,0.285938024520874,-2.02286434173584,4456,1.316014289855957,-13.21316231,150.0,0.03
89160,7339,4458,12,0.9896541833877563,0.0003,0.09023933112621307,-2.049445152282715,4457,0.10736937820911407,-13.21316231,150.0,0.03
89180,7339,4459,12,0.9288167953491211,0.0003,0.36417803168296814,-2.061641216278076,4458,0.8410431742668152,-13.21316231,150.0,0.03
89200,7339,4460,12,0.9927252531051636,0.0003,-0.7318757176399231,-2.0783603191375732,4459,0.16989995539188385,-13.21316231,150.0,0.03
89220,7339,4461,12,0.9830350279808044,0.0003,-0.4148864150047302,-2.0615296363830566,4460,0.16162213683128357,-13.21316231,150.0,0.03
89240,7339,4462,12,0.9516619443893433,0.0003,-0.00045772193698212504,-2.059596061706543,4461,0.20317590236663818,-13.21316231,150.0,0.03
89260,7339,4463,12,0.9751607775688171,0.0003,-0.07134668529033661,-2.0275051593780518,4462,0.08058297634124756,-13.21316231,150.0,0.03
89280,7339,4464,12,0.9630416035652161,0.0003,-0.09549567848443985,-1.9460731744766235,4463,0.08195517957210541,-13.21316231,150.0,0.03
89300,7340,4465,12,0.4754752516746521,0.0003,0.5454831123352051,-1.9459617137908936,4464,1.041678547859192,-13.21316231,150.0,0.03
89320,7340,4466,12,0.8787978887557983,0.0003,-0.19108662009239197,-1.9436194896697998,4465,0.1287437230348587,-13.21316231,150.0,0.03
89340,7340,4467,12,0.9505907297134399,0.0003,0.1176338642835617,-1.9250987768173218,4466,0.03598133102059364,-13.21316231,150.0,0.03
89360,7340,4468,12,-0.07488417625427246,0.0003,0.48878493905067444,-1.9037892818450928,4467,1.2306216955184937,-13.21316231,150.0,0.03
89380,7340,4469,12,0.47372931241989136,0.0003,0.17281636595726013,-1.9782918691635132,4468,0.16596423089504242,-13.21316231,150.0,0.03
89400,7340,4470,12,0.2150266170501709,0.0003,0.43581897020339966,-1.912575125694275,4469,0.33115988969802856,-12.91847119,150.0,0.03
89420,7340,4471,12,-0.18382251262664795,0.0003,0.06613211333751678,-1.9364678859710693,4470,0.1420365273952484,-12.91847119,150.0,0.03
89440,7340,4472,12,0.8137524724006653,0.0003,-0.3364487290382385,-1.6400690078735352,4471,0.13555924594402313,-12.91847119,150.0,0.03
89460,7340,4473,12,0.5937020778656006,0.0003,0.1850152313709259,-1.675270438194275,4472,0.3272625803947449,-12.91847119,150.0,0.03
89480,7340,4474,12,0.2640424966812134,0.0003,-0.07215875387191772,-1.6923274993896484,4473,0.8619769215583801,-12.91847119,150.0,0.03
89500,7340,4475,12,0.6956666111946106,0.0003,-0.46069175004959106,-1.724206566810608,4474,0.3069915175437927,-12.91847119,150.0,0.03
89520,7341,4476,12,0.786539614200592,0.0003,0.38121432065963745,-1.736354112625122,4475,0.26320183277130127,-12.91847119,150.0,0.03
89540,7341,4477,12,0.9420883655548096,0.0003,0.3107233941555023,-1.7956781387329102,4476,0.13159708678722382,-12.91847119,150.0,0.03
89560,7341,4478,12,0.845474362373352,0.0003,0.01620248518884182,-1.7906930446624756,4477,0.545710027217865,-12.91847119,150.0,0.03
89580,7341,4479,12,0.9056254029273987,0.0003,0.5001016855239868,-1.7975155115127563,4478,0.7083185315132141,-12.91847119,150.0,0.03
89600,7341,4480,12,0.9016628265380859,0.0003,0.011733314022421837,-1.7773637771606445,4479,0.8726761937141418,-12.91847119,150.0,0.03
89620,7341,4481,12,0.5867212414741516,0.0003,0.3070627748966217,-1.9204227924346924,4480,2.704723358154297,-12.91847119,150.0,0.03
89640,7341,4482,12,0.8217873573303223,0.0003,-0.01743326149880886,-1.9154388904571533,4481,0.5543834567070007,-12.91847119,150.0,0.03
89660,7341,4483,12,0.8149670958518982,0.0003,0.14390338957309723,-1.9837945699691772,4482,0.3415282070636749,-12.91847119,150.0,0.03
89680,7342,4484,12,0.9347185492515564,0.0003,-0.23542983829975128,-1.9437710046768188,4483,0.1505570113658905,-12.91847119,150.0,0.03
89700,7342,4485,12,0.9225831627845764,0.0003,-0.506721556186676,-2.034607172012329,4484,0.22146646678447723,-12.91847119,150.0,0.03
89720,7342,4486,12,0.9747507572174072,0.0003,-0.5270770788192749,-2.021719455718994,4485,0.12564553320407867,-12.91847119,150.0,0.03
89740,7342,4487,12,0.9830502867698669,0.0003,-0.4239579141139984,-1.980553388595581,4486,0.0731414407491684,-12.91847119,150.0,0.03
89760,7342,4488,12,0.9461111426353455,0.0003,-0.1642531305551529,-2.0340142250061035,4487,0.04588960483670235,-12.91847119,150.0,0.03
89780,7342,4489,12,0.9797431826591492,0.0003,-0.4223003387451172,-1.9648075103759766,4488,0.0638740286231041,-12.91847119,150.0,0.03
89800,7342,4490,12,0.9725451469421387,0.0003,-0.16903480887413025,-2.0240697860717773,4489,0.02027187868952751,-12.91847119,150.0,0.03
89820,7343,4491,12,-0.5791376829147339,0.0003,0.6157963275909424,-1.998162865638733,4490,0.885711669921875,-12.91847119,150.0,0.03
89840,7343,4492,12,0.9160996675491333,0.0003,-0.22916729748249054,-1.930489182472229,4491,0.03603703901171684,-12.91847119,150.0,0.03
89860,7343,4493,12,-0.12924301624298096,0.0003,0.2845897078514099,-1.9378620386123657,4492,0.3944683074951172,-12.91847119,150.0,0.03
89880,7343,4494,12,0.22254490852355957,0.0003,0.294180691242218,-2.0005526542663574,4493,0.09130408614873886,-12.91847119,150.0,0.03
89900,7343,4495,12,0.5802443027496338,0.0003,-0.1742517054080963,-2.0862221717834473,4494,0.07929787784814835,-12.91847119,150.0,0.03
89920,7343,4496,12,0.5160528421401978,0.0003,-0.11373579502105713,-1.9754703044891357,4495,0.13347093760967255,-12.91847119,150.0,0.03
89940,7343,4497,12,0.521239697933197,0.0003,-0.1549181044101715,-2.0155224800109863,4496,0.10456808656454086,-12.91847119,150.0,0.03
89960,7344,4498,12,0.05169343948364258,0.0003,0.2900612950325012,-1.9788563251495361,4497,0.2880600392818451,-12.91847119,150.0,0.03
89980,7344,4499,12,0.6573479175567627,0.0003,0.3731209933757782,-2.0370030403137207,4498,0.05555449053645134,-12.91847119,150.0,0.03
90000,7344,4500,12,0.7872822880744934,0.0003,0.17587792873382568,-2.073359966278076,4499,0.022869285196065903,-13.078161980000003,150.0,0.03
90020,7344,4501,12,0.7135179042816162,0.0003,-0.1464439332485199,-2.089245319366455,4500,0.028286227956414223,-13.078161980000003,150.0,0.03
90040,7344,4502,12,0.7506967782974243,0.0003,0.3471042215824127,-1.7724803686141968,4501,0.7038920521736145,-13.078161980000003,150.0,0.03
90060,7344,4503,12,0.9187948703765869,0.0003,-0.9777544140815735,-1.8182729482650757,4502,0.6209297776222229,-13.078161980000003,150.0,0.03
90080,7344,4504,12,0.9752775430679321,0.0003,0.14540627598762512,-1.840369462966919,4503,0.1315811574459076,-13.078161980000003,150.0,0.03
90100,7344,4505,12,0.9816880226135254,0.0003,-0.6284381151199341,-1.8593132495880127,4504,0.25218334794044495,-13.078161980000003,150.0,0.03
90120,7344,4506,12,0.9365525245666504,0.0003,0.1698065847158432,-1.8885743618011475,4505,0.47718730568885803,-13.078161980000003,150.0,0.03
90140,7345,4507,12,0.9566903710365295,0.0003,0.1392602026462555,-1.9309583902359009,4506,0.47167864441871643,-13.078161980000003,150.0,0.03
90160,7345,4508,12,0.9682433009147644,0.0003,0.7617713212966919,-1.9094667434692383,4507,0.6622083783149719,-13.078161980000003,150.0,0.03
90180,7345,4509,12,0.9874333739280701,0.0003,0.2264365255832672,-1.870012640953064,4508,0.1712057888507843,-13.078161980000003,150.0,0.03
90200,7345,4510,12,0.9779487252235413,0.0003,-0.3967234194278717,-1.9649925231933594,4509,0.28547734022140503,-13.078161980000003,150.0,0.03
90220,7345,4511,12,0.8348602652549744,0.0003,0.29430484771728516,-1.9918739795684814,4510,1.1093308925628662,-13.078161980000003,150.0,0.03
90240,7345,4512,12,0.987616777420044,0.0003,0.7078475952148438,-2.0554752349853516,4511,0.19977223873138428,-13.078161980000003,150.0,0.03
90260,7345,4513,12,0.9451721906661987,0.0003,0.6722856760025024,-2.0782532691955566,4512,0.49103260040283203,-13.078161980000003,150.0,0.03
90280,7345,4514,12,0.8116446137428284,0.0003,1.4018809795379639,-1.966535210609436,4513,1.5723849534988403,-13.078161980000003,150.0,0.03
90300,7345,4515,12,0.874491810798645,0.0003,0.1288548856973648,-1.9725639820098877,4514,0.5039486885070801,-13.078161980000003,150.0,0.03
90320,7345,4516,12,0.9430178999900818,0.0003,0.20631179213523865,-2.0333781242370605,4515,0.3193346858024597,-13.078161980000003,150.0,0.03
90340,7345,4517,12,0.8746058940887451,0.0003,1.3629175424575806,-2.030534267425537,4516,1.8813221454620361,-13.078161980000003,150.0,0.03
90360,7346,4518,12,0.8460421562194824,0.0003,0.8635350465774536,-1.976963996887207,4517,1.4714702367782593,-13.078161980000003,150.0,0.03
90380,7346,4519,12,0.9908608198165894,0.0003,0.21057534217834473,-1.9638839960098267,4518,0.06823558360338211,-13.078161980000003,150.0,0.03
90400,7345,4520,12,0.9866520166397095,0.0003,-0.5685007572174072,-1.8804340362548828,4519,0.1286655068397522,-13.078161980000003,150.0,0.03
90420,7345,4521,12,0.9735846519470215,0.0003,0.23239603638648987,-1.9962615966796875,4520,0.1591716706752777,-13.078161980000003,150.0,0.03
90440,7344,4522,12,0.984096884727478,0.0003,0.25993409752845764,-1.9366146326065063,4521,0.11781942844390869,-13.078161980000003,150.0,0.03
90460,7344,4523,12,0.9839648604393005,0.0003,-0.04574662446975708,-1.9724218845367432,4522,0.07689418643712997,-13.078161980000003,150.0,0.03
90480,7343,4524,12,0.9946171045303345,0.0003,-0.3504366874694824,-2.0380024909973145,4523,0.05797554925084114,-13.078161980000003,150.0,0.03
90500,7343,4525,12,0.9819605350494385,0.0003,-0.5798019170761108,-2.0693142414093018,4524,0.14391180872917175,-13.078161980000003,150.0,0.03
90520,7342,4526,12,0.6862029433250427,0.0003,-0.30010873079299927,-2.054720640182495,4525,0.36513009667396545,-13.078161980000003,150.0,0.03
90540,7341,4527,12,0.8408467173576355,0.0003,-0.2952216863632202,-2.0966498851776123,4526,0.07457555085420609,-13.078161980000003,150.0,0.03
90560,7341,4528,12,0.7340537905693054,0.0003,-0.11429569870233536,-2.1109910011291504,4527,0.04318147897720337,-13.078161980000003,150.0,0.03
90580,7341,4529,12,0.6914095878601074,0.0003,0.008964955806732178,-2.0743942260742188,4528,0.0291220061480999,-13.078161980000003,150.0,0.03
90600,7341,4530,12,0.553397536277771,0.0003,0.0982021689414978,-2.061901092529297,4529,0.033545512706041336,-13.203934859999999,150.0,0.03
90620,7341,4531,12,0.6011359691619873,0.0003,-0.2576736807823181,-2.0717997550964355,4530,0.03316422924399376,-13.203934859999999,150.0,0.03
90640,7341,4532,12,0.787688136100769,0.0003,-0.9834040403366089,-1.7522245645523071,4531,0.4280628263950348,-13.203934859999999,150.0,0.03
90660,7340,4533,12,0.7630144357681274,0.0003,0.13567417860031128,-1.7862873077392578,4532,0.4532508850097656,-13.203934859999999,150.0,0.03
90680,7340,4534,12,0.585660457611084,0.0003,-0.3893465995788574,-1.807010293006897,4533,0.49627017974853516,-13.203934859999999,150.0,0.03
90700,7340,4535,12,0.7528300285339355,0.0003,-0.1279883086681366,-1.8391904830932617,4534,0.2910251021385193,-13.203934859999999,150.0,0.03
90720,7341,4536,12,0.8595337271690369,0.0003,-0.5545941591262817,-1.9224284887313843,4535,0.31992107629776,-13.203934859999999,150.0,0.03
90740,7341,4537,12,0.6087629199028015,0.0003,-0.7091948390007019,-1.9249528646469116,4536,0.33262133598327637,-13.203934859999999,150.0,0.03
90760,7341,4538,12,0.6143286228179932,0.0003,0.6305919885635376,-1.9484310150146484,4537,1.1015450954437256,-13.203934859999999,150.0,0.03
90780,7341,4539,12,0.8063280582427979,0.0003,0.3676592707633972,-1.9896392822265625,4538,0.6059455275535583,-13.203934859999999,150.0,0.03
90800,7341,4540,12,0.9107927083969116,0.0003,-0.34738096594810486,-1.9751522541046143,4539,0.21204312145709991,-13.203934859999999,150.0,0.03
90820,7341,4541,12,0.8478803634643555,0.0003,0.15915758907794952,-2.0089237689971924,4540,0.6102169156074524,-13.203934859999999,150.0,0.03
90840,7341,4542,12,0.6851385831832886,0.0003,2.058638572692871,-1.9178205728530884,4541,5.260828495025635,-13.203934859999999,150.0,0.03
90860,7341,4543,12,0.919300377368927,0.0003,0.6631641387939453,-1.8921165466308594,4542,0.975193202495575,-13.203934859999999,150.0,0.03
90880,7341,4544,12,0.8878321647644043,0.0003,0.4680313169956207,-1.8213634490966797,4543,1.0693851709365845,-13.203934859999999,150.0,0.03
90900,7341,4545,12,0.904509961605072,0.0003,0.9521843791007996,-1.9710180759429932,4544,1.340656042098999,-13.203934859999999,150.0,0.03
90920,7341,4546,12,0.9560893774032593,0.0003,0.8041979074478149,-1.892517328262329,4545,0.9074284434318542,-13.203934859999999,150.0,0.03
90940,7341,4547,12,0.9841729402542114,0.0003,-0.304084450006485,-1.7388111352920532,4546,0.2465551793575287,-13.203934859999999,150.0,0.03
90960,7341,4548,12,0.9932486414909363,0.0003,0.10970727354288101,-2.006516695022583,4547,0.06658569723367691,-13.203934859999999,150.0,0.03
90980,7341,4549,12,0.9885282516479492,0.0003,0.23133523762226105,-2.0647997856140137,4548,0.1445363461971283,-13.203934859999999,150.0,0.03
91000,7341,4550,12,0.9938231110572815,0.0003,0.09607403725385666,-2.014427661895752,4549,0.07125510275363922,-13.203934859999999,150.0,0.03
91020,7341,4551,12,0.9930064678192139,0.0003,0.08667723089456558,-1.9735122919082642,4550,0.07670669257640839,-13.203934859999999,150.0,0.03
91040,7342,4552,12,0.9846227169036865,0.0003,-0.36820340156555176,-1.9327843189239502,4551,0.19813266396522522,-13.203934859999999,150.0,0.03
91060,7342,4553,12,0.9792354106903076,0.0003,-0.42764759063720703,-2.0062031745910645,4552,0.1538158357143402,-13.203934859999999,150.0,0.03
91080,7342,4554,12,0.9845383763313293,0.0003,-0.6027865409851074,-1.9813663959503174,4553,0.13824118673801422,-13.203934859999999,150.0,0.03
91100,7342,4555,12,0.9040043950080872,0.0003,-0.2500271201133728,-1.9379546642303467,4554,0.22272229194641113,-13.203934859999999,150.0,0.03
91120,7342,4556,12,0.9688671827316284,0.0003,-0.31313663721084595,-2.0050368309020996,4555,0.05862826853990555,-13.203934859999999,150.0,0.03
91140,7342,4557,12,0.48479634523391724,0.0003,0.35989272594451904,-2.035083293914795,4556,0.7439842224121094,-13.203934859999999,150.0,0.03
91160,7342,4558,12,0.8624575734138489,0.0003,-0.18183906376361847,-2.026973009109497,4557,0.0874902531504631,-13.203934859999999,150.0,0.03
91180,7342,4559,12,0.4411006569862366,0.0003,-0.06863639503717422,-2.004160165786743,4558,0.3924882113933563,-13.203934859999999,150.0,0.03
91200,7342,4560,12,-1.055105209350586,0.0003,0.8718965649604797,-1.8858219385147095,4559,0.8031713366508484,-13.425461910000001,150.0,0.03
91220,7342,4561,12,-2.0654847621917725,0.0003,0.2208668738603592,-2.032266616821289,4560,0.11404194682836533,-13.425461910000001,150.0,0.03
91240,7343,4562,12,0.8005666732788086,0.0003,-0.23384885489940643,-1.6761341094970703,4561,0.48821157217025757,-13.425461910000001,150.0,0.03
91260,7343,4563,12,0.4618437886238098,0.0003,-0.28512176871299744,-1.7324291467666626,4562,0.9425238370895386,-13.425461910000001,150.0,0.03
91280,7343,4564,12,0.8960690498352051,0.0003,-0.8270837664604187,-1.7722419500350952,4563,0.6633474826812744,-13.425461910000001,150.0,0.03
91300,7342,4565,12,0.45454275608062744,0.0003,-0.3261815905570984,-1.7557588815689087,4564,0.985541045665741,-13.425461910000001,150.0,0.03
91320,7342,4566,12,-0.6634659767150879,0.0003,1.077134609222412,-1.6700435876846313,4565,1.3135459423065186,-13.425461910000001,150.0,0.03
91340,7342,4567,12,0.7198015451431274,0.0003,-0.21018929779529572,-1.8314573764801025,4566,0.5594412684440613,-13.425461910000001,150.0,0.03
91360,7342,4568,12,0.8928272724151611,0.0003,-0.006221008487045765,-1.9458858966827393,4567,0.5282572507858276,-13.425461910000001,150.0,0.03
91380,7342,4569,12,0.8696157932281494,0.0003,0.2557075023651123,-1.9147140979766846,4568,1.3553378582000732,-13.425461910000001,150.0,0.03
91400,7342,4570,12,0.9831640720367432,0.0003,-0.5652614831924438,-2.0135369300842285,4569,0.1860491931438446,-13.425461910000001,150.0,0.03
91420,7342,4571,12,0.9705478549003601,0.0003,-0.27228957414627075,-2.0642123222351074,4570,0.15227976441383362,-13.425461910000001,150.0,0.03
91440,7342,4572,12,0.9916963577270508,0.0003,-0.25675517320632935,-2.048245906829834,4571,0.056544553488492966,-13.425461910000001,150.0,0.03
91460,7342,4573,12,0.9659715294837952,0.0003,0.07290265709161758,-2.05668044090271,4572,0.10988998413085938,-13.425461910000001,150.0,0.03
91480,7342,4574,12,0.9885014891624451,0.0003,0.003894087625667453,-2.085688352584839,4573,0.03515784442424774,-13.425461910000001,150.0,0.03
91500,7342,4575,12,0.9897500276565552,0.0003,0.01870683766901493,-2.1004929542541504,4574,0.026772772893309593,-13.425461910000001,150.0,0.03
91520,7343,4576,12,0.9966097474098206,0.0003,-0.04874313622713089,-2.1036105155944824,4575,0.008735964074730873,-13.425461910000001,150.0,0.03
91540,7343,4577,12,0.990784764289856,0.0003,0.31284570693969727,-2.100907802581787,4576,0.044261589646339417,-13.425461910000001,150.0,0.03
91560,7343,4578,12,0.9900708198547363,0.0003,0.26972904801368713,-2.10252046585083,4577,0.03795145824551582,-13.425461910000001,150.0,0.03
91580,7343,4579,12,0.991719126701355,0.0003,5.8338046073913574e-05,-2.078455924987793,4578,0.013875618577003479,-13.425461910000001,150.0,0.03
91600,7343,4580,12,0.25649380683898926,0.0003,0.9766807556152344,-2.1073966026306152,4579,1.3040984869003296,-13.425461910000001,150.0,0.03
91620,7343,4581,12,0.8520089387893677,0.0003,-0.25563472509384155,-2.0787086486816406,4580,0.12550142407417297,-13.425461910000001,150.0,0.03
91640,7343,4582,12,0.921230137348175,0.0003,0.07772516459226608,-2.1100962162017822,4581,0.03579302877187729,-13.425461910000001,150.0,0.03
91660,7343,4583,12,0.9096941947937012,0.0003,-0.1395116150379181,-2.0765676498413086,4582,0.027457091957330704,-13.425461910000001,150.0,0.03
91680,7343,4584,12,0.657149076461792,0.0003,0.7389918565750122,-2.0458972454071045,4583,0.3440462350845337,-13.425461910000001,150.0,0.03
91700,7343,4585,12,0.760110080242157,0.0003,0.7475605010986328,-1.8933632373809814,4584,0.5959995985031128,-13.425461910000001,150.0,0.03
91720,7343,4586,12,0.6076616048812866,0.0003,1.0074126720428467,-1.8978172540664673,4585,2.0098156929016113,-13.425461910000001,150.0,0.03
91740,7343,4587,12,0.9681434631347656,0.0003,-0.0024947375059127808,-1.9384464025497437,4586,0.06000318005681038,-13.425461910000001,150.0,0.03
91760,7343,4588,12,0.8895164728164673,0.0003,0.09000089019536972,-1.8603166341781616,4587,0.3530632257461548,-13.425461910000001,150.0,0.03
91780,7343,4589,12,0.752419650554657,0.0003,0.7860854268074036,-1.9273093938827515,4588,1.2992767095565796,-13.425461910000001,150.0,0.03
91800,7343,4590,12,0.7699914574623108,0.0003,0.08402490615844727,-1.9461889266967773,4589,0.3906332850456238,-13.313113399999997,150.0,0.03
91820,7343,4591,12,0.35175007581710815,0.0003,0.20358844101428986,-1.977595567703247,4590,0.9579307436943054,-13.313113399999997,150.0,0.03
91840,7344,4592,12,0.849844753742218,0.0003,-0.615223228931427,-1.6943804025650024,4591,0.5635849237442017,-13.313113399999997,150.0,0.03
91860,7344,4593,12,0.9422193765640259,0.0003,-0.08376030623912811,-1.7113370895385742,4592,0.34071987867355347,-13.313113399999997,150.0,0.03
91880,7344,4594,12,0.9932911992073059,0.0003,-0.1477866917848587,-1.7570329904556274,4593,0.049009088426828384,-13.313113399999997,150.0,0.03
91900,7344,4595,12,0.5536079406738281,0.0003,1.1335053443908691,-1.7699744701385498,4594,1.3690710067749023,-13.313113399999997,150.0,0.03
91920,7344,4596,12,0.931638240814209,0.0003,0.7729458212852478,-1.8429126739501953,4595,0.6728825569152832,-13.313113399999997,150.0,0.03
91940,7344,4597,12,0.9535825848579407,0.0003,-0.32391834259033203,-1.9034477472305298,4596,0.27440986037254333,-13.313113399999997,150.0,0.03
91960,7344,4598,12,0.8793707489967346,0.0003,1.3234641551971436,-1.9255092144012451,4597,0.8514862060546875,-13.313113399999997,150.0,0.03
91980,7344,4599,12,0.6349750757217407,0.0003,-0.05074072629213333,-1.8490667343139648,4598,0.9727188348770142,-13.313113399999997,150.0,0.03
92000,7344,4600,12,0.9394634366035461,0.0003,0.13541267812252045,-1.9479656219482422,4599,0.2192491739988327,-13.313113399999997,150.0,0.03
92020,7344,4601,12,0.7738362550735474,0.0003,1.6274570226669312,-1.9284366369247437,4600,4.11574649810791,-13.313113399999997,150.0,0.03
92040,7344,4602,12,0.9893696904182434,0.0003,0.06893289089202881,-1.880385398864746,4601,0.1452578753232956,-13.313113399999997,150.0,0.03
92060,7344,4603,12,0.9937094449996948,0.0003,-0.3932587206363678,-2.0078673362731934,4602,0.13586387038230896,-13.313113399999997,150.0,0.03
92080,7344,4604,12,0.9894087910652161,0.0003,0.18804021179676056,-2.0427770614624023,4603,0.18679800629615784,-13.313113399999997,150.0,0.03
92100,7345,4605,12,0.9946205615997314,0.0003,-0.668960690498352,-2.052271842956543,4604,0.1999986618757248,-13.313113399999997,150.0,0.03
92120,7345,4606,12,0.9967849850654602,0.0003,-0.634588360786438,-2.069002628326416,4605,0.139870285987854,-13.313113399999997,150.0,0.03
92140,7345,4607,12,0.995792031288147,0.0003,0.09630681574344635,-1.989965796470642,4606,0.05329451709985733,-13.313113399999997,150.0,0.03
92160,7344,4608,12,0.9897075295448303,0.0003,-0.26823729276657104,-1.9068686962127686,4607,0.11305022239685059,-13.313113399999997,150.0,0.03
92180,7345,4609,12,0.990196704864502,0.0003,-0.5242964029312134,-2.0046143531799316,4608,0.15451279282569885,-13.313113399999997,150.0,0.03
92200,7345,4610,12,0.991088330745697,0.0003,-0.10729320347309113,-2.0795207023620605,4609,0.05015445873141289,-13.313113399999997,150.0,0.03
92220,7345,4611,12,0.9875194430351257,0.0003,-0.5062094926834106,-2.0919785499572754,4610,0.10139749944210052,-13.313113399999997,150.0,0.03
92240,7345,4612,12,0.9765573740005493,0.0003,-0.13067519664764404,-2.012406587600708,4611,0.07889394462108612,-13.313113399999997,150.0,0.03
92260,7345,4613,12,0.965195894241333,0.0003,-0.28229060769081116,-1.9936904907226562,4612,0.08384557068347931,-13.313113399999997,150.0,0.03
92280,7345,4614,12,0.9594261646270752,0.0003,0.035617027431726456,-1.9090057611465454,4613,0.057876069098711014,-13.313113399999997,150.0,0.03
92300,7345,4615,12,0.990299642086029,0.0003,-0.029432326555252075,-2.091282367706299,4614,0.01460257451981306,-13.313113399999997,150.0,0.03
92320,7345,4616,12,0.9919993877410889,0.0003,-0.14290201663970947,-2.0586652755737305,4615,0.01658088155090809,-13.313113399999997,150.0,0.03
92340,7345,4617,12,0.9830824136734009,0.0003,-0.15048138797283173,-2.0037214756011963,4616,0.0251958966255188,-13.313113399999997,150.0,0.03
92360,7346,4618,12,0.9691081643104553,0.0003,-0.10113952308893204,-2.0453741550445557,4617,0.01880631595849991,-13.313113399999997,150.0,0.03
92380,7346,4619,12,0.89717036485672,0.0003,-0.020349647849798203,-2.0675978660583496,4618,0.04932261258363724,-13.313113399999997,150.0,0.03
92400,7345,4620,12,0.9650874137878418,0.0003,-0.1665990799665451,-2.1057143211364746,4619,0.018233442679047585,-13.47549587,150.0,0.03
92420,7346,4621,12,-0.09396946430206299,0.0003,0.619315505027771,-2.07165789604187,4620,0.4075532853603363,-13.47549587,150.0,0.03
92440,7346,4622,12,-0.08541512489318848,0.0003,-0.11406514793634415,-1.7345495223999023,4621,0.10239908844232559,-13.47549587,150.0,0.03
92460,7346,4623,12,0.7650278806686401,0.0003,0.05348759889602661,-1.7627147436141968,4622,0.047053027898073196,-13.47549587,150.0,0.03
92480,7346,4624,12,0.8318310976028442,0.0003,-0.12676100432872772,-1.8003031015396118,4623,0.06701137125492096,-13.47549587,150.0,0.03
92500,7346,4625,12,0.2972649335861206,0.0003,0.22156865894794464,-1.8637233972549438,4624,0.27364248037338257,-13.47549587,150.0,0.03
92520,7346,4626,12,0.8719042539596558,0.0003,-0.23154416680335999,-1.897264838218689,4625,0.14138475060462952,-13.47549587,150.0,0.03
92540,7346,4627,12,0.9109870195388794,0.0003,0.4509139955043793,-1.942744493484497,4626,0.138766810297966,-13.47549587,150.0,0.03
92560,7346,4628,12,0.7775522470474243,0.0003,0.255506306886673,-1.9769678115844727,4627,0.20306026935577393,-13.47549587,150.0,0.03
92580,7346,4629,12,0.7753434181213379,0.0003,0.3114123046398163,-1.9935839176177979,4628,0.2653105854988098,-13.47549587,150.0,0.03
92600,7347,4630,12,0.7263374328613281,0.0003,0.08766671270132065,-1.957672119140625,4629,0.6490490436553955,-13.47549587,150.0,0.03
92620,7347,4631,12,0.9737022519111633,0.0003,-0.2233099490404129,-2.01802396774292,4630,0.09617689996957779,-13.47549587,150.0,0.03
92640,7346,4632,12,0.9804786443710327,0.0003,0.18864062428474426,-2.0090842247009277,4631,0.07262615859508514,-13.47549587,150.0,0.03
92660,7346,4633,12,0.9876518845558167,0.0003,0.2767198085784912,-2.089735507965088,4632,0.07223202288150787,-13.47549587,150.0,0.03
92680,7346,4634,12,0.8832271099090576,0.0003,1.130740761756897,-2.0214874744415283,4633,1.756494164466858,-13.47549587,150.0,0.03
92700,7347,4635,12,0.9897217750549316,0.0003,-0.21525192260742188,-2.0581250190734863,4634,0.12785008549690247,-13.47549587,150.0,0.03
92720,7347,4636,12,0.9867798089981079,0.0003,0.20956745743751526,-2.0848021507263184,4635,0.14894147217273712,-13.47549587,150.0,0.03
92740,7347,4637,12,0.8724316358566284,0.0003,1.428391695022583,-1.981615424156189,4636,1.3140523433685303,-13.47549587,150.0,0.03
92760,7347,4638,12,0.500798225402832,0.0003,1.2861309051513672,-2.044281005859375,4637,2.6329565048217773,-13.47549587,150.0,0.03
92780,7347,4639,12,0.9850507974624634,0.0003,-0.43502479791641235,-2.0623490810394287,4638,0.1515112668275833,-13.47549587,150.0,0.03
92800,7347,4640,12,0.9618095755577087,0.0003,-0.15771666169166565,-2.044956922531128,4639,0.23627224564552307,-13.47549587,150.0,0.03
92820,7347,4641,12,0.9794235229492188,0.0003,-0.1377284973859787,-2.0517444610595703,4640,0.12563467025756836,-13.47549587,150.0,0.03
92840,7347,4642,12,0.9898550510406494,0.0003,-0.2021457701921463,-1.991754174232483,4641,0.053882718086242676,-13.47549587,150.0,0.03
92860,7347,4643,12,0.9669471979141235,0.0003,0.059511058032512665,-1.9765126705169678,4642,0.15831197798252106,-13.47549587,150.0,0.03
92880,7347,4644,12,0.983836829662323,0.0003,-0.20477180182933807,-2.0141866207122803,4643,0.08084384351968765,-13.47549587,150.0,0.03
92900,7347,4645,12,0.9684461355209351,0.0003,0.1482781618833542,-2.003762722015381,4644,0.13919326663017273,-13.47549587,150.0,0.03
92920,7348,4646,12,0.980655312538147,0.0003,-0.19378748536109924,-2.0062198638916016,4645,0.08369019627571106,-13.47549587,150.0,0.03
92940,7348,4647,12,0.9467747211456299,0.0003,-0.2548113465309143,-2.0122127532958984,4646,0.18767985701560974,-13.47549587,150.0,0.03
92960,7348,4648,12,0.912623405456543,0.0003,-0.3292054533958435,-2.0076920986175537,4647,0.1335708051919937,-13.47549587,150.0,0.03
92980,7348,4649,12,0.9058136940002441,0.0003,-0.09876713901758194,-2.0120716094970703,4648,0.09010442346334457,-13.47549587,150.0,0.03
93000,7348,4650,12,0.23464161157608032,0.0003,0.5985287427902222,-1.9126278162002563,4649,0.6810614466667175,-13.216612949999998,150.0,0.03
93020,7348,4651,12,-0.801673173904419,0.0003,0.87199866771698,-1.9407923221588135,4650,1.1439077854156494,-13.216612949999998,150.0,0.03
93040,7348,4652,12,-0.3403036594390869,0.0003,-0.37353068590164185,-1.8275779485702515,4651,0.2972949147224426,-13.216612949999998,150.0,0.03
93060,7348,4653,12,-0.06406915187835693,0.0003,0.44806569814682007,-1.8461908102035522,4652,0.4253460466861725,-13.216612949999998,150.0,0.03
93080,7348,4654,12,0.7918010950088501,0.0003,-0.25242263078689575,-1.8736340999603271,4653,0.07873623818159103,-13.216612949999998,150.0,0.03
93100,7348,4655,12,0.48030614852905273,0.0003,0.536503791809082,-1.9120304584503174,4654,0.5677523612976074,-13.216612949999998,150.0,0.03
93120,7348,4656,12,0.8441687822341919,0.0003,-0.30173325538635254,-1.9727725982666016,4655,0.2023087441921234,-13.216612949999998,150.0,0.03
93140,7348,4657,12,0.7068402171134949,0.0003,0.25114893913269043,-2.0063812732696533,4656,0.7074443101882935,-13.216612949999998,150.0,0.03
93160,7348,4658,12,0.9529131650924683,0.0003,-0.3755568265914917,-2.0423502922058105,4657,0.1391952931880951,-13.216612949999998,150.0,0.03
93180,7348,4659,12,0.9184084534645081,0.0003,0.04392639920115471,-2.0509533882141113,4658,0.2420424520969391,-13.216612949999998,150.0,0.03
93200,7348,4660,12,0.799049973487854,0.0003,-1.1830461025238037,-2.0592122077941895,4659,0.8941506147384644,-13.216612949999998,150.0,0.03
93220,7348,4661,12,0.8330477476119995,0.0003,-1.0113424062728882,-2.062490701675415,4660,0.6462207436561584,-13.216612949999998,150.0,0.03
93240,7348,4662,12,0.8857156038284302,0.0003,-0.7431449294090271,-2.07125186920166,4661,0.38384732604026794,-13.216612949999998,150.0,0.03
93260,7348,4663,12,0.9000208973884583,0.0003,-0.05263233184814453,-2.078530788421631,4662,0.3173608183860779,-13.216612949999998,150.0,0.03
93280,7348,4664,12,0.7009087800979614,0.0003,2.0178205966949463,-2.059349536895752,4663,2.53896427154541,-13.216612949999998,150.0,0.03
93300,7348,4665,12,0.9160022139549255,0.0003,0.39963874220848083,-2.0353989601135254,4664,0.6990654468536377,-13.216612949999998,150.0,0.03
93320,7349,4666,12,0.7682449221611023,0.0003,0.46362370252609253,-2.047618865966797,4665,1.348379373550415,-13.216612949999998,150.0,0.03
93340,7349,4667,12,0.8968812227249146,0.0003,0.41604751348495483,-2.048654079437256,4666,1.2812697887420654,-13.216612949999998,150.0,0.03
93360,7349,4668,12,0.9507359266281128,0.0003,0.6115955114364624,-2.0405123233795166,4667,0.6337988972663879,-13.216612949999998,150.0,0.03
93380,7349,4669,12,0.9623605608940125,0.0003,0.6765612959861755,-2.0532619953155518,4668,0.5078595876693726,-13.216612949999998,150.0,0.03
93400,7349,4670,12,0.9690843224525452,0.0003,-0.6979458928108215,-2.054539203643799,4669,0.3885848820209503,-13.216612949999998,150.0,0.03
93420,7349,4671,12,0.9143967628479004,0.0003,0.8051597476005554,-2.026299238204956,4670,0.7398051023483276,-13.216612949999998,150.0,0.03
93440,7349,4672,12,0.7982165813446045,0.0003,-0.15903253853321075,-2.032184362411499,4671,0.8006669878959656,-13.216612949999998,150.0,0.03
93460,7349,4673,12,0.988197922706604,0.0003,0.32163891196250916,-2.0646915435791016,4672,0.07545451074838638,-13.216612949999998,150.0,0.03
93480,7349,4674,12,0.9903417825698853,0.0003,-0.3774047791957855,-2.067288637161255,4673,0.07357438653707504,-13.216612949999998,150.0,0.03
93500,7349,4675,12,0.4726387858390808,0.0003,1.0566680431365967,-2.025574207305908,4674,1.3186689615249634,-13.216612949999998,150.0,0.03
93520,7349,4676,12,0.989631175994873,0.0003,-0.06209584325551987,-2.0217907428741455,4675,0.015386177226901054,-13.216612949999998,150.0,0.03
93540,7349,4677,12,0.9692809581756592,0.0003,-0.264021098613739,-2.0370395183563232,4676,0.04399757459759712,-13.216612949999998,150.0,0.03
93560,7349,4678,12,0.8390032649040222,0.0003,-0.07921615242958069,-2.0200252532958984,4677,0.0360625721514225,-13.216612949999998,150.0,0.03
93580,7350,4679,12,0.8671008348464966,0.0003,0.3259243369102478,-2.0301928520202637,4678,0.06014634296298027,-13.216612949999998,150.0,0.03
93600,7350,4680,12,-0.20307910442352295,0.0003,0.6678441166877747,-2.0456526279449463,4679,0.7195481657981873,-13.39666193,150.0,0.03
93620,7350,4681,12,0.7973405122756958,0.0003,-0.09417299926280975,-1.9694048166275024,4680,0.014600681141018867,-13.39666193,150.0,0.03
93640,7350,4682,12,0.6018314361572266,0.0003,-0.17979180812835693,-1.7210572957992554,4681,0.2813032269477844,-13.39666193,150.0,0.03
93660,7350,4683,12,0.9279813170433044,0.0003,-0.29900556802749634,-1.7243118286132812,4682,0.07730315625667572,-13.39666193,150.0,0.03
93680,7350,4684,12,0.43707168102264404,0.0003,0.25001606345176697,-1.7429519891738892,4683,0.5992088913917542,-13.39666193,150.0,0.03
93700,7350,4685,12,0.6590973138809204,0.0003,1.522519826889038,-1.7600091695785522,4684,4.068519115447998,-13.39666193,150.0,0.03
93720,7350,4686,12,0.9683970808982849,0.0003,-0.3289497494697571,-1.8393462896347046,4685,0.24346709251403809,-13.39666193,150.0,0.03
93740,7351,4687,12,0.9512209892272949,0.0003,-0.5294160842895508,-1.8944909572601318,4686,0.3636074662208557,-13.39666193,150.0,0.03
93760,7351,4688,12,0.9201292991638184,0.0003,-0.0676913633942604,-1.9575153589248657,4687,0.52216637134552,-13.39666193,150.0,0.03
93780,7351,4689,12,0.9629247188568115,0.0003,-1.1696795225143433,-1.9833381175994873,4688,0.6861504316329956,-13.39666193,150.0,0.03
93800,7351,4690,12,0.9958584308624268,0.0003,-0.605408787727356,-2.001030445098877,4689,0.12524867057800293,-13.39666193,150.0,0.03
93820,7351,4691,12,0.8946331143379211,0.0003,-0.23089993000030518,-1.9047282934188843,4690,0.31382837891578674,-13.39666193,150.0,0.03
93840,7351,4692,12,0.9265402555465698,0.0003,0.07910216599702835,-1.923548936843872,4691,0.2929093837738037,-13.39666193,150.0,0.03
93860,7351,4693,12,0.8233822584152222,0.0003,0.28880637884140015,-1.9655078649520874,4692,0.5135852098464966,-13.39666193,150.0,0.03
93880,7351,4694,12,0.7323365211486816,0.0003,0.805271327495575,-1.9049144983291626,4693,2.1129744052886963,-13.39666193,150.0,0.03
93900,7350,4695,12,0.9676898121833801,0.0003,-0.570702075958252,-2.008592367172241,4694,0.19892218708992004,-13.39666193,150.0,0.03
93920,7350,4696,12,0.9866366982460022,0.0003,0.21563780307769775,-1.9799543619155884,4695,0.04794085770845413,-13.39666193,150.0,0.03
93940,7350,4697,12,0.9781961441040039,0.0003,0.20343077182769775,-2.0290799140930176,4696,0.0881553515791893,-13.39666193,150.0,0.03
93960,7350,4698,12,0.9661655426025391,0.0003,0.3473019599914551,-2.0043418407440186,4697,0.13867808878421783,-13.39666193,150.0,0.03
93980,7351,4699,12,0.9930540323257446,0.0003,-0.08241012692451477,-1.9648144245147705,4698,0.019419703632593155,-13.39666193,150.0,0.03
94000,7351,4700,12,0.9947184920310974,0.0003,0.05952462553977966,-1.9482202529907227,4699,0.01048442255705595,-13.39666193,150.0,0.03
94020,7351,4701,12,0.9687860608100891,0.0003,0.22216324508190155,-1.9544696807861328,4700,0.06495892256498337,-13.39666193,150.0,0.03
94040,7351,4702,12,0.9749496579170227,0.0003,0.35664135217666626,-1.9489377737045288,4701,0.06367945671081543,-13.39666193,150.0,0.03
94060,7351,4703,12,0.9771587252616882,0.0003,0.2828806936740875,-1.925776720046997,4702,0.0704260990023613,-13.39666193,150.0,0.03
94080,7351,4704,12,0.9559579491615295,0.0003,-0.030308004468679428,-1.9714406728744507,4703,0.04804341122508049,-13.39666193,150.0,0.03
94100,7351,4705,12,0.7876179814338684,0.0003,0.1935494840145111,-1.9472299814224243,4704,0.10711438953876495,-13.39666193,150.0,0.03
94120,7351,4706,12,0.943217933177948,0.0003,0.2844708561897278,-1.9605998992919922,4705,0.04297110065817833,-13.39666193,150.0,0.03
94140,7351,4707,12,0.9135518670082092,0.0003,0.297884464263916,-2.010195016860962,4706,0.08299797028303146,-13.39666193,150.0,0.03
94160,7351,4708,12,0.9488233923912048,0.0003,0.0973106175661087,-2.0266289710998535,4707,0.053087733685970306,-13.39666193,150.0,0.03
94180,7351,4709,12,0.9753361940383911,0.0003,0.09078142046928406,-2.0333054065704346,4708,0.02481764927506447,-13.39666193,150.0,0.03
94200,7351,4710,12,0.9496984481811523,0.0003,-0.16338934004306793,-2.0328078269958496,4709,0.040043625980615616,-13.69050271,150.0,0.02
94220,7351,4711,12,0.9844493865966797,0.0003,0.10372273623943329,-2.0215396881103516,4710,0.007906746119260788,-13.69050271,150.0,0.02
94240,7351,4712,12,0.8792665600776672,0.0003,-0.3400750756263733,-1.7920747995376587,4711,0.13423363864421844,-13.69050271,150.0,0.02
94260,7352,4713,12,0.4789177179336548,0.0003,0.33718326687812805,-1.8023395538330078,4712,0.7975355386734009,-13.69050271,150.0,0.02
94280,7352,4714,12,0.9313278198242188,0.0003,-0.9155391454696655,-1.8754724264144897,4713,0.4369587004184723,-13.69050271,150.0,0.02
94300,7352,4715,12,0.9143213033676147,0.0003,0.26420024037361145,-1.919816255569458,4714,0.17146694660186768,-13.69050271,150.0,0.02
94320,7352,4716,12,0.9730917811393738,0.0003,-0.6191335916519165,-1.9212884902954102,4715,0.13731859624385834,-13.69050271,150.0,0.02
94340,7352,4717,12,0.9715402126312256,0.0003,0.0027449398767203093,-1.9519755840301514,4716,0.05549844354391098,-13.69050271,150.0,0.02
94360,7352,4718,12,0.9551787972450256,0.0003,0.10053586959838867,-2.001555919647217,4717,0.08617653697729111,-13.69050271,150.0,0.02
94380,7352,4719,12,0.8705674409866333,0.0003,-0.29135650396347046,-2.0033843517303467,4718,0.3330787122249603,-13.69050271,150.0,0.02
94400,7352,4720,12,0.9612117409706116,0.0003,-0.02791193686425686,-2.0439035892486572,4719,0.12740501761436462,-13.69050271,150.0,0.02
94420,7353,4721,12,0.9643135070800781,0.0003,-0.2644609808921814,-2.0593180656433105,4720,0.17390784621238708,-13.69050271,150.0,0.02
94440,7353,4722,12,0.7740530967712402,0.0003,1.44858717918396,-2.035093069076538,4721,1.5467787981033325,-13.69050271,150.0,0.02
94460,7353,4723,12,0.9397100806236267,0.0003,0.6517496109008789,-1.915566086769104,4722,0.5625549554824829,-13.69050271,150.0,0.02
94480,7353,4724,12,0.8179861307144165,0.0003,0.23719999194145203,-1.9539740085601807,4723,2.2567596435546875,-13.69050271,150.0,0.02
94500,7353,4725,12,0.9757997989654541,0.0003,-0.4987119734287262,-2.0320792198181152,4724,0.2508840262889862,-13.69050271,150.0,0.02
94520,7353,4726,12,0.8684405088424683,0.0003,0.36788591742515564,-2.0290284156799316,4725,0.7153655886650085,-13.69050271,150.0,0.02
94540,7353,4727,12,0.922641396522522,0.0003,0.5015527009963989,-2.051193952560425,4726,0.46107229590415955,-13.69050271,150.0,0.02
94560,7353,4728,12,0.8384330868721008,0.0003,0.6982736587524414,-1.9878780841827393,4727,1.2842013835906982,-13.69050271,150.0,0.02
94580,7353,4729,12,0.9771414995193481,0.0003,-0.5096044540405273,-2.0348355770111084,4728,0.21973522007465363,-13.69050271,150.0,0.02
94600,7353,4730,12,0.866159975528717,0.0003,0.32178163528442383,-1.945757269859314,4729,0.5629720687866211,-13.69050271,150.0,0.02
94620,7354,4731,12,0.9902027249336243,0.0003,-0.2715890407562256,-1.9577306509017944,4730,0.05282442644238472,-13.69050271,150.0,0.02
94640,7354,4732,12,0.9644657969474792,0.0003,-0.3193656802177429,-1.956168532371521,4731,0.1421705037355423,-13.69050271,150.0,0.02
94660,7354,4733,12,0.9697245359420776,0.0003,-0.40582019090652466,-1.964930772781372,4732,0.13391301035881042,-13.69050271,150.0,0.02
94680,7354,4734,12,0.9534985423088074,0.0003,-0.43886440992355347,-1.9818286895751953,4733,0.13992175459861755,-13.69050271,150.0,0.02
94700,7354,4735,12,0.9404373168945312,0.0003,-0.5161422491073608,-2.0415172576904297,4734,0.16007201373577118,-13.69050271,150.0,0.02
94720,7354,4736,12,0.9007940888404846,0.0003,-0.31869131326675415,-2.0662930011749268,4735,0.15099593997001648,-13.69050271,150.0,0.02
94740,7354,4737,12,0.8807750940322876,0.0003,-0.06710176169872284,-2.047091007232666,4736,0.1182044968008995,-13.69050271,150.0,0.02
94760,7354,4738,12,0.6911847591400146,0.0003,-0.26199814677238464,-2.005817413330078,4737,0.1411285400390625,-13.69050271,150.0,0.02
94780,7355,4739,12,0.8341931700706482,0.0003,-0.11121120303869247,-2.0155136585235596,4738,0.05732225254178047,-13.69050271,150.0,0.02
94800,7355,4740,12,0.7488383054733276,0.0003,-0.21179886162281036,-2.0370407104492188,4739,0.06641078740358353,-13.85688041,150.0,0.02
94820,7355,4741,12,0.49348002672195435,0.0003,-0.27727240324020386,-2.0493648052215576,4740,0.1702055186033249,-13.85688041,150.0,0.02
94840,7355,4742,12,0.8731049299240112,0.0003,-0.5009276270866394,-1.7740776538848877,4741,0.4146001935005188,-13.85688041,150.0,0.02
94860,7355,4743,12,0.8817238807678223,0.0003,-0.4147982597351074,-1.8038225173950195,4742,0.38285592198371887,-13.85688041,150.0,0.02
94880,7355,4744,12,0.9558923244476318,0.0003,-1.0678379535675049,-1.8242733478546143,4743,0.373128741979599,-13.85688041,150.0,0.02
94900,7355,4745,12,0.979249119758606,0.0003,-0.15792199969291687,-1.857696533203125,4744,0.05379170924425125,-13.85688041,150.0,0.02
94920,7355,4746,12,0.2555406093597412,0.0003,0.4803102910518646,-1.8670858144760132,4745,0.8747495412826538,-13.85688041,150.0,0.02
94940,7355,4747,12,0.7227084040641785,0.0003,1.855278730392456,-1.7938003540039062,4746,2.0356574058532715,-13.85688041,150.0,0.02
94960,7355,4748,12,0.9760111570358276,0.0003,0.17477592825889587,-1.8572174310684204,4747,0.08527381718158722,-13.85688041,150.0,0.02
94980,7355,4749,12,0.9611461162567139,0.0003,-0.1738855540752411,-1.920846939086914,4748,0.1359710991382599,-13.85688041,150.0,0.02
95000,7355,4750,12,0.9306593537330627,0.0003,-0.15715716779232025,-1.998697280883789,4749,0.2128925770521164,-13.85688041,150.0,0.02
95020,7355,4751,12,0.7976986169815063,0.0003,0.851148784160614,-1.942112684249878,4750,1.184152364730835,-13.85688041,150.0,0.02
95040,7356,4752,12,0.9375515580177307,0.0003,-0.38827651739120483,-1.9795337915420532,4751,0.2605653703212738,-13.85688041,150.0,0.02
95060,7356,4753,12,0.8876895904541016,0.0003,-0.37873920798301697,-1.999590277671814,4752,0.29407167434692383,-13.85688041,150.0,0.02
95080,7356,4754,12,0.9127903580665588,0.0003,1.1819159984588623,-1.982698678970337,4753,0.659636378288269,-13.85688041,150.0,0.02
95100,7356,4755,12,0.8360061645507812,0.0003,0.8670922517776489,-1.9550338983535767,4754,1.6001176834106445,-13.85688041,150.0,0.02
95120,7356,4756,12,0.9595233798027039,0.0003,-0.9398568868637085,-1.9881035089492798,4755,0.326160192489624,-13.85688041,150.0,0.02
95140,7356,4757,12,0.44596076011657715,0.0003,0.7820834517478943,-1.9456431865692139,4756,1.7055795192718506,-13.85688041,150.0,0.02
95160,7356,4758,12,0.9740101099014282,0.0003,-0.2514440417289734,-2.0626139640808105,4757,0.06613098084926605,-13.85688041,150.0,0.02
95180,7356,4759,12,0.5872746109962463,0.0003,0.2813243269920349,-2.012387752532959,4758,0.6232320070266724,-13.85688041,150.0,0.02
95200,7357,4760,12,0.7400474548339844,0.0003,0.1072627529501915,-1.9279323816299438,4759,0.3717099726200104,-13.85688041,150.0,0.02
95220,7357,4761,12,0.6465016603469849,0.0003,0.66527259349823,-1.9725122451782227,4760,2.114244222640991,-13.85688041,150.0,0.02
95240,7357,4762,12,0.9696727991104126,0.0003,-0.3234460949897766,-1.9476051330566406,4761,0.0704873576760292,-13.85688041,150.0,0.02
95260,7357,4763,12,0.8963741660118103,0.0003,-0.5917943716049194,-1.9941730499267578,4762,0.14321911334991455,-13.85688041,150.0,0.02
95280,7357,4764,12,0.6343296766281128,0.0003,0.7358385324478149,-1.961570382118225,4763,0.8713535070419312,-13.85688041,150.0,0.02
95300,7357,4765,12,0.9196138381958008,0.0003,-0.3310406804084778,-1.7030693292617798,4764,0.08116286993026733,-13.85688041,150.0,0.02
95320,7357,4766,12,0.8905730247497559,0.0003,-0.41069212555885315,-1.7588436603546143,4765,0.08604826778173447,-13.85688041,150.0,0.02
95340,7357,4767,12,0.8482335805892944,0.0003,-0.6896438598632812,-1.8047611713409424,4766,0.16640880703926086,-13.85688041,150.0,0.02
95360,7357,4768,12,0.8060835003852844,0.0003,-0.31321871280670166,-1.787965178489685,4767,0.06499247252941132,-13.85688041,150.0,0.02
95380,7358,4769,12,0.7317044734954834,0.0003,-0.4576464295387268,-1.8812183141708374,4768,0.10339663177728653,-13.85688041,150.0,0.02
95400,7357,4770,12,0.7171252965927124,0.0003,-0.4298623502254486,-1.8922901153564453,4769,0.0720815658569336,-14.385235190000003,150.0,0.02
95420,7357,4771,12,0.45143789052963257,0.0003,-0.40923166275024414,-1.8858833312988281,4770,0.08270378410816193,-14.385235190000003,150.0,0.02
95440,7358,4772,12,0.6592088341712952,0.0003,0.5411364436149597,-1.557069182395935,4771,0.5846766233444214,-14.385235190000003,150.0,0.02
95460,7358,4773,12,0.9622059464454651,0.0003,0.07940258085727692,-1.6371902227401733,4772,0.09779675304889679,-14.385235190000003,150.0,0.02
95480,7358,4774,12,0.9817410111427307,0.0003,-0.19190442562103271,-1.6262623071670532,4773,0.08602087199687958,-14.385235190000003,150.0,0.02
95500,7358,4775,12,0.9005869030952454,0.0003,0.3842794895172119,-1.623263955116272,4774,0.36224859952926636,-14.385235190000003,150.0,0.02
95520,7358,4776,12,0.9456135630607605,0.0003,-0.24509409070014954,-1.6624479293823242,4775,0.28261107206344604,-14.385235190000003,150.0,0.02
95540,7358,4777,12,0.9162877798080444,0.0003,0.6866027116775513,-1.7066898345947266,4776,0.7150952219963074,-14.385235190000003,150.0,0.02
95560,7358,4778,12,0.9153721332550049,0.0003,-0.17332732677459717,-1.6711403131484985,4777,0.43574395775794983,-14.385235190000003,150.0,0.02
95580,7358,4779,12,0.985360324382782,0.0003,-0.12342648208141327,-1.763784408569336,4778,0.08422394841909409,-14.385235190000003,150.0,0.02
95600,7358,4780,12,0.8525784015655518,0.0003,0.8371701240539551,-1.793977975845337,4779,2.4002909660339355,-14.385235190000003,150.0,0.02
95620,7358,4781,12,0.9705604314804077,0.0003,0.25661081075668335,-1.7694032192230225,4780,0.49001750349998474,-14.385235190000003,150.0,0.02
95640,7358,4782,12,0.9960500001907349,0.0003,0.021991010755300522,-1.8535531759262085,4781,0.07525371015071869,-14.385235190000003,150.0,0.02
95660,7358,4783,12,0.9898380041122437,0.0003,-0.19123037159442902,-1.8424609899520874,4782,0.20293402671813965,-14.385235190000003,150.0,0.02
95680,7358,4784,13,0.9633103609085083,0.0003,0.5951537489891052,-1.737971305847168,4783,0.9256427884101868,-14.385235190000003,150.0,0.02
95700,7358,4785,13,0.996745228767395,0.0003,-0.2089015245437622,-1.7077255249023438,4784,0.1049816757440567,-14.385235190000003,150.0,0.02
95720,7358,4786,13,0.995445728302002,0.0003,-0.22182738780975342,-1.6902793645858765,4785,0.15269237756729126,-14.385235190000003,150.0,0.02
95740,7358,4787,13,0.9978826642036438,0.0003,-0.28183332085609436,-1.9343990087509155,4786,0.08349243551492691,-14.385235190000003,150.0,0.02
95760,7358,4788,13,0.9975141882896423,0.0003,-0.0932239443063736,-1.9845199584960938,4787,0.06668946892023087,-14.385235190000003,150.0,0.02
95780,7358,4789,13,0.9954790472984314,0.0003,0.33465999364852905,-1.9422290325164795,4788,0.16117015480995178,-14.385235190000003,150.0,0.02
95800,7358,4790,13,0.9981067180633545,0.0003,-0.04695672541856766,-1.8510465621948242,4789,0.05573669821023941,-14.385235190000003,150.0,0.02
95820,7358,4791,13,0.9940313696861267,0.0003,-0.24677138030529022,-1.8625320196151733,4790,0.16030201315879822,-14.385235190000003,150.0,0.02
95840,7359,4792,13,0.9777244329452515,0.0003,-0.5450438857078552,-1.9120734930038452,4791,0.48120394349098206,-14.385235190000003,150.0,0.02
95860,7359,4793,13,0.976223886013031,0.0003,-0.19377224147319794,-1.8309004306793213,4792,0.3051467537879944,-14.385235190000003,150.0,0.02
95880,7359,4794,13,0.9894189834594727,0.0003,-0.20423352718353271,-1.7833633422851562,4793,0.11545534431934357,-14.385235190000003,150.0,0.02
95900,7359,4795,13,0.9888895750045776,0.0003,-0.13988150656223297,-1.8964370489120483,4794,0.0985223799943924,-14.385235190000003,150.0,0.02
95920,7358,4796,13,0.9896257519721985,0.0003,-0.2551916241645813,-1.9692198038101196,4795,0.08158715069293976,-14.385235190000003,150.0,0.02
95940,7358,4797,13,0.9942527413368225,0.0003,-0.12172677367925644,-1.982611060142517,4796,0.029647480696439743,-14.385235190000003,150.0,0.02
95960,7358,4798,13,0.9982672929763794,0.0003,0.02606811560690403,-1.9890429973602295,4797,0.0058543868362903595,-14.385235190000003,150.0,0.02
95980,7358,4799,13,0.9977218508720398,0.0003,-0.049027033150196075,-2.055380344390869,4798,0.007968940772116184,-14.385235190000003,150.0,0.02
96000,7358,4800,13,0.9913349151611328,0.0003,-0.12636278569698334,-2.0706493854522705,4799,0.03144918754696846,-14.28795444,150.0,0.02
96020,7359,4801,13,0.9960839152336121,0.0003,-0.009999486617743969,-2.0593037605285645,4800,0.011782445013523102,-14.28795444,150.0,0.02
96040,7359,4802,13,0.7724478840827942,0.0003,0.1715514361858368,-1.7299072742462158,4801,0.06888382136821747,-14.28795444,150.0,0.02
96060,7359,4803,13,0.35884857177734375,0.0003,0.20179398357868195,-1.757686972618103,4802,0.29032522439956665,-14.28795444,150.0,0.02
96080,7359,4804,13,0.10430365800857544,0.0003,0.3677555024623871,-1.7958825826644897,4803,0.30764859914779663,-14.28795444,150.0,0.02
96100,7359,4805,13,0.3218879699707031,0.0003,0.4543472230434418,-1.8012058734893799,4804,1.081929087638855,-14.28795444,150.0,0.02
96120,7359,4806,13,0.8433987498283386,0.0003,-0.6028127670288086,-1.8841747045516968,4805,0.2670137882232666,-14.28795444,150.0,0.02
96140,7359,4807,13,0.7336019277572632,0.0003,0.26391881704330444,-1.9052261114120483,4806,0.6048407554626465,-14.28795444,150.0,0.02
96160,7359,4808,13,0.8496445417404175,0.0003,-1.1517512798309326,-1.9107563495635986,4807,0.4324715733528137,-14.28795444,150.0,0.02
96180,7359,4809,13,-0.7316595315933228,0.0003,-0.2969909906387329,-1.9852863550186157,4808,0.6670206785202026,-14.28795444,150.0,0.02
96200,7359,4810,13,0.21269512176513672,0.0003,0.5960346460342407,-1.9587128162384033,4809,1.5650653839111328,-14.28795444,150.0,0.02
96220,7359,4811,13,0.9461556673049927,0.0003,-0.459346204996109,-2.0458526611328125,4810,0.17783352732658386,-14.28795444,150.0,0.02
96240,7360,4812,13,0.6846957206726074,0.0003,-0.2501522898674011,-2.0779073238372803,4811,0.3064180314540863,-14.28795444,150.0,0.02
96260,7360,4813,13,0.5938562154769897,0.0003,0.238093763589859,-1.9901161193847656,4812,0.27848535776138306,-14.28795444,150.0,0.02
96280,7360,4814,13,-0.3485107421875,0.0003,0.6442282795906067,-2.011216878890991,4813,1.6529788970947266,-14.28795444,150.0,0.02
96300,7360,4815,13,-0.8559092283248901,0.0003,0.5447368025779724,-2.053649425506592,4814,0.44011610746383667,-14.28795444,150.0,0.02
96320,7360,4816,13,-1.0264148712158203,0.0003,-0.2790743410587311,-2.0272560119628906,4815,0.3306299149990082,-14.28795444,150.0,0.02
96340,7360,4817,13,0.022339224815368652,0.0003,0.7738162279129028,-2.085231065750122,4816,1.0589454174041748,-14.28795444,150.0,0.02
96360,7360,4818,13,0.6091402173042297,0.0003,0.07383029907941818,-2.066204071044922,4817,0.22445228695869446,-14.28795444,150.0,0.02
96380,7360,4819,13,-0.7640633583068848,0.0003,0.9073907136917114,-2.0566470623016357,4818,0.974514365196228,-14.28795444,150.0,0.02
96400,7360,4820,13,-0.06216228008270264,0.0003,-0.24607610702514648,-2.0731022357940674,4819,0.05040229484438896,-14.28795444,150.0,0.02
96420,7360,4821,13,-0.24546372890472412,0.0003,0.618306577205658,-2.068873882293701,4820,0.5566951036453247,-14.28795444,150.0,0.02
96440,7360,4822,13,-0.01813960075378418,0.0003,3.3509743213653564,-2.007856845855713,4821,4.827518939971924,-14.28795444,150.0,0.02
96460,7360,4823,13,-0.092010498046875,0.0003,1.1185985803604126,-2.0729012489318848,4822,1.1748759746551514,-14.28795444,150.0,0.02
96480,7360,4824,13,-0.2114180326461792,0.0003,0.1263936460018158,-2.0855679512023926,4823,0.6635972857475281,-14.28795444,150.0,0.02
96500,7360,4825,13,0.2706260085105896,0.0003,-0.30264097452163696,-2.10359525680542,4824,0.08345960080623627,-14.28795444,150.0,0.02
96520,7360,4826,13,0.24110382795333862,0.0003,-0.13230861723423004,-2.066103458404541,4825,0.07605152577161789,-14.28795444,150.0,0.02
96540,7360,4827,13,0.18434995412826538,0.0003,0.1411198377609253,-2.0691304206848145,4826,0.03720172122120857,-14.28795444,150.0,0.02
96560,7360,4828,13,0.04511094093322754,0.0003,1.2401454448699951,-2.1133034229278564,4827,2.1364493370056152,-14.28795444,150.0,0.02
96580,7360,4829,13,0.2996339201927185,0.0003,-0.17204169929027557,-2.0807790756225586,4828,0.04799006134271622,-14.28795444,150.0,0.02
96600,7360,4830,13,-0.7280102968215942,0.0003,0.06587497889995575,-2.0501301288604736,4829,0.03785456344485283,-14.456589020000001,150.0,0.02
96620,7360,4831,13,0.1383034586906433,0.0003,-0.006674134638160467,-2.081845760345459,4830,0.1390458196401596,-14.456589020000001,150.0,0.02
96640,7360,4832,13,0.9379453063011169,0.0003,0.19847814738750458,-1.6675910949707031,4831,0.09838052839040756,-14.456589020000001,150.0,0.02
96660,7360,4833,13,0.46737831830978394,0.0003,0.006029501557350159,-1.6739076375961304,4832,0.43124920129776,-14.456589020000001,150.0,0.02
96680,7360,4834,13,0.6829885244369507,0.0003,-0.4634791910648346,-1.7091974020004272,4833,0.38961261510849,-14.456589020000001,150.0,0.02
96700,7361,4835,13,0.8759521245956421,0.0003,0.17019785940647125,-1.6657402515411377,4834,0.2948700785636902,-14.456589020000001,150.0,0.02
96720,7361,4836,13,0.9285472631454468,0.0003,0.2234046459197998,-1.7186988592147827,4835,0.21059779822826385,-14.456589020000001,150.0,0.02
96740,7361,4837,13,0.8760075569152832,0.0003,-0.3948502242565155,-1.7965902090072632,4836,0.26747602224349976,-14.456589020000001,150.0,0.02
96760,7361,4838,13,0.8123480081558228,0.0003,-0.10735408961772919,-1.8359527587890625,4837,0.41082844138145447,-14.456589020000001,150.0,0.02
96780,7361,4839,13,0.9656872153282166,0.0003,-0.20231302082538605,-1.9178975820541382,4838,0.09086377173662186,-14.456589020000001,150.0,0.02
96800,7361,4840,13,0.8085143566131592,0.0003,-0.2871502935886383,-1.942784309387207,4839,0.8911571502685547,-14.456589020000001,150.0,0.02
96820,7361,4841,13,0.9784547686576843,0.0003,-0.10904071480035782,-1.9756873846054077,4840,0.09890137612819672,-14.456589020000001,150.0,0.02
96840,7361,4842,13,0.9779150485992432,0.0003,-0.29857337474823,-1.9921191930770874,4841,0.11198686063289642,-14.456589020000001,150.0,0.02
96860,7361,4843,13,0.939365029335022,0.0003,-0.3468835949897766,-2.017669677734375,4842,0.16782496869564056,-14.456589020000001,150.0,0.02
96880,7361,4844,13,0.9849422574043274,0.0003,0.3546285331249237,-2.030064344406128,4843,0.0717170387506485,-14.456589020000001,150.0,0.02
96900,7362,4845,13,0.917707085609436,0.0003,-0.1990550458431244,-2.0211455821990967,4844,0.1202428787946701,-14.456589020000001,150.0,0.02
96920,7362,4846,13,0.13840121030807495,0.0003,0.6807279586791992,-1.9618746042251587,4845,0.6973601579666138,-14.456589020000001,150.0,0.02
96940,7362,4847,13,-5.523975372314453,0.0003,0.01121973991394043,-2.0184273719787598,4846,0.5401057004928589,-14.456589020000001,150.0,0.02
96960,7362,4848,13,0.9017017483711243,0.0003,-0.2955388128757477,-2.0472850799560547,4847,0.09754927456378937,-14.456589020000001,150.0,0.02
96980,7362,4849,13,0.6220424771308899,0.0003,1.3128137588500977,-2.0225815773010254,4848,1.268593668937683,-14.456589020000001,150.0,0.02
97000,7362,4850,13,0.346355140209198,0.0003,-0.025333482772111893,-2.0414652824401855,4849,0.5145938992500305,-14.456589020000001,150.0,0.02
97020,7362,4851,13,0.9225946068763733,0.0003,-0.35070085525512695,-2.062613010406494,4850,0.1018168181180954,-14.456589020000001,150.0,0.02
97040,7362,4852,13,0.9205552935600281,0.0003,-0.3513909876346588,-2.052022695541382,4851,0.0955822691321373,-14.456589020000001,150.0,0.02
97060,7363,4853,13,0.39414334297180176,0.0003,0.8259978294372559,-2.0485332012176514,4852,0.9250863194465637,-14.456589020000001,150.0,0.02
97080,7363,4854,13,0.5689077377319336,0.0003,0.24132487177848816,-2.0248262882232666,4853,0.2428368777036667,-14.456589020000001,150.0,0.02
97100,7363,4855,13,0.851230263710022,0.0003,-0.4662644863128662,-2.040520191192627,4854,0.10683796554803848,-14.456589020000001,150.0,0.02
97120,7363,4856,13,0.5255919694900513,0.0003,-0.4069158434867859,-2.0347938537597656,4855,0.11107110977172852,-14.456589020000001,150.0,0.02
97140,7363,4857,13,0.593616247177124,0.0003,-0.3965938687324524,-2.0072567462921143,4856,0.10409752279520035,-14.456589020000001,150.0,0.02
97160,7363,4858,13,0.19135522842407227,0.0003,0.050930045545101166,-2.021535634994507,4857,0.23227110505104065,-14.456589020000001,150.0,0.02
97180,7363,4859,13,0.18953722715377808,0.0003,0.37652787566185,-1.9389779567718506,4858,0.507757306098938,-14.456589020000001,150.0,0.02
97200,7363,4860,13,0.41291576623916626,0.0003,0.04164168983697891,-2.0069260597229004,4859,0.06495385617017746,-14.282269129999998,150.0,0.02
97220,7363,4861,13,0.4250614643096924,0.0003,-0.06218702718615532,-1.9437137842178345,4860,0.05933675915002823,-14.282269129999998,150.0,0.02
97240,7363,4862,13,0.7245572209358215,0.0003,-0.31856128573417664,-1.663326621055603,4861,0.16046302020549774,-14.282269129999998,150.0,0.02
97260,7363,4863,13,0.7603259682655334,0.0003,0.05145343020558357,-1.6964153051376343,4862,0.2701674997806549,-14.282269129999998,150.0,0.02
97280,7364,4864,13,0.9390109181404114,0.0003,0.14885610342025757,-1.7024650573730469,4863,0.08191630989313126,-14.282269129999998,150.0,0.02
97300,7364,4865,13,0.9089592695236206,0.0003,0.34652024507522583,-1.7174749374389648,4864,0.16690993309020996,-14.282269129999998,150.0,0.02
97320,7364,4866,13,0.0036478638648986816,0.0003,1.5557993650436401,-1.7045230865478516,4865,5.874641418457031,-14.282269129999998,150.0,0.02
97340,7364,4867,13,0.9485570788383484,0.0003,0.13549354672431946,-1.77252995967865,4866,0.13112008571624756,-14.282269129999998,150.0,0.02
97360,7364,4868,13,0.9494668245315552,0.0003,-0.4640335440635681,-1.7889000177383423,4867,0.20130792260169983,-14.282269129999998,150.0,0.02
97380,7364,4869,13,0.9412402510643005,0.0003,-0.13573899865150452,-1.8599523305892944,4868,0.23461751639842987,-14.282269129999998,150.0,0.02
97400,7364,4870,13,0.9741405248641968,0.0003,-0.103101447224617,-1.8662617206573486,4869,0.12468129396438599,-14.282269129999998,150.0,0.02
97420,7364,4871,13,0.9430894255638123,0.0003,-0.24955812096595764,-1.8665434122085571,4870,0.2922949194908142,-14.282269129999998,150.0,0.02
97440,7364,4872,13,0.9672315716743469,0.0003,-0.279969185590744,-1.948971152305603,4871,0.15572865307331085,-14.282269129999998,150.0,0.02
97460,7365,4873,13,0.9586005806922913,0.0003,1.5899213552474976,-1.910452127456665,4872,0.6943674087524414,-14.282269129999998,150.0,0.02
97480,7365,4874,13,0.9822091460227966,0.0003,-0.05700626224279404,-1.9170587062835693,4873,0.07116834819316864,-14.282269129999998,150.0,0.02
97500,7365,4875,13,0.8560512065887451,0.0003,0.4862945079803467,-1.9425926208496094,4874,0.5738471150398254,-14.282269129999998,150.0,0.02
97520,7365,4876,13,0.9912822842597961,0.0003,-0.1485704928636551,-1.7982227802276611,4875,0.02978256717324257,-14.282269129999998,150.0,0.02
97540,7365,4877,13,0.9640564322471619,0.0003,0.019093092530965805,-1.784576416015625,4876,0.0905943289399147,-14.282269129999998,150.0,0.02
97560,7365,4878,13,0.9795340299606323,0.0003,-0.05079159885644913,-1.8910408020019531,4877,0.039495352655649185,-14.282269129999998,150.0,0.02
97580,7365,4879,13,0.990292489528656,0.0003,0.07627590000629425,-1.9416335821151733,4878,0.013327117078006268,-14.282269129999998,150.0,0.02
97600,7365,4880,13,0.912477433681488,0.0003,0.22385676205158234,-1.9502944946289062,4879,0.09972987323999405,-14.282269129999998,150.0,0.02
97620,7365,4881,13,0.7658381462097168,0.0003,0.014118453487753868,-1.9873727560043335,4880,0.10897932946681976,-14.282269129999998,150.0,0.02
97640,7366,4882,13,0.961887776851654,0.0003,0.11404705047607422,-2.0036003589630127,4881,0.019023418426513672,-14.282269129999998,150.0,0.02
97660,7366,4883,13,0.9722046852111816,0.0003,0.037073638290166855,-1.957281470298767,4882,0.011250356212258339,-14.282269129999998,150.0,0.02
97680,7366,4884,13,0.45541393756866455,0.0003,-0.06696337461471558,-1.9117885828018188,4883,0.14932651817798615,-14.282269129999998,150.0,0.02
97700,7366,4885,13,0.8854358792304993,0.0003,0.05947772413492203,-1.887976050376892,4884,0.028466546908020973,-14.282269129999998,150.0,0.02
97720,7366,4886,13,0.8856421709060669,0.0003,-0.366651713848114,-1.9218165874481201,4885,0.06738629937171936,-14.282269129999998,150.0,0.02
97740,7366,4887,13,0.6813338994979858,0.0003,0.09514725208282471,-1.9049144983291626,4886,0.11957838386297226,-14.282269129999998,150.0,0.02
97760,7366,4888,13,0.8563536405563354,0.0003,-0.27062761783599854,-1.9168727397918701,4887,0.06523086130619049,-14.282269129999998,150.0,0.02
97780,7366,4889,13,0.7702605724334717,0.0003,-0.25313371419906616,-1.9181312322616577,4888,0.07799024879932404,-14.282269129999998,150.0,0.02
97800,7366,4890,13,0.7029566168785095,0.0003,-0.22179464995861053,-1.9398393630981445,4889,0.09143273532390594,-14.573603330000001,150.0,0.02
97820,7366,4891,13,0.5632182955741882,0.0003,-0.1243506520986557,-1.9864511489868164,4890,0.08079197257757187,-14.573603330000001,150.0,0.02
97840,7366,4892,13,0.8272301554679871,0.0003,-0.5897067189216614,-1.7607377767562866,4891,0.15149542689323425,-14.573603330000001,150.0,0.02
97860,7366,4893,13,0.15391594171524048,0.0003,-0.08491914719343185,-1.7791297435760498,4892,0.17117686569690704,-14.573603330000001,150.0,0.02
97880,7367,4894,13,0.6793110370635986,0.0003,-0.39284032583236694,-1.7937803268432617,4893,0.1350846141576767,-14.573603330000001,150.0,0.02
97900,7367,4895,13,0.7803018689155579,0.0003,0.5447999238967896,-1.824211835861206,4894,0.29480209946632385,-14.573603330000001,150.0,0.02
97920,7367,4896,13,-0.14718937873840332,0.0003,0.12217317521572113,-1.81758713722229,4895,0.5246842503547668,-14.573603330000001,150.0,0.02
97940,7367,4897,13,0.4427366852760315,0.0003,1.5590180158615112,-1.855048418045044,4896,2.621041774749756,-14.573603330000001,150.0,0.02
97960,7367,4898,13,0.7654107809066772,0.0003,0.6051258444786072,-1.8943897485733032,4897,0.4775730073451996,-14.573603330000001,150.0,0.02
97980,7367,4899,13,0.5642144083976746,0.0003,2.1647396087646484,-1.9017184972763062,4898,5.263632774353027,-14.573603330000001,150.0,0.02
98000,7367,4900,13,0.9744467735290527,0.0003,0.41600579023361206,-1.9580802917480469,4899,0.1874772608280182,-14.573603330000001,150.0,0.02
98020,7367,4901,13,0.713167130947113,0.0003,0.7467146515846252,-1.9722175598144531,4900,1.4427061080932617,-14.573603330000001,150.0,0.02
98040,7367,4902,13,0.7190060615539551,0.0003,0.46700429916381836,-1.999089002609253,4901,0.9954966306686401,-14.573603330000001,150.0,0.02
98060,7367,4903,13,0.8667991757392883,0.0003,-0.6114392280578613,-2.0179264545440674,4902,0.588600754737854,-14.573603330000001,150.0,0.02
98080,7367,4904,13,0.9552726149559021,0.0003,0.2347310483455658,-2.0109798908233643,4903,0.2393079549074173,-14.573603330000001,150.0,0.02
98100,7367,4905,13,0.8789629340171814,0.0003,0.24539151787757874,-1.9527771472930908,4904,0.59263676404953,-14.573603330000001,150.0,0.02
98120,7367,4906,13,0.874504804611206,0.0003,-0.8836460113525391,-1.9412378072738647,4905,0.47464847564697266,-14.573603330000001,150.0,0.02
98140,7367,4907,13,0.5122742652893066,0.0003,-0.1736406534910202,-1.908198356628418,4906,0.46889209747314453,-14.573603330000001,150.0,0.02
98160,7367,4908,13,0.7395186424255371,0.0003,-0.5559133291244507,-1.919806718826294,4907,0.5353479981422424,-14.573603330000001,150.0,0.02
98180,7367,4909,13,0.9397479295730591,0.0003,-0.315173864364624,-1.9835574626922607,4908,0.06240658089518547,-14.573603330000001,150.0,0.02
98200,7367,4910,13,0.8818245530128479,0.0003,0.02103070355951786,-1.9178012609481812,4909,0.09702776372432709,-14.573603330000001,150.0,0.02
98220,7367,4911,13,0.24056899547576904,0.0003,0.06870922446250916,-1.9344896078109741,4910,0.3752371668815613,-14.573603330000001,150.0,0.02
98240,7367,4912,13,0.4201943278312683,0.0003,-0.1735825389623642,-1.9245948791503906,4911,0.3563336730003357,-14.573603330000001,150.0,0.02
98260,7367,4913,13,0.8569821715354919,0.0003,-0.22377333045005798,-1.979515790939331,4912,0.054059166461229324,-14.573603330000001,150.0,0.02
98280,7367,4914,13,0.485784649848938,0.0003,-0.07769964635372162,-1.9234859943389893,4913,0.0894026905298233,-14.573603330000001,150.0,0.02
98300,7367,4915,13,0.6865661144256592,0.0003,0.013704846613109112,-1.9805622100830078,4914,0.03029831126332283,-14.573603330000001,150.0,0.02
98320,7367,4916,13,0.7461820840835571,0.0003,-0.0025416016578674316,-2.0362637042999268,4915,0.033422477543354034,-14.573603330000001,150.0,0.02
98340,7367,4917,13,-0.7164522409439087,0.0003,0.2547764182090759,-1.997957468032837,4916,0.09548100084066391,-14.573603330000001,150.0,0.02
98360,7367,4918,13,0.29757267236709595,0.0003,0.18507829308509827,-1.944244146347046,4917,0.07863299548625946,-14.573603330000001,150.0,0.02
98380,7368,4919,13,0.21496009826660156,0.0003,0.2344679832458496,-2.0362532138824463,4918,0.07079122960567474,-14.573603330000001,150.0,0.02
98400,7367,4920,13,0.28112560510635376,0.0003,0.17657563090324402,-1.993161916732788,4919,0.06713225692510605,-14.412008069999999,150.0,0.02
98420,7367,4921,13,-0.042865633964538574,0.0003,0.7406696081161499,-1.9404281377792358,4920,1.4693987369537354,-14.412008069999999,150.0,0.02
98440,7367,4922,13,0.8220130801200867,0.0003,-0.21688754856586456,-1.6964572668075562,4921,0.2020973265171051,-14.412008069999999,150.0,0.02
98460,7368,4923,13,0.9673105478286743,0.0003,0.160954087972641,-1.7433760166168213,4922,0.048933498561382294,-14.412008069999999,150.0,0.02
98480,7368,4924,13,0.9397097229957581,0.0003,-0.1779060959815979,-1.7637075185775757,4923,0.11069127172231674,-14.412008069999999,150.0,0.02
98500,7368,4925,13,0.9276642203330994,0.0003,-0.5500118732452393,-1.7631690502166748,4924,0.2551018297672272,-14.412008069999999,150.0,0.02
98520,7368,4926,13,0.9740392565727234,0.0003,-0.05398070812225342,-1.8110072612762451,4925,0.06834280490875244,-14.412008069999999,150.0,0.02
98540,7368,4927,13,0.777796745300293,0.0003,1.346331238746643,-1.8650909662246704,4926,1.2836426496505737,-14.412008069999999,150.0,0.02
98560,7368,4928,13,-0.270308256149292,0.0003,2.7763850688934326,-1.8754856586456299,4927,5.063813209533691,-14.412008069999999,150.0,0.02
98580,7368,4929,13,0.9306886792182922,0.0003,1.2232205867767334,-1.9821271896362305,4928,0.6036146879196167,-14.412008069999999,150.0,0.02
98600,7368,4930,13,0.5179763436317444,0.0003,0.6235718727111816,-2.0186221599578857,4929,1.5776628255844116,-14.412008069999999,150.0,0.02
98620,7369,4931,13,0.9562941193580627,0.0003,-0.2053806334733963,-2.0008444786071777,4930,0.21645089983940125,-14.412008069999999,150.0,0.02
98640,7369,4932,13,0.9465402364730835,0.0003,-0.0785253494977951,-2.014094829559326,4931,0.2576717734336853,-14.412008069999999,150.0,0.02
98660,7369,4933,13,0.9487655162811279,0.0003,-0.6365693211555481,-2.0396530628204346,4932,0.3437677025794983,-14.412008069999999,150.0,0.02
98680,7369,4934,13,0.7147716283798218,0.0003,0.9170762896537781,-2.0049450397491455,4933,1.242006540298462,-14.412008069999999,150.0,0.02
98700,7369,4935,13,0.9538738131523132,0.0003,-0.608916699886322,-1.9715960025787354,4934,0.37199240922927856,-14.412008069999999,150.0,0.02
98720,7369,4936,13,0.9871214032173157,0.0003,-0.1015932708978653,-1.9589468240737915,4935,0.09723982959985733,-14.412008069999999,150.0,0.02
98740,7369,4937,13,0.9742512702941895,0.0003,0.27070876955986023,-2.0126709938049316,4936,0.2944607138633728,-14.412008069999999,150.0,0.02
98760,7370,4938,13,0.9652575254440308,0.0003,0.7293800115585327,-1.948073148727417,4937,0.7205749750137329,-14.412008069999999,150.0,0.02
98780,7370,4939,13,0.9864060282707214,0.0003,-0.6950401067733765,-1.9380571842193604,4938,0.2816021740436554,-14.412008069999999,150.0,0.02
98800,7370,4940,13,0.993865966796875,0.0003,-0.041211627423763275,-1.9284026622772217,4939,0.06646257638931274,-14.412008069999999,150.0,0.02
98820,7370,4941,13,0.9847247004508972,0.0003,0.09581638872623444,-1.9663610458374023,4940,0.18148191273212433,-14.412008069999999,150.0,0.02
98840,7370,4942,13,0.9948626160621643,0.0003,-0.014003369025886059,-2.0078091621398926,4941,0.05014141649007797,-14.412008069999999,150.0,0.02
98860,7370,4943,13,0.8202906847000122,0.0003,0.7350503206253052,-2.0039124488830566,4942,1.3449324369430542,-14.412008069999999,150.0,0.02
98880,7370,4944,13,0.9053629636764526,0.0003,0.4640582501888275,-1.999799370765686,4943,0.7237390875816345,-14.412008069999999,150.0,0.02
98900,7370,4945,13,0.9869838953018188,0.0003,-0.5195601582527161,-1.9935659170150757,4944,0.16401824355125427,-14.412008069999999,150.0,0.02
98920,7370,4946,13,0.9789758324623108,0.0003,0.10127861797809601,-1.9879369735717773,4945,0.1493121087551117,-14.412008069999999,150.0,0.02
98940,7371,4947,13,0.9891664385795593,0.0003,-0.5281849503517151,-2.0115652084350586,4946,0.13638228178024292,-14.412008069999999,150.0,0.02
98960,7371,4948,13,0.9848860502243042,0.0003,-0.2544839680194855,-2.011707305908203,4947,0.08274029195308685,-14.412008069999999,150.0,0.02
98980,7371,4949,13,0.9912383556365967,0.0003,-0.16608676314353943,-1.993377923965454,4948,0.04220814257860184,-14.412008069999999,150.0,0.02
99000,7371,4950,13,0.9823277592658997,0.0003,-0.32780900597572327,-2.012718915939331,4949,0.07877267897129059,-14.134247370000002,150.0,0.02
99020,7371,4951,13,0.9694563150405884,0.0003,0.26157885789871216,-2.0395710468292236,4950,0.07774968445301056,-14.134247370000002,150.0,0.02
99040,7371,4952,13,-3.4619650840759277,0.0003,-1.2380467653274536,-1.668121337890625,4951,0.90764319896698,-14.134247370000002,150.0,0.02
99060,7371,4953,13,0.0037433505058288574,0.0003,-0.7465803623199463,-1.6964800357818604,4952,0.9419742822647095,-14.134247370000002,150.0,0.02
99080,7371,4954,13,0.42661499977111816,0.0003,-0.1495487540960312,-1.7211536169052124,4953,0.4555726945400238,-14.134247370000002,150.0,0.02
99100,7371,4955,13,0.8247287273406982,0.0003,-0.42099952697753906,-1.7336273193359375,4954,0.34121012687683105,-14.134247370000002,150.0,0.02
99120,7371,4956,13,0.915524423122406,0.0003,-0.3655717074871063,-1.7858203649520874,4955,0.24016201496124268,-14.134247370000002,150.0,0.02
99140,7371,4957,13,0.6284922957420349,0.0003,1.5282986164093018,-1.838374137878418,4956,1.5262728929519653,-14.134247370000002,150.0,0.02
99160,7371,4958,13,-0.9113118648529053,0.0003,0.6661384701728821,-1.8672164678573608,4957,0.9352706670761108,-14.134247370000002,150.0,0.02
99180,7371,4959,13,0.5860422849655151,0.0003,0.7943931221961975,-1.8604848384857178,4958,1.9046554565429688,-14.134247370000002,150.0,0.02
99200,7371,4960,13,0.6240676641464233,0.0003,2.1415467262268066,-1.8393968343734741,4959,3.0120298862457275,-14.134247370000002,150.0,0.02
99220,7371,4961,13,0.8752905130386353,0.0003,0.17230550944805145,-1.8854976892471313,4960,0.5136489868164062,-14.134247370000002,150.0,0.02
99240,7371,4962,13,0.9278551340103149,0.0003,-0.8530635833740234,-1.9403951168060303,4961,0.4902070462703705,-14.134247370000002,150.0,0.02
99260,7371,4963,13,0.9440529346466064,0.0003,-0.10205581039190292,-1.9445072412490845,4962,0.11249172687530518,-14.134247370000002,150.0,0.02
99280,7371,4964,13,0.39818674325942993,0.0003,-0.03429601341485977,-1.9963518381118774,4963,0.7558964490890503,-14.134247370000002,150.0,0.02
99300,7372,4965,13,-0.00024306774139404297,0.0003,-0.3681495487689972,-2.0353362560272217,4964,0.22087450325489044,-14.134247370000002,150.0,0.02
99320,7372,4966,13,0.8818076848983765,0.0003,-0.2856143116950989,-2.0053696632385254,4965,0.050615906715393066,-14.134247370000002,150.0,0.02
99340,7372,4967,13,0.9431843757629395,0.0003,-0.2397942841053009,-2.069915294647217,4966,0.03091573156416416,-14.134247370000002,150.0,0.02
99360,7372,4968,13,0.9069036245346069,0.0003,0.25559931993484497,-2.0270609855651855,4967,0.05087675526738167,-14.134247370000002,150.0,0.02
99380,7372,4969,13,0.5574122667312622,0.0003,-0.24687707424163818,-1.9893624782562256,4968,0.10720900446176529,-14.134247370000002,150.0,0.02
99400,7372,4970,13,0.7325477600097656,0.0003,-0.022327978163957596,-2.022242784500122,4969,0.10207857936620712,-14.134247370000002,150.0,0.02
99420,7372,4971,13,0.8305264115333557,0.0003,-0.06841708719730377,-2.0126428604125977,4970,0.08034220337867737,-14.134247370000002,150.0,0.02
99440,7372,4972,13,0.8439229130744934,0.0003,-0.15264280140399933,-2.023998975753784,4971,0.08751098811626434,-14.134247370000002,150.0,0.02
99460,7372,4973,13,0.770989179611206,0.0003,0.06289509683847427,-2.069242000579834,4972,0.14084561169147491,-14.134247370000002,150.0,0.02
99480,7372,4974,13,0.8365002870559692,0.0003,-0.06573958694934845,-2.0775341987609863,4973,0.11988364160060883,-14.134247370000002,150.0,0.02
99500,7372,4975,13,0.888323962688446,0.0003,0.028157824650406837,-2.022789478302002,4974,0.08976512402296066,-14.134247370000002,150.0,0.02
99520,7373,4976,13,0.9428030252456665,0.0003,-0.04658379778265953,-2.0051469802856445,4975,0.04888797551393509,-14.134247370000002,150.0,0.02
99540,7373,4977,13,0.9578470587730408,0.0003,0.26478201150894165,-2.020052433013916,4976,0.046681441366672516,-14.134247370000002,150.0,0.02
99560,7373,4978,13,0.9725804328918457,0.0003,0.014650988392531872,-2.0374252796173096,4977,0.01823234185576439,-14.134247370000002,150.0,0.02
99580,7373,4979,13,0.9565103650093079,0.0003,0.23798123002052307,-2.0350708961486816,4978,0.034485600888729095,-14.134247370000002,150.0,0.02
99600,7373,4980,13,0.4474440813064575,0.0003,0.5148919224739075,-2.0282671451568604,4979,0.18685004115104675,-14.529005810000001,150.0,0.02
99620,7373,4981,13,0.9229316711425781,0.0003,0.07676932960748672,-2.015728712081909,4980,0.019605595618486404,-14.529005810000001,150.0,0.02
99640,7373,4982,13,0.4314425587654114,0.0003,-0.49053770303726196,-1.6286182403564453,4981,0.4542907774448395,-14.529005810000001,150.0,0.02
99660,7373,4983,13,-2.0157270431518555,0.0003,-0.5935678482055664,-1.6721279621124268,4982,0.4399987757205963,-14.529005810000001,150.0,0.02
99680,7373,4984,13,-1.761791467666626,0.0003,-0.7245343327522278,-1.7238810062408447,4983,0.3200494050979614,-14.529005810000001,150.0,0.02
99700,7373,4985,13,0.18029606342315674,0.0003,0.38989534974098206,-1.735975980758667,4984,0.6240134239196777,-14.529005810000001,150.0,0.02
99720,7373,4986,13,0.4332149624824524,0.0003,-0.26787319779396057,-1.776566505432129,4985,0.5486266016960144,-14.529005810000001,150.0,0.02
99740,7373,4987,13,0.8841539621353149,0.0003,0.36063843965530396,-1.7886348962783813,4986,0.23003725707530975,-14.529005810000001,150.0,0.02
99760,7373,4988,13,0.8144799470901489,0.0003,0.7076380848884583,-1.8987627029418945,4987,0.4765554368495941,-14.529005810000001,150.0,0.02
99780,7373,4989,13,0.3774098753929138,0.0003,1.2402318716049194,-1.916481375694275,4988,2.5747838020324707,-14.529005810000001,150.0,0.02
99800,7374,4990,13,0.9125744700431824,0.0003,0.018833542242646217,-1.985652208328247,4989,0.27135226130485535,-14.529005810000001,150.0,0.02
99820,7374,4991,13,0.8836365938186646,0.0003,-0.0003060579183511436,-1.9255567789077759,4990,0.2783849835395813,-14.529005810000001,150.0,0.02
99840,7374,4992,13,0.8021004796028137,0.0003,1.856101393699646,-2.0153653621673584,4991,2.169185161590576,-14.529005810000001,150.0,0.02
99860,7374,4993,13,0.9401174783706665,0.0003,-0.12337853759527206,-2.02545428276062,4992,0.2161741554737091,-14.529005810000001,150.0,0.02
99880,7374,4994,13,0.8090958595275879,0.0003,0.16940784454345703,-1.9909324645996094,4993,0.31380921602249146,-14.529005810000001,150.0,0.02
99900,7374,4995,13,0.962487518787384,0.0003,0.30465301871299744,-2.0105724334716797,4994,0.07610303163528442,-14.529005810000001,150.0,0.02
99920,7374,4996,13,0.8326889276504517,0.0003,-0.11808817088603973,-1.9266345500946045,4995,0.1788560301065445,-14.529005810000001,150.0,0.02
99940,7374,4997,13,0.3109338879585266,0.0003,-0.6701599359512329,-1.9766569137573242,4996,0.30863696336746216,-14.529005810000001,150.0,0.02
99960,7374,4998,13,0.9521085023880005,0.0003,-0.47746342420578003,-2.031954526901245,4997,0.07007025927305222,-14.529005810000001,150.0,0.02
99980,7374,4999,13,0.6373084783554077,0.0003,0.25527942180633545,-1.980644941329956,4998,0.05070542171597481,-14.529005810000001,150.0,0.02
100000,7372,5000,13,0.6896827220916748,0.0003,-0.17130084335803986,-1.9590415954589844,4999,0.07286562770605087,-14.529005810000001,150.0,0.02
