time/fps,time/iterations,time/time_elapsed,time/total_timesteps,train/learning_rate,train/explained_variance,train/value_loss,train/n_updates,train/policy_loss,train/entropy_loss,rollout/success_rate,rollout/ep_rew_mean,rollout/ep_len_mean
4791,1,0,64,,,,,,,,,
3989,2,0,128,0.0007,0.16752970218658447,0.259280800819397,1,-0.0005696024745702744,-2.1972146034240723,,,
4756,3,0,192,0.0007,-0.28037095069885254,0.6576120257377625,2,-0.7484152317047119,-2.1813015937805176,,,
5286,4,0,256,0.0007,-0.16054582595825195,2.212520122528076,3,-1.3094449043273926,-2.1760780811309814,,,
5753,5,0,320,0.0007,0.11637282371520996,1.8905168771743774,4,-2.1895976066589355,-2.164581298828125,,,
5984,6,0,384,0.0007,0.2795521020889282,1.9571166038513184,5,-2.3058528900146484,-2.1694493293762207,,,
6275,7,0,448,0.0007,0.29879194498062134,1.4678618907928467,6,-2.070183515548706,-2.1507363319396973,,,
6531,8,0,512,0.0007,0.22633802890777588,1.889538049697876,7,-1.9192051887512207,-2.147545337677002,,,
6756,9,0,576,0.0007,0.039914608001708984,2.460329055786133,8,-2.683319568634033,-2.17340087890625,,,
6897,10,0,640,0.0007,-0.04976511001586914,2.943701982498169,9,-3.115076780319214,-2.1596269607543945,0.0,-19.96462825,150.0
6976,11,0,704,0.0007,0.19207125902175903,0.670974850654602,10,0.42100614309310913,-2.1450841426849365,0.0,-19.96462825,150.0
7022,12,0,768,0.0007,-0.1046990156173706,0.37283724546432495,11,-0.6974380016326904,-2.098748207092285,0.0,-19.96462825,150.0
7077,13,0,832,0.0007,0.03299969434738159,0.8723231554031372,12,-1.2401801347732544,-2.0686535835266113,0.0,-19.96462825,150.0
7142,14,0,896,0.0007,-0.0690382719039917,0.8989999890327454,13,-0.5232456922531128,-2.085991621017456,0.0,-19.96462825,150.0
7170,15,0,960,0.0007,-0.018276453018188477,0.7766667604446411,14,-0.571809709072113,-2.087012767791748,0.0,-19.96462825,150.0
7225,16,0,1024,0.0007,0.008601486682891846,0.5988113880157471,15,-0.39828434586524963,-2.0949440002441406,0.0,-19.96462825,150.0
7166,17,0,1088,0.0007,0.009972155094146729,2.0469417572021484,16,-1.8047343492507935,-2.0778908729553223,0.0,-19.96462825,150.0
7168,18,0,1152,0.0007,0.0077841877937316895,0.6735391020774841,17,-1.1257991790771484,-2.113922595977783,0.0,-19.96462825,150.0
7135,19,0,1216,0.0007,-0.028350234031677246,1.7277036905288696,18,-0.5259435176849365,-2.102759838104248,0.0,-18.777189375,150.0
7164,20,0,1280,0.0007,0.12526154518127441,0.7956101894378662,19,-1.0165374279022217,-2.114269733428955,0.0,-18.777189375,150.0
7141,21,0,1344,0.0007,0.08723533153533936,0.20082202553749084,20,0.6998808979988098,-2.0896458625793457,0.0,-18.777189375,150.0
7170,22,0,1408,0.0007,-0.09294211864471436,0.17737093567848206,21,0.6029984951019287,-2.094444751739502,0.0,-18.777189375,150.0
7137,23,0,1472,0.0007,0.018688738346099854,3.4472854137420654,22,1.8951112031936646,-2.0926461219787598,0.0,-18.777189375,150.0
7128,24,0,1536,0.0007,0.1410449743270874,0.7317951917648315,23,0.00849902629852295,-2.124953269958496,0.0,-18.777189375,150.0
7145,25,0,1600,0.0007,0.28572171926498413,0.7234851121902466,24,-0.7195143699645996,-2.127004623413086,0.0,-18.777189375,150.0
7161,26,0,1664,0.0007,0.24758672714233398,0.858525276184082,25,-0.21035301685333252,-2.1304733753204346,0.0,-18.777189375,150.0
7185,27,0,1728,0.0007,0.15473222732543945,0.5099422931671143,26,-0.7968683242797852,-2.130189895629883,0.0,-18.777189375,150.0
7170,28,0,1792,0.0007,0.1699390411376953,1.448529839515686,27,-1.269972324371338,-2.101823329925537,0.0,-18.777189375,150.0
7119,29,0,1856,0.0007,0.12867045402526855,1.1060473918914795,28,-1.345733404159546,-2.1296932697296143,0.0,-16.555763250000002,150.0
7062,30,0,1920,0.0007,0.1448337435722351,0.8506741523742676,29,1.2834097146987915,-2.108208656311035,0.0,-16.555763250000002,150.0
7027,31,0,1984,0.0007,0.09141284227371216,1.2291921377182007,30,1.5472381114959717,-2.103026866912842,0.0,-16.555763250000002,150.0
7015,32,0,2048,0.0007,0.15813809633255005,1.1622064113616943,31,1.041996955871582,-2.1101858615875244,0.0,-16.555763250000002,150.0
7006,33,0,2112,0.0007,-0.23666846752166748,0.9942484498023987,32,1.1953938007354736,-2.131258964538574,0.0,-16.555763250000002,150.0
7019,34,0,2176,0.0007,-0.062282443046569824,0.8388009667396545,33,0.32583606243133545,-2.1371607780456543,0.0,-16.555763250000002,150.0
7029,35,0,2240,0.0007,-0.06973457336425781,0.8546919822692871,34,-1.2392011880874634,-2.1281886100769043,0.0,-16.555763250000002,150.0
7032,36,0,2304,0.0007,-0.009943842887878418,2.6749727725982666,35,-1.7509362697601318,-2.1212751865386963,0.0,-16.555763250000002,150.0
7035,37,0,2368,0.0007,-0.14995145797729492,1.4453630447387695,36,-1.695937991142273,-2.114103317260742,0.0,-16.555763250000002,150.0
7042,38,0,2432,0.0007,-0.020992398262023926,3.5362470149993896,37,-3.4022297859191895,-2.1048409938812256,0.0,-16.000157,150.0
7054,39,0,2496,0.0007,0.5252491235733032,0.5801401734352112,38,-0.1631864756345749,-2.1052639484405518,0.0,-16.000157,150.0
7074,40,0,2560,0.0007,0.1402982473373413,0.3886442184448242,39,0.688151478767395,-2.0856432914733887,0.0,-16.000157,150.0
7090,41,0,2624,0.0007,0.41299957036972046,0.32541486620903015,40,-0.292938768863678,-2.090818405151367,0.0,-16.000157,150.0
7101,42,0,2688,0.0007,0.3511357307434082,1.0348423719406128,41,-0.18092980980873108,-2.0864415168762207,0.0,-16.000157,150.0
7124,43,0,2752,0.0007,-0.658103346824646,0.48454493284225464,42,-0.7174535393714905,-2.063110113143921,0.0,-16.000157,150.0
7139,44,0,2816,0.0007,0.15978926420211792,2.020831823348999,43,-2.3150854110717773,-2.0696449279785156,0.0,-16.000157,150.0
7093,45,0,2880,0.0007,0.03729379177093506,2.141573429107666,44,-2.5935606956481934,-2.0851693153381348,0.0,-16.000157,150.0
7091,46,0,2944,0.0007,-0.051900625228881836,2.4841322898864746,45,-2.734370708465576,-2.095987558364868,0.0,-16.000157,150.0
7101,47,0,3008,0.0007,-0.012434840202331543,1.8558344841003418,46,-2.5119194984436035,-2.1102452278137207,0.0,-17.18556585,150.0
7109,48,0,3072,0.0007,0.3933732509613037,1.612922191619873,47,-2.022212505340576,-2.115577220916748,0.0,-17.18556585,150.0
7084,49,0,3136,0.0007,0.06237131357192993,0.3150169849395752,48,0.7422173023223877,-2.0700743198394775,0.0,-17.18556585,150.0
7108,50,0,3200,0.0007,0.14443761110305786,0.8140209317207336,49,0.9996472597122192,-2.0566515922546387,0.0,-17.18556585,150.0
7128,51,0,3264,0.0007,-1.4855709075927734,0.30728843808174133,50,0.42753690481185913,-2.0719728469848633,0.0,-17.18556585,150.0
7141,52,0,3328,0.0007,-0.14882969856262207,2.2132673263549805,51,-0.13645097613334656,-2.0499932765960693,0.0,-17.18556585,150.0
7166,53,0,3392,0.0007,-0.20317602157592773,1.7754076719284058,52,-1.2714279890060425,-1.9600329399108887,0.0,-17.18556585,150.0
7179,54,0,3456,0.0007,0.1476394534111023,1.408055067062378,53,-1.7127983570098877,-1.9800851345062256,0.0,-17.18556585,150.0
7191,55,0,3520,0.0007,0.10090094804763794,2.165302038192749,54,-2.5349082946777344,-1.984474778175354,0.0,-17.18556585,150.0
7177,56,0,3584,0.0007,0.11675351858139038,2.305978536605835,55,-2.6528055667877197,-1.9864661693572998,0.0,-17.18556585,150.0
7188,57,0,3648,0.0007,0.08925718069076538,1.8910082578659058,56,-2.367950439453125,-1.9913321733474731,0.0,-17.466083833333332,150.0
7202,58,0,3712,0.0007,0.682328462600708,0.33838582038879395,57,0.3867270350456238,-1.9699814319610596,0.0,-17.466083833333332,150.0
7223,59,0,3776,0.0007,-0.07512521743774414,0.16240428388118744,58,-0.10545924305915833,-1.9593713283538818,0.0,-17.466083833333332,150.0
7244,60,0,3840,0.0007,0.10556119680404663,0.730579674243927,59,0.5767212510108948,-2.0106539726257324,0.0,-17.466083833333332,150.0
7261,61,0,3904,0.0007,0.3368000388145447,0.4442676901817322,60,-0.8035975694656372,-1.9992865324020386,0.0,-17.466083833333332,150.0
7277,62,0,3968,0.0007,0.23476314544677734,0.6623774766921997,61,-0.551080048084259,-1.98594069480896,0.0,-17.466083833333332,150.0
7294,63,0,4032,0.0007,0.11255240440368652,2.0401246547698975,62,-2.2351489067077637,-2.002242088317871,0.0,-17.466083833333332,150.0
7291,64,0,4096,0.0007,0.04498028755187988,3.105700969696045,63,-2.958543539047241,-2.0135278701782227,0.0,-17.466083833333332,150.0
7307,65,0,4160,0.0007,0.0367969274520874,2.682413101196289,64,-2.8029961585998535,-2.024268865585327,0.0,-17.466083833333332,150.0
7320,66,0,4224,0.0007,0.04585331678390503,3.254544734954834,65,-2.8345961570739746,-2.0355820655822754,0.0,-18.256664535714286,150.0
7328,67,0,4288,0.0007,0.5983089208602905,0.9339574575424194,66,-0.9546869993209839,-2.032996654510498,0.0,-18.256664535714286,150.0
7342,68,0,4352,0.0007,0.4117150902748108,0.4126499891281128,67,1.037942886352539,-2.012770175933838,0.0,-18.256664535714286,150.0
7349,69,0,4416,0.0007,0.10815620422363281,0.5791345238685608,68,0.6702229380607605,-2.041790008544922,0.0,-18.256664535714286,150.0
7366,70,0,4480,0.0007,-0.1572282314300537,0.49709242582321167,69,0.6044223308563232,-2.0325117111206055,0.0,-18.256664535714286,150.0
7373,71,0,4544,0.0007,0.44573378562927246,0.37112367153167725,70,-0.8664474487304688,-2.0040178298950195,0.0,-18.256664535714286,150.0
7386,72,0,4608,0.0007,0.4641653895378113,0.23213103413581848,71,-0.6541568636894226,-1.9918254613876343,0.0,-18.256664535714286,150.0
7399,73,0,4672,0.0007,-0.04572904109954834,1.2695209980010986,72,-0.10630656033754349,-1.9969425201416016,0.0,-18.256664535714286,150.0
7414,74,0,4736,0.0007,0.08216726779937744,1.8320139646530151,73,-2.1472973823547363,-2.0400326251983643,0.0,-18.256664535714286,150.0
7421,75,0,4800,0.0007,0.058569908142089844,2.4702260494232178,74,-2.335056781768799,-2.0604875087738037,0.0,-18.216409499999997,150.0
7434,76,0,4864,0.0007,0.08061069250106812,2.5512635707855225,75,-2.7678558826446533,-2.0783562660217285,0.0,-18.216409499999997,150.0
7445,77,0,4928,0.0007,0.11897677183151245,0.3700277805328369,76,0.8843360543251038,-1.9966707229614258,0.0,-18.216409499999997,150.0
7454,78,0,4992,0.0007,-0.0025349855422973633,0.15587922930717468,77,0.03762228041887283,-2.0071640014648438,0.0,-18.216409499999997,150.0
7443,79,0,5056,0.0007,0.23847907781600952,0.36829718947410583,78,-0.14258228242397308,-2.025228977203369,0.0,-18.216409499999997,150.0
7454,80,0,5120,0.0007,0.309533953666687,0.637535035610199,79,0.5259267091751099,-2.0814075469970703,0.0,-18.216409499999997,150.0
7468,81,0,5184,0.0007,0.039326369762420654,3.765014171600342,80,1.8693228960037231,-2.103910446166992,0.0,-18.216409499999997,150.0
7484,82,0,5248,0.0007,0.6802460551261902,0.31244727969169617,81,-0.509353756904602,-2.1021156311035156,0.0,-18.216409499999997,150.0
7495,83,0,5312,0.0007,0.6360366344451904,0.7432360649108887,82,-1.3278069496154785,-2.113969087600708,0.0,-18.216409499999997,150.0
7509,84,0,5376,0.0007,0.41572046279907227,1.0296660661697388,83,-1.820849895477295,-2.131486177444458,0.0,-18.216409499999997,150.0
7516,85,0,5440,0.0007,-0.26843154430389404,1.5015723705291748,84,-2.2403812408447266,-2.148737907409668,0.0,-17.77734583333333,150.0
7529,86,0,5504,0.0007,0.8220949769020081,0.29736238718032837,85,0.0391564667224884,-2.1165995597839355,0.0,-17.77734583333333,150.0
7544,87,0,5568,0.0007,0.2642841339111328,1.2571052312850952,86,0.9097689390182495,-2.0976223945617676,0.0,-17.77734583333333,150.0
7559,88,0,5632,0.0007,0.45735907554626465,1.0038630962371826,87,0.8374080657958984,-2.104218006134033,0.0,-17.77734583333333,150.0
7574,89,0,5696,0.0007,0.662880539894104,0.6932239532470703,88,0.5469369888305664,-2.087256669998169,0.0,-17.77734583333333,150.0
7584,90,0,5760,0.0007,0.5720041990280151,2.2818124294281006,89,-0.6922521591186523,-2.0794413089752197,0.0,-17.77734583333333,150.0
7595,91,0,5824,0.0007,0.6933426856994629,1.5366849899291992,90,-2.137153148651123,-2.0468485355377197,0.0,-17.77734583333333,150.0
7606,92,0,5888,0.0007,-0.26489317417144775,1.3976032733917236,91,-1.9715242385864258,-2.058479070663452,0.0,-17.77734583333333,150.0
7600,93,0,5952,0.0007,-0.21486401557922363,2.7211499214172363,92,-1.1351710557937622,-2.060422658920288,0.0,-17.77734583333333,150.0
7602,94,0,6016,0.0007,-0.09608912467956543,2.501673936843872,93,-2.667785882949829,-2.0855350494384766,0.0,-17.7984872,150.0
7613,95,0,6080,0.0007,0.8257758021354675,0.8489875793457031,94,-1.0714068412780762,-2.092641830444336,0.0,-17.7984872,150.0
7622,96,0,6144,0.0007,-0.02873814105987549,0.4037511348724365,95,-0.04395502805709839,-2.059967041015625,0.0,-17.7984872,150.0
7633,97,0,6208,0.0007,0.5422457456588745,0.7782465219497681,96,-0.4494618773460388,-2.0431361198425293,0.0,-17.7984872,150.0
7646,98,0,6272,0.0007,0.788012683391571,0.2214769721031189,97,0.33422455191612244,-2.0225515365600586,0.0,-17.7984872,150.0
7658,99,0,6336,0.0007,0.7436015605926514,0.7689083218574524,98,-0.031809523701667786,-2.0394821166992188,0.0,-17.7984872,150.0
7673,100,0,6400,0.0007,0.8409379124641418,0.5969672203063965,99,-0.21733173727989197,-2.0534310340881348,0.0,-17.7984872,150.0
7689,101,0,6464,0.0007,0.8276466131210327,1.3301998376846313,100,-1.7632687091827393,-2.0257081985473633,0.0,-17.7984872,150.0
7700,102,0,6528,0.0007,0.3886677026748657,3.2411723136901855,101,-3.1419618129730225,-2.0455093383789062,0.0,-17.7984872,150.0
7711,103,0,6592,0.0007,-0.12421262264251709,3.5586023330688477,102,-3.234980583190918,-2.0633294582366943,0.0,-17.7984872,150.0
7705,104,0,6656,0.0007,-0.09087717533111572,3.2772252559661865,103,-3.1846303939819336,-2.0869741439819336,0.0,-18.007968681818184,150.0
7708,105,0,6720,0.0007,0.8598096966743469,0.30215057730674744,104,0.32888269424438477,-2.025890350341797,0.0,-18.007968681818184,150.0
7719,106,0,6784,0.0007,0.23671162128448486,0.44778043031692505,105,-0.6554421782493591,-2.023125648498535,0.0,-18.007968681818184,150.0
7720,107,0,6848,0.0007,0.08215475082397461,3.4101667404174805,106,1.3528032302856445,-2.0340888500213623,0.0,-18.007968681818184,150.0
7724,108,0,6912,0.0007,-0.39091360569000244,1.4090760946273804,107,0.8381866216659546,-2.049791097640991,0.0,-18.007968681818184,150.0
7732,109,0,6976,0.0007,-0.3952587842941284,0.9628978371620178,108,0.03994576632976532,-2.0509753227233887,0.0,-18.007968681818184,150.0
7740,110,0,7040,0.0007,0.5382869243621826,0.8741690516471863,109,-1.6220965385437012,-2.0757555961608887,0.0,-18.007968681818184,150.0
7731,111,0,7104,0.0007,-0.17935609817504883,1.434651494026184,110,-1.9684542417526245,-2.0809078216552734,0.0,-18.007968681818184,150.0
7723,112,0,7168,0.0007,-0.02895534038543701,2.3452908992767334,111,-2.7826435565948486,-2.0836000442504883,0.0,-18.007968681818184,150.0
7717,113,0,7232,0.0007,-0.016086220741271973,4.229155540466309,112,-3.524453639984131,-2.0920886993408203,0.0,-18.146257208333335,150.0
7726,114,0,7296,0.0007,0.8839647769927979,0.7814313173294067,113,-0.5582746267318726,-2.09171724319458,0.0,-18.146257208333335,150.0
7738,115,0,7360,0.0007,-0.5981661081314087,0.8944806456565857,114,1.2104897499084473,-2.046631336212158,0.0,-18.146257208333335,150.0
7744,116,0,7424,0.0007,0.6596336364746094,0.24718829989433289,115,0.5976998805999756,-2.049179792404175,0.0,-18.146257208333335,150.0
7751,117,0,7488,0.0007,0.12067335844039917,0.25573739409446716,116,0.11723995208740234,-2.053135395050049,0.0,-18.146257208333335,150.0
7757,118,0,7552,0.0007,0.340919554233551,2.6655542850494385,117,-1.1135505437850952,-2.0664925575256348,0.0,-18.146257208333335,150.0
7754,119,0,7616,0.0007,0.3600583076477051,1.81183660030365,118,-2.128614902496338,-2.0721373558044434,0.0,-18.146257208333335,150.0
7735,120,0,7680,0.0007,0.09694093465805054,2.7276158332824707,119,-3.101634979248047,-2.0815064907073975,0.0,-18.146257208333335,150.0
7715,121,1,7744,0.0007,0.06278175115585327,3.813321352005005,120,-3.3989434242248535,-2.0782532691955566,0.0,-18.146257208333335,150.0
7703,122,1,7808,0.0007,0.05823761224746704,3.5857672691345215,121,-3.2540531158447266,-2.103665351867676,0.0,-18.28200480769231,150.0
7699,123,1,7872,0.0007,0.723412036895752,2.7697627544403076,122,-2.6908364295959473,-2.1133666038513184,0.0,-18.28200480769231,150.0
7688,124,1,7936,0.0007,0.5503722429275513,0.07641617953777313,123,-0.15253165364265442,-2.0677859783172607,0.0,-18.28200480769231,150.0
7681,125,1,8000,0.0007,0.4405782222747803,0.23562203347682953,124,0.04911993443965912,-2.076861619949341,0.0,-18.28200480769231,150.0
7685,126,1,8064,0.0007,0.4265393018722534,1.7974610328674316,125,0.8608267307281494,-2.113144874572754,0.0,-18.28200480769231,150.0
7691,127,1,8128,0.0007,0.636741042137146,1.5649625062942505,126,1.9821228981018066,-2.0944366455078125,0.0,-18.28200480769231,150.0
7698,128,1,8192,0.0007,0.4027754068374634,1.7411487102508545,127,-2.2350103855133057,-2.100454330444336,0.0,-18.28200480769231,150.0
7707,129,1,8256,0.0007,-0.10769951343536377,2.927701473236084,128,-3.1213841438293457,-2.107308864593506,0.0,-18.28200480769231,150.0
7715,130,1,8320,0.0007,-0.20986711978912354,1.9330517053604126,129,-2.1653337478637695,-2.106796979904175,0.0,-18.28200480769231,150.0
7724,131,1,8384,0.0007,-0.008029699325561523,2.775324821472168,130,-2.821514844894409,-2.1128201484680176,0.0,-18.28200480769231,150.0
7725,132,1,8448,0.0007,0.006365597248077393,2.865889549255371,131,-3.1384177207946777,-2.1334095001220703,0.0,-18.509335767857145,150.0
7726,133,1,8512,0.0007,0.9477723240852356,0.24917246401309967,132,0.3385756313800812,-2.1050467491149902,0.0,-18.509335767857145,150.0
7725,134,1,8576,0.0007,0.6491339206695557,0.280600368976593,133,-0.13856187462806702,-2.096653938293457,0.0,-18.509335767857145,150.0
7725,135,1,8640,0.0007,0.575124204158783,0.4011518955230713,134,-0.01992778666317463,-2.066743850708008,0.0,-18.509335767857145,150.0
7730,136,1,8704,0.0007,0.535011887550354,1.031274437904358,135,0.6080679893493652,-2.039850950241089,0.0,-18.509335767857145,150.0
7732,137,1,8768,0.0007,0.5734179019927979,0.5514756441116333,136,-1.0701698064804077,-2.0297093391418457,0.0,-18.509335767857145,150.0
7736,138,1,8832,0.0007,-0.1772857904434204,0.5811741948127747,137,-0.8489596247673035,-2.028687000274658,0.0,-18.509335767857145,150.0
7736,139,1,8896,0.0007,-0.049955010414123535,1.6434645652770996,138,-1.694989800453186,-2.028108835220337,0.0,-18.509335767857145,150.0
7742,140,1,8960,0.0007,0.06694245338439941,2.367979049682617,139,-2.1643834114074707,-2.0462887287139893,0.0,-18.509335767857145,150.0
7747,141,1,9024,0.0007,-0.022205591201782227,2.995131492614746,140,-2.955550193786621,-2.060382843017578,0.0,-18.512860766666666,150.0
7755,142,1,9088,0.0007,0.9193626642227173,0.757501482963562,141,-0.9837291240692139,-2.049816608428955,0.0,-18.512860766666666,150.0
7763,143,1,9152,0.0007,0.7320883274078369,0.21215587854385376,142,-0.655007004737854,-1.9909312725067139,0.0,-18.512860766666666,150.0
7771,144,1,9216,0.0007,0.494340717792511,0.27995428442955017,143,-0.18024605512619019,-1.9957399368286133,0.0,-18.512860766666666,150.0
7779,145,1,9280,0.0007,0.7229330539703369,0.3381800055503845,144,-0.5784593820571899,-2.0092484951019287,0.0,-18.512860766666666,150.0
7783,146,1,9344,0.0007,0.5096344947814941,0.5686622262001038,145,-0.944693922996521,-2.0380666255950928,0.0,-18.512860766666666,150.0
7786,147,1,9408,0.0007,0.06710219383239746,0.5308483839035034,146,-0.7706212401390076,-2.032938241958618,0.0,-18.512860766666666,150.0
7788,148,1,9472,0.0007,0.040178894996643066,1.5295823812484741,147,-0.6086306571960449,-2.0418758392333984,0.0,-18.512860766666666,150.0
7791,149,1,9536,0.0007,0.01871126890182495,1.929997444152832,148,-0.5237414836883545,-2.05100154876709,0.0,-18.512860766666666,150.0
7791,150,1,9600,0.0007,0.07393741607666016,0.9343410730361938,149,-1.7607461214065552,-2.071667194366455,0.0,-18.562957187499997,150.0
7797,151,1,9664,0.0007,0.05837506055831909,1.2748463153839111,150,-2.0434622764587402,-2.0637545585632324,0.0,-18.562957187499997,150.0
7799,152,1,9728,0.0007,0.5722858309745789,0.6305699944496155,151,0.9384505152702332,-2.0109119415283203,0.0,-18.562957187499997,150.0
7803,153,1,9792,0.0007,0.49515509605407715,0.779033899307251,152,0.52375727891922,-2.0128536224365234,0.0,-18.562957187499997,150.0
7809,154,1,9856,0.0007,0.17752349376678467,0.46597224473953247,153,0.07775828242301941,-2.012406587600708,0.0,-18.562957187499997,150.0
7810,155,1,9920,0.0007,0.22454220056533813,0.24342069029808044,154,-0.4356476962566376,-2.0298593044281006,0.0,-18.562957187499997,150.0
7809,156,1,9984,0.0007,0.02297687530517578,0.6596920490264893,155,-0.8738548755645752,-2.0353035926818848,0.0,-18.562957187499997,150.0
7808,157,1,10048,0.0007,0.06189858913421631,1.3177483081817627,156,-1.0652409791946411,-2.0544605255126953,0.0,-18.562957187499997,150.0
7799,158,1,10112,0.0007,-0.01755356788635254,2.784059524536133,157,-2.2563352584838867,-2.0749194622039795,0.0,-18.562957187499997,150.0
7804,159,1,10176,0.0007,0.006614327430725098,2.569167375564575,158,-2.5381669998168945,-2.1010451316833496,0.0,-18.562957187499997,150.0
7806,160,1,10240,0.0007,0.01149815320968628,1.3145089149475098,159,-1.788780927658081,-2.1139562129974365,0.0,-18.741084352941172,150.0
7812,161,1,10304,0.0007,0.9334900975227356,0.2271767556667328,160,-0.10751932114362717,-2.0754711627960205,0.0,-18.741084352941172,150.0
7815,162,1,10368,0.0007,-0.020250678062438965,0.20844796299934387,161,0.6377876996994019,-2.0746524333953857,0.0,-18.741084352941172,150.0
7818,163,1,10432,0.0007,-0.3219238519668579,0.48194751143455505,162,-0.049961864948272705,-2.0782833099365234,0.0,-18.741084352941172,150.0
7820,164,1,10496,0.0007,0.3817598223686218,1.4443182945251465,163,-1.0539772510528564,-2.092287302017212,0.0,-18.741084352941172,150.0
7824,165,1,10560,0.0007,0.20656925439834595,0.9380046725273132,164,-1.2822563648223877,-2.0911083221435547,0.0,-18.741084352941172,150.0
7829,166,1,10624,0.0007,0.021472513675689697,1.4361534118652344,165,-1.9625933170318604,-2.076237440109253,0.0,-18.741084352941172,150.0
7834,167,1,10688,0.0007,0.0668608546257019,2.464428424835205,166,-1.5039435625076294,-2.091172218322754,0.0,-18.741084352941172,150.0
7840,168,1,10752,0.0007,0.05424076318740845,2.021700859069824,167,-2.1612472534179688,-2.1096441745758057,0.0,-18.741084352941172,150.0
7840,169,1,10816,0.0007,0.03279542922973633,1.7388734817504883,168,-2.011807918548584,-2.1273703575134277,0.0,-19.016298208333335,150.0
7834,170,1,10880,0.0007,0.92791348695755,0.5866742730140686,169,-1.0394858121871948,-2.1203699111938477,0.0,-19.016298208333335,150.0
7836,171,1,10944,0.0007,0.28156018257141113,0.3449751138687134,170,0.11979596316814423,-2.0689964294433594,0.0,-19.016298208333335,150.0
7842,172,1,11008,0.0007,-0.08628201484680176,0.48443418741226196,171,0.3375319838523865,-2.0723764896392822,0.0,-19.016298208333335,150.0
7850,173,1,11072,0.0007,0.2831319570541382,1.8009312152862549,172,0.912600040435791,-2.0811383724212646,0.0,-19.016298208333335,150.0
7857,174,1,11136,0.0007,0.46881431341171265,2.180403709411621,173,-0.6953128576278687,-2.1045665740966797,0.0,-19.016298208333335,150.0
7862,175,1,11200,0.0007,0.5617160797119141,1.313678503036499,174,1.0023038387298584,-2.0808238983154297,0.0,-19.016298208333335,150.0
7867,176,1,11264,0.0007,-0.1289370059967041,1.3826689720153809,175,-0.749994158744812,-2.0882930755615234,0.0,-19.016298208333335,150.0
7869,177,1,11328,0.0007,0.3022080063819885,1.0700031518936157,176,-1.4116041660308838,-2.111356019973755,0.0,-19.016298208333335,150.0
7869,178,1,11392,0.0007,0.15283674001693726,1.2921788692474365,177,-1.8955392837524414,-2.120474100112915,0.0,-19.016298208333335,150.0
7871,179,1,11456,0.0007,0.1052752137184143,1.8966329097747803,178,-2.444221258163452,-2.1127614974975586,0.0,-18.811986197368423,150.0
7869,180,1,11520,0.0007,0.9535772800445557,0.6800186038017273,179,1.3265321254730225,-2.0678486824035645,0.0,-18.811986197368423,150.0
7872,181,1,11584,0.0007,0.19964814186096191,0.666282594203949,180,0.6019463539123535,-2.0504674911499023,0.0,-18.811986197368423,150.0
7868,182,1,11648,0.0007,0.7049758434295654,0.9983370304107666,181,-0.5688883066177368,-2.0540127754211426,0.0,-18.811986197368423,150.0
7864,183,1,11712,0.0007,0.9124429225921631,0.3554438352584839,182,-0.19646334648132324,-2.058190107345581,0.0,-18.811986197368423,150.0
7864,184,1,11776,0.0007,0.7540851831436157,1.8923137187957764,183,0.5540885925292969,-2.058884620666504,0.0,-18.811986197368423,150.0
7849,185,1,11840,0.0007,0.9354882836341858,0.2492111772298813,184,-0.2051967829465866,-2.0373072624206543,0.0,-18.811986197368423,150.0
7832,186,1,11904,0.0007,-1.3205163478851318,3.0069308280944824,185,0.32584887742996216,-2.0317513942718506,0.0,-18.811986197368423,150.0
7823,187,1,11968,0.0007,0.5764728784561157,0.2745174765586853,186,-0.655329704284668,-2.025825262069702,0.0,-18.811986197368423,150.0
7815,188,1,12032,0.0007,-0.6259156465530396,0.6699783205986023,187,-1.0714203119277954,-2.0272645950317383,0.0,-18.3328609625,150.0
7810,189,1,12096,0.0007,0.9762118458747864,0.18285319209098816,188,-0.2911136746406555,-2.0269484519958496,0.0,-18.3328609625,150.0
7795,190,1,12160,0.0007,0.635707437992096,0.46743419766426086,189,-1.0410819053649902,-2.0444138050079346,0.0,-18.3328609625,150.0
7793,191,1,12224,0.0007,-0.24267053604125977,0.6102634072303772,190,0.22613680362701416,-2.053041934967041,0.0,-18.3328609625,150.0
7797,192,1,12288,0.0007,0.07766944169998169,2.635477304458618,191,1.4946266412734985,-2.107273578643799,0.0,-18.3328609625,150.0
7796,193,1,12352,0.0007,0.2886560559272766,0.9471756219863892,192,-0.9951809048652649,-2.0937647819519043,0.0,-18.3328609625,150.0
7800,194,1,12416,0.0007,0.08017140626907349,0.8310080170631409,193,-0.20771723985671997,-2.099419116973877,0.0,-18.3328609625,150.0
7802,195,1,12480,0.0007,-0.02833569049835205,0.24921511113643646,194,-0.590984582901001,-2.0978145599365234,0.0,-18.3328609625,150.0
7802,196,1,12544,0.0007,-0.022824645042419434,0.5239241123199463,195,-1.1960097551345825,-2.0874035358428955,0.0,-18.3328609625,150.0
7797,197,1,12608,0.0007,-0.02021348476409912,1.3301126956939697,196,-1.9428755044937134,-2.1002330780029297,0.0,-18.42739507142857,150.0
7802,198,1,12672,0.0007,0.8560177683830261,1.3587666749954224,197,-1.8920373916625977,-2.1037697792053223,0.0,-18.42739507142857,150.0
7807,199,1,12736,0.0007,0.3332597613334656,0.5321313738822937,198,-0.5894961357116699,-2.0690650939941406,0.0,-18.42739507142857,150.0
7810,200,1,12800,0.0007,0.6106300354003906,0.4381330907344818,199,-0.08109791576862335,-2.067934036254883,0.0,-18.42739507142857,150.0
7813,201,1,12864,0.0007,0.6660995483398438,0.9069380760192871,200,0.8594158291816711,-2.102242946624756,0.0,-18.42739507142857,150.0
7814,202,1,12928,0.0007,0.6102670431137085,0.22939808666706085,201,-0.5234313607215881,-2.107785701751709,0.0,-18.42739507142857,150.0
7810,203,1,12992,0.0007,0.28701233863830566,0.3279012143611908,202,-0.7380135655403137,-2.124506711959839,0.0,-18.42739507142857,150.0
7811,204,1,13056,0.0007,0.053618788719177246,0.9733690023422241,203,-1.472465991973877,-2.1418049335479736,0.0,-18.42739507142857,150.0
7810,205,1,13120,0.0007,0.0037854909896850586,1.7872666120529175,204,-2.382122039794922,-2.1562933921813965,0.0,-18.42739507142857,150.0
7810,206,1,13184,0.0007,0.0012944340705871582,2.743178367614746,205,-2.9489786624908447,-2.1604909896850586,0.0,-18.42739507142857,150.0
7809,207,1,13248,0.0007,0.001649022102355957,2.868833065032959,206,-3.0406007766723633,-2.161644458770752,0.0,-18.746364238636364,150.0
7814,208,1,13312,0.0007,0.9578593969345093,0.1569744050502777,207,-0.40801316499710083,-2.1032447814941406,0.0,-18.746364238636364,150.0
7817,209,1,13376,0.0007,0.6881531476974487,0.16374221444129944,208,0.18719244003295898,-2.0969033241271973,0.0,-18.746364238636364,150.0
7819,210,1,13440,0.0007,0.15692144632339478,0.906780481338501,209,0.6146363019943237,-2.084196090698242,0.0,-18.746364238636364,150.0
7822,211,1,13504,0.0007,-0.057875990867614746,0.7583044767379761,210,0.05465226620435715,-2.088693141937256,0.0,-18.746364238636364,150.0
7825,212,1,13568,0.0007,-0.024838685989379883,0.5474100112915039,211,0.6453604698181152,-2.068948984146118,0.0,-18.746364238636364,150.0
7829,213,1,13632,0.0007,-0.030380606651306152,0.9904849529266357,212,-1.4752402305603027,-2.0889644622802734,0.0,-18.746364238636364,150.0
7828,214,1,13696,0.0007,-0.031832098960876465,1.6895169019699097,213,-2.0263168811798096,-2.0891668796539307,0.0,-18.746364238636364,150.0
7823,215,1,13760,0.0007,0.0008029937744140625,0.9986491799354553,214,-1.573408842086792,-2.0965163707733154,0.0,-18.746364238636364,150.0
7810,216,1,13824,0.0007,0.007944762706756592,0.8671823740005493,215,-1.5534042119979858,-2.123070240020752,0.0,-18.840847880434783,150.0
7802,217,1,13888,0.0007,0.9612637758255005,0.28584450483322144,216,-0.6080887317657471,-2.1150131225585938,0.0,-18.840847880434783,150.0
7796,218,1,13952,0.0007,0.704441487789154,0.49381428956985474,217,0.34763815999031067,-2.0564582347869873,0.0,-18.840847880434783,150.0
7784,219,1,14016,0.0007,0.6152034401893616,2.8330798149108887,218,1.587542176246643,-2.0692403316497803,0.0,-18.840847880434783,150.0
7767,220,1,14080,0.0007,0.9494194984436035,0.3214821219444275,219,-0.5505051016807556,-2.0754809379577637,0.0,-18.840847880434783,150.0
7764,221,1,14144,0.0007,0.6173512935638428,1.3916568756103516,220,0.8846731781959534,-2.085387945175171,0.0,-18.840847880434783,150.0
7764,222,1,14208,0.0007,0.7632786631584167,0.4751889109611511,221,-0.22221937775611877,-2.0850648880004883,0.0,-18.840847880434783,150.0
7764,223,1,14272,0.0007,0.8122692704200745,0.3081546127796173,222,-0.4910121560096741,-2.0833325386047363,0.0,-18.840847880434783,150.0
7765,224,1,14336,0.0007,0.7452856302261353,0.530022382736206,223,-1.0986531972885132,-2.0956807136535645,0.0,-18.840847880434783,150.0
7763,225,1,14400,0.0007,0.5204626321792603,1.2632434368133545,224,-1.5746326446533203,-2.0946977138519287,0.010416666666666666,-18.597893343750002,150.0
7764,226,1,14464,0.0007,0.2143489122390747,6.403670310974121,225,0.8449220657348633,-2.1056265830993652,0.010416666666666666,-18.597893343750002,150.0
7768,227,1,14528,0.0007,0.37361347675323486,0.5682902932167053,226,-0.8298433423042297,-2.0695056915283203,0.010416666666666666,-18.597893343750002,150.0
7772,228,1,14592,0.0007,0.27826863527297974,0.3588154911994934,227,0.5281870365142822,-2.0687527656555176,0.010416666666666666,-18.597893343750002,150.0
7777,229,1,14656,0.0007,0.6081724166870117,0.23627935349941254,228,0.23272806406021118,-2.0583043098449707,0.010416666666666666,-18.597893343750002,150.0
7781,230,1,14720,0.0007,0.3647790551185608,0.9231554269790649,229,-0.9294028282165527,-2.0371265411376953,0.010416666666666666,-18.597893343750002,150.0
7783,231,1,14784,0.0007,0.13826268911361694,1.0511521100997925,230,0.49872976541519165,-2.036895751953125,0.010416666666666666,-18.597893343750002,150.0
7782,232,1,14848,0.0007,0.05849158763885498,1.0647155046463013,231,-1.5737738609313965,-2.0180702209472656,0.010416666666666666,-18.597893343750002,150.0
7779,233,1,14912,0.0007,-0.022818922996520996,2.0291473865509033,232,-2.6543805599212646,-2.016380548477173,0.010416666666666666,-18.597893343750002,150.0
7779,234,1,14976,0.0007,-0.01381063461303711,2.0773496627807617,233,-2.4782755374908447,-2.0163307189941406,0.010416666666666666,-18.597893343750002,150.0
7778,235,1,15040,0.0007,-0.023000717163085938,3.334956645965576,234,-3.2691538333892822,-2.0371921062469482,0.01,-18.702349560000002,150.0
7781,236,1,15104,0.0007,0.9774799346923828,0.47593021392822266,235,-1.0592870712280273,-2.0144906044006348,0.01,-18.702349560000002,150.0
7784,237,1,15168,0.0007,0.8103768229484558,0.7436940670013428,236,-0.10914572328329086,-1.986540675163269,0.01,-18.702349560000002,150.0
7787,238,1,15232,0.0007,0.9516581892967224,0.35638049244880676,237,-0.656720757484436,-1.9935858249664307,0.01,-18.702349560000002,150.0
7790,239,1,15296,0.0007,0.8020155429840088,1.038825511932373,238,0.05812515318393707,-2.023991823196411,0.01,-18.702349560000002,150.0
7795,240,1,15360,0.0007,0.8759048581123352,1.1132036447525024,239,-1.0767898559570312,-2.027488946914673,0.01,-18.702349560000002,150.0
7798,241,1,15424,0.0007,0.8402074575424194,1.2616360187530518,240,-1.4211316108703613,-2.077953577041626,0.01,-18.702349560000002,150.0
7801,242,1,15488,0.0007,0.8274637460708618,1.330530047416687,241,-1.9558181762695312,-2.121016502380371,0.01,-18.702349560000002,150.0
7805,243,1,15552,0.0007,0.569440484046936,1.2252748012542725,242,-1.9611217975616455,-2.1396684646606445,0.01,-18.702349560000002,150.0
7805,244,2,15616,0.0007,0.3469421863555908,1.4238884449005127,243,-2.092308282852173,-2.155776262283325,0.01,-18.89046155,150.0
7805,245,2,15680,0.0007,0.9758820533752441,0.40359047055244446,244,-1.0057910680770874,-2.1447763442993164,0.01,-18.89046155,150.0
7809,246,2,15744,0.0007,0.2554541230201721,0.42848920822143555,245,-0.985338568687439,-2.073657274246216,0.01,-18.89046155,150.0
7813,247,2,15808,0.0007,0.32036954164505005,0.06664588302373886,246,-0.1287674903869629,-2.0789992809295654,0.01,-18.89046155,150.0
7816,248,2,15872,0.0007,0.36593079566955566,0.1296437382698059,247,0.03196233510971069,-2.0741145610809326,0.01,-18.89046155,150.0
7820,249,2,15936,0.0007,0.2358531355857849,2.225294351577759,248,1.7735952138900757,-2.114469051361084,0.01,-18.89046155,150.0
7823,250,2,16000,0.0007,0.3026302456855774,1.5590238571166992,249,0.7996516823768616,-2.1120734214782715,0.01,-18.89046155,150.0
7826,251,2,16064,0.0007,-0.03825390338897705,0.9940803647041321,250,0.48461735248565674,-2.1189606189727783,0.01,-18.89046155,150.0
7830,252,2,16128,0.0007,-0.0103684663772583,0.9293346405029297,251,-0.31743180751800537,-2.1410489082336426,0.01,-18.89046155,150.0
7828,253,2,16192,0.0007,0.03337007761001587,0.31997379660606384,252,-0.7389545440673828,-2.061837911605835,0.01,-18.89046155,150.0
7829,254,2,16256,0.0007,0.0371173620223999,1.1483078002929688,253,-1.5746210813522339,-2.0797791481018066,0.01,-18.84528741,150.0
7831,255,2,16320,0.0007,0.86159747838974,0.7461311221122742,254,1.0681748390197754,-2.0394997596740723,0.01,-18.84528741,150.0
7835,256,2,16384,0.0007,0.5690357089042664,0.9254679679870605,255,0.4999513328075409,-2.0398664474487305,0.01,-18.84528741,150.0
7840,257,2,16448,0.0007,0.7108334898948669,0.9544142484664917,256,1.1093273162841797,-2.0466649532318115,0.01,-18.84528741,150.0
7844,258,2,16512,0.0007,0.8886579871177673,0.4023894667625427,257,-0.7153486609458923,-2.059765338897705,0.01,-18.84528741,150.0
7847,259,2,16576,0.0007,0.1617051362991333,3.394463539123535,258,0.7017310261726379,-2.073214530944824,0.01,-18.84528741,150.0
7852,260,2,16640,0.0007,0.4929587244987488,1.4753608703613281,259,-1.6291122436523438,-2.0512492656707764,0.01,-18.84528741,150.0
7857,261,2,16704,0.0007,-0.07314467430114746,1.2362260818481445,260,-2.0954413414001465,-2.080735206604004,0.01,-18.84528741,150.0
7862,262,2,16768,0.0007,-0.039426326751708984,0.9050003290176392,261,-1.843131422996521,-2.090606451034546,0.01,-18.84528741,150.0
7865,263,2,16832,0.0007,-0.012701272964477539,0.6245646476745605,262,-1.3120664358139038,-2.0959362983703613,0.01,-19.07134006,150.0
7869,264,2,16896,0.0007,0.989296555519104,0.1714586317539215,263,-0.39953377842903137,-2.055048942565918,0.01,-19.07134006,150.0
7873,265,2,16960,0.0007,0.07808053493499756,1.8344571590423584,264,-0.22789983451366425,-2.0327091217041016,0.01,-19.07134006,150.0
7878,266,2,17024,0.0007,0.3955051898956299,2.4834861755371094,265,0.8912465572357178,-2.034519672393799,0.01,-19.07134006,150.0
7884,267,2,17088,0.0007,-0.03295397758483887,0.9471791982650757,266,0.23584029078483582,-2.03732967376709,0.01,-19.07134006,150.0
7890,268,2,17152,0.0007,0.3505815863609314,1.7613441944122314,267,0.5145648121833801,-2.024982452392578,0.01,-19.07134006,150.0
7895,269,2,17216,0.0007,0.6406395435333252,0.7307295799255371,268,-1.3310422897338867,-2.03832745552063,0.01,-19.07134006,150.0
7901,270,2,17280,0.0007,-0.01245129108428955,1.0477771759033203,269,-1.8922642469406128,-2.0464181900024414,0.01,-19.07134006,150.0
7907,271,2,17344,0.0007,0.08183598518371582,1.7985073328018188,270,-2.0334978103637695,-2.0372073650360107,0.01,-19.07134006,150.0
7911,272,2,17408,0.0007,0.029553234577178955,1.457411766052246,271,-2.0264272689819336,-2.071538209915161,0.01,-19.29479401,150.0
7916,273,2,17472,0.0007,0.9533735513687134,0.7829878926277161,272,-1.4956998825073242,-2.0819082260131836,0.01,-19.29479401,150.0
7919,274,2,17536,0.0007,0.7438004612922668,0.36778658628463745,273,-0.5376273393630981,-1.9851043224334717,0.01,-19.29479401,150.0
7921,275,2,17600,0.0007,0.29568368196487427,0.9408257007598877,274,0.5442509651184082,-1.9839848279953003,0.01,-19.29479401,150.0
7924,276,2,17664,0.0007,0.6713213324546814,1.0005011558532715,275,0.7710855603218079,-2.00400710105896,0.01,-19.29479401,150.0
7927,277,2,17728,0.0007,0.16904038190841675,1.0928786993026733,276,1.005792260169983,-2.023854970932007,0.01,-19.29479401,150.0
7930,278,2,17792,0.0007,0.8886027336120605,0.29720181226730347,277,-0.08248348534107208,-2.039547920227051,0.01,-19.29479401,150.0
7933,279,2,17856,0.0007,0.929000198841095,0.4150833487510681,278,-0.8420361876487732,-2.049194812774658,0.01,-19.29479401,150.0
7936,280,2,17920,0.0007,0.8605420589447021,0.6391268968582153,279,-0.8009958863258362,-2.049121379852295,0.01,-19.29479401,150.0
7941,281,2,17984,0.0007,0.7696292400360107,0.8775776624679565,280,-1.1993871927261353,-2.070934295654297,0.01,-19.29479401,150.0
7942,282,2,18048,0.0007,-0.04854440689086914,1.114767074584961,281,-1.4424819946289062,-2.088653564453125,0.01,-19.051913570000004,150.0
7947,283,2,18112,0.0007,0.9795708060264587,0.3468214273452759,282,-0.7026168704032898,-2.0187013149261475,0.01,-19.051913570000004,150.0
7946,284,2,18176,0.0007,0.4778749942779541,0.9290252923965454,283,0.11498149484395981,-2.0046942234039307,0.01,-19.051913570000004,150.0
7945,285,2,18240,0.0007,0.8286551237106323,0.2791489362716675,284,-0.6541664600372314,-2.0104856491088867,0.01,-19.051913570000004,150.0
7948,286,2,18304,0.0007,-0.5439940690994263,1.5880135297775269,285,0.29020804166793823,-2.031038284301758,0.01,-19.051913570000004,150.0
7952,287,2,18368,0.0007,0.007006227970123291,1.2475504875183105,286,-0.030774056911468506,-2.0578036308288574,0.01,-19.051913570000004,150.0
7957,288,2,18432,0.0007,0.006695210933685303,1.3468871116638184,287,-1.8239567279815674,-2.0197558403015137,0.01,-19.051913570000004,150.0
7962,289,2,18496,0.0007,0.005937039852142334,1.8731929063796997,288,-2.272698163986206,-2.0374701023101807,0.01,-19.051913570000004,150.0
7966,290,2,18560,0.0007,-0.0003732442855834961,2.5323290824890137,289,-2.7848458290100098,-2.0574188232421875,0.01,-19.051913570000004,150.0
7968,291,2,18624,0.0007,0.0009704232215881348,1.6539607048034668,290,-2.314929962158203,-2.0768299102783203,0.01,-19.29098922,150.0
7970,292,2,18688,0.0007,0.9697880148887634,0.4555264115333557,291,-0.9450109004974365,-2.0517992973327637,0.01,-19.29098922,150.0
7973,293,2,18752,0.0007,0.3451824188232422,0.9616007804870605,292,0.1325560212135315,-1.9789574146270752,0.01,-19.29098922,150.0
7976,294,2,18816,0.0007,0.691837728023529,0.37202757596969604,293,-0.8549248576164246,-1.994144082069397,0.01,-19.29098922,150.0
7977,295,2,18880,0.0007,0.551715612411499,0.1680023968219757,294,-0.6881023049354553,-2.005295753479004,0.01,-19.29098922,150.0
7979,296,2,18944,0.0007,0.15730130672454834,0.42380648851394653,295,0.022785954177379608,-2.018007278442383,0.01,-19.29098922,150.0
7976,297,2,19008,0.0007,0.013893365859985352,1.5458513498306274,296,0.6204342842102051,-2.024019718170166,0.01,-19.29098922,150.0
7980,298,2,19072,0.0007,0.038090646266937256,0.5395174026489258,297,-0.4072480797767639,-2.025806427001953,0.01,-19.29098922,150.0
7981,299,2,19136,0.0007,0.032974421977996826,1.9175360202789307,298,-1.8800163269042969,-2.0286598205566406,0.01,-19.29098922,150.0
7980,300,2,19200,0.0007,0.014744937419891357,2.1374006271362305,299,-2.2458176612854004,-2.063836097717285,0.01,-19.31497629,150.0
7982,301,2,19264,0.0007,0.00841742753982544,1.997084140777588,300,-2.4738309383392334,-2.103060007095337,0.01,-19.31497629,150.0
7985,302,2,19328,0.0007,0.742664098739624,0.31528133153915405,301,0.24506473541259766,-1.9786901473999023,0.01,-19.31497629,150.0
7986,303,2,19392,0.0007,0.49566102027893066,2.975700855255127,302,1.9268085956573486,-1.9923499822616577,0.01,-19.31497629,150.0
7990,304,2,19456,0.0007,0.8494267463684082,0.3925049901008606,303,-0.24768784642219543,-2.0036773681640625,0.01,-19.31497629,150.0
7990,305,2,19520,0.0007,0.9200809597969055,0.25152987241744995,304,-0.6866032481193542,-2.0000553131103516,0.01,-19.31497629,150.0
7993,306,2,19584,0.0007,0.41449683904647827,0.8032793402671814,305,-0.5649891495704651,-2.0224409103393555,0.01,-19.31497629,150.0
7995,307,2,19648,0.0007,0.5414223670959473,0.6558619737625122,306,-1.3091096878051758,-2.011402130126953,0.01,-19.31497629,150.0
7997,308,2,19712,0.0007,-0.23547828197479248,0.8476303815841675,307,-1.6267735958099365,-2.0170068740844727,0.01,-19.31497629,150.0
8000,309,2,19776,0.0007,-0.13851869106292725,0.9898198246955872,308,-1.6617074012756348,-2.0311362743377686,0.01,-19.31497629,150.0
8001,310,2,19840,0.0007,-0.03362774848937988,1.9953675270080566,309,-2.2842607498168945,-2.0480456352233887,0.01,-19.510728810000003,150.0
8005,311,2,19904,0.0007,0.9456863403320312,0.4903312921524048,310,-0.5123535990715027,-2.0095934867858887,0.01,-19.510728810000003,150.0
8008,312,2,19968,0.0007,0.6077567338943481,2.720691204071045,311,2.2462098598480225,-1.9906513690948486,0.01,-19.510728810000003,150.0
8012,313,2,20032,0.0007,0.5561318397521973,0.9483104348182678,312,0.5884906053543091,-1.9919534921646118,0.01,-19.510728810000003,150.0
8016,314,2,20096,0.0007,0.34700673818588257,3.835052013397217,313,0.6149483919143677,-1.9938771724700928,0.01,-19.510728810000003,150.0
8019,315,2,20160,0.0007,0.8243945240974426,0.4537295699119568,314,-0.6809251308441162,-2.002492666244507,0.01,-19.510728810000003,150.0
8024,316,2,20224,0.0007,0.09017711877822876,0.6702638864517212,315,-1.2452452182769775,-2.0063276290893555,0.01,-19.510728810000003,150.0
8019,317,2,20288,0.0007,0.05359715223312378,1.8574068546295166,316,-2.105456590652466,-2.0238916873931885,0.01,-19.510728810000003,150.0
8021,318,2,20352,0.0007,-0.0025833845138549805,2.583181619644165,317,-2.79780650138855,-2.051345109939575,0.01,-19.510728810000003,150.0
8024,319,2,20416,0.0007,-0.012071013450622559,1.7516562938690186,318,-2.136979103088379,-2.071564197540283,0.01,-19.884941930000004,150.0
8028,320,2,20480,0.0007,0.9626421928405762,0.7329643368721008,319,-1.2097581624984741,-2.054176092147827,0.01,-19.884941930000004,150.0
8031,321,2,20544,0.0007,0.7356358766555786,0.2443161904811859,320,0.23940260708332062,-1.969767451286316,0.01,-19.884941930000004,150.0
8035,322,2,20608,0.0007,0.8451150059700012,0.20048820972442627,321,0.01886335015296936,-1.9673330783843994,0.01,-19.884941930000004,150.0
8039,323,2,20672,0.0007,0.9038934111595154,0.17631025612354279,322,-0.5074285268783569,-1.994132161140442,0.01,-19.884941930000004,150.0
8039,324,2,20736,0.0007,0.18375641107559204,0.18219853937625885,323,-0.30189019441604614,-1.9995746612548828,0.01,-19.884941930000004,150.0
8033,325,2,20800,0.0007,0.186689555644989,0.2700788378715515,324,-0.6380586624145508,-2.015190839767456,0.01,-19.884941930000004,150.0
8026,326,2,20864,0.0007,-0.004857182502746582,1.2275902032852173,325,-1.5422471761703491,-2.025134563446045,0.01,-19.884941930000004,150.0
8019,327,2,20928,0.0007,0.005581378936767578,1.0548595190048218,326,-1.744197130203247,-2.039909601211548,0.01,-19.884941930000004,150.0
8019,328,2,20992,0.0007,-0.0030689239501953125,0.7921501398086548,327,-1.4976727962493896,-2.054053783416748,0.01,-19.884941930000004,150.0
8018,329,2,21056,0.0007,0.007608294486999512,0.6397981643676758,328,-0.9076591730117798,-2.0793709754943848,0.01,-20.07145619,150.0
8017,330,2,21120,0.0007,0.9352440237998962,0.2539113163948059,329,-0.2840818762779236,-2.010115146636963,0.01,-20.07145619,150.0
8020,331,2,21184,0.0007,-0.21648359298706055,2.965472459793091,330,2.0114662647247314,-1.9893311262130737,0.01,-20.07145619,150.0
8022,332,2,21248,0.0007,0.14902949333190918,3.442819595336914,331,1.3190968036651611,-2.003211498260498,0.01,-20.07145619,150.0
8023,333,2,21312,0.0007,0.11632043123245239,5.1205549240112305,332,2.2209537029266357,-2.0034289360046387,0.01,-20.07145619,150.0
8026,334,2,21376,0.0007,0.2875043749809265,1.2216465473175049,333,0.4580056965351105,-1.9997670650482178,0.01,-20.07145619,150.0
8028,335,2,21440,0.0007,0.2318265438079834,0.5599735975265503,334,-1.0066052675247192,-1.9964349269866943,0.01,-20.07145619,150.0
8029,336,2,21504,0.0007,0.195201575756073,0.9835834503173828,335,-1.4095617532730103,-1.9970184564590454,0.01,-20.07145619,150.0
8032,337,2,21568,0.0007,0.11463797092437744,1.524235725402832,336,-1.9169495105743408,-2.0090410709381104,0.01,-20.07145619,150.0
8033,338,2,21632,0.0007,0.11695915460586548,1.316211462020874,337,-1.7878905534744263,-2.0325875282287598,0.01,-20.007351760000002,150.0
8036,339,2,21696,0.0007,0.9915053844451904,0.18543606996536255,338,-0.5336821675300598,-2.004734754562378,0.01,-20.007351760000002,150.0
8039,340,2,21760,0.0007,0.46950167417526245,0.3520919382572174,339,-0.3907814025878906,-1.9773794412612915,0.01,-20.007351760000002,150.0
8042,341,2,21824,0.0007,0.6135221719741821,0.2733137011528015,340,0.7388420104980469,-1.990328311920166,0.01,-20.007351760000002,150.0
8046,342,2,21888,0.0007,0.11459559202194214,0.5639584064483643,341,0.1398015171289444,-2.006167411804199,0.01,-20.007351760000002,150.0
8047,343,2,21952,0.0007,0.3945537805557251,0.7311348915100098,342,-0.18505731225013733,-1.9896297454833984,0.01,-20.007351760000002,150.0
8051,344,2,22016,0.0007,-0.12646162509918213,1.5630733966827393,343,-2.2155508995056152,-2.0117034912109375,0.01,-20.007351760000002,150.0
8054,345,2,22080,0.0007,0.03255218267440796,2.316688060760498,344,-2.348489284515381,-2.0126142501831055,0.01,-20.007351760000002,150.0
8058,346,2,22144,0.0007,0.05177426338195801,1.6790411472320557,345,-1.9855389595031738,-2.0352814197540283,0.01,-20.007351760000002,150.0
8060,347,2,22208,0.0007,0.04497790336608887,1.0355446338653564,346,-1.4481089115142822,-2.0653271675109863,0.01,-20.314916729999997,150.0
8063,348,2,22272,0.0007,0.9514940977096558,0.5672410726547241,347,-1.0850664377212524,-2.081692695617676,0.01,-20.314916729999997,150.0
8067,349,2,22336,0.0007,0.3951866030693054,0.7175777554512024,348,0.7942235469818115,-1.9419631958007812,0.01,-20.314916729999997,150.0
8070,350,2,22400,0.0007,0.6416345834732056,1.5327709913253784,349,-1.637717843055725,-1.948504090309143,0.01,-20.314916729999997,150.0
8069,351,2,22464,0.0007,0.835771381855011,0.21676993370056152,350,-0.08349556475877762,-1.9622297286987305,0.01,-20.314916729999997,150.0
8071,352,2,22528,0.0007,0.8483682870864868,0.23843348026275635,351,0.1672419309616089,-1.961363434791565,0.01,-20.314916729999997,150.0
8072,353,2,22592,0.0007,0.7052105665206909,0.5589070320129395,352,-0.37502747774124146,-1.9625017642974854,0.01,-20.314916729999997,150.0
8075,354,2,22656,0.0007,0.6763173341751099,0.4906982481479645,353,-1.0516003370285034,-1.988067865371704,0.01,-20.314916729999997,150.0
8076,355,2,22720,0.0007,0.20553725957870483,0.8084378242492676,354,-1.4103723764419556,-2.0109527111053467,0.01,-20.314916729999997,150.0
8079,356,2,22784,0.0007,-0.1448754072189331,0.906083345413208,355,-1.4974888563156128,-2.0594377517700195,0.01,-20.314916729999997,150.0
8081,357,2,22848,0.0007,-0.054361581802368164,0.8578959703445435,356,-1.6011161804199219,-2.094961404800415,0.01,-20.4430083,150.0
8083,358,2,22912,0.0007,0.9917177557945251,0.1082146018743515,357,-0.3342125415802002,-1.9828112125396729,0.01,-20.4430083,150.0
8086,359,2,22976,0.0007,0.7010961771011353,1.03410804271698,358,1.2010133266448975,-1.9356662034988403,0.01,-20.4430083,150.0
8089,360,2,23040,0.0007,0.8961513042449951,0.6649945974349976,359,-0.9962760806083679,-1.9408764839172363,0.01,-20.4430083,150.0
8093,361,2,23104,0.0007,0.945746123790741,0.6924151182174683,360,1.384702444076538,-1.9454491138458252,0.01,-20.4430083,150.0
8096,362,2,23168,0.0007,0.9604708552360535,0.23046250641345978,361,0.4427563548088074,-1.9626117944717407,0.01,-20.4430083,150.0
8099,363,2,23232,0.0007,0.8177567720413208,0.5733665823936462,362,-0.6560546159744263,-1.9899463653564453,0.01,-20.4430083,150.0
8103,364,2,23296,0.0007,0.8230318427085876,0.154224693775177,363,-0.3928743600845337,-1.99616277217865,0.01,-20.4430083,150.0
8105,365,2,23360,0.0007,0.3532535433769226,0.33991938829421997,364,-0.8879547715187073,-2.026426315307617,0.01,-20.4430083,150.0
8107,366,2,23424,0.0007,-0.014456629753112793,1.3478556871414185,365,-1.7471404075622559,-2.0541086196899414,0.01,-20.29775138,150.0
8107,367,2,23488,0.0007,0.9722790718078613,0.4625871777534485,366,-0.6584997177124023,-2.042557716369629,0.01,-20.29775138,150.0
8110,368,2,23552,0.0007,0.5370799899101257,0.37118276953697205,367,0.37624284625053406,-1.965333342552185,0.01,-20.29775138,150.0
8111,369,2,23616,0.0007,0.3095688223838806,2.524906635284424,368,0.6466823816299438,-1.9802122116088867,0.01,-20.29775138,150.0
8113,370,2,23680,0.0007,0.8516128659248352,0.4670080542564392,369,-0.8423964977264404,-1.9940905570983887,0.01,-20.29775138,150.0
8116,371,2,23744,0.0007,-1.9751760959625244,0.5552875995635986,370,-0.6765134334564209,-2.0194945335388184,0.01,-20.29775138,150.0
8118,372,2,23808,0.0007,0.01244431734085083,0.4490099251270294,371,-0.6361222267150879,-2.029330253601074,0.01,-20.29775138,150.0
8121,373,2,23872,0.0007,-0.0254058837890625,1.0084865093231201,372,-1.882491111755371,-2.046792984008789,0.01,-20.29775138,150.0
8124,374,2,23936,0.0007,-0.016569137573242188,1.8415493965148926,373,-1.706472635269165,-2.064593553543091,0.01,-20.29775138,150.0
8127,375,2,24000,0.0007,-0.002306342124938965,1.016107439994812,374,-1.7593823671340942,-2.138117551803589,0.01,-20.5680392,150.0
8130,376,2,24064,0.0007,0.0023160576820373535,0.7454409003257751,375,-1.4734230041503906,-2.1614320278167725,0.01,-20.5680392,150.0
8133,377,2,24128,0.0007,0.42953306436538696,1.0379616022109985,376,1.3517476320266724,-2.005890369415283,0.01,-20.5680392,150.0
8136,378,2,24192,0.0007,0.8844830989837646,0.1551029533147812,377,-0.06801275163888931,-2.0105605125427246,0.01,-20.5680392,150.0
8139,379,2,24256,0.0007,0.4350820779800415,2.215144634246826,378,-0.19372399151325226,-2.006680965423584,0.01,-20.5680392,150.0
8142,380,2,24320,0.0007,0.49677950143814087,1.2727864980697632,379,1.3577861785888672,-1.9974088668823242,0.01,-20.5680392,150.0
8145,381,2,24384,0.0007,0.8401259183883667,0.3346095681190491,380,-0.16510707139968872,-2.0051109790802,0.01,-20.5680392,150.0
8146,382,3,24448,0.0007,0.872776448726654,0.337512731552124,381,-0.9552011489868164,-2.0508151054382324,0.01,-20.5680392,150.0
8149,383,3,24512,0.0007,0.1188352108001709,0.6721525192260742,382,-1.2552311420440674,-2.067380428314209,0.01,-20.5680392,150.0
8149,384,3,24576,0.0007,-0.031549930572509766,1.4508342742919922,383,-1.506119966506958,-2.101146697998047,0.01,-20.5680392,150.0
8150,385,3,24640,0.0007,-0.004717230796813965,1.278796911239624,384,-1.7219011783599854,-2.1234123706817627,0.01,-20.59784976,150.0
8145,386,3,24704,0.0007,0.9516274929046631,0.6860551238059998,385,-0.5427266359329224,-2.049377202987671,0.01,-20.59784976,150.0
8146,387,3,24768,0.0007,0.6932793855667114,1.2543118000030518,386,-0.19786348938941956,-2.0185654163360596,0.01,-20.59784976,150.0
8148,388,3,24832,0.0007,0.39961618185043335,2.672654390335083,387,2.4641220569610596,-2.0287716388702393,0.01,-20.59784976,150.0
8150,389,3,24896,0.0007,0.8206385970115662,0.3653004765510559,388,0.13781359791755676,-2.050318479537964,0.01,-20.59784976,150.0
8152,390,3,24960,0.0007,0.8734759092330933,0.17090310156345367,389,-0.45451033115386963,-2.0440940856933594,0.01,-20.59784976,150.0
8127,391,3,25024,0.0007,0.26958173513412476,0.2572415769100189,390,-0.03213013708591461,-2.07081937789917,0.01,-20.59784976,150.0
8129,392,3,25088,0.0007,-0.05641293525695801,0.2804775834083557,391,-0.6977255940437317,-2.1101369857788086,0.01,-20.59784976,150.0
8128,393,3,25152,0.0007,-0.014120101928710938,0.30675598978996277,392,-0.9315828084945679,-2.127655267715454,0.01,-20.59784976,150.0
8124,394,3,25216,0.0007,-0.02434253692626953,0.842172384262085,393,-1.616809368133545,-2.144556999206543,0.01,-20.59996324,150.0
8121,395,3,25280,0.0007,0.9806886315345764,0.44489166140556335,394,-0.8732892870903015,-2.1314992904663086,0.01,-20.59996324,150.0
8118,396,3,25344,0.0007,0.6309365034103394,1.7180887460708618,395,-0.10586810111999512,-2.0131306648254395,0.01,-20.59996324,150.0
8110,397,3,25408,0.0007,0.9490411281585693,0.357915997505188,396,0.7231742143630981,-2.052997589111328,0.01,-20.59996324,150.0
8107,398,3,25472,0.0007,0.8984435796737671,0.5070849657058716,397,-0.5460667014122009,-2.0646605491638184,0.01,-20.59996324,150.0
8107,399,3,25536,0.0007,0.803763747215271,0.2573603391647339,398,-0.3202199935913086,-2.07832670211792,0.01,-20.59996324,150.0
8105,400,3,25600,0.0007,0.01828145980834961,0.499198853969574,399,-0.29495689272880554,-2.122436285018921,0.01,-20.59996324,150.0
8105,401,3,25664,0.0007,0.18952959775924683,0.5686799883842468,400,-1.2285354137420654,-2.1709930896759033,0.01,-20.59996324,150.0
8106,402,3,25728,0.0007,0.10292202234268188,0.7536817789077759,401,-1.1336338520050049,-2.1763949394226074,0.01,-20.59996324,150.0
8107,403,3,25792,0.0007,0.09581619501113892,0.3669664263725281,402,-0.05976971983909607,-2.17622709274292,0.01,-20.59996324,150.0
8108,404,3,25856,0.0007,-0.061000704765319824,0.09508081525564194,403,-0.33335015177726746,-2.1831183433532715,0.01,-20.502950699999996,150.0
8111,405,3,25920,0.0007,0.9108360409736633,0.4850306212902069,404,-0.6176984310150146,-2.0930681228637695,0.01,-20.502950699999996,150.0
8114,406,3,25984,0.0007,0.44643330574035645,0.9521003365516663,405,0.37728452682495117,-2.090423583984375,0.01,-20.502950699999996,150.0
8117,407,3,26048,0.0007,0.4861573576927185,0.5125040411949158,406,-0.6074985265731812,-2.096303939819336,0.01,-20.502950699999996,150.0
8119,408,3,26112,0.0007,0.3136010766029358,2.022130250930786,407,1.2954612970352173,-2.1225829124450684,0.01,-20.502950699999996,150.0
8121,409,3,26176,0.0007,0.16405457258224487,4.533292293548584,408,1.6473619937896729,-2.1374568939208984,0.01,-20.502950699999996,150.0
8122,410,3,26240,0.0007,0.4232550859451294,0.6638115644454956,409,0.39010924100875854,-2.14609956741333,0.01,-20.502950699999996,150.0
8124,411,3,26304,0.0007,0.28593170642852783,0.25367459654808044,410,0.05872580036520958,-2.146327495574951,0.01,-20.502950699999996,150.0
8126,412,3,26368,0.0007,0.0844072699546814,0.27432143688201904,411,-0.0983792319893837,-2.1375603675842285,0.01,-20.502950699999996,150.0
8127,413,3,26432,0.0007,-0.04334080219268799,0.29704394936561584,412,-0.1664298176765442,-2.14227294921875,0.01,-20.62032405,150.0
8129,414,3,26496,0.0007,0.9871083498001099,0.21964377164840698,413,0.3688991069793701,-2.111154556274414,0.01,-20.62032405,150.0
8132,415,3,26560,0.0007,0.671284019947052,0.5133901834487915,414,-0.6248345971107483,-2.081080913543701,0.01,-20.62032405,150.0
8135,416,3,26624,0.0007,0.7354779243469238,0.75128173828125,415,1.3331561088562012,-2.0946905612945557,0.01,-20.62032405,150.0
8135,417,3,26688,0.0007,0.6484240293502808,0.4411884844303131,416,-0.7993341684341431,-2.1100051403045654,0.01,-20.62032405,150.0
8135,418,3,26752,0.0007,0.42465174198150635,0.5379617214202881,417,0.9051626920700073,-2.116868734359741,0.01,-20.62032405,150.0
8137,419,3,26816,0.0007,-2.347322702407837,0.07932882755994797,418,-0.23043018579483032,-2.13431978225708,0.01,-20.62032405,150.0
8139,420,3,26880,0.0007,-0.14879214763641357,0.3292198181152344,419,-0.9747113585472107,-2.174673080444336,0.01,-20.62032405,150.0
8142,421,3,26944,0.0007,-0.018384218215942383,0.5168800354003906,420,0.40905818343162537,-2.1817398071289062,0.01,-20.62032405,150.0
8144,422,3,27008,0.0007,-0.0001537799835205078,1.3601512908935547,421,-1.5155479907989502,-2.184314250946045,0.01,-20.93350076,150.0
8147,423,3,27072,0.0007,0.7665271759033203,1.9654330015182495,422,0.18293121457099915,-2.1743178367614746,0.01,-20.93350076,150.0
8149,424,3,27136,0.0007,0.6223613619804382,0.6165876388549805,423,-0.8059729933738708,-2.0664186477661133,0.01,-20.93350076,150.0
8149,425,3,27200,0.0007,-1.0697340965270996,2.0670366287231445,424,0.6194053888320923,-2.0840744972229004,0.01,-20.93350076,150.0
8149,426,3,27264,0.0007,-0.29251885414123535,1.025029182434082,425,-0.4599847197532654,-2.100254535675049,0.01,-20.93350076,150.0
8148,427,3,27328,0.0007,0.05814582109451294,1.098656415939331,426,1.8034272193908691,-2.113678216934204,0.01,-20.93350076,150.0
8147,428,3,27392,0.0007,0.12232053279876709,0.5475273132324219,427,0.8939530253410339,-2.139601707458496,0.01,-20.93350076,150.0
8148,429,3,27456,0.0007,0.25888770818710327,0.43058276176452637,428,0.1484747976064682,-2.1568002700805664,0.01,-20.93350076,150.0
8149,430,3,27520,0.0007,0.09089255332946777,0.7422311305999756,429,-1.3339730501174927,-2.1693496704101562,0.01,-20.93350076,150.0
8148,431,3,27584,0.0007,-0.0028967857360839844,0.9288479685783386,430,-1.4232361316680908,-2.169193744659424,0.01,-20.93350076,150.0
8145,432,3,27648,0.0007,-0.024587154388427734,0.42153075337409973,431,-1.0437743663787842,-2.176485776901245,0.01,-20.959737230000005,150.0
8146,433,3,27712,0.0007,0.9790698289871216,0.4292607605457306,432,0.8656604886054993,-2.0775394439697266,0.01,-20.959737230000005,150.0
8148,434,3,27776,0.0007,0.8619801998138428,0.38348764181137085,433,0.5197428464889526,-2.046722173690796,0.01,-20.959737230000005,150.0
8145,435,3,27840,0.0007,0.7398481369018555,2.5765392780303955,434,0.9002494812011719,-2.051881790161133,0.01,-20.959737230000005,150.0
8146,436,3,27904,0.0007,0.8983377814292908,2.0662131309509277,435,-1.522445797920227,-2.0611743927001953,0.01,-20.959737230000005,150.0
8148,437,3,27968,0.0007,0.9779888987541199,0.45520859956741333,436,-0.46534156799316406,-2.072791814804077,0.01,-20.959737230000005,150.0
8150,438,3,28032,0.0007,0.9974430203437805,0.06654315441846848,437,-0.3839198350906372,-2.130155324935913,0.01,-20.959737230000005,150.0
8152,439,3,28096,0.0007,0.940562903881073,0.7049615979194641,438,0.20892131328582764,-2.129537582397461,0.01,-20.959737230000005,150.0
8154,440,3,28160,0.0007,0.9232103228569031,1.6624860763549805,439,-2.1274619102478027,-2.151081085205078,0.01,-20.959737230000005,150.0
8154,441,3,28224,0.0007,0.8323764801025391,0.7140403389930725,440,-1.2700276374816895,-2.1656432151794434,0.01,-20.630665329999996,150.0
8156,442,3,28288,0.0007,0.9900375604629517,0.27391019463539124,441,-0.4569317102432251,-2.139683961868286,0.01,-20.630665329999996,150.0
8158,443,3,28352,0.0007,0.6593783497810364,1.2108728885650635,442,-1.52913236618042,-2.075263738632202,0.01,-20.630665329999996,150.0
8160,444,3,28416,0.0007,0.8365249633789062,0.8305755257606506,443,-1.6263914108276367,-2.092223644256592,0.01,-20.630665329999996,150.0
8161,445,3,28480,0.0007,0.5564383864402771,0.32299140095710754,444,0.06732629239559174,-2.1041293144226074,0.01,-20.630665329999996,150.0
8162,446,3,28544,0.0007,0.507776141166687,0.23076064884662628,445,0.28096821904182434,-2.131059408187866,0.01,-20.630665329999996,150.0
8164,447,3,28608,0.0007,0.015144526958465576,0.5424422025680542,446,0.33416318893432617,-2.150294542312622,0.01,-20.630665329999996,150.0
8166,448,3,28672,0.0007,0.10598385334014893,0.20088204741477966,447,0.10383199155330658,-2.1535465717315674,0.01,-20.630665329999996,150.0
8168,449,3,28736,0.0007,0.07862746715545654,0.5453035235404968,448,0.3796119689941406,-2.1568448543548584,0.01,-20.630665329999996,150.0
8170,450,3,28800,0.0007,0.08223789930343628,0.5463970303535461,449,0.09415695071220398,-2.14652419090271,0.01,-20.53367779,150.0
8172,451,3,28864,0.0007,0.18709558248519897,0.09890025854110718,450,-0.31286633014678955,-2.1691784858703613,0.01,-20.53367779,150.0
8175,452,3,28928,0.0007,0.04531657695770264,1.6991639137268066,451,-1.5743316411972046,-2.1105103492736816,0.01,-20.53367779,150.0
8176,453,3,28992,0.0007,0.23137998580932617,0.5941729545593262,452,-0.21392971277236938,-2.1152212619781494,0.01,-20.53367779,150.0
8179,454,3,29056,0.0007,0.6497857570648193,0.5824036002159119,453,0.3261304497718811,-2.1459033489227295,0.01,-20.53367779,150.0
8181,455,3,29120,0.0007,0.7141146659851074,0.37214016914367676,454,0.3003513514995575,-2.1578023433685303,0.01,-20.53367779,150.0
8182,456,3,29184,0.0007,0.6940459609031677,0.2705526351928711,455,-0.017323315143585205,-2.1607370376586914,0.01,-20.53367779,150.0
8184,457,3,29248,0.0007,0.7714559435844421,0.22165916860103607,456,-0.3694005012512207,-2.1679511070251465,0.01,-20.53367779,150.0
8187,458,3,29312,0.0007,0.44258934259414673,0.6084167957305908,457,-0.7266691327095032,-2.183560848236084,0.01,-20.53367779,150.0
8189,459,3,29376,0.0007,0.0401114821434021,2.988325595855713,458,1.6491386890411377,-2.1818559169769287,0.01,-20.53367779,150.0
8191,460,3,29440,0.0007,-0.08797967433929443,0.4375758171081543,459,0.13027000427246094,-2.1823172569274902,0.0,-20.64781053,150.0
8193,461,3,29504,0.0007,0.9178360104560852,1.1340687274932861,460,0.26903578639030457,-2.109008550643921,0.0,-20.64781053,150.0
8195,462,3,29568,0.0007,0.6233526468276978,2.0518715381622314,461,-0.5998223423957825,-2.0653939247131348,0.0,-20.64781053,150.0
8197,463,3,29632,0.0007,0.9349209666252136,0.3548048734664917,462,-0.7039037346839905,-2.0882458686828613,0.0,-20.64781053,150.0
8200,464,3,29696,0.0007,0.8113009333610535,0.43784773349761963,463,0.8267455697059631,-2.10003924369812,0.0,-20.64781053,150.0
8200,465,3,29760,0.0007,-2.5777385234832764,2.3657989501953125,464,2.1597933769226074,-2.1191422939300537,0.0,-20.64781053,150.0
8200,466,3,29824,0.0007,-0.18942797183990479,2.6983489990234375,465,1.875676155090332,-2.1285691261291504,0.0,-20.64781053,150.0
8201,467,3,29888,0.0007,0.056835055351257324,0.24534419178962708,466,-0.26644837856292725,-2.144613265991211,0.0,-20.64781053,150.0
8202,468,3,29952,0.0007,-0.03450775146484375,0.6594791412353516,467,-0.7275384664535522,-2.1486876010894775,0.0,-20.64781053,150.0
8202,469,3,30016,0.0007,-0.02501678466796875,0.2934855818748474,468,-0.5528598427772522,-2.1635522842407227,0.0,-20.55231624,150.0
8204,470,3,30080,0.0007,0.994286835193634,0.11671321839094162,469,-0.4882429540157318,-2.142422914505005,0.0,-20.55231624,150.0
8206,471,3,30144,0.0007,0.7081096172332764,0.589511513710022,470,-0.03679139167070389,-2.0647430419921875,0.0,-20.55231624,150.0
8207,472,3,30208,0.0007,0.6130568385124207,0.919111430644989,471,0.25181812047958374,-2.054348945617676,0.0,-20.55231624,150.0
8208,473,3,30272,0.0007,0.5872339606285095,0.8836675882339478,472,-0.006356887519359589,-2.063243865966797,0.0,-20.55231624,150.0
8208,474,3,30336,0.0007,0.4006975293159485,3.282341480255127,473,1.9456355571746826,-2.059474468231201,0.0,-20.55231624,150.0
8209,475,3,30400,0.0007,0.3292332887649536,1.9401848316192627,474,1.6955606937408447,-2.0592682361602783,0.0,-20.55231624,150.0
8211,476,3,30464,0.0007,0.42515426874160767,0.5382434129714966,475,0.01522887498140335,-2.068018913269043,0.0,-20.55231624,150.0
8213,477,3,30528,0.0007,0.6783148050308228,0.20673677325248718,476,-0.5220823884010315,-2.1095070838928223,0.0,-20.55231624,150.0
8215,478,3,30592,0.0007,0.40090590715408325,0.5982516407966614,477,-1.1265010833740234,-2.1241207122802734,0.0,-20.55231624,150.0
8216,479,3,30656,0.0007,0.34605610370635986,0.5842695832252502,478,-1.1948471069335938,-2.151176929473877,0.0,-20.22950883,150.0
8217,480,3,30720,0.0007,0.9345894455909729,0.6124862432479858,479,-0.3939371705055237,-2.0915045738220215,0.0,-20.22950883,150.0
8219,481,3,30784,0.0007,0.8653044700622559,0.32044845819473267,480,-0.42133960127830505,-2.0958199501037598,0.0,-20.22950883,150.0
8222,482,3,30848,0.0007,0.9006818532943726,0.274110347032547,481,-0.5264965295791626,-2.109046697616577,0.0,-20.22950883,150.0
8224,483,3,30912,0.0007,0.4109910726547241,1.4256172180175781,482,1.4151837825775146,-2.1332345008850098,0.0,-20.22950883,150.0
8226,484,3,30976,0.0007,0.38870733976364136,1.0529450178146362,483,1.1349499225616455,-2.1452577114105225,0.0,-20.22950883,150.0
8229,485,3,31040,0.0007,0.10907471179962158,2.9713871479034424,484,1.5353562831878662,-2.153377056121826,0.0,-20.22950883,150.0
8231,486,3,31104,0.0007,0.2814261317253113,0.3483184278011322,485,-0.4056934416294098,-2.1641604900360107,0.0,-20.22950883,150.0
8233,487,3,31168,0.0007,0.0949472188949585,1.1333743333816528,486,-1.1796170473098755,-2.174823522567749,0.0,-20.22950883,150.0
8230,488,3,31232,0.0007,0.1072622537612915,0.519783616065979,487,-1.1115959882736206,-2.177640914916992,0.0,-20.343486049999996,150.0
8230,489,3,31296,0.0007,0.9924328327178955,0.13489259779453278,488,-0.03763484209775925,-2.1326470375061035,0.0,-20.343486049999996,150.0
8232,490,3,31360,0.0007,0.7177994847297668,1.7712719440460205,489,-0.7229999303817749,-2.1040537357330322,0.0,-20.343486049999996,150.0
8234,491,3,31424,0.0007,0.9121401906013489,0.6273435354232788,490,0.6381782293319702,-2.1209847927093506,0.0,-20.343486049999996,150.0
8236,492,3,31488,0.0007,0.6249070763587952,1.2937785387039185,491,-0.32360711693763733,-2.13508939743042,0.0,-20.343486049999996,150.0
8238,493,3,31552,0.0007,-0.6954542398452759,3.060703992843628,492,0.7528184652328491,-2.1373536586761475,0.0,-20.343486049999996,150.0
8239,494,3,31616,0.0007,0.2883046865463257,1.0220820903778076,493,0.8631369471549988,-2.146043300628662,0.0,-20.343486049999996,150.0
8240,495,3,31680,0.0007,0.26622921228408813,2.368398666381836,494,0.42783764004707336,-2.1662259101867676,0.0,-20.343486049999996,150.0
8242,496,3,31744,0.0007,0.6340490579605103,0.5199084281921387,495,-0.7430036067962646,-2.1736245155334473,0.0,-20.343486049999996,150.0
8244,497,3,31808,0.0007,0.35125672817230225,0.6865190267562866,496,-0.7286417484283447,-2.1827492713928223,0.0,-20.25780635,150.0
8246,498,3,31872,0.0007,0.9636998176574707,0.34665176272392273,497,-0.10235302150249481,-2.171694040298462,0.0,-20.25780635,150.0
8247,499,3,31936,0.0007,0.8418368101119995,0.3550516963005066,498,0.7687654495239258,-2.064304828643799,0.0,-20.25780635,150.0
8249,500,3,32000,0.0007,0.6632590293884277,1.1867706775665283,499,0.5119790434837341,-2.0707345008850098,0.0,-20.25780635,150.0
8252,501,3,32064,0.0007,0.8236120939254761,2.5032262802124023,500,-0.3110021948814392,-2.0819268226623535,0.0,-20.25780635,150.0
8254,502,3,32128,0.0007,0.9751226902008057,1.2549434900283813,501,-1.874033808708191,-2.098247528076172,0.0,-20.25780635,150.0
8256,503,3,32192,0.0007,0.9767410755157471,0.33876678347587585,502,-0.3956231474876404,-2.111374855041504,0.0,-20.25780635,150.0
8258,504,3,32256,0.0007,0.9570353627204895,0.456739604473114,503,0.04759516194462776,-2.123558282852173,0.0,-20.25780635,150.0
8258,505,3,32320,0.0007,0.9442324638366699,0.39449208974838257,504,-0.0444483682513237,-2.134483814239502,0.0,-20.25780635,150.0
8259,506,3,32384,0.0007,0.9866442680358887,0.12321820855140686,505,-0.18406224250793457,-2.151310443878174,0.0,-20.25780635,150.0
8259,507,3,32448,0.0007,0.9853014945983887,0.24998492002487183,506,-0.5721074342727661,-2.1558997631073,0.01,-19.95885729,150.0
8261,508,3,32512,0.0007,0.8708612322807312,2.109480381011963,507,-0.7315075397491455,-2.101151943206787,0.01,-19.95885729,150.0
8262,509,3,32576,0.0007,0.6464405059814453,2.3369812965393066,508,-2.3106439113616943,-2.0817058086395264,0.01,-19.95885729,150.0
8264,510,3,32640,0.0007,0.7187557220458984,0.6670151948928833,509,-0.6268651485443115,-2.1029813289642334,0.01,-19.95885729,150.0
8266,511,3,32704,0.0007,0.38574737310409546,2.5844197273254395,510,1.584946870803833,-2.122298240661621,0.01,-19.95885729,150.0
8268,512,3,32768,0.0007,0.5267339944839478,2.5484161376953125,511,1.777970552444458,-2.1331210136413574,0.01,-19.95885729,150.0
8270,513,3,32832,0.0007,0.5794605016708374,3.0684926509857178,512,1.612489104270935,-2.1398870944976807,0.01,-19.95885729,150.0
8272,514,3,32896,0.0007,0.7020906805992126,1.0345206260681152,513,0.03215701878070831,-2.150998115539551,0.01,-19.95885729,150.0
8274,515,3,32960,0.0007,0.5597299933433533,0.593470573425293,514,-1.1322071552276611,-2.1590089797973633,0.01,-19.95885729,150.0
8276,516,3,33024,0.0007,0.06373375654220581,0.34900546073913574,515,0.036286041140556335,-2.162487506866455,0.01,-20.02597317,150.0
8278,517,3,33088,0.0007,0.9884158968925476,0.2891319692134857,516,-0.5118342041969299,-2.126905918121338,0.01,-20.02597317,150.0
8280,518,4,33152,0.0007,0.3257378339767456,0.3744452893733978,517,-0.61765056848526,-2.092724323272705,0.01,-20.02597317,150.0
8282,519,4,33216,0.0007,0.5299339294433594,1.5503592491149902,518,1.7110739946365356,-2.098480224609375,0.01,-20.02597317,150.0
8281,520,4,33280,0.0007,0.557812511920929,3.0074715614318848,519,1.1865113973617554,-2.102414608001709,0.01,-20.02597317,150.0
8278,521,4,33344,0.0007,0.6499660015106201,2.983570098876953,520,0.2500423192977905,-2.1132688522338867,0.01,-20.02597317,150.0
8280,522,4,33408,0.0007,-1.7184064388275146,3.196381092071533,521,0.6986950039863586,-2.134384870529175,0.01,-20.02597317,150.0
8282,523,4,33472,0.0007,0.14317107200622559,1.293761968612671,522,-0.14103718101978302,-2.1377110481262207,0.01,-20.02597317,150.0
8283,524,4,33536,0.0007,0.23601722717285156,0.6817275285720825,523,-1.2823028564453125,-2.142302989959717,0.01,-20.02597317,150.0
8284,525,4,33600,0.0007,-0.033910393714904785,1.0887854099273682,524,-1.3303121328353882,-2.1571288108825684,0.01,-19.78411238,150.0
8284,526,4,33664,0.0007,-0.012459397315979004,1.2958040237426758,525,-0.9313877820968628,-2.1738533973693848,0.01,-19.78411238,150.0
8280,527,4,33728,0.0007,0.6247216463088989,0.4509935677051544,526,0.2687503695487976,-2.092144727706909,0.01,-19.78411238,150.0
8281,528,4,33792,0.0007,0.8387957215309143,0.7315775752067566,527,1.4704511165618896,-2.0960147380828857,0.01,-19.78411238,150.0
8281,529,4,33856,0.0007,0.8581243753433228,0.6350170373916626,528,-0.292167991399765,-2.1019368171691895,0.01,-19.78411238,150.0
8283,530,4,33920,0.0007,0.9192702770233154,0.5433828830718994,529,0.836341381072998,-2.0985312461853027,0.01,-19.78411238,150.0
8285,531,4,33984,0.0007,0.8823553323745728,0.6316837668418884,530,-0.8697050213813782,-2.1050853729248047,0.01,-19.78411238,150.0
8287,532,4,34048,0.0007,0.5961187481880188,0.8226628303527832,531,-0.43532538414001465,-2.1159424781799316,0.01,-19.78411238,150.0
8289,533,4,34112,0.0007,0.7242897748947144,0.35743585228919983,532,0.37206512689590454,-2.1290953159332275,0.01,-19.78411238,150.0
8289,534,4,34176,0.0007,0.5980971455574036,0.9359241724014282,533,-0.21538972854614258,-2.1361608505249023,0.01,-19.78411238,150.0
8289,535,4,34240,0.0007,0.290188729763031,0.4931260049343109,534,-0.7078750729560852,-2.1293487548828125,0.01,-19.37329338,150.0
8290,536,4,34304,0.0007,0.9967507719993591,0.1494942009449005,535,-0.5668948888778687,-2.1048498153686523,0.01,-19.37329338,150.0
8291,537,4,34368,0.0007,0.44505637884140015,2.2685935497283936,536,-1.425490140914917,-2.081988573074341,0.01,-19.37329338,150.0
8292,538,4,34432,0.0007,0.31780701875686646,2.2993385791778564,537,0.29331284761428833,-2.091287136077881,0.01,-19.37329338,150.0
8294,539,4,34496,0.0007,0.6155259609222412,1.0126752853393555,538,-0.8615642786026001,-2.0891926288604736,0.01,-19.37329338,150.0
8296,540,4,34560,0.0007,0.5995831489562988,1.0576694011688232,539,1.5288796424865723,-2.0846056938171387,0.01,-19.37329338,150.0
8297,541,4,34624,0.0007,0.461161732673645,0.40200698375701904,540,0.08067408204078674,-2.0836946964263916,0.01,-19.37329338,150.0
8298,542,4,34688,0.0007,0.47604185342788696,0.488932728767395,541,-0.7324474453926086,-2.0257456302642822,0.01,-19.37329338,150.0
8301,543,4,34752,0.0007,-0.0992809534072876,1.1947276592254639,542,-1.7994842529296875,-2.0385074615478516,0.01,-19.37329338,150.0
8302,544,4,34816,0.0007,-0.06722855567932129,0.8265289068222046,543,-1.4016870260238647,-2.075161933898926,0.01,-19.349183560000004,150.0
8303,545,4,34880,0.0007,0.9906443357467651,0.265839546918869,544,-0.6785739660263062,-2.074286460876465,0.01,-19.349183560000004,150.0
8305,546,4,34944,0.0007,0.8603420257568359,0.2051408290863037,545,0.5124902725219727,-1.999922275543213,0.01,-19.349183560000004,150.0
8307,547,4,35008,0.0007,0.7207913398742676,0.8359639048576355,546,-0.8194832801818848,-2.014338970184326,0.01,-19.349183560000004,150.0
8309,548,4,35072,0.0007,0.8430280089378357,1.1989505290985107,547,1.3860344886779785,-2.011338949203491,0.01,-19.349183560000004,150.0
8311,549,4,35136,0.0007,0.8477911949157715,0.7938225865364075,548,0.12963147461414337,-2.0223217010498047,0.01,-19.349183560000004,150.0
8313,550,4,35200,0.0007,0.8187954425811768,0.8663103580474854,549,0.002337843179702759,-2.058800220489502,0.01,-19.349183560000004,150.0
8314,551,4,35264,0.0007,0.8665742874145508,0.6401957869529724,550,-0.46639537811279297,-2.0899853706359863,0.01,-19.349183560000004,150.0
8314,552,4,35328,0.0007,0.8462288975715637,0.8774302005767822,551,-0.5509526133537292,-2.127072334289551,0.01,-19.349183560000004,150.0
8315,553,4,35392,0.0007,0.590073823928833,1.5370343923568726,552,1.000748634338379,-2.149799346923828,0.01,-19.349183560000004,150.0
8315,554,4,35456,0.0007,0.8336626887321472,0.23891451954841614,553,-0.47843796014785767,-2.1630349159240723,0.01,-19.099724250000005,150.0
8317,555,4,35520,0.0007,0.9733303189277649,0.30201783776283264,554,-0.5078417062759399,-2.1239137649536133,0.01,-19.099724250000005,150.0
8317,556,4,35584,0.0007,0.716011643409729,2.6081323623657227,555,1.0885294675827026,-2.1251728534698486,0.01,-19.099724250000005,150.0
8319,557,4,35648,0.0007,0.941597580909729,0.748390793800354,556,-0.869320273399353,-2.134709119796753,0.01,-19.099724250000005,150.0
8320,558,4,35712,0.0007,0.780895471572876,5.110556125640869,557,1.1042895317077637,-2.1448118686676025,0.01,-19.099724250000005,150.0
8321,559,4,35776,0.0007,0.9833926558494568,0.3581409752368927,558,-0.6515940427780151,-2.1451852321624756,0.01,-19.099724250000005,150.0
8323,560,4,35840,0.0007,0.9695411920547485,0.49595239758491516,559,-1.161750316619873,-2.154654026031494,0.01,-19.099724250000005,150.0
8325,561,4,35904,0.0007,0.24580782651901245,1.7075988054275513,560,0.48434144258499146,-2.1611852645874023,0.01,-19.099724250000005,150.0
8326,562,4,35968,0.0007,0.8976550102233887,0.1471807062625885,561,-0.012300941161811352,-2.158900737762451,0.01,-19.099724250000005,150.0
8327,563,4,36032,0.0007,0.5183627009391785,0.6771684288978577,562,-0.24020078778266907,-2.1640706062316895,0.01,-18.867842620000005,150.0
8326,564,4,36096,0.0007,0.9848117232322693,0.25964808464050293,563,0.135207861661911,-2.1352124214172363,0.01,-18.867842620000005,150.0
8327,565,4,36160,0.0007,0.4890347123146057,0.7838693261146545,564,-0.4611884355545044,-2.1176581382751465,0.01,-18.867842620000005,150.0
8328,566,4,36224,0.0007,0.4878165125846863,0.7079889178276062,565,-1.3179359436035156,-2.1313180923461914,0.01,-18.867842620000005,150.0
8329,567,4,36288,0.0007,0.7297234535217285,0.5961241722106934,566,0.5701236724853516,-2.144500732421875,0.01,-18.867842620000005,150.0
8329,568,4,36352,0.0007,0.504979133605957,2.085050582885742,567,1.6661171913146973,-2.157250165939331,0.01,-18.867842620000005,150.0
8330,569,4,36416,0.0007,0.7310676574707031,0.9555017948150635,568,1.4470677375793457,-2.15624737739563,0.01,-18.867842620000005,150.0
8332,570,4,36480,0.0007,0.443056583404541,0.5771076679229736,569,-0.2154826819896698,-2.1515729427337646,0.01,-18.867842620000005,150.0
8333,571,4,36544,0.0007,0.3352442979812622,0.39809563755989075,570,-0.19571413099765778,-2.157015323638916,0.01,-18.867842620000005,150.0
8334,572,4,36608,0.0007,-0.10251939296722412,1.1462469100952148,571,0.27304014563560486,-2.167083263397217,0.01,-18.75278788,150.0
8334,573,4,36672,0.0007,0.9434006810188293,0.5515294671058655,572,-0.17740465700626373,-2.158843517303467,0.01,-18.75278788,150.0
8336,574,4,36736,0.0007,0.7061378955841064,1.3575434684753418,573,-1.0702407360076904,-2.097890853881836,0.01,-18.75278788,150.0
8337,575,4,36800,0.0007,0.6818238496780396,1.134748101234436,574,0.7641223073005676,-2.1058387756347656,0.01,-18.75278788,150.0
8339,576,4,36864,0.0007,0.8661044836044312,0.7073040008544922,575,-0.5358957052230835,-2.1096606254577637,0.01,-18.75278788,150.0
8341,577,4,36928,0.0007,0.4944649338722229,1.5514912605285645,576,0.5090520977973938,-2.1211442947387695,0.01,-18.75278788,150.0
8342,578,4,36992,0.0007,0.32135093212127686,2.7295944690704346,577,1.705641269683838,-2.108949899673462,0.01,-18.75278788,150.0
8344,579,4,37056,0.0007,-0.04517412185668945,0.7757003307342529,578,0.8430129885673523,-2.1075968742370605,0.01,-18.75278788,150.0
8346,580,4,37120,0.0007,0.07633751630783081,2.663762331008911,579,0.7859474420547485,-2.107100009918213,0.01,-18.75278788,150.0
8347,581,4,37184,0.0007,0.0408361554145813,0.6401181221008301,580,-1.232931137084961,-2.124497652053833,0.01,-18.75278788,150.0
8347,582,4,37248,0.0007,-0.04358983039855957,0.7360010147094727,581,-1.4250695705413818,-2.1400136947631836,0.01,-18.381690430000003,150.0
8347,583,4,37312,0.0007,0.9589290618896484,0.5937124490737915,582,-0.3733305335044861,-2.077016830444336,0.01,-18.381690430000003,150.0
8347,584,4,37376,0.0007,0.6528445482254028,0.7214692234992981,583,0.20660743117332458,-2.03043532371521,0.01,-18.381690430000003,150.0
8347,585,4,37440,0.0007,0.8751249313354492,0.568774402141571,584,-0.5036115050315857,-2.074636936187744,0.01,-18.381690430000003,150.0
8347,586,4,37504,0.0007,0.8059388399124146,0.570404052734375,585,0.3292628526687622,-2.0668206214904785,0.01,-18.381690430000003,150.0
8349,587,4,37568,0.0007,0.7974447011947632,0.3083876371383667,586,0.15185418725013733,-2.0620763301849365,0.01,-18.381690430000003,150.0
8349,588,4,37632,0.0007,0.35574519634246826,1.2382631301879883,587,0.9928064942359924,-2.067868709564209,0.01,-18.381690430000003,150.0
8351,589,4,37696,0.0007,0.3570336699485779,1.213979721069336,588,0.8553576469421387,-2.0778398513793945,0.01,-18.381690430000003,150.0
8352,590,4,37760,0.0007,-0.40071940422058105,0.8456724882125854,589,-0.07024499773979187,-2.0718328952789307,0.01,-18.381690430000003,150.0
8353,591,4,37824,0.0007,0.04318892955780029,0.6586281061172485,590,-0.733322262763977,-2.092339038848877,0.01,-18.14039504,150.0
8355,592,4,37888,0.0007,0.9961568713188171,0.0885280892252922,591,-0.2943804860115051,-2.1000428199768066,0.01,-18.14039504,150.0
8357,593,4,37952,0.0007,0.8328429460525513,0.22803199291229248,592,-0.45190006494522095,-2.092808246612549,0.01,-18.14039504,150.0
8358,594,4,38016,0.0007,0.6888905763626099,0.42744243144989014,593,-0.15654093027114868,-2.083427906036377,0.01,-18.14039504,150.0
8360,595,4,38080,0.0007,-0.9025304317474365,0.4379073977470398,594,-0.16945916414260864,-2.0938403606414795,0.01,-18.14039504,150.0
8362,596,4,38144,0.0007,-0.06749272346496582,1.3635368347167969,595,1.0903692245483398,-2.0998897552490234,0.01,-18.14039504,150.0
8363,597,4,38208,0.0007,-0.2997239828109741,3.782540798187256,596,2.46456241607666,-2.107964277267456,0.01,-18.14039504,150.0
8365,598,4,38272,0.0007,0.42864447832107544,0.5938447713851929,597,0.043607037514448166,-2.115589141845703,0.01,-18.14039504,150.0
8365,599,4,38336,0.0007,0.5747281312942505,1.0351260900497437,598,-0.9893316030502319,-2.106435537338257,0.01,-18.14039504,150.0
8365,600,4,38400,0.0007,0.4064536690711975,1.5903717279434204,599,-1.3234564065933228,-2.1130239963531494,0.01,-18.193764199999997,150.0
8366,601,4,38464,0.0007,0.3058069348335266,1.1210076808929443,600,-1.05948805809021,-2.1277592182159424,0.01,-18.193764199999997,150.0
8368,602,4,38528,0.0007,0.40153348445892334,0.5008630752563477,601,0.10936661064624786,-2.071098804473877,0.01,-18.193764199999997,150.0
8369,603,4,38592,0.0007,0.6891739368438721,1.2473883628845215,602,1.4591178894042969,-2.0470454692840576,0.01,-18.193764199999997,150.0
8370,604,4,38656,0.0007,0.037793099880218506,8.086596488952637,603,3.439061164855957,-2.0518529415130615,0.01,-18.193764199999997,150.0
8372,605,4,38720,0.0007,0.6988141536712646,0.9899264574050903,604,-0.06076088547706604,-2.0620250701904297,0.01,-18.193764199999997,150.0
8373,606,4,38784,0.0007,0.5004560947418213,1.0484724044799805,605,0.5372076034545898,-2.062847375869751,0.01,-18.193764199999997,150.0
8375,607,4,38848,0.0007,0.825002908706665,0.8039024472236633,606,-0.5806251168251038,-2.053067445755005,0.01,-18.193764199999997,150.0
8376,608,4,38912,0.0007,0.6510177254676819,1.1729278564453125,607,0.3910801112651825,-2.0731430053710938,0.01,-18.193764199999997,150.0
8378,609,4,38976,0.0007,0.5853310227394104,1.3299504518508911,608,0.08029358834028244,-2.0510807037353516,0.01,-18.193764199999997,150.0
8379,610,4,39040,0.0007,0.4236922860145569,1.2741262912750244,609,-0.30262094736099243,-2.0627639293670654,0.01,-17.544415909999998,150.0
8381,611,4,39104,0.0007,0.9940648078918457,0.1450597047805786,610,0.11266922950744629,-2.0520381927490234,0.01,-17.544415909999998,150.0
8383,612,4,39168,0.0007,0.47679072618484497,0.3615090250968933,611,0.09594501554965973,-2.043588161468506,0.01,-17.544415909999998,150.0
8384,613,4,39232,0.0007,-0.07596755027770996,5.044731140136719,612,0.03298165649175644,-2.0602877140045166,0.01,-17.544415909999998,150.0
8385,614,4,39296,0.0007,0.700656533241272,1.8225185871124268,613,-0.27214762568473816,-2.052042007446289,0.01,-17.544415909999998,150.0
8385,615,4,39360,0.0007,0.8290114998817444,0.9225395917892456,614,0.2761925756931305,-2.0582590103149414,0.01,-17.544415909999998,150.0
8387,616,4,39424,0.0007,0.41433656215667725,1.8679391145706177,615,-1.4282857179641724,-2.0674185752868652,0.01,-17.544415909999998,150.0
8389,617,4,39488,0.0007,0.701931357383728,0.32211270928382874,616,-0.7999933362007141,-2.0914101600646973,0.01,-17.544415909999998,150.0
8388,618,4,39552,0.0007,0.6500896215438843,0.11616189777851105,617,0.14547118544578552,-2.101743459701538,0.01,-17.544415909999998,150.0
8387,619,4,39616,0.0007,0.7148305177688599,0.11786256730556488,618,0.4532584547996521,-2.119497776031494,0.01,-17.226551170000004,150.0
8373,620,4,39680,0.0007,0.9963288903236389,0.09211677312850952,619,0.09484700858592987,-2.113584041595459,0.01,-17.226551170000004,150.0
8365,621,4,39744,0.0007,0.6877829432487488,0.8242923021316528,620,0.36517152190208435,-2.0568771362304688,0.01,-17.226551170000004,150.0
8359,622,4,39808,0.0007,0.941150963306427,0.3183404803276062,621,0.3294275104999542,-2.075927972793579,0.01,-17.226551170000004,150.0
8358,623,4,39872,0.0007,0.7947788238525391,1.5475687980651855,622,0.05191025137901306,-2.075249195098877,0.01,-17.226551170000004,150.0
8359,624,4,39936,0.0007,0.7310212850570679,1.530341386795044,623,0.852821946144104,-2.0880625247955322,0.01,-17.226551170000004,150.0
8359,625,4,40000,0.0007,0.9321220517158508,0.46890610456466675,624,-0.12923868000507355,-2.0960488319396973,0.01,-17.226551170000004,150.0
8360,626,4,40064,0.0007,0.9362713694572449,1.6189908981323242,625,-2.2310914993286133,-2.128894329071045,0.01,-17.226551170000004,150.0
8361,627,4,40128,0.0007,0.9592046737670898,0.7902354001998901,626,-1.5684181451797485,-2.1408424377441406,0.01,-17.226551170000004,150.0
8361,628,4,40192,0.0007,0.9119237065315247,0.8087912797927856,627,-1.409550666809082,-2.1494054794311523,0.01,-17.226551170000004,150.0
8360,629,4,40256,0.0007,0.6538110971450806,1.615189552307129,628,-1.9484896659851074,-2.1543045043945312,0.01,-16.78617935,150.0
8358,630,4,40320,0.0007,0.956678032875061,1.9754304885864258,629,-2.4199485778808594,-2.094666004180908,0.01,-16.78617935,150.0
8356,631,4,40384,0.0007,-1.2612583637237549,4.496330738067627,630,-2.8286995887756348,-2.0955379009246826,0.01,-16.78617935,150.0
8356,632,4,40448,0.0007,0.2108498215675354,0.7388339042663574,631,-0.44988125562667847,-2.109135150909424,0.01,-16.78617935,150.0
8357,633,4,40512,0.0007,0.3923741579055786,3.8260998725891113,632,-0.08616891503334045,-2.1250805854797363,0.01,-16.78617935,150.0
8358,634,4,40576,0.0007,0.5552245378494263,1.5530942678451538,633,0.6995977163314819,-2.129182815551758,0.01,-16.78617935,150.0
8358,635,4,40640,0.0007,-0.3474137783050537,4.08748722076416,634,3.0410869121551514,-2.131863832473755,0.01,-16.78617935,150.0
8359,636,4,40704,0.0007,0.24891316890716553,0.8428428769111633,635,-0.7668363451957703,-2.1367435455322266,0.01,-16.78617935,150.0
8360,637,4,40768,0.0007,0.17745906114578247,0.8799914121627808,636,-1.2589093446731567,-2.151423454284668,0.01,-16.78617935,150.0
8361,638,4,40832,0.0007,0.05889475345611572,0.9166297912597656,637,-1.4616013765335083,-2.1666464805603027,0.01,-16.75216398,150.0
8362,639,4,40896,0.0007,0.9969192147254944,0.15855664014816284,638,-0.4660053849220276,-2.1377956867218018,0.01,-16.75216398,150.0
8362,640,4,40960,0.0007,0.49769675731658936,0.25480639934539795,639,0.37087735533714294,-2.1279218196868896,0.01,-16.75216398,150.0
8363,641,4,41024,0.0007,-0.16572797298431396,0.9378619194030762,640,-0.9413160681724548,-2.131434917449951,0.01,-16.75216398,150.0
8364,642,4,41088,0.0007,0.5543628931045532,0.8332939147949219,641,-0.9195265769958496,-2.134998321533203,0.01,-16.75216398,150.0
8364,643,4,41152,0.0007,0.009359002113342285,1.3477915525436401,642,1.4686806201934814,-2.1463375091552734,0.01,-16.75216398,150.0
8361,644,4,41216,0.0007,0.26420438289642334,2.0260064601898193,643,0.9291585683822632,-2.1501388549804688,0.01,-16.75216398,150.0
8361,645,4,41280,0.0007,-0.5608247518539429,0.5852289795875549,644,-0.33740949630737305,-2.1562564373016357,0.01,-16.75216398,150.0
8362,646,4,41344,0.0007,0.32151156663894653,0.26089900732040405,645,-0.47917401790618896,-2.151937961578369,0.01,-16.75216398,150.0
8362,647,4,41408,0.0007,0.30091392993927,0.35499852895736694,646,0.18201808631420135,-2.155161142349243,0.01,-16.64225255,150.0
8364,648,4,41472,0.0007,0.9859575033187866,0.16131824254989624,647,0.1353386789560318,-2.173344612121582,0.01,-16.64225255,150.0
8364,649,4,41536,0.0007,0.7313023805618286,0.710482120513916,648,-1.0093963146209717,-2.1404054164886475,0.01,-16.64225255,150.0
8365,650,4,41600,0.0007,0.484283983707428,0.8538609743118286,649,1.1322615146636963,-2.152235507965088,0.01,-16.64225255,150.0
8367,651,4,41664,0.0007,0.8213455677032471,0.481128990650177,650,0.48459237813949585,-2.1529321670532227,0.01,-16.64225255,150.0
8368,652,4,41728,0.0007,0.7875392436981201,0.7691131830215454,651,0.6480188965797424,-2.1549060344696045,0.01,-16.64225255,150.0
8370,653,4,41792,0.0007,0.7150315046310425,3.5723345279693604,652,1.139297366142273,-2.1605355739593506,0.01,-16.64225255,150.0
8371,654,4,41856,0.0007,0.8825137615203857,1.9192616939544678,653,0.06071107089519501,-2.1596107482910156,0.01,-16.64225255,150.0
8373,655,5,41920,0.0007,0.9585850834846497,0.48021113872528076,654,-0.06059717759490013,-2.1563262939453125,0.01,-16.64225255,150.0
8375,656,5,41984,0.0007,0.9796621799468994,0.31863486766815186,655,0.6386412382125854,-2.1609199047088623,0.01,-16.64225255,150.0
8375,657,5,42048,0.0007,0.7868284583091736,1.112650752067566,656,-0.45622387528419495,-2.1609725952148438,0.01,-16.287795709999997,150.0
8375,658,5,42112,0.0007,0.9692921042442322,0.9393188953399658,657,0.7901622653007507,-2.123324394226074,0.01,-16.287795709999997,150.0
8375,659,5,42176,0.0007,0.5254794955253601,2.153588056564331,658,1.148309350013733,-2.115795612335205,0.01,-16.287795709999997,150.0
8377,660,5,42240,0.0007,0.8824169635772705,1.823122262954712,659,-0.5544681549072266,-2.118088722229004,0.01,-16.287795709999997,150.0
8378,661,5,42304,0.0007,0.9363268613815308,2.1987953186035156,660,-1.9123719930648804,-2.1332356929779053,0.01,-16.287795709999997,150.0
8378,662,5,42368,0.0007,0.9654757976531982,0.939931333065033,661,-0.7020663022994995,-2.137096405029297,0.01,-16.287795709999997,150.0
8380,663,5,42432,0.0007,0.9475852847099304,0.951968789100647,662,-0.7020487785339355,-2.137362003326416,0.01,-16.287795709999997,150.0
8380,664,5,42496,0.0007,0.9852201342582703,0.30591219663619995,663,-0.7814792394638062,-2.1470067501068115,0.01,-16.287795709999997,150.0
8381,665,5,42560,0.0007,0.9607670903205872,0.23763181269168854,664,0.05122792720794678,-2.153812885284424,0.01,-16.287795709999997,150.0
8382,666,5,42624,0.0007,0.5831831693649292,1.5495963096618652,665,0.8775557279586792,-2.1561102867126465,0.01,-15.877286269999999,150.0
8384,667,5,42688,0.0007,0.9969479441642761,0.1792948693037033,666,-0.6751005053520203,-2.137108087539673,0.01,-15.877286269999999,150.0
8385,668,5,42752,0.0007,0.376731812953949,1.2941008806228638,667,1.1280548572540283,-2.097808599472046,0.01,-15.877286269999999,150.0
8387,669,5,42816,0.0007,0.6739111542701721,1.5550665855407715,668,-1.6423461437225342,-2.1017000675201416,0.01,-15.877286269999999,150.0
8388,670,5,42880,0.0007,0.846032977104187,0.4318411946296692,669,0.06100229173898697,-2.116321563720703,0.01,-15.877286269999999,150.0
8389,671,5,42944,0.0007,0.5458862781524658,1.2600666284561157,670,0.6921023726463318,-2.1394574642181396,0.01,-15.877286269999999,150.0
8390,672,5,43008,0.0007,0.5066092014312744,0.9075231552124023,671,-0.2325078547000885,-2.148202896118164,0.01,-15.877286269999999,150.0
8390,673,5,43072,0.0007,0.23692399263381958,6.913117408752441,672,2.221492052078247,-2.1379239559173584,0.01,-15.877286269999999,150.0
8390,674,5,43136,0.0007,0.41829919815063477,1.88458251953125,673,0.389042466878891,-2.1421866416931152,0.01,-15.877286269999999,150.0
8391,675,5,43200,0.0007,0.4634292721748352,0.8549888730049133,674,-0.2683224678039551,-2.1667327880859375,0.01,-15.762078559999997,150.0
8392,676,5,43264,0.0007,0.7704166173934937,0.35856544971466064,675,-0.6527102589607239,-2.169440507888794,0.01,-15.762078559999997,150.0
8392,677,5,43328,0.0007,0.5965684652328491,1.0834739208221436,676,1.5210169553756714,-2.0897507667541504,0.01,-15.762078559999997,150.0
8393,678,5,43392,0.0007,0.7658621072769165,0.6400636434555054,677,-0.6380553245544434,-2.0979197025299072,0.01,-15.762078559999997,150.0
8394,679,5,43456,0.0007,0.7641176581382751,0.7970010042190552,678,-0.6235848665237427,-2.107119083404541,0.01,-15.762078559999997,150.0
8395,680,5,43520,0.0007,0.42621082067489624,2.2878167629241943,679,0.44154173135757446,-2.1005306243896484,0.01,-15.762078559999997,150.0
8396,681,5,43584,0.0007,0.795708417892456,0.5163050889968872,680,-0.7582016587257385,-2.12990140914917,0.01,-15.762078559999997,150.0
8398,682,5,43648,0.0007,0.7251781225204468,0.4309126138687134,681,-0.21002312004566193,-2.150014638900757,0.01,-15.762078559999997,150.0
8399,683,5,43712,0.0007,0.741167426109314,0.7489151358604431,682,-0.8163449764251709,-2.167748212814331,0.01,-15.762078559999997,150.0
8401,684,5,43776,0.0007,0.5158759951591492,0.9887912273406982,683,0.3677477538585663,-2.173877716064453,0.01,-15.762078559999997,150.0
8402,685,5,43840,0.0007,0.6942180395126343,0.7877590656280518,684,-0.8648247718811035,-2.1784422397613525,0.01,-15.67404379,150.0
8403,686,5,43904,0.0007,0.991435170173645,0.20517069101333618,685,-0.33281031250953674,-2.1319429874420166,0.01,-15.67404379,150.0
8405,687,5,43968,0.0007,0.8371288180351257,0.789117693901062,686,0.4200515151023865,-2.1196420192718506,0.01,-15.67404379,150.0
8406,688,5,44032,0.0007,0.9449889659881592,0.437665730714798,687,0.11470555514097214,-2.12660551071167,0.01,-15.67404379,150.0
8408,689,5,44096,0.0007,0.9635267853736877,0.4224713146686554,688,-0.8157809972763062,-2.134148597717285,0.01,-15.67404379,150.0
8409,690,5,44160,0.0007,0.6057016849517822,1.1723957061767578,689,-1.1645560264587402,-2.130836248397827,0.01,-15.67404379,150.0
8408,691,5,44224,0.0007,0.021620631217956543,2.4537978172302246,690,1.4460759162902832,-2.1294918060302734,0.01,-15.67404379,150.0
8406,692,5,44288,0.0007,0.28753525018692017,3.8425607681274414,691,3.0194029808044434,-2.1209564208984375,0.01,-15.67404379,150.0
8405,693,5,44352,0.0007,0.300653874874115,0.35206353664398193,692,-0.19474467635154724,-2.1293046474456787,0.01,-15.67404379,150.0
8402,694,5,44416,0.0007,-0.16262316703796387,0.7593685388565063,693,-1.2804958820343018,-2.1174867153167725,0.01,-15.57546476,150.0
8400,695,5,44480,0.0007,0.8883959054946899,1.7846187353134155,694,0.5292965173721313,-2.091763496398926,0.01,-15.57546476,150.0
8400,696,5,44544,0.0007,0.8627843260765076,0.40270018577575684,695,-0.2158167064189911,-2.0241544246673584,0.01,-15.57546476,150.0
8401,697,5,44608,0.0007,0.9431716799736023,0.22128529846668243,696,0.10951606184244156,-2.037473201751709,0.01,-15.57546476,150.0
8401,698,5,44672,0.0007,0.06801903247833252,3.5905675888061523,697,2.386126756668091,-2.014801263809204,0.01,-15.57546476,150.0
8402,699,5,44736,0.0007,0.8034796714782715,0.3628714084625244,698,-0.506278395652771,-2.0391907691955566,0.01,-15.57546476,150.0
8403,700,5,44800,0.0007,0.7706021070480347,0.15964043140411377,699,0.1659492552280426,-2.063218832015991,0.01,-15.57546476,150.0
8404,701,5,44864,0.0007,0.8696233630180359,0.13591518998146057,700,-0.02128700539469719,-2.07499098777771,0.01,-15.57546476,150.0
8405,702,5,44928,0.0007,0.8475643396377563,0.1954272985458374,701,0.40228545665740967,-2.094067096710205,0.01,-15.57546476,150.0
8405,703,5,44992,0.0007,0.915584921836853,0.09279409795999527,702,-0.30769824981689453,-2.1079230308532715,0.01,-15.57546476,150.0
8404,704,5,45056,0.0007,0.710883617401123,0.1479688584804535,703,-0.0018134471029043198,-2.119144916534424,0.01,-15.397620790000001,150.0
8405,705,5,45120,0.0007,0.9363163709640503,0.5683431625366211,704,0.003035031259059906,-2.0717248916625977,0.01,-15.397620790000001,150.0
8405,706,5,45184,0.0007,0.8455608487129211,0.4973357617855072,705,-0.9115557074546814,-2.0419864654541016,0.01,-15.397620790000001,150.0
8406,707,5,45248,0.0007,0.8216383457183838,0.42014873027801514,706,-0.9999101161956787,-2.0528900623321533,0.01,-15.397620790000001,150.0
8407,708,5,45312,0.0007,0.6684938073158264,1.4023288488388062,707,1.117781162261963,-2.0854666233062744,0.01,-15.397620790000001,150.0
8408,709,5,45376,0.0007,0.7211022973060608,1.0668373107910156,708,0.670574426651001,-2.10433030128479,0.01,-15.397620790000001,150.0
8403,710,5,45440,0.0007,0.7462106943130493,0.23265594244003296,709,0.013749247416853905,-2.115926742553711,0.01,-15.397620790000001,150.0
8405,711,5,45504,0.0007,-0.31140434741973877,4.9006428718566895,710,2.1213414669036865,-2.1146578788757324,0.01,-15.397620790000001,150.0
8406,712,5,45568,0.0007,-0.3455084562301636,0.5820994973182678,711,-0.44033944606781006,-2.1158010959625244,0.01,-15.397620790000001,150.0
8407,713,5,45632,0.0007,-0.0224606990814209,0.529471218585968,712,-0.23962946236133575,-2.118816375732422,0.01,-15.425443920000003,150.0
8408,714,5,45696,0.0007,0.9822849631309509,0.30689379572868347,713,-0.0016930103302001953,-2.079336404800415,0.01,-15.425443920000003,150.0
8409,715,5,45760,0.0007,0.9138046503067017,0.3841514587402344,714,0.02912115305662155,-2.0321409702301025,0.01,-15.425443920000003,150.0
8411,716,5,45824,0.0007,0.6808291077613831,3.3715145587921143,715,1.946446418762207,-2.063263177871704,0.01,-15.425443920000003,150.0
8412,717,5,45888,0.0007,0.9278674125671387,0.4513946771621704,716,0.03945550322532654,-2.0891225337982178,0.01,-15.425443920000003,150.0
8412,718,5,45952,0.0007,0.8500252962112427,1.0920157432556152,717,0.4630663990974426,-2.1212222576141357,0.01,-15.425443920000003,150.0
8413,719,5,46016,0.0007,0.5633581876754761,5.565767765045166,718,2.7664437294006348,-2.107440948486328,0.01,-15.425443920000003,150.0
8412,720,5,46080,0.0007,0.5449197292327881,3.2487246990203857,719,1.5236070156097412,-2.098233699798584,0.01,-15.425443920000003,150.0
8412,721,5,46144,0.0007,0.9470630884170532,0.35659435391426086,720,-0.3607690632343292,-2.102301597595215,0.01,-15.425443920000003,150.0
8412,722,5,46208,0.0007,0.9533454179763794,0.2674862742424011,721,-0.6199727058410645,-2.1086015701293945,0.01,-15.121118619999999,150.0
8413,723,5,46272,0.0007,0.9918119311332703,0.2762088477611542,722,-0.8502870798110962,-2.0942227840423584,0.01,-15.121118619999999,150.0
8414,724,5,46336,0.0007,0.6757100820541382,0.43263933062553406,723,-0.8286435604095459,-2.007371664047241,0.01,-15.121118619999999,150.0
8414,725,5,46400,0.0007,0.8250060081481934,0.2251955270767212,724,-0.6555700898170471,-2.029672861099243,0.01,-15.121118619999999,150.0
8416,726,5,46464,0.0007,-0.14462637901306152,1.1213182210922241,725,0.21068544685840607,-2.041834592819214,0.01,-15.121118619999999,150.0
8417,727,5,46528,0.0007,0.06399339437484741,0.6505629420280457,726,0.7883880138397217,-2.0595884323120117,0.01,-15.121118619999999,150.0
8418,728,5,46592,0.0007,0.2272731065750122,1.0063538551330566,727,1.1279752254486084,-2.0639827251434326,0.01,-15.121118619999999,150.0
8419,729,5,46656,0.0007,0.33518075942993164,1.3789103031158447,728,0.023486942052841187,-2.0785391330718994,0.01,-15.121118619999999,150.0
8420,730,5,46720,0.0007,0.2540450096130371,0.8210400342941284,729,0.48703452944755554,-2.077505350112915,0.01,-15.121118619999999,150.0
8422,731,5,46784,0.0007,0.5740691423416138,0.39021018147468567,730,-0.8134829998016357,-2.094837188720703,0.01,-15.121118619999999,150.0
8422,732,5,46848,0.0007,0.29651975631713867,0.19116392731666565,731,0.32277923822402954,-2.1062450408935547,0.01,-15.13662774,150.0
8424,733,5,46912,0.0007,0.9777470827102661,0.38889163732528687,732,0.5483670830726624,-2.066732883453369,0.01,-15.13662774,150.0
8426,734,5,46976,0.0007,0.6409100294113159,1.8869389295578003,733,0.9266726970672607,-2.0639548301696777,0.01,-15.13662774,150.0
8427,735,5,47040,0.0007,0.8364697694778442,1.5116467475891113,734,0.27946701645851135,-2.0747087001800537,0.01,-15.13662774,150.0
8427,736,5,47104,0.0007,0.9373978972434998,0.7791140079498291,735,0.4450722932815552,-2.088129997253418,0.01,-15.13662774,150.0
8427,737,5,47168,0.0007,0.7308272123336792,5.510531902313232,736,3.0696775913238525,-2.0874996185302734,0.01,-15.13662774,150.0
8427,738,5,47232,0.0007,0.9746542572975159,0.6597661375999451,737,-0.9158613085746765,-2.1064293384552,0.01,-15.13662774,150.0
8429,739,5,47296,0.0007,0.9412922263145447,1.2316348552703857,738,0.13452477753162384,-2.084596872329712,0.01,-15.13662774,150.0
8430,740,5,47360,0.0007,0.9663033485412598,1.2250702381134033,739,-1.460359811782837,-2.0978360176086426,0.01,-15.13662774,150.0
8431,741,5,47424,0.0007,0.9749951958656311,0.9295971393585205,740,-1.574000358581543,-2.1059892177581787,0.0,-15.040823920000003,150.0
8431,742,5,47488,0.0007,0.9936575889587402,0.4689860939979553,741,-1.0187979936599731,-2.0716543197631836,0.0,-15.040823920000003,150.0
8432,743,5,47552,0.0007,0.560167670249939,3.3529129028320312,742,-1.4254651069641113,-2.005417585372925,0.0,-15.040823920000003,150.0
8433,744,5,47616,0.0007,0.6411121487617493,1.276933193206787,743,-1.1015050411224365,-2.040536403656006,0.0,-15.040823920000003,150.0
8435,745,5,47680,0.0007,0.8631255030632019,0.36624979972839355,744,-0.5820419788360596,-2.068389892578125,0.0,-15.040823920000003,150.0
8436,746,5,47744,0.0007,0.838293731212616,0.3997451066970825,745,-0.2122913897037506,-2.082035541534424,0.0,-15.040823920000003,150.0
8437,747,5,47808,0.0007,0.8249186873435974,0.4953591823577881,746,-0.5878431797027588,-2.1359217166900635,0.0,-15.040823920000003,150.0
8439,748,5,47872,0.0007,0.6360167264938354,0.8595280051231384,747,-0.2491265833377838,-2.1356847286224365,0.0,-15.040823920000003,150.0
8441,749,5,47936,0.0007,0.6172693967819214,0.6597331762313843,748,-0.9540625810623169,-2.1349971294403076,0.0,-15.040823920000003,150.0
8441,750,5,48000,0.0007,0.3214253783226013,0.33632364869117737,749,-0.7104302048683167,-2.145111083984375,0.0,-15.13811439,150.0
8441,751,5,48064,0.0007,-0.5655062198638916,0.12536276876926422,750,-0.0217788964509964,-2.150264263153076,0.0,-15.13811439,150.0
8442,752,5,48128,0.0007,0.7222608327865601,0.9407548904418945,751,-0.4515113830566406,-2.0900917053222656,0.0,-15.13811439,150.0
8443,753,5,48192,0.0007,0.8928331732749939,0.679521381855011,752,-0.3034253418445587,-2.118281602859497,0.0,-15.13811439,150.0
8443,754,5,48256,0.0007,0.9535307884216309,0.41999751329421997,753,-0.27317383885383606,-2.145311117172241,0.0,-15.13811439,150.0
8444,755,5,48320,0.0007,0.875234842300415,1.1749444007873535,754,1.2426759004592896,-2.150782585144043,0.0,-15.13811439,150.0
8446,756,5,48384,0.0007,0.652479350566864,3.5663368701934814,755,1.9982616901397705,-2.1491847038269043,0.0,-15.13811439,150.0
8447,757,5,48448,0.0007,0.7584073543548584,2.7773313522338867,756,1.4357061386108398,-2.145378589630127,0.0,-15.13811439,150.0
8448,758,5,48512,0.0007,0.970516562461853,0.35810360312461853,757,0.6433907151222229,-2.1474862098693848,0.0,-15.13811439,150.0
8449,759,5,48576,0.0007,0.9251983165740967,0.6435359716415405,758,0.1139255240559578,-2.139955997467041,0.0,-15.13811439,150.0
8450,760,5,48640,0.0007,0.5994476079940796,3.3664793968200684,759,1.544190526008606,-2.1442909240722656,0.0,-14.856761110000003,150.0
8451,761,5,48704,0.0007,0.9788932204246521,0.7027386426925659,760,0.5433970093727112,-2.123119354248047,0.0,-14.856761110000003,150.0
8453,762,5,48768,0.0007,0.37027913331985474,1.5307743549346924,761,-1.085638403892517,-2.1218769550323486,0.0,-14.856761110000003,150.0
8455,763,5,48832,0.0007,0.8620259165763855,0.8195200562477112,762,-0.6338146328926086,-2.144258975982666,0.0,-14.856761110000003,150.0
8456,764,5,48896,0.0007,0.5893903970718384,2.4014503955841064,763,1.7334767580032349,-2.1568567752838135,0.0,-14.856761110000003,150.0
8457,765,5,48960,0.0007,0.8096949458122253,2.5396318435668945,764,0.39495885372161865,-2.1629817485809326,0.0,-14.856761110000003,150.0
8459,766,5,49024,0.0007,0.4712122678756714,4.7367963790893555,765,1.8451480865478516,-2.1632344722747803,0.0,-14.856761110000003,150.0
8460,767,5,49088,0.0007,0.7337454557418823,5.934821128845215,766,2.38283634185791,-2.1635169982910156,0.0,-14.856761110000003,150.0
8461,768,5,49152,0.0007,0.8907842040061951,0.8630011081695557,767,-0.5769264698028564,-2.165013313293457,0.0,-14.856761110000003,150.0
8461,769,5,49216,0.0007,0.32093697786331177,1.8446801900863647,768,0.33215343952178955,-2.1640982627868652,0.0,-14.579870010000002,150.0
8461,770,5,49280,0.0007,0.9920710921287537,0.14816515147686005,769,0.14666122198104858,-2.1487088203430176,0.0,-14.579870010000002,150.0
8462,771,5,49344,0.0007,0.4952101707458496,0.8891832828521729,770,-0.586082935333252,-2.1206650733947754,0.0,-14.579870010000002,150.0
8463,772,5,49408,0.0007,0.8044437170028687,0.5065756440162659,771,-0.4184820055961609,-2.1313555240631104,0.0,-14.579870010000002,150.0
8464,773,5,49472,0.0007,0.7914655208587646,0.5210892558097839,772,0.37291544675827026,-2.147935390472412,0.0,-14.579870010000002,150.0
8465,774,5,49536,0.0007,0.6451100707054138,0.9678738713264465,773,0.8870450854301453,-2.1513009071350098,0.0,-14.579870010000002,150.0
8466,775,5,49600,0.0007,-0.4195035696029663,1.8214048147201538,774,1.2162535190582275,-2.155238151550293,0.0,-14.579870010000002,150.0
8451,776,5,49664,0.0007,-0.47802603244781494,1.1118837594985962,775,0.7706716060638428,-2.152817726135254,0.0,-14.579870010000002,150.0
8395,777,5,49728,0.0007,-0.2566291093826294,0.5365618467330933,776,-1.0271196365356445,-2.1515140533447266,0.0,-14.579870010000002,150.0
8385,778,5,49792,0.0007,-0.00411534309387207,1.6779546737670898,777,0.6571961641311646,-2.148585319519043,0.0,-14.579870010000002,150.0
8385,779,5,49856,0.0007,0.006338298320770264,0.7902811765670776,778,-0.32867705821990967,-2.1465022563934326,0.0,-14.343271,150.0
8385,780,5,49920,0.0007,0.9450448751449585,0.49574166536331177,779,0.08068123459815979,-2.0921738147735596,0.0,-14.343271,150.0
8386,781,5,49984,0.0007,-0.3236868381500244,0.6546428799629211,780,-0.2775309681892395,-2.0710740089416504,0.0,-14.343271,150.0
8383,782,5,50048,0.0007,0.4577697515487671,1.6330856084823608,781,0.9043919444084167,-2.0492100715637207,0.0,-14.343271,150.0
8383,783,5,50112,0.0007,0.7633455395698547,0.2701916992664337,782,-0.1139061376452446,-2.065838098526001,0.0,-14.343271,150.0
8385,784,5,50176,0.0007,-0.31843531131744385,2.0131032466888428,783,0.7775967121124268,-2.1101274490356445,0.0,-14.343271,150.0
8386,785,5,50240,0.0007,0.27187854051589966,0.7673525810241699,784,-0.3904078006744385,-2.121575117111206,0.0,-14.343271,150.0
8388,786,5,50304,0.0007,0.09491711854934692,1.4746659994125366,785,-0.09881451725959778,-2.128584384918213,0.0,-14.343271,150.0
8389,787,6,50368,0.0007,-0.5476608276367188,1.0274802446365356,786,-1.6286680698394775,-2.152496099472046,0.0,-14.343271,150.0
8390,788,6,50432,0.0007,-0.05591285228729248,1.3602007627487183,787,-1.8204371929168701,-2.1569066047668457,0.0,-14.36716788,150.0
8391,789,6,50496,0.0007,0.991553008556366,0.1934080272912979,788,-0.48598504066467285,-2.109678030014038,0.0,-14.36716788,150.0
8392,790,6,50560,0.0007,0.7282297611236572,0.2001122087240219,789,-0.2245018184185028,-2.0800228118896484,0.0,-14.36716788,150.0
8392,791,6,50624,0.0007,0.0980347990989685,1.4639391899108887,790,1.4437694549560547,-2.101029872894287,0.0,-14.36716788,150.0
8392,792,6,50688,0.0007,0.5536141395568848,1.3526992797851562,791,0.7685583233833313,-2.1180200576782227,0.0,-14.36716788,150.0
8393,793,6,50752,0.0007,0.655550479888916,0.8245221376419067,792,0.3667292594909668,-2.1165499687194824,0.0,-14.36716788,150.0
8393,794,6,50816,0.0007,0.053614675998687744,3.495077133178711,793,0.655197262763977,-2.137101650238037,0.0,-14.36716788,150.0
8394,795,6,50880,0.0007,0.0771380066871643,1.1106047630310059,794,-1.666365385055542,-2.14199161529541,0.0,-14.36716788,150.0
8394,796,6,50944,0.0007,0.05388861894607544,0.9036614894866943,795,-1.1647679805755615,-2.1498756408691406,0.0,-14.36716788,150.0
8394,797,6,51008,0.0007,0.05204254388809204,0.3903712034225464,796,-1.1072723865509033,-2.154297351837158,0.0,-14.481018520000003,150.0
8395,798,6,51072,0.0007,0.98868727684021,0.16052207350730896,797,-0.3727894723415375,-2.1390984058380127,0.0,-14.481018520000003,150.0
8396,799,6,51136,0.0007,0.8028888702392578,0.6519975662231445,798,0.3549138307571411,-2.030395984649658,0.0,-14.481018520000003,150.0
8397,800,6,51200,0.0007,0.9344667792320251,0.4270390570163727,799,0.49764105677604675,-2.040806293487549,0.0,-14.481018520000003,150.0
8398,801,6,51264,0.0007,0.8660622239112854,0.6871667504310608,800,-0.9014654755592346,-2.068781852722168,0.0,-14.481018520000003,150.0
8399,802,6,51328,0.0007,0.452012836933136,1.3177602291107178,801,-0.6250255107879639,-2.1102466583251953,0.0,-14.481018520000003,150.0
8399,803,6,51392,0.0007,0.7144880294799805,0.5460104942321777,802,-0.15924356877803802,-2.128551721572876,0.0,-14.481018520000003,150.0
8401,804,6,51456,0.0007,0.5524098873138428,1.3663842678070068,803,0.7116990089416504,-2.134944200515747,0.0,-14.481018520000003,150.0
8402,805,6,51520,0.0007,0.877630889415741,0.28928062319755554,804,-0.06646497547626495,-2.124011278152466,0.0,-14.481018520000003,150.0
8402,806,6,51584,0.0007,0.8234543800354004,0.2340301126241684,805,-0.09860117733478546,-2.142000675201416,0.0,-14.481018520000003,150.0
8403,807,6,51648,0.0007,-0.5431281328201294,0.3148001432418823,806,0.1916743814945221,-2.126025676727295,0.0,-14.387326830000005,150.0
8402,808,6,51712,0.0007,0.981583297252655,0.23018169403076172,807,0.11417786031961441,-2.0291199684143066,0.0,-14.387326830000005,150.0
8402,809,6,51776,0.0007,0.7934073209762573,0.7932706475257874,808,0.28591009974479675,-2.0515599250793457,0.0,-14.387326830000005,150.0
8401,810,6,51840,0.0007,0.9021990299224854,0.4493386745452881,809,-0.08494749665260315,-2.0547258853912354,0.0,-14.387326830000005,150.0
8401,811,6,51904,0.0007,-1.4856531620025635,4.049400329589844,810,2.6113626956939697,-2.0475926399230957,0.0,-14.387326830000005,150.0
8401,812,6,51968,0.0007,-0.1583796739578247,2.948173761367798,811,1.01694655418396,-2.0557641983032227,0.0,-14.387326830000005,150.0
8401,813,6,52032,0.0007,0.9528006315231323,0.12173756211996078,812,-0.2634168863296509,-2.057034492492676,0.0,-14.387326830000005,150.0
8401,814,6,52096,0.0007,0.7858299612998962,0.8614928722381592,813,0.6144610643386841,-2.0605051517486572,0.0,-14.387326830000005,150.0
8402,815,6,52160,0.0007,0.8057899475097656,0.9875656366348267,814,-0.772894561290741,-2.082531452178955,0.0,-14.387326830000005,150.0
8402,816,6,52224,0.0007,0.5069345235824585,1.2900875806808472,815,-1.2537037134170532,-2.0916543006896973,0.0,-14.430738800000002,150.0
8403,817,6,52288,0.0007,0.9929279685020447,0.6115217208862305,816,-1.3646674156188965,-2.040330648422241,0.0,-14.430738800000002,150.0
8403,818,6,52352,0.0007,0.7536125183105469,0.6974142789840698,817,-0.28247731924057007,-1.97010338306427,0.0,-14.430738800000002,150.0
8402,819,6,52416,0.0007,0.6202729940414429,1.0645475387573242,818,0.3611147105693817,-2.029296398162842,0.0,-14.430738800000002,150.0
8400,820,6,52480,0.0007,0.9331650137901306,0.5099778175354004,819,-0.6288219690322876,-2.061363458633423,0.0,-14.430738800000002,150.0
8399,821,6,52544,0.0007,0.6946471929550171,4.182310581207275,820,1.7374860048294067,-2.0970377922058105,0.0,-14.430738800000002,150.0
8398,822,6,52608,0.0007,0.9462767839431763,0.5866761803627014,821,-0.5728434324264526,-2.1002063751220703,0.0,-14.430738800000002,150.0
8397,823,6,52672,0.0007,0.8595025539398193,1.6213252544403076,822,0.30841389298439026,-2.108522653579712,0.0,-14.430738800000002,150.0
8397,824,6,52736,0.0007,0.8827014565467834,1.0491092205047607,823,0.37191349267959595,-2.1240451335906982,0.0,-14.430738800000002,150.0
8396,825,6,52800,0.0007,0.9730203151702881,0.33104538917541504,824,0.6387509107589722,-2.1310486793518066,0.0,-14.271192589999998,150.0
8395,826,6,52864,0.0007,0.6844393014907837,2.9824376106262207,825,1.1343965530395508,-2.12427020072937,0.0,-14.271192589999998,150.0
8395,827,6,52928,0.0007,0.38071030378341675,0.8247791528701782,826,0.029091589152812958,-1.9974839687347412,0.0,-14.271192589999998,150.0
8395,828,6,52992,0.0007,0.7526239156723022,1.073918104171753,827,0.058960624039173126,-2.0172414779663086,0.0,-14.271192589999998,150.0
8396,829,6,53056,0.0007,0.7146997451782227,3.0946907997131348,828,1.3115392923355103,-2.020674228668213,0.0,-14.271192589999998,150.0
8397,830,6,53120,0.0007,0.938575804233551,1.1176470518112183,829,-0.07731704413890839,-2.033451557159424,0.0,-14.271192589999998,150.0
8398,831,6,53184,0.0007,0.9560763835906982,2.0979676246643066,830,-1.785832166671753,-2.0533018112182617,0.0,-14.271192589999998,150.0
8399,832,6,53248,0.0007,0.9157393574714661,1.743065595626831,831,-0.6192594766616821,-2.0702555179595947,0.0,-14.271192589999998,150.0
8400,833,6,53312,0.0007,0.9491702914237976,0.8841797113418579,832,-1.098488688468933,-2.0894744396209717,0.0,-14.271192589999998,150.0
8401,834,6,53376,0.0007,0.9681133031845093,0.47990697622299194,833,-0.9727226495742798,-2.072920799255371,0.0,-14.271192589999998,150.0
8401,835,6,53440,0.0007,0.9047315120697021,1.2416982650756836,834,-1.0257463455200195,-2.0687453746795654,0.0,-14.116543800000002,150.0
8401,836,6,53504,0.0007,0.9884743094444275,0.3910999894142151,835,-0.042274393141269684,-2.023179054260254,0.0,-14.116543800000002,150.0
8401,837,6,53568,0.0007,0.8431900143623352,1.581562876701355,836,-1.2438864707946777,-2.0421481132507324,0.0,-14.116543800000002,150.0
8402,838,6,53632,0.0007,0.8905356526374817,1.034411907196045,837,0.5255953073501587,-2.0890321731567383,0.0,-14.116543800000002,150.0
8404,839,6,53696,0.0007,0.8215369582176208,1.287766695022583,838,0.7210468053817749,-2.092621088027954,0.0,-14.116543800000002,150.0
8403,840,6,53760,0.0007,0.6526877880096436,2.6038689613342285,839,-0.2644616663455963,-2.105367660522461,0.0,-14.116543800000002,150.0
8404,841,6,53824,0.0007,0.8707587718963623,0.8314809799194336,840,-0.8256537914276123,-2.0978097915649414,0.0,-14.116543800000002,150.0
8403,842,6,53888,0.0007,0.8660022020339966,1.3058604001998901,841,1.1011946201324463,-2.0854742527008057,0.0,-14.116543800000002,150.0
8404,843,6,53952,0.0007,0.8649873733520508,2.5850255489349365,842,-1.9637410640716553,-2.068523645401001,0.0,-14.116543800000002,150.0
8404,844,6,54016,0.0007,0.9766258001327515,0.46792107820510864,843,-0.9716852903366089,-2.090013027191162,0.0,-14.19778542,150.0
8404,845,6,54080,0.0007,0.9921181201934814,0.26941290497779846,844,-0.5099723935127258,-2.0751500129699707,0.0,-14.19778542,150.0
8402,846,6,54144,0.0007,0.7882044911384583,0.41619357466697693,845,0.5666072964668274,-2.0034892559051514,0.0,-14.19778542,150.0
8401,847,6,54208,0.0007,0.8705407381057739,0.37355512380599976,846,0.025493431836366653,-2.025681972503662,0.0,-14.19778542,150.0
8402,848,6,54272,0.0007,0.9438490867614746,0.31287434697151184,847,-0.39434051513671875,-2.0322465896606445,0.0,-14.19778542,150.0
8402,849,6,54336,0.0007,0.8496913909912109,1.1124215126037598,848,-0.4851725101470947,-2.0315589904785156,0.0,-14.19778542,150.0
8403,850,6,54400,0.0007,0.6887974739074707,2.416810989379883,849,1.7087501287460327,-2.051701068878174,0.0,-14.19778542,150.0
8403,851,6,54464,0.0007,0.9075598120689392,0.41446277499198914,850,-0.7476789355278015,-2.080397129058838,0.0,-14.19778542,150.0
8403,852,6,54528,0.0007,0.9075300693511963,0.318627268075943,851,-0.8630043864250183,-2.0790657997131348,0.0,-14.19778542,150.0
8400,853,6,54592,0.0007,0.5001150369644165,0.23505379259586334,852,-0.27493786811828613,-2.0828421115875244,0.0,-14.19778542,150.0
8399,854,6,54656,0.0007,-0.2871614694595337,0.2377496361732483,853,-0.17956414818763733,-2.083078384399414,0.0,-14.235721139999999,150.0
8399,855,6,54720,0.0007,0.9722687602043152,0.4027363657951355,854,-0.7503156065940857,-2.0215368270874023,0.0,-14.235721139999999,150.0
8399,856,6,54784,0.0007,0.7006872892379761,0.29247933626174927,855,-0.39960038661956787,-2.0485386848449707,0.0,-14.235721139999999,150.0
8400,857,6,54848,0.0007,0.7649487257003784,1.3172452449798584,856,1.2076969146728516,-2.090736150741577,0.0,-14.235721139999999,150.0
8400,858,6,54912,0.0007,0.8628909587860107,1.625915765762329,857,1.0781922340393066,-2.112426280975342,0.0,-14.235721139999999,150.0
8401,859,6,54976,0.0007,0.9886958599090576,0.13100586831569672,858,-0.5686703324317932,-2.1238346099853516,0.0,-14.235721139999999,150.0
8402,860,6,55040,0.0007,0.7874452471733093,2.9789140224456787,859,1.5149458646774292,-2.104907989501953,0.0,-14.235721139999999,150.0
8403,861,6,55104,0.0007,0.8360185027122498,0.49729984998703003,860,-0.06898712366819382,-2.1099157333374023,0.0,-14.235721139999999,150.0
8404,862,6,55168,0.0007,-2.679842948913574,0.476238876581192,861,-0.2459167242050171,-2.121584177017212,0.0,-14.235721139999999,150.0
8405,863,6,55232,0.0007,0.11531007289886475,0.11524999141693115,862,-0.28185349702835083,-2.115739107131958,0.0,-14.570321760000004,150.0
8406,864,6,55296,0.0007,0.9939174652099609,0.11680213361978531,863,0.15755155682563782,-2.0655617713928223,0.0,-14.570321760000004,150.0
8407,865,6,55360,0.0007,0.8637770414352417,0.49223124980926514,864,0.17854879796504974,-2.035738706588745,0.0,-14.570321760000004,150.0
8407,866,6,55424,0.0007,0.7765040993690491,1.0801030397415161,865,0.004940532147884369,-2.074862480163574,0.0,-14.570321760000004,150.0
8408,867,6,55488,0.0007,0.38677603006362915,1.0546391010284424,866,0.4519081115722656,-2.093470573425293,0.0,-14.570321760000004,150.0
8408,868,6,55552,0.0007,0.2985609769821167,2.436491012573242,867,1.4105823040008545,-2.104665756225586,0.0,-14.570321760000004,150.0
8409,869,6,55616,0.0007,0.046409785747528076,0.4164842665195465,868,0.09868328273296356,-2.0938124656677246,0.0,-14.570321760000004,150.0
8409,870,6,55680,0.0007,0.3064136505126953,0.4711431562900543,869,-0.4149096608161926,-2.081902503967285,0.0,-14.570321760000004,150.0
8410,871,6,55744,0.0007,0.18854743242263794,0.25564736127853394,870,-0.48535218834877014,-2.087553024291992,0.0,-14.570321760000004,150.0
8411,872,6,55808,0.0007,0.14517909288406372,0.1730906367301941,871,-0.3701147735118866,-2.1040282249450684,0.0,-14.470626659999999,150.0
8411,873,6,55872,0.0007,0.9912564754486084,0.08630290627479553,872,0.13219554722309113,-2.109769344329834,0.0,-14.470626659999999,150.0
8412,874,6,55936,0.0007,0.7176878452301025,1.3674036264419556,873,-0.7421177625656128,-2.0547473430633545,0.0,-14.470626659999999,150.0
8413,875,6,56000,0.0007,0.7058727741241455,4.705859661102295,874,3.06693434715271,-2.0608272552490234,0.0,-14.470626659999999,150.0
8414,876,6,56064,0.0007,0.9279471635818481,0.5615972280502319,875,0.0931372418999672,-2.076387405395508,0.0,-14.470626659999999,150.0
8415,877,6,56128,0.0007,0.8975465893745422,0.8546150326728821,876,-0.6911783218383789,-2.092714548110962,0.0,-14.470626659999999,150.0
8414,878,6,56192,0.0007,0.7059003710746765,1.4257835149765015,877,0.8162429332733154,-2.1103532314300537,0.0,-14.470626659999999,150.0
8415,879,6,56256,0.0007,0.6305074691772461,3.637599229812622,878,1.2717220783233643,-2.1161201000213623,0.0,-14.470626659999999,150.0
8417,880,6,56320,0.0007,0.7606114149093628,0.7642450928688049,879,-0.5088906288146973,-2.1016006469726562,0.0,-14.470626659999999,150.0
8417,881,6,56384,0.0007,0.729623556137085,0.2988649010658264,880,-0.3274931013584137,-2.102160930633545,0.0,-14.470626659999999,150.0
8417,882,6,56448,0.0007,-0.4279799461364746,1.008469820022583,881,-0.7688753604888916,-2.086358070373535,0.0,-14.41512123,150.0
8416,883,6,56512,0.0007,0.9758440256118774,0.4052122235298157,882,-0.13268660008907318,-2.0311741828918457,0.0,-14.41512123,150.0
8417,884,6,56576,0.0007,0.8469533324241638,1.23162841796875,883,-0.04755584895610809,-2.0178239345550537,0.0,-14.41512123,150.0
8417,885,6,56640,0.0007,0.960232675075531,0.4336909055709839,884,0.34295710921287537,-2.0767273902893066,0.0,-14.41512123,150.0
8417,886,6,56704,0.0007,0.970851480960846,0.3256858289241791,885,-0.3258208930492401,-2.087113857269287,0.0,-14.41512123,150.0
8417,887,6,56768,0.0007,0.8243212699890137,2.4772205352783203,886,2.4255502223968506,-2.0974550247192383,0.0,-14.41512123,150.0
8417,888,6,56832,0.0007,0.897551953792572,0.9922041296958923,887,0.9616078734397888,-2.1087865829467773,0.0,-14.41512123,150.0
8418,889,6,56896,0.0007,0.7875998020172119,5.289880752563477,888,2.6434803009033203,-2.102538585662842,0.0,-14.41512123,150.0
8418,890,6,56960,0.0007,0.8576135635375977,1.2826330661773682,889,-0.5927969813346863,-2.136962413787842,0.0,-14.41512123,150.0
8419,891,6,57024,0.0007,0.8070212602615356,0.6889805793762207,890,-0.8108618855476379,-2.1314616203308105,0.0,-14.537391129999998,150.0
8418,892,6,57088,0.0007,0.980036199092865,0.5666667819023132,891,0.5749661922454834,-2.0825138092041016,0.0,-14.537391129999998,150.0
8419,893,6,57152,0.0007,0.6412934064865112,1.4035630226135254,892,0.11307671666145325,-2.036248207092285,0.0,-14.537391129999998,150.0
8420,894,6,57216,0.0007,0.8936078548431396,0.608486533164978,893,0.10502912104129791,-2.0516719818115234,0.0,-14.537391129999998,150.0
8421,895,6,57280,0.0007,0.9170827269554138,1.2646483182907104,894,-1.8305647373199463,-2.069739580154419,0.0,-14.537391129999998,150.0
8422,896,6,57344,0.0007,0.9483875036239624,0.37534451484680176,895,0.23695243895053864,-2.092846155166626,0.0,-14.537391129999998,150.0
8420,897,6,57408,0.0007,0.9235290288925171,0.8530254364013672,896,0.20761212706565857,-2.108405590057373,0.0,-14.537391129999998,150.0
8417,898,6,57472,0.0007,0.9820147752761841,0.20004895329475403,897,0.15043248236179352,-2.103893280029297,0.0,-14.537391129999998,150.0
8413,899,6,57536,0.0007,0.7209078669548035,1.8608195781707764,898,-0.024067014455795288,-2.113107681274414,0.0,-14.537391129999998,150.0
8409,900,6,57600,0.0007,0.9137012958526611,0.37230783700942993,899,-0.8281137943267822,-2.098858594894409,0.0,-14.705665379999997,150.0
8409,901,6,57664,0.0007,0.847192645072937,0.31916970014572144,900,-0.9604878425598145,-2.100862503051758,0.0,-14.705665379999997,150.0
8409,902,6,57728,0.0007,0.9047500491142273,0.8571025133132935,901,-1.170497179031372,-1.997460961341858,0.0,-14.705665379999997,150.0
8409,903,6,57792,0.0007,0.7267337441444397,1.016374945640564,902,1.0430978536605835,-2.0186774730682373,0.0,-14.705665379999997,150.0
8410,904,6,57856,0.0007,-1.2145671844482422,7.067739963531494,903,2.579314708709717,-2.0365428924560547,0.0,-14.705665379999997,150.0
8410,905,6,57920,0.0007,0.6626248359680176,0.3548009395599365,904,-0.4703570604324341,-2.0789899826049805,0.0,-14.705665379999997,150.0
8411,906,6,57984,0.0007,0.30308282375335693,2.763288736343384,905,0.8058348894119263,-2.1022846698760986,0.0,-14.705665379999997,150.0
8412,907,6,58048,0.0007,0.7799771428108215,0.6950820684432983,906,-0.07621019333600998,-2.124274492263794,0.0,-14.705665379999997,150.0
8412,908,6,58112,0.0007,0.9049332737922668,0.17835259437561035,907,0.10907571017742157,-2.129363536834717,0.0,-14.705665379999997,150.0
8413,909,6,58176,0.0007,-0.4518747329711914,0.9656376242637634,908,-0.7918775677680969,-2.1325254440307617,0.0,-14.705665379999997,150.0
8413,910,6,58240,0.0007,0.07192134857177734,0.36118754744529724,909,-0.5716692805290222,-2.1188459396362305,0.0,-14.598152420000002,150.0
8413,911,6,58304,0.0007,0.9886573553085327,0.4142131805419922,910,-0.6380127668380737,-2.0841078758239746,0.0,-14.598152420000002,150.0
8413,912,6,58368,0.0007,0.752500057220459,2.1966726779937744,911,0.6214805245399475,-2.0990991592407227,0.0,-14.598152420000002,150.0
8412,913,6,58432,0.0007,0.9215630888938904,1.3140299320220947,912,1.0904184579849243,-2.1111929416656494,0.0,-14.598152420000002,150.0
8411,914,6,58496,0.0007,0.9511798620223999,1.4819729328155518,913,0.6758418679237366,-2.1255717277526855,0.0,-14.598152420000002,150.0
8411,915,6,58560,0.0007,0.9787600040435791,0.8185634613037109,914,0.11975550651550293,-2.138685703277588,0.0,-14.598152420000002,150.0
8412,916,6,58624,0.0007,0.9661144018173218,1.5577144622802734,915,0.06226898729801178,-2.1306614875793457,0.0,-14.598152420000002,150.0
8412,917,6,58688,0.0007,0.9605519771575928,1.6519895792007446,916,0.43594780564308167,-2.1345198154449463,0.0,-14.598152420000002,150.0
8412,918,6,58752,0.0007,0.990815281867981,0.504325270652771,917,-0.4297194182872772,-2.126265525817871,0.0,-14.598152420000002,150.0
8412,919,6,58816,0.0007,0.9304333925247192,3.3714966773986816,918,1.7377355098724365,-2.1208558082580566,0.01,-14.316567339999999,150.0
8412,920,6,58880,0.0007,0.9555023312568665,4.375472068786621,919,1.7844220399856567,-2.102342128753662,0.01,-14.316567339999999,150.0
8413,921,7,58944,0.0007,0.5316022634506226,6.673640251159668,920,-3.9441580772399902,-2.030496835708618,0.01,-14.316567339999999,150.0
8413,922,7,59008,0.0007,0.8986358642578125,3.83357572555542,921,-3.7697672843933105,-2.0583155155181885,0.01,-14.316567339999999,150.0
8412,923,7,59072,0.0007,-1.6833491325378418,3.2317824363708496,922,-1.985506296157837,-2.0919339656829834,0.01,-14.316567339999999,150.0
8412,924,7,59136,0.0007,0.37238210439682007,1.1466643810272217,923,-0.372855007648468,-2.1163201332092285,0.01,-14.316567339999999,150.0
8413,925,7,59200,0.0007,0.4153956174850464,0.21113374829292297,924,0.37613314390182495,-2.123361110687256,0.01,-14.316567339999999,150.0
8412,926,7,59264,0.0007,0.5635921359062195,0.20663517713546753,925,-0.5035962462425232,-2.131204605102539,0.01,-14.316567339999999,150.0
8413,927,7,59328,0.0007,0.004426002502441406,2.030585527420044,926,1.1123884916305542,-2.119722366333008,0.01,-14.316567339999999,150.0
8413,928,7,59392,0.0007,0.05010807514190674,0.39627644419670105,927,-0.9276487231254578,-2.1252894401550293,0.01,-14.316567339999999,150.0
8411,929,7,59456,0.0007,0.01005333662033081,1.5621074438095093,928,0.5110693573951721,-2.122905731201172,0.01,-14.49375525,150.0
8409,930,7,59520,0.0007,0.8549387454986572,2.3303415775299072,929,-1.3492522239685059,-2.0025863647460938,0.01,-14.49375525,150.0
8407,931,7,59584,0.0007,0.6165950298309326,2.5386600494384766,930,-1.4079556465148926,-2.0168519020080566,0.01,-14.49375525,150.0
8406,932,7,59648,0.0007,0.8969619870185852,1.078523874282837,931,1.4027955532073975,-2.032763957977295,0.01,-14.49375525,150.0
8406,933,7,59712,0.0007,0.44462335109710693,9.326900482177734,932,3.9240612983703613,-2.070769786834717,0.01,-14.49375525,150.0
8406,934,7,59776,0.0007,0.7912042140960693,1.2637770175933838,933,0.8784968256950378,-2.0850272178649902,0.01,-14.49375525,150.0
8405,935,7,59840,0.0007,-1.0936472415924072,1.381864309310913,934,-0.35199540853500366,-2.0966665744781494,0.01,-14.49375525,150.0
8405,936,7,59904,0.0007,0.3915597200393677,0.526080846786499,935,0.372991681098938,-2.1074395179748535,0.01,-14.49375525,150.0
8406,937,7,59968,0.0007,-0.015778422355651855,0.7695275545120239,936,0.5687483549118042,-2.0960872173309326,0.01,-14.49375525,150.0
8406,938,7,60032,0.0007,0.18862932920455933,0.6553996801376343,937,-0.4819541573524475,-2.1016886234283447,0.01,-14.474989879999999,150.0
8406,939,7,60096,0.0007,0.9872092604637146,0.8126472234725952,938,-1.4309709072113037,-2.0607621669769287,0.01,-14.474989879999999,150.0
8406,940,7,60160,0.0007,0.7795292735099792,0.9331455230712891,939,-0.776874303817749,-2.0425944328308105,0.01,-14.474989879999999,150.0
8406,941,7,60224,0.0007,0.9208332896232605,0.17906300723552704,940,-0.18245576322078705,-2.0751113891601562,0.01,-14.474989879999999,150.0
8406,942,7,60288,0.0007,0.694587767124176,0.42763465642929077,941,0.4085000157356262,-2.0545876026153564,0.01,-14.474989879999999,150.0
8406,943,7,60352,0.0007,0.2612841725349426,1.9194748401641846,942,0.9625453948974609,-2.062744617462158,0.01,-14.474989879999999,150.0
8405,944,7,60416,0.0007,0.36773234605789185,2.157493829727173,943,1.7509815692901611,-2.0885767936706543,0.01,-14.474989879999999,150.0
8406,945,7,60480,0.0007,0.12904638051986694,1.2199329137802124,944,-0.05411797761917114,-2.0996792316436768,0.01,-14.474989879999999,150.0
8406,946,7,60544,0.0007,0.14628386497497559,1.051487684249878,945,0.07486872375011444,-2.1278412342071533,0.01,-14.474989879999999,150.0
8405,947,7,60608,0.0007,-0.10008156299591064,1.0444889068603516,946,-0.8750782608985901,-2.0852973461151123,0.01,-14.615412249999999,150.0
8403,948,7,60672,0.0007,0.9902092814445496,0.18979030847549438,947,-0.5335670709609985,-2.0645804405212402,0.01,-14.615412249999999,150.0
8402,949,7,60736,0.0007,0.9500178694725037,0.09966638684272766,948,0.29015684127807617,-1.9395692348480225,0.01,-14.615412249999999,150.0
8402,950,7,60800,0.0007,0.4408039450645447,2.632892608642578,949,-1.0070140361785889,-1.9671388864517212,0.01,-14.615412249999999,150.0
8403,951,7,60864,0.0007,0.8151116371154785,0.8597508072853088,950,-0.20304077863693237,-1.981259822845459,0.01,-14.615412249999999,150.0
8404,952,7,60928,0.0007,0.9237657189369202,0.4135114848613739,951,0.2081637680530548,-2.008376359939575,0.01,-14.615412249999999,150.0
8404,953,7,60992,0.0007,0.933599054813385,0.768372118473053,952,1.00425386428833,-2.0561890602111816,0.01,-14.615412249999999,150.0
8404,954,7,61056,0.0007,0.9044154286384583,0.5684206485748291,953,0.4829453229904175,-2.085841178894043,0.01,-14.615412249999999,150.0
8403,955,7,61120,0.0007,0.8725159764289856,0.5681962966918945,954,-1.154402256011963,-2.0875558853149414,0.01,-14.615412249999999,150.0
8404,956,7,61184,0.0007,0.7726956009864807,0.9020425081253052,955,-1.4954895973205566,-2.076663017272949,0.01,-14.615412249999999,150.0
8404,957,7,61248,0.0007,0.5750770568847656,0.6617060303688049,956,-1.2974047660827637,-2.0532102584838867,0.01,-14.92950879,150.0
8403,958,7,61312,0.0007,0.9599272608757019,1.2543233633041382,957,-1.2172658443450928,-2.0024240016937256,0.01,-14.92950879,150.0
8404,959,7,61376,0.0007,0.8584173917770386,0.3876364529132843,958,0.28625279664993286,-2.0357394218444824,0.01,-14.92950879,150.0
8404,960,7,61440,0.0007,0.4653676152229309,2.381918430328369,959,-0.43557634949684143,-2.0890982151031494,0.01,-14.92950879,150.0
8405,961,7,61504,0.0007,0.9086567759513855,0.32650721073150635,960,0.7276381850242615,-2.119899034500122,0.01,-14.92950879,150.0
8406,962,7,61568,0.0007,0.6361903548240662,1.1696655750274658,961,0.9075682163238525,-2.1181766986846924,0.01,-14.92950879,150.0
8406,963,7,61632,0.0007,0.4472644329071045,2.5898566246032715,962,-0.037237778306007385,-2.1130905151367188,0.01,-14.92950879,150.0
8407,964,7,61696,0.0007,0.3272669315338135,2.323380947113037,963,0.8186401128768921,-2.0818703174591064,0.01,-14.92950879,150.0
8408,965,7,61760,0.0007,0.6954933404922485,0.6059954166412354,964,-0.2928202152252197,-2.0614066123962402,0.01,-14.92950879,150.0
8409,966,7,61824,0.0007,0.7905998229980469,0.2408318817615509,965,-0.5094351768493652,-2.069668769836426,0.01,-14.97966077,150.0
8410,967,7,61888,0.0007,0.995488166809082,0.14262063801288605,966,0.062109701335430145,-2.0416781902313232,0.01,-14.97966077,150.0
8411,968,7,61952,0.0007,0.4052777886390686,2.482469320297241,967,-0.10406067967414856,-2.027402877807617,0.01,-14.97966077,150.0
8411,969,7,62016,0.0007,0.34521007537841797,2.1068148612976074,968,-0.32323792576789856,-2.035346031188965,0.01,-14.97966077,150.0
8412,970,7,62080,0.0007,0.8499895334243774,0.7931743860244751,969,-1.4153637886047363,-2.0730059146881104,0.01,-14.97966077,150.0
8412,971,7,62144,0.0007,0.1590450406074524,0.8714110255241394,970,-0.002705678343772888,-2.0962114334106445,0.01,-14.97966077,150.0
8412,972,7,62208,0.0007,0.25839751958847046,3.9965672492980957,971,1.2087335586547852,-2.115373134613037,0.01,-14.97966077,150.0
8412,973,7,62272,0.0007,0.44812101125717163,4.252951622009277,972,2.406975746154785,-2.1149706840515137,0.01,-14.97966077,150.0
8413,974,7,62336,0.0007,0.2041938304901123,2.2765002250671387,973,1.7714290618896484,-2.1167821884155273,0.01,-14.97966077,150.0
8412,975,7,62400,0.0007,0.6369872093200684,0.8922944068908691,974,-0.762657642364502,-2.1110970973968506,0.01,-15.11998591,150.0
8413,976,7,62464,0.0007,0.05979466438293457,0.8117396831512451,975,-1.2074836492538452,-2.0999438762664795,0.01,-15.11998591,150.0
8413,977,7,62528,0.0007,0.40760141611099243,0.6683383584022522,976,0.014760598540306091,-2.1061675548553467,0.01,-15.11998591,150.0
8413,978,7,62592,0.0007,0.581139326095581,0.7914296388626099,977,-0.34905749559402466,-2.1214027404785156,0.01,-15.11998591,150.0
8414,979,7,62656,0.0007,0.2637597918510437,2.1082684993743896,978,1.8835852146148682,-2.152066230773926,0.01,-15.11998591,150.0
8414,980,7,62720,0.0007,0.5616081953048706,1.0342392921447754,979,0.7951332926750183,-2.15777587890625,0.01,-15.11998591,150.0
8415,981,7,62784,0.0007,0.8345693349838257,0.19520936906337738,980,-0.5345422029495239,-2.1442155838012695,0.01,-15.11998591,150.0
8415,982,7,62848,0.0007,0.8198040723800659,0.10679037868976593,981,-0.19765564799308777,-2.1365513801574707,0.01,-15.11998591,150.0
8416,983,7,62912,0.0007,0.1291412115097046,1.2451295852661133,982,0.6237515807151794,-2.1420273780822754,0.01,-15.11998591,150.0
8412,984,7,62976,0.0007,-0.5706495046615601,0.44880062341690063,983,0.042859986424446106,-2.1310529708862305,0.01,-15.11998591,150.0
8376,985,7,63040,0.0007,-0.011454224586486816,1.7372794151306152,984,0.947799026966095,-2.116223096847534,0.01,-14.823734209999998,150.0
8372,986,7,63104,0.0007,0.9845485091209412,0.4933246374130249,985,-0.7386264801025391,-2.079460859298706,0.01,-14.823734209999998,150.0
8369,987,7,63168,0.0007,0.7067445516586304,0.5595746040344238,986,0.6417487263679504,-2.075739860534668,0.01,-14.823734209999998,150.0
8369,988,7,63232,0.0007,-0.5507762432098389,2.7510385513305664,987,0.9047213792800903,-2.0717391967773438,0.01,-14.823734209999998,150.0
8366,989,7,63296,0.0007,-0.11295580863952637,4.822663307189941,988,2.508197784423828,-2.1050829887390137,0.01,-14.823734209999998,150.0
8364,990,7,63360,0.0007,0.7135125398635864,0.571194589138031,989,-0.5866307020187378,-2.108480930328369,0.01,-14.823734209999998,150.0
8361,991,7,63424,0.0007,0.8122650384902954,0.3427971601486206,990,0.50310218334198,-2.0929312705993652,0.01,-14.823734209999998,150.0
8360,992,7,63488,0.0007,-0.35118377208709717,1.2589976787567139,991,-0.36200520396232605,-2.0717110633850098,0.01,-14.823734209999998,150.0
8360,993,7,63552,0.0007,0.3218976855278015,0.42062288522720337,992,-0.9095061421394348,-2.058990001678467,0.01,-14.823734209999998,150.0
8357,994,7,63616,0.0007,0.022966623306274414,0.2394075095653534,993,-0.4619483947753906,-2.0778799057006836,0.01,-15.039511699999998,150.0
8355,995,7,63680,0.0007,0.9819216728210449,0.5755112767219543,994,-0.760566771030426,-2.0806033611297607,0.01,-15.039511699999998,150.0
8353,996,7,63744,0.0007,0.7100857496261597,1.075746774673462,995,0.026981651782989502,-2.0379624366760254,0.01,-15.039511699999998,150.0
8352,997,7,63808,0.0007,0.7139673233032227,1.5110280513763428,996,-0.2625716030597687,-2.088465690612793,0.01,-15.039511699999998,150.0
8353,998,7,63872,0.0007,0.8876379132270813,0.9631780385971069,997,1.2698566913604736,-2.0872833728790283,0.01,-15.039511699999998,150.0
8351,999,7,63936,0.0007,0.9015847444534302,0.6576583385467529,998,-0.39435356855392456,-2.0867230892181396,0.01,-15.039511699999998,150.0
8349,1000,7,64000,0.0007,0.9350267052650452,0.5085902810096741,999,-0.9246171712875366,-2.054218053817749,0.01,-15.039511699999998,150.0
8328,1001,7,64064,0.0007,0.3968985676765442,1.171664834022522,1000,1.4442379474639893,-2.0680480003356934,0.01,-15.039511699999998,150.0
8324,1002,7,64128,0.0007,-0.014474153518676758,2.52205753326416,1001,0.06181672215461731,-2.039294719696045,0.01,-15.039511699999998,150.0
8322,1003,7,64192,0.0007,0.9377204179763794,0.09387421607971191,1002,-0.28534913063049316,-2.0543651580810547,0.01,-15.039511699999998,150.0
8320,1004,7,64256,0.0007,0.4343825578689575,0.15501834452152252,1003,-0.2963390350341797,-2.080599069595337,0.01,-15.314694979999999,150.0
8320,1005,7,64320,0.0007,0.9427258968353271,0.7854334115982056,1004,-0.575569212436676,-2.040862560272217,0.01,-15.314694979999999,150.0
8317,1006,7,64384,0.0007,0.8699523210525513,1.437156319618225,1005,1.746201515197754,-2.051222324371338,0.01,-15.314694979999999,150.0
8316,1007,7,64448,0.0007,0.02859741449356079,4.117521286010742,1006,2.284970283508301,-2.071254253387451,0.01,-15.314694979999999,150.0
8316,1008,7,64512,0.0007,0.6444011926651001,9.614129066467285,1007,1.6112964153289795,-2.0883090496063232,0.01,-15.314694979999999,150.0
8316,1009,7,64576,0.0007,0.9835089445114136,0.35046178102493286,1008,0.06807547807693481,-2.1109888553619385,0.01,-15.314694979999999,150.0
8317,1010,7,64640,0.0007,0.9894694089889526,0.3556871712207794,1009,0.4179845452308655,-2.1176562309265137,0.01,-15.314694979999999,150.0
8317,1011,7,64704,0.0007,0.9265753626823425,2.16549015045166,1010,1.4618240594863892,-2.099264144897461,0.01,-15.314694979999999,150.0
8318,1012,7,64768,0.0007,0.9496950507164001,1.498150110244751,1011,-1.8164007663726807,-2.0882444381713867,0.01,-15.314694979999999,150.0
8318,1013,7,64832,0.0007,0.9132683277130127,0.8870071768760681,1012,-1.1860711574554443,-2.0808205604553223,0.01,-15.125856059999998,150.0
8319,1014,7,64896,0.0007,0.9863172173500061,0.5485424995422363,1013,-0.7940430641174316,-2.02685284614563,0.01,-15.125856059999998,150.0
8320,1015,7,64960,0.0007,0.8404689431190491,0.8376673460006714,1014,-0.021434489637613297,-2.016557455062866,0.01,-15.125856059999998,150.0
8320,1016,7,65024,0.0007,0.640015721321106,4.471775054931641,1015,2.6309075355529785,-2.0708208084106445,0.01,-15.125856059999998,150.0
8318,1017,7,65088,0.0007,0.885035514831543,0.9886872172355652,1016,0.8589416742324829,-2.087916851043701,0.01,-15.125856059999998,150.0
8312,1018,7,65152,0.0007,0.8437270522117615,1.1707854270935059,1017,0.0219474695622921,-2.0968339443206787,0.01,-15.125856059999998,150.0
8312,1019,7,65216,0.0007,0.8460655808448792,2.2831192016601562,1018,2.008847713470459,-2.0725321769714355,0.01,-15.125856059999998,150.0
8312,1020,7,65280,0.0007,0.7890787124633789,1.9329023361206055,1019,-0.6105654239654541,-2.0495762825012207,0.01,-15.125856059999998,150.0
8312,1021,7,65344,0.0007,0.9480132460594177,0.40020301938056946,1020,-0.031191304326057434,-2.0664258003234863,0.01,-15.125856059999998,150.0
8312,1022,7,65408,0.0007,0.9581219553947449,0.7915416359901428,1021,-1.4973903894424438,-2.0537190437316895,0.01,-14.79135117,150.0
8313,1023,7,65472,0.0007,0.9796856641769409,0.7539416551589966,1022,-1.1657909154891968,-2.0623226165771484,0.01,-14.79135117,150.0
8313,1024,7,65536,0.0007,0.6563649773597717,0.7909281253814697,1023,-1.4457714557647705,-2.0662553310394287,0.01,-14.79135117,150.0
8314,1025,7,65600,0.0007,0.6315954923629761,1.5662145614624023,1024,0.3915799558162689,-2.0983400344848633,0.01,-14.79135117,150.0
8313,1026,7,65664,0.0007,0.7906566262245178,2.9492721557617188,1025,1.3392443656921387,-2.108743667602539,0.01,-14.79135117,150.0
8313,1027,7,65728,0.0007,0.48116356134414673,11.227852821350098,1026,4.81242561340332,-2.108358383178711,0.01,-14.79135117,150.0
8314,1028,7,65792,0.0007,0.8397682905197144,2.669999837875366,1027,-0.1864844560623169,-2.103628635406494,0.01,-14.79135117,150.0
8314,1029,7,65856,0.0007,0.46524256467819214,3.692436695098877,1028,0.15548153221607208,-2.052882671356201,0.01,-14.79135117,150.0
8314,1030,7,65920,0.0007,0.808009922504425,0.6647397875785828,1029,-0.16793310642242432,-2.0619559288024902,0.01,-14.79135117,150.0
8315,1031,7,65984,0.0007,0.628026008605957,0.3039472997188568,1030,0.005927402526140213,-2.0640459060668945,0.01,-14.79135117,150.0
8315,1032,7,66048,0.0007,0.9286454319953918,0.02692534402012825,1031,-0.06159484013915062,-2.0529932975769043,0.01,-14.271653520000003,150.0
8315,1033,7,66112,0.0007,0.9843282103538513,0.5206746459007263,1032,-0.9450740814208984,-2.022968292236328,0.01,-14.271653520000003,150.0
8314,1034,7,66176,0.0007,0.4131423234939575,4.89236307144165,1033,1.9449928998947144,-2.0472640991210938,0.01,-14.271653520000003,150.0
8315,1035,7,66240,0.0007,0.5823993682861328,0.7896533012390137,1034,0.5531041622161865,-2.0615878105163574,0.01,-14.271653520000003,150.0
8316,1036,7,66304,0.0007,-0.05168807506561279,6.186184406280518,1035,1.351698637008667,-2.0819668769836426,0.01,-14.271653520000003,150.0
8316,1037,7,66368,0.0007,0.8293017148971558,0.6306116580963135,1036,-0.13727879524230957,-2.084012031555176,0.01,-14.271653520000003,150.0
8316,1038,7,66432,0.0007,0.8815340995788574,0.6389272809028625,1037,-0.9107862710952759,-2.097367286682129,0.01,-14.271653520000003,150.0
8316,1039,7,66496,0.0007,0.2659738063812256,1.108124017715454,1038,-0.5978137254714966,-2.0920159816741943,0.01,-14.271653520000003,150.0
8317,1040,8,66560,0.0007,0.22211521863937378,0.6717702746391296,1039,-0.932375967502594,-2.062986135482788,0.01,-14.271653520000003,150.0
8317,1041,8,66624,0.0007,0.04875326156616211,1.019048810005188,1040,-1.2845613956451416,-2.053868293762207,0.01,-14.404079759999997,150.0
8318,1042,8,66688,0.0007,0.995263934135437,0.23200500011444092,1041,-0.490553081035614,-2.0310263633728027,0.01,-14.404079759999997,150.0
8319,1043,8,66752,0.0007,-0.004617214202880859,2.167778968811035,1042,-0.9624314308166504,-1.9891568422317505,0.01,-14.404079759999997,150.0
8320,1044,8,66816,0.0007,0.5740026235580444,1.2154030799865723,1043,-0.4790089726448059,-2.0234475135803223,0.01,-14.404079759999997,150.0
8320,1045,8,66880,0.0007,0.8337754607200623,0.8642624616622925,1044,-0.8655632734298706,-2.056757926940918,0.01,-14.404079759999997,150.0
8321,1046,8,66944,0.0007,0.5285743474960327,6.635555267333984,1045,3.834840774536133,-2.0492331981658936,0.01,-14.404079759999997,150.0
8322,1047,8,67008,0.0007,0.7436870336532593,2.1546804904937744,1046,1.9713633060455322,-2.037849187850952,0.01,-14.404079759999997,150.0
8322,1048,8,67072,0.0007,0.6611108779907227,0.38142597675323486,1047,0.3809553384780884,-2.045724868774414,0.01,-14.404079759999997,150.0
8322,1049,8,67136,0.0007,0.6030287742614746,0.9166303873062134,1048,-0.9081164002418518,-2.0737624168395996,0.01,-14.404079759999997,150.0
8323,1050,8,67200,0.0007,0.5156983137130737,0.6477758288383484,1049,-0.7020544409751892,-2.0860953330993652,0.01,-14.349330389999999,150.0
8323,1051,8,67264,0.0007,0.4984632134437561,0.2395303100347519,1050,-0.19322754442691803,-2.075406551361084,0.01,-14.349330389999999,150.0
8324,1052,8,67328,0.0007,0.6943475008010864,0.8990169167518616,1051,-0.964524507522583,-2.0455565452575684,0.01,-14.349330389999999,150.0
8324,1053,8,67392,0.0007,0.3454751968383789,1.621405839920044,1052,1.2119755744934082,-2.079132556915283,0.01,-14.349330389999999,150.0
8325,1054,8,67456,0.0007,0.5392898917198181,1.4917902946472168,1053,0.1900945007801056,-2.0873918533325195,0.01,-14.349330389999999,150.0
8326,1055,8,67520,0.0007,0.05977123975753784,0.734346330165863,1054,-0.04134291037917137,-2.106173276901245,0.01,-14.349330389999999,150.0
8326,1056,8,67584,0.0007,0.39186960458755493,0.9980549812316895,1055,1.3964439630508423,-2.0833232402801514,0.01,-14.349330389999999,150.0
8328,1057,8,67648,0.0007,0.2922235131263733,4.270173072814941,1056,2.0911648273468018,-2.08425235748291,0.01,-14.349330389999999,150.0
8329,1058,8,67712,0.0007,0.7410107851028442,0.5167085528373718,1057,0.38817930221557617,-2.086578369140625,0.01,-14.349330389999999,150.0
8330,1059,8,67776,0.0007,0.7880821824073792,0.49503833055496216,1058,0.17495328187942505,-2.0653018951416016,0.01,-14.349330389999999,150.0
8330,1060,8,67840,0.0007,0.8922358155250549,0.22677665948867798,1059,0.1937727928161621,-2.0449776649475098,0.01,-14.29331826,150.0
8331,1061,8,67904,0.0007,0.9955975413322449,0.10940341651439667,1060,0.009612521156668663,-2.0001962184906006,0.01,-14.29331826,150.0
8332,1062,8,67968,0.0007,0.28327709436416626,0.784965455532074,1061,0.9549891948699951,-2.0104358196258545,0.01,-14.29331826,150.0
8326,1063,8,68032,0.0007,0.5020492076873779,5.052849292755127,1062,2.7807090282440186,-2.052847146987915,0.01,-14.29331826,150.0
8212,1064,8,68096,0.0007,0.7427199482917786,0.6528387069702148,1063,0.3228447139263153,-2.0784926414489746,0.01,-14.29331826,150.0
8208,1065,8,68160,0.0007,0.7680178880691528,2.1903040409088135,1064,1.1363394260406494,-2.0837230682373047,0.01,-14.29331826,150.0
8207,1066,8,68224,0.0007,0.860670804977417,1.1824047565460205,1065,-1.2632777690887451,-2.0876336097717285,0.01,-14.29331826,150.0
8205,1067,8,68288,0.0007,0.8470474481582642,0.7880957126617432,1066,-0.008605793118476868,-2.0734152793884277,0.01,-14.29331826,150.0
8202,1068,8,68352,0.0007,0.8923027515411377,1.1531652212142944,1067,-1.825253963470459,-2.0413246154785156,0.01,-14.29331826,150.0
8198,1069,8,68416,0.0007,0.9076976180076599,0.49854233860969543,1068,-1.1114506721496582,-2.0286638736724854,0.01,-14.107605490000001,150.0
8196,1070,8,68480,0.0007,0.9623553156852722,0.9301161766052246,1069,0.34041187167167664,-1.9871795177459717,0.01,-14.107605490000001,150.0
8195,1071,8,68544,0.0007,0.5026931762695312,2.7003726959228516,1070,0.5455079674720764,-1.9427623748779297,0.01,-14.107605490000001,150.0
8194,1072,8,68608,0.0007,0.8312591910362244,2.3787319660186768,1071,1.8195033073425293,-1.978372573852539,0.01,-14.107605490000001,150.0
8192,1073,8,68672,0.0007,0.7934067845344543,1.765043020248413,1072,-1.4960108995437622,-2.022367000579834,0.01,-14.107605490000001,150.0
8189,1074,8,68736,0.0007,0.9010653495788574,0.9917994737625122,1073,-1.6517679691314697,-2.059441328048706,0.01,-14.107605490000001,150.0
8186,1075,8,68800,0.0007,0.9309519529342651,0.15373392403125763,1074,-0.11915568262338638,-2.065674304962158,0.01,-14.107605490000001,150.0
8185,1076,8,68864,0.0007,0.8932138681411743,0.42252790927886963,1075,-0.6948450207710266,-2.042649269104004,0.01,-14.107605490000001,150.0
8183,1077,8,68928,0.0007,0.9022941589355469,0.2850150167942047,1076,-0.496570885181427,-2.0649476051330566,0.01,-14.107605490000001,150.0
8179,1078,8,68992,0.0007,0.891826331615448,0.39621084928512573,1077,-0.8031303286552429,-2.0583431720733643,0.01,-14.107605490000001,150.0
8178,1079,8,69056,0.0007,0.9331022500991821,0.07994453608989716,1078,-0.18065232038497925,-2.0765182971954346,0.01,-14.38169971,150.0
8178,1080,8,69120,0.0007,0.9600015878677368,1.107664704322815,1079,0.7708610892295837,-1.949526309967041,0.01,-14.38169971,150.0
8178,1081,8,69184,0.0007,0.632061243057251,1.9314756393432617,1080,0.5380231142044067,-1.9576104879379272,0.01,-14.38169971,150.0
8177,1082,8,69248,0.0007,0.8870684504508972,1.8262234926223755,1081,-0.9901963472366333,-2.027401924133301,0.01,-14.38169971,150.0
8174,1083,8,69312,0.0007,0.9145615696907043,1.4927009344100952,1082,0.35419178009033203,-2.0787510871887207,0.01,-14.38169971,150.0
8171,1084,8,69376,0.0007,0.9828616380691528,0.46649494767189026,1083,-0.30324769020080566,-2.1111373901367188,0.01,-14.38169971,150.0
8170,1085,8,69440,0.0007,0.9695509076118469,1.2675384283065796,1084,-0.6006439924240112,-2.1158602237701416,0.01,-14.38169971,150.0
8163,1086,8,69504,0.0007,0.9828081727027893,1.1306068897247314,1085,-0.9423375129699707,-2.1253597736358643,0.01,-14.38169971,150.0
8161,1087,8,69568,0.0007,0.9879152178764343,0.8660289645195007,1086,-1.0471324920654297,-2.109927177429199,0.01,-14.38169971,150.0
8155,1088,8,69632,0.0007,0.983521044254303,0.9985873103141785,1087,-1.635068655014038,-2.094010353088379,0.02,-14.27069744,150.0
8153,1089,8,69696,0.0007,0.8679218888282776,5.422093391418457,1088,1.0976381301879883,-2.0408706665039062,0.02,-14.27069744,150.0
8152,1090,8,69760,0.0007,0.9042180776596069,1.1295970678329468,1089,0.14211741089820862,-2.0387420654296875,0.02,-14.27069744,150.0
8150,1091,8,69824,0.0007,0.48285603523254395,2.7375142574310303,1090,-0.7104954123497009,-2.0848069190979004,0.02,-14.27069744,150.0
8147,1092,8,69888,0.0007,0.20888292789459229,5.970388412475586,1091,0.42798036336898804,-2.089993953704834,0.02,-14.27069744,150.0
8137,1093,8,69952,0.0007,0.9126932621002197,0.6038810014724731,1092,-0.6433054208755493,-2.099513530731201,0.02,-14.27069744,150.0
8122,1094,8,70016,0.0007,0.90776127576828,0.33165115118026733,1093,0.18555571138858795,-2.088623046875,0.02,-14.27069744,150.0
8115,1095,8,70080,0.0007,0.5192039608955383,3.405379295349121,1094,2.582289457321167,-2.0792598724365234,0.02,-14.27069744,150.0
8107,1096,8,70144,0.0007,0.706021785736084,0.6743531227111816,1095,0.6578047871589661,-2.0618844032287598,0.02,-14.27069744,150.0
8103,1097,8,70208,0.0007,0.3473284840583801,0.825025200843811,1096,-0.809607207775116,-2.060504198074341,0.02,-14.101700560000005,150.0
8101,1098,8,70272,0.0007,0.9927957653999329,0.29598698019981384,1097,-0.7124772071838379,-2.0650925636291504,0.02,-14.101700560000005,150.0
8100,1099,8,70336,0.0007,0.30901598930358887,1.7362534999847412,1098,-2.36431622505188,-2.053217887878418,0.02,-14.101700560000005,150.0
8098,1100,8,70400,0.0007,0.5805702805519104,0.9686088562011719,1099,-0.1774585098028183,-2.057985782623291,0.02,-14.101700560000005,150.0
8096,1101,8,70464,0.0007,0.8222633004188538,1.2904646396636963,1100,0.40394526720046997,-2.1023201942443848,0.02,-14.101700560000005,150.0
8093,1102,8,70528,0.0007,0.9564812183380127,0.665287435054779,1101,-1.3996005058288574,-2.1078226566314697,0.02,-14.101700560000005,150.0
8090,1103,8,70592,0.0007,0.9197255969047546,0.27139097452163696,1102,-0.6777927279472351,-2.1129367351531982,0.02,-14.101700560000005,150.0
8090,1104,8,70656,0.0007,0.667395293712616,0.16061672568321228,1103,0.38129493594169617,-2.1063246726989746,0.02,-14.101700560000005,150.0
8090,1105,8,70720,0.0007,0.5559694766998291,0.0616748072206974,1104,-0.08753348141908646,-2.0938854217529297,0.02,-14.101700560000005,150.0
8089,1106,8,70784,0.0007,0.33849501609802246,0.07777673751115799,1105,-0.4282936751842499,-2.107229709625244,0.02,-14.101700560000005,150.0
8089,1107,8,70848,0.0007,-0.025252461433410645,0.9689861536026001,1106,-1.3764973878860474,-2.1121504306793213,0.02,-14.23232574,150.0
8088,1108,8,70912,0.0007,0.9887195825576782,0.23469707369804382,1107,-0.019288312643766403,-2.099534273147583,0.02,-14.23232574,150.0
8088,1109,8,70976,0.0007,-1.4391050338745117,1.8155708312988281,1108,-0.7528598308563232,-2.1292412281036377,0.02,-14.23232574,150.0
8088,1110,8,71040,0.0007,0.3334391117095947,0.7894212603569031,1109,0.23645013570785522,-2.133176326751709,0.02,-14.23232574,150.0
8087,1111,8,71104,0.0007,0.08307117223739624,2.5256526470184326,1110,1.1617919206619263,-2.1186656951904297,0.02,-14.23232574,150.0
8086,1112,8,71168,0.0007,0.18020719289779663,1.0541281700134277,1111,-0.050578273832798004,-2.1055984497070312,0.02,-14.23232574,150.0
8084,1113,8,71232,0.0007,0.18423712253570557,3.3363945484161377,1112,1.9833275079727173,-2.1110129356384277,0.02,-14.23232574,150.0
8084,1114,8,71296,0.0007,0.33814287185668945,0.26345765590667725,1113,-0.6481711864471436,-2.0891201496124268,0.02,-14.23232574,150.0
8083,1115,8,71360,0.0007,0.2618393301963806,0.24825835227966309,1114,-0.11640679836273193,-2.0941779613494873,0.02,-14.23232574,150.0
8082,1116,8,71424,0.0007,0.1237173080444336,0.6578962802886963,1115,-0.22925551235675812,-2.0485758781433105,0.02,-14.29800385,150.0
8082,1117,8,71488,0.0007,0.9932200312614441,0.21627643704414368,1116,-0.3292035460472107,-2.0407423973083496,0.02,-14.29800385,150.0
8082,1118,8,71552,0.0007,-0.5476133823394775,2.4273297786712646,1117,1.6905573606491089,-2.0019900798797607,0.02,-14.29800385,150.0
8081,1119,8,71616,0.0007,0.28348952531814575,2.157008171081543,1118,0.11937639862298965,-2.053143262863159,0.02,-14.29800385,150.0
8081,1120,8,71680,0.0007,0.7799712419509888,0.7103255987167358,1119,-0.9439079761505127,-2.0893096923828125,0.02,-14.29800385,150.0
8082,1121,8,71744,0.0007,0.6485671997070312,1.8212876319885254,1120,0.5480146408081055,-2.1016547679901123,0.02,-14.29800385,150.0
8082,1122,8,71808,0.0007,0.7604047656059265,0.3853609263896942,1121,-0.17496658861637115,-2.134402275085449,0.02,-14.29800385,150.0
8082,1123,8,71872,0.0007,0.05454665422439575,3.288682460784912,1122,2.308277130126953,-2.1106367111206055,0.02,-14.29800385,150.0
8082,1124,8,71936,0.0007,0.5795984864234924,0.4376412630081177,1123,0.10039375722408295,-2.1089773178100586,0.02,-14.29800385,150.0
8082,1125,8,72000,0.0007,0.47945529222488403,0.632758378982544,1124,-0.6903291344642639,-2.124875545501709,0.02,-14.4583238,150.0
8082,1126,8,72064,0.0007,-0.11959481239318848,0.3269452452659607,1125,-0.7723634243011475,-2.112370014190674,0.02,-14.4583238,150.0
8082,1127,8,72128,0.0007,0.8137021064758301,0.5145235061645508,1126,0.5132886171340942,-2.0611937046051025,0.02,-14.4583238,150.0
8082,1128,8,72192,0.0007,0.6346304416656494,4.017380237579346,1127,1.376907467842102,-2.0855014324188232,0.02,-14.4583238,150.0
8082,1129,8,72256,0.0007,0.9456334710121155,0.673385739326477,1128,0.9481357336044312,-2.098219633102417,0.02,-14.4583238,150.0
8082,1130,8,72320,0.0007,0.7720193266868591,2.7887659072875977,1129,0.6861206293106079,-2.1057770252227783,0.02,-14.4583238,150.0
8082,1131,8,72384,0.0007,0.9204484820365906,1.0215365886688232,1130,-0.2779715359210968,-2.0918593406677246,0.02,-14.4583238,150.0
8081,1132,8,72448,0.0007,0.977292537689209,0.4297938048839569,1131,-1.0186169147491455,-2.095707416534424,0.02,-14.4583238,150.0
8080,1133,8,72512,0.0007,0.143652081489563,3.194734573364258,1132,1.6486694812774658,-2.071803092956543,0.02,-14.4583238,150.0
8079,1134,8,72576,0.0007,0.7609254717826843,0.6184021234512329,1133,-0.47187700867652893,-2.0834240913391113,0.02,-14.4583238,150.0
8078,1135,8,72640,0.0007,0.7682307958602905,0.31892192363739014,1134,-0.7459400296211243,-2.0917959213256836,0.02,-14.272315869999998,150.0
8078,1136,8,72704,0.0007,0.9907852411270142,0.3929675817489624,1135,-0.23518384993076324,-2.072535991668701,0.02,-14.272315869999998,150.0
8078,1137,9,72768,0.0007,0.9146527051925659,0.38103652000427246,1136,0.45068320631980896,-2.096999406814575,0.02,-14.272315869999998,150.0
8079,1138,9,72832,0.0007,0.7903544306755066,1.6896069049835205,1137,1.7887678146362305,-2.097269058227539,0.02,-14.272315869999998,150.0
8079,1139,9,72896,0.0007,0.8974384069442749,1.6272120475769043,1138,0.5644733905792236,-2.108128547668457,0.02,-14.272315869999998,150.0
8079,1140,9,72960,0.0007,0.885395348072052,1.6389375925064087,1139,1.0920941829681396,-2.0948619842529297,0.02,-14.272315869999998,150.0
8079,1141,9,73024,0.0007,0.9517704248428345,1.1780201196670532,1140,-0.8712432384490967,-2.1116831302642822,0.02,-14.272315869999998,150.0
8079,1142,9,73088,0.0007,-0.09941458702087402,5.559449195861816,1141,-2.252744436264038,-2.099344253540039,0.02,-14.272315869999998,150.0
8079,1143,9,73152,0.0007,0.347690224647522,1.182403326034546,1142,-1.4922289848327637,-2.0819177627563477,0.02,-14.272315869999998,150.0
8079,1144,9,73216,0.0007,0.38130998611450195,1.1269816160202026,1143,-1.5069220066070557,-2.067056179046631,0.02,-14.271871119999998,150.0
8078,1145,9,73280,0.0007,0.9949637055397034,0.3358801007270813,1144,-0.8405442237854004,-2.0666000843048096,0.02,-14.271871119999998,150.0
8079,1146,9,73344,0.0007,0.874521791934967,0.9753614068031311,1145,-1.463700532913208,-2.0403048992156982,0.02,-14.271871119999998,150.0
8079,1147,9,73408,0.0007,-0.30440306663513184,7.340304851531982,1146,3.570380210876465,-2.0640645027160645,0.02,-14.271871119999998,150.0
8080,1148,9,73472,0.0007,0.6828733682632446,2.3494815826416016,1147,-0.5734072923660278,-2.0740299224853516,0.02,-14.271871119999998,150.0
8080,1149,9,73536,0.0007,0.5029107332229614,2.4187979698181152,1148,-0.3755961060523987,-2.0678629875183105,0.02,-14.271871119999998,150.0
8081,1150,9,73600,0.0007,-0.6348309516906738,6.425312519073486,1149,1.894991397857666,-2.072535276412964,0.02,-14.271871119999998,150.0
8081,1151,9,73664,0.0007,0.062237560749053955,2.046665668487549,1150,0.8584537506103516,-2.0577151775360107,0.02,-14.271871119999998,150.0
8081,1152,9,73728,0.0007,0.504175066947937,0.1632242202758789,1151,-0.25913476943969727,-2.08853816986084,0.02,-14.271871119999998,150.0
8081,1153,9,73792,0.0007,0.25672483444213867,0.12354746460914612,1152,-0.48012685775756836,-2.1013128757476807,0.02,-14.271871119999998,150.0
8080,1154,9,73856,0.0007,0.10491776466369629,0.2630390524864197,1153,-0.6784183382987976,-2.093867778778076,0.01,-14.582010710000002,150.0
8080,1155,9,73920,0.0007,0.9728009104728699,0.44767335057258606,1154,-0.5998063087463379,-2.008388042449951,0.01,-14.582010710000002,150.0
8078,1156,9,73984,0.0007,0.6431659460067749,1.1004841327667236,1155,0.3748326003551483,-2.0768015384674072,0.01,-14.582010710000002,150.0
8077,1157,9,74048,0.0007,0.6696235537528992,0.40890660881996155,1156,-0.020870402455329895,-2.11848783493042,0.01,-14.582010710000002,150.0
8075,1158,9,74112,0.0007,0.5300155878067017,2.7471210956573486,1157,1.9232780933380127,-2.124445676803589,0.01,-14.582010710000002,150.0
8076,1159,9,74176,0.0007,-0.9370560646057129,5.2538862228393555,1158,1.8714776039123535,-2.1077113151550293,0.01,-14.582010710000002,150.0
8076,1160,9,74240,0.0007,0.43672090768814087,1.9363374710083008,1159,-0.7958459258079529,-2.0988001823425293,0.01,-14.582010710000002,150.0
8077,1161,9,74304,0.0007,-0.41290712356567383,1.097434639930725,1160,-1.688623309135437,-2.075852155685425,0.01,-14.582010710000002,150.0
8077,1162,9,74368,0.0007,-0.0382922887802124,1.2192975282669067,1161,-1.9095571041107178,-2.084533929824829,0.01,-14.582010710000002,150.0
8077,1163,9,74432,0.0007,0.03219246864318848,0.6057343482971191,1162,-1.168971061706543,-2.102813243865967,0.01,-14.71866981,150.0
8078,1164,9,74496,0.0007,0.9946029782295227,0.16577553749084473,1163,-0.11348786950111389,-2.064476490020752,0.01,-14.71866981,150.0
8079,1165,9,74560,0.0007,-0.21102726459503174,1.0284911394119263,1164,-1.1655112504959106,-2.0922956466674805,0.01,-14.71866981,150.0
8080,1166,9,74624,0.0007,0.4558647871017456,0.5686531066894531,1165,0.07757550477981567,-2.1297619342803955,0.01,-14.71866981,150.0
8080,1167,9,74688,0.0007,0.3601072430610657,2.6126959323883057,1166,2.193422794342041,-2.1311750411987305,0.01,-14.71866981,150.0
8081,1168,9,74752,0.0007,-0.0994042158126831,7.084078788757324,1167,2.985194683074951,-2.1280298233032227,0.01,-14.71866981,150.0
8082,1169,9,74816,0.0007,0.5784425735473633,2.5624778270721436,1168,0.841231107711792,-2.11751651763916,0.01,-14.71866981,150.0
8081,1170,9,74880,0.0007,0.758326530456543,1.1150054931640625,1169,-0.6524370908737183,-2.1091179847717285,0.01,-14.71866981,150.0
8080,1171,9,74944,0.0007,0.8016951084136963,0.29603707790374756,1170,0.08981210738420486,-2.103628635406494,0.01,-14.71866981,150.0
8074,1172,9,75008,0.0007,-0.4052455425262451,0.7009179592132568,1171,0.16243596374988556,-2.1100800037384033,0.01,-14.596108220000001,150.0
8074,1173,9,75072,0.0007,0.9808613061904907,0.3096758723258972,1172,0.16468839347362518,-2.0969133377075195,0.01,-14.596108220000001,150.0
8074,1174,9,75136,0.0007,0.9251351356506348,0.22524946928024292,1173,0.06620082259178162,-2.0554492473602295,0.01,-14.596108220000001,150.0
8074,1175,9,75200,0.0007,0.8871802091598511,1.0304862260818481,1174,-0.019854024052619934,-2.0839688777923584,0.01,-14.596108220000001,150.0
8075,1176,9,75264,0.0007,0.9079005718231201,1.9812873601913452,1175,0.6776020526885986,-2.085702419281006,0.01,-14.596108220000001,150.0
8075,1177,9,75328,0.0007,0.8497048616409302,1.603145718574524,1176,-0.42086511850357056,-2.112691879272461,0.01,-14.596108220000001,150.0
8076,1178,9,75392,0.0007,0.7164958119392395,1.0020225048065186,1177,-0.11940265446901321,-2.1100544929504395,0.01,-14.596108220000001,150.0
8077,1179,9,75456,0.0007,0.4493785500526428,9.523969650268555,1178,3.6515777111053467,-2.116464614868164,0.01,-14.596108220000001,150.0
8077,1180,9,75520,0.0007,0.6290819644927979,5.702630519866943,1179,3.3632962703704834,-2.1061043739318848,0.01,-14.596108220000001,150.0
8078,1181,9,75584,0.0007,0.784391462802887,1.249582290649414,1180,0.8888094425201416,-2.1037673950195312,0.01,-14.596108220000001,150.0
8077,1182,9,75648,0.0007,0.3322889804840088,0.8798407912254333,1181,-0.9395226240158081,-2.1020750999450684,0.01,-14.025863679999997,150.0
8078,1183,9,75712,0.0007,0.9871063828468323,0.49792927503585815,1182,-0.7138261198997498,-2.0764455795288086,0.01,-14.025863679999997,150.0
8078,1184,9,75776,0.0007,0.5100773572921753,1.2566311359405518,1183,1.1464494466781616,-2.1032819747924805,0.01,-14.025863679999997,150.0
8078,1185,9,75840,0.0007,0.7833681106567383,1.066749930381775,1184,0.7954362630844116,-2.1136999130249023,0.01,-14.025863679999997,150.0
8078,1186,9,75904,0.0007,0.8604250550270081,1.4295811653137207,1185,0.5513023734092712,-2.088277816772461,0.01,-14.025863679999997,150.0
8078,1187,9,75968,0.0007,0.8959776163101196,1.8802582025527954,1186,-0.5760878324508667,-2.095073699951172,0.01,-14.025863679999997,150.0
8078,1188,9,76032,0.0007,0.904548168182373,1.9583390951156616,1187,0.38361209630966187,-2.0859341621398926,0.01,-14.025863679999997,150.0
8078,1189,9,76096,0.0007,0.9528902173042297,1.5394529104232788,1188,-1.422167420387268,-2.0563488006591797,0.01,-14.025863679999997,150.0
8079,1190,9,76160,0.0007,0.8541297912597656,1.9762722253799438,1189,0.960486888885498,-2.0691347122192383,0.01,-14.025863679999997,150.0
8079,1191,9,76224,0.0007,0.5902173519134521,2.084810256958008,1190,0.4602733850479126,-2.0749573707580566,0.01,-13.62769501,150.0
8080,1192,9,76288,0.0007,0.9967029690742493,0.12350775301456451,1191,0.13164739310741425,-2.067110538482666,0.01,-13.62769501,150.0
8080,1193,9,76352,0.0007,0.6180782914161682,1.1169123649597168,1192,-0.8917872309684753,-2.0639288425445557,0.01,-13.62769501,150.0
8081,1194,9,76416,0.0007,0.01343625783920288,2.4631588459014893,1193,-0.11713947355747223,-2.0872631072998047,0.01,-13.62769501,150.0
8079,1195,9,76480,0.0007,-0.30236387252807617,7.305838108062744,1194,3.552809715270996,-2.097616672515869,0.01,-13.62769501,150.0
8079,1196,9,76544,0.0007,0.7083500623703003,0.5812779664993286,1195,0.02463027834892273,-2.1139612197875977,0.01,-13.62769501,150.0
8080,1197,9,76608,0.0007,-0.6711795330047607,2.641468048095703,1196,-1.1728960275650024,-2.117281913757324,0.01,-13.62769501,150.0
8081,1198,9,76672,0.0007,-2.324145555496216,2.4437978267669678,1197,-2.956225872039795,-2.1146795749664307,0.01,-13.62769501,150.0
8081,1199,9,76736,0.0007,-0.4458869695663452,0.43048736453056335,1198,-0.7094190716743469,-2.0963778495788574,0.01,-13.62769501,150.0
8080,1200,9,76800,0.0007,-0.10236561298370361,0.42621278762817383,1199,-1.1350092887878418,-2.088421106338501,0.01,-13.635724580000002,150.0
8081,1201,9,76864,0.0007,-0.016209721565246582,0.3856053352355957,1200,-0.9210162162780762,-2.105319023132324,0.01,-13.635724580000002,150.0
8081,1202,9,76928,0.0007,-0.3429344892501831,1.6316063404083252,1201,0.5765228271484375,-2.0677480697631836,0.01,-13.635724580000002,150.0
8082,1203,9,76992,0.0007,0.5743998289108276,2.590195894241333,1202,1.5680980682373047,-2.070404052734375,0.01,-13.635724580000002,150.0
8083,1204,9,77056,0.0007,0.806973934173584,2.0860934257507324,1203,0.8936770558357239,-2.08953595161438,0.01,-13.635724580000002,150.0
8083,1205,9,77120,0.0007,0.7428951263427734,1.7844102382659912,1204,0.7078933715820312,-2.1150972843170166,0.01,-13.635724580000002,150.0
8084,1206,9,77184,0.0007,0.8714218139648438,1.492610216140747,1205,-1.2316685914993286,-2.0954151153564453,0.01,-13.635724580000002,150.0
8085,1207,9,77248,0.0007,0.9392744302749634,0.4339836835861206,1206,-0.3600617051124573,-2.0917060375213623,0.01,-13.635724580000002,150.0
8086,1208,9,77312,0.0007,0.6244239807128906,1.9548790454864502,1207,-1.2795028686523438,-2.057590961456299,0.01,-13.635724580000002,150.0
8087,1209,9,77376,0.0007,0.8609511852264404,0.7934132218360901,1208,-0.6869027614593506,-2.0623531341552734,0.01,-13.635724580000002,150.0
8087,1210,9,77440,0.0007,0.7119671106338501,3.365426778793335,1209,1.074913740158081,-2.0707056522369385,0.01,-13.305287199999999,150.0
8088,1211,9,77504,0.0007,0.985729455947876,0.48450779914855957,1210,-0.3956998884677887,-2.060823440551758,0.01,-13.305287199999999,150.0
8089,1212,9,77568,0.0007,0.7538356781005859,1.7003700733184814,1211,-0.4230250120162964,-2.105790138244629,0.01,-13.305287199999999,150.0
8089,1213,9,77632,0.0007,0.7769237756729126,2.4623236656188965,1212,-0.5328522324562073,-2.1408798694610596,0.01,-13.305287199999999,150.0
8090,1214,9,77696,0.0007,0.8528701066970825,1.6273690462112427,1213,-0.02685411274433136,-2.109219551086426,0.01,-13.305287199999999,150.0
8091,1215,9,77760,0.0007,0.9693047404289246,0.9106746315956116,1214,-1.4163323640823364,-2.1028668880462646,0.01,-13.305287199999999,150.0
8092,1216,9,77824,0.0007,0.5666618347167969,4.700949668884277,1215,2.0937869548797607,-2.0986592769622803,0.01,-13.305287199999999,150.0
8092,1217,9,77888,0.0007,0.7375997304916382,2.2214112281799316,1216,1.8368793725967407,-2.0954976081848145,0.01,-13.305287199999999,150.0
8091,1218,9,77952,0.0007,0.6292859315872192,1.273381233215332,1217,0.37488970160484314,-2.080702543258667,0.01,-13.305287199999999,150.0
8092,1219,9,78016,0.0007,0.8043756484985352,1.0294960737228394,1218,-1.496566653251648,-2.0501275062561035,0.01,-13.482147049999996,150.0
8092,1220,9,78080,0.0007,0.9899629354476929,0.310954749584198,1219,-0.3728371262550354,-2.020573854446411,0.01,-13.482147049999996,150.0
8093,1221,9,78144,0.0007,0.6141259670257568,0.9788795709609985,1220,-0.0025787651538848877,-1.9857845306396484,0.01,-13.482147049999996,150.0
8093,1222,9,78208,0.0007,-0.4331681728363037,3.2219462394714355,1221,1.154263973236084,-2.0393731594085693,0.01,-13.482147049999996,150.0
8094,1223,9,78272,0.0007,-0.16147220134735107,11.664002418518066,1222,4.0426788330078125,-2.0475363731384277,0.01,-13.482147049999996,150.0
8095,1224,9,78336,0.0007,0.8804273009300232,2.016172170639038,1223,-0.8789956569671631,-2.075774669647217,0.01,-13.482147049999996,150.0
8096,1225,9,78400,0.0007,0.9277902841567993,1.2112723588943481,1224,-0.3080660104751587,-2.083510398864746,0.01,-13.482147049999996,150.0
8097,1226,9,78464,0.0007,0.9662221670150757,0.2857067584991455,1225,-0.03959938883781433,-2.0577263832092285,0.01,-13.482147049999996,150.0
8097,1227,9,78528,0.0007,0.6179285049438477,5.4632768630981445,1226,1.1018598079681396,-2.0327682495117188,0.01,-13.482147049999996,150.0
8098,1228,9,78592,0.0007,0.9533675909042358,0.24454277753829956,1227,-0.23192881047725677,-2.0578770637512207,0.01,-13.482147049999996,150.0
8098,1229,9,78656,0.0007,0.937050461769104,0.31133389472961426,1228,0.5632107257843018,-2.0212440490722656,0.01,-13.212956399999998,150.0
8099,1230,9,78720,0.0007,0.9745476245880127,0.6263725161552429,1229,-0.7497769594192505,-2.019725799560547,0.01,-13.212956399999998,150.0
8099,1231,9,78784,0.0007,0.7717875242233276,3.3872647285461426,1230,-1.3442628383636475,-2.037044048309326,0.01,-13.212956399999998,150.0
8100,1232,9,78848,0.0007,0.8435508608818054,4.007815837860107,1231,3.2668354511260986,-2.050020217895508,0.01,-13.212956399999998,150.0
8101,1233,9,78912,0.0007,0.9774640202522278,0.430061012506485,1232,-0.7113076448440552,-2.0610063076019287,0.01,-13.212956399999998,150.0
8101,1234,9,78976,0.0007,0.8362579345703125,0.9431447982788086,1233,0.5212939977645874,-2.0665762424468994,0.01,-13.212956399999998,150.0
8102,1235,9,79040,0.0007,0.29224371910095215,1.1549992561340332,1234,0.6946461796760559,-2.0732877254486084,0.01,-13.212956399999998,150.0
8103,1236,9,79104,0.0007,0.8359674215316772,0.2888530492782593,1235,-0.5300674438476562,-2.094193458557129,0.01,-13.212956399999998,150.0
8104,1237,9,79168,0.0007,0.7950400710105896,0.2859830856323242,1236,-0.4230687916278839,-2.0852370262145996,0.01,-13.212956399999998,150.0
8104,1238,9,79232,0.0007,-0.09358572959899902,0.7840538620948792,1237,0.28845781087875366,-2.0685014724731445,0.01,-13.24693144,150.0
8105,1239,9,79296,0.0007,0.9888877868652344,0.29337185621261597,1238,-0.018947914242744446,-2.04866361618042,0.01,-13.24693144,150.0
8106,1240,9,79360,0.0007,0.8902843594551086,0.5747644901275635,1239,-0.20375949144363403,-2.0731797218322754,0.01,-13.24693144,150.0
8107,1241,9,79424,0.0007,0.8638429641723633,0.6084961891174316,1240,0.44832342863082886,-2.075702667236328,0.01,-13.24693144,150.0
8108,1242,9,79488,0.0007,0.8363878130912781,1.7259801626205444,1241,1.0014002323150635,-2.0521278381347656,0.01,-13.24693144,150.0
8109,1243,9,79552,0.0007,0.18369430303573608,1.1639620065689087,1242,-0.7280513644218445,-2.063568353652954,0.01,-13.24693144,150.0
8110,1244,9,79616,0.0007,0.7745375633239746,0.2151240110397339,1243,0.12125998735427856,-2.073460578918457,0.01,-13.24693144,150.0
8111,1245,9,79680,0.0007,-0.017371535301208496,0.7235794067382812,1244,0.6809504628181458,-2.057891368865967,0.01,-13.24693144,150.0
8111,1246,9,79744,0.0007,0.007250368595123291,1.9402600526809692,1245,0.8515097498893738,-2.073180675506592,0.01,-13.24693144,150.0
8111,1247,9,79808,0.0007,0.11528050899505615,0.5415748953819275,1246,-0.3404853343963623,-2.02201771736145,0.01,-13.495028529999999,150.0
8112,1248,9,79872,0.0007,0.9742024540901184,0.7156906723976135,1247,1.105034589767456,-2.084428548812866,0.01,-13.495028529999999,150.0
8113,1249,9,79936,0.0007,-0.12225687503814697,3.012894630432129,1248,1.945150375366211,-2.0294413566589355,0.01,-13.495028529999999,150.0
8114,1250,9,80000,0.0007,0.8128345012664795,1.4229581356048584,1249,0.845836877822876,-2.0822696685791016,0.01,-13.495028529999999,150.0
8115,1251,9,80064,0.0007,0.9018056392669678,1.7703750133514404,1250,-0.5360970497131348,-2.105578899383545,0.01,-13.495028529999999,150.0
8116,1252,9,80128,0.0007,0.8324377536773682,1.62623131275177,1251,-0.6930955648422241,-2.096248149871826,0.01,-13.495028529999999,150.0
8117,1253,9,80192,0.0007,0.8078429698944092,0.9164518117904663,1252,0.4570060074329376,-2.1097359657287598,0.01,-13.495028529999999,150.0
8118,1254,9,80256,0.0007,0.9248789548873901,0.7771420478820801,1253,-0.8759855628013611,-2.036262035369873,0.01,-13.495028529999999,150.0
8118,1255,9,80320,0.0007,0.9054502248764038,0.6372594833374023,1254,-0.05921444296836853,-2.066230297088623,0.01,-13.495028529999999,150.0
8119,1256,9,80384,0.0007,0.7703521847724915,4.562790870666504,1255,2.420264959335327,-2.0062355995178223,0.01,-13.495028529999999,150.0
8120,1257,9,80448,0.0007,0.716455340385437,3.1628031730651855,1256,1.2995848655700684,-2.0495235919952393,0.01,-13.43071401,150.0
8121,1258,9,80512,0.0007,0.9667153358459473,0.8500109910964966,1257,-0.4723443388938904,-1.9754277467727661,0.01,-13.43071401,150.0
8122,1259,9,80576,0.0007,0.8809642195701599,0.9170531034469604,1258,-1.4503142833709717,-1.9902095794677734,0.01,-13.43071401,150.0
8122,1260,9,80640,0.0007,-1.4349884986877441,1.9262311458587646,1259,-0.29700571298599243,-2.045907974243164,0.01,-13.43071401,150.0
8123,1261,9,80704,0.0007,0.14323222637176514,4.867495059967041,1260,3.7083640098571777,-2.074596405029297,0.01,-13.43071401,150.0
8124,1262,9,80768,0.0007,0.7447531223297119,0.6029629111289978,1261,0.3491561710834503,-2.0825157165527344,0.01,-13.43071401,150.0
8125,1263,9,80832,0.0007,0.7984733581542969,1.1689051389694214,1262,-1.7292420864105225,-2.077019214630127,0.01,-13.43071401,150.0
8126,1264,9,80896,0.0007,0.7476974725723267,0.6681569814682007,1263,-0.6838114261627197,-2.055521249771118,0.01,-13.43071401,150.0
8126,1265,9,80960,0.0007,0.81247878074646,0.5301582217216492,1264,-1.0291857719421387,-2.0053353309631348,0.01,-13.43071401,150.0
8126,1266,9,81024,0.0007,0.6778901815414429,0.4721755385398865,1265,-0.5910636186599731,-1.9989328384399414,0.01,-13.954684860000002,150.0
8126,1267,9,81088,0.0007,0.9937325119972229,0.25108495354652405,1266,-0.4282037317752838,-1.9754252433776855,0.01,-13.954684860000002,150.0
8127,1268,9,81152,0.0007,0.7569302916526794,0.9558684229850769,1267,0.6192070245742798,-1.9846315383911133,0.01,-13.954684860000002,150.0
8128,1269,9,81216,0.0007,0.9589194059371948,0.30632445216178894,1268,0.3008638322353363,-2.0116093158721924,0.01,-13.954684860000002,150.0
8129,1270,9,81280,0.0007,0.971508264541626,0.2949635088443756,1269,0.04163392633199692,-2.043483257293701,0.01,-13.954684860000002,150.0
8130,1271,10,81344,0.0007,0.9694686532020569,0.8862162828445435,1270,-0.9580733776092529,-2.0698976516723633,0.01,-13.954684860000002,150.0
8131,1272,10,81408,0.0007,0.9742640852928162,0.4858473241329193,1271,0.5976481437683105,-2.0616331100463867,0.01,-13.954684860000002,150.0
8132,1273,10,81472,0.0007,0.7387387752532959,3.458301544189453,1272,0.35384881496429443,-2.0496411323547363,0.01,-13.954684860000002,150.0
8133,1274,10,81536,0.0007,0.9541971683502197,0.33384495973587036,1273,-0.11988496035337448,-2.0508337020874023,0.01,-13.954684860000002,150.0
8133,1275,10,81600,0.0007,0.737053394317627,0.6384099721908569,1274,-0.8144035935401917,-2.053934097290039,0.01,-13.78606186,150.0
8134,1276,10,81664,0.0007,0.8897266983985901,0.18049193918704987,1275,-0.45542478561401367,-2.0463929176330566,0.01,-13.78606186,150.0
8135,1277,10,81728,0.0007,0.2809542417526245,2.024462938308716,1276,-2.17433500289917,-1.9931707382202148,0.01,-13.78606186,150.0
8136,1278,10,81792,0.0007,0.17791831493377686,2.701784133911133,1277,1.0941345691680908,-2.023904323577881,0.01,-13.78606186,150.0
8137,1279,10,81856,0.0007,0.7557470202445984,0.6793609857559204,1278,1.0035854578018188,-2.0497074127197266,0.01,-13.78606186,150.0
8137,1280,10,81920,0.0007,0.8574537038803101,0.6251072883605957,1279,1.0876507759094238,-2.0794570446014404,0.01,-13.78606186,150.0
8138,1281,10,81984,0.0007,0.8771770000457764,0.5230023860931396,1280,0.22166289389133453,-2.0772619247436523,0.01,-13.78606186,150.0
8139,1282,10,82048,0.0007,0.8161005973815918,1.2329660654067993,1281,-0.7731695771217346,-2.0675718784332275,0.01,-13.78606186,150.0
8140,1283,10,82112,0.0007,0.6325721740722656,1.5331083536148071,1282,-0.27299413084983826,-2.0449466705322266,0.01,-13.78606186,150.0
8141,1284,10,82176,0.0007,-0.5173839330673218,0.691110372543335,1283,-1.0829243659973145,-2.0646188259124756,0.01,-13.78606186,150.0
8141,1285,10,82240,0.0007,-0.12835073471069336,0.6739242076873779,1284,-1.3586397171020508,-2.0377042293548584,0.01,-13.856646819999998,150.0
8142,1286,10,82304,0.0007,0.9947491884231567,0.29723796248435974,1285,-0.16610872745513916,-2.0168163776397705,0.01,-13.856646819999998,150.0
8142,1287,10,82368,0.0007,0.8322688341140747,2.7873294353485107,1286,-1.046079397201538,-2.0365676879882812,0.01,-13.856646819999998,150.0
8143,1288,10,82432,0.0007,0.9563885927200317,1.425562858581543,1287,-1.7058947086334229,-2.060302495956421,0.01,-13.856646819999998,150.0
8143,1289,10,82496,0.0007,0.9884775280952454,0.30922362208366394,1288,-0.6849641799926758,-2.0865871906280518,0.01,-13.856646819999998,150.0
8143,1290,10,82560,0.0007,0.7322523593902588,3.24906849861145,1289,0.706522524356842,-2.0964765548706055,0.01,-13.856646819999998,150.0
8144,1291,10,82624,0.0007,0.8940202593803406,0.8249349594116211,1290,-0.5979013442993164,-2.103229522705078,0.01,-13.856646819999998,150.0
8144,1292,10,82688,0.0007,-0.10080528259277344,1.818514108657837,1291,-0.7096781134605408,-2.1004397869110107,0.01,-13.856646819999998,150.0
8145,1293,10,82752,0.0007,-0.09302961826324463,0.6896267533302307,1292,-0.5401358604431152,-2.070833206176758,0.01,-13.856646819999998,150.0
8146,1294,10,82816,0.0007,0.04377812147140503,0.8588374853134155,1293,-0.01862403005361557,-2.0694632530212402,0.01,-14.10607039,150.0
8146,1295,10,82880,0.0007,0.9928897619247437,0.16141895949840546,1294,-0.010385002940893173,-2.1067967414855957,0.01,-14.10607039,150.0
8147,1296,10,82944,0.0007,0.6180024147033691,0.5507214069366455,1295,-0.0403703972697258,-2.0819101333618164,0.01,-14.10607039,150.0
8148,1297,10,83008,0.0007,0.8561087846755981,0.39327865839004517,1296,0.2213234156370163,-2.096660614013672,0.01,-14.10607039,150.0
8148,1298,10,83072,0.0007,0.8304836750030518,0.7880247831344604,1297,0.5531500577926636,-2.1071619987487793,0.01,-14.10607039,150.0
8149,1299,10,83136,0.0007,0.7133297324180603,1.732896327972412,1298,1.643210768699646,-2.0929338932037354,0.01,-14.10607039,150.0
8150,1300,10,83200,0.0007,0.728996992111206,2.4262936115264893,1299,2.0782151222229004,-2.089211940765381,0.01,-14.10607039,150.0
8151,1301,10,83264,0.0007,0.8551353216171265,2.267725706100464,1300,0.02083812654018402,-2.0781731605529785,0.01,-14.10607039,150.0
8152,1302,10,83328,0.0007,0.9118340015411377,1.246886968612671,1301,0.40327608585357666,-2.0816614627838135,0.01,-14.10607039,150.0
8153,1303,10,83392,0.0007,0.9391434192657471,0.977967381477356,1302,-0.010516241192817688,-2.0843491554260254,0.01,-14.10607039,150.0
8153,1304,10,83456,0.0007,0.9311627149581909,0.5487404465675354,1303,-0.018060117959976196,-2.076136350631714,0.01,-14.05735573,150.0
8154,1305,10,83520,0.0007,0.9138690233230591,2.096832752227783,1304,-1.6210041046142578,-1.9684805870056152,0.01,-14.05735573,150.0
8155,1306,10,83584,0.0007,0.9274510145187378,0.7626179456710815,1305,-0.9207403063774109,-2.008012294769287,0.01,-14.05735573,150.0
8156,1307,10,83648,0.0007,0.8155959844589233,2.110959529876709,1306,0.9776039123535156,-2.042891025543213,0.01,-14.05735573,150.0
8155,1308,10,83712,0.0007,0.37079674005508423,4.608882427215576,1307,1.5942188501358032,-2.0654361248016357,0.01,-14.05735573,150.0
8154,1309,10,83776,0.0007,0.4214438199996948,3.2316031455993652,1308,1.2139630317687988,-2.0474157333374023,0.01,-14.05735573,150.0
8153,1310,10,83840,0.0007,0.8537992835044861,3.652005195617676,1309,2.2356245517730713,-2.0394809246063232,0.01,-14.05735573,150.0
8152,1311,10,83904,0.0007,0.9201595783233643,1.445456862449646,1310,-0.7125461101531982,-2.060408115386963,0.01,-14.05735573,150.0
8152,1312,10,83968,0.0007,0.9053052663803101,1.4468519687652588,1311,-2.031729221343994,-2.0785608291625977,0.01,-14.05735573,150.0
8152,1313,10,84032,0.0007,0.8282387256622314,0.9920521974563599,1312,-1.849386215209961,-2.0722579956054688,0.01,-13.95945104,150.0
8152,1314,10,84096,0.0007,0.983785092830658,0.6791138052940369,1313,-0.12993502616882324,-1.989220142364502,0.01,-13.95945104,150.0
8153,1315,10,84160,0.0007,0.3820112347602844,1.6047606468200684,1314,1.1795639991760254,-1.9447911977767944,0.01,-13.95945104,150.0
8153,1316,10,84224,0.0007,0.4432346820831299,4.530072212219238,1315,1.397284746170044,-1.9899814128875732,0.01,-13.95945104,150.0
8154,1317,10,84288,0.0007,0.8711191415786743,2.3086092472076416,1316,-2.289926767349243,-2.022536039352417,0.01,-13.95945104,150.0
8154,1318,10,84352,0.0007,0.7874729633331299,0.6135269999504089,1317,-0.15138515830039978,-2.048870086669922,0.01,-13.95945104,150.0
8155,1319,10,84416,0.0007,0.8113911747932434,0.5276167988777161,1318,0.6707478165626526,-2.036942958831787,0.01,-13.95945104,150.0
8156,1320,10,84480,0.0007,0.13388830423355103,1.0608967542648315,1319,-1.230361819267273,-2.050915241241455,0.01,-13.95945104,150.0
8157,1321,10,84544,0.0007,-2.9379124641418457,0.37166938185691833,1320,-0.7149388194084167,-2.071049690246582,0.01,-13.95945104,150.0
8157,1322,10,84608,0.0007,-0.032160401344299316,0.47808098793029785,1321,-0.8783444166183472,-2.061617374420166,0.0,-14.07484117,150.0
8158,1323,10,84672,0.0007,0.9802640676498413,0.4911653399467468,1322,0.2554820775985718,-2.052657127380371,0.0,-14.07484117,150.0
8159,1324,10,84736,0.0007,-0.8541125059127808,2.603027582168579,1323,-1.056791067123413,-1.9624239206314087,0.0,-14.07484117,150.0
8160,1325,10,84800,0.0007,-0.8837440013885498,1.234745740890503,1324,-1.0056405067443848,-2.0564193725585938,0.0,-14.07484117,150.0
8161,1326,10,84864,0.0007,0.5262171030044556,0.7155216932296753,1325,-0.11999642848968506,-2.081428050994873,0.0,-14.07484117,150.0
8161,1327,10,84928,0.0007,0.7864160537719727,0.556218147277832,1326,-0.21581465005874634,-2.058764934539795,0.0,-14.07484117,150.0
8162,1328,10,84992,0.0007,0.4080706834793091,0.8184637427330017,1327,-0.3894804120063782,-2.054642915725708,0.0,-14.07484117,150.0
8163,1329,10,85056,0.0007,0.19679218530654907,0.38777241110801697,1328,0.6709007620811462,-2.0766029357910156,0.0,-14.07484117,150.0
8164,1330,10,85120,0.0007,0.237545907497406,0.30618172883987427,1329,0.7870738506317139,-2.091826915740967,0.0,-14.07484117,150.0
8165,1331,10,85184,0.0007,0.23305296897888184,0.16037914156913757,1330,0.0891888365149498,-2.0714728832244873,0.0,-14.07484117,150.0
8165,1332,10,85248,0.0007,0.08474743366241455,0.6969451308250427,1331,-0.3826785385608673,-2.109661102294922,0.0,-14.208107499999999,150.0
8166,1333,10,85312,0.0007,0.9899640679359436,0.25613921880722046,1332,-0.421902596950531,-2.014894723892212,0.0,-14.208107499999999,150.0
8167,1334,10,85376,0.0007,0.7701844573020935,0.15331381559371948,1333,-0.003924284130334854,-2.0472450256347656,0.0,-14.208107499999999,150.0
8168,1335,10,85440,0.0007,0.6085827350616455,1.168576717376709,1334,0.12244587391614914,-2.0021445751190186,0.0,-14.208107499999999,150.0
8169,1336,10,85504,0.0007,-0.3351372480392456,0.782691240310669,1335,0.2948848605155945,-2.0052387714385986,0.0,-14.208107499999999,150.0
8170,1337,10,85568,0.0007,0.14654701948165894,2.3204050064086914,1336,1.886805772781372,-2.0197815895080566,0.0,-14.208107499999999,150.0
8170,1338,10,85632,0.0007,0.6703817248344421,0.9312573075294495,1337,0.20534254610538483,-2.051576852798462,0.0,-14.208107499999999,150.0
8171,1339,10,85696,0.0007,0.7849172353744507,0.39169207215309143,1338,-0.673087477684021,-2.035367727279663,0.0,-14.208107499999999,150.0
8172,1340,10,85760,0.0007,0.6522505879402161,0.29740235209465027,1339,-0.6607359647750854,-2.048011064529419,0.0,-14.208107499999999,150.0
8173,1341,10,85824,0.0007,0.4645324945449829,0.11615929007530212,1340,-0.19040656089782715,-2.0363717079162598,0.0,-14.104632509999998,150.0
8174,1342,10,85888,0.0007,0.9953974485397339,0.1638062447309494,1341,-0.39656633138656616,-1.9731756448745728,0.0,-14.104632509999998,150.0
8174,1343,10,85952,0.0007,0.8251544833183289,0.44400691986083984,1342,-0.4279477596282959,-1.8321365118026733,0.0,-14.104632509999998,150.0
8175,1344,10,86016,0.0007,-0.3632967472076416,7.351761817932129,1343,2.9635045528411865,-1.863431692123413,0.0,-14.104632509999998,150.0
8175,1345,10,86080,0.0007,0.6790933609008789,1.2158766984939575,1344,0.16876298189163208,-1.9217731952667236,0.0,-14.104632509999998,150.0
8176,1346,10,86144,0.0007,0.8494253754615784,0.7743253707885742,1345,-0.8630199432373047,-1.9378718137741089,0.0,-14.104632509999998,150.0
8177,1347,10,86208,0.0007,0.6398173570632935,3.2565784454345703,1346,1.7455114126205444,-1.9216092824935913,0.0,-14.104632509999998,150.0
8178,1348,10,86272,0.0007,0.8656609058380127,0.34531286358833313,1347,-0.14504344761371613,-1.9345948696136475,0.0,-14.104632509999998,150.0
8179,1349,10,86336,0.0007,0.9378108382225037,0.17368575930595398,1348,-0.5960791110992432,-1.998077630996704,0.0,-14.104632509999998,150.0
8179,1350,10,86400,0.0007,0.58130943775177,0.3150930404663086,1349,-0.4324779212474823,-2.028514862060547,0.0,-14.18082808,150.0
8180,1351,10,86464,0.0007,0.3085365295410156,0.16727890074253082,1350,-0.5418931245803833,-2.0499212741851807,0.0,-14.18082808,150.0
8180,1352,10,86528,0.0007,0.7866037487983704,0.7955901622772217,1351,1.2092880010604858,-1.8099274635314941,0.0,-14.18082808,150.0
8181,1353,10,86592,0.0007,0.844817042350769,0.9111026525497437,1352,1.52214515209198,-1.8607287406921387,0.0,-14.18082808,150.0
8182,1354,10,86656,0.0007,0.92180335521698,0.5258406400680542,1353,0.905267596244812,-1.9354112148284912,0.0,-14.18082808,150.0
8182,1355,10,86720,0.0007,0.9230444431304932,0.544649064540863,1354,0.8635169267654419,-2.0012495517730713,0.0,-14.18082808,150.0
8183,1356,10,86784,0.0007,0.7065471410751343,2.5555601119995117,1355,1.3023278713226318,-2.027080774307251,0.0,-14.18082808,150.0
8184,1357,10,86848,0.0007,0.881497323513031,2.494460105895996,1356,-1.0949327945709229,-1.9710338115692139,0.0,-14.18082808,150.0
8184,1358,10,86912,0.0007,0.9521183371543884,1.9641830921173096,1357,-1.605433464050293,-1.9317107200622559,0.0,-14.18082808,150.0
8185,1359,10,86976,0.0007,0.8921327590942383,1.788987636566162,1358,-1.899291753768921,-1.9829950332641602,0.0,-14.18082808,150.0
8185,1360,10,87040,0.0007,0.8752562403678894,1.3124386072158813,1359,-1.9553020000457764,-2.012801170349121,0.0,-14.155993899999999,150.0
8185,1361,10,87104,0.0007,0.996575653553009,0.11598799377679825,1360,0.16736088693141937,-1.8933568000793457,0.0,-14.155993899999999,150.0
8186,1362,10,87168,0.0007,0.7176711559295654,1.5573619604110718,1361,0.35754597187042236,-1.8564331531524658,0.0,-14.155993899999999,150.0
8186,1363,10,87232,0.0007,0.6198258399963379,2.271517276763916,1362,0.2385033518075943,-1.9306319952011108,0.0,-14.155993899999999,150.0
8187,1364,10,87296,0.0007,-0.13996708393096924,2.7143921852111816,1363,0.6766632795333862,-1.9470951557159424,0.0,-14.155993899999999,150.0
8188,1365,10,87360,0.0007,0.8253546953201294,1.7722198963165283,1364,-1.743396520614624,-1.986279010772705,0.0,-14.155993899999999,150.0
8188,1366,10,87424,0.0007,0.9362869262695312,0.7942596673965454,1365,-1.5104682445526123,-2.02689266204834,0.0,-14.155993899999999,150.0
8189,1367,10,87488,0.0007,0.8293811082839966,0.261364221572876,1366,-0.24507643282413483,-2.007205009460449,0.0,-14.155993899999999,150.0
8190,1368,10,87552,0.0007,0.8068019151687622,0.33638256788253784,1367,0.8717941045761108,-2.0584468841552734,0.0,-14.155993899999999,150.0
8191,1369,10,87616,0.0007,0.20814818143844604,0.21605506539344788,1368,0.4051535725593567,-2.0657737255096436,0.0,-14.2520775,150.0
8192,1370,10,87680,0.0007,0.9964098334312439,0.11778849363327026,1369,-0.04258766025304794,-2.0315282344818115,0.0,-14.2520775,150.0
8193,1371,10,87744,0.0007,0.695488691329956,2.8697495460510254,1370,-2.322551965713501,-1.895925760269165,0.0,-14.2520775,150.0
8193,1372,10,87808,0.0007,0.4047447443008423,7.821778774261475,1371,3.40964412689209,-1.9415967464447021,0.0,-14.2520775,150.0
8194,1373,10,87872,0.0007,0.9260991811752319,0.7044098973274231,1372,-0.03397645801305771,-1.9866851568222046,0.0,-14.2520775,150.0
8194,1374,10,87936,0.0007,0.9124603867530823,0.874527633190155,1373,0.07608239352703094,-1.999708890914917,0.0,-14.2520775,150.0
8195,1375,10,88000,0.0007,0.6653679609298706,1.8768887519836426,1374,1.2889070510864258,-1.9844063520431519,0.0,-14.2520775,150.0
8195,1376,10,88064,0.0007,0.6049269437789917,1.7897017002105713,1375,-1.506380319595337,-1.9717497825622559,0.0,-14.2520775,150.0
8196,1377,10,88128,0.0007,0.48537468910217285,0.9266460537910461,1376,-0.7811668515205383,-2.0001842975616455,0.0,-14.2520775,150.0
8196,1378,10,88192,0.0007,0.28483808040618896,0.572996973991394,1377,0.27493008971214294,-2.0147922039031982,0.0,-14.2520775,150.0
8197,1379,10,88256,0.0007,0.3453636169433594,0.2448994666337967,1378,0.02651962637901306,-2.043548107147217,0.0,-14.476322819999998,150.0
8198,1380,10,88320,0.0007,0.9698910713195801,0.9760185480117798,1379,1.2146774530410767,-1.8859403133392334,0.0,-14.476322819999998,150.0
8198,1381,10,88384,0.0007,0.19833362102508545,1.8102728128433228,1380,-1.6340265274047852,-1.9186630249023438,0.0,-14.476322819999998,150.0
8199,1382,10,88448,0.0007,0.19310450553894043,6.305561542510986,1381,0.6672955751419067,-1.9850703477859497,0.0,-14.476322819999998,150.0
8199,1383,10,88512,0.0007,0.8222945928573608,1.6391258239746094,1382,-1.0150316953659058,-2.0104880332946777,0.0,-14.476322819999998,150.0
8200,1384,10,88576,0.0007,0.8953904509544373,1.1013092994689941,1383,0.8079341650009155,-2.0407867431640625,0.0,-14.476322819999998,150.0
8202,1385,10,88640,0.0007,0.9706636071205139,0.29795578122138977,1384,-0.237803116440773,-2.0259506702423096,0.0,-14.476322819999998,150.0
8202,1386,10,88704,0.0007,0.9010529518127441,0.5889830589294434,1385,-1.0994246006011963,-2.0527029037475586,0.0,-14.476322819999998,150.0
8203,1387,10,88768,0.0007,0.5808749794960022,0.46788108348846436,1386,-0.8080205917358398,-2.056868076324463,0.0,-14.476322819999998,150.0
8204,1388,10,88832,0.0007,0.42199045419692993,0.35126587748527527,1387,-0.5598580837249756,-2.0850024223327637,0.0,-14.586490699999999,150.0
8205,1389,10,88896,0.0007,0.9958388805389404,0.1612768918275833,1388,0.034497544169425964,-1.9636448621749878,0.0,-14.586490699999999,150.0
8205,1390,10,88960,0.0007,0.5104548931121826,0.9033821821212769,1389,-0.41989290714263916,-1.9155752658843994,0.0,-14.586490699999999,150.0
8206,1391,10,89024,0.0007,0.7377417087554932,1.554107666015625,1390,0.18283617496490479,-1.9639534950256348,0.0,-14.586490699999999,150.0
8205,1392,10,89088,0.0007,0.8516039252281189,1.8111090660095215,1391,0.0036437511444091797,-1.9952640533447266,0.0,-14.586490699999999,150.0
8206,1393,10,89152,0.0007,0.17297053337097168,3.997898578643799,1392,-0.22910091280937195,-2.0509204864501953,0.0,-14.586490699999999,150.0
8206,1394,10,89216,0.0007,0.5164028406143188,0.7942035794258118,1393,-1.1708884239196777,-2.0727477073669434,0.0,-14.586490699999999,150.0
8207,1395,10,89280,0.0007,0.2997022271156311,0.23442523181438446,1394,-0.3577312231063843,-2.0776333808898926,0.0,-14.586490699999999,150.0
8208,1396,10,89344,0.0007,0.08386290073394775,0.32757240533828735,1395,-0.33903011679649353,-2.088143825531006,0.0,-14.586490699999999,150.0
8208,1397,10,89408,0.0007,0.04467463493347168,0.2988370358943939,1396,-0.5020467042922974,-2.079206705093384,0.0,-14.59903068,150.0
8209,1398,10,89472,0.0007,0.9871904850006104,0.159838005900383,1397,0.06159054487943649,-2.0675861835479736,0.0,-14.59903068,150.0
8209,1399,10,89536,0.0007,0.331401526927948,1.481382966041565,1398,-0.21376986801624298,-1.9384243488311768,0.0,-14.59903068,150.0
8210,1400,10,89600,0.0007,0.1670662760734558,14.190850257873535,1399,4.35035514831543,-1.9968221187591553,0.0,-14.59903068,150.0
8211,1401,10,89664,0.0007,-0.6191248893737793,3.5186872482299805,1400,0.05885126441717148,-2.0600624084472656,0.0,-14.59903068,150.0
8210,1402,10,89728,0.0007,0.3296610116958618,0.9760906100273132,1401,-0.3526601791381836,-2.0959086418151855,0.0,-14.59903068,150.0
8211,1403,10,89792,0.0007,0.807500958442688,0.08322671800851822,1402,-0.2629986107349396,-2.112229585647583,0.0,-14.59903068,150.0
8212,1404,10,89856,0.0007,0.12870079278945923,1.0026805400848389,1403,0.6068891882896423,-2.098267078399658,0.0,-14.59903068,150.0
8212,1405,10,89920,0.0007,-0.0007425546646118164,0.7531815767288208,1404,-0.2243272066116333,-2.105731964111328,0.0,-14.59903068,150.0
8212,1406,10,89984,0.0007,-0.017892956733703613,0.4956705868244171,1405,-0.825725793838501,-2.114330768585205,0.0,-14.59903068,150.0
8212,1407,10,90048,0.0007,-0.012292027473449707,0.6205373406410217,1406,0.16349829733371735,-2.1017093658447266,0.0,-14.934171050000002,150.0
8212,1408,10,90112,0.0007,0.9643285274505615,1.0433179140090942,1407,0.8344309329986572,-1.9088276624679565,0.0,-14.934171050000002,150.0
8213,1409,10,90176,0.0007,0.511768639087677,3.0650038719177246,1408,0.9741218686103821,-1.8894953727722168,0.0,-14.934171050000002,150.0
8213,1410,10,90240,0.0007,0.9236180186271667,0.4706190824508667,1409,0.7549054622650146,-1.9597587585449219,0.0,-14.934171050000002,150.0
8214,1411,10,90304,0.0007,0.644536018371582,2.1815757751464844,1410,1.4270812273025513,-1.9803333282470703,0.0,-14.934171050000002,150.0
8214,1412,11,90368,0.0007,0.8254446387290955,2.7726075649261475,1411,-1.4734681844711304,-1.994791030883789,0.0,-14.934171050000002,150.0
8215,1413,11,90432,0.0007,0.9426083564758301,0.9893076419830322,1412,-0.8324413895606995,-2.0661134719848633,0.0,-14.934171050000002,150.0
8215,1414,11,90496,0.0007,0.9727674722671509,0.2757697105407715,1413,0.034444816410541534,-2.099541664123535,0.0,-14.934171050000002,150.0
8216,1415,11,90560,0.0007,0.9788271188735962,0.20342601835727692,1414,0.19985166192054749,-2.101668357849121,0.0,-14.934171050000002,150.0
8216,1416,11,90624,0.0007,0.9653180241584778,0.4188511371612549,1415,-0.48438936471939087,-2.0878498554229736,0.01,-15.189955200000004,150.0
8216,1417,11,90688,0.0007,0.8933879137039185,5.978963375091553,1416,1.1274389028549194,-1.9902894496917725,0.01,-15.189955200000004,150.0
8217,1418,11,90752,0.0007,0.7368630170822144,1.0530811548233032,1417,-1.0562924146652222,-1.8831586837768555,0.01,-15.189955200000004,150.0
8218,1419,11,90816,0.0007,0.5973063707351685,1.13592529296875,1418,-1.6392807960510254,-1.938084602355957,0.01,-15.189955200000004,150.0
8218,1420,11,90880,0.0007,0.5938944816589355,1.3862284421920776,1419,-0.5043096542358398,-1.9902644157409668,0.01,-15.189955200000004,150.0
8219,1421,11,90944,0.0007,0.45294350385665894,0.6668674945831299,1420,0.2343556135892868,-2.0229225158691406,0.01,-15.189955200000004,150.0
8219,1422,11,91008,0.0007,-0.1776752471923828,4.81574821472168,1421,1.5664429664611816,-2.0260767936706543,0.01,-15.189955200000004,150.0
8220,1423,11,91072,0.0007,-0.3298095464706421,0.24486881494522095,1422,-0.648002028465271,-2.0211501121520996,0.01,-15.189955200000004,150.0
8220,1424,11,91136,0.0007,-0.6908954381942749,0.08315133303403854,1423,0.0006459355354309082,-2.00923752784729,0.01,-15.189955200000004,150.0
8220,1425,11,91200,0.0007,0.03271889686584473,0.05452635884284973,1424,-0.06546708941459656,-2.0157649517059326,0.01,-15.546764490000003,150.0
8220,1426,11,91264,0.0007,0.020018577575683594,0.47884729504585266,1425,0.2331814467906952,-2.0101499557495117,0.01,-15.546764490000003,150.0
8221,1427,11,91328,0.0007,0.8517624139785767,0.5680249333381653,1426,-0.8459782600402832,-1.8487021923065186,0.01,-15.546764490000003,150.0
8221,1428,11,91392,0.0007,0.6656192541122437,6.778271675109863,1427,1.7035136222839355,-1.9104251861572266,0.01,-15.546764490000003,150.0
8222,1429,11,91456,0.0007,0.9559473991394043,1.1657018661499023,1428,0.42635244131088257,-1.9969992637634277,0.01,-15.546764490000003,150.0
8222,1430,11,91520,0.0007,0.9688951969146729,1.524492859840393,1429,1.7269437313079834,-2.010920763015747,0.01,-15.546764490000003,150.0
8223,1431,11,91584,0.0007,0.9597954154014587,2.2251152992248535,1430,2.090376853942871,-2.046182632446289,0.01,-15.546764490000003,150.0
8224,1432,11,91648,0.0007,0.9534851312637329,1.8569362163543701,1431,1.2406071424484253,-2.0582315921783447,0.01,-15.546764490000003,150.0
8225,1433,11,91712,0.0007,0.9629479050636292,1.2198762893676758,1432,0.47014713287353516,-2.0775814056396484,0.01,-15.546764490000003,150.0
8225,1434,11,91776,0.0007,0.9900006055831909,0.8573980331420898,1433,-1.590659499168396,-2.0278544425964355,0.01,-15.546764490000003,150.0
8226,1435,11,91840,0.0007,0.9737837910652161,1.0287220478057861,1434,-1.4136996269226074,-2.0117087364196777,0.02,-15.376580670000001,150.0
8227,1436,11,91904,0.0007,0.948645830154419,1.729527473449707,1435,0.30872687697410583,-1.9014259576797485,0.02,-15.376580670000001,150.0
8227,1437,11,91968,0.0007,0.9586443305015564,0.35779842734336853,1436,-0.7784042954444885,-1.8915302753448486,0.02,-15.376580670000001,150.0
8228,1438,11,92032,0.0007,0.8818562626838684,1.245964765548706,1437,1.6098871231079102,-1.953661561012268,0.02,-15.376580670000001,150.0
8228,1439,11,92096,0.0007,-0.027190685272216797,5.487885475158691,1438,1.9493430852890015,-1.980711817741394,0.02,-15.376580670000001,150.0
8228,1440,11,92160,0.0007,0.866836667060852,1.5893173217773438,1439,-1.0671175718307495,-2.016263008117676,0.02,-15.376580670000001,150.0
8229,1441,11,92224,0.0007,0.9055207371711731,1.5568112134933472,1440,-1.8483493328094482,-2.027864456176758,0.02,-15.376580670000001,150.0
8230,1442,11,92288,0.0007,0.6108916997909546,1.2681498527526855,1441,-1.595329761505127,-2.0401344299316406,0.02,-15.376580670000001,150.0
8230,1443,11,92352,0.0007,0.5357153415679932,0.8561556339263916,1442,-1.3929452896118164,-2.031588315963745,0.02,-15.376580670000001,150.0
8231,1444,11,92416,0.0007,0.3585349917411804,0.5936819911003113,1443,-1.233137607574463,-2.055026054382324,0.02,-16.0140703,150.0
8231,1445,11,92480,0.0007,0.9943243265151978,0.3745574653148651,1444,-0.8845149278640747,-1.9930171966552734,0.02,-16.0140703,150.0
8232,1446,11,92544,0.0007,0.777381420135498,0.2537441849708557,1445,-0.3898746967315674,-1.849408507347107,0.02,-16.0140703,150.0
8232,1447,11,92608,0.0007,0.6938717365264893,0.3422729969024658,1446,-0.4566985070705414,-1.911271572113037,0.02,-16.0140703,150.0
8233,1448,11,92672,0.0007,0.5898154973983765,0.4701584279537201,1447,0.1468202918767929,-1.9637402296066284,0.02,-16.0140703,150.0
8234,1449,11,92736,0.0007,0.5510807037353516,2.161644220352173,1448,1.8814698457717896,-1.998798131942749,0.02,-16.0140703,150.0
8235,1450,11,92800,0.0007,0.5851784944534302,2.7510271072387695,1449,2.1323556900024414,-2.029529333114624,0.02,-16.0140703,150.0
8236,1451,11,92864,0.0007,0.4964812994003296,0.49070024490356445,1450,0.5081218481063843,-2.0459251403808594,0.02,-16.0140703,150.0
8237,1452,11,92928,0.0007,0.4633946418762207,0.546701192855835,1451,0.12169869244098663,-2.027534008026123,0.02,-16.0140703,150.0
8237,1453,11,92992,0.0007,0.2849504351615906,1.3032431602478027,1452,0.5214625000953674,-2.080106258392334,0.02,-16.0140703,150.0
8237,1454,11,93056,0.0007,0.26484090089797974,1.7278225421905518,1453,0.8102884888648987,-2.073610782623291,0.02,-15.881558460000006,150.0
8237,1455,11,93120,0.0007,0.9759907722473145,0.497355580329895,1454,0.4146134853363037,-1.9014637470245361,0.02,-15.881558460000006,150.0
8237,1456,11,93184,0.0007,0.85768723487854,0.594806432723999,1455,-0.4690554141998291,-1.9202485084533691,0.02,-15.881558460000006,150.0
8238,1457,11,93248,0.0007,0.7519901990890503,2.260298490524292,1456,0.667431116104126,-1.94649338722229,0.02,-15.881558460000006,150.0
8239,1458,11,93312,0.0007,0.9458922147750854,0.6758989095687866,1457,-0.5864337682723999,-1.9710564613342285,0.02,-15.881558460000006,150.0
8239,1459,11,93376,0.0007,0.8322927951812744,2.9771156311035156,1458,1.7853550910949707,-1.9781219959259033,0.02,-15.881558460000006,150.0
8240,1460,11,93440,0.0007,0.963240385055542,0.6091440320014954,1459,-0.9758068323135376,-1.9878523349761963,0.02,-15.881558460000006,150.0
8240,1461,11,93504,0.0007,0.9407255053520203,0.9779044985771179,1460,-1.4284292459487915,-1.9978172779083252,0.02,-15.881558460000006,150.0
8241,1462,11,93568,0.0007,0.9416481256484985,0.5747551918029785,1461,0.4965994358062744,-1.9857933521270752,0.02,-15.881558460000006,150.0
8242,1463,11,93632,0.0007,0.9496939778327942,0.36592376232147217,1462,0.33557021617889404,-1.989916205406189,0.02,-16.089491950000003,150.0
8243,1464,11,93696,0.0007,0.9940671920776367,0.23588153719902039,1463,-0.1947891265153885,-1.9178038835525513,0.02,-16.089491950000003,150.0
8243,1465,11,93760,0.0007,0.578977644443512,4.224212169647217,1464,1.6919349431991577,-1.8915190696716309,0.02,-16.089491950000003,150.0
8244,1466,11,93824,0.0007,0.5756957530975342,4.962268829345703,1465,-0.8407672643661499,-1.9650774002075195,0.02,-16.089491950000003,150.0
8245,1467,11,93888,0.0007,0.886326789855957,2.2183728218078613,1466,0.1336769461631775,-2.015341281890869,0.02,-16.089491950000003,150.0
8246,1468,11,93952,0.0007,0.9237335920333862,0.8751516342163086,1467,0.07869744300842285,-2.032517671585083,0.02,-16.089491950000003,150.0
8247,1469,11,94016,0.0007,0.7539876699447632,1.540590524673462,1468,0.6209080219268799,-2.0043365955352783,0.02,-16.089491950000003,150.0
8248,1470,11,94080,0.0007,0.4560614824295044,0.8571861982345581,1469,0.3576141595840454,-1.995561122894287,0.02,-16.089491950000003,150.0
8248,1471,11,94144,0.0007,-0.042856812477111816,1.6173286437988281,1470,0.7443228960037231,-2.024794101715088,0.02,-16.089491950000003,150.0
8248,1472,11,94208,0.0007,-0.16354823112487793,0.6575149893760681,1471,0.16804169118404388,-2.0260486602783203,0.02,-16.00523275,150.0
8248,1473,11,94272,0.0007,0.8657522797584534,2.4118223190307617,1472,1.1969565153121948,-1.9606826305389404,0.02,-16.00523275,150.0
8249,1474,11,94336,0.0007,0.7041888236999512,0.7994368672370911,1473,0.8248107433319092,-1.780942678451538,0.02,-16.00523275,150.0
8249,1475,11,94400,0.0007,0.8263959884643555,0.7018716335296631,1474,-0.5487747192382812,-1.8282208442687988,0.02,-16.00523275,150.0
8250,1476,11,94464,0.0007,0.7212262153625488,2.9066858291625977,1475,0.6116942167282104,-1.8681550025939941,0.02,-16.00523275,150.0
8251,1477,11,94528,0.0007,0.615854024887085,3.0217623710632324,1476,-2.0036826133728027,-1.911272406578064,0.02,-16.00523275,150.0
8251,1478,11,94592,0.0007,0.467373251914978,3.0781333446502686,1477,0.4765664339065552,-1.929649829864502,0.02,-16.00523275,150.0
8252,1479,11,94656,0.0007,0.911831259727478,0.25295963883399963,1478,-0.26944857835769653,-1.9811276197433472,0.02,-16.00523275,150.0
8253,1480,11,94720,0.0007,0.8570097088813782,0.35606423020362854,1479,-0.7740004062652588,-2.013345718383789,0.02,-16.00523275,150.0
8253,1481,11,94784,0.0007,0.4779423475265503,0.6165974736213684,1480,-0.40348485112190247,-2.0337133407592773,0.02,-16.00523275,150.0
8254,1482,11,94848,0.0007,0.21752166748046875,0.554551899433136,1481,-0.7246723175048828,-2.060892105102539,0.02,-16.083845640000003,150.0
8255,1483,11,94912,0.0007,0.9952741861343384,0.1555698812007904,1482,0.23890617489814758,-1.879685878753662,0.02,-16.083845640000003,150.0
8255,1484,11,94976,0.0007,0.5174281001091003,0.7932899594306946,1483,0.22969889640808105,-1.853750228881836,0.02,-16.083845640000003,150.0
8256,1485,11,95040,0.0007,0.7787598967552185,2.0914509296417236,1484,-1.6762944459915161,-1.8968985080718994,0.02,-16.083845640000003,150.0
8257,1486,11,95104,0.0007,0.8193731307983398,1.1586300134658813,1485,0.29827991127967834,-1.944102168083191,0.02,-16.083845640000003,150.0
8257,1487,11,95168,0.0007,0.9619877338409424,0.5083293914794922,1486,-0.592991292476654,-2.040170669555664,0.02,-16.083845640000003,150.0
8257,1488,11,95232,0.0007,0.810134768486023,2.1559221744537354,1487,0.3899049460887909,-2.053410768508911,0.02,-16.083845640000003,150.0
8258,1489,11,95296,0.0007,0.9640238285064697,0.35639646649360657,1488,-0.30072882771492004,-2.0673434734344482,0.02,-16.083845640000003,150.0
8258,1490,11,95360,0.0007,0.8876138925552368,0.6516436338424683,1489,-0.7956114411354065,-2.06463623046875,0.02,-16.083845640000003,150.0
8258,1491,11,95424,0.0007,0.6876373291015625,0.4058125913143158,1490,-0.6842098832130432,-2.085869312286377,0.02,-16.44192706,150.0
8259,1492,11,95488,0.0007,0.9975392818450928,0.1364380419254303,1491,-0.4817708730697632,-2.0229861736297607,0.02,-16.44192706,150.0
8259,1493,11,95552,0.0007,0.6363815665245056,1.2437204122543335,1492,0.19562342762947083,-1.9429757595062256,0.02,-16.44192706,150.0
8260,1494,11,95616,0.0007,0.7925573587417603,1.5526492595672607,1493,-0.4795437157154083,-1.9930094480514526,0.02,-16.44192706,150.0
8261,1495,11,95680,0.0007,0.9195871353149414,0.45668140053749084,1494,-0.3285784125328064,-2.039407968521118,0.02,-16.44192706,150.0
8261,1496,11,95744,0.0007,0.16938066482543945,3.694716691970825,1495,1.4011889696121216,-2.0648553371429443,0.02,-16.44192706,150.0
8262,1497,11,95808,0.0007,0.8913332223892212,0.1585727334022522,1496,-0.014144286513328552,-2.0556535720825195,0.02,-16.44192706,150.0
8263,1498,11,95872,0.0007,0.8379257917404175,0.17054784297943115,1497,0.01686716638505459,-2.040529489517212,0.02,-16.44192706,150.0
8264,1499,11,95936,0.0007,0.8340573310852051,0.13603705167770386,1498,0.06542512774467468,-2.0395898818969727,0.02,-16.44192706,150.0
8265,1500,11,96000,0.0007,0.652604341506958,0.2578425407409668,1499,-0.14652788639068604,-2.0076184272766113,0.02,-16.3338921,150.0
8265,1501,11,96064,0.0007,0.7072054743766785,0.09388386458158493,1500,0.19715312123298645,-2.0165653228759766,0.02,-16.3338921,150.0
8265,1502,11,96128,0.0007,0.8995246887207031,0.13097769021987915,1501,-0.3865513801574707,-1.8290003538131714,0.02,-16.3338921,150.0
8266,1503,11,96192,0.0007,0.3730740547180176,4.684125900268555,1502,1.6738835573196411,-1.889739990234375,0.02,-16.3338921,150.0
8266,1504,11,96256,0.0007,0.6745599508285522,2.1794519424438477,1503,-0.04460759460926056,-1.9246059656143188,0.02,-16.3338921,150.0
8267,1505,11,96320,0.0007,0.8010700941085815,0.8674643635749817,1504,0.17937630414962769,-1.9464974403381348,0.02,-16.3338921,150.0
8267,1506,11,96384,0.0007,0.905840277671814,0.5003254413604736,1505,0.2600170373916626,-1.9155319929122925,0.02,-16.3338921,150.0
8268,1507,11,96448,0.0007,0.9575181007385254,0.2944720983505249,1506,-0.2494075745344162,-1.9079188108444214,0.02,-16.3338921,150.0
8269,1508,11,96512,0.0007,0.9732282757759094,0.15233874320983887,1507,-0.07888831198215485,-1.8940385580062866,0.02,-16.3338921,150.0
8270,1509,11,96576,0.0007,0.87663334608078,0.1937682181596756,1508,-0.24758028984069824,-1.9588614702224731,0.02,-16.3338921,150.0
8270,1510,11,96640,0.0007,0.46500951051712036,0.15212653577327728,1509,-0.0313933864235878,-1.9074883460998535,0.02,-16.46508267,150.0
8271,1511,11,96704,0.0007,0.9926840662956238,0.284610778093338,1510,-0.3440707325935364,-1.8083512783050537,0.02,-16.46508267,150.0
8272,1512,11,96768,0.0007,0.5048631429672241,0.8656816482543945,1511,0.601039469242096,-1.7948050498962402,0.02,-16.46508267,150.0
8273,1513,11,96832,0.0007,0.624495267868042,3.2538437843322754,1512,2.2842583656311035,-1.852400541305542,0.02,-16.46508267,150.0
8274,1514,11,96896,0.0007,0.9678810238838196,0.15097534656524658,1513,-0.22504937648773193,-1.900746464729309,0.02,-16.46508267,150.0
8275,1515,11,96960,0.0007,0.8775322437286377,0.398464560508728,1514,-0.5361491441726685,-1.9235906600952148,0.02,-16.46508267,150.0
8275,1516,11,97024,0.0007,0.9324275255203247,0.06763328611850739,1515,-0.1220734566450119,-1.9443964958190918,0.02,-16.46508267,150.0
8276,1517,11,97088,0.0007,-0.06911659240722656,0.2147994190454483,1516,-0.352313369512558,-1.9355683326721191,0.02,-16.46508267,150.0
8277,1518,11,97152,0.0007,0.4205160140991211,0.06172235310077667,1517,-0.1256168931722641,-1.9394583702087402,0.02,-16.46508267,150.0
8278,1519,11,97216,0.0007,0.17374902963638306,1.849395751953125,1518,0.8603111505508423,-1.9979208707809448,0.02,-16.399297,150.0
8278,1520,11,97280,0.0007,0.994113564491272,0.1377953737974167,1519,-0.16225072741508484,-1.9514663219451904,0.02,-16.399297,150.0
8278,1521,11,97344,0.0007,0.7712834477424622,0.24094173312187195,1520,0.11569863557815552,-1.8202059268951416,0.02,-16.399297,150.0
8279,1522,11,97408,0.0007,0.6150380373001099,0.47588664293289185,1521,-0.14761991798877716,-1.934497594833374,0.02,-16.399297,150.0
8279,1523,11,97472,0.0007,0.6882767677307129,0.8494427800178528,1522,-0.5301905870437622,-2.014582872390747,0.02,-16.399297,150.0
8280,1524,11,97536,0.0007,0.6517105102539062,0.30826252698898315,1523,0.3826543092727661,-2.020845890045166,0.02,-16.399297,150.0
8280,1525,11,97600,0.0007,0.49840277433395386,0.1627744734287262,1524,-0.1730276197195053,-2.0291998386383057,0.02,-16.399297,150.0
8281,1526,11,97664,0.0007,-0.13457775115966797,0.4942935109138489,1525,0.631157636642456,-2.0717849731445312,0.02,-16.399297,150.0
8282,1527,11,97728,0.0007,0.06145942211151123,0.45783883333206177,1526,0.9327831268310547,-2.093357563018799,0.02,-16.399297,150.0
8283,1528,11,97792,0.0007,0.13127505779266357,0.8544083833694458,1527,0.5426521301269531,-2.095421314239502,0.02,-16.399297,150.0
8283,1529,11,97856,0.0007,-0.016909122467041016,0.14242953062057495,1528,0.029053308069705963,-2.099933624267578,0.02,-16.472173670000004,150.0
8284,1530,11,97920,0.0007,0.9010347723960876,1.0350146293640137,1529,-0.3549943268299103,-1.8455817699432373,0.02,-16.472173670000004,150.0
8285,1531,11,97984,0.0007,0.6912456750869751,2.084566354751587,1530,0.08574503660202026,-1.8646316528320312,0.02,-16.472173670000004,150.0
8286,1532,11,98048,0.0007,0.766945481300354,1.4598804712295532,1531,0.6102463603019714,-1.933666467666626,0.02,-16.472173670000004,150.0
8287,1533,11,98112,0.0007,0.5646284818649292,0.8508703112602234,1532,0.35529664158821106,-1.9819788932800293,0.02,-16.472173670000004,150.0
8285,1534,11,98176,0.0007,0.817355215549469,0.31690359115600586,1533,-0.3193657398223877,-2.0243334770202637,0.02,-16.472173670000004,150.0
8283,1535,11,98240,0.0007,0.10055255889892578,1.3130519390106201,1534,1.582399845123291,-2.014284133911133,0.02,-16.472173670000004,150.0
8281,1536,11,98304,0.0007,0.10628420114517212,0.8223572969436646,1535,1.3392832279205322,-2.0191524028778076,0.02,-16.472173670000004,150.0
8280,1537,11,98368,0.0007,-0.08576691150665283,0.2574995458126068,1536,0.5492978096008301,-1.9943177700042725,0.02,-16.472173670000004,150.0
8280,1538,11,98432,0.0007,-0.01721048355102539,0.10231269150972366,1537,0.1904570758342743,-2.0176584720611572,0.02,-16.795904160000003,150.0
8280,1539,11,98496,0.0007,0.9940663576126099,0.17022114992141724,1538,0.06949180364608765,-1.9114265441894531,0.02,-16.795904160000003,150.0
8281,1540,11,98560,0.0007,0.3672206401824951,2.634136915206909,1539,1.7486717700958252,-1.913540244102478,0.02,-16.795904160000003,150.0
8281,1541,11,98624,0.0007,-1.641124963760376,2.0004451274871826,1540,-0.22564919292926788,-1.9785325527191162,0.02,-16.795904160000003,150.0
8282,1542,11,98688,0.0007,0.7570290565490723,0.5303547978401184,1541,-1.0416154861450195,-2.0370898246765137,0.02,-16.795904160000003,150.0
8283,1543,11,98752,0.0007,-0.48245716094970703,2.2790286540985107,1542,1.6114966869354248,-2.0429835319519043,0.02,-16.795904160000003,150.0
8283,1544,11,98816,0.0007,0.5571489334106445,0.47896021604537964,1543,0.6434137225151062,-2.0320286750793457,0.02,-16.795904160000003,150.0
8284,1545,11,98880,0.0007,0.44999033212661743,4.609797477722168,1544,1.3043224811553955,-2.0339584350585938,0.02,-16.795904160000003,150.0
8284,1546,11,98944,0.0007,0.8784134387969971,0.32389217615127563,1545,0.31099045276641846,-2.0286130905151367,0.02,-16.795904160000003,150.0
8285,1547,11,99008,0.0007,0.6898160576820374,3.865567445755005,1546,1.9968252182006836,-2.024949073791504,0.02,-16.508056030000002,150.0
8285,1548,11,99072,0.0007,0.817003607749939,4.4737467765808105,1547,1.236895203590393,-1.9972338676452637,0.02,-16.508056030000002,150.0
8286,1549,11,99136,0.0007,0.27379101514816284,1.281164526939392,1548,0.7040146589279175,-1.8544626235961914,0.02,-16.508056030000002,150.0
8286,1550,11,99200,0.0007,0.2399688959121704,1.9775891304016113,1549,0.2983385920524597,-1.963062047958374,0.02,-16.508056030000002,150.0
8285,1551,11,99264,0.0007,0.4356034994125366,4.766698360443115,1550,2.03981351852417,-2.0029680728912354,0.02,-16.508056030000002,150.0
8284,1552,11,99328,0.0007,0.7461556792259216,2.277888298034668,1551,0.30596500635147095,-1.9824869632720947,0.02,-16.508056030000002,150.0
8283,1553,11,99392,0.0007,0.8813048005104065,0.7278234958648682,1552,0.08051267266273499,-1.979679822921753,0.02,-16.508056030000002,150.0
8283,1554,12,99456,0.0007,-0.44465768337249756,3.779688835144043,1553,0.09964965283870697,-2.0094199180603027,0.02,-16.508056030000002,150.0
8282,1555,12,99520,0.0007,0.8824708461761475,0.7402141690254211,1554,-1.4194531440734863,-1.991621732711792,0.02,-16.508056030000002,150.0
8281,1556,12,99584,0.0007,-0.4027754068374634,0.6471554636955261,1555,-1.0279302597045898,-1.9983429908752441,0.02,-16.508056030000002,150.0
8281,1557,12,99648,0.0007,-1.3575327396392822,0.4331500828266144,1556,-0.9744136333465576,-2.026820659637451,0.02,-16.53482886,150.0
8281,1558,12,99712,0.0007,0.996740460395813,0.30455759167671204,1557,-0.7115872502326965,-1.8988943099975586,0.02,-16.53482886,150.0
8281,1559,12,99776,0.0007,0.5893105268478394,4.065220832824707,1558,0.1147809624671936,-1.9669305086135864,0.02,-16.53482886,150.0
8281,1560,12,99840,0.0007,0.8780506253242493,1.6334044933319092,1559,-1.5260226726531982,-2.0292062759399414,0.02,-16.53482886,150.0
8281,1561,12,99904,0.0007,0.8714424967765808,1.8683052062988281,1560,1.494537591934204,-2.024834632873535,0.02,-16.53482886,150.0
8282,1562,12,99968,0.0007,0.887479305267334,0.5776006579399109,1561,0.01320803351700306,-2.0610058307647705,0.02,-16.53482886,150.0
8279,1563,12,100032,0.0007,0.37041211128234863,9.28988265991211,1562,3.084907054901123,-2.045786142349243,0.02,-16.53482886,150.0
