time/fps,time/total_timesteps,time/time_elapsed,time/iterations,train/explained_variance,train/learning_rate,train/value_loss,train/n_updates,train/entropy_loss,train/policy_loss,rollout/success_rate,rollout/ep_len_mean,rollout/ep_rew_mean
5041,64,0,1,,,,,,,,,
4137,128,0,2,0.2440391182899475,0.0003,0.11701864004135132,1,-2.197206974029541,-0.28369301557540894,,,
5010,192,0,3,0.10049092769622803,0.0003,0.558244526386261,2,-2.194047451019287,-0.7833898663520813,,,
5659,256,0,4,-0.03673744201660156,0.0003,1.2091870307922363,3,-2.1927549839019775,-1.6762040853500366,,,
6073,320,0,5,-0.06997978687286377,0.0003,2.781472682952881,4,-2.189279079437256,-2.4162967205047607,,,
6438,384,0,6,-0.10113930702209473,0.0003,2.7524495124816895,5,-2.188627243041992,-1.4193940162658691,,,
6731,448,0,7,-0.03236973285675049,0.0003,1.7208061218261719,6,-2.1870667934417725,-2.2294106483459473,,,
6980,512,0,8,0.11462157964706421,0.0003,2.425467014312744,7,-2.1841888427734375,-2.92694354057312,,,
7143,576,0,9,-0.0029894113540649414,0.0003,3.0412864685058594,8,-2.1858432292938232,-1.9237669706344604,,,
7188,640,0,10,0.1658455729484558,0.0003,2.970038890838623,9,-2.1899726390838623,-0.2015874981880188,0.0,150.0,-17.25376225
7303,704,0,11,0.29255783557891846,0.0003,0.22803133726119995,10,-2.187830924987793,-0.0052690692245960236,0.0,150.0,-17.25376225
7405,768,0,12,-0.055278658866882324,0.0003,0.10831838101148605,11,-2.187516212463379,0.2913770377635956,0.0,150.0,-17.25376225
7430,832,0,13,-0.04277634620666504,0.0003,0.15762671828269958,12,-2.184993028640747,0.02747907117009163,0.0,150.0,-17.25376225
7517,896,0,14,0.3746119737625122,0.0003,0.205631822347641,13,-2.188253402709961,0.08057285845279694,0.0,150.0,-17.25376225
7609,960,0,15,0.3971855640411377,0.0003,0.33645904064178467,14,-2.1861956119537354,-0.7883996963500977,0.0,150.0,-17.25376225
7688,1024,0,16,0.15707600116729736,0.0003,1.2288429737091064,15,-2.1863396167755127,-1.785253643989563,0.0,150.0,-17.25376225
7729,1088,0,17,0.029084324836730957,0.0003,2.464155673980713,16,-2.187483310699463,-2.1387462615966797,0.0,150.0,-17.25376225
7767,1152,0,18,0.028667688369750977,0.0003,4.6134538650512695,17,-2.1876611709594727,-3.9964332580566406,0.0,150.0,-17.25376225
7813,1216,0,19,0.02860647439956665,0.0003,1.4455652236938477,18,-2.1887340545654297,-1.9365036487579346,0.0,150.0,-15.139874875
7824,1280,0,20,0.2364366054534912,0.0003,1.1256096363067627,19,-2.188979148864746,-0.14122381806373596,0.0,150.0,-15.139874875
7867,1344,0,21,0.04502594470977783,0.0003,0.21156036853790283,20,-2.1901211738586426,-0.20952247083187103,0.0,150.0,-15.139874875
7912,1408,0,22,0.2811649441719055,0.0003,0.14015619456768036,21,-2.1887333393096924,-0.47779592871665955,0.0,150.0,-15.139874875
7964,1472,0,23,0.19104832410812378,0.0003,0.48148834705352783,22,-2.1898465156555176,-0.3103170394897461,0.0,150.0,-15.139874875
7993,1536,0,24,0.21456009149551392,0.0003,1.127616047859192,23,-2.1907718181610107,-1.4752625226974487,0.0,150.0,-15.139874875
8009,1600,0,25,0.17251873016357422,0.0003,1.7366275787353516,24,-2.189704418182373,-2.255136489868164,0.0,150.0,-15.139874875
8033,1664,0,26,0.09761190414428711,0.0003,2.2349326610565186,25,-2.1899571418762207,-2.0020298957824707,0.0,150.0,-15.139874875
8053,1728,0,27,0.08417409658432007,0.0003,3.4967269897460938,26,-2.190986394882202,-2.759697437286377,0.0,150.0,-15.139874875
8039,1792,0,28,0.09681510925292969,0.0003,2.7152340412139893,27,-2.191770553588867,-2.893592357635498,0.0,150.0,-15.139874875
8030,1856,0,29,0.0922735333442688,0.0003,1.983482003211975,28,-2.1931395530700684,-2.7143609523773193,0.0,150.0,-16.90619475
8070,1920,0,30,0.1885426640510559,0.0003,0.2241496443748474,29,-2.189514636993408,0.4987572133541107,0.0,150.0,-16.90619475
8078,1984,0,31,-0.05430483818054199,0.0003,0.1729283183813095,30,-2.188473701477051,0.5001376867294312,0.0,150.0,-16.90619475
8094,2048,0,32,-0.17854654788970947,0.0003,0.21797555685043335,31,-2.188019037246704,-0.6593191027641296,0.0,150.0,-16.90619475
8113,2112,0,33,0.015989303588867188,0.0003,1.2705156803131104,32,-2.1885263919830322,0.18312926590442657,0.0,150.0,-16.90619475
8118,2176,0,34,0.30241483449935913,0.0003,0.8241105079650879,33,-2.190157413482666,-1.7098170518875122,0.0,150.0,-16.90619475
8143,2240,0,35,0.09610450267791748,0.0003,0.8232097625732422,34,-2.1904633045196533,-1.6594396829605103,0.0,150.0,-16.90619475
8169,2304,0,36,0.10432165861129761,0.0003,1.31184720993042,35,-2.190941572189331,-1.446507215499878,0.0,150.0,-16.90619475
8200,2368,0,37,0.08296281099319458,0.0003,4.5204620361328125,36,-2.191433906555176,0.7538439035415649,0.0,150.0,-16.90619475
8211,2432,0,38,0.12911778688430786,0.0003,1.2026453018188477,37,-2.193021297454834,-1.3724743127822876,0.0,150.0,-16.2243573125
8233,2496,0,39,0.23478150367736816,0.0003,0.34588998556137085,38,-2.1915760040283203,-0.1014203131198883,0.0,150.0,-16.2243573125
8259,2560,0,40,-0.16263747215270996,0.0003,0.08413108438253403,39,-2.1906814575195312,-0.04419172555208206,0.0,150.0,-16.2243573125
8281,2624,0,41,-0.33823227882385254,0.0003,0.1560383141040802,40,-2.187215566635132,-0.5309551954269409,0.0,150.0,-16.2243573125
8308,2688,0,42,0.005305767059326172,0.0003,1.0181442499160767,41,-2.1873223781585693,-0.016425609588623047,0.0,150.0,-16.2243573125
8333,2752,0,43,-0.08007586002349854,0.0003,2.2749593257904053,42,-2.189126491546631,1.2026331424713135,0.0,150.0,-16.2243573125
8340,2816,0,44,0.1880509853363037,0.0003,0.5259000062942505,43,-2.1893234252929688,-1.0220462083816528,0.0,150.0,-16.2243573125
8276,2880,0,45,0.017688512802124023,0.0003,1.435615062713623,44,-2.189091920852661,-0.5610514283180237,0.0,150.0,-16.2243573125
8252,2944,0,46,0.08896255493164062,0.0003,0.9989572167396545,45,-2.1890792846679688,-1.9346734285354614,0.0,150.0,-16.2243573125
8256,3008,0,47,0.0981903076171875,0.0003,1.2053905725479126,46,-2.189826488494873,-1.5311079025268555,0.0,150.0,-15.376849000000002
8217,3072,0,48,0.10188984870910645,0.0003,1.2124704122543335,47,-2.1898839473724365,-1.140152096748352,0.0,150.0,-15.376849000000002
8206,3136,0,49,0.126331627368927,0.0003,0.3961108922958374,48,-2.1883544921875,1.120007038116455,0.0,150.0,-15.376849000000002
8225,3200,0,50,-0.14375126361846924,0.0003,0.052892010658979416,49,-2.187412738800049,-0.18054762482643127,0.0,150.0,-15.376849000000002
8244,3264,0,51,0.008829474449157715,0.0003,0.3775830566883087,50,-2.185818910598755,-0.8232779502868652,0.0,150.0,-15.376849000000002
8251,3328,0,52,-0.11899232864379883,0.0003,0.35694730281829834,51,-2.1866462230682373,-0.6025357842445374,0.0,150.0,-15.376849000000002
8263,3392,0,53,0.13819444179534912,0.0003,1.7900707721710205,52,-2.1875734329223633,-1.1835048198699951,0.0,150.0,-15.376849000000002
8232,3456,0,54,0.08440715074539185,0.0003,1.2046713829040527,53,-2.1862435340881348,0.06074605882167816,0.0,150.0,-15.376849000000002
8211,3520,0,55,0.1730594038963318,0.0003,1.2290287017822266,54,-2.18524432182312,1.1084877252578735,0.0,150.0,-15.376849000000002
8220,3584,0,56,0.006469070911407471,0.0003,3.06191086769104,55,-2.1853251457214355,-1.279949426651001,0.0,150.0,-15.376849000000002
8236,3648,0,57,-0.2338085174560547,0.0003,2.1140990257263184,56,-2.1860814094543457,-2.259922742843628,0.0,150.0,-14.906524374999998
8255,3712,0,58,0.2470652461051941,0.0003,0.35809212923049927,57,-2.1831939220428467,0.7999980449676514,0.0,150.0,-14.906524374999998
8275,3776,0,59,0.08013534545898438,0.0003,0.3424741327762604,58,-2.183046579360962,0.7341369986534119,0.0,150.0,-14.906524374999998
8295,3840,0,60,0.022605061531066895,0.0003,0.17721614241600037,59,-2.183544158935547,-0.01151728630065918,0.0,150.0,-14.906524374999998
8301,3904,0,61,0.37716805934906006,0.0003,0.07447941601276398,60,-2.184715747833252,-0.016631532460451126,0.0,150.0,-14.906524374999998
8294,3968,0,62,0.07052809000015259,0.0003,0.6091347932815552,61,-2.1866605281829834,-1.1899055242538452,0.0,150.0,-14.906524374999998
7485,4032,0,63,0.011510312557220459,0.0003,0.922696590423584,62,-2.1860289573669434,-1.6104888916015625,0.0,150.0,-14.906524374999998
7388,4096,0,64,0.025551021099090576,0.0003,0.7738016843795776,63,-2.187589645385742,-1.136231780052185,0.0,150.0,-14.906524374999998
7366,4160,0,65,0.032094478607177734,0.0003,1.569087266921997,64,-2.18727970123291,-0.1535068303346634,0.0,150.0,-14.906524374999998
7369,4224,0,66,0.012178599834442139,0.0003,0.34294402599334717,65,-2.18729567527771,-0.5537937879562378,0.0,150.0,-14.59467439285714
7351,4288,0,67,0.38393521308898926,0.0003,0.3276824355125427,66,-2.184844493865967,-0.40963858366012573,0.0,150.0,-14.59467439285714
7329,4352,0,68,0.1807924509048462,0.0003,0.33053475618362427,67,-2.183664321899414,0.182612806558609,0.0,150.0,-14.59467439285714
7322,4416,0,69,0.2716214060783386,0.0003,0.9565515518188477,68,-2.183626890182495,-0.8243388533592224,0.0,150.0,-14.59467439285714
7318,4480,0,70,0.3757127523422241,0.0003,0.9174332618713379,69,-2.1850829124450684,-1.1405746936798096,0.0,150.0,-14.59467439285714
7304,4544,0,71,0.18680161237716675,0.0003,1.8312246799468994,70,-2.1849100589752197,-1.021780014038086,0.0,150.0,-14.59467439285714
7305,4608,0,72,0.11213016510009766,0.0003,2.4707841873168945,71,-2.1868062019348145,-0.8630459308624268,0.0,150.0,-14.59467439285714
7325,4672,0,73,0.2343236804008484,0.0003,1.3966894149780273,72,-2.186541795730591,-1.1073131561279297,0.0,150.0,-14.59467439285714
7340,4736,0,74,-0.02495896816253662,0.0003,1.6986372470855713,73,-2.1873619556427,-1.7805092334747314,0.0,150.0,-14.59467439285714
7355,4800,0,75,0.14109021425247192,0.0003,1.983841896057129,74,-2.187649726867676,-0.9944207668304443,0.0,150.0,-14.948300062500001
7372,4864,0,76,0.29097050428390503,0.0003,0.81983482837677,75,-2.1867589950561523,-0.8980442881584167,0.0,150.0,-14.948300062500001
7372,4928,0,77,0.10842138528823853,0.0003,0.5134826898574829,76,-2.183401107788086,1.0325630903244019,0.0,150.0,-14.948300062500001
7333,4992,0,78,0.26988452672958374,0.0003,0.27991822361946106,77,-2.1837267875671387,0.39972925186157227,0.0,150.0,-14.948300062500001
7314,5056,0,79,-0.05475115776062012,0.0003,1.0372731685638428,78,-2.18123722076416,0.5106185674667358,0.0,150.0,-14.948300062500001
7323,5120,0,80,0.1133388876914978,0.0003,0.3198152482509613,79,-2.181175947189331,0.8198487162590027,0.0,150.0,-14.948300062500001
7338,5184,0,81,-0.13516640663146973,0.0003,1.1789318323135376,80,-2.180225372314453,-1.014599084854126,0.0,150.0,-14.948300062500001
7357,5248,0,82,0.12466651201248169,0.0003,0.5884171724319458,81,-2.177997589111328,-1.1257518529891968,0.0,150.0,-14.948300062500001
7375,5312,0,83,0.057079017162323,0.0003,0.8046400547027588,82,-2.1768836975097656,-1.602533221244812,0.0,150.0,-14.948300062500001
7387,5376,0,84,-0.0682750940322876,0.0003,1.6473469734191895,83,-2.179265022277832,-2.407161235809326,0.0,150.0,-14.948300062500001
7396,5440,0,85,-0.05917680263519287,0.0003,3.1529486179351807,84,-2.1798908710479736,-2.9423327445983887,0.0,150.0,-15.100485194444445
7412,5504,0,86,0.4533817768096924,0.0003,0.48405182361602783,85,-2.1792259216308594,0.29617840051651,0.0,150.0,-15.100485194444445
7424,5568,0,87,-0.09953451156616211,0.0003,0.8123458623886108,86,-2.1747846603393555,1.5641632080078125,0.0,150.0,-15.100485194444445
7442,5632,0,88,0.3033427596092224,0.0003,0.3384658694267273,87,-2.174281597137451,-0.1776081621646881,0.0,150.0,-15.100485194444445
7449,5696,0,89,0.21332645416259766,0.0003,0.7598131895065308,88,-2.172034740447998,-0.1459961086511612,0.0,150.0,-15.100485194444445
7465,5760,0,90,0.09039294719696045,0.0003,0.8123075366020203,89,-2.1721646785736084,1.061782717704773,0.0,150.0,-15.100485194444445
7479,5824,0,91,0.44219815731048584,0.0003,0.6072320938110352,90,-2.1715283393859863,-0.8184047341346741,0.0,150.0,-15.100485194444445
7481,5888,0,92,-0.16582810878753662,0.0003,1.8863019943237305,91,-2.1682488918304443,0.21094216406345367,0.0,150.0,-15.100485194444445
7484,5952,0,93,0.11101466417312622,0.0003,1.5850363969802856,92,-2.1666007041931152,-1.956176519393921,0.0,150.0,-15.100485194444445
7472,6016,0,94,0.11952805519104004,0.0003,1.761976718902588,93,-2.1673436164855957,-1.678264856338501,0.025,150.0,-14.6791177
7483,6080,0,95,0.11024314165115356,0.0003,5.609132766723633,94,-2.167145013809204,0.18210899829864502,0.025,150.0,-14.6791177
7486,6144,0,96,0.09988582134246826,0.0003,0.18194840848445892,95,-2.1593265533447266,0.1831168383359909,0.025,150.0,-14.6791177
7485,6208,0,97,0.2530134916305542,0.0003,0.5219765901565552,96,-2.160945415496826,-0.6808282136917114,0.025,150.0,-14.6791177
7490,6272,0,98,-0.03797924518585205,0.0003,1.2735936641693115,97,-2.1613168716430664,-0.18420366942882538,0.025,150.0,-14.6791177
7502,6336,0,99,-0.030933380126953125,0.0003,1.7509123086929321,98,-2.16389536857605,-1.371808409690857,0.025,150.0,-14.6791177
7509,6400,0,100,0.021622776985168457,0.0003,0.742397665977478,99,-2.166438102722168,-0.4983602464199066,0.025,150.0,-14.6791177
7523,6464,0,101,-0.0810631513595581,0.0003,2.2918500900268555,100,-2.1626064777374268,-2.9249167442321777,0.025,150.0,-14.6791177
7540,6528,0,102,0.016553223133087158,0.0003,2.715498924255371,101,-2.160177230834961,-0.641018271446228,0.025,150.0,-14.6791177
7553,6592,0,103,0.06929326057434082,0.0003,2.4081039428710938,102,-2.15944766998291,-0.32035577297210693,0.025,150.0,-14.6791177
7564,6656,0,104,0.07459086179733276,0.0003,1.5402963161468506,103,-2.1479973793029785,-1.87959885597229,0.022727272727272728,150.0,-14.984432931818183
7577,6720,0,105,0.3895409107208252,0.0003,0.37873226404190063,104,-2.148927927017212,0.7319774627685547,0.022727272727272728,150.0,-14.984432931818183
7589,6784,0,106,0.0023761391639709473,0.0003,0.5434973239898682,105,-2.1472067832946777,0.6357940435409546,0.022727272727272728,150.0,-14.984432931818183
7603,6848,0,107,-0.22858405113220215,0.0003,0.4373319149017334,106,-2.141512870788574,-0.11654473841190338,0.022727272727272728,150.0,-14.984432931818183
7615,6912,0,108,-0.042948126792907715,0.0003,1.3138859272003174,107,-2.1417694091796875,0.3246610164642334,0.022727272727272728,150.0,-14.984432931818183
7629,6976,0,109,0.13996708393096924,0.0003,0.7230073809623718,108,-2.137758255004883,-1.1191110610961914,0.022727272727272728,150.0,-14.984432931818183
7644,7040,0,110,0.12300461530685425,0.0003,0.7066032290458679,109,-2.1392195224761963,-0.8192041516304016,0.022727272727272728,150.0,-14.984432931818183
7651,7104,0,111,0.024367868900299072,0.0003,0.9563484191894531,110,-2.1408815383911133,-1.3115479946136475,0.022727272727272728,150.0,-14.984432931818183
7662,7168,0,112,0.03194308280944824,0.0003,1.0728869438171387,111,-2.1395859718322754,-1.7647062540054321,0.022727272727272728,150.0,-14.984432931818183
7662,7232,0,113,0.059030115604400635,0.0003,2.218498468399048,112,-2.142521619796753,-2.5887293815612793,0.020833333333333332,150.0,-15.131155166666668
7670,7296,0,114,0.6806977391242981,0.0003,0.25987008213996887,113,-2.1450483798980713,-0.34153681993484497,0.020833333333333332,150.0,-15.131155166666668
7678,7360,0,115,0.09049177169799805,0.0003,0.17399823665618896,114,-2.1421642303466797,0.12326754629611969,0.020833333333333332,150.0,-15.131155166666668
7666,7424,0,116,0.21626120805740356,0.0003,0.6726606488227844,115,-2.1406805515289307,-0.44534191489219666,0.020833333333333332,150.0,-15.131155166666668
7674,7488,0,117,0.2049238085746765,0.0003,0.6214213967323303,116,-2.139604091644287,0.32974350452423096,0.020833333333333332,150.0,-15.131155166666668
7683,7552,0,118,0.29992955923080444,0.0003,0.5689411163330078,117,-2.1433515548706055,-0.3955116868019104,0.020833333333333332,150.0,-15.131155166666668
7694,7616,0,119,0.33962976932525635,0.0003,0.4219757914543152,118,-2.1315698623657227,-0.4085182845592499,0.020833333333333332,150.0,-15.131155166666668
7708,7680,0,120,-0.03054630756378174,0.0003,1.4400784969329834,119,-2.1305978298187256,-0.5378775000572205,0.020833333333333332,150.0,-15.131155166666668
7712,7744,1,121,0.14379310607910156,0.0003,2.0177412033081055,120,-2.132883071899414,-0.41810154914855957,0.020833333333333332,150.0,-15.131155166666668
7706,7808,1,122,0.0021254420280456543,0.0003,2.4319844245910645,121,-2.134011745452881,-2.8334157466888428,0.019230769230769232,150.0,-15.26178103846154
7700,7872,1,123,0.358052134513855,0.0003,1.6243690252304077,122,-2.136366844177246,-2.024940013885498,0.019230769230769232,150.0,-15.26178103846154
7680,7936,1,124,0.091136634349823,0.0003,0.5337432622909546,123,-2.138484239578247,0.8804428577423096,0.019230769230769232,150.0,-15.26178103846154
7636,8000,1,125,0.01616382598876953,0.0003,0.4113210439682007,124,-2.1360442638397217,0.08309407532215118,0.019230769230769232,150.0,-15.26178103846154
7626,8064,1,126,-0.029500246047973633,0.0003,0.6702767014503479,125,-2.1347239017486572,-0.0451824925839901,0.019230769230769232,150.0,-15.26178103846154
7606,8128,1,127,0.18298977613449097,0.0003,0.6768363118171692,126,-2.126776695251465,-0.69436115026474,0.019230769230769232,150.0,-15.26178103846154
7598,8192,1,128,0.05840212106704712,0.0003,1.6181273460388184,127,-2.1279678344726562,0.02613493800163269,0.019230769230769232,150.0,-15.26178103846154
7591,8256,1,129,0.08371806144714355,0.0003,0.9188307523727417,128,-2.118103504180908,0.5183810591697693,0.019230769230769232,150.0,-15.26178103846154
7596,8320,1,130,0.09208524227142334,0.0003,3.273494005203247,129,-2.114877700805664,0.17971304059028625,0.019230769230769232,150.0,-15.26178103846154
7604,8384,1,131,0.20419609546661377,0.0003,2.1727986335754395,130,-2.1250483989715576,-1.454270362854004,0.019230769230769232,150.0,-15.26178103846154
7611,8448,1,132,0.11618965864181519,0.0003,2.875340461730957,131,-2.127622127532959,-0.5468332767486572,0.017857142857142856,150.0,-14.992178142857142
7607,8512,1,133,0.6609203815460205,0.0003,0.2467321753501892,132,-2.112501621246338,0.513264000415802,0.017857142857142856,150.0,-14.992178142857142
7606,8576,1,134,0.2225598692893982,0.0003,0.2984766960144043,133,-2.1058859825134277,0.7760645151138306,0.017857142857142856,150.0,-14.992178142857142
7607,8640,1,135,0.042839646339416504,0.0003,0.3674807548522949,134,-2.101019859313965,0.4413509666919708,0.017857142857142856,150.0,-14.992178142857142
7595,8704,1,136,-0.08256030082702637,0.0003,0.927635133266449,135,-2.095730781555176,-1.5672285556793213,0.017857142857142856,150.0,-14.992178142857142
7583,8768,1,137,0.010708272457122803,0.0003,1.0419297218322754,136,-2.1024835109710693,-1.5891172885894775,0.017857142857142856,150.0,-14.992178142857142
7578,8832,1,138,0.05565321445465088,0.0003,4.244492530822754,137,-2.1042685508728027,-3.7768893241882324,0.017857142857142856,150.0,-14.992178142857142
7576,8896,1,139,0.09388375282287598,0.0003,3.442776918411255,138,-2.1049678325653076,-3.4492392539978027,0.017857142857142856,150.0,-14.992178142857142
7562,8960,1,140,0.033786892890930176,0.0003,3.5603201389312744,139,-2.102872133255005,-3.3876960277557373,0.017857142857142856,150.0,-14.992178142857142
7554,9024,1,141,0.007134079933166504,0.0003,2.8842432498931885,140,-2.108776569366455,-2.9792399406433105,0.016666666666666666,150.0,-15.653285983333332
7553,9088,1,142,0.6316920518875122,0.0003,0.6469511389732361,141,-2.110076427459717,-0.7013798356056213,0.016666666666666666,150.0,-15.653285983333332
7547,9152,1,143,0.6284852027893066,0.0003,0.07842474430799484,142,-2.101353883743286,0.2527635097503662,0.016666666666666666,150.0,-15.653285983333332
7540,9216,1,144,0.4818599224090576,0.0003,0.40377941727638245,143,-2.106078624725342,-0.25855353474617004,0.016666666666666666,150.0,-15.653285983333332
7545,9280,1,145,0.041211605072021484,0.0003,1.982501745223999,144,-2.1137983798980713,0.3258742690086365,0.016666666666666666,150.0,-15.653285983333332
7552,9344,1,146,0.43692857027053833,0.0003,0.5601364374160767,145,-2.12373423576355,0.1568242758512497,0.016666666666666666,150.0,-15.653285983333332
7560,9408,1,147,-0.49709808826446533,0.0003,0.581389307975769,146,-2.1191563606262207,-0.33397188782691956,0.016666666666666666,150.0,-15.653285983333332
7569,9472,1,148,0.30577361583709717,0.0003,1.2669951915740967,147,-2.120694160461426,-1.79195237159729,0.016666666666666666,150.0,-15.653285983333332
7578,9536,1,149,0.17409729957580566,0.0003,1.8187060356140137,148,-2.1217761039733887,-2.398916721343994,0.016666666666666666,150.0,-15.653285983333332
7582,9600,1,150,0.14596927165985107,0.0003,1.4703131914138794,149,-2.1234984397888184,-2.228487253189087,0.015625,150.0,-15.767483125000002
7584,9664,1,151,0.100003182888031,0.0003,1.9929850101470947,150,-2.1231319904327393,-2.567898988723755,0.015625,150.0,-15.767483125000002
7585,9728,1,152,0.2914915084838867,0.0003,0.2836650013923645,151,-2.119426727294922,0.7612199783325195,0.015625,150.0,-15.767483125000002
7593,9792,1,153,0.20984011888504028,0.0003,0.06606905162334442,152,-2.1164662837982178,0.10445977002382278,0.015625,150.0,-15.767483125000002
7595,9856,1,154,0.11315786838531494,0.0003,0.5096454620361328,153,-2.125389575958252,-0.3453628718852997,0.015625,150.0,-15.767483125000002
7602,9920,1,155,0.11493903398513794,0.0003,2.1810195446014404,154,-2.1272804737091064,-0.4606172740459442,0.015625,150.0,-15.767483125000002
7608,9984,1,156,0.2530452609062195,0.0003,2.2949728965759277,155,-2.131352424621582,-2.568211317062378,0.015625,150.0,-15.767483125000002
7614,10048,1,157,0.14118820428848267,0.0003,3.0048792362213135,156,-2.1264679431915283,-2.7926993370056152,0.015625,150.0,-15.767483125000002
7622,10112,1,158,0.10676175355911255,0.0003,2.483734130859375,157,-2.124279737472534,-2.3273890018463135,0.015625,150.0,-15.767483125000002
7627,10176,1,159,0.03342241048812866,0.0003,2.6912200450897217,158,-2.12385892868042,-2.657317876815796,0.015625,150.0,-15.767483125000002
7632,10240,1,160,-0.03959619998931885,0.0003,1.6397931575775146,159,-2.126516819000244,-2.1750457286834717,0.014705882352941176,150.0,-16.12608785294118
7635,10304,1,161,0.8335623145103455,0.0003,0.13678103685379028,160,-2.1308164596557617,-0.14255066215991974,0.014705882352941176,150.0,-16.12608785294118
7642,10368,1,162,0.45781075954437256,0.0003,0.0646243467926979,161,-2.1271753311157227,-0.3190035820007324,0.014705882352941176,150.0,-16.12608785294118
7647,10432,1,163,-0.5471731424331665,0.0003,0.4315049946308136,162,-2.1270556449890137,-0.03723730891942978,0.014705882352941176,150.0,-16.12608785294118
7552,10496,1,164,-0.0075196027755737305,0.0003,0.8004984855651855,163,-2.127305269241333,0.9626777172088623,0.014705882352941176,150.0,-16.12608785294118
7511,10560,1,165,0.028112292289733887,0.0003,0.39238297939300537,164,-2.124643325805664,-0.006153743714094162,0.014705882352941176,150.0,-16.12608785294118
7510,10624,1,166,0.02207261323928833,0.0003,1.5132461786270142,165,-2.1181674003601074,-0.3438452184200287,0.014705882352941176,150.0,-16.12608785294118
7512,10688,1,167,-0.03436720371246338,0.0003,2.4544496536254883,166,-2.116678476333618,-0.0831790566444397,0.014705882352941176,150.0,-16.12608785294118
7518,10752,1,168,-0.0478668212890625,0.0003,1.3590219020843506,167,-2.0986979007720947,-1.8803266286849976,0.014705882352941176,150.0,-16.12608785294118
7518,10816,1,169,-0.006559967994689941,0.0003,3.084717273712158,168,-2.103705406188965,-3.2704248428344727,0.013888888888888888,150.0,-16.144620680555555
7525,10880,1,170,0.6196547746658325,0.0003,0.996123194694519,169,-2.1056652069091797,-1.4152240753173828,0.013888888888888888,150.0,-16.144620680555555
7531,10944,1,171,0.009060859680175781,0.0003,0.40331822633743286,170,-2.1072299480438232,0.8100022077560425,0.013888888888888888,150.0,-16.144620680555555
7539,11008,1,172,0.2619360685348511,0.0003,0.26015225052833557,171,-2.103116989135742,0.5788002014160156,0.013888888888888888,150.0,-16.144620680555555
7546,11072,1,173,0.2590378522872925,0.0003,0.22976136207580566,172,-2.0969369411468506,0.3701132535934448,0.013888888888888888,150.0,-16.144620680555555
7552,11136,1,174,0.04588061571121216,0.0003,0.19120348989963531,173,-2.0929455757141113,-0.026239313185214996,0.013888888888888888,150.0,-16.144620680555555
7553,11200,1,175,0.008084893226623535,0.0003,1.3527945280075073,174,-2.0928397178649902,-2.1581766605377197,0.013888888888888888,150.0,-16.144620680555555
7557,11264,1,176,0.0905308723449707,0.0003,3.0868868827819824,175,-2.0941524505615234,-2.986111879348755,0.013888888888888888,150.0,-16.144620680555555
7562,11328,1,177,0.02988147735595703,0.0003,3.4833409786224365,176,-2.0988731384277344,-3.348231077194214,0.013888888888888888,150.0,-16.144620680555555
7570,11392,1,178,0.029660701751708984,0.0003,3.2509865760803223,177,-2.102402925491333,-3.36480450630188,0.013888888888888888,150.0,-16.144620680555555
7574,11456,1,179,0.04507243633270264,0.0003,2.830235481262207,178,-2.103498935699463,-2.9353010654449463,0.013157894736842105,150.0,-16.474884921052634
7582,11520,1,180,0.7740748524665833,0.0003,0.2030615508556366,179,-2.107998847961426,0.5066166520118713,0.013157894736842105,150.0,-16.474884921052634
7588,11584,1,181,0.342231810092926,0.0003,0.9646561741828918,180,-2.1029248237609863,1.0227606296539307,0.013157894736842105,150.0,-16.474884921052634
7596,11648,1,182,0.25978589057922363,0.0003,0.3019929528236389,181,-2.104891061782837,-0.03477240353822708,0.013157894736842105,150.0,-16.474884921052634
7603,11712,1,183,0.3181602358818054,0.0003,0.7849382758140564,182,-2.1075804233551025,-0.85392826795578,0.013157894736842105,150.0,-16.474884921052634
7611,11776,1,184,0.33733946084976196,0.0003,0.5447624921798706,183,-2.1095995903015137,-1.1109098196029663,0.013157894736842105,150.0,-16.474884921052634
7620,11840,1,185,0.21239882707595825,0.0003,1.758801817893982,184,-2.1108877658843994,-1.9057451486587524,0.013157894736842105,150.0,-16.474884921052634
7629,11904,1,186,0.22439461946487427,0.0003,0.6009247899055481,185,-2.1135683059692383,-1.0025562047958374,0.013157894736842105,150.0,-16.474884921052634
7637,11968,1,187,0.1574046015739441,0.0003,1.9578248262405396,186,-2.113032341003418,-2.3862318992614746,0.013157894736842105,150.0,-16.474884921052634
7644,12032,1,188,0.17881053686141968,0.0003,2.2255139350891113,187,-2.1102828979492188,-2.3477869033813477,0.0125,150.0,-16.5675777875
7651,12096,1,189,0.7543442249298096,0.0003,0.2742824852466583,188,-2.1109092235565186,-0.39017027616500854,0.0125,150.0,-16.5675777875
7658,12160,1,190,-0.011255145072937012,0.0003,0.3351697325706482,189,-2.1037633419036865,0.21094395220279694,0.0125,150.0,-16.5675777875
7663,12224,1,191,0.04309391975402832,0.0003,1.2273932695388794,190,-2.1003258228302,1.0783227682113647,0.0125,150.0,-16.5675777875
7664,12288,1,192,0.13670939207077026,0.0003,0.7721988558769226,191,-2.0961852073669434,-0.69588303565979,0.0125,150.0,-16.5675777875
7666,12352,1,193,0.33732831478118896,0.0003,1.8493022918701172,192,-2.091318368911743,-2.118757724761963,0.0125,150.0,-16.5675777875
7671,12416,1,194,0.10514497756958008,0.0003,1.9264386892318726,193,-2.094066619873047,-1.4205970764160156,0.0125,150.0,-16.5675777875
7671,12480,1,195,0.1278517246246338,0.0003,1.448838472366333,194,-2.102952480316162,-2.167736053466797,0.0125,150.0,-16.5675777875
7669,12544,1,196,0.09063690900802612,0.0003,1.6520334482192993,195,-2.1063921451568604,-2.2228286266326904,0.0125,150.0,-16.5675777875
7670,12608,1,197,0.07277077436447144,0.0003,1.909804344177246,196,-2.108365535736084,-2.5077366828918457,0.011904761904761904,150.0,-16.854778035714283
7672,12672,1,198,0.581162691116333,0.0003,1.4966861009597778,197,-2.107235908508301,-2.0906829833984375,0.011904761904761904,150.0,-16.854778035714283
7678,12736,1,199,0.27875930070877075,0.0003,0.26670747995376587,198,-2.1022095680236816,0.6848920583724976,0.011904761904761904,150.0,-16.854778035714283
7684,12800,1,200,0.014467895030975342,0.0003,1.3835933208465576,199,-2.100792407989502,1.4797834157943726,0.011904761904761904,150.0,-16.854778035714283
7690,12864,1,201,0.5763536691665649,0.0003,0.08580133318901062,200,-2.0998053550720215,0.005930408835411072,0.011904761904761904,150.0,-16.854778035714283
7698,12928,1,202,0.034638404846191406,0.0003,1.6243922710418701,201,-2.0940895080566406,0.7916558980941772,0.011904761904761904,150.0,-16.854778035714283
7703,12992,1,203,0.009983301162719727,0.0003,0.8195896744728088,202,-2.097043037414551,-1.3383264541625977,0.011904761904761904,150.0,-16.854778035714283
7711,13056,1,204,0.09184789657592773,0.0003,1.4732646942138672,203,-2.099621295928955,-1.8914704322814941,0.011904761904761904,150.0,-16.854778035714283
7718,13120,1,205,-0.06535887718200684,0.0003,3.232182264328003,204,-2.1044387817382812,-3.130763292312622,0.011904761904761904,150.0,-16.854778035714283
7725,13184,1,206,-0.00261533260345459,0.0003,3.2038049697875977,205,-2.1105690002441406,-3.0705416202545166,0.011904761904761904,150.0,-16.854778035714283
7731,13248,1,207,-0.023136258125305176,0.0003,2.3515796661376953,206,-2.117095947265625,-2.8473994731903076,0.011363636363636364,150.0,-17.000675477272726
7737,13312,1,208,0.8702216148376465,0.0003,0.14653202891349792,207,-2.1133875846862793,0.1566154956817627,0.011363636363636364,150.0,-17.000675477272726
7739,13376,1,209,0.5185625553131104,0.0003,0.38263314962387085,208,-2.1198291778564453,0.6924000978469849,0.011363636363636364,150.0,-17.000675477272726
7738,13440,1,210,0.2686377167701721,0.0003,0.24629855155944824,209,-2.1157474517822266,0.1528831124305725,0.011363636363636364,150.0,-17.000675477272726
7741,13504,1,211,-0.2622509002685547,0.0003,1.0334668159484863,210,-2.1171751022338867,0.1007940024137497,0.011363636363636364,150.0,-17.000675477272726
7745,13568,1,212,-0.3122718334197998,0.0003,1.4539616107940674,211,-2.1166248321533203,-1.1349880695343018,0.011363636363636364,150.0,-17.000675477272726
7750,13632,1,213,-0.17688238620758057,0.0003,0.4138234853744507,212,-2.1202006340026855,-0.8389085531234741,0.011363636363636364,150.0,-17.000675477272726
7755,13696,1,214,0.018050968647003174,0.0003,1.1694785356521606,213,-2.1188528537750244,-1.729231834411621,0.011363636363636364,150.0,-17.000675477272726
7758,13760,1,215,0.15359002351760864,0.0003,1.1212852001190186,214,-2.1217126846313477,-1.6570911407470703,0.011363636363636364,150.0,-17.000675477272726
7762,13824,1,216,0.10469001531600952,0.0003,1.1177668571472168,215,-2.1248981952667236,-1.3958449363708496,0.010869565217391304,150.0,-16.956407326086953
7767,13888,1,217,0.8126593828201294,0.0003,0.4210575819015503,216,-2.129556179046631,-0.6250240802764893,0.010869565217391304,150.0,-16.956407326086953
7772,13952,1,218,0.21794730424880981,0.0003,0.5322365760803223,217,-2.1253795623779297,0.7329405546188354,0.010869565217391304,150.0,-16.956407326086953
7778,14016,1,219,0.4910704493522644,0.0003,0.4707532525062561,218,-2.123656988143921,0.760798990726471,0.010869565217391304,150.0,-16.956407326086953
7782,14080,1,220,0.3649367094039917,0.0003,1.035056233406067,219,-2.1217527389526367,0.8826724290847778,0.010869565217391304,150.0,-16.956407326086953
7784,14144,1,221,0.17957282066345215,0.0003,0.4713916778564453,220,-2.119847536087036,0.6302794218063354,0.010869565217391304,150.0,-16.956407326086953
7785,14208,1,222,0.22228610515594482,0.0003,2.1841235160827637,221,-2.116535186767578,-0.5653020739555359,0.010869565217391304,150.0,-16.956407326086953
7786,14272,1,223,0.34777140617370605,0.0003,1.6204744577407837,222,-2.1199686527252197,-2.2258827686309814,0.010869565217391304,150.0,-16.956407326086953
7787,14336,1,224,0.04938620328903198,0.0003,2.5780346393585205,223,-2.1234443187713623,-2.7734227180480957,0.010869565217391304,150.0,-16.956407326086953
7790,14400,1,225,0.1059410572052002,0.0003,2.3371598720550537,224,-2.1255533695220947,-2.6981518268585205,0.010416666666666666,150.0,-16.956920416666666
7791,14464,1,226,-0.005139708518981934,0.0003,2.368640899658203,225,-2.1259407997131348,-2.844482421875,0.010416666666666666,150.0,-16.956920416666666
7796,14528,1,227,0.6095556020736694,0.0003,0.14075374603271484,226,-2.121699571609497,0.40194252133369446,0.010416666666666666,150.0,-16.956920416666666
7802,14592,1,228,0.15392762422561646,0.0003,0.6836867332458496,227,-2.118462085723877,-0.6109408736228943,0.010416666666666666,150.0,-16.956920416666666
7805,14656,1,229,0.4529620409011841,0.0003,0.7784661054611206,228,-2.1229190826416016,-1.011825442314148,0.010416666666666666,150.0,-16.956920416666666
7811,14720,1,230,0.49069440364837646,0.0003,0.7618159055709839,229,-2.122028112411499,-1.315090537071228,0.010416666666666666,150.0,-16.956920416666666
7813,14784,1,231,0.362801194190979,0.0003,1.2704291343688965,230,-2.1228785514831543,-1.7564128637313843,0.010416666666666666,150.0,-16.956920416666666
7812,14848,1,232,-0.2561453580856323,0.0003,1.7963961362838745,231,-2.125372886657715,-0.9425100684165955,0.010416666666666666,150.0,-16.956920416666666
7809,14912,1,233,-0.125901460647583,0.0003,1.6241151094436646,232,-2.1293296813964844,-1.7552080154418945,0.010416666666666666,150.0,-16.956920416666666
7809,14976,1,234,0.012991726398468018,0.0003,1.98910391330719,233,-2.1304538249969482,-2.2969019412994385,0.010416666666666666,150.0,-16.956920416666666
7807,15040,1,235,-0.0029342174530029297,0.0003,4.353760242462158,234,-2.132453441619873,-3.4266443252563477,0.01,150.0,-17.205036820000004
7808,15104,1,236,0.8308088779449463,0.0003,0.3846273422241211,235,-2.134833812713623,0.08684830367565155,0.01,150.0,-17.205036820000004
7811,15168,1,237,0.4567028880119324,0.0003,0.7239432334899902,236,-2.1334948539733887,1.2909348011016846,0.01,150.0,-17.205036820000004
7811,15232,1,238,-0.04203391075134277,0.0003,0.42305415868759155,237,-2.1315062046051025,0.564435601234436,0.01,150.0,-17.205036820000004
7815,15296,1,239,0.10119014978408813,0.0003,0.3315476179122925,238,-2.125770092010498,0.48863446712493896,0.01,150.0,-17.205036820000004
7814,15360,1,240,0.6859871745109558,0.0003,0.1403205394744873,239,-2.128307342529297,-0.284982293844223,0.01,150.0,-17.205036820000004
7818,15424,1,241,0.3148863911628723,0.0003,0.9386003613471985,240,-2.129063129425049,-1.053691029548645,0.01,150.0,-17.205036820000004
7819,15488,1,242,0.18718630075454712,0.0003,1.6936395168304443,241,-2.126692056655884,-2.014218330383301,0.01,150.0,-17.205036820000004
7821,15552,1,243,0.19476819038391113,0.0003,1.593811273574829,242,-2.1271004676818848,-2.154597520828247,0.01,150.0,-17.205036820000004
7825,15616,1,244,-0.1387561559677124,0.0003,0.9095243811607361,243,-2.1296186447143555,-1.7616420984268188,0.01,150.0,-17.10139624
7828,15680,2,245,0.9086302518844604,0.0003,0.29138168692588806,244,-2.1319382190704346,-0.6635570526123047,0.01,150.0,-17.10139624
7832,15744,2,246,0.30922847986221313,0.0003,0.43029916286468506,245,-2.1334328651428223,0.03734063357114792,0.01,150.0,-17.10139624
7833,15808,2,247,0.5209474563598633,0.0003,0.14050006866455078,246,-2.1377596855163574,0.42429471015930176,0.01,150.0,-17.10139624
7838,15872,2,248,0.34837764501571655,0.0003,0.738345205783844,247,-2.135366439819336,0.6160077452659607,0.01,150.0,-17.10139624
7838,15936,2,249,0.45067399740219116,0.0003,0.7229077816009521,248,-2.1347150802612305,0.6409722566604614,0.01,150.0,-17.10139624
7832,16000,2,250,0.4087127447128296,0.0003,0.29639193415641785,249,-2.1335692405700684,0.47383561730384827,0.01,150.0,-17.10139624
7831,16064,2,251,0.4516483545303345,0.0003,0.828865647315979,250,-2.131527900695801,-1.5548310279846191,0.01,150.0,-17.10139624
7834,16128,2,252,0.256713330745697,0.0003,1.5047825574874878,251,-2.1302738189697266,-1.9774080514907837,0.01,150.0,-17.10139624
7837,16192,2,253,0.08006167411804199,0.0003,2.2651138305664062,252,-2.1307618618011475,-2.3328962326049805,0.01,150.0,-17.10139624
7838,16256,2,254,0.14983916282653809,0.0003,2.381765842437744,253,-2.1341934204101562,-2.5182509422302246,0.01,150.0,-17.219984089999997
7841,16320,2,255,0.9048528671264648,0.0003,0.10900039970874786,254,-2.140397548675537,-0.10173371434211731,0.01,150.0,-17.219984089999997
7843,16384,2,256,0.20200812816619873,0.0003,0.19657762348651886,255,-2.139636516571045,-0.21549968421459198,0.01,150.0,-17.219984089999997
7847,16448,2,257,0.5540491342544556,0.0003,0.45641762018203735,256,-2.1441266536712646,-1.1796162128448486,0.01,150.0,-17.219984089999997
7851,16512,2,258,0.36309611797332764,0.0003,0.3537810444831848,257,-2.145458459854126,-0.7109664678573608,0.01,150.0,-17.219984089999997
7856,16576,2,259,-0.9616097211837769,0.0003,0.6095443964004517,258,-2.147692918777466,-1.41139817237854,0.01,150.0,-17.219984089999997
7861,16640,2,260,-0.1483314037322998,0.0003,1.0681482553482056,259,-2.1486544609069824,-1.840287446975708,0.01,150.0,-17.219984089999997
7866,16704,2,261,0.00047332048416137695,0.0003,1.7831525802612305,260,-2.1498255729675293,-2.3817219734191895,0.01,150.0,-17.219984089999997
7871,16768,2,262,0.007541000843048096,0.0003,1.2236281633377075,261,-2.151015043258667,-1.9900648593902588,0.01,150.0,-17.219984089999997
7873,16832,2,263,0.0049394965171813965,0.0003,1.0444865226745605,262,-2.1513118743896484,-1.687384009361267,0.01,150.0,-17.28612977
7877,16896,2,264,0.923393189907074,0.0003,0.17300081253051758,263,-2.149735450744629,-0.2956794798374176,0.01,150.0,-17.28612977
7877,16960,2,265,0.22936207056045532,0.0003,0.2800043821334839,264,-2.143200159072876,0.22658564150333405,0.01,150.0,-17.28612977
7880,17024,2,266,-0.20693886280059814,0.0003,0.5246073007583618,265,-2.1401453018188477,0.8234723210334778,0.01,150.0,-17.28612977
7884,17088,2,267,0.028428256511688232,0.0003,0.3909890651702881,266,-2.1380507946014404,-0.5799428224563599,0.01,150.0,-17.28612977
7888,17152,2,268,0.19909942150115967,0.0003,0.7905837893486023,267,-2.1368677616119385,-0.6140478253364563,0.01,150.0,-17.28612977
7891,17216,2,269,0.10011076927185059,0.0003,1.2798137664794922,268,-2.1409358978271484,-0.009909717366099358,0.01,150.0,-17.28612977
7896,17280,2,270,-0.03398263454437256,0.0003,0.8586769104003906,269,-2.1356186866760254,-1.1234395503997803,0.01,150.0,-17.28612977
7899,17344,2,271,0.010515809059143066,0.0003,1.1068849563598633,270,-2.1367263793945312,-1.7438571453094482,0.01,150.0,-17.28612977
7902,17408,2,272,-0.056329965591430664,0.0003,1.519454002380371,271,-2.136579751968384,-2.2233293056488037,0.01,150.0,-17.38977879
7906,17472,2,273,0.7244013547897339,0.0003,0.9300766587257385,272,-2.139787197113037,-1.3823432922363281,0.01,150.0,-17.38977879
7909,17536,2,274,0.3132851719856262,0.0003,1.1888983249664307,273,-2.1407523155212402,1.4573662281036377,0.01,150.0,-17.38977879
7914,17600,2,275,0.5675431489944458,0.0003,0.502062976360321,274,-2.136935234069824,-0.23297218978405,0.01,150.0,-17.38977879
7918,17664,2,276,0.42268526554107666,0.0003,0.2835341691970825,275,-2.131861686706543,-0.7924566864967346,0.01,150.0,-17.38977879
7922,17728,2,277,0.2099524736404419,0.0003,4.075310230255127,276,-2.1339759826660156,1.1134767532348633,0.01,150.0,-17.38977879
7927,17792,2,278,-0.5498006343841553,0.0003,0.6047905087471008,277,-2.132154941558838,-1.2902464866638184,0.01,150.0,-17.38977879
7932,17856,2,279,0.33775240182876587,0.0003,0.7146170139312744,278,-2.136059045791626,-0.9934744238853455,0.01,150.0,-17.38977879
7936,17920,2,280,-0.0549466609954834,0.0003,1.0042833089828491,279,-2.1386890411376953,-1.5816141366958618,0.01,150.0,-17.38977879
7939,17984,2,281,0.09906035661697388,0.0003,1.6739699840545654,280,-2.1380910873413086,-2.1708579063415527,0.01,150.0,-17.38977879
7938,18048,2,282,0.05699765682220459,0.0003,1.6335067749023438,281,-2.1442952156066895,-2.1551201343536377,0.01,150.0,-17.61722957
7933,18112,2,283,0.911666750907898,0.0003,0.2033548206090927,282,-2.14558744430542,0.3068585693836212,0.01,150.0,-17.61722957
7928,18176,2,284,0.27984821796417236,0.0003,0.29696470499038696,283,-2.1431734561920166,0.3085452914237976,0.01,150.0,-17.61722957
7923,18240,2,285,0.6093761324882507,0.0003,0.6604635715484619,284,-2.1413848400115967,1.084550142288208,0.01,150.0,-17.61722957
7921,18304,2,286,0.388180673122406,0.0003,2.294341802597046,285,-2.1382577419281006,1.0745104551315308,0.01,150.0,-17.61722957
7915,18368,2,287,0.3692525029182434,0.0003,2.559764862060547,286,-2.1352145671844482,-0.03820830583572388,0.01,150.0,-17.61722957
7912,18432,2,288,0.571826696395874,0.0003,1.9326770305633545,287,-2.1294801235198975,-2.436234712600708,0.01,150.0,-17.61722957
7914,18496,2,289,-0.08194923400878906,0.0003,3.3407816886901855,288,-2.1344425678253174,-3.347501754760742,0.01,150.0,-17.61722957
7917,18560,2,290,0.07512950897216797,0.0003,2.2469615936279297,289,-2.1383607387542725,-2.5186309814453125,0.01,150.0,-17.61722957
7919,18624,2,291,0.20280951261520386,0.0003,1.8391945362091064,290,-2.1420865058898926,-2.3992185592651367,0.01,150.0,-17.81818156
7922,18688,2,292,0.9430974721908569,0.0003,0.2943379282951355,291,-2.145137071609497,-0.6289371252059937,0.01,150.0,-17.81818156
7926,18752,2,293,0.3045315742492676,0.0003,0.23032310605049133,292,-2.1392977237701416,0.3044940233230591,0.01,150.0,-17.81818156
7929,18816,2,294,0.5109179615974426,0.0003,0.7052566409111023,293,-2.1348533630371094,1.17112135887146,0.01,150.0,-17.81818156
7930,18880,2,295,0.6612563133239746,0.0003,0.45598483085632324,294,-2.1349332332611084,0.8416637778282166,0.01,150.0,-17.81818156
7932,18944,2,296,0.5650424957275391,0.0003,0.5886392593383789,295,-2.1352100372314453,-0.18252688646316528,0.01,150.0,-17.81818156
7934,19008,2,297,0.7405337691307068,0.0003,0.4931313991546631,296,-2.14042329788208,-1.0504177808761597,0.01,150.0,-17.81818156
7937,19072,2,298,0.6848118305206299,0.0003,0.8007622957229614,297,-2.1398606300354004,-1.3796523809432983,0.01,150.0,-17.81818156
7937,19136,2,299,0.5510234236717224,0.0003,1.1832491159439087,298,-2.1401474475860596,-1.9225263595581055,0.01,150.0,-17.81818156
7939,19200,2,300,-0.02265024185180664,0.0003,1.2679274082183838,299,-2.140690326690674,-2.005844831466675,0.01,150.0,-17.831123209999998
7942,19264,2,301,-0.10126996040344238,0.0003,1.7650620937347412,300,-2.140779495239258,-1.217833161354065,0.01,150.0,-17.831123209999998
7944,19328,2,302,0.5170320272445679,0.0003,0.4450024962425232,301,-2.142073631286621,0.5665215253829956,0.01,150.0,-17.831123209999998
7949,19392,2,303,0.7357600927352905,0.0003,0.23838940262794495,302,-2.13954496383667,0.4598392844200134,0.01,150.0,-17.831123209999998
7953,19456,2,304,0.6748843789100647,0.0003,1.3368706703186035,303,-2.1370601654052734,1.286087989807129,0.01,150.0,-17.831123209999998
7957,19520,2,305,0.8848620653152466,0.0003,0.1917176991701126,304,-2.130507230758667,-0.4793062210083008,0.01,150.0,-17.831123209999998
7960,19584,2,306,0.7407559156417847,0.0003,0.6818521618843079,305,-2.1305575370788574,-0.45948779582977295,0.01,150.0,-17.831123209999998
7964,19648,2,307,0.6257545948028564,0.0003,0.5667850971221924,306,-2.1338939666748047,-0.4948061406612396,0.01,150.0,-17.831123209999998
7967,19712,2,308,0.5834596157073975,0.0003,1.474227786064148,307,-2.131253480911255,-1.067033052444458,0.01,150.0,-17.831123209999998
7970,19776,2,309,0.6125999689102173,0.0003,1.6095906496047974,308,-2.1327359676361084,-2.0026540756225586,0.01,150.0,-17.831123209999998
7967,19840,2,310,0.40809279680252075,0.0003,2.6244122982025146,309,-2.133876323699951,-2.9925127029418945,0.01,150.0,-17.631196340000002
7963,19904,2,311,0.9467874765396118,0.0003,0.27467551827430725,310,-2.1332883834838867,-0.028387393802404404,0.01,150.0,-17.631196340000002
7965,19968,2,312,0.467723548412323,0.0003,0.8069933652877808,311,-2.13759183883667,0.3337494730949402,0.01,150.0,-17.631196340000002
7966,20032,2,313,0.782671332359314,0.0003,0.6169109344482422,312,-2.139432907104492,-0.8062335252761841,0.01,150.0,-17.631196340000002
7964,20096,2,314,0.5794239640235901,0.0003,0.8464571237564087,313,-2.1431593894958496,-1.229445457458496,0.01,150.0,-17.631196340000002
7965,20160,2,315,0.7202497124671936,0.0003,0.5239298939704895,314,-2.1453633308410645,-1.197318196296692,0.01,150.0,-17.631196340000002
7967,20224,2,316,0.5631221532821655,0.0003,0.20234791934490204,315,-2.149077892303467,-0.7416898012161255,0.01,150.0,-17.631196340000002
7970,20288,2,317,-0.9704495668411255,0.0003,0.41885673999786377,316,-2.1507537364959717,-0.6742637157440186,0.01,150.0,-17.631196340000002
7972,20352,2,318,-0.3472195863723755,0.0003,0.6385167241096497,317,-2.1536202430725098,-1.4248416423797607,0.01,150.0,-17.631196340000002
7974,20416,2,319,-0.1027458906173706,0.0003,0.9710317850112915,318,-2.1533589363098145,-1.6954119205474854,0.01,150.0,-17.6810868
7978,20480,2,320,0.8361926078796387,0.0003,1.0446810722351074,319,-2.152881383895874,-1.2134432792663574,0.01,150.0,-17.6810868
7979,20544,2,321,0.5330749750137329,0.0003,0.15486332774162292,320,-2.1463985443115234,-0.14412984251976013,0.01,150.0,-17.6810868
7983,20608,2,322,0.571819543838501,0.0003,0.25856077671051025,321,-2.14412784576416,-0.39604759216308594,0.01,150.0,-17.6810868
7985,20672,2,323,0.6020715236663818,0.0003,0.2603086233139038,322,-2.146780014038086,-0.7742332220077515,0.01,150.0,-17.6810868
7985,20736,2,324,0.054699838161468506,0.0003,1.3507468700408936,323,-2.146359920501709,-0.16880415380001068,0.01,150.0,-17.6810868
7986,20800,2,325,0.1451197862625122,0.0003,1.7519581317901611,324,-2.145970344543457,0.10254952311515808,0.01,150.0,-17.6810868
7989,20864,2,326,-0.13034677505493164,0.0003,1.1657177209854126,325,-2.1491339206695557,0.3910178542137146,0.01,150.0,-17.6810868
7990,20928,2,327,-0.025388002395629883,0.0003,0.9929440021514893,326,-2.1435415744781494,-1.5979366302490234,0.01,150.0,-17.6810868
7992,20992,2,328,-0.013579487800598145,0.0003,0.7428989410400391,327,-2.147616386413574,-1.4259920120239258,0.01,150.0,-17.6810868
7993,21056,2,329,0.02311044931411743,0.0003,0.944362998008728,328,-2.1485557556152344,-1.6553394794464111,0.0,150.0,-17.85986806
7996,21120,2,330,0.8800498247146606,0.0003,0.15954285860061646,329,-2.1509640216827393,0.22515246272087097,0.0,150.0,-17.85986806
7999,21184,2,331,0.364827036857605,0.0003,0.7808825373649597,330,-2.1494569778442383,0.165836900472641,0.0,150.0,-17.85986806
8003,21248,2,332,0.623604416847229,0.0003,0.4667138159275055,331,-2.144794464111328,-0.6208089590072632,0.0,150.0,-17.85986806
8005,21312,2,333,0.788211464881897,0.0003,0.09512888640165329,332,-2.1425323486328125,-0.32893872261047363,0.0,150.0,-17.85986806
8008,21376,2,334,0.33366209268569946,0.0003,0.8590695858001709,333,-2.1403865814208984,-1.4666013717651367,0.0,150.0,-17.85986806
8010,21440,2,335,0.12825095653533936,0.0003,2.382079601287842,334,-2.139497756958008,-0.8719119429588318,0.0,150.0,-17.85986806
8013,21504,2,336,0.13880902528762817,0.0003,3.1282401084899902,335,-2.135105609893799,0.2049386203289032,0.0,150.0,-17.85986806
8017,21568,2,337,0.23000109195709229,0.0003,0.9000945687294006,336,-2.1320252418518066,-1.0237431526184082,0.0,150.0,-17.85986806
8020,21632,2,338,-0.0920872688293457,0.0003,0.47664520144462585,337,-2.1326632499694824,-1.2208242416381836,0.0,150.0,-17.78224918
8024,21696,2,339,0.9445624351501465,0.0003,0.20529384911060333,338,-2.1353940963745117,0.035594042390584946,0.0,150.0,-17.78224918
8028,21760,2,340,0.5711898803710938,0.0003,0.6269022226333618,339,-2.135354518890381,1.109844446182251,0.0,150.0,-17.78224918
8031,21824,2,341,0.6697897911071777,0.0003,0.7735710144042969,340,-2.1323776245117188,0.9160349369049072,0.0,150.0,-17.78224918
8033,21888,2,342,0.7721461057662964,0.0003,0.3554791808128357,341,-2.1305830478668213,-0.1962553858757019,0.0,150.0,-17.78224918
8033,21952,2,343,0.6025181412696838,0.0003,0.2677423059940338,342,-2.1218957901000977,0.056200988590717316,0.0,150.0,-17.78224918
8036,22016,2,344,0.5478571653366089,0.0003,1.4581291675567627,343,-2.115983247756958,-0.051498256623744965,0.0,150.0,-17.78224918
8038,22080,2,345,0.669407844543457,0.0003,1.1022282838821411,344,-2.1221067905426025,-1.4784936904907227,0.0,150.0,-17.78224918
8042,22144,2,346,0.5872291326522827,0.0003,2.0697386264801025,345,-2.1221923828125,-2.48545503616333,0.0,150.0,-17.78224918
8045,22208,2,347,0.37206846475601196,0.0003,3.005626678466797,346,-2.121528148651123,-2.7274022102355957,0.0,150.0,-17.775826939999998
8048,22272,2,348,0.7628927230834961,0.0003,2.3940372467041016,347,-2.1295275688171387,-2.5963692665100098,0.0,150.0,-17.775826939999998
8052,22336,2,349,0.005790770053863525,0.0003,0.23271438479423523,348,-2.138554573059082,-0.2369081974029541,0.0,150.0,-17.775826939999998
8055,22400,2,350,0.6629854440689087,0.0003,0.7056082487106323,349,-2.1368792057037354,-1.5804474353790283,0.0,150.0,-17.775826939999998
8058,22464,2,351,0.6025767922401428,0.0003,0.5370510816574097,350,-2.132239580154419,-1.2724778652191162,0.0,150.0,-17.775826939999998
8061,22528,2,352,0.1434524655342102,0.0003,0.5170363187789917,351,-2.1332452297210693,-0.3189070522785187,0.0,150.0,-17.775826939999998
8065,22592,2,353,-0.05478405952453613,0.0003,1.0625286102294922,352,-2.131007432937622,-0.01450565829873085,0.0,150.0,-17.775826939999998
8069,22656,2,354,-0.11973655223846436,0.0003,0.8790078163146973,353,-2.1229777336120605,-1.3190088272094727,0.0,150.0,-17.775826939999998
8073,22720,2,355,-0.06668210029602051,0.0003,1.1126937866210938,354,-2.1236071586608887,-0.7629560232162476,0.0,150.0,-17.775826939999998
8076,22784,2,356,-0.02182483673095703,0.0003,2.1974682807922363,355,-2.124117612838745,-2.7450294494628906,0.0,150.0,-17.775826939999998
8076,22848,2,357,-0.01700115203857422,0.0003,1.4604814052581787,356,-2.127357244491577,-2.2186920642852783,0.0,150.0,-17.949223909999997
8077,22912,2,358,0.9756791591644287,0.0003,0.08701521158218384,357,-2.122610569000244,-0.43106788396835327,0.0,150.0,-17.949223909999997
8080,22976,2,359,0.29639965295791626,0.0003,0.4500653147697449,358,-2.1175644397735596,0.10695891082286835,0.0,150.0,-17.949223909999997
8082,23040,2,360,0.2321385145187378,0.0003,1.4922552108764648,359,-2.127837896347046,1.674330711364746,0.0,150.0,-17.949223909999997
8085,23104,2,361,0.7471088171005249,0.0003,0.32105180621147156,360,-2.1261396408081055,0.40726566314697266,0.0,150.0,-17.949223909999997
8089,23168,2,362,0.5908548831939697,0.0003,0.6302089691162109,361,-2.127699136734009,1.168744683265686,0.0,150.0,-17.949223909999997
8092,23232,2,363,0.2517613172531128,0.0003,0.5032285451889038,362,-2.1270079612731934,-0.6399118900299072,0.0,150.0,-17.949223909999997
8094,23296,2,364,0.26384860277175903,0.0003,1.7475433349609375,363,-2.125539779663086,-0.3190420866012573,0.0,150.0,-17.949223909999997
8098,23360,2,365,0.3249770998954773,0.0003,1.9228291511535645,364,-2.1108293533325195,-1.14193594455719,0.0,150.0,-17.949223909999997
8099,23424,2,366,0.4110260009765625,0.0003,1.504101276397705,365,-2.116260528564453,-2.104874849319458,0.0,150.0,-18.035060599999998
8102,23488,2,367,0.9073473811149597,0.0003,0.4860222041606903,366,-2.119053840637207,-0.8914444446563721,0.0,150.0,-18.035060599999998
8106,23552,2,368,0.6268059611320496,0.0003,0.08856965601444244,367,-2.1169166564941406,0.2159644067287445,0.0,150.0,-18.035060599999998
8108,23616,2,369,0.376068651676178,0.0003,1.3984013795852661,368,-2.114248037338257,-0.2039288878440857,0.0,150.0,-18.035060599999998
8111,23680,2,370,0.8098145127296448,0.0003,0.39992213249206543,369,-2.1118507385253906,-0.9496771097183228,0.0,150.0,-18.035060599999998
8112,23744,2,371,0.645700216293335,0.0003,0.9414775371551514,370,-2.1113340854644775,-1.2772198915481567,0.0,150.0,-18.035060599999998
8114,23808,2,372,-0.15359997749328613,0.0003,2.360480785369873,371,-2.1168577671051025,0.27296972274780273,0.0,150.0,-18.035060599999998
8114,23872,2,373,0.3084333539009094,0.0003,0.9572715163230896,372,-2.1137747764587402,-1.341408133506775,0.0,150.0,-18.035060599999998
8113,23936,2,374,0.11573958396911621,0.0003,1.820406198501587,373,-2.1193487644195557,-1.8814927339553833,0.0,150.0,-18.035060599999998
8113,24000,2,375,0.14030671119689941,0.0003,2.6582536697387695,374,-2.1208150386810303,-2.676604986190796,0.0,150.0,-17.898872799999996
8114,24064,2,376,0.12680000066757202,0.0003,1.7953792810440063,375,-2.1264846324920654,-2.3290367126464844,0.0,150.0,-17.898872799999996
8116,24128,2,377,0.6585417985916138,0.0003,0.2663697898387909,376,-2.1271142959594727,0.7953734397888184,0.0,150.0,-17.898872799999996
8118,24192,2,378,0.5854594111442566,0.0003,0.5725144147872925,377,-2.1264700889587402,1.250929355621338,0.0,150.0,-17.898872799999996
8120,24256,2,379,0.6774693727493286,0.0003,0.6113576889038086,378,-2.126218318939209,0.09078922122716904,0.0,150.0,-17.898872799999996
8123,24320,2,380,-0.015459537506103516,0.0003,0.8493586778640747,379,-2.1277053356170654,1.407116413116455,0.0,150.0,-17.898872799999996
8125,24384,3,381,0.46135878562927246,0.0003,0.2858676314353943,380,-2.1284844875335693,-0.3534192442893982,0.0,150.0,-17.898872799999996
8128,24448,3,382,0.12089812755584717,0.0003,0.6863408088684082,381,-2.128720760345459,-0.6999502182006836,0.0,150.0,-17.898872799999996
8131,24512,3,383,0.40844523906707764,0.0003,0.4827750325202942,382,-2.1245522499084473,-1.2363704442977905,0.0,150.0,-17.898872799999996
8135,24576,3,384,0.16495215892791748,0.0003,1.2032461166381836,383,-2.127542495727539,-1.9107422828674316,0.0,150.0,-17.898872799999996
8137,24640,3,385,0.14578312635421753,0.0003,1.620302438735962,384,-2.1285860538482666,-1.7130320072174072,0.0,150.0,-17.75584463
8141,24704,3,386,0.9662638306617737,0.0003,0.19674167037010193,385,-2.127375602722168,-0.5998436212539673,0.0,150.0,-17.75584463
8144,24768,3,387,-0.03847634792327881,0.0003,0.3068889379501343,386,-2.1236824989318848,0.07919462025165558,0.0,150.0,-17.75584463
8146,24832,3,388,0.2681128978729248,0.0003,0.3201077878475189,387,-2.1286120414733887,-0.447139710187912,0.0,150.0,-17.75584463
8147,24896,3,389,-0.08560609817504883,0.0003,1.2527368068695068,388,-2.124802589416504,0.7438588738441467,0.0,150.0,-17.75584463
8150,24960,3,390,0.16695702075958252,0.0003,0.5868021249771118,389,-2.1224493980407715,-1.1198314428329468,0.0,150.0,-17.75584463
8135,25024,3,391,-0.14592671394348145,0.0003,1.623876690864563,390,-2.121593713760376,1.2572201490402222,0.0,150.0,-17.75584463
8135,25088,3,392,0.043908894062042236,0.0003,1.374165654182434,391,-2.1262590885162354,-0.5003372430801392,0.0,150.0,-17.75584463
8138,25152,3,393,0.0003908872604370117,0.0003,1.413902997970581,392,-2.1271164417266846,-1.723353385925293,0.0,150.0,-17.75584463
8140,25216,3,394,-0.03100883960723877,0.0003,1.6618890762329102,393,-2.1284501552581787,-2.2663686275482178,0.0,150.0,-17.58721692
8142,25280,3,395,0.879006564617157,0.0003,0.9253951907157898,394,-2.133810043334961,-1.1949421167373657,0.0,150.0,-17.58721692
8145,25344,3,396,0.45344793796539307,0.0003,0.6327158212661743,395,-2.1357641220092773,-0.19497334957122803,0.0,150.0,-17.58721692
8146,25408,3,397,0.5967663526535034,0.0003,0.8024616241455078,396,-2.1342546939849854,-0.8081035614013672,0.0,150.0,-17.58721692
8143,25472,3,398,0.6010663509368896,0.0003,1.228584885597229,397,-2.137579917907715,-1.7830500602722168,0.0,150.0,-17.58721692
8134,25536,3,399,0.02401071786880493,0.0003,1.575571060180664,398,-2.136770009994507,0.33947259187698364,0.0,150.0,-17.58721692
8128,25600,3,400,0.26816362142562866,0.0003,0.9983035326004028,399,-2.1346240043640137,-1.4400935173034668,0.0,150.0,-17.58721692
8126,25664,3,401,0.0032025575637817383,0.0003,3.232527256011963,400,-2.135584831237793,0.6078087091445923,0.0,150.0,-17.58721692
8128,25728,3,402,-0.09199714660644531,0.0003,0.3394630253314972,401,-2.135279417037964,-0.9478950500488281,0.0,150.0,-17.58721692
8128,25792,3,403,-0.11449897289276123,0.0003,1.13711416721344,402,-2.1366028785705566,-1.8768336772918701,0.0,150.0,-17.58721692
8129,25856,3,404,-0.06917273998260498,0.0003,1.3760573863983154,403,-2.1395678520202637,-2.1175355911254883,0.0,150.0,-17.740045010000003
8129,25920,3,405,0.7906039953231812,0.0003,0.46830546855926514,404,-2.131349563598633,0.857424795627594,0.0,150.0,-17.740045010000003
8132,25984,3,406,0.6160204410552979,0.0003,0.23099885880947113,405,-2.1275272369384766,0.5011188387870789,0.0,150.0,-17.740045010000003
8132,26048,3,407,0.8033950328826904,0.0003,0.10322611033916473,406,-2.1244404315948486,-0.32232582569122314,0.0,150.0,-17.740045010000003
8134,26112,3,408,-0.14124929904937744,0.0003,0.34308725595474243,407,-2.118685245513916,0.462529718875885,0.0,150.0,-17.740045010000003
8136,26176,3,409,-0.05561196804046631,0.0003,0.6478205919265747,408,-2.116093873977661,0.9790930151939392,0.0,150.0,-17.740045010000003
8137,26240,3,410,-0.17752981185913086,0.0003,1.0019950866699219,409,-2.118959426879883,-0.7223037481307983,0.0,150.0,-17.740045010000003
8135,26304,3,411,0.05385088920593262,0.0003,0.7843798995018005,410,-2.120906114578247,-1.3497228622436523,0.0,150.0,-17.740045010000003
8133,26368,3,412,0.015130698680877686,0.0003,1.5471491813659668,411,-2.121729850769043,-1.7446930408477783,0.0,150.0,-17.740045010000003
7996,26432,3,413,0.031828224658966064,0.0003,3.4126904010772705,412,-2.1246795654296875,-2.94734525680542,0.0,150.0,-17.54891649
7987,26496,3,414,0.8694185018539429,0.0003,0.6775343418121338,413,-2.1286044120788574,-0.33035174012184143,0.0,150.0,-17.54891649
7986,26560,3,415,0.04270517826080322,0.0003,0.9816754460334778,414,-2.1285109519958496,0.47455498576164246,0.0,150.0,-17.54891649
7986,26624,3,416,0.24330687522888184,0.0003,1.2698745727539062,415,-2.1301491260528564,1.4492526054382324,0.0,150.0,-17.54891649
7987,26688,3,417,0.21222543716430664,0.0003,0.9602135419845581,416,-2.1325228214263916,1.0361145734786987,0.0,150.0,-17.54891649
7989,26752,3,418,0.11384028196334839,0.0003,1.9769831895828247,417,-2.1304168701171875,1.2107782363891602,0.0,150.0,-17.54891649
7985,26816,3,419,0.258791983127594,0.0003,0.2505088448524475,418,-2.1312294006347656,-0.817214846611023,0.0,150.0,-17.54891649
7982,26880,3,420,-0.3308185338973999,0.0003,0.5897959470748901,419,-2.134399890899658,-1.245054006576538,0.0,150.0,-17.54891649
7983,26944,3,421,-0.0619736909866333,0.0003,0.6405010223388672,420,-2.1389949321746826,-1.3339970111846924,0.0,150.0,-17.54891649
7984,27008,3,422,-0.0768667459487915,0.0003,1.0865283012390137,421,-2.139946699142456,-1.897591471672058,0.0,150.0,-17.38172996
7985,27072,3,423,0.8644062876701355,0.0003,0.8567696213722229,422,-2.1408114433288574,-1.3499763011932373,0.0,150.0,-17.38172996
7985,27136,3,424,0.6152368783950806,0.0003,0.2642872929573059,423,-2.1315042972564697,-0.7239689826965332,0.0,150.0,-17.38172996
7987,27200,3,425,0.6709441542625427,0.0003,0.33560270071029663,424,-2.1290879249572754,-0.2537190318107605,0.0,150.0,-17.38172996
7976,27264,3,426,0.6334648132324219,0.0003,0.6889801621437073,425,-2.1292829513549805,-0.1793065220117569,0.0,150.0,-17.38172996
7970,27328,3,427,-2.5712573528289795,0.0003,0.7622815370559692,426,-2.1322133541107178,-1.0652371644973755,0.0,150.0,-17.38172996
7971,27392,3,428,-0.2578777074813843,0.0003,1.138749361038208,427,-2.129558801651001,-1.0194246768951416,0.0,150.0,-17.38172996
7973,27456,3,429,0.04283905029296875,0.0003,0.6191067099571228,428,-2.13165283203125,0.3429147005081177,0.0,150.0,-17.38172996
7974,27520,3,430,0.040646493434906006,0.0003,1.458308458328247,429,-2.136943817138672,-1.3716468811035156,0.0,150.0,-17.38172996
7976,27584,3,431,0.0437127947807312,0.0003,1.6287946701049805,430,-2.14357328414917,-2.0822627544403076,0.0,150.0,-17.38172996
7978,27648,3,432,0.029547035694122314,0.0003,2.2527761459350586,431,-2.146113395690918,-2.320913076400757,0.0,150.0,-17.26065648
7980,27712,3,433,0.8750247955322266,0.0003,0.5124775171279907,432,-2.142930746078491,0.34987202286720276,0.0,150.0,-17.26065648
7983,27776,3,434,0.6613905429840088,0.0003,0.21080514788627625,433,-2.1394760608673096,0.16622497141361237,0.0,150.0,-17.26065648
7984,27840,3,435,0.543546199798584,0.0003,0.665987491607666,434,-2.132861614227295,-0.2723312973976135,0.0,150.0,-17.26065648
7986,27904,3,436,0.7374089956283569,0.0003,0.23493966460227966,435,-2.1331164836883545,-0.7619419097900391,0.0,150.0,-17.26065648
7986,27968,3,437,0.15093541145324707,0.0003,0.4935506582260132,436,-2.1337273120880127,-0.4969084560871124,0.0,150.0,-17.26065648
7987,28032,3,438,0.05088531970977783,0.0003,1.6514008045196533,437,-2.1395702362060547,1.207043170928955,0.0,150.0,-17.26065648
7989,28096,3,439,0.06726968288421631,0.0003,1.9320931434631348,438,-2.1399319171905518,-0.7176868319511414,0.0,150.0,-17.26065648
7989,28160,3,440,0.10706055164337158,0.0003,1.5266242027282715,439,-2.1348187923431396,-1.7760210037231445,0.0,150.0,-17.26065648
7991,28224,3,441,-0.03667628765106201,0.0003,1.4561196565628052,440,-2.1413469314575195,-1.7328110933303833,0.0,150.0,-17.09477907
7992,28288,3,442,0.9079033136367798,0.0003,0.5294454097747803,441,-2.140170097351074,-0.7197725772857666,0.0,150.0,-17.09477907
7994,28352,3,443,0.3298739790916443,0.0003,0.36569681763648987,442,-2.1362266540527344,-0.9246823191642761,0.0,150.0,-17.09477907
7996,28416,3,444,0.5128730535507202,0.0003,0.43795037269592285,443,-2.134451389312744,-0.2033778727054596,0.0,150.0,-17.09477907
7999,28480,3,445,0.19304591417312622,0.0003,1.085416555404663,444,-2.1339099407196045,0.5072722434997559,0.0,150.0,-17.09477907
7999,28544,3,446,0.6713750958442688,0.0003,0.18387794494628906,445,-2.134660005569458,0.045171596109867096,0.0,150.0,-17.09477907
8001,28608,3,447,0.47056692838668823,0.0003,0.34099847078323364,446,-2.132510185241699,-0.30117714405059814,0.0,150.0,-17.09477907
8003,28672,3,448,-0.1805816888809204,0.0003,0.7259230613708496,447,-2.1232714653015137,-0.9766039252281189,0.0,150.0,-17.09477907
8006,28736,3,449,-0.09247303009033203,0.0003,1.2124978303909302,448,-2.1220602989196777,-1.3696050643920898,0.0,150.0,-17.09477907
8009,28800,3,450,-0.05243349075317383,0.0003,1.6784924268722534,449,-2.130178928375244,-2.391887664794922,0.0,150.0,-17.22943734
8012,28864,3,451,-0.008809566497802734,0.0003,1.5443532466888428,450,-2.136812686920166,-2.1484243869781494,0.0,150.0,-17.22943734
8013,28928,3,452,0.2824694514274597,0.0003,0.4833880662918091,451,-2.124444007873535,0.01245475746691227,0.0,150.0,-17.22943734
8015,28992,3,453,0.4064915180206299,0.0003,1.065848708152771,452,-2.1185169219970703,1.2602688074111938,0.0,150.0,-17.22943734
8018,29056,3,454,0.3190044164657593,0.0003,1.4422838687896729,453,-2.117323875427246,1.9443061351776123,0.0,150.0,-17.22943734
8020,29120,3,455,0.5468941926956177,0.0003,0.9597955942153931,454,-2.11531400680542,0.9186334013938904,0.0,150.0,-17.22943734
8023,29184,3,456,0.6592093110084534,0.0003,0.5927960872650146,455,-2.119699001312256,-0.17446202039718628,0.0,150.0,-17.22943734
8023,29248,3,457,0.6753993034362793,0.0003,1.316619873046875,456,-2.1115846633911133,-1.6673524379730225,0.0,150.0,-17.22943734
8024,29312,3,458,0.1985480785369873,0.0003,1.9129955768585205,457,-2.11008358001709,-1.6962909698486328,0.0,150.0,-17.22943734
8023,29376,3,459,0.1853848695755005,0.0003,2.0380005836486816,458,-2.1146883964538574,-2.4666271209716797,0.0,150.0,-17.22943734
8024,29440,3,460,-0.09717786312103271,0.0003,2.8412272930145264,459,-2.1193675994873047,-3.181840419769287,0.0,150.0,-17.19411168
8025,29504,3,461,0.9770243167877197,0.0003,0.2837873101234436,460,-2.117582321166992,-0.6813017129898071,0.0,150.0,-17.19411168
8027,29568,3,462,0.8649821877479553,0.0003,0.18916557729244232,461,-2.1145126819610596,-0.5717864036560059,0.0,150.0,-17.19411168
8030,29632,3,463,0.7606734037399292,0.0003,0.46229439973831177,462,-2.115504026412964,-0.8980992436408997,0.0,150.0,-17.19411168
8032,29696,3,464,0.6864950060844421,0.0003,0.5158351063728333,463,-2.122138500213623,-0.20340532064437866,0.0,150.0,-17.19411168
8035,29760,3,465,0.1730545163154602,0.0003,0.8978161811828613,464,-2.121903657913208,-0.3192439079284668,0.0,150.0,-17.19411168
8037,29824,3,466,0.11225706338882446,0.0003,1.326110601425171,465,-2.1106271743774414,0.9571275115013123,0.0,150.0,-17.19411168
8040,29888,3,467,0.10646438598632812,0.0003,0.7901452779769897,466,-2.1055991649627686,-1.58512544631958,0.0,150.0,-17.19411168
8041,29952,3,468,0.022327303886413574,0.0003,1.6397837400436401,467,-2.103372573852539,-2.2660317420959473,0.0,150.0,-17.19411168
8042,30016,3,469,-0.013794183731079102,0.0003,1.8952374458312988,468,-2.1077723503112793,-2.5303685665130615,0.0,150.0,-17.0208294
8044,30080,3,470,0.9031592011451721,0.0003,1.009903907775879,469,-2.1070427894592285,-1.5399531126022339,0.0,150.0,-17.0208294
8047,30144,3,471,0.6744048595428467,0.0003,0.4240635931491852,470,-2.0965495109558105,-0.8182263970375061,0.0,150.0,-17.0208294
8048,30208,3,472,0.8486959338188171,0.0003,0.09540584683418274,471,-2.098179817199707,0.031267762184143066,0.0,150.0,-17.0208294
8050,30272,3,473,-0.8581770658493042,0.0003,0.6304794549942017,472,-2.104755401611328,-0.10271836072206497,0.0,150.0,-17.0208294
8052,30336,3,474,0.31750351190567017,0.0003,0.5951127409934998,473,-2.102267265319824,-0.4691790044307709,0.0,150.0,-17.0208294
8055,30400,3,475,0.1749178171157837,0.0003,0.9458398222923279,474,-2.10494327545166,-0.6874558925628662,0.0,150.0,-17.0208294
8058,30464,3,476,0.20724529027938843,0.0003,1.2708110809326172,475,-2.107555389404297,-0.8380414247512817,0.0,150.0,-17.0208294
8061,30528,3,477,0.14030444622039795,0.0003,2.1115686893463135,476,-2.1079115867614746,-1.7069675922393799,0.0,150.0,-17.0208294
8064,30592,3,478,0.12825894355773926,0.0003,1.3469709157943726,477,-2.1137917041778564,-1.6351897716522217,0.0,150.0,-17.0208294
8066,30656,3,479,0.11462128162384033,0.0003,1.9037014245986938,478,-2.1219444274902344,-2.362722158432007,0.0,150.0,-17.23461319
8069,30720,3,480,0.8707340955734253,0.0003,0.22538132965564728,479,-2.1063647270202637,-0.39574292302131653,0.0,150.0,-17.23461319
8072,30784,3,481,0.20918619632720947,0.0003,1.491324543952942,480,-2.0994043350219727,1.7537412643432617,0.0,150.0,-17.23461319
8074,30848,3,482,0.6325136423110962,0.0003,0.20677903294563293,481,-2.096458911895752,-0.29040563106536865,0.0,150.0,-17.23461319
8075,30912,3,483,0.3945441246032715,0.0003,2.413743019104004,482,-2.092377185821533,1.6220797300338745,0.0,150.0,-17.23461319
8077,30976,3,484,0.7930497527122498,0.0003,0.5747592449188232,483,-2.0958659648895264,-0.42658016085624695,0.0,150.0,-17.23461319
8079,31040,3,485,0.6691557765007019,0.0003,1.2784368991851807,484,-2.0946764945983887,0.3531702160835266,0.0,150.0,-17.23461319
8081,31104,3,486,0.6299921870231628,0.0003,1.0849119424819946,485,-2.107473373413086,-0.9151646494865417,0.0,150.0,-17.23461319
8082,31168,3,487,0.4292503595352173,0.0003,2.657846450805664,486,-2.108703136444092,-2.0859334468841553,0.0,150.0,-17.23461319
8084,31232,3,488,0.23965126276016235,0.0003,2.515014886856079,487,-2.1127989292144775,-2.1773481369018555,0.0,150.0,-17.21332501
8087,31296,3,489,0.9166989326477051,0.0003,0.4738122224807739,488,-2.103105068206787,-0.22426262497901917,0.0,150.0,-17.21332501
8089,31360,3,490,0.7237632274627686,0.0003,0.33667200803756714,489,-2.0901637077331543,-0.6541328430175781,0.0,150.0,-17.21332501
8091,31424,3,491,0.7401255965232849,0.0003,0.9326865077018738,490,-2.085918426513672,1.6529675722122192,0.0,150.0,-17.21332501
8093,31488,3,492,0.4273948669433594,0.0003,0.903209388256073,491,-2.086369514465332,0.6099348664283752,0.0,150.0,-17.21332501
8096,31552,3,493,0.21202123165130615,0.0003,1.807043194770813,492,-2.0905344486236572,1.8641009330749512,0.0,150.0,-17.21332501
8098,31616,3,494,0.6091291904449463,0.0003,0.21483229100704193,493,-2.0957181453704834,-0.7580422163009644,0.0,150.0,-17.21332501
8100,31680,3,495,-0.16991806030273438,0.0003,1.0385677814483643,494,-2.0929648876190186,-0.9127832651138306,0.0,150.0,-17.21332501
8102,31744,3,496,-0.25789546966552734,0.0003,1.8920232057571411,495,-2.1013031005859375,-2.565633535385132,0.0,150.0,-17.21332501
8103,31808,3,497,-0.06636273860931396,0.0003,2.61077880859375,496,-2.1077170372009277,-2.897749900817871,0.0,150.0,-17.060005339999996
8102,31872,3,498,0.8547602295875549,0.0003,1.6421291828155518,497,-2.1163275241851807,-2.2505924701690674,0.0,150.0,-17.060005339999996
8098,31936,3,499,0.6934112310409546,0.0003,0.16203084588050842,498,-2.0975992679595947,0.1208425760269165,0.0,150.0,-17.060005339999996
8088,32000,3,500,0.2208477258682251,0.0003,1.6274986267089844,499,-2.093256950378418,1.9594062566757202,0.0,150.0,-17.060005339999996
8067,32064,3,501,0.6529706716537476,0.0003,0.3849462568759918,500,-2.094069004058838,-0.38040947914123535,0.0,150.0,-17.060005339999996
8060,32128,3,502,0.34390944242477417,0.0003,0.7463077306747437,501,-2.0969197750091553,-0.6357682943344116,0.0,150.0,-17.060005339999996
8057,32192,3,503,0.561312198638916,0.0003,0.7564567923545837,502,-2.106515407562256,-0.8773670792579651,0.0,150.0,-17.060005339999996
8046,32256,4,504,0.5882812738418579,0.0003,1.02395498752594,503,-2.1047420501708984,-1.6684110164642334,0.0,150.0,-17.060005339999996
8040,32320,4,505,0.3296468257904053,0.0003,1.0159951448440552,504,-2.1040260791778564,-1.5292712450027466,0.0,150.0,-17.060005339999996
8031,32384,4,506,-0.021245360374450684,0.0003,2.6530661582946777,505,-2.103501796722412,-1.133439064025879,0.0,150.0,-17.060005339999996
8028,32448,4,507,-0.01708805561065674,0.0003,3.6542863845825195,506,-2.1090946197509766,-0.9416286945343018,0.0,150.0,-17.01723977
8026,32512,4,508,0.9349554777145386,0.0003,0.2895382046699524,507,-2.093059539794922,-0.14877985417842865,0.0,150.0,-17.01723977
8022,32576,4,509,0.876757025718689,0.0003,0.1005968302488327,508,-2.089815616607666,-0.0017204615287482738,0.0,150.0,-17.01723977
8020,32640,4,510,0.6521704792976379,0.0003,1.7538279294967651,509,-2.0932090282440186,0.5864515900611877,0.0,150.0,-17.01723977
8020,32704,4,511,-5.542032718658447,0.0003,1.7416961193084717,510,-2.088726282119751,0.19947096705436707,0.0,150.0,-17.01723977
8018,32768,4,512,-0.021312952041625977,0.0003,0.6070705056190491,511,-2.0870578289031982,-1.2077722549438477,0.0,150.0,-17.01723977
8018,32832,4,513,0.048430025577545166,0.0003,1.8910406827926636,512,-2.0870251655578613,-0.029275566339492798,0.0,150.0,-17.01723977
8018,32896,4,514,-0.06330645084381104,0.0003,0.6379752159118652,513,-2.1083343029022217,-1.3222465515136719,0.0,150.0,-17.01723977
8017,32960,4,515,-0.051396727561950684,0.0003,0.8709787130355835,514,-2.108177661895752,-1.7817736864089966,0.0,150.0,-17.01723977
8015,33024,4,516,-0.015552639961242676,0.0003,0.9766263365745544,515,-2.106107473373413,-1.7940471172332764,0.0,150.0,-17.02914751
8015,33088,4,517,0.9317158460617065,0.0003,0.6075659990310669,516,-2.103855609893799,-0.9418355226516724,0.0,150.0,-17.02914751
8015,33152,4,518,0.4197617173194885,0.0003,0.7802938222885132,517,-2.095900058746338,0.017014916986227036,0.0,150.0,-17.02914751
8015,33216,4,519,0.7504057288169861,0.0003,0.635496973991394,518,-2.0987002849578857,0.8947213888168335,0.0,150.0,-17.02914751
8015,33280,4,520,0.03229093551635742,0.0003,0.7077078819274902,519,-2.1006321907043457,0.6647698879241943,0.0,150.0,-17.02914751
8015,33344,4,521,0.21776992082595825,0.0003,0.25081881880760193,520,-2.100712537765503,-0.34081900119781494,0.0,150.0,-17.02914751
8013,33408,4,522,-0.0924844741821289,0.0003,2.646670341491699,521,-2.103386402130127,2.009995937347412,0.0,150.0,-17.02914751
8012,33472,4,523,0.07475131750106812,0.0003,1.3878207206726074,522,-2.1065006256103516,0.4147131145000458,0.0,150.0,-17.02914751
8011,33536,4,524,-0.12741851806640625,0.0003,1.000765323638916,523,-2.1072540283203125,-1.7468633651733398,0.0,150.0,-17.02914751
8010,33600,4,525,0.03290659189224243,0.0003,1.3576483726501465,524,-2.1061203479766846,-1.6664702892303467,0.0,150.0,-16.917717760000002
8009,33664,4,526,0.07697266340255737,0.0003,1.3279807567596436,525,-2.1113126277923584,-1.887685775756836,0.0,150.0,-16.917717760000002
8007,33728,4,527,0.7211307287216187,0.0003,0.2869895398616791,526,-2.1043968200683594,0.7723323106765747,0.0,150.0,-16.917717760000002
8006,33792,4,528,0.695055365562439,0.0003,0.18089070916175842,527,-2.103419303894043,-0.5683258771896362,0.0,150.0,-16.917717760000002
8005,33856,4,529,0.6289746165275574,0.0003,0.5330591797828674,528,-2.101534366607666,0.6417166590690613,0.0,150.0,-16.917717760000002
8001,33920,4,530,0.5303653478622437,0.0003,1.0573261976242065,529,-2.1020002365112305,-0.2143654227256775,0.0,150.0,-16.917717760000002
7993,33984,4,531,0.45329225063323975,0.0003,1.3695921897888184,530,-2.117361545562744,-0.4054430425167084,0.0,150.0,-16.917717760000002
7988,34048,4,532,0.48577290773391724,0.0003,3.1046972274780273,531,-2.111454725265503,-0.49803248047828674,0.0,150.0,-16.917717760000002
7984,34112,4,533,0.6117298603057861,0.0003,2.17509388923645,532,-2.1127758026123047,-2.8292975425720215,0.0,150.0,-16.917717760000002
7981,34176,4,534,0.09946751594543457,0.0003,1.608849287033081,533,-2.116586446762085,-2.413341999053955,0.0,150.0,-16.917717760000002
7978,34240,4,535,-0.011076807975769043,0.0003,1.329681158065796,534,-2.1210975646972656,-2.1805472373962402,0.0,150.0,-17.23028194
7977,34304,4,536,0.968975305557251,0.0003,0.2538173496723175,535,-2.114543914794922,-0.37608885765075684,0.0,150.0,-17.23028194
7976,34368,4,537,0.41434240341186523,0.0003,0.6110619306564331,536,-2.109891176223755,-1.1439564228057861,0.0,150.0,-17.23028194
7973,34432,4,538,0.5386481881141663,0.0003,1.0699539184570312,537,-2.107630491256714,0.1918513923883438,0.0,150.0,-17.23028194
7967,34496,4,539,-0.366349458694458,0.0003,2.45302677154541,538,-2.095186948776245,1.2712535858154297,0.0,150.0,-17.23028194
7965,34560,4,540,0.11760884523391724,0.0003,1.212693452835083,539,-2.095031261444092,-1.006870985031128,0.0,150.0,-17.23028194
7961,34624,4,541,-0.10602414608001709,0.0003,1.0330919027328491,540,-2.0950818061828613,-1.750903844833374,0.0,150.0,-17.23028194
7958,34688,4,542,-0.06455111503601074,0.0003,1.2984113693237305,541,-2.099980354309082,-1.417691707611084,0.0,150.0,-17.23028194
7952,34752,4,543,-0.0011953115463256836,0.0003,1.174238920211792,542,-2.1025657653808594,-1.9769563674926758,0.0,150.0,-17.23028194
7949,34816,4,544,-0.0016291141510009766,0.0003,1.6820313930511475,543,-2.1051130294799805,-2.278883457183838,0.0,150.0,-17.59599605
7945,34880,4,545,0.9693918824195862,0.0003,0.4145002067089081,544,-2.105637788772583,-1.019442081451416,0.0,150.0,-17.59599605
7942,34944,4,546,0.5317308902740479,0.0003,0.7049304842948914,545,-2.0886988639831543,-0.30768412351608276,0.0,150.0,-17.59599605
7934,35008,4,547,0.8194509744644165,0.0003,0.3136664032936096,546,-2.088747501373291,-0.7931851744651794,0.0,150.0,-17.59599605
7915,35072,4,548,0.6622844338417053,0.0003,0.09899623692035675,547,-2.088212490081787,-0.14787214994430542,0.0,150.0,-17.59599605
7906,35136,4,549,-0.06640183925628662,0.0003,2.471731185913086,548,-2.0875070095062256,1.4092637300491333,0.0,150.0,-17.59599605
7896,35200,4,550,-0.13311123847961426,0.0003,2.8349428176879883,549,-2.0867457389831543,1.493003249168396,0.0,150.0,-17.59599605
7893,35264,4,551,0.1139947772026062,0.0003,0.37695637345314026,550,-2.089904308319092,0.15978370606899261,0.0,150.0,-17.59599605
7891,35328,4,552,-0.028034090995788574,0.0003,0.574222981929779,551,-2.0837411880493164,-0.5064789056777954,0.0,150.0,-17.59599605
7889,35392,4,553,0.02518516778945923,0.0003,0.4838865101337433,552,-2.086942672729492,-0.7282217144966125,0.0,150.0,-17.59599605
7886,35456,4,554,0.033667922019958496,0.0003,0.9481731653213501,553,-2.086873769760132,-1.6098847389221191,0.0,150.0,-17.45485676
7884,35520,4,555,0.9588969349861145,0.0003,0.2414778172969818,554,-2.0888466835021973,-0.8585313558578491,0.0,150.0,-17.45485676
7882,35584,4,556,-0.06248509883880615,0.0003,2.096997022628784,555,-2.084742784500122,1.4905682802200317,0.0,150.0,-17.45485676
7879,35648,4,557,0.5564944744110107,0.0003,0.40706151723861694,556,-2.081754446029663,0.5064184665679932,0.0,150.0,-17.45485676
7877,35712,4,558,0.18021905422210693,0.0003,1.4011915922164917,557,-2.0908477306365967,1.0939027070999146,0.0,150.0,-17.45485676
7876,35776,4,559,0.4574073553085327,0.0003,1.064309000968933,558,-2.0882811546325684,1.0746926069259644,0.0,150.0,-17.45485676
7873,35840,4,560,0.3966289162635803,0.0003,0.5749694108963013,559,-2.0975561141967773,-0.22179508209228516,0.0,150.0,-17.45485676
7870,35904,4,561,0.24350571632385254,0.0003,4.525088310241699,560,-2.113229990005493,0.2685951888561249,0.0,150.0,-17.45485676
7866,35968,4,562,0.30582964420318604,0.0003,1.951321005821228,561,-2.118783950805664,-2.243500232696533,0.0,150.0,-17.45485676
7855,36032,4,563,0.21720808744430542,0.0003,1.0773603916168213,562,-2.123269557952881,-1.7570953369140625,0.0,150.0,-17.45791609
7848,36096,4,564,0.9701895713806152,0.0003,0.22375278174877167,563,-2.1110658645629883,-0.31117120385169983,0.0,150.0,-17.45791609
7841,36160,4,565,0.19633448123931885,0.0003,0.464749276638031,564,-2.1027793884277344,-0.8958266973495483,0.0,150.0,-17.45791609
7837,36224,4,566,-0.14672207832336426,0.0003,1.1057816743850708,565,-2.1011433601379395,1.2671457529067993,0.0,150.0,-17.45791609
7832,36288,4,567,0.43118661642074585,0.0003,0.2362109273672104,566,-2.100170135498047,-0.5857364535331726,0.0,150.0,-17.45791609
7824,36352,4,568,-0.14306652545928955,0.0003,0.3152041733264923,567,-2.0938076972961426,0.12166660279035568,0.0,150.0,-17.45791609
7813,36416,4,569,-0.010681867599487305,0.0003,0.9529377222061157,568,-2.095930814743042,-1.4173160791397095,0.0,150.0,-17.45791609
7809,36480,4,570,0.02772468328475952,0.0003,0.677261233329773,569,-2.1068978309631348,-1.4343202114105225,0.0,150.0,-17.45791609
7808,36544,4,571,0.0036057233810424805,0.0003,0.8609886169433594,570,-2.1092443466186523,-1.5636097192764282,0.0,150.0,-17.45791609
7807,36608,4,572,-0.023367762565612793,0.0003,1.134475827217102,571,-2.1161561012268066,-1.9321705102920532,0.0,150.0,-17.632856789999998
7807,36672,4,573,0.9244345426559448,0.0003,0.5414223670959473,572,-2.1150856018066406,-1.1872495412826538,0.0,150.0,-17.632856789999998
7808,36736,4,574,-0.04721987247467041,0.0003,0.7541732788085938,573,-2.0951693058013916,0.10314415395259857,0.0,150.0,-17.632856789999998
7805,36800,4,575,0.9095197916030884,0.0003,0.13449743390083313,574,-2.092184543609619,0.6522268056869507,0.0,150.0,-17.632856789999998
7805,36864,4,576,0.24907302856445312,0.0003,1.1477479934692383,575,-2.0928502082824707,0.282753050327301,0.0,150.0,-17.632856789999998
7806,36928,4,577,0.7027748823165894,0.0003,0.35590213537216187,576,-2.08859920501709,-0.09066811949014664,0.0,150.0,-17.632856789999998
7807,36992,4,578,0.7410897016525269,0.0003,0.25617462396621704,577,-2.088188886642456,-0.5033031105995178,0.0,150.0,-17.632856789999998
7808,37056,4,579,-0.377444863319397,0.0003,0.8364895582199097,578,-2.0895473957061768,-0.8241156339645386,0.0,150.0,-17.632856789999998
7809,37120,4,580,-0.13265907764434814,0.0003,1.2773357629776,579,-2.0881221294403076,-1.8606029748916626,0.0,150.0,-17.632856789999998
7806,37184,4,581,-0.010073661804199219,0.0003,1.727547287940979,580,-2.095546007156372,-2.1976230144500732,0.0,150.0,-17.632856789999998
7803,37248,4,582,0.0026396512985229492,0.0003,1.9261105060577393,581,-2.107675075531006,-2.3178091049194336,0.0,150.0,-17.73129762
7803,37312,4,583,0.9755972027778625,0.0003,0.16448888182640076,582,-2.096688747406006,-0.4445933401584625,0.0,150.0,-17.73129762
7804,37376,4,584,0.888155460357666,0.0003,0.07112476229667664,583,-2.089447498321533,0.06620262563228607,0.0,150.0,-17.73129762
7805,37440,4,585,0.3449345827102661,0.0003,0.49090576171875,584,-2.088623285293579,-0.04427642002701759,0.0,150.0,-17.73129762
7807,37504,4,586,0.5519562363624573,0.0003,0.16328857839107513,585,-2.0904698371887207,0.3065517544746399,0.0,150.0,-17.73129762
7808,37568,4,587,0.10839980840682983,0.0003,1.124835729598999,586,-2.084764003753662,-0.3267694413661957,0.0,150.0,-17.73129762
7810,37632,4,588,0.06711071729660034,0.0003,1.009608268737793,587,-2.085777521133423,-1.6428678035736084,0.0,150.0,-17.73129762
7812,37696,4,589,-0.068092942237854,0.0003,2.2423717975616455,588,-2.091885566711426,-2.597846031188965,0.0,150.0,-17.73129762
7814,37760,4,590,-0.013638019561767578,0.0003,2.8027281761169434,589,-2.096898078918457,-3.1224589347839355,0.0,150.0,-17.73129762
7815,37824,4,591,-0.012874245643615723,0.0003,1.513497233390808,590,-2.1039605140686035,-1.1916382312774658,0.0,150.0,-17.72359806
7817,37888,4,592,0.7903487086296082,0.0003,1.5575288534164429,591,-2.100337505340576,0.3264210820198059,0.0,150.0,-17.72359806
7819,37952,4,593,0.28275007009506226,0.0003,0.6659119129180908,592,-2.0868563652038574,-0.1998458206653595,0.0,150.0,-17.72359806
7820,38016,4,594,0.6607151031494141,0.0003,0.7202332019805908,593,-2.082381248474121,-0.09189634770154953,0.0,150.0,-17.72359806
7822,38080,4,595,0.7913140058517456,0.0003,0.6996219754219055,594,-2.083662271499634,0.6506211161613464,0.0,150.0,-17.72359806
7824,38144,4,596,-1.0459842681884766,0.0003,3.8565454483032227,595,-2.081026554107666,2.9953629970550537,0.0,150.0,-17.72359806
7826,38208,4,597,0.4101663827896118,0.0003,1.1290382146835327,596,-2.0841357707977295,1.3060903549194336,0.0,150.0,-17.72359806
7828,38272,4,598,0.7554193139076233,0.0003,0.43480339646339417,597,-2.088212490081787,-0.5989950299263,0.0,150.0,-17.72359806
7830,38336,4,599,0.6187310218811035,0.0003,0.5798973441123962,598,-2.087489366531372,0.30008620023727417,0.0,150.0,-17.72359806
7831,38400,4,600,0.5157393217086792,0.0003,1.459392786026001,599,-2.093254804611206,-0.287445068359375,0.0,150.0,-17.518723100000003
7833,38464,4,601,0.34213918447494507,0.0003,0.9747827053070068,600,-2.099871873855591,-0.46207424998283386,0.0,150.0,-17.518723100000003
7835,38528,4,602,0.749036431312561,0.0003,0.4335955083370209,601,-2.091115951538086,0.22319413721561432,0.0,150.0,-17.518723100000003
7837,38592,4,603,0.8492496609687805,0.0003,0.5247020721435547,602,-2.091676950454712,-0.4834412932395935,0.0,150.0,-17.518723100000003
7840,38656,4,604,0.6302804946899414,0.0003,0.6410494446754456,603,-2.0894789695739746,0.1869918555021286,0.0,150.0,-17.518723100000003
7842,38720,4,605,-0.14104926586151123,0.0003,0.823468804359436,604,-2.0829222202301025,0.29119154810905457,0.0,150.0,-17.518723100000003
7843,38784,4,606,0.6959958076477051,0.0003,0.23072002828121185,605,-2.097365617752075,-0.12458746880292892,0.0,150.0,-17.518723100000003
7845,38848,4,607,0.5351521968841553,0.0003,0.49168840050697327,606,-2.0947723388671875,-0.6418167352676392,0.0,150.0,-17.518723100000003
7845,38912,4,608,0.12550127506256104,0.0003,1.5711338520050049,607,-2.1079678535461426,-2.1824240684509277,0.0,150.0,-17.518723100000003
7847,38976,4,609,0.06973028182983398,0.0003,3.712139844894409,608,-2.1111907958984375,-3.0985283851623535,0.0,150.0,-17.518723100000003
7848,39040,4,610,0.05748993158340454,0.0003,3.1526894569396973,609,-2.1167044639587402,-2.5332095623016357,0.0,150.0,-17.50251834
7850,39104,4,611,0.946954071521759,0.0003,0.6794085502624512,610,-2.1062207221984863,-1.0856837034225464,0.0,150.0,-17.50251834
7852,39168,4,612,0.4860188364982605,0.0003,0.9384410381317139,611,-2.093278408050537,0.8866349458694458,0.0,150.0,-17.50251834
7853,39232,4,613,0.5578994154930115,0.0003,0.9493584036827087,612,-2.0955708026885986,-1.4958384037017822,0.0,150.0,-17.50251834
7855,39296,5,614,0.06319361925125122,0.0003,1.632877230644226,613,-2.100956439971924,-0.35426345467567444,0.0,150.0,-17.50251834
7857,39360,5,615,0.4548875093460083,0.0003,0.28601959347724915,614,-2.106187343597412,-0.572016716003418,0.0,150.0,-17.50251834
7859,39424,5,616,0.3086429834365845,0.0003,0.9149007201194763,615,-2.1076817512512207,-1.2289760112762451,0.0,150.0,-17.50251834
7861,39488,5,617,0.19885867834091187,0.0003,0.7453835606575012,616,-2.10764479637146,-1.1549403667449951,0.0,150.0,-17.50251834
7864,39552,5,618,0.012242376804351807,0.0003,0.7889545559883118,617,-2.109267473220825,-1.511444091796875,0.0,150.0,-17.50251834
7863,39616,5,619,-0.01912665367126465,0.0003,1.3148720264434814,618,-2.112745761871338,-1.9063509702682495,0.0,150.0,-17.81610976
7862,39680,5,620,0.9573798775672913,0.0003,0.5579091906547546,619,-2.110996723175049,-1.0370045900344849,0.0,150.0,-17.81610976
7863,39744,5,621,0.3569011688232422,0.0003,1.6871914863586426,620,-2.098186492919922,1.0320521593093872,0.0,150.0,-17.81610976
7865,39808,5,622,0.9111091494560242,0.0003,0.20449453592300415,621,-2.0980911254882812,-0.299675315618515,0.0,150.0,-17.81610976
7867,39872,5,623,0.11646580696105957,0.0003,2.7050862312316895,622,-2.0965962409973145,1.936045527458191,0.0,150.0,-17.81610976
7869,39936,5,624,0.7006673812866211,0.0003,0.6073586940765381,623,-2.0957484245300293,0.5337226390838623,0.0,150.0,-17.81610976
7870,40000,5,625,0.05533277988433838,0.0003,2.7925171852111816,624,-2.0958125591278076,0.9296435117721558,0.0,150.0,-17.81610976
7873,40064,5,626,0.5961203575134277,0.0003,0.6417839527130127,625,-2.092602014541626,-1.0077985525131226,0.0,150.0,-17.81610976
7874,40128,5,627,0.6081836819648743,0.0003,0.9062293767929077,626,-2.099384069442749,-1.4251959323883057,0.0,150.0,-17.81610976
7874,40192,5,628,0.43708497285842896,0.0003,1.5260868072509766,627,-2.102548122406006,-2.1324501037597656,0.0,150.0,-17.81610976
7874,40256,5,629,0.3080969452857971,0.0003,1.707942247390747,628,-2.1076550483703613,-2.1173977851867676,0.0,150.0,-17.72847045
7875,40320,5,630,0.8565554022789001,0.0003,0.644939661026001,629,-2.0992612838745117,-0.7690138816833496,0.0,150.0,-17.72847045
7876,40384,5,631,0.701952338218689,0.0003,0.5173653960227966,630,-2.0940847396850586,-0.01752472296357155,0.0,150.0,-17.72847045
7876,40448,5,632,0.7855778932571411,0.0003,0.46391549706459045,631,-2.093998432159424,-0.2902281582355499,0.0,150.0,-17.72847045
7877,40512,5,633,0.19433367252349854,0.0003,1.6761384010314941,632,-2.0907137393951416,0.46904420852661133,0.0,150.0,-17.72847045
7877,40576,5,634,0.3533977270126343,0.0003,0.6319419145584106,633,-2.0903449058532715,-0.23255020380020142,0.0,150.0,-17.72847045
7875,40640,5,635,0.4921227693557739,0.0003,1.1445218324661255,634,-2.1007285118103027,-1.6357996463775635,0.0,150.0,-17.72847045
7875,40704,5,636,0.39163416624069214,0.0003,0.8120448589324951,635,-2.0967187881469727,-1.107915997505188,0.0,150.0,-17.72847045
7874,40768,5,637,0.17012667655944824,0.0003,1.440737247467041,636,-2.1007585525512695,-1.9732208251953125,0.0,150.0,-17.72847045
7872,40832,5,638,-0.2940775156021118,0.0003,1.8675332069396973,637,-2.1057910919189453,-2.348830223083496,0.0,150.0,-17.73494864
7872,40896,5,639,0.9787265062332153,0.0003,0.37967467308044434,638,-2.1015114784240723,-0.8480184674263,0.0,150.0,-17.73494864
7872,40960,5,640,0.6612247228622437,0.0003,0.6495617628097534,639,-2.0958974361419678,-0.566340982913971,0.0,150.0,-17.73494864
7871,41024,5,641,0.7175064086914062,0.0003,0.4521024525165558,640,-2.0980143547058105,0.317916601896286,0.0,150.0,-17.73494864
7872,41088,5,642,0.8146503567695618,0.0003,0.32853177189826965,641,-2.100867748260498,-0.5001258254051208,0.0,150.0,-17.73494864
7873,41152,5,643,0.6944358348846436,0.0003,0.5680780410766602,642,-2.1099741458892822,-0.8257260918617249,0.0,150.0,-17.73494864
7874,41216,5,644,-0.2470712661743164,0.0003,2.233321189880371,643,-2.1150901317596436,1.0474131107330322,0.0,150.0,-17.73494864
7874,41280,5,645,0.22241586446762085,0.0003,0.8723758459091187,644,-2.124779462814331,-1.571239948272705,0.0,150.0,-17.73494864
7871,41344,5,646,0.08607310056686401,0.0003,1.9684650897979736,645,-2.1274843215942383,-2.4059927463531494,0.0,150.0,-17.73494864
7870,41408,5,647,0.06259649991989136,0.0003,2.0445542335510254,646,-2.133366107940674,-2.60082745552063,0.0,150.0,-17.897028860000002
7869,41472,5,648,0.8882601261138916,0.0003,1.5596287250518799,647,-2.126664638519287,-2.0073494911193848,0.0,150.0,-17.897028860000002
7870,41536,5,649,0.9090474843978882,0.0003,0.11284703016281128,648,-2.102491855621338,-0.17791597545146942,0.0,150.0,-17.897028860000002
7872,41600,5,650,0.6304054260253906,0.0003,0.2598113417625427,649,-2.1066904067993164,-0.5229520797729492,0.0,150.0,-17.897028860000002
7873,41664,5,651,0.17757457494735718,0.0003,0.3564426302909851,650,-2.109529495239258,-0.8191542029380798,0.0,150.0,-17.897028860000002
7875,41728,5,652,0.020345568656921387,0.0003,0.5543713569641113,651,-2.108830690383911,-0.1059432327747345,0.0,150.0,-17.897028860000002
7876,41792,5,653,0.20382142066955566,0.0003,1.8280034065246582,652,-2.1195297241210938,0.10865164548158646,0.0,150.0,-17.897028860000002
7878,41856,5,654,0.031590044498443604,0.0003,1.9308826923370361,653,-2.1219866275787354,-2.6353683471679688,0.0,150.0,-17.897028860000002
7880,41920,5,655,0.001333475112915039,0.0003,1.8371531963348389,654,-2.124220132827759,-2.4453649520874023,0.0,150.0,-17.897028860000002
7881,41984,5,656,0.0032372474670410156,0.0003,0.9420838356018066,655,-2.1334400177001953,-1.763288974761963,0.0,150.0,-17.897028860000002
7882,42048,5,657,-0.007063388824462891,0.0003,0.9079925417900085,656,-2.134101390838623,-1.4777119159698486,0.0,150.0,-18.267313889999997
7884,42112,5,658,0.9486504197120667,0.0003,0.2843698561191559,657,-2.121389865875244,0.5153910517692566,0.0,150.0,-18.267313889999997
7885,42176,5,659,0.5669821500778198,0.0003,0.6928976774215698,658,-2.1171717643737793,0.8927018642425537,0.0,150.0,-18.267313889999997
7887,42240,5,660,0.7449573278427124,0.0003,0.22738412022590637,659,-2.115339994430542,0.050167378038167953,0.0,150.0,-18.267313889999997
7887,42304,5,661,0.6036520004272461,0.0003,0.38596653938293457,660,-2.1161797046661377,-0.993740975856781,0.0,150.0,-18.267313889999997
7888,42368,5,662,0.3280108571052551,0.0003,0.49907657504081726,661,-2.1140453815460205,-0.14490796625614166,0.0,150.0,-18.267313889999997
7889,42432,5,663,0.17157644033432007,0.0003,2.0378432273864746,662,-2.110599994659424,0.8318794965744019,0.0,150.0,-18.267313889999997
7890,42496,5,664,0.3151945471763611,0.0003,1.754277229309082,663,-2.1173629760742188,-1.5812220573425293,0.0,150.0,-18.267313889999997
7892,42560,5,665,0.08060216903686523,0.0003,1.9763914346694946,664,-2.1278324127197266,-2.2232906818389893,0.0,150.0,-18.267313889999997
7892,42624,5,666,0.03180694580078125,0.0003,1.7810101509094238,665,-2.1314992904663086,-2.2069180011749268,0.0,150.0,-18.26264445
7893,42688,5,667,0.9341000318527222,0.0003,0.7567787170410156,666,-2.127875566482544,-0.931605875492096,0.0,150.0,-18.26264445
7894,42752,5,668,0.586161196231842,0.0003,0.2687164843082428,667,-2.11696195602417,0.07269801944494247,0.0,150.0,-18.26264445
7896,42816,5,669,0.6841744184494019,0.0003,0.6002293825149536,668,-2.117027997970581,0.7136172652244568,0.0,150.0,-18.26264445
7898,42880,5,670,0.6294419765472412,0.0003,1.0502738952636719,669,-2.115236282348633,0.5376533269882202,0.0,150.0,-18.26264445
7899,42944,5,671,0.7292178273200989,0.0003,0.5381503701210022,670,-2.1125826835632324,-0.22380423545837402,0.0,150.0,-18.26264445
7901,43008,5,672,0.3928194046020508,0.0003,0.15997475385665894,671,-2.1194658279418945,-0.3573673665523529,0.0,150.0,-18.26264445
7903,43072,5,673,0.025560438632965088,0.0003,0.8964210152626038,672,-2.1171422004699707,0.6778370141983032,0.0,150.0,-18.26264445
7904,43136,5,674,0.09560531377792358,0.0003,1.0583724975585938,673,-2.1174733638763428,-1.6303869485855103,0.0,150.0,-18.26264445
7905,43200,5,675,-0.10350143909454346,0.0003,0.6092564463615417,674,-2.1239371299743652,-1.3192509412765503,0.0,150.0,-18.308348679999998
7904,43264,5,676,0.07051372528076172,0.0003,0.45298293232917786,675,-2.130032777786255,-1.0975682735443115,0.0,150.0,-18.308348679999998
7904,43328,5,677,0.5981194972991943,0.0003,0.5380071401596069,676,-2.1180694103240967,0.12143785506486893,0.0,150.0,-18.308348679999998
7905,43392,5,678,0.7932943105697632,0.0003,0.19698287546634674,677,-2.1204371452331543,-0.25905323028564453,0.0,150.0,-18.308348679999998
7906,43456,5,679,0.6412953734397888,0.0003,0.3096406161785126,678,-2.122706413269043,0.5307730436325073,0.0,150.0,-18.308348679999998
7908,43520,5,680,0.11007571220397949,0.0003,0.09282700717449188,679,-2.122830390930176,-0.10221512615680695,0.0,150.0,-18.308348679999998
7910,43584,5,681,-0.08391869068145752,0.0003,3.2136900424957275,680,-2.1235709190368652,1.1824408769607544,0.0,150.0,-18.308348679999998
7912,43648,5,682,0.1937936544418335,0.0003,1.5350089073181152,681,-2.1227126121520996,1.704315185546875,0.0,150.0,-18.308348679999998
7914,43712,5,683,0.03419339656829834,0.0003,0.18733206391334534,682,-2.122713804244995,0.05700068548321724,0.0,150.0,-18.308348679999998
7916,43776,5,684,0.19984638690948486,0.0003,0.8308974504470825,683,-2.1043431758880615,-1.4684455394744873,0.0,150.0,-18.308348679999998
7917,43840,5,685,0.03481781482696533,0.0003,1.7207133769989014,684,-2.1115050315856934,-1.656185269355774,0.0,150.0,-17.99549066
7920,43904,5,686,0.9624554514884949,0.0003,0.4172457158565521,685,-2.116278648376465,-0.016915373504161835,0.0,150.0,-17.99549066
7922,43968,5,687,0.16177153587341309,0.0003,1.1456637382507324,686,-2.1089560985565186,1.0323184728622437,0.0,150.0,-17.99549066
7924,44032,5,688,0.7509822845458984,0.0003,0.7453256845474243,687,-2.1055378913879395,-1.0508933067321777,0.0,150.0,-17.99549066
7925,44096,5,689,0.42205655574798584,0.0003,4.082065582275391,688,-2.1072049140930176,1.6897507905960083,0.0,150.0,-17.99549066
7927,44160,5,690,0.3829043507575989,0.0003,0.5449906587600708,689,-2.109168529510498,-0.8092241883277893,0.0,150.0,-17.99549066
7929,44224,5,691,0.701170802116394,0.0003,0.27191397547721863,690,-2.1110692024230957,-0.18729357421398163,0.0,150.0,-17.99549066
7931,44288,5,692,0.06685280799865723,0.0003,3.51102352142334,691,-2.121845245361328,1.273221731185913,0.0,150.0,-17.99549066
7933,44352,5,693,0.2690465450286865,0.0003,0.4539341926574707,692,-2.1182022094726562,-0.6613045930862427,0.0,150.0,-17.99549066
7935,44416,5,694,0.18078863620758057,0.0003,0.7760233879089355,693,-2.1171586513519287,-0.7322477102279663,0.0,150.0,-17.820807369999997
7937,44480,5,695,0.9802109003067017,0.0003,0.3536103367805481,694,-2.118326425552368,-0.9564172029495239,0.0,150.0,-17.820807369999997
7939,44544,5,696,0.27682650089263916,0.0003,1.6025588512420654,695,-2.1010260581970215,1.1953574419021606,0.0,150.0,-17.820807369999997
7941,44608,5,697,0.8233060836791992,0.0003,0.47295495867729187,696,-2.0979933738708496,0.10942256450653076,0.0,150.0,-17.820807369999997
7943,44672,5,698,0.2607603669166565,0.0003,2.92838191986084,697,-2.099264621734619,2.2759742736816406,0.0,150.0,-17.820807369999997
7945,44736,5,699,0.2157716155052185,0.0003,3.8242650032043457,698,-2.1011433601379395,3.0395658016204834,0.0,150.0,-17.820807369999997
7947,44800,5,700,0.8599255681037903,0.0003,0.46055829524993896,699,-2.100870132446289,-0.4881036579608917,0.0,150.0,-17.820807369999997
7949,44864,5,701,0.8808392286300659,0.0003,0.5330412983894348,700,-2.102313995361328,-0.7635574340820312,0.0,150.0,-17.820807369999997
7951,44928,5,702,0.8831425309181213,0.0003,0.47306501865386963,701,-2.1106865406036377,-0.8860170245170593,0.0,150.0,-17.820807369999997
7953,44992,5,703,0.8841484189033508,0.0003,0.26529645919799805,702,-2.110618829727173,-0.3348393440246582,0.0,150.0,-17.820807369999997
7955,45056,5,704,0.8281993269920349,0.0003,0.8186571598052979,703,-2.1115031242370605,-1.428335189819336,0.0,150.0,-17.38235952
7955,45120,5,705,0.9357818365097046,0.0003,0.5295988917350769,704,-2.104367733001709,-0.9980031847953796,0.0,150.0,-17.38235952
7956,45184,5,706,0.6013603806495667,0.0003,0.9079039096832275,705,-2.099863052368164,-1.3766100406646729,0.0,150.0,-17.38235952
7957,45248,5,707,0.5382710099220276,0.0003,4.340307712554932,706,-2.0966975688934326,1.1641225814819336,0.0,150.0,-17.38235952
7959,45312,5,708,0.530394434928894,0.0003,1.9218780994415283,707,-2.0945777893066406,1.4183357954025269,0.0,150.0,-17.38235952
7960,45376,5,709,0.809855580329895,0.0003,2.2909162044525146,708,-2.0913214683532715,2.5700860023498535,0.0,150.0,-17.38235952
7961,45440,5,710,0.9541972875595093,0.0003,0.15744642913341522,709,-2.092941999435425,-0.15679502487182617,0.0,150.0,-17.38235952
7962,45504,5,711,0.8693574666976929,0.0003,1.0920324325561523,710,-2.0878348350524902,-1.4676592350006104,0.0,150.0,-17.38235952
7964,45568,5,712,0.7935612201690674,0.0003,1.3926836252212524,711,-2.0857322216033936,-1.0846178531646729,0.0,150.0,-17.38235952
7966,45632,5,713,0.8060874938964844,0.0003,2.0013351440429688,712,-2.086850643157959,-1.6461946964263916,0.01,150.0,-17.044681869999998
7966,45696,5,714,0.855712354183197,0.0003,2.7405519485473633,713,-2.082897663116455,0.7539812326431274,0.01,150.0,-17.044681869999998
7968,45760,5,715,-0.21065020561218262,0.0003,0.6117480993270874,714,-2.07576847076416,-0.3614872395992279,0.01,150.0,-17.044681869999998
7971,45824,5,716,0.2530094385147095,0.0003,2.382230281829834,715,-2.0732903480529785,0.13264387845993042,0.01,150.0,-17.044681869999998
7973,45888,5,717,-0.8759461641311646,0.0003,1.6126058101654053,716,-2.07590389251709,-0.4787282943725586,0.01,150.0,-17.044681869999998
7975,45952,5,718,0.12641394138336182,0.0003,2.2211453914642334,717,-2.078547954559326,-1.7956010103225708,0.01,150.0,-17.044681869999998
7977,46016,5,719,0.3863152265548706,0.0003,1.1468210220336914,718,-2.084056854248047,-1.2983677387237549,0.01,150.0,-17.044681869999998
7979,46080,5,720,0.2691580653190613,0.0003,1.5726468563079834,719,-2.0911946296691895,-1.4604089260101318,0.01,150.0,-17.044681869999998
7981,46144,5,721,0.14098495244979858,0.0003,1.9721980094909668,720,-2.093095064163208,-2.424114465713501,0.01,150.0,-17.044681869999998
7982,46208,5,722,0.021158814430236816,0.0003,2.8526039123535156,721,-2.097689151763916,-2.899658679962158,0.01,150.0,-17.285969820000002
7985,46272,5,723,0.9055684208869934,0.0003,2.2150957584381104,722,-2.1087560653686523,-2.377873659133911,0.01,150.0,-17.285969820000002
7986,46336,5,724,0.7488638758659363,0.0003,0.9120023250579834,723,-2.087015151977539,-0.28690892457962036,0.01,150.0,-17.285969820000002
7988,46400,5,725,0.834621250629425,0.0003,0.5756244659423828,724,-2.0814738273620605,-0.23536857962608337,0.01,150.0,-17.285969820000002
7990,46464,5,726,0.6057555675506592,0.0003,0.9601366519927979,725,-2.086831569671631,0.3956655263900757,0.01,150.0,-17.285969820000002
7991,46528,5,727,0.5406497716903687,0.0003,0.7957271337509155,726,-2.085731267929077,-1.2520335912704468,0.01,150.0,-17.285969820000002
7993,46592,5,728,0.15498894453048706,0.0003,1.7564810514450073,727,-2.088937759399414,-0.4330092668533325,0.01,150.0,-17.285969820000002
7995,46656,5,729,-0.038626670837402344,0.0003,1.948859453201294,728,-2.0905699729919434,0.228758305311203,0.01,150.0,-17.285969820000002
7997,46720,5,730,0.016459882259368896,0.0003,2.024651527404785,729,-2.114117383956909,-2.5167176723480225,0.01,150.0,-17.285969820000002
7999,46784,5,731,0.039263248443603516,0.0003,2.844881296157837,730,-2.124922752380371,-3.0317702293395996,0.01,150.0,-17.285969820000002
8000,46848,5,732,0.0007162094116210938,0.0003,1.9379633665084839,731,-2.1375601291656494,-2.691953420639038,0.01,150.0,-17.385574909999995
8002,46912,5,733,0.9698017835617065,0.0003,0.23832906782627106,732,-2.1046957969665527,0.021058306097984314,0.01,150.0,-17.385574909999995
8004,46976,5,734,0.837334394454956,0.0003,0.29157567024230957,733,-2.086042881011963,-0.2042892575263977,0.01,150.0,-17.385574909999995
8006,47040,5,735,0.8049800992012024,0.0003,0.679645299911499,734,-2.0930557250976562,0.054937101900577545,0.01,150.0,-17.385574909999995
8007,47104,5,736,0.7070496678352356,0.0003,0.8893099427223206,735,-2.086113214492798,0.6374256610870361,0.01,150.0,-17.385574909999995
8009,47168,5,737,0.6208920478820801,0.0003,0.40713363885879517,736,-2.0830297470092773,0.17544148862361908,0.01,150.0,-17.385574909999995
8011,47232,5,738,-0.6258174180984497,0.0003,2.075516700744629,737,-2.086333990097046,1.2784180641174316,0.01,150.0,-17.385574909999995
8013,47296,5,739,0.26570212841033936,0.0003,1.3194286823272705,738,-2.083245277404785,-1.921889305114746,0.01,150.0,-17.385574909999995
8015,47360,5,740,0.14432066679000854,0.0003,1.608095645904541,739,-2.085848331451416,-2.08119797706604,0.01,150.0,-17.385574909999995
8016,47424,5,741,-0.00021970272064208984,0.0003,2.069317579269409,740,-2.0870819091796875,-2.29632830619812,0.01,150.0,-17.46839158
8018,47488,5,742,0.9777697920799255,0.0003,0.42947906255722046,741,-2.0913474559783936,-0.854519248008728,0.01,150.0,-17.46839158
8020,47552,5,743,0.7756144404411316,0.0003,0.31591323018074036,742,-2.079399585723877,0.1529652625322342,0.01,150.0,-17.46839158
8022,47616,5,744,0.8969005346298218,0.0003,0.18428516387939453,743,-2.074841022491455,-0.024447552859783173,0.01,150.0,-17.46839158
8024,47680,5,745,0.6691981554031372,0.0003,0.7417666912078857,744,-2.080660820007324,0.663396954536438,0.01,150.0,-17.46839158
8026,47744,5,746,0.10758733749389648,0.0003,0.6582432389259338,745,-2.085401773452759,-0.6812602877616882,0.01,150.0,-17.46839158
8028,47808,5,747,0.5073202848434448,0.0003,0.304024875164032,746,-2.0895700454711914,-0.3443298935890198,0.01,150.0,-17.46839158
8030,47872,5,748,0.13245326280593872,0.0003,1.5741398334503174,747,-2.0933709144592285,-0.9913098216056824,0.01,150.0,-17.46839158
8032,47936,5,749,0.09291607141494751,0.0003,1.5767807960510254,748,-2.1049234867095947,-1.8848875761032104,0.01,150.0,-17.46839158
8033,48000,5,750,0.0442391037940979,0.0003,1.8196618556976318,749,-2.1042141914367676,-2.0858232975006104,0.01,150.0,-17.52617023
8035,48064,5,751,-0.02936732769012451,0.0003,1.795396089553833,750,-2.102185010910034,-2.4540319442749023,0.01,150.0,-17.52617023
8036,48128,5,752,0.7534880042076111,0.0003,0.4968422055244446,751,-2.070591926574707,-0.03981642425060272,0.01,150.0,-17.52617023
8038,48192,5,753,-0.024552464485168457,0.0003,1.7621034383773804,752,-2.0772922039031982,1.4773684740066528,0.01,150.0,-17.52617023
8040,48256,6,754,0.31188374757766724,0.0003,0.8123775720596313,753,-2.078462839126587,0.39256495237350464,0.01,150.0,-17.52617023
8042,48320,6,755,0.23499369621276855,0.0003,0.6575856804847717,754,-2.095853090286255,0.36978185176849365,0.01,150.0,-17.52617023
8044,48384,6,756,0.7714847922325134,0.0003,0.25049230456352234,755,-2.0993945598602295,0.43563273549079895,0.01,150.0,-17.52617023
8045,48448,6,757,0.6943551898002625,0.0003,0.4739396572113037,756,-2.101895809173584,0.9715697765350342,0.01,150.0,-17.52617023
8045,48512,6,758,-1.0141925811767578,0.0003,1.1122993230819702,757,-2.1120963096618652,-1.170507788658142,0.01,150.0,-17.52617023
8045,48576,6,759,0.20907926559448242,0.0003,1.3521322011947632,758,-2.1174325942993164,-1.402216911315918,0.01,150.0,-17.52617023
8044,48640,6,760,0.18651139736175537,0.0003,1.2300291061401367,759,-2.1172635555267334,-1.8351187705993652,0.01,150.0,-17.44214084
8043,48704,6,761,0.9923931360244751,0.0003,0.11497585475444794,760,-2.1070380210876465,-0.06939549744129181,0.01,150.0,-17.44214084
8044,48768,6,762,0.8606072664260864,0.0003,0.3479996919631958,761,-2.095776319503784,-0.8760643601417542,0.01,150.0,-17.44214084
8045,48832,6,763,0.425381064414978,0.0003,0.8556201457977295,762,-2.0892324447631836,-0.815750777721405,0.01,150.0,-17.44214084
8047,48896,6,764,0.8299230337142944,0.0003,0.16782137751579285,763,-2.088183641433716,-0.6006109118461609,0.01,150.0,-17.44214084
8048,48960,6,765,0.513215184211731,0.0003,1.7861034870147705,764,-2.0868327617645264,1.4695570468902588,0.01,150.0,-17.44214084
8050,49024,6,766,0.19706428050994873,0.0003,2.450298309326172,765,-2.0886967182159424,-0.1967342495918274,0.01,150.0,-17.44214084
8052,49088,6,767,0.3962477445602417,0.0003,2.1093690395355225,766,-2.096989154815674,-0.8889657855033875,0.01,150.0,-17.44214084
8054,49152,6,768,0.19697439670562744,0.0003,1.6062898635864258,767,-2.1111249923706055,-1.9882584810256958,0.01,150.0,-17.44214084
8055,49216,6,769,0.03219491243362427,0.0003,1.4036099910736084,768,-2.11482310295105,-2.003797769546509,0.01,150.0,-17.22679935
8057,49280,6,770,0.9794223308563232,0.0003,0.5568576455116272,769,-2.116128444671631,-1.2202438116073608,0.01,150.0,-17.22679935
8059,49344,6,771,0.648938775062561,0.0003,1.2674444913864136,770,-2.097708225250244,-1.7714533805847168,0.01,150.0,-17.22679935
8061,49408,6,772,0.7236367464065552,0.0003,1.0651752948760986,771,-2.094428062438965,-1.5298489332199097,0.01,150.0,-17.22679935
8062,49472,6,773,0.5271590948104858,0.0003,0.9069294929504395,772,-2.095951557159424,-1.5997298955917358,0.01,150.0,-17.22679935
8064,49536,6,774,0.4115464687347412,0.0003,0.5735383629798889,773,-2.099691867828369,1.0515977144241333,0.01,150.0,-17.22679935
8066,49600,6,775,-0.0416637659072876,0.0003,0.44983696937561035,774,-2.099254608154297,0.7328506708145142,0.01,150.0,-17.22679935
8067,49664,6,776,0.12447154521942139,0.0003,0.3647230863571167,775,-2.098815441131592,-1.0000066757202148,0.01,150.0,-17.22679935
8069,49728,6,777,0.016219794750213623,0.0003,0.6836119294166565,776,-2.0905561447143555,-0.31343141198158264,0.01,150.0,-17.22679935
8071,49792,6,778,-0.01046454906463623,0.0003,1.028945803642273,777,-2.08675217628479,-1.709841012954712,0.01,150.0,-17.22679935
8072,49856,6,779,-0.000708460807800293,0.0003,0.9868436455726624,778,-2.0900967121124268,-1.7116787433624268,0.01,150.0,-17.192168769999995
8074,49920,6,780,0.9095457196235657,0.0003,0.5074636936187744,779,-2.0929744243621826,0.5806766152381897,0.01,150.0,-17.192168769999995
8076,49984,6,781,0.8672301769256592,0.0003,0.3330387473106384,780,-2.0880179405212402,0.7611633539199829,0.01,150.0,-17.192168769999995
8072,50048,6,782,0.4665933847427368,0.0003,2.358461618423462,781,-2.084425210952759,1.1900827884674072,0.01,150.0,-17.192168769999995
8073,50112,6,783,0.6603034734725952,0.0003,0.9313390254974365,782,-2.0912997722625732,-1.504327416419983,0.01,150.0,-17.192168769999995
8074,50176,6,784,0.1325685977935791,0.0003,0.9658589363098145,783,-2.0988857746124268,-1.4175150394439697,0.01,150.0,-17.192168769999995
8076,50240,6,785,0.14319968223571777,0.0003,1.0568170547485352,784,-2.1036603450775146,-1.7748602628707886,0.01,150.0,-17.192168769999995
8077,50304,6,786,-0.09019482135772705,0.0003,1.700875997543335,785,-2.11069393157959,-2.4129083156585693,0.01,150.0,-17.192168769999995
8079,50368,6,787,-0.013497114181518555,0.0003,1.0437192916870117,786,-2.1137990951538086,-1.371997356414795,0.01,150.0,-17.192168769999995
8080,50432,6,788,-0.0042639970779418945,0.0003,0.8254186511039734,787,-2.1185224056243896,-1.33064866065979,0.01,150.0,-17.48841591
8081,50496,6,789,0.9851535558700562,0.0003,0.18513885140419006,788,-2.1144611835479736,-0.10700886696577072,0.01,150.0,-17.48841591
8082,50560,6,790,0.4096352458000183,0.0003,1.9649100303649902,789,-2.102499485015869,-1.7899439334869385,0.01,150.0,-17.48841591
8084,50624,6,791,0.5153284072875977,0.0003,1.3044865131378174,790,-2.1016595363616943,0.02439546398818493,0.01,150.0,-17.48841591
8086,50688,6,792,0.6752167344093323,0.0003,1.2154150009155273,791,-2.095804452896118,0.4928606152534485,0.01,150.0,-17.48841591
8087,50752,6,793,0.6314316987991333,0.0003,0.4432728886604309,792,-2.0991859436035156,-0.4061332941055298,0.01,150.0,-17.48841591
8088,50816,6,794,-0.05683588981628418,0.0003,0.45574843883514404,793,-2.098259925842285,-0.2713543772697449,0.01,150.0,-17.48841591
8085,50880,6,795,-0.016829967498779297,0.0003,1.330557107925415,794,-2.1154136657714844,-0.27449217438697815,0.01,150.0,-17.48841591
8086,50944,6,796,-0.024973511695861816,0.0003,0.8206597566604614,795,-2.129772663116455,-1.565294623374939,0.01,150.0,-17.48841591
8088,51008,6,797,-0.004894852638244629,0.0003,1.0078704357147217,796,-2.132453441619873,-1.808342695236206,0.01,150.0,-17.701499199999997
8089,51072,6,798,0.9426062703132629,0.0003,0.9038053750991821,797,-2.1326215267181396,-1.4897710084915161,0.01,150.0,-17.701499199999997
8091,51136,6,799,0.2178615927696228,0.0003,0.5990355610847473,798,-2.1210923194885254,-0.8007020950317383,0.01,150.0,-17.701499199999997
8093,51200,6,800,0.7212367057800293,0.0003,0.9609057307243347,799,-2.120539903640747,0.8794138431549072,0.01,150.0,-17.701499199999997
8094,51264,6,801,0.707563579082489,0.0003,3.4435863494873047,800,-2.1223504543304443,0.5542439818382263,0.01,150.0,-17.701499199999997
8096,51328,6,802,0.9536923170089722,0.0003,0.2970705032348633,801,-2.1218924522399902,-0.416054368019104,0.01,150.0,-17.701499199999997
8098,51392,6,803,0.9250803589820862,0.0003,0.40379926562309265,802,-2.1226017475128174,-0.267444372177124,0.01,150.0,-17.701499199999997
8099,51456,6,804,0.8920323252677917,0.0003,0.5214216709136963,803,-2.123138189315796,0.06749271601438522,0.01,150.0,-17.701499199999997
8101,51520,6,805,0.8733600378036499,0.0003,0.5971537828445435,804,-2.1219589710235596,0.7404465675354004,0.01,150.0,-17.701499199999997
8102,51584,6,806,0.7671467661857605,0.0003,0.9568973779678345,805,-2.124460220336914,-0.5677024126052856,0.01,150.0,-17.701499199999997
8103,51648,6,807,0.6216903328895569,0.0003,1.096872329711914,806,-2.128190040588379,-0.2421383559703827,0.02,150.0,-17.33945721
8105,51712,6,808,0.6681429147720337,0.0003,3.7000722885131836,807,-2.1025993824005127,0.8828058242797852,0.02,150.0,-17.33945721
8107,51776,6,809,0.8073910474777222,0.0003,0.7373442649841309,808,-2.09427809715271,-0.9846479296684265,0.02,150.0,-17.33945721
8108,51840,6,810,0.9066497683525085,0.0003,0.7096710205078125,809,-2.0937013626098633,-1.4460804462432861,0.02,150.0,-17.33945721
8109,51904,6,811,0.7267284393310547,0.0003,0.4555591940879822,810,-2.0935916900634766,-0.28692254424095154,0.02,150.0,-17.33945721
8110,51968,6,812,-0.1000751256942749,0.0003,5.008181571960449,811,-2.0857715606689453,2.2988409996032715,0.02,150.0,-17.33945721
8112,52032,6,813,0.19190490245819092,0.0003,2.174666166305542,812,-2.090548038482666,0.7330213189125061,0.02,150.0,-17.33945721
8113,52096,6,814,0.42739683389663696,0.0003,0.5981908440589905,813,-2.0955348014831543,-0.3681643009185791,0.02,150.0,-17.33945721
8115,52160,6,815,0.5425428748130798,0.0003,0.18497276306152344,814,-2.086808204650879,-0.5997628569602966,0.02,150.0,-17.33945721
8116,52224,6,816,0.06704598665237427,0.0003,0.6377585530281067,815,-2.093155860900879,-1.4216248989105225,0.02,150.0,-17.22860128
8118,52288,6,817,0.9582555294036865,0.0003,0.6955550909042358,816,-2.095895528793335,-0.2760716378688812,0.02,150.0,-17.22860128
8119,52352,6,818,0.5412998199462891,0.0003,0.40503227710723877,817,-2.0903401374816895,1.0121484994888306,0.02,150.0,-17.22860128
8121,52416,6,819,0.658271074295044,0.0003,0.3366224765777588,818,-2.086381435394287,-0.17729656398296356,0.02,150.0,-17.22860128
8122,52480,6,820,-0.08533871173858643,0.0003,1.1549785137176514,819,-2.0859792232513428,-1.2352919578552246,0.02,150.0,-17.22860128
8124,52544,6,821,0.45959901809692383,0.0003,3.0707051753997803,820,-2.082141876220703,1.623659372329712,0.02,150.0,-17.22860128
8125,52608,6,822,0.8855398893356323,0.0003,0.453092098236084,821,-2.0833616256713867,-0.11985234916210175,0.02,150.0,-17.22860128
8126,52672,6,823,0.9405969381332397,0.0003,0.19907817244529724,822,-2.0793278217315674,-0.4335302710533142,0.02,150.0,-17.22860128
8127,52736,6,824,0.8696147203445435,0.0003,0.28583914041519165,823,-2.082120895385742,-0.2430640310049057,0.02,150.0,-17.22860128
8128,52800,6,825,0.577832043170929,0.0003,1.2374337911605835,824,-2.0807745456695557,-1.3674631118774414,0.02,150.0,-16.86981996
8130,52864,6,826,0.2066364288330078,0.0003,1.6253937482833862,825,-2.0790936946868896,-1.5415507555007935,0.02,150.0,-16.86981996
8131,52928,6,827,0.6493920087814331,0.0003,1.9875075817108154,826,-2.0822081565856934,-1.8682024478912354,0.02,150.0,-16.86981996
8133,52992,6,828,0.9294893145561218,0.0003,1.0397613048553467,827,-2.0751774311065674,-1.8975905179977417,0.02,150.0,-16.86981996
8134,53056,6,829,0.8746061325073242,0.0003,0.28155797719955444,828,-2.071417808532715,0.42419636249542236,0.02,150.0,-16.86981996
8136,53120,6,830,0.872092604637146,0.0003,0.2762618362903595,829,-2.072815179824829,-0.5798244476318359,0.02,150.0,-16.86981996
8137,53184,6,831,0.41577666997909546,0.0003,0.2901105284690857,830,-2.0726420879364014,-0.01595238223671913,0.02,150.0,-16.86981996
8139,53248,6,832,-0.45902299880981445,0.0003,0.6094618439674377,831,-2.0554580688476562,0.6834149360656738,0.02,150.0,-16.86981996
8138,53312,6,833,0.1582888960838318,0.0003,0.8048624992370605,832,-2.052847385406494,-0.9288225769996643,0.02,150.0,-16.86981996
8139,53376,6,834,0.11545830965042114,0.0003,0.8308014869689941,833,-2.0574073791503906,-1.044929027557373,0.02,150.0,-16.86981996
8140,53440,6,835,0.0489499568939209,0.0003,1.5934923887252808,834,-2.0618481636047363,-1.3730096817016602,0.02,150.0,-17.299808459999998
8141,53504,6,836,0.9916975498199463,0.0003,0.1693210005760193,835,-2.07491135597229,-0.5541242361068726,0.02,150.0,-17.299808459999998
8142,53568,6,837,0.8232640027999878,0.0003,0.6155763268470764,836,-2.0726311206817627,-1.1040390729904175,0.02,150.0,-17.299808459999998
8143,53632,6,838,0.8844437599182129,0.0003,0.7640496492385864,837,-2.0684685707092285,1.2357195615768433,0.02,150.0,-17.299808459999998
8143,53696,6,839,0.9668428301811218,0.0003,0.2805790305137634,838,-2.0677988529205322,0.8335943818092346,0.02,150.0,-17.299808459999998
8144,53760,6,840,0.8945096731185913,0.0003,0.8525434732437134,839,-2.068410873413086,0.2068663388490677,0.02,150.0,-17.299808459999998
8146,53824,6,841,0.9499786496162415,0.0003,0.7849169373512268,840,-2.075056791305542,-1.4611666202545166,0.02,150.0,-17.299808459999998
8147,53888,6,842,0.908880352973938,0.0003,0.94469153881073,841,-2.075143337249756,-1.7279845476150513,0.02,150.0,-17.299808459999998
8149,53952,6,843,0.7809610962867737,0.0003,0.6130496263504028,842,-2.08056378364563,-1.2462210655212402,0.02,150.0,-17.299808459999998
8151,54016,6,844,0.6313505172729492,0.0003,0.8266710042953491,843,-2.088217258453369,-1.4119274616241455,0.02,150.0,-17.21207751
8153,54080,6,845,0.9675853252410889,0.0003,0.5008581876754761,844,-2.088855028152466,-0.7391351461410522,0.02,150.0,-17.21207751
8154,54144,6,846,0.8727214336395264,0.0003,0.2736414670944214,845,-2.078777551651001,0.18976938724517822,0.02,150.0,-17.21207751
8156,54208,6,847,0.9148893356323242,0.0003,0.1494348645210266,846,-2.081301212310791,0.2788119912147522,0.02,150.0,-17.21207751
8157,54272,6,848,0.5756698846817017,0.0003,1.2583966255187988,847,-2.0791823863983154,-0.6038802862167358,0.02,150.0,-17.21207751
8159,54336,6,849,0.7656986713409424,0.0003,0.3645099699497223,848,-2.0753445625305176,0.027169153094291687,0.02,150.0,-17.21207751
8160,54400,6,850,-3.748837471008301,0.0003,0.8174942135810852,849,-2.076441526412964,-1.2844982147216797,0.02,150.0,-17.21207751
8162,54464,6,851,-0.38653135299682617,0.0003,1.0341157913208008,850,-2.0843958854675293,-1.94173002243042,0.02,150.0,-17.21207751
8163,54528,6,852,-0.0731421709060669,0.0003,0.7911146879196167,851,-2.086880683898926,-1.5003573894500732,0.02,150.0,-17.21207751
8165,54592,6,853,0.0027024149894714355,0.0003,1.244011640548706,852,-2.08964204788208,-1.886107325553894,0.02,150.0,-17.21207751
8167,54656,6,854,0.015277445316314697,0.0003,1.7190990447998047,853,-2.096219778060913,-2.1915078163146973,0.02,150.0,-17.16829568
8168,54720,6,855,0.9619717597961426,0.0003,0.25461286306381226,854,-2.085155487060547,0.29496851563453674,0.02,150.0,-17.16829568
8170,54784,6,856,0.7078814506530762,0.0003,1.455000638961792,855,-2.0768637657165527,-1.3710907697677612,0.02,150.0,-17.16829568
8171,54848,6,857,0.944330096244812,0.0003,0.3797246515750885,856,-2.0759334564208984,-1.1328339576721191,0.02,150.0,-17.16829568
8173,54912,6,858,0.5511726140975952,0.0003,0.3201095461845398,857,-2.0794713497161865,-0.1130494475364685,0.02,150.0,-17.16829568
8175,54976,6,859,-0.24971282482147217,0.0003,2.8528828620910645,858,-2.0823116302490234,2.2195308208465576,0.02,150.0,-17.16829568
8177,55040,6,860,0.025260508060455322,0.0003,0.8727109432220459,859,-2.087998867034912,0.46705353260040283,0.02,150.0,-17.16829568
8178,55104,6,861,0.07241064310073853,0.0003,0.18512403964996338,860,-2.0943045616149902,-0.3812098205089569,0.02,150.0,-17.16829568
8179,55168,6,862,0.026098787784576416,0.0003,1.4445186853408813,861,-2.0884041786193848,-0.06441468745470047,0.02,150.0,-17.16829568
8180,55232,6,863,0.032764732837677,0.0003,1.3904227018356323,862,-2.1111032962799072,-1.7655118703842163,0.02,150.0,-17.16672141
8181,55296,6,864,0.9806951284408569,0.0003,0.356476366519928,863,-2.089592933654785,-0.8369335532188416,0.02,150.0,-17.16672141
8183,55360,6,865,0.6920661330223083,0.0003,0.26306188106536865,864,-2.067275047302246,-0.5465173125267029,0.02,150.0,-17.16672141
8184,55424,6,866,-0.8663384914398193,0.0003,0.7268381118774414,865,-2.063955068588257,-0.4739905893802643,0.02,150.0,-17.16672141
8185,55488,6,867,0.3911600112915039,0.0003,0.7449418306350708,866,-2.064789295196533,0.5694019794464111,0.02,150.0,-17.16672141
8186,55552,6,868,0.48676562309265137,0.0003,0.5046008825302124,867,-2.0683326721191406,-0.9351180791854858,0.02,150.0,-17.16672141
8188,55616,6,869,0.2270490527153015,0.0003,1.4744701385498047,868,-2.0708086490631104,-0.5583687424659729,0.02,150.0,-17.16672141
8189,55680,6,870,0.2076292634010315,0.0003,1.9071029424667358,869,-2.073760747909546,-0.5537002682685852,0.02,150.0,-17.16672141
8191,55744,6,871,0.03031325340270996,0.0003,2.140377998352051,870,-2.074101448059082,-1.015919804573059,0.02,150.0,-17.16672141
8192,55808,6,872,-0.01680147647857666,0.0003,2.0709948539733887,871,-2.071547031402588,-0.3712847828865051,0.02,150.0,-17.202986250000002
8193,55872,6,873,0.9484829306602478,0.0003,1.04739511013031,872,-2.0933268070220947,-1.7643628120422363,0.02,150.0,-17.202986250000002
8194,55936,6,874,0.7527917623519897,0.0003,0.24207773804664612,873,-2.0523548126220703,-0.5802769660949707,0.02,150.0,-17.202986250000002
8196,56000,6,875,0.43468421697616577,0.0003,1.3410074710845947,874,-2.0485293865203857,-0.14434807002544403,0.02,150.0,-17.202986250000002
8197,56064,6,876,0.5726271867752075,0.0003,2.6017541885375977,875,-2.0297653675079346,2.1228175163269043,0.02,150.0,-17.202986250000002
8199,56128,6,877,0.7708381414413452,0.0003,2.7975046634674072,876,-2.0375070571899414,2.039431571960449,0.02,150.0,-17.202986250000002
8200,56192,6,878,0.9134917259216309,0.0003,0.2972465753555298,877,-2.040689706802368,0.22444163262844086,0.02,150.0,-17.202986250000002
8201,56256,6,879,0.9323016405105591,0.0003,0.23865489661693573,878,-2.040496826171875,0.2320777028799057,0.02,150.0,-17.202986250000002
8203,56320,6,880,0.8796529769897461,0.0003,0.715522825717926,879,-2.0437562465667725,-1.366776943206787,0.02,150.0,-17.202986250000002
8204,56384,6,881,0.7792980074882507,0.0003,0.913569986820221,880,-2.0454823970794678,-1.6062633991241455,0.02,150.0,-17.202986250000002
8205,56448,6,882,0.44600820541381836,0.0003,1.4337241649627686,881,-2.0414254665374756,-1.6601605415344238,0.02,150.0,-16.937759670000002
8207,56512,6,883,0.9756429195404053,0.0003,0.15284816920757294,882,-2.03924560546875,-0.0986611470580101,0.02,150.0,-16.937759670000002
8208,56576,6,884,0.7569552063941956,0.0003,0.37628841400146484,883,-2.03633189201355,-0.2012883722782135,0.02,150.0,-16.937759670000002
8209,56640,6,885,0.5466729402542114,0.0003,0.7034297585487366,884,-2.0389881134033203,0.42720815539360046,0.02,150.0,-16.937759670000002
8211,56704,6,886,0.08104312419891357,0.0003,0.6382664442062378,885,-2.052393674850464,0.8161140084266663,0.02,150.0,-16.937759670000002
8213,56768,6,887,-0.1076502799987793,0.0003,0.937367856502533,886,-2.0517280101776123,0.8797086477279663,0.02,150.0,-16.937759670000002
8214,56832,6,888,0.255073606967926,0.0003,0.3324744403362274,887,-2.0521929264068604,0.44404709339141846,0.02,150.0,-16.937759670000002
8215,56896,6,889,0.0188562273979187,0.0003,2.6651906967163086,888,-2.048888921737671,-0.48558688163757324,0.02,150.0,-16.937759670000002
8217,56960,6,890,0.022282540798187256,0.0003,3.6709794998168945,889,-2.0501227378845215,-3.0605084896087646,0.02,150.0,-16.937759670000002
8218,57024,6,891,0.00038689374923706055,0.0003,2.8434219360351562,890,-2.0554656982421875,-2.96028995513916,0.02,150.0,-16.81705396
8219,57088,6,892,0.9740694165229797,0.0003,0.6161565780639648,891,-2.0599586963653564,-0.9912453293800354,0.02,150.0,-16.81705396
8221,57152,6,893,0.5324654579162598,0.0003,1.542594075202942,892,-2.0571508407592773,0.6877731084823608,0.02,150.0,-16.81705396
8222,57216,6,894,0.8856844305992126,0.0003,0.5358026027679443,893,-2.055307388305664,-0.986200213432312,0.02,150.0,-16.81705396
8224,57280,6,895,-1.388810157775879,0.0003,1.0425134897232056,894,-2.058750867843628,0.23940260708332062,0.02,150.0,-16.81705396
8225,57344,6,896,-0.44995224475860596,0.0003,0.47028905153274536,895,-2.070749521255493,0.02346048131585121,0.02,150.0,-16.81705396
8227,57408,6,897,0.2892819046974182,0.0003,0.23558515310287476,896,-2.0826809406280518,-0.3309677243232727,0.02,150.0,-16.81705396
8228,57472,6,898,0.1690673828125,0.0003,0.19041606783866882,897,-2.0913214683532715,-0.37292128801345825,0.02,150.0,-16.81705396
8230,57536,6,899,0.12160325050354004,0.0003,0.21155531704425812,898,-2.091355800628662,-0.09509855508804321,0.02,150.0,-16.81705396
8231,57600,6,900,-0.021704554557800293,0.0003,0.3051745295524597,899,-2.098846197128296,-0.836406946182251,0.02,150.0,-16.71069098
8233,57664,7,901,0.004855453968048096,0.0003,0.9992061257362366,900,-2.100283145904541,-1.7224349975585938,0.02,150.0,-16.71069098
8234,57728,7,902,0.7934755086898804,0.0003,0.8789726495742798,901,-2.0700364112854004,-1.414960265159607,0.02,150.0,-16.71069098
8235,57792,7,903,0.648410439491272,0.0003,0.29315486550331116,902,-2.0653607845306396,-0.28197070956230164,0.02,150.0,-16.71069098
8237,57856,7,904,-0.035816311836242676,0.0003,1.5331556797027588,903,-2.059251308441162,0.3157691955566406,0.02,150.0,-16.71069098
8238,57920,7,905,0.42217469215393066,0.0003,0.8474593758583069,904,-2.0557773113250732,-0.517548143863678,0.02,150.0,-16.71069098
8240,57984,7,906,0.11571758985519409,0.0003,0.8469411730766296,905,-2.0626959800720215,1.0779030323028564,0.02,150.0,-16.71069098
8241,58048,7,907,0.02077615261077881,0.0003,2.9485960006713867,906,-2.0641870498657227,0.3451228439807892,0.02,150.0,-16.71069098
8243,58112,7,908,-0.09256172180175781,0.0003,1.269378423690796,907,-2.0651986598968506,-1.8773047924041748,0.02,150.0,-16.71069098
8245,58176,7,909,-0.008169054985046387,0.0003,2.101362466812134,908,-2.077449083328247,-2.3964579105377197,0.02,150.0,-16.71069098
8246,58240,7,910,-0.005127549171447754,0.0003,1.1163387298583984,909,-2.0908896923065186,-1.7831506729125977,0.02,150.0,-16.88840277
8247,58304,7,911,0.9881067872047424,0.0003,0.1491006761789322,910,-2.0778400897979736,-0.5304152369499207,0.02,150.0,-16.88840277
8249,58368,7,912,0.3719751834869385,0.0003,0.6186684370040894,911,-2.063222885131836,1.1261181831359863,0.02,150.0,-16.88840277
8250,58432,7,913,0.30184412002563477,0.0003,0.23794972896575928,912,-2.060065269470215,0.16360865533351898,0.02,150.0,-16.88840277
8252,58496,7,914,0.21541857719421387,0.0003,1.7261204719543457,913,-2.0507960319519043,1.2958898544311523,0.02,150.0,-16.88840277
8253,58560,7,915,-0.011214137077331543,0.0003,4.292235851287842,914,-2.0516295433044434,1.7422130107879639,0.02,150.0,-16.88840277
8255,58624,7,916,0.06328415870666504,0.0003,0.9630662202835083,915,-2.0600597858428955,0.945720911026001,0.02,150.0,-16.88840277
8256,58688,7,917,0.05993407964706421,0.0003,4.340463161468506,916,-2.072841167449951,0.9147226214408875,0.02,150.0,-16.88840277
8258,58752,7,918,-0.044123291969299316,0.0003,0.7071479558944702,917,-2.078084945678711,-1.3918356895446777,0.02,150.0,-16.88840277
8259,58816,7,919,-0.023160457611083984,0.0003,1.0530812740325928,918,-2.070895195007324,-1.8374348878860474,0.02,150.0,-17.07612592
8260,58880,7,920,0.9802614450454712,0.0003,0.4820713400840759,919,-2.0746002197265625,-1.038512945175171,0.02,150.0,-17.07612592
8262,58944,7,921,-0.1793879270553589,0.0003,1.587416172027588,920,-2.0740668773651123,-1.4756760597229004,0.02,150.0,-17.07612592
8263,59008,7,922,0.5329245924949646,0.0003,1.8814765214920044,921,-2.0667052268981934,-0.39437708258628845,0.02,150.0,-17.07612592
8265,59072,7,923,0.8280975818634033,0.0003,0.7004488706588745,922,-2.0711402893066406,-0.05861159414052963,0.02,150.0,-17.07612592
8266,59136,7,924,0.8280976414680481,0.0003,0.8162466287612915,923,-2.0758631229400635,1.5319955348968506,0.02,150.0,-17.07612592
8268,59200,7,925,0.565781831741333,0.0003,4.1243696212768555,924,-2.0770444869995117,2.4124016761779785,0.02,150.0,-17.07612592
8269,59264,7,926,0.8999749422073364,0.0003,0.40839529037475586,925,-2.0844011306762695,-0.8115065097808838,0.02,150.0,-17.07612592
8270,59328,7,927,0.3967463970184326,0.0003,1.8166353702545166,926,-2.0824694633483887,-0.8181077241897583,0.02,150.0,-17.07612592
8271,59392,7,928,0.405819833278656,0.0003,1.4549028873443604,927,-2.083037853240967,-1.7309030294418335,0.02,150.0,-17.07612592
8273,59456,7,929,0.3768046498298645,0.0003,0.8728252649307251,928,-2.082794666290283,-1.1537835597991943,0.02,150.0,-17.32327282
8274,59520,7,930,0.8567865490913391,0.0003,0.7415837049484253,929,-2.0798635482788086,-0.4648818373680115,0.02,150.0,-17.32327282
8276,59584,7,931,-0.26445043087005615,0.0003,1.0828449726104736,930,-2.077587127685547,-0.3637067675590515,0.02,150.0,-17.32327282
8277,59648,7,932,0.2949233055114746,0.0003,2.375910758972168,931,-2.0645883083343506,1.5288946628570557,0.02,150.0,-17.32327282
8279,59712,7,933,0.2665823698043823,0.0003,1.1926870346069336,932,-2.0690789222717285,0.7697827816009521,0.02,150.0,-17.32327282
8280,59776,7,934,0.22620028257369995,0.0003,0.8993953466415405,933,-2.081122875213623,-0.3801259398460388,0.02,150.0,-17.32327282
8282,59840,7,935,0.04579967260360718,0.0003,1.578528881072998,934,-2.082613468170166,0.5513486266136169,0.02,150.0,-17.32327282
8283,59904,7,936,0.05083882808685303,0.0003,1.1310389041900635,935,-2.0722198486328125,-0.5268194079399109,0.02,150.0,-17.32327282
8285,59968,7,937,0.09499478340148926,0.0003,0.38724878430366516,936,-2.0848207473754883,-0.8192518353462219,0.02,150.0,-17.32327282
8287,60032,7,938,-0.0035401582717895508,0.0003,0.4513351321220398,937,-2.0904111862182617,-0.6279674768447876,0.02,150.0,-17.666654729999998
8288,60096,7,939,0.9910956621170044,0.0003,0.1033664345741272,938,-2.0811610221862793,0.13209694623947144,0.02,150.0,-17.666654729999998
8289,60160,7,940,0.8865950107574463,0.0003,0.1881791204214096,939,-2.0695557594299316,-0.40924277901649475,0.02,150.0,-17.666654729999998
8290,60224,7,941,0.825523853302002,0.0003,0.5150026679039001,940,-2.069485664367676,0.9893655180931091,0.02,150.0,-17.666654729999998
8292,60288,7,942,0.7711106538772583,0.0003,0.6655098795890808,941,-2.077341079711914,-0.5969908237457275,0.02,150.0,-17.666654729999998
8293,60352,7,943,0.4311485290527344,0.0003,3.058525800704956,942,-2.0786569118499756,1.3233098983764648,0.02,150.0,-17.666654729999998
8294,60416,7,944,0.5834176540374756,0.0003,2.0310535430908203,943,-2.0847558975219727,1.5939807891845703,0.02,150.0,-17.666654729999998
8296,60480,7,945,0.03154730796813965,0.0003,3.332282781600952,944,-2.085710048675537,1.7383074760437012,0.02,150.0,-17.666654729999998
8297,60544,7,946,0.15169137716293335,0.0003,3.723102569580078,945,-2.0881738662719727,0.2194066345691681,0.02,150.0,-17.666654729999998
8298,60608,7,947,0.37936532497406006,0.0003,0.9826946258544922,946,-2.0987870693206787,-1.0785728693008423,0.01,150.0,-17.718181289999997
8299,60672,7,948,0.9363299012184143,0.0003,0.9120570421218872,947,-2.0978403091430664,-1.3193914890289307,0.01,150.0,-17.718181289999997
8301,60736,7,949,0.7407476305961609,0.0003,0.27245867252349854,948,-2.0690207481384277,-0.42623451352119446,0.01,150.0,-17.718181289999997
8302,60800,7,950,0.7798530459403992,0.0003,0.7001577615737915,949,-2.074467182159424,0.0020223408937454224,0.01,150.0,-17.718181289999997
8304,60864,7,951,0.8832979798316956,0.0003,0.2657575011253357,950,-2.0761215686798096,0.3614855408668518,0.01,150.0,-17.718181289999997
8305,60928,7,952,0.8793032765388489,0.0003,0.2840297520160675,951,-2.084404230117798,0.19673895835876465,0.01,150.0,-17.718181289999997
8307,60992,7,953,0.15728223323822021,0.0003,2.3484959602355957,952,-2.0956313610076904,0.5129488110542297,0.01,150.0,-17.718181289999997
8308,61056,7,954,0.5389033555984497,0.0003,0.6088491082191467,953,-2.1055991649627686,-0.6915513873100281,0.01,150.0,-17.718181289999997
8310,61120,7,955,0.2670174837112427,0.0003,1.1432819366455078,954,-2.1045210361480713,-1.188132405281067,0.01,150.0,-17.718181289999997
8311,61184,7,956,0.1721675992012024,0.0003,1.158997654914856,955,-2.108663558959961,-1.8945516347885132,0.01,150.0,-17.718181289999997
8312,61248,7,957,0.0731399655342102,0.0003,0.8381586074829102,956,-2.1095633506774902,-1.6864314079284668,0.01,150.0,-17.60611903
8313,61312,7,958,0.9802393317222595,0.0003,0.23995016515254974,957,-2.097531795501709,-0.06561891734600067,0.01,150.0,-17.60611903
8315,61376,7,959,-0.4134688377380371,0.0003,0.8653244972229004,958,-2.0902605056762695,0.5016778707504272,0.01,150.0,-17.60611903
8317,61440,7,960,-0.030672669410705566,0.0003,4.904474258422852,959,-2.0909459590911865,1.913001537322998,0.01,150.0,-17.60611903
8318,61504,7,961,0.7503067255020142,0.0003,0.9035676717758179,960,-2.0909323692321777,-1.2585757970809937,0.01,150.0,-17.60611903
8320,61568,7,962,0.5832722187042236,0.0003,0.8871651887893677,961,-2.0978500843048096,-1.4043376445770264,0.01,150.0,-17.60611903
8321,61632,7,963,0.7737930417060852,0.0003,0.3121741712093353,962,-2.103533983230591,-0.9678171873092651,0.01,150.0,-17.60611903
8323,61696,7,964,0.5707065463066101,0.0003,0.4756729006767273,963,-2.11352801322937,-0.6518111228942871,0.01,150.0,-17.60611903
8324,61760,7,965,0.20478451251983643,0.0003,2.3082714080810547,964,-2.117611885070801,0.8473644256591797,0.01,150.0,-17.60611903
8325,61824,7,966,0.7139819264411926,0.0003,0.6225746870040894,965,-2.1208267211914062,-0.8228740692138672,0.01,150.0,-17.34056884
8327,61888,7,967,0.9922562837600708,0.0003,0.1885281503200531,966,-2.1061363220214844,-0.5761902928352356,0.01,150.0,-17.34056884
8327,61952,7,968,0.7352218627929688,0.0003,0.488939493894577,967,-2.086008071899414,-0.2607230842113495,0.01,150.0,-17.34056884
8327,62016,7,969,0.8545450568199158,0.0003,0.3828178644180298,968,-2.097853422164917,0.527653694152832,0.01,150.0,-17.34056884
8329,62080,7,970,0.7097551822662354,0.0003,1.8113576173782349,969,-2.098754405975342,1.9830865859985352,0.01,150.0,-17.34056884
8330,62144,7,971,0.8189718723297119,0.0003,0.4312247633934021,970,-2.107388973236084,0.4871136546134949,0.01,150.0,-17.34056884
8332,62208,7,972,0.5035887956619263,0.0003,1.9930999279022217,971,-2.103339672088623,1.623929738998413,0.01,150.0,-17.34056884
8333,62272,7,973,0.7595880031585693,0.0003,0.5953965783119202,972,-2.1102843284606934,-1.269842505455017,0.01,150.0,-17.34056884
8334,62336,7,974,0.8349443078041077,0.0003,0.28652578592300415,973,-2.109701633453369,-0.9548313617706299,0.01,150.0,-17.34056884
8335,62400,7,975,0.3496231436729431,0.0003,0.8727459907531738,974,-2.113765239715576,-1.5396223068237305,0.01,150.0,-17.19677587
8337,62464,7,976,0.09728485345840454,0.0003,1.4526185989379883,975,-2.126948595046997,-1.905303716659546,0.01,150.0,-17.19677587
8338,62528,7,977,0.5859503746032715,0.0003,0.5319685935974121,976,-2.090610980987549,0.11947566270828247,0.01,150.0,-17.19677587
8340,62592,7,978,0.8141005039215088,0.0003,1.7723660469055176,977,-2.086393356323242,-2.1561055183410645,0.01,150.0,-17.19677587
8341,62656,7,979,0.13870114088058472,0.0003,2.1170504093170166,978,-2.0856988430023193,-2.3261618614196777,0.01,150.0,-17.19677587
8343,62720,7,980,-0.31683146953582764,0.0003,1.5750691890716553,979,-2.0812454223632812,0.9483108520507812,0.01,150.0,-17.19677587
8343,62784,7,981,-0.1548905372619629,0.0003,0.5113096833229065,980,-2.084613800048828,0.5901405215263367,0.01,150.0,-17.19677587
8344,62848,7,982,0.12084567546844482,0.0003,1.146601915359497,981,-2.0847277641296387,-0.5928922891616821,0.01,150.0,-17.19677587
8344,62912,7,983,0.031823575496673584,0.0003,3.236149311065674,982,-2.0805788040161133,0.7655743360519409,0.01,150.0,-17.19677587
8345,62976,7,984,0.07565504312515259,0.0003,0.2910890579223633,983,-2.0972204208374023,-0.9484540224075317,0.01,150.0,-17.19677587
8346,63040,7,985,0.041348397731781006,0.0003,0.4190049171447754,984,-2.098710298538208,-1.1796356439590454,0.01,150.0,-17.178718049999997
8347,63104,7,986,0.9956772327423096,0.0003,0.07900362461805344,985,-2.0820164680480957,-0.21621190011501312,0.01,150.0,-17.178718049999997
8348,63168,7,987,0.7692335844039917,0.0003,0.48479875922203064,986,-2.073391914367676,-0.10958563536405563,0.01,150.0,-17.178718049999997
8350,63232,7,988,0.970197319984436,0.0003,0.04514804482460022,987,-2.081144094467163,0.2207992970943451,0.01,150.0,-17.178718049999997
8351,63296,7,989,0.8298667073249817,0.0003,0.4690796732902527,988,-2.0847420692443848,0.7451577186584473,0.01,150.0,-17.178718049999997
8353,63360,7,990,0.6226952075958252,0.0003,2.2811696529388428,989,-2.083496570587158,1.590810775756836,0.01,150.0,-17.178718049999997
8354,63424,7,991,0.6324868202209473,0.0003,2.041339874267578,990,-2.083587884902954,1.3055789470672607,0.01,150.0,-17.178718049999997
8355,63488,7,992,0.6738224029541016,0.0003,1.1562106609344482,991,-2.095585346221924,-1.8070505857467651,0.01,150.0,-17.178718049999997
8357,63552,7,993,-1.1671757698059082,0.0003,1.6794414520263672,992,-2.0951743125915527,-2.3960013389587402,0.01,150.0,-17.178718049999997
8358,63616,7,994,-0.02161240577697754,0.0003,2.3469464778900146,993,-2.08779239654541,-2.6648244857788086,0.01,150.0,-17.315865670000004
8359,63680,7,995,0.9722599983215332,0.0003,1.1721135377883911,994,-2.0931289196014404,-1.6319667100906372,0.01,150.0,-17.315865670000004
8360,63744,7,996,0.41369956731796265,0.0003,1.0782207250595093,995,-2.084561586380005,-1.3534212112426758,0.01,150.0,-17.315865670000004
8362,63808,7,997,0.6577072143554688,0.0003,0.5602954030036926,996,-2.084815263748169,-0.9626423716545105,0.01,150.0,-17.315865670000004
8363,63872,7,998,0.523389458656311,0.0003,0.5533327460289001,997,-2.0935721397399902,-0.6576486229896545,0.01,150.0,-17.315865670000004
8364,63936,7,999,0.31437617540359497,0.0003,2.1020283699035645,998,-2.1030995845794678,0.6956163048744202,0.01,150.0,-17.315865670000004
8365,64000,7,1000,0.32448095083236694,0.0003,1.0563726425170898,999,-2.1137094497680664,-0.06647196412086487,0.01,150.0,-17.315865670000004
8367,64064,7,1001,0.24954736232757568,0.0003,1.3718374967575073,1000,-2.1147327423095703,-1.671090841293335,0.01,150.0,-17.315865670000004
8368,64128,7,1002,0.1531020998954773,0.0003,1.054813265800476,1001,-2.118711233139038,-1.0672580003738403,0.01,150.0,-17.315865670000004
8369,64192,7,1003,0.10102850198745728,0.0003,0.7496277093887329,1002,-2.124005079269409,-0.5677764415740967,0.01,150.0,-17.315865670000004
8370,64256,7,1004,0.10987353324890137,0.0003,0.563791811466217,1003,-2.124906063079834,-0.8885554075241089,0.01,150.0,-17.52794176
8371,64320,7,1005,0.8708376884460449,0.0003,1.0196316242218018,1004,-2.0929007530212402,0.07572432607412338,0.01,150.0,-17.52794176
8373,64384,7,1006,0.6771459579467773,0.0003,0.8779686689376831,1005,-2.0884664058685303,-1.1919128894805908,0.01,150.0,-17.52794176
8374,64448,7,1007,0.6889637112617493,0.0003,0.8368645906448364,1006,-2.090784788131714,-0.4645490050315857,0.01,150.0,-17.52794176
8375,64512,7,1008,0.916067898273468,0.0003,0.14889740943908691,1007,-2.093735694885254,0.2353154569864273,0.01,150.0,-17.52794176
8377,64576,7,1009,-0.3437380790710449,0.0003,1.1476643085479736,1008,-2.099318265914917,0.970396876335144,0.01,150.0,-17.52794176
8378,64640,7,1010,0.04998326301574707,0.0003,1.9283716678619385,1009,-2.102766275405884,1.5643361806869507,0.01,150.0,-17.52794176
8380,64704,7,1011,0.4687569737434387,0.0003,0.16277338564395905,1010,-2.1107828617095947,0.10199340432882309,0.01,150.0,-17.52794176
8381,64768,7,1012,0.20035213232040405,0.0003,0.6889820694923401,1011,-2.1110410690307617,-0.30694860219955444,0.01,150.0,-17.52794176
8382,64832,7,1013,0.1395896077156067,0.0003,0.548263430595398,1012,-2.119997024536133,-0.9794033765792847,0.01,150.0,-17.277686140000004
8383,64896,7,1014,0.9938785433769226,0.0003,0.10858334600925446,1013,-2.099820375442505,-0.11043156683444977,0.01,150.0,-17.277686140000004
8384,64960,7,1015,0.3734094500541687,0.0003,0.8030646443367004,1014,-2.0722439289093018,-0.12378312647342682,0.01,150.0,-17.277686140000004
8386,65024,7,1016,0.7814977169036865,0.0003,0.9809335470199585,1015,-2.0707645416259766,0.8216885328292847,0.01,150.0,-17.277686140000004
8387,65088,7,1017,0.7874880433082581,0.0003,0.6151001453399658,1016,-2.0687196254730225,0.5992305874824524,0.01,150.0,-17.277686140000004
8388,65152,7,1018,0.8520333170890808,0.0003,1.1330697536468506,1017,-2.0743322372436523,0.6970023512840271,0.01,150.0,-17.277686140000004
8379,65216,7,1019,0.15568482875823975,0.0003,2.025571823120117,1018,-2.0754237174987793,-0.10122039914131165,0.01,150.0,-17.277686140000004
8377,65280,7,1020,0.9267966151237488,0.0003,0.3465822637081146,1019,-2.087628126144409,-0.8684874176979065,0.01,150.0,-17.277686140000004
8374,65344,7,1021,0.9264267086982727,0.0003,0.31475672125816345,1020,-2.0937156677246094,-0.9114692807197571,0.01,150.0,-17.277686140000004
8373,65408,7,1022,0.6863507032394409,0.0003,0.7806243896484375,1021,-2.0973949432373047,-1.2062294483184814,0.01,150.0,-16.864678329999997
8371,65472,7,1023,0.9483286142349243,0.0003,1.2251112461090088,1022,-2.0995469093322754,-1.5692890882492065,0.01,150.0,-16.864678329999997
8368,65536,7,1024,0.26279890537261963,0.0003,0.7700972557067871,1023,-2.085259199142456,-1.1220180988311768,0.01,150.0,-16.864678329999997
8368,65600,7,1025,0.5761159658432007,0.0003,1.711386799812317,1024,-2.091524600982666,0.18326497077941895,0.01,150.0,-16.864678329999997
8369,65664,7,1026,0.8658509254455566,0.0003,0.8155947923660278,1025,-2.0931360721588135,0.32229554653167725,0.01,150.0,-16.864678329999997
8370,65728,7,1027,0.704789936542511,0.0003,6.449073791503906,1026,-2.096963882446289,2.296814203262329,0.01,150.0,-16.864678329999997
8371,65792,7,1028,0.8131172060966492,0.0003,1.8086349964141846,1027,-2.10343074798584,-0.15624742209911346,0.01,150.0,-16.864678329999997
8372,65856,7,1029,0.8098660707473755,0.0003,1.4735593795776367,1028,-2.1014418601989746,-1.513853907585144,0.01,150.0,-16.864678329999997
8373,65920,7,1030,0.14407765865325928,0.0003,1.030249834060669,1029,-2.0965332984924316,-0.8906521201133728,0.01,150.0,-16.864678329999997
8374,65984,7,1031,0.05307424068450928,0.0003,2.2251052856445312,1030,-2.099614143371582,-0.5253772735595703,0.01,150.0,-16.864678329999997
8374,66048,7,1032,0.24955028295516968,0.0003,0.700227677822113,1031,-2.0976474285125732,-1.0540865659713745,0.01,150.0,-16.631154319999997
8376,66112,7,1033,0.9805929660797119,0.0003,0.38051414489746094,1032,-2.0719285011291504,0.5375020503997803,0.01,150.0,-16.631154319999997
8377,66176,7,1034,0.4633592963218689,0.0003,0.6041760444641113,1033,-2.062058925628662,0.9089924097061157,0.01,150.0,-16.631154319999997
8378,66240,7,1035,0.13882547616958618,0.0003,1.6066406965255737,1034,-2.0651469230651855,-0.48125287890434265,0.01,150.0,-16.631154319999997
8379,66304,7,1036,0.5365121364593506,0.0003,0.617067813873291,1035,-2.0793511867523193,0.0336233451962471,0.01,150.0,-16.631154319999997
8379,66368,7,1037,0.5969829559326172,0.0003,1.039676547050476,1036,-2.0958197116851807,-1.7102513313293457,0.01,150.0,-16.631154319999997
8380,66432,7,1038,-0.5527219772338867,0.0003,0.260580450296402,1037,-2.102865695953369,-0.6739082932472229,0.01,150.0,-16.631154319999997
8381,66496,7,1039,-1.8030800819396973,0.0003,0.27284836769104004,1038,-2.1154446601867676,-0.9597191214561462,0.01,150.0,-16.631154319999997
8382,66560,7,1040,0.08565229177474976,0.0003,1.0957775115966797,1039,-2.1122732162475586,-1.8728079795837402,0.01,150.0,-16.631154319999997
8383,66624,7,1041,0.0712352991104126,0.0003,1.1457170248031616,1040,-2.118572235107422,-1.8116716146469116,0.0,150.0,-16.872772899999994
8384,66688,7,1042,0.9463252425193787,0.0003,1.1161267757415771,1041,-2.102964162826538,0.0838317722082138,0.0,150.0,-16.872772899999994
8386,66752,7,1043,0.0867728590965271,0.0003,2.80185866355896,1042,-2.0763509273529053,-2.945819139480591,0.0,150.0,-16.872772899999994
8387,66816,7,1044,-0.17700517177581787,0.0003,0.8672086000442505,1043,-2.080627918243408,-0.9854997396469116,0.0,150.0,-16.872772899999994
8388,66880,7,1045,0.15550225973129272,0.0003,1.2688815593719482,1044,-2.0865464210510254,0.47411954402923584,0.0,150.0,-16.872772899999994
8389,66944,7,1046,0.4928256869316101,0.0003,0.24419990181922913,1045,-2.0940632820129395,-0.04172717034816742,0.0,150.0,-16.872772899999994
8390,67008,7,1047,0.1803823709487915,0.0003,0.4879210293292999,1046,-2.0841312408447266,-1.0582566261291504,0.0,150.0,-16.872772899999994
8392,67072,7,1048,0.11306935548782349,0.0003,0.9204915761947632,1047,-2.0948753356933594,-1.5117919445037842,0.0,150.0,-16.872772899999994
8393,67136,7,1049,0.016623854637145996,0.0003,1.4306504726409912,1048,-2.0961287021636963,-2.1972084045410156,0.0,150.0,-16.872772899999994
8394,67200,8,1050,0.013902127742767334,0.0003,1.1083871126174927,1049,-2.104382276535034,-1.6580758094787598,0.0,150.0,-17.14246743
8395,67264,8,1051,0.017163217067718506,0.0003,0.8865183591842651,1050,-2.109220266342163,-1.5202407836914062,0.0,150.0,-17.14246743
8396,67328,8,1052,0.7183654308319092,0.0003,0.4960804879665375,1051,-2.059403419494629,-0.37398773431777954,0.0,150.0,-17.14246743
8398,67392,8,1053,0.8559926748275757,0.0003,0.40774476528167725,1052,-2.0650601387023926,-0.30267494916915894,0.0,150.0,-17.14246743
8399,67456,8,1054,0.5400737524032593,0.0003,10.778350830078125,1053,-2.0773887634277344,2.9138450622558594,0.0,150.0,-17.14246743
8400,67520,8,1055,0.9512081742286682,0.0003,0.5936245918273926,1054,-2.080030918121338,0.6632929444313049,0.0,150.0,-17.14246743
8402,67584,8,1056,0.8773389458656311,0.0003,1.951183557510376,1055,-2.087869167327881,0.31476664543151855,0.0,150.0,-17.14246743
8403,67648,8,1057,0.9223296642303467,0.0003,1.5668123960494995,1056,-2.0964949131011963,1.1775121688842773,0.0,150.0,-17.14246743
8405,67712,8,1058,0.9543903470039368,0.0003,0.9816027879714966,1057,-2.1012916564941406,1.0352919101715088,0.0,150.0,-17.14246743
8406,67776,8,1059,0.9403510093688965,0.0003,1.463446855545044,1058,-2.1093530654907227,-2.00870418548584,0.0,150.0,-17.14246743
8407,67840,8,1060,0.9276746511459351,0.0003,0.6984551548957825,1059,-2.1114213466644287,-1.1611851453781128,0.01,150.0,-17.166596229999996
8408,67904,8,1061,0.8289573788642883,0.0003,3.0581717491149902,1060,-2.0827322006225586,0.9611960649490356,0.01,150.0,-17.166596229999996
8409,67968,8,1062,0.8312780857086182,0.0003,0.5313748717308044,1061,-2.059823989868164,-0.0641767680644989,0.01,150.0,-17.166596229999996
8411,68032,8,1063,0.8900786638259888,0.0003,0.7776340842247009,1062,-2.075657844543457,-1.3730180263519287,0.01,150.0,-17.166596229999996
8412,68096,8,1064,0.632857620716095,0.0003,0.5753465294837952,1063,-2.0835416316986084,0.1845836639404297,0.01,150.0,-17.166596229999996
8413,68160,8,1065,0.7838409543037415,0.0003,0.25563859939575195,1064,-2.1062893867492676,-0.14780694246292114,0.01,150.0,-17.166596229999996
8414,68224,8,1066,0.44954854249954224,0.0003,0.7529040575027466,1065,-2.1218152046203613,-1.0476164817810059,0.01,150.0,-17.166596229999996
8415,68288,8,1067,0.01403796672821045,0.0003,1.7730417251586914,1066,-2.130686044692993,-0.23752154409885406,0.01,150.0,-17.166596229999996
8416,68352,8,1068,0.06934815645217896,0.0003,1.9138121604919434,1067,-2.1507208347320557,-0.9958515167236328,0.01,150.0,-17.166596229999996
8417,68416,8,1069,0.02076631784439087,0.0003,3.525575637817383,1068,-2.153989315032959,-0.6482819318771362,0.01,150.0,-17.14495003
8419,68480,8,1070,0.9440494775772095,0.0003,0.7952892780303955,1069,-2.145294427871704,-0.554198145866394,0.01,150.0,-17.14495003
8420,68544,8,1071,0.46940845251083374,0.0003,1.9148890972137451,1070,-2.11454439163208,-2.1933276653289795,0.01,150.0,-17.14495003
8421,68608,8,1072,0.5939071178436279,0.0003,1.9179807901382446,1071,-2.118675470352173,1.4728928804397583,0.01,150.0,-17.14495003
8419,68672,8,1073,0.8510879278182983,0.0003,0.5909199118614197,1072,-2.1180543899536133,1.0261480808258057,0.01,150.0,-17.14495003
8418,68736,8,1074,0.3037036657333374,0.0003,5.37053108215332,1073,-2.122152090072632,2.4110844135284424,0.01,150.0,-17.14495003
8417,68800,8,1075,0.3501328229904175,0.0003,0.6410723924636841,1074,-2.1218435764312744,0.19325393438339233,0.01,150.0,-17.14495003
8415,68864,8,1076,0.2477477788925171,0.0003,4.2250776290893555,1075,-2.120271682739258,1.2437494993209839,0.01,150.0,-17.14495003
8414,68928,8,1077,-0.2305445671081543,0.0003,0.3396453261375427,1076,-2.1104774475097656,-0.4594137370586395,0.01,150.0,-17.14495003
8414,68992,8,1078,-0.35130488872528076,0.0003,0.8337517380714417,1077,-2.116567611694336,-1.507439374923706,0.01,150.0,-17.14495003
8415,69056,8,1079,-0.04109477996826172,0.0003,1.3297760486602783,1078,-2.126068353652954,-1.9960591793060303,0.01,150.0,-16.95127253
8415,69120,8,1080,0.9254661798477173,0.0003,0.6571063995361328,1079,-2.105635404586792,-0.14436492323875427,0.01,150.0,-16.95127253
8416,69184,8,1081,0.8656947612762451,0.0003,0.6103716492652893,1080,-2.102881908416748,-0.9433278441429138,0.01,150.0,-16.95127253
8417,69248,8,1082,0.5793970823287964,0.0003,1.2918622493743896,1081,-2.1089751720428467,0.4489603042602539,0.01,150.0,-16.95127253
8418,69312,8,1083,0.38183754682540894,0.0003,2.5249924659729004,1082,-2.116833209991455,2.199707269668579,0.01,150.0,-16.95127253
8419,69376,8,1084,0.8628719449043274,0.0003,0.3522944748401642,1083,-2.120945453643799,0.2552519738674164,0.01,150.0,-16.95127253
8420,69440,8,1085,0.8030306100845337,0.0003,0.3980071544647217,1084,-2.1215851306915283,0.4669118821620941,0.01,150.0,-16.95127253
8421,69504,8,1086,-0.4156301021575928,0.0003,1.7453793287277222,1085,-2.1219377517700195,0.9827096462249756,0.01,150.0,-16.95127253
8422,69568,8,1087,0.17689287662506104,0.0003,0.9707874059677124,1086,-2.1174159049987793,-1.6933040618896484,0.01,150.0,-16.95127253
8423,69632,8,1088,-0.16304528713226318,0.0003,0.946561872959137,1087,-2.123382568359375,-1.7316291332244873,0.01,150.0,-16.772989329999998
8424,69696,8,1089,0.9907698631286621,0.0003,0.2471093237400055,1088,-2.106114387512207,-0.5228176712989807,0.01,150.0,-16.772989329999998
8425,69760,8,1090,0.8401264548301697,0.0003,0.19749177992343903,1089,-2.0884010791778564,-0.10041342675685883,0.01,150.0,-16.772989329999998
8426,69824,8,1091,0.37414491176605225,0.0003,1.5681521892547607,1090,-2.0883381366729736,1.528814435005188,0.01,150.0,-16.772989329999998
8425,69888,8,1092,0.2564406394958496,0.0003,2.111503839492798,1091,-2.0876622200012207,1.6855409145355225,0.01,150.0,-16.772989329999998
8426,69952,8,1093,0.6946818828582764,0.0003,1.1479296684265137,1092,-2.0904197692871094,-0.8083109259605408,0.01,150.0,-16.772989329999998
8427,70016,8,1094,0.8440418839454651,0.0003,0.3907316029071808,1093,-2.092277765274048,-0.20370759069919586,0.01,150.0,-16.772989329999998
8428,70080,8,1095,0.7232661843299866,0.0003,0.6287194490432739,1094,-2.0953876972198486,0.007471401244401932,0.01,150.0,-16.772989329999998
8429,70144,8,1096,0.8231804966926575,0.0003,0.26863667368888855,1095,-2.098834276199341,0.06468300521373749,0.01,150.0,-16.772989329999998
8430,70208,8,1097,0.09875750541687012,0.0003,2.247035264968872,1096,-2.1071507930755615,0.8309729695320129,0.01,150.0,-16.53044895
8431,70272,8,1098,0.9557847380638123,0.0003,0.4726657569408417,1097,-2.1060879230499268,-0.07874846458435059,0.01,150.0,-16.53044895
8432,70336,8,1099,0.3692999482154846,0.0003,0.6764494180679321,1098,-2.106623888015747,-1.3494338989257812,0.01,150.0,-16.53044895
8433,70400,8,1100,0.25702476501464844,0.0003,0.4186093211174011,1099,-2.108034372329712,-0.8811896443367004,0.01,150.0,-16.53044895
8434,70464,8,1101,0.4842855930328369,0.0003,0.5504905581474304,1100,-2.1121292114257812,-0.712698221206665,0.01,150.0,-16.53044895
8435,70528,8,1102,0.6027209758758545,0.0003,1.4431730508804321,1101,-2.104759693145752,0.7569975256919861,0.01,150.0,-16.53044895
8436,70592,8,1103,-0.33582496643066406,0.0003,2.617690086364746,1102,-2.107072114944458,0.7251752614974976,0.01,150.0,-16.53044895
8437,70656,8,1104,-1.0479917526245117,0.0003,2.3753950595855713,1103,-2.101727247238159,0.9207320213317871,0.01,150.0,-16.53044895
8438,70720,8,1105,0.14035117626190186,0.0003,2.1382200717926025,1104,-2.0987157821655273,1.5557875633239746,0.01,150.0,-16.53044895
8439,70784,8,1106,0.2159706950187683,0.0003,0.7746543884277344,1105,-2.0974202156066895,0.26846569776535034,0.01,150.0,-16.53044895
8439,70848,8,1107,0.08314818143844604,0.0003,4.297939777374268,1106,-2.089372396469116,1.4105913639068604,0.01,150.0,-15.979324359999998
8440,70912,8,1108,0.9487154483795166,0.0003,0.6250491142272949,1107,-2.08424711227417,-0.596348762512207,0.01,150.0,-15.979324359999998
8441,70976,8,1109,0.5829998254776001,0.0003,1.18569815158844,1108,-2.0825037956237793,0.6423321962356567,0.01,150.0,-15.979324359999998
8442,71040,8,1110,0.9018034934997559,0.0003,0.5542309284210205,1109,-2.0974998474121094,-0.9453593492507935,0.01,150.0,-15.979324359999998
8443,71104,8,1111,-0.3741304874420166,0.0003,0.6996556520462036,1110,-2.1038951873779297,-0.012243177741765976,0.01,150.0,-15.979324359999998
8443,71168,8,1112,0.8976953029632568,0.0003,0.061496611684560776,1111,-2.1132116317749023,-0.3897366523742676,0.01,150.0,-15.979324359999998
8444,71232,8,1113,0.043179452419281006,0.0003,0.2774631977081299,1112,-2.115237236022949,-0.7670897245407104,0.01,150.0,-15.979324359999998
8445,71296,8,1114,0.1180461049079895,0.0003,0.38666367530822754,1113,-2.1136674880981445,-1.0804955959320068,0.01,150.0,-15.979324359999998
8446,71360,8,1115,0.10412150621414185,0.0003,0.33923497796058655,1114,-2.1128811836242676,-0.9928560256958008,0.01,150.0,-15.979324359999998
8444,71424,8,1116,0.016967594623565674,0.0003,1.680350661277771,1115,-2.1167876720428467,-1.6705131530761719,0.01,150.0,-16.186816869999998
8443,71488,8,1117,0.9799727201461792,0.0003,0.3626475930213928,1116,-2.1093244552612305,-0.4897204041481018,0.01,150.0,-16.186816869999998
8442,71552,8,1118,0.6603707075119019,0.0003,0.5195316076278687,1117,-2.0871596336364746,0.4369150400161743,0.01,150.0,-16.186816869999998
8440,71616,8,1119,0.528873860836029,0.0003,0.6352189183235168,1118,-2.092855930328369,-0.3120248019695282,0.01,150.0,-16.186816869999998
8437,71680,8,1120,0.7699481248855591,0.0003,0.43876808881759644,1119,-2.0951013565063477,-0.3173457682132721,0.01,150.0,-16.186816869999998
8434,71744,8,1121,-0.38465452194213867,0.0003,3.9273152351379395,1120,-2.0899300575256348,2.147073268890381,0.01,150.0,-16.186816869999998
8433,71808,8,1122,-0.08296823501586914,0.0003,1.0653111934661865,1121,-2.10559344291687,0.576857328414917,0.01,150.0,-16.186816869999998
8432,71872,8,1123,0.4819294810295105,0.0003,0.9115995168685913,1122,-2.1096959114074707,0.5511891841888428,0.01,150.0,-16.186816869999998
8433,71936,8,1124,0.42660021781921387,0.0003,0.564436674118042,1123,-2.1110997200012207,0.6774610877037048,0.01,150.0,-16.186816869999998
8434,72000,8,1125,0.28946638107299805,0.0003,0.5009638071060181,1124,-2.1100146770477295,-0.8604300022125244,0.01,150.0,-15.8503378
8434,72064,8,1126,0.11035788059234619,0.0003,0.9225346446037292,1125,-2.1129822731018066,-0.6946178674697876,0.01,150.0,-15.8503378
8435,72128,8,1127,0.7169814109802246,0.0003,0.2694200277328491,1126,-2.0752551555633545,-0.5795201659202576,0.01,150.0,-15.8503378
8434,72192,8,1128,0.5287623405456543,0.0003,0.3865852952003479,1127,-2.077354669570923,-0.7186323404312134,0.01,150.0,-15.8503378
8433,72256,8,1129,0.36066514253616333,0.0003,1.728742003440857,1128,-2.074540138244629,0.7925646305084229,0.01,150.0,-15.8503378
8434,72320,8,1130,0.6335008144378662,0.0003,0.5782210826873779,1129,-2.0727744102478027,0.7707325220108032,0.01,150.0,-15.8503378
8435,72384,8,1131,-0.07531380653381348,0.0003,1.7415034770965576,1130,-2.074784755706787,0.5060119032859802,0.01,150.0,-15.8503378
8436,72448,8,1132,0.09985864162445068,0.0003,1.28602933883667,1131,-2.0855000019073486,-0.37089961767196655,0.01,150.0,-15.8503378
8437,72512,8,1133,0.19677919149398804,0.0003,0.939530074596405,1132,-2.0913498401641846,-1.4845694303512573,0.01,150.0,-15.8503378
8438,72576,8,1134,0.0727648138999939,0.0003,0.6496165990829468,1133,-2.104487895965576,-1.0280481576919556,0.01,150.0,-15.8503378
8436,72640,8,1135,0.07596945762634277,0.0003,0.29435160756111145,1134,-2.109004020690918,-0.6762886643409729,0.01,150.0,-15.95604119
8436,72704,8,1136,0.9877185225486755,0.0003,0.26272052526474,1135,-2.096121311187744,-0.7352513074874878,0.01,150.0,-15.95604119
8437,72768,8,1137,0.754625141620636,0.0003,0.8725990056991577,1136,-2.0869057178497314,-1.2392981052398682,0.01,150.0,-15.95604119
8438,72832,8,1138,0.7381033897399902,0.0003,0.6102766394615173,1137,-2.091132164001465,-0.9277027249336243,0.01,150.0,-15.95604119
8439,72896,8,1139,0.6257214546203613,0.0003,0.8682831525802612,1138,-2.093946933746338,-0.6364544630050659,0.01,150.0,-15.95604119
8440,72960,8,1140,0.24495458602905273,0.0003,5.077371120452881,1139,-2.0826473236083984,3.2081823348999023,0.01,150.0,-15.95604119
8440,73024,8,1141,0.31237733364105225,0.0003,0.715168297290802,1140,-2.0883948802948,-0.5900822281837463,0.01,150.0,-15.95604119
8441,73088,8,1142,-0.22002065181732178,0.0003,2.1268060207366943,1141,-2.08856201171875,1.7217559814453125,0.01,150.0,-15.95604119
8442,73152,8,1143,-0.10910940170288086,0.0003,0.4608948230743408,1142,-2.096436023712158,-0.07462893426418304,0.01,150.0,-15.95604119
8443,73216,8,1144,-0.23765254020690918,0.0003,0.3593580722808838,1143,-2.0737342834472656,-1.0013227462768555,0.01,150.0,-15.812791890000002
8443,73280,8,1145,0.993009090423584,0.0003,0.10508982837200165,1144,-2.0587844848632812,-0.4167971611022949,0.01,150.0,-15.812791890000002
8444,73344,8,1146,0.7350926399230957,0.0003,0.28330284357070923,1145,-2.0326333045959473,-0.4839041233062744,0.01,150.0,-15.812791890000002
8445,73408,8,1147,0.6415308713912964,0.0003,0.5155998468399048,1146,-2.0273094177246094,0.39734548330307007,0.01,150.0,-15.812791890000002
8446,73472,8,1148,0.8756998777389526,0.0003,0.13471053540706635,1147,-2.040224075317383,0.28324151039123535,0.01,150.0,-15.812791890000002
8447,73536,8,1149,-0.10411810874938965,0.0003,6.044467926025391,1148,-2.0407443046569824,4.091053009033203,0.01,150.0,-15.812791890000002
8448,73600,8,1150,-0.020615816116333008,0.0003,2.077199935913086,1149,-2.0481295585632324,0.9968147277832031,0.01,150.0,-15.812791890000002
8449,73664,8,1151,-0.06882297992706299,0.0003,0.5661271810531616,1150,-2.0534536838531494,-0.29979950189590454,0.01,150.0,-15.812791890000002
8450,73728,8,1152,0.09368693828582764,0.0003,1.3852286338806152,1151,-2.063178062438965,-1.9633524417877197,0.01,150.0,-15.812791890000002
8451,73792,8,1153,-0.007913470268249512,0.0003,1.24203622341156,1152,-2.0671424865722656,-1.8820219039916992,0.01,150.0,-15.812791890000002
8451,73856,8,1154,-0.009780406951904297,0.0003,1.3098751306533813,1153,-2.0710396766662598,-1.84035062789917,0.01,150.0,-15.84705481
8452,73920,8,1155,0.9559749364852905,0.0003,0.3682219386100769,1154,-2.0450313091278076,0.648918092250824,0.01,150.0,-15.84705481
8453,73984,8,1156,0.7212614417076111,0.0003,0.4686141610145569,1155,-2.038055896759033,0.40052923560142517,0.01,150.0,-15.84705481
8452,74048,8,1157,0.6592889428138733,0.0003,0.9114289283752441,1156,-2.0414891242980957,-0.7179263830184937,0.01,150.0,-15.84705481
8453,74112,8,1158,0.5426936149597168,0.0003,1.674419641494751,1157,-2.0351901054382324,0.14060015976428986,0.01,150.0,-15.84705481
8454,74176,8,1159,0.7500997185707092,0.0003,0.3154456913471222,1158,-2.0496575832366943,-0.3529302179813385,0.01,150.0,-15.84705481
8454,74240,8,1160,0.4776977300643921,0.0003,0.3344278335571289,1159,-2.0536673069000244,0.272687703371048,0.01,150.0,-15.84705481
8455,74304,8,1161,-0.369213342666626,0.0003,0.5012522339820862,1160,-2.059352397918701,-1.1363404989242554,0.01,150.0,-15.84705481
8455,74368,8,1162,-0.05442214012145996,0.0003,0.683430016040802,1161,-2.068452835083008,-1.3559318780899048,0.01,150.0,-15.84705481
8456,74432,8,1163,-0.026006460189819336,0.0003,0.9613488912582397,1162,-2.0827503204345703,-1.7011092901229858,0.01,150.0,-15.977014899999999
8456,74496,8,1164,0.9890016913414001,0.0003,0.24168673157691956,1163,-2.0703213214874268,-0.45502227544784546,0.01,150.0,-15.977014899999999
8457,74560,8,1165,0.804608941078186,0.0003,0.3430405557155609,1164,-2.0432958602905273,-0.19142964482307434,0.01,150.0,-15.977014899999999
8458,74624,8,1166,0.8916282653808594,0.0003,0.47721239924430847,1165,-2.0464401245117188,-1.0967583656311035,0.01,150.0,-15.977014899999999
8459,74688,8,1167,0.8938533067703247,0.0003,0.31349676847457886,1166,-2.052029609680176,-0.7232696413993835,0.01,150.0,-15.977014899999999
8460,74752,8,1168,0.18661779165267944,0.0003,6.324651718139648,1167,-2.0563931465148926,2.4451725482940674,0.01,150.0,-15.977014899999999
8461,74816,8,1169,0.8212524056434631,0.0003,0.2822771966457367,1168,-2.060577630996704,-0.11735516786575317,0.01,150.0,-15.977014899999999
8462,74880,8,1170,0.46768391132354736,0.0003,0.7762296795845032,1169,-2.0447146892547607,-1.2768787145614624,0.01,150.0,-15.977014899999999
8462,74944,8,1171,-0.19669437408447266,0.0003,0.3470548093318939,1170,-2.047553300857544,-0.9802423715591431,0.01,150.0,-15.977014899999999
8460,75008,8,1172,-0.11556804180145264,0.0003,0.4527444541454315,1171,-2.0635933876037598,-1.1460464000701904,0.01,150.0,-16.06862814
8460,75072,8,1173,0.977669358253479,0.0003,0.4313768148422241,1172,-2.064356803894043,-1.0810136795043945,0.01,150.0,-16.06862814
8461,75136,8,1174,0.7649784684181213,0.0003,1.114425778388977,1173,-2.052912950515747,-1.4639763832092285,0.01,150.0,-16.06862814
8462,75200,8,1175,0.8462902903556824,0.0003,0.602256178855896,1174,-2.0527307987213135,-0.7222253680229187,0.01,150.0,-16.06862814
8462,75264,8,1176,0.7288517951965332,0.0003,0.5163604021072388,1175,-2.055955410003662,0.5549641847610474,0.01,150.0,-16.06862814
8463,75328,8,1177,-0.26360416412353516,0.0003,2.924320697784424,1176,-2.0574655532836914,1.3443536758422852,0.01,150.0,-16.06862814
8464,75392,8,1178,0.4549843668937683,0.0003,0.39538896083831787,1177,-2.0537328720092773,0.7825526595115662,0.01,150.0,-16.06862814
8452,75456,8,1179,-0.4892536401748657,0.0003,0.5644067525863647,1178,-2.046706199645996,-1.2108631134033203,0.01,150.0,-16.06862814
8433,75520,8,1180,0.012945175170898438,0.0003,0.8933956027030945,1179,-2.049318790435791,-0.7978872656822205,0.01,150.0,-16.06862814
8424,75584,8,1181,0.06435030698776245,0.0003,0.37233448028564453,1180,-2.0703516006469727,-0.6305469274520874,0.01,150.0,-16.06862814
8421,75648,8,1182,0.03185755014419556,0.0003,0.6351929903030396,1181,-2.067744731903076,-1.0082440376281738,0.01,150.0,-16.392749000000002
8420,75712,8,1183,0.9642508029937744,0.0003,0.2952877879142761,1182,-2.0568768978118896,-0.48144999146461487,0.01,150.0,-16.392749000000002
8413,75776,9,1184,0.7256698608398438,0.0003,0.4433528780937195,1183,-2.05564022064209,-0.7009181976318359,0.01,150.0,-16.392749000000002
8411,75840,9,1185,0.5792689323425293,0.0003,3.457634449005127,1184,-2.0546188354492188,2.596466541290283,0.01,150.0,-16.392749000000002
8405,75904,9,1186,0.7186541557312012,0.0003,2.4682059288024902,1185,-2.056741237640381,1.830917239189148,0.01,150.0,-16.392749000000002
8402,75968,9,1187,0.7812053561210632,0.0003,0.6219977140426636,1186,-2.052736282348633,0.3977423906326294,0.01,150.0,-16.392749000000002
8401,76032,9,1188,0.9381621479988098,0.0003,0.11731275916099548,1187,-2.035289764404297,-0.2498733103275299,0.01,150.0,-16.392749000000002
8401,76096,9,1189,-0.2868530750274658,0.0003,0.5407117009162903,1188,-2.040998935699463,-1.166690707206726,0.01,150.0,-16.392749000000002
8401,76160,9,1190,-0.19790756702423096,0.0003,0.8228774070739746,1189,-2.034878730773926,-0.331656813621521,0.01,150.0,-16.392749000000002
8401,76224,9,1191,-0.027158737182617188,0.0003,0.4409598708152771,1190,-2.0479071140289307,-1.0108833312988281,0.01,150.0,-16.39966375
8401,76288,9,1192,0.9691498875617981,0.0003,0.22622264921665192,1191,-2.0580320358276367,-0.11763545870780945,0.01,150.0,-16.39966375
8402,76352,9,1193,0.6250553131103516,0.0003,0.9009975790977478,1192,-2.0610790252685547,1.2984272241592407,0.01,150.0,-16.39966375
8402,76416,9,1194,0.7503786087036133,0.0003,1.0268769264221191,1193,-2.0663657188415527,1.2240924835205078,0.01,150.0,-16.39966375
8403,76480,9,1195,0.46856677532196045,0.0003,1.1156786680221558,1194,-2.076993942260742,1.4043267965316772,0.01,150.0,-16.39966375
8404,76544,9,1196,0.4778394103050232,0.0003,1.3402421474456787,1195,-2.083505153656006,0.7598603963851929,0.01,150.0,-16.39966375
8404,76608,9,1197,0.9138922095298767,0.0003,0.27559325098991394,1196,-2.0835697650909424,-0.1677284687757492,0.01,150.0,-16.39966375
8405,76672,9,1198,0.8590797185897827,0.0003,0.5234154462814331,1197,-2.082690715789795,-0.2692069709300995,0.01,150.0,-16.39966375
8405,76736,9,1199,0.7536739706993103,0.0003,0.8122498393058777,1198,-2.09279465675354,-1.4584088325500488,0.01,150.0,-16.39966375
8405,76800,9,1200,0.26201343536376953,0.0003,0.6877623796463013,1199,-2.0895378589630127,-1.2315831184387207,0.01,150.0,-16.525055660000003
8404,76864,9,1201,-0.5473630428314209,0.0003,0.6380784511566162,1200,-2.0889530181884766,-1.3403897285461426,0.01,150.0,-16.525055660000003
8403,76928,9,1202,0.6759647130966187,0.0003,1.0353875160217285,1201,-2.065670967102051,1.104101300239563,0.01,150.0,-16.525055660000003
8401,76992,9,1203,0.8458166718482971,0.0003,0.5379194617271423,1202,-2.062232732772827,-0.6104544401168823,0.01,150.0,-16.525055660000003
8400,77056,9,1204,0.857742428779602,0.0003,0.7493150234222412,1203,-2.0652174949645996,-0.8481384515762329,0.01,150.0,-16.525055660000003
8399,77120,9,1205,0.9101689457893372,0.0003,0.3810006380081177,1204,-2.0650999546051025,-0.04330868273973465,0.01,150.0,-16.525055660000003
8399,77184,9,1206,0.785801887512207,0.0003,1.208814263343811,1205,-2.0646514892578125,0.41968896985054016,0.01,150.0,-16.525055660000003
8400,77248,9,1207,0.9141889810562134,0.0003,0.4406549334526062,1206,-2.0669984817504883,-0.8852939009666443,0.01,150.0,-16.525055660000003
8399,77312,9,1208,0.57136070728302,0.0003,0.7582899332046509,1207,-2.0700788497924805,-1.1684926748275757,0.01,150.0,-16.525055660000003
8397,77376,9,1209,-0.07566213607788086,0.0003,1.524477243423462,1208,-2.077240228652954,-2.0647895336151123,0.01,150.0,-16.525055660000003
8395,77440,9,1210,-0.03846538066864014,0.0003,0.8061432838439941,1209,-2.086237907409668,-1.6104412078857422,0.01,150.0,-16.7954647
8395,77504,9,1211,0.9922634363174438,0.0003,0.13917124271392822,1210,-2.075087070465088,-0.28826531767845154,0.01,150.0,-16.7954647
8395,77568,9,1212,0.299510657787323,0.0003,0.7870268821716309,1211,-2.0827739238739014,1.1535805463790894,0.01,150.0,-16.7954647
8396,77632,9,1213,-0.030769824981689453,0.0003,0.6141133308410645,1212,-2.08119535446167,0.3979632258415222,0.01,150.0,-16.7954647
8396,77696,9,1214,0.3772115111351013,0.0003,2.626720428466797,1213,-2.089425802230835,1.1602904796600342,0.01,150.0,-16.7954647
8397,77760,9,1215,0.8388990163803101,0.0003,0.17476637661457062,1214,-2.09517765045166,0.02686305344104767,0.01,150.0,-16.7954647
8397,77824,9,1216,0.48677682876586914,0.0003,2.5708019733428955,1215,-2.0959627628326416,1.1566097736358643,0.01,150.0,-16.7954647
8398,77888,9,1217,-0.00833272933959961,0.0003,0.6545808911323547,1216,-2.0965676307678223,-1.1676740646362305,0.01,150.0,-16.7954647
8398,77952,9,1218,0.16320782899856567,0.0003,1.4092260599136353,1217,-2.0928409099578857,-1.5768836736679077,0.01,150.0,-16.7954647
8398,78016,9,1219,0.14260739088058472,0.0003,0.6938508152961731,1218,-2.0910439491271973,-0.6626543402671814,0.01,150.0,-16.68296025
8399,78080,9,1220,0.9850926995277405,0.0003,0.36664700508117676,1219,-2.081674575805664,-0.7799693942070007,0.01,150.0,-16.68296025
8400,78144,9,1221,0.3077036738395691,0.0003,0.30252525210380554,1220,-2.0576512813568115,0.14883770048618317,0.01,150.0,-16.68296025
8400,78208,9,1222,0.42140328884124756,0.0003,3.420696496963501,1221,-2.058070659637451,1.1554020643234253,0.01,150.0,-16.68296025
8401,78272,9,1223,0.8479703664779663,0.0003,0.6107617616653442,1222,-2.053027868270874,0.9372036457061768,0.01,150.0,-16.68296025
8402,78336,9,1224,-0.8924328088760376,0.0003,4.795660018920898,1223,-2.052431583404541,2.4271926879882812,0.01,150.0,-16.68296025
8402,78400,9,1225,0.9111963510513306,0.0003,0.2622000575065613,1224,-2.062361478805542,0.16132216155529022,0.01,150.0,-16.68296025
8403,78464,9,1226,0.8450618386268616,0.0003,0.7436637878417969,1225,-2.0742568969726562,-0.40681833028793335,0.01,150.0,-16.68296025
8404,78528,9,1227,-0.41048669815063477,0.0003,1.956810712814331,1226,-2.071791887283325,-2.1247501373291016,0.01,150.0,-16.68296025
8404,78592,9,1228,0.20267850160598755,0.0003,1.3275630474090576,1227,-2.0735671520233154,-2.140781879425049,0.01,150.0,-16.68296025
8405,78656,9,1229,0.054781317710876465,0.0003,1.4772429466247559,1228,-2.0746846199035645,-2.0973474979400635,0.01,150.0,-16.62713933
8405,78720,9,1230,0.9775323867797852,0.0003,0.5557934641838074,1229,-2.069141149520874,-1.152876615524292,0.01,150.0,-16.62713933
8406,78784,9,1231,0.7813007235527039,0.0003,0.2912307381629944,1230,-2.0699548721313477,0.23578308522701263,0.01,150.0,-16.62713933
8407,78848,9,1232,0.7553486824035645,0.0003,0.7212879657745361,1231,-2.077115058898926,-0.7428362965583801,0.01,150.0,-16.62713933
8407,78912,9,1233,0.8140045404434204,0.0003,0.45847052335739136,1232,-2.0796542167663574,-0.9891837239265442,0.01,150.0,-16.62713933
8407,78976,9,1234,-0.5838971138000488,0.0003,6.048213958740234,1233,-2.079407215118408,3.652312755584717,0.01,150.0,-16.62713933
8408,79040,9,1235,0.08308082818984985,0.0003,1.5974795818328857,1234,-2.0693130493164062,1.4715502262115479,0.01,150.0,-16.62713933
8406,79104,9,1236,0.3441338539123535,0.0003,0.3383728265762329,1235,-2.072342872619629,-0.5929772853851318,0.01,150.0,-16.62713933
8405,79168,9,1237,-0.0477910041809082,0.0003,0.3395520746707916,1236,-2.075404644012451,-0.6491689682006836,0.01,150.0,-16.62713933
8405,79232,9,1238,-0.0017838478088378906,0.0003,2.3276495933532715,1237,-2.073801040649414,1.4989982843399048,0.01,150.0,-16.214341200000003
8406,79296,9,1239,0.9847081899642944,0.0003,0.23869460821151733,1238,-2.0819954872131348,-0.018265657126903534,0.01,150.0,-16.214341200000003
8406,79360,9,1240,0.701723039150238,0.0003,0.41125327348709106,1239,-2.0761568546295166,-0.04650384187698364,0.01,150.0,-16.214341200000003
8407,79424,9,1241,0.14389902353286743,0.0003,1.8729301691055298,1240,-2.072312831878662,-0.7887195348739624,0.01,150.0,-16.214341200000003
8407,79488,9,1242,0.5423640608787537,0.0003,0.7860268354415894,1241,-2.073786973953247,-1.1290194988250732,0.01,150.0,-16.214341200000003
8408,79552,9,1243,0.11682546138763428,0.0003,0.7853891849517822,1242,-2.07293701171875,0.18254877626895905,0.01,150.0,-16.214341200000003
8408,79616,9,1244,-0.033447980880737305,0.0003,0.6772535443305969,1243,-2.066046953201294,-0.3157253563404083,0.01,150.0,-16.214341200000003
8409,79680,9,1245,0.16626638174057007,0.0003,0.3154255747795105,1244,-2.0895235538482666,-0.545738935470581,0.01,150.0,-16.214341200000003
8409,79744,9,1246,0.042615652084350586,0.0003,1.7461302280426025,1245,-2.0980312824249268,-1.8812566995620728,0.01,150.0,-16.214341200000003
8409,79808,9,1247,0.029702961444854736,0.0003,1.4788429737091064,1246,-2.1104869842529297,-1.8127267360687256,0.01,150.0,-16.551026970000006
8410,79872,9,1248,0.9622112512588501,0.0003,0.5138351917266846,1247,-2.0993223190307617,-0.9775744676589966,0.01,150.0,-16.551026970000006
8410,79936,9,1249,0.40528714656829834,0.0003,1.8986973762512207,1248,-2.059877634048462,-1.7281194925308228,0.01,150.0,-16.551026970000006
8411,80000,9,1250,0.6301538944244385,0.0003,1.5600738525390625,1249,-2.0547046661376953,0.20219576358795166,0.01,150.0,-16.551026970000006
8412,80064,9,1251,0.866382896900177,0.0003,0.3349149823188782,1250,-2.059943199157715,-0.5392735004425049,0.01,150.0,-16.551026970000006
8413,80128,9,1252,0.6568684577941895,0.0003,0.5211004614830017,1251,-2.0667004585266113,0.5288750529289246,0.01,150.0,-16.551026970000006
8413,80192,9,1253,-0.1783691644668579,0.0003,2.835724353790283,1252,-2.082826614379883,1.9819269180297852,0.01,150.0,-16.551026970000006
8414,80256,9,1254,-0.027310729026794434,0.0003,4.608851432800293,1253,-2.0913586616516113,2.513658046722412,0.01,150.0,-16.551026970000006
8415,80320,9,1255,-0.04637730121612549,0.0003,0.5953789353370667,1254,-2.1064999103546143,-1.433952808380127,0.01,150.0,-16.551026970000006
8416,80384,9,1256,-0.04402053356170654,0.0003,0.5786474943161011,1255,-2.107555389404297,-1.2727839946746826,0.01,150.0,-16.551026970000006
8417,80448,9,1257,-0.01536405086517334,0.0003,0.85415118932724,1256,-2.0986647605895996,-1.4410127401351929,0.01,150.0,-16.860808840000004
8417,80512,9,1258,0.9862794876098633,0.0003,0.1797894686460495,1257,-2.0843443870544434,0.3268979489803314,0.01,150.0,-16.860808840000004
8418,80576,9,1259,0.4559635519981384,0.0003,2.354546070098877,1258,-2.0787134170532227,1.1416761875152588,0.01,150.0,-16.860808840000004
8419,80640,9,1260,0.654549241065979,0.0003,1.086357593536377,1259,-2.0864694118499756,0.011904820799827576,0.01,150.0,-16.860808840000004
8420,80704,9,1261,0.8531281352043152,0.0003,0.330850750207901,1260,-2.0991768836975098,-0.05375055968761444,0.01,150.0,-16.860808840000004
8421,80768,9,1262,0.6566967964172363,0.0003,0.634066641330719,1261,-2.1030914783477783,0.7770774364471436,0.01,150.0,-16.860808840000004
8421,80832,9,1263,0.8385306000709534,0.0003,0.09785483777523041,1262,-2.107234239578247,-0.2593459188938141,0.01,150.0,-16.860808840000004
8422,80896,9,1264,0.48927050828933716,0.0003,0.9101085662841797,1263,-2.106955051422119,0.5424192547798157,0.01,150.0,-16.860808840000004
8422,80960,9,1265,0.3283669948577881,0.0003,0.5752139687538147,1264,-2.1013317108154297,-0.7187926769256592,0.01,150.0,-16.860808840000004
8423,81024,9,1266,-0.980636477470398,0.0003,0.33258485794067383,1265,-2.1057937145233154,-0.9462103247642517,0.01,150.0,-16.9254794
8424,81088,9,1267,0.9904984831809998,0.0003,0.17296257615089417,1266,-2.095630407333374,0.10425026714801788,0.01,150.0,-16.9254794
8424,81152,9,1268,0.4366337060928345,0.0003,0.8640263080596924,1267,-2.0679380893707275,-1.210082769393921,0.01,150.0,-16.9254794
8425,81216,9,1269,0.6430057287216187,0.0003,0.8006489872932434,1268,-2.0654046535491943,-0.10255938023328781,0.01,150.0,-16.9254794
8426,81280,9,1270,0.7635326385498047,0.0003,0.38821345567703247,1269,-2.0589330196380615,0.1276625394821167,0.01,150.0,-16.9254794
8427,81344,9,1271,0.2887795567512512,0.0003,1.2425025701522827,1270,-2.0731279850006104,0.639641284942627,0.01,150.0,-16.9254794
8428,81408,9,1272,-0.019985675811767578,0.0003,0.3024241328239441,1271,-2.076580762863159,-0.05021735653281212,0.01,150.0,-16.9254794
8429,81472,9,1273,-0.9044094085693359,0.0003,0.1699516475200653,1272,-2.0675013065338135,-0.4663538932800293,0.01,150.0,-16.9254794
8429,81536,9,1274,0.034408509731292725,0.0003,0.27227526903152466,1273,-2.0724198818206787,-0.9260542392730713,0.01,150.0,-16.9254794
8430,81600,9,1275,0.14877116680145264,0.0003,0.27188268303871155,1274,-2.071876287460327,-0.8176228404045105,0.01,150.0,-16.99332288
8430,81664,9,1276,-0.035091280937194824,0.0003,0.4432357847690582,1275,-2.079150676727295,-1.001136064529419,0.01,150.0,-16.99332288
8431,81728,9,1277,0.7787216901779175,0.0003,0.3602405786514282,1276,-2.0695695877075195,-0.5931593179702759,0.01,150.0,-16.99332288
8432,81792,9,1278,0.6693178415298462,0.0003,0.783981204032898,1277,-2.066603899002075,-0.17972856760025024,0.01,150.0,-16.99332288
8432,81856,9,1279,0.6556316614151001,0.0003,1.2200250625610352,1278,-2.0596864223480225,1.3377563953399658,0.01,150.0,-16.99332288
8433,81920,9,1280,0.7574477195739746,0.0003,0.810071587562561,1279,-2.0547971725463867,-0.137461319565773,0.01,150.0,-16.99332288
8434,81984,9,1281,0.6765248775482178,0.0003,1.1548089981079102,1280,-2.054682731628418,1.2853381633758545,0.01,150.0,-16.99332288
8435,82048,9,1282,0.34799814224243164,0.0003,2.244267702102661,1281,-2.0538887977600098,0.8812193870544434,0.01,150.0,-16.99332288
8436,82112,9,1283,0.229866623878479,0.0003,1.342646598815918,1282,-2.0672664642333984,0.24731072783470154,0.01,150.0,-16.99332288
8436,82176,9,1284,0.05489826202392578,0.0003,1.5147395133972168,1283,-2.061777114868164,-0.3979758024215698,0.01,150.0,-16.99332288
8436,82240,9,1285,-0.0001665353775024414,0.0003,1.3031736612319946,1284,-2.0653388500213623,-0.6254268884658813,0.01,150.0,-16.72025103
8437,82304,9,1286,0.9928692579269409,0.0003,0.14447355270385742,1285,-2.0684115886688232,-0.24905385076999664,0.01,150.0,-16.72025103
8437,82368,9,1287,0.6905124187469482,0.0003,0.43826931715011597,1286,-2.074948310852051,0.7484025359153748,0.01,150.0,-16.72025103
8438,82432,9,1288,0.08663707971572876,0.0003,3.0696306228637695,1287,-2.076047897338867,1.9669487476348877,0.01,150.0,-16.72025103
8439,82496,9,1289,0.6251082420349121,0.0003,1.9274709224700928,1288,-2.079517364501953,1.055455207824707,0.01,150.0,-16.72025103
8440,82560,9,1290,0.5399641990661621,0.0003,2.227384090423584,1289,-2.091838836669922,1.320677399635315,0.01,150.0,-16.72025103
8441,82624,9,1291,0.5315417647361755,0.0003,1.324347972869873,1290,-2.0954573154449463,-0.4277772307395935,0.01,150.0,-16.72025103
8442,82688,9,1292,0.16450083255767822,0.0003,1.3092060089111328,1291,-2.106174945831299,-1.8484326601028442,0.01,150.0,-16.72025103
8442,82752,9,1293,0.004354357719421387,0.0003,1.4921338558197021,1292,-2.104564666748047,-1.7406952381134033,0.01,150.0,-16.72025103
8443,82816,9,1294,0.045610129833221436,0.0003,0.9742099642753601,1293,-2.1126673221588135,-1.5312918424606323,0.0,150.0,-16.905436949999995
8444,82880,9,1295,0.9913985133171082,0.0003,0.44217127561569214,1294,-2.1115152835845947,-1.0529603958129883,0.0,150.0,-16.905436949999995
8444,82944,9,1296,0.47675132751464844,0.0003,0.2780044972896576,1295,-2.0978949069976807,-0.703665018081665,0.0,150.0,-16.905436949999995
8445,83008,9,1297,0.5733864307403564,0.0003,0.7555088400840759,1296,-2.104231595993042,-0.7068202495574951,0.0,150.0,-16.905436949999995
8446,83072,9,1298,0.928488552570343,0.0003,0.20633724331855774,1297,-2.106204032897949,-0.5497079491615295,0.0,150.0,-16.905436949999995
8447,83136,9,1299,0.9172790050506592,0.0003,0.13262075185775757,1298,-2.1049046516418457,0.13408811390399933,0.0,150.0,-16.905436949999995
8447,83200,9,1300,0.46120160818099976,0.0003,3.07841157913208,1299,-2.099432945251465,1.468095064163208,0.0,150.0,-16.905436949999995
8448,83264,9,1301,0.19376647472381592,0.0003,1.4144794940948486,1300,-2.0978283882141113,1.099111795425415,0.0,150.0,-16.905436949999995
8449,83328,9,1302,-2.402926206588745,0.0003,0.500247061252594,1301,-2.0990233421325684,-0.6353678703308105,0.0,150.0,-16.905436949999995
8450,83392,9,1303,0.22660130262374878,0.0003,0.5985972881317139,1302,-2.1051888465881348,-0.9705570340156555,0.0,150.0,-16.905436949999995
8450,83456,9,1304,0.1942501664161682,0.0003,0.5003204345703125,1303,-2.1057825088500977,-0.8331230878829956,0.0,150.0,-16.84236099
8451,83520,9,1305,0.9607669711112976,0.0003,0.4160662293434143,1304,-2.0962491035461426,-0.8180637359619141,0.0,150.0,-16.84236099
8452,83584,9,1306,0.6911039352416992,0.0003,2.643498659133911,1305,-2.094449996948242,1.1493470668792725,0.0,150.0,-16.84236099
8453,83648,9,1307,0.8235259056091309,0.0003,0.847831666469574,1306,-2.1005654335021973,-0.45303240418434143,0.0,150.0,-16.84236099
8454,83712,9,1308,0.6573249697685242,0.0003,3.544125556945801,1307,-2.1076407432556152,1.1374964714050293,0.0,150.0,-16.84236099
8454,83776,9,1309,0.6492887735366821,0.0003,0.9586544036865234,1308,-2.114027738571167,0.6366997957229614,0.0,150.0,-16.84236099
8455,83840,9,1310,0.623785138130188,0.0003,0.6476339101791382,1309,-2.1231179237365723,-0.11661313474178314,0.0,150.0,-16.84236099
8456,83904,9,1311,-0.05686664581298828,0.0003,0.8291662931442261,1310,-2.128199338912964,0.2172018587589264,0.0,150.0,-16.84236099
8457,83968,9,1312,0.3655889630317688,0.0003,1.4333853721618652,1311,-2.127758264541626,-0.2348698228597641,0.0,150.0,-16.84236099
8457,84032,9,1313,0.5548782348632812,0.0003,0.4427095353603363,1312,-2.125687599182129,-0.5825916528701782,0.0,150.0,-17.005000610000003
8458,84096,9,1314,0.9890618324279785,0.0003,0.22227299213409424,1313,-2.1109304428100586,0.004651196300983429,0.0,150.0,-17.005000610000003
8459,84160,9,1315,0.30657660961151123,0.0003,1.8321640491485596,1314,-2.0924477577209473,1.622748851776123,0.0,150.0,-17.005000610000003
8460,84224,9,1316,0.30811774730682373,0.0003,0.9712704420089722,1315,-2.0972328186035156,0.3984770178794861,0.0,150.0,-17.005000610000003
8461,84288,9,1317,0.3687525987625122,0.0003,0.6787370443344116,1316,-2.1079626083374023,-0.13720299303531647,0.0,150.0,-17.005000610000003
8461,84352,9,1318,0.9008051156997681,0.0003,0.27380383014678955,1317,-2.1228342056274414,-0.6950784921646118,0.0,150.0,-17.005000610000003
8462,84416,9,1319,0.9315861463546753,0.0003,0.22248567640781403,1318,-2.124872922897339,-0.5568851828575134,0.0,150.0,-17.005000610000003
8463,84480,9,1320,0.7547544240951538,0.0003,0.33023306727409363,1319,-2.119805335998535,-0.8153155446052551,0.0,150.0,-17.005000610000003
8463,84544,9,1321,0.5646651983261108,0.0003,0.2507518529891968,1320,-2.1170504093170166,-0.28350409865379333,0.0,150.0,-17.005000610000003
8464,84608,9,1322,0.30086368322372437,0.0003,0.3502371907234192,1321,-2.11079740524292,-0.701503336429596,0.0,150.0,-16.96347091
8464,84672,10,1323,0.9880460500717163,0.0003,0.1937798410654068,1322,-2.1112074851989746,-0.48602500557899475,0.0,150.0,-16.96347091
8465,84736,10,1324,0.8492132425308228,0.0003,0.5307188630104065,1323,-2.0973281860351562,-1.2024955749511719,0.0,150.0,-16.96347091
8466,84800,10,1325,0.677209734916687,0.0003,1.702807068824768,1324,-2.099414825439453,-0.1259387731552124,0.0,150.0,-16.96347091
8466,84864,10,1326,0.2229444980621338,0.0003,2.3327219486236572,1325,-2.108593702316284,0.5429610013961792,0.0,150.0,-16.96347091
8467,84928,10,1327,-0.7645262479782104,0.0003,1.6357451677322388,1326,-2.1088993549346924,-0.7541226744651794,0.0,150.0,-16.96347091
8468,84992,10,1328,0.5766937732696533,0.0003,0.298214852809906,1327,-2.119863510131836,-0.4306042790412903,0.0,150.0,-16.96347091
8469,85056,10,1329,0.11519074440002441,0.0003,0.4241703152656555,1328,-2.12111234664917,-0.45386892557144165,0.0,150.0,-16.96347091
8469,85120,10,1330,0.0361403226852417,0.0003,1.097585916519165,1329,-2.113827705383301,0.4371749758720398,0.0,150.0,-16.96347091
8470,85184,10,1331,0.1282486915588379,0.0003,0.23813386261463165,1330,-2.128713369369507,-0.15517041087150574,0.0,150.0,-16.96347091
8471,85248,10,1332,0.05774897336959839,0.0003,0.20857968926429749,1331,-2.123694658279419,-0.6027836799621582,0.0,150.0,-17.267828039999998
8472,85312,10,1333,0.9726150035858154,0.0003,0.33480075001716614,1332,-2.094883918762207,-0.16663695871829987,0.0,150.0,-17.267828039999998
8472,85376,10,1334,0.6850541830062866,0.0003,0.20334212481975555,1333,-2.086214780807495,-0.060903601348400116,0.0,150.0,-17.267828039999998
8473,85440,10,1335,0.4625282883644104,0.0003,1.521862506866455,1334,-2.093358039855957,-0.12229767441749573,0.0,150.0,-17.267828039999998
8474,85504,10,1336,0.853882372379303,0.0003,0.7097095251083374,1335,-2.0993692874908447,-1.382545828819275,0.0,150.0,-17.267828039999998
8475,85568,10,1337,0.0651196837425232,0.0003,1.1989820003509521,1336,-2.101053476333618,1.2820782661437988,0.0,150.0,-17.267828039999998
8476,85632,10,1338,0.271872878074646,0.0003,3.3554253578186035,1337,-2.107330799102783,0.9185799360275269,0.0,150.0,-17.267828039999998
8476,85696,10,1339,0.21826308965682983,0.0003,2.161236524581909,1338,-2.115196943283081,-0.5680930614471436,0.0,150.0,-17.267828039999998
8477,85760,10,1340,0.17745143175125122,0.0003,2.165001630783081,1339,-2.114245891571045,-0.8615994453430176,0.0,150.0,-17.267828039999998
8476,85824,10,1341,0.2556998133659363,0.0003,1.2278939485549927,1340,-2.1170592308044434,-1.9772934913635254,0.0,150.0,-17.79673272
8477,85888,10,1342,0.9733348488807678,0.0003,0.5340381264686584,1341,-2.1076173782348633,-0.3763044476509094,0.0,150.0,-17.79673272
8478,85952,10,1343,0.6666994094848633,0.0003,0.6210916042327881,1342,-2.1011710166931152,0.3367338180541992,0.0,150.0,-17.79673272
8478,86016,10,1344,0.6459165811538696,0.0003,1.5439307689666748,1343,-2.096562623977661,1.4917490482330322,0.0,150.0,-17.79673272
8479,86080,10,1345,0.5820963382720947,0.0003,3.070042133331299,1344,-2.095367193222046,2.4448904991149902,0.0,150.0,-17.79673272
8480,86144,10,1346,0.8283970952033997,0.0003,0.2322482168674469,1345,-2.0918612480163574,-0.47865918278694153,0.0,150.0,-17.79673272
8481,86208,10,1347,-0.30901074409484863,0.0003,2.468162775039673,1346,-2.0848753452301025,1.1537026166915894,0.0,150.0,-17.79673272
8481,86272,10,1348,0.31836700439453125,0.0003,2.712491750717163,1347,-2.0869157314300537,-0.48309969902038574,0.0,150.0,-17.79673272
8482,86336,10,1349,0.644355058670044,0.0003,0.8387735486030579,1348,-2.0863773822784424,-0.8676193356513977,0.0,150.0,-17.79673272
8483,86400,10,1350,0.3334009051322937,0.0003,0.4547097086906433,1349,-2.09128999710083,-1.1156977415084839,0.0,150.0,-17.42609713
8484,86464,10,1351,-0.5125190019607544,0.0003,0.7656159400939941,1350,-2.0929861068725586,-1.5991798639297485,0.0,150.0,-17.42609713
8484,86528,10,1352,0.8773266673088074,0.0003,0.2787945568561554,1351,-2.079070568084717,-0.012912444770336151,0.0,150.0,-17.42609713
8485,86592,10,1353,0.7573343515396118,0.0003,0.5286752581596375,1352,-2.089729070663452,0.5620477795600891,0.0,150.0,-17.42609713
8486,86656,10,1354,0.6685702800750732,0.0003,1.2221903800964355,1353,-2.091747283935547,-0.30268678069114685,0.0,150.0,-17.42609713
8487,86720,10,1355,0.8442713618278503,0.0003,0.8802655339241028,1354,-2.093348741531372,-0.7223671078681946,0.0,150.0,-17.42609713
8487,86784,10,1356,0.44018131494522095,0.0003,0.5983888506889343,1355,-2.107220411300659,0.3297162652015686,0.0,150.0,-17.42609713
8488,86848,10,1357,0.6755630970001221,0.0003,0.8014007806777954,1356,-2.106726884841919,-0.34781351685523987,0.0,150.0,-17.42609713
8489,86912,10,1358,0.545635461807251,0.0003,1.3968101739883423,1357,-2.1097660064697266,-0.5952245593070984,0.0,150.0,-17.42609713
8490,86976,10,1359,0.6234204769134521,0.0003,0.48996055126190186,1358,-2.122732639312744,-0.7022297382354736,0.0,150.0,-17.42609713
8490,87040,10,1360,0.1877400279045105,0.0003,1.2363560199737549,1359,-2.124723434448242,0.6534590721130371,0.0,150.0,-17.59789959
8491,87104,10,1361,0.9561982154846191,0.0003,0.9304381608963013,1360,-2.1135387420654297,0.13424205780029297,0.0,150.0,-17.59789959
8492,87168,10,1362,0.8195417523384094,0.0003,1.4536428451538086,1361,-2.103559732437134,-0.2989707589149475,0.0,150.0,-17.59789959
8493,87232,10,1363,0.834202766418457,0.0003,3.6334569454193115,1362,-2.0928354263305664,1.6664870977401733,0.0,150.0,-17.59789959
8494,87296,10,1364,0.8549723029136658,0.0003,1.4637503623962402,1363,-2.0959267616271973,0.49112609028816223,0.0,150.0,-17.59789959
8494,87360,10,1365,0.9001909494400024,0.0003,2.0288782119750977,1364,-2.0983176231384277,0.374340683221817,0.0,150.0,-17.59789959
8495,87424,10,1366,0.9334270358085632,0.0003,0.9009100198745728,1365,-2.0993804931640625,-0.6454976201057434,0.0,150.0,-17.59789959
8496,87488,10,1367,0.8984055519104004,0.0003,0.6274641752243042,1366,-2.103787422180176,0.2674168348312378,0.0,150.0,-17.59789959
8496,87552,10,1368,0.793401837348938,0.0003,0.8852072954177856,1367,-2.088654041290283,-1.5183477401733398,0.0,150.0,-17.59789959
8496,87616,10,1369,0.12650054693222046,0.0003,0.32500338554382324,1368,-2.0940380096435547,-0.5803545117378235,0.0,150.0,-17.336555970000003
8497,87680,10,1370,0.9777390956878662,0.0003,0.4626222550868988,1369,-2.090508460998535,-0.4632304608821869,0.0,150.0,-17.336555970000003
8497,87744,10,1371,0.669838547706604,0.0003,1.5730829238891602,1370,-2.0682520866394043,-1.6036614179611206,0.0,150.0,-17.336555970000003
8498,87808,10,1372,0.6263297200202942,0.0003,2.169678211212158,1371,-2.0689215660095215,1.2060236930847168,0.0,150.0,-17.336555970000003
8499,87872,10,1373,0.9252533316612244,0.0003,0.363129198551178,1372,-2.0695056915283203,-0.3578110337257385,0.0,150.0,-17.336555970000003
8499,87936,10,1374,0.8811533451080322,0.0003,0.7219110727310181,1373,-2.0693764686584473,0.8636759519577026,0.0,150.0,-17.336555970000003
8500,88000,10,1375,0.3821221590042114,0.0003,1.9292993545532227,1374,-2.071442127227783,0.9177225828170776,0.0,150.0,-17.336555970000003
8501,88064,10,1376,0.5462946891784668,0.0003,3.4682652950286865,1375,-2.060026168823242,0.5947332382202148,0.0,150.0,-17.336555970000003
8501,88128,10,1377,0.5797852277755737,0.0003,2.0423812866210938,1376,-2.059988498687744,-1.7527987957000732,0.0,150.0,-17.336555970000003
8501,88192,10,1378,0.1815398931503296,0.0003,2.1544783115386963,1377,-2.0595180988311768,-1.9421316385269165,0.0,150.0,-17.336555970000003
8500,88256,10,1379,0.03513592481613159,0.0003,2.07554030418396,1378,-2.0627832412719727,-1.6069567203521729,0.0,150.0,-17.2888223
8500,88320,10,1380,0.8809105157852173,0.0003,1.7595398426055908,1379,-2.0614802837371826,0.65720534324646,0.0,150.0,-17.2888223
8501,88384,10,1381,0.7616187930107117,0.0003,0.6666150093078613,1380,-2.0614235401153564,-0.01225261390209198,0.0,150.0,-17.2888223
8501,88448,10,1382,0.675299882888794,0.0003,1.3796522617340088,1381,-2.0653271675109863,0.9912775158882141,0.0,150.0,-17.2888223
8501,88512,10,1383,0.8853488564491272,0.0003,0.8423839807510376,1382,-2.068272352218628,0.6144470572471619,0.0,150.0,-17.2888223
8501,88576,10,1384,0.9703714847564697,0.0003,0.26844924688339233,1383,-2.0749502182006836,-0.5472116470336914,0.0,150.0,-17.2888223
8502,88640,10,1385,0.3961464762687683,0.0003,9.021234512329102,1384,-2.070744276046753,3.0045406818389893,0.0,150.0,-17.2888223
8502,88704,10,1386,0.9724009037017822,0.0003,0.38345012068748474,1385,-2.0641746520996094,-0.6919873952865601,0.0,150.0,-17.2888223
8502,88768,10,1387,0.9532560110092163,0.0003,0.825812816619873,1386,-2.064793109893799,-1.2739893198013306,0.0,150.0,-17.2888223
8502,88832,10,1388,0.9586223363876343,0.0003,0.8703649640083313,1387,-2.0746402740478516,-1.588083267211914,0.0,150.0,-17.02122594
8502,88896,10,1389,0.991730809211731,0.0003,0.19968737661838531,1388,-2.0694687366485596,-0.025481384247541428,0.0,150.0,-17.02122594
8502,88960,10,1390,0.8490656614303589,0.0003,0.60552978515625,1389,-2.0670924186706543,-1.0221319198608398,0.0,150.0,-17.02122594
8502,89024,10,1391,0.815509021282196,0.0003,0.9541312456130981,1390,-2.065375566482544,0.3210071325302124,0.0,150.0,-17.02122594
8502,89088,10,1392,0.8622990846633911,0.0003,0.6670085787773132,1391,-2.0566205978393555,1.026710033416748,0.0,150.0,-17.02122594
8503,89152,10,1393,0.6124135851860046,0.0003,4.406939506530762,1392,-2.0614266395568848,1.4235360622406006,0.0,150.0,-17.02122594
8503,89216,10,1394,0.8457159996032715,0.0003,0.8856207132339478,1393,-2.0707390308380127,-0.3785953223705292,0.0,150.0,-17.02122594
8503,89280,10,1395,0.5672515630722046,0.0003,1.2058157920837402,1394,-2.0547690391540527,0.6824301481246948,0.0,150.0,-17.02122594
8503,89344,10,1396,0.8073280453681946,0.0003,0.794786810874939,1395,-2.059764862060547,-0.9082345962524414,0.0,150.0,-17.02122594
8503,89408,10,1397,0.7535287737846375,0.0003,1.0249319076538086,1396,-2.06630802154541,-1.4579384326934814,0.0,150.0,-16.730532840000002
8503,89472,10,1398,0.9661911129951477,0.0003,0.6215733885765076,1397,-2.0732338428497314,-0.4606642425060272,0.0,150.0,-16.730532840000002
8504,89536,10,1399,0.6093874573707581,0.0003,0.3620479702949524,1398,-2.067440986633301,-0.14743979275226593,0.0,150.0,-16.730532840000002
8504,89600,10,1400,0.7725978493690491,0.0003,0.9200215935707092,1399,-2.0625672340393066,-1.6337666511535645,0.0,150.0,-16.730532840000002
8504,89664,10,1401,0.43158847093582153,0.0003,2.47218656539917,1400,-2.0689449310302734,-0.5419584512710571,0.0,150.0,-16.730532840000002
8504,89728,10,1402,0.5027638077735901,0.0003,1.4672107696533203,1401,-2.074972629547119,-0.6684666872024536,0.0,150.0,-16.730532840000002
8504,89792,10,1403,0.6418650150299072,0.0003,1.2489029169082642,1402,-2.0703506469726562,1.3879631757736206,0.0,150.0,-16.730532840000002
8504,89856,10,1404,0.816118061542511,0.0003,0.3660407066345215,1403,-2.0782854557037354,-0.10405387729406357,0.0,150.0,-16.730532840000002
8505,89920,10,1405,0.8570235967636108,0.0003,0.41856884956359863,1404,-2.0653903484344482,-1.0004358291625977,0.0,150.0,-16.730532840000002
8505,89984,10,1406,0.6915121078491211,0.0003,0.5024069547653198,1405,-2.05491304397583,-1.36942720413208,0.0,150.0,-16.730532840000002
8506,90048,10,1407,0.26694804430007935,0.0003,0.39271217584609985,1406,-2.0529470443725586,-0.9936070442199707,0.0,150.0,-16.63970237
8506,90112,10,1408,0.9838034510612488,0.0003,0.512580394744873,1407,-2.0426199436187744,-1.1037940979003906,0.0,150.0,-16.63970237
8507,90176,10,1409,0.8114596605300903,0.0003,0.5198650360107422,1408,-2.0455310344696045,-1.2019212245941162,0.0,150.0,-16.63970237
8507,90240,10,1410,-0.02587711811065674,0.0003,3.538945198059082,1409,-2.0498738288879395,1.4792847633361816,0.0,150.0,-16.63970237
8506,90304,10,1411,0.5761364102363586,0.0003,1.7689597606658936,1410,-2.053863763809204,1.0369772911071777,0.0,150.0,-16.63970237
8506,90368,10,1412,0.46167999505996704,0.0003,2.3337254524230957,1411,-2.055696725845337,1.1182243824005127,0.0,150.0,-16.63970237
8506,90432,10,1413,0.5161690711975098,0.0003,1.808358073234558,1412,-2.0616848468780518,-0.7450306415557861,0.0,150.0,-16.63970237
8504,90496,10,1414,0.7836863994598389,0.0003,0.4467507600784302,1413,-2.059662103652954,0.23568721115589142,0.0,150.0,-16.63970237
8502,90560,10,1415,0.5805506706237793,0.0003,0.6675734519958496,1414,-2.0823400020599365,-1.0456178188323975,0.0,150.0,-16.63970237
8499,90624,10,1416,0.22309213876724243,0.0003,0.5078964233398438,1415,-2.0803170204162598,-0.04176152125000954,0.0,150.0,-16.325513769999997
8498,90688,10,1417,0.9866945743560791,0.0003,0.3379392921924591,1416,-2.0786898136138916,0.08971141278743744,0.0,150.0,-16.325513769999997
8494,90752,10,1418,0.7655907273292542,0.0003,1.3164311647415161,1417,-2.0409693717956543,-0.9393326640129089,0.0,150.0,-16.325513769999997
8484,90816,10,1419,0.7222054600715637,0.0003,3.2600016593933105,1418,-2.0483555793762207,1.6413662433624268,0.0,150.0,-16.325513769999997
8480,90880,10,1420,0.7247552871704102,0.0003,2.7156710624694824,1419,-2.054713010787964,1.6259865760803223,0.0,150.0,-16.325513769999997
8480,90944,10,1421,0.8832923769950867,0.0003,0.7976022362709045,1420,-2.0604958534240723,0.3833726644515991,0.0,150.0,-16.325513769999997
8480,91008,10,1422,0.9019489884376526,0.0003,0.9998558759689331,1421,-2.058236598968506,0.6369463205337524,0.0,150.0,-16.325513769999997
8480,91072,10,1423,0.7103344202041626,0.0003,1.5186312198638916,1422,-2.050049066543579,-1.3925988674163818,0.0,150.0,-16.325513769999997
8481,91136,10,1424,0.676647424697876,0.0003,0.732332170009613,1423,-2.054211378097534,0.4547646939754486,0.0,150.0,-16.325513769999997
8479,91200,10,1425,-0.4746359586715698,0.0003,0.7631480097770691,1424,-2.042970657348633,-0.9258934259414673,0.0,150.0,-16.03070244
8477,91264,10,1426,-0.03124558925628662,0.0003,0.5419619679450989,1425,-2.0558881759643555,-1.1325883865356445,0.0,150.0,-16.03070244
8477,91328,10,1427,0.49688392877578735,0.0003,2.348839044570923,1426,-2.036080837249756,1.3042550086975098,0.0,150.0,-16.03070244
8478,91392,10,1428,0.7959254384040833,0.0003,1.357959508895874,1427,-2.042832851409912,0.26195377111434937,0.0,150.0,-16.03070244
8476,91456,10,1429,0.8937808275222778,0.0003,1.1042190790176392,1428,-2.0555901527404785,0.21464702486991882,0.0,150.0,-16.03070244
8476,91520,10,1430,0.9130988121032715,0.0003,1.6773450374603271,1429,-2.0574417114257812,-1.1184691190719604,0.0,150.0,-16.03070244
8474,91584,10,1431,0.9189971685409546,0.0003,1.5686650276184082,1430,-2.0651369094848633,0.45730024576187134,0.0,150.0,-16.03070244
8473,91648,10,1432,0.9750443696975708,0.0003,0.4702538847923279,1431,-2.0706863403320312,-0.6460514068603516,0.0,150.0,-16.03070244
8473,91712,10,1433,0.852871298789978,0.0003,1.6865789890289307,1432,-2.0582566261291504,-0.8851937055587769,0.0,150.0,-16.03070244
8473,91776,10,1434,0.9344145655632019,0.0003,1.0197962522506714,1433,-2.0644071102142334,-1.3357908725738525,0.0,150.0,-16.03070244
8473,91840,10,1435,0.9129080176353455,0.0003,0.7129638195037842,1434,-2.072294235229492,-0.8730170726776123,0.0,150.0,-15.975135009999999
8472,91904,10,1436,0.9925084114074707,0.0003,0.23760944604873657,1435,-2.0478391647338867,-0.5055415630340576,0.0,150.0,-15.975135009999999
8467,91968,10,1437,0.890250563621521,0.0003,0.5434812307357788,1436,-2.036215305328369,0.48370665311813354,0.0,150.0,-15.975135009999999
8465,92032,10,1438,0.9083771109580994,0.0003,0.7996030449867249,1437,-2.0415875911712646,-0.6645644903182983,0.0,150.0,-15.975135009999999
8463,92096,10,1439,0.8371248245239258,0.0003,0.987220048904419,1438,-2.049561023712158,-0.6334296464920044,0.0,150.0,-15.975135009999999
8460,92160,10,1440,-0.03320968151092529,0.0003,3.839595079421997,1439,-2.0488879680633545,1.1309053897857666,0.0,150.0,-15.975135009999999
8454,92224,10,1441,0.5411442518234253,0.0003,1.5247511863708496,1440,-2.05971360206604,-0.1529085338115692,0.0,150.0,-15.975135009999999
8450,92288,10,1442,0.6988617181777954,0.0003,0.7775445580482483,1441,-2.0761032104492188,-1.534929633140564,0.0,150.0,-15.975135009999999
8450,92352,10,1443,-0.22859394550323486,0.0003,0.45476388931274414,1442,-2.082014799118042,-1.2068133354187012,0.0,150.0,-15.975135009999999
8449,92416,10,1444,-0.3664274215698242,0.0003,0.19628901779651642,1443,-2.0895004272460938,-0.5753954648971558,0.0,150.0,-15.867283639999998
8447,92480,10,1445,0.9930336475372314,0.0003,0.18274833261966705,1444,-2.0778400897979736,-0.42078083753585815,0.0,150.0,-15.867283639999998
8444,92544,10,1446,0.4996022582054138,0.0003,4.044369697570801,1445,-2.02164363861084,1.499618649482727,0.0,150.0,-15.867283639999998
8441,92608,10,1447,0.8820440769195557,0.0003,0.9667689800262451,1446,-2.0268173217773438,0.8963027000427246,0.0,150.0,-15.867283639999998
8439,92672,10,1448,0.9434939026832581,0.0003,0.7558337450027466,1447,-2.0358173847198486,0.6887078881263733,0.0,150.0,-15.867283639999998
8438,92736,10,1449,0.9041370749473572,0.0003,1.7553722858428955,1448,-2.051715850830078,1.874927282333374,0.0,150.0,-15.867283639999998
8436,92800,10,1450,0.9557872414588928,0.0003,1.044580340385437,1449,-2.0680880546569824,0.8466055393218994,0.0,150.0,-15.867283639999998
8436,92864,11,1451,0.9918515682220459,0.0003,0.17206518352031708,1450,-2.0690791606903076,0.2735498547554016,0.0,150.0,-15.867283639999998
8435,92928,11,1452,0.9906384348869324,0.0003,0.19225181639194489,1451,-2.0823867321014404,-0.28631657361984253,0.0,150.0,-15.867283639999998
8435,92992,11,1453,0.9388737678527832,0.0003,0.8867015838623047,1452,-2.0791311264038086,-0.4468217194080353,0.0,150.0,-15.867283639999998
8434,93056,11,1454,0.9321342706680298,0.0003,0.7846122980117798,1453,-2.0727596282958984,-0.8333554267883301,0.01,150.0,-15.46374796
8434,93120,11,1455,0.8723740577697754,0.0003,1.3131377696990967,1454,-2.0271244049072266,0.42235344648361206,0.01,150.0,-15.46374796
8433,93184,11,1456,0.2956686019897461,0.0003,0.8122393488883972,1455,-2.036302089691162,-0.0638599544763565,0.01,150.0,-15.46374796
8431,93248,11,1457,0.5613178014755249,0.0003,2.579047679901123,1456,-2.0319807529449463,-2.3745293617248535,0.01,150.0,-15.46374796
8431,93312,11,1458,0.6661688089370728,0.0003,2.4769766330718994,1457,-2.0470948219299316,1.5211790800094604,0.01,150.0,-15.46374796
8430,93376,11,1459,-0.07013702392578125,0.0003,1.9626553058624268,1458,-2.056222438812256,-1.2509140968322754,0.01,150.0,-15.46374796
8430,93440,11,1460,-0.42669451236724854,0.0003,5.178561687469482,1459,-2.0557761192321777,0.963435709476471,0.01,150.0,-15.46374796
8429,93504,11,1461,-0.054241061210632324,0.0003,0.5535441637039185,1460,-2.052865505218506,-0.9928866028785706,0.01,150.0,-15.46374796
8429,93568,11,1462,-0.003628373146057129,0.0003,0.6316773891448975,1461,-2.0515382289886475,-1.227500319480896,0.01,150.0,-15.46374796
8428,93632,11,1463,0.01617664098739624,0.0003,0.6251896619796753,1462,-2.059621572494507,-0.7315865159034729,0.01,150.0,-15.541555880000002
8427,93696,11,1464,0.9942713975906372,0.0003,0.22139984369277954,1463,-2.0446810722351074,-0.5093371272087097,0.01,150.0,-15.541555880000002
8427,93760,11,1465,0.7279508113861084,0.0003,1.250372052192688,1464,-2.0110156536102295,-1.5502198934555054,0.01,150.0,-15.541555880000002
8426,93824,11,1466,0.8208316564559937,0.0003,0.9433989524841309,1465,-2.0137441158294678,-0.6604803800582886,0.01,150.0,-15.541555880000002
8426,93888,11,1467,0.5631968975067139,0.0003,1.183256983757019,1466,-2.0168418884277344,-1.4601364135742188,0.01,150.0,-15.541555880000002
8425,93952,11,1468,0.5780868530273438,0.0003,2.579470634460449,1467,-2.0137476921081543,0.6950978636741638,0.01,150.0,-15.541555880000002
8424,94016,11,1469,-2.0310702323913574,0.0003,0.7412638664245605,1468,-2.020677089691162,-0.26754632592201233,0.01,150.0,-15.541555880000002
8423,94080,11,1470,-0.047412753105163574,0.0003,0.8050931692123413,1469,-2.0244126319885254,-0.30006515979766846,0.01,150.0,-15.541555880000002
8423,94144,11,1471,-0.05810058116912842,0.0003,0.5469714403152466,1470,-2.0464768409729004,-0.8993989825248718,0.01,150.0,-15.541555880000002
8421,94208,11,1472,0.013878703117370605,0.0003,0.5025542974472046,1471,-2.04720401763916,-0.6400057077407837,0.01,150.0,-16.00758131
8420,94272,11,1473,0.9717997908592224,0.0003,0.46490657329559326,1472,-2.0542349815368652,-0.8713243007659912,0.01,150.0,-16.00758131
8420,94336,11,1474,0.5735195875167847,0.0003,0.7126505374908447,1473,-2.031926393508911,-1.1951062679290771,0.01,150.0,-16.00758131
8420,94400,11,1475,0.5559670925140381,0.0003,1.124884843826294,1474,-2.0338330268859863,0.8977473974227905,0.01,150.0,-16.00758131
8419,94464,11,1476,0.46520400047302246,0.0003,2.457550287246704,1475,-2.031949281692505,1.6405503749847412,0.01,150.0,-16.00758131
8418,94528,11,1477,0.5346651077270508,0.0003,1.0429238080978394,1476,-2.0470714569091797,1.0938756465911865,0.01,150.0,-16.00758131
8417,94592,11,1478,0.36055678129196167,0.0003,1.9051785469055176,1477,-2.0409975051879883,0.5197297930717468,0.01,150.0,-16.00758131
8416,94656,11,1479,0.5682779550552368,0.0003,0.43534642457962036,1478,-2.0491034984588623,-0.8226683139801025,0.01,150.0,-16.00758131
8415,94720,11,1480,0.2120431661605835,0.0003,0.17781995236873627,1479,-2.0557122230529785,0.15375477075576782,0.01,150.0,-16.00758131
8415,94784,11,1481,0.44369250535964966,0.0003,0.337460458278656,1480,-2.0686793327331543,-0.3146235942840576,0.01,150.0,-16.00758131
8414,94848,11,1482,0.4904963970184326,0.0003,0.40735453367233276,1481,-2.0768392086029053,-0.8829470872879028,0.01,150.0,-15.684766419999995
8414,94912,11,1483,0.9653587341308594,0.0003,0.6823841333389282,1482,-2.0653724670410156,-0.8300016522407532,0.01,150.0,-15.684766419999995
8413,94976,11,1484,0.6235091686248779,0.0003,1.3814446926116943,1483,-2.065107822418213,-1.0507200956344604,0.01,150.0,-15.684766419999995
8412,95040,11,1485,0.11612516641616821,0.0003,0.6873819828033447,1484,-2.080918550491333,0.05100792646408081,0.01,150.0,-15.684766419999995
8411,95104,11,1486,-0.102073073387146,0.0003,1.8272101879119873,1485,-2.0882797241210938,1.269019365310669,0.01,150.0,-15.684766419999995
8410,95168,11,1487,0.2922798991203308,0.0003,3.296762466430664,1486,-2.0964419841766357,2.128061294555664,0.01,150.0,-15.684766419999995
8410,95232,11,1488,-0.1339806318283081,0.0003,0.7928546071052551,1487,-2.105678081512451,0.40791183710098267,0.01,150.0,-15.684766419999995
8409,95296,11,1489,0.005453348159790039,0.0003,3.467090129852295,1488,-2.107487440109253,1.4425987005233765,0.01,150.0,-15.684766419999995
8408,95360,11,1490,0.1071244478225708,0.0003,1.232881784439087,1489,-2.1183111667633057,0.268131285905838,0.01,150.0,-15.684766419999995
8406,95424,11,1491,0.009469747543334961,0.0003,0.8247640132904053,1490,-2.1177620887756348,-1.5928893089294434,0.01,150.0,-15.613315099999998
8405,95488,11,1492,0.9906933903694153,0.0003,0.27103352546691895,1491,-2.0951411724090576,-0.5979737639427185,0.01,150.0,-15.613315099999998
8403,95552,11,1493,0.8501303195953369,0.0003,0.3615856468677521,1492,-2.055708408355713,-0.1012636125087738,0.01,150.0,-15.613315099999998
8402,95616,11,1494,0.45598548650741577,0.0003,2.2475638389587402,1493,-2.0599489212036133,0.8150241374969482,0.01,150.0,-15.613315099999998
8400,95680,11,1495,0.8556121587753296,0.0003,0.5482298135757446,1494,-2.0708346366882324,-0.06048621982336044,0.01,150.0,-15.613315099999998
8398,95744,11,1496,0.968062698841095,0.0003,0.17223848402500153,1495,-2.080526351928711,0.6726201772689819,0.01,150.0,-15.613315099999998
8398,95808,11,1497,0.7253059148788452,0.0003,0.7263108491897583,1496,-2.090829849243164,0.9611219167709351,0.01,150.0,-15.613315099999998
8398,95872,11,1498,-0.13335585594177246,0.0003,1.4266180992126465,1497,-2.1023669242858887,0.18098410964012146,0.01,150.0,-15.613315099999998
8398,95936,11,1499,0.25840556621551514,0.0003,0.2279229760169983,1498,-2.0931856632232666,0.04842577502131462,0.01,150.0,-15.613315099999998
8397,96000,11,1500,0.48772865533828735,0.0003,0.08352794498205185,1499,-2.106274127960205,-0.4191240966320038,0.01,150.0,-15.613910709999995
8397,96064,11,1501,0.09480303525924683,0.0003,0.33231136202812195,1500,-2.1096649169921875,-0.8340802788734436,0.01,150.0,-15.613910709999995
8395,96128,11,1502,0.4052577018737793,0.0003,0.39737623929977417,1501,-2.071157693862915,-0.20686495304107666,0.01,150.0,-15.613910709999995
8394,96192,11,1503,0.2758108973503113,0.0003,4.804265022277832,1502,-2.0834572315216064,1.7792799472808838,0.01,150.0,-15.613910709999995
8393,96256,11,1504,0.660354495048523,0.0003,3.2178409099578857,1503,-2.092939853668213,0.6300963163375854,0.01,150.0,-15.613910709999995
8393,96320,11,1505,0.9265015125274658,0.0003,0.770775556564331,1504,-2.0982627868652344,-0.9611222147941589,0.01,150.0,-15.613910709999995
8392,96384,11,1506,0.8660041689872742,0.0003,0.4975714087486267,1505,-2.1009912490844727,0.156509131193161,0.01,150.0,-15.613910709999995
8391,96448,11,1507,-0.44528794288635254,0.0003,0.9188289046287537,1506,-2.101168155670166,0.1625736504793167,0.01,150.0,-15.613910709999995
8391,96512,11,1508,0.5721551179885864,0.0003,0.12080098688602448,1507,-2.0879852771759033,-0.23813879489898682,0.01,150.0,-15.613910709999995
8389,96576,11,1509,0.21615034341812134,0.0003,0.19297626614570618,1508,-2.1100878715515137,-0.12807758152484894,0.01,150.0,-15.613910709999995
8388,96640,11,1510,0.25486063957214355,0.0003,0.18774837255477905,1509,-2.120241165161133,-0.6555215120315552,0.01,150.0,-15.499737930000002
8386,96704,11,1511,0.9495925307273865,0.0003,0.900371789932251,1510,-2.077115535736084,-0.9748107194900513,0.01,150.0,-15.499737930000002
8385,96768,11,1512,0.6526014804840088,0.0003,2.022184371948242,1511,-2.044172525405884,-1.831784725189209,0.01,150.0,-15.499737930000002
8381,96832,11,1513,0.8266570568084717,0.0003,0.3763566017150879,1512,-2.046689987182617,0.1878231167793274,0.01,150.0,-15.499737930000002
8379,96896,11,1514,-0.8426876068115234,0.0003,1.820360779762268,1513,-2.0574545860290527,1.5413715839385986,0.01,150.0,-15.499737930000002
8376,96960,11,1515,0.16311120986938477,0.0003,1.5062919855117798,1514,-2.059797525405884,1.0430952310562134,0.01,150.0,-15.499737930000002
8374,97024,11,1516,0.09164774417877197,0.0003,1.3116403818130493,1515,-2.0620129108428955,0.9258532524108887,0.01,150.0,-15.499737930000002
8371,97088,11,1517,-0.007511734962463379,0.0003,1.7119959592819214,1516,-2.0666444301605225,0.0057218968868255615,0.01,150.0,-15.499737930000002
8369,97152,11,1518,0.01188117265701294,0.0003,1.0492095947265625,1517,-2.101609706878662,-1.61110520362854,0.01,150.0,-15.499737930000002
8367,97216,11,1519,0.012740790843963623,0.0003,1.0284523963928223,1518,-2.1075143814086914,-1.5155984163284302,0.01,150.0,-15.726246100000001
8365,97280,11,1520,0.9935667514801025,0.0003,0.20409053564071655,1519,-2.0927388668060303,-0.6772193908691406,0.01,150.0,-15.726246100000001
8362,97344,11,1521,0.7944190502166748,0.0003,0.264254629611969,1520,-2.048940896987915,-0.6558229923248291,0.01,150.0,-15.726246100000001
8356,97408,11,1522,0.40386146306991577,0.0003,0.7249833345413208,1521,-2.0599007606506348,-0.45234906673431396,0.01,150.0,-15.726246100000001
8355,97472,11,1523,0.49589699506759644,0.0003,2.2529637813568115,1522,-2.0626118183135986,1.5046355724334717,0.01,150.0,-15.726246100000001
8353,97536,11,1524,0.5583531856536865,0.0003,1.9750417470932007,1523,-2.070183753967285,1.0082108974456787,0.01,150.0,-15.726246100000001
8350,97600,11,1525,0.44261980056762695,0.0003,0.2958230972290039,1524,-2.0804014205932617,-0.038618601858615875,0.01,150.0,-15.726246100000001
8346,97664,11,1526,0.1826208233833313,0.0003,0.8206079602241516,1525,-2.0806872844696045,0.8189290761947632,0.01,150.0,-15.726246100000001
8339,97728,11,1527,0.30574697256088257,0.0003,0.34620124101638794,1526,-2.0802865028381348,0.2954583168029785,0.01,150.0,-15.726246100000001
8336,97792,11,1528,0.4301092028617859,0.0003,0.07197345048189163,1527,-2.0850064754486084,-0.24032196402549744,0.01,150.0,-15.726246100000001
8322,97856,11,1529,0.04279780387878418,0.0003,0.39100581407546997,1528,-2.0951085090637207,-1.1399654150009155,0.01,150.0,-15.69707745
8312,97920,11,1530,0.9528031349182129,0.0003,0.4035774767398834,1529,-2.069943428039551,-0.5811586380004883,0.01,150.0,-15.69707745
8310,97984,11,1531,0.5159728527069092,0.0003,0.7045453190803528,1530,-2.0790858268737793,0.3246231973171234,0.01,150.0,-15.69707745
8308,98048,11,1532,0.5843923091888428,0.0003,1.594546914100647,1531,-2.0949177742004395,1.4644191265106201,0.01,150.0,-15.69707745
8302,98112,11,1533,0.1744781732559204,0.0003,5.000024795532227,1532,-2.0938661098480225,3.962423086166382,0.01,150.0,-15.69707745
8301,98176,11,1534,0.4342039227485657,0.0003,2.4073665142059326,1533,-2.090632677078247,0.7711392641067505,0.01,150.0,-15.69707745
8299,98240,11,1535,0.792127251625061,0.0003,0.3044559061527252,1534,-2.0791401863098145,-0.6754297614097595,0.01,150.0,-15.69707745
8297,98304,11,1536,0.3321412205696106,0.0003,1.4385943412780762,1535,-2.0729198455810547,0.803767204284668,0.01,150.0,-15.69707745
8292,98368,11,1537,0.5209288597106934,0.0003,0.11219307780265808,1536,-2.079521894454956,-0.4215998351573944,0.01,150.0,-15.69707745
8288,98432,11,1538,0.008743226528167725,0.0003,0.4283049702644348,1537,-2.084188222885132,-0.7220857739448547,0.01,150.0,-15.513218279999997
8283,98496,11,1539,0.9907780885696411,0.0003,0.1817391812801361,1538,-2.0675008296966553,-0.2450336515903473,0.01,150.0,-15.513218279999997
8279,98560,11,1540,0.13117021322250366,0.0003,0.7252275347709656,1539,-2.063324451446533,-0.11766190826892853,0.01,150.0,-15.513218279999997
8273,98624,11,1541,0.33273667097091675,0.0003,1.4452540874481201,1540,-2.0673062801361084,1.1222434043884277,0.01,150.0,-15.513218279999997
8250,98688,11,1542,-0.23211467266082764,0.0003,0.9267089366912842,1541,-2.076082229614258,-0.8867481350898743,0.01,150.0,-15.513218279999997
8243,98752,11,1543,-0.006756901741027832,0.0003,0.15098586678504944,1542,-2.0884647369384766,0.1214362308382988,0.01,150.0,-15.513218279999997
8239,98816,11,1544,0.12260264158248901,0.0003,0.4547298550605774,1543,-2.0981240272521973,0.5164728164672852,0.01,150.0,-15.513218279999997
8236,98880,12,1545,0.15591400861740112,0.0003,0.4918455481529236,1544,-2.097630739212036,0.09720311313867569,0.01,150.0,-15.513218279999997
8235,98944,12,1546,0.15028345584869385,0.0003,0.9022200703620911,1545,-2.1022000312805176,-0.6755202412605286,0.01,150.0,-15.513218279999997
8234,99008,12,1547,0.15713125467300415,0.0003,1.1934664249420166,1546,-2.1026878356933594,-0.6152448654174805,0.01,150.0,-15.56191239
8232,99072,12,1548,0.9619347453117371,0.0003,0.49933481216430664,1547,-2.096714735031128,-0.6863030195236206,0.01,150.0,-15.56191239
8190,99136,12,1549,0.6380271911621094,0.0003,0.6643998622894287,1548,-2.0713541507720947,0.5612585544586182,0.01,150.0,-15.56191239
8188,99200,12,1550,0.5166422724723816,0.0003,1.377907633781433,1549,-2.0818352699279785,-0.3062416911125183,0.01,150.0,-15.56191239
8186,99264,12,1551,0.9443241953849792,0.0003,0.18918612599372864,1550,-2.099973440170288,-0.05946588143706322,0.01,150.0,-15.56191239
8185,99328,12,1552,0.7157811522483826,0.0003,1.0043346881866455,1551,-2.1064465045928955,1.0163652896881104,0.01,150.0,-15.56191239
8184,99392,12,1553,0.8634956479072571,0.0003,0.606509804725647,1552,-2.111132860183716,-0.2869313955307007,0.01,150.0,-15.56191239
8182,99456,12,1554,0.6593016386032104,0.0003,2.227064847946167,1553,-2.109508514404297,0.520519495010376,0.01,150.0,-15.56191239
8181,99520,12,1555,0.665982186794281,0.0003,1.2503948211669922,1554,-2.1143064498901367,-1.83515465259552,0.01,150.0,-15.56191239
8181,99584,12,1556,-0.35897159576416016,0.0003,1.1834464073181152,1555,-2.1135988235473633,0.18690788745880127,0.01,150.0,-15.56191239
8181,99648,12,1557,-0.11935687065124512,0.0003,0.6259607672691345,1556,-2.1230859756469727,-0.8839737772941589,0.01,150.0,-15.68228203
8181,99712,12,1558,0.989710807800293,0.0003,0.22786608338356018,1557,-2.069535732269287,0.5028113722801208,0.01,150.0,-15.68228203
8181,99776,12,1559,0.7785523533821106,0.0003,0.9026960134506226,1558,-2.061471462249756,-0.8370305895805359,0.01,150.0,-15.68228203
8181,99840,12,1560,0.8786357641220093,0.0003,0.5621986985206604,1559,-2.072265148162842,0.10189361870288849,0.01,150.0,-15.68228203
8180,99904,12,1561,0.9598559737205505,0.0003,0.3800055682659149,1560,-2.0915586948394775,-0.6171526312828064,0.01,150.0,-15.68228203
8180,99968,12,1562,0.9632951021194458,0.0003,0.24804985523223877,1561,-2.102757453918457,0.31999340653419495,0.01,150.0,-15.68228203
8176,100032,12,1563,0.8711287379264832,0.0003,0.486930251121521,1562,-2.103193759918213,0.43587538599967957,0.01,150.0,-15.68228203
