time/iterations,time/fps,time/total_timesteps,time/time_elapsed,train/policy_loss,train/entropy_loss,train/explained_variance,train/value_loss,train/learning_rate,train/n_updates,rollout/success_rate,rollout/ep_len_mean,rollout/ep_rew_mean
1,1781,20,0,,,,,,,,,
2,1841,40,0,0.051687903702259064,-2.1972107887268066,0.6989905834197998,0.004494172520935535,0.0003,1,,,
3,2370,60,0,-0.03101835586130619,-2.1938083171844482,0.4872857332229614,0.02224064990878105,0.0003,2,,,
4,2822,80,0,-0.003515481948852539,-2.191572666168213,-0.2297050952911377,0.0605945959687233,0.0003,3,,,
5,3216,100,0,-0.580569863319397,-2.1913561820983887,0.5873793363571167,0.09042996168136597,0.0003,4,,,
6,3511,120,0,-0.23618276417255402,-2.1877176761627197,0.5459948182106018,0.03535016253590584,0.0003,5,,,
7,3775,140,0,-0.425290048122406,-2.188565969467163,0.4504193067550659,0.15105465054512024,0.0003,6,,,
8,3999,160,0,-0.3682958781719208,-2.1908812522888184,0.6033204793930054,0.11064837872982025,0.0003,7,,,
9,4157,180,0,-0.646205723285675,-2.188021183013916,0.4784494638442993,0.22555136680603027,0.0003,8,,,
10,4275,200,0,-0.05283621698617935,-2.187486171722412,-0.12002813816070557,0.6041702032089233,0.0003,9,,,
11,4445,220,0,-0.8197005987167358,-2.1892642974853516,0.6009212732315063,0.23717696964740753,0.0003,10,,,
12,4550,240,0,-1.0292577743530273,-2.1892735958099365,0.5247358083724976,0.3628019690513611,0.0003,11,,,
13,4632,260,0,-0.9968976974487305,-2.190790891647339,0.37723273038864136,0.4366823136806488,0.0003,12,,,
14,4686,280,0,-1.1632486581802368,-2.192328929901123,0.4745003581047058,0.43816083669662476,0.0003,13,,,
15,4715,300,0,-0.7874510288238525,-2.192354917526245,0.4574039578437805,0.39862269163131714,0.0003,14,,,
16,4798,320,0,-0.9231829643249512,-2.1916511058807373,0.6157505512237549,0.3069595396518707,0.0003,15,,,
17,4811,340,0,-1.0307711362838745,-2.1909496784210205,0.4851781129837036,0.44262051582336426,0.0003,16,,,
18,4880,360,0,-1.0557835102081299,-2.191009521484375,0.5584114789962769,0.36862820386886597,0.0003,17,,,
19,4965,380,0,-0.5894430875778198,-2.1903064250946045,0.33015263080596924,0.305787593126297,0.0003,18,,,
20,5051,400,0,-0.6617003083229065,-2.1906890869140625,0.3134084939956665,0.2335226833820343,0.0003,19,,,
21,5094,420,0,-0.9374288320541382,-2.190451145172119,0.18939250707626343,0.35109543800354004,0.0003,20,,,
22,5140,440,0,-0.3085682988166809,-2.189887285232544,0.02110236883163452,0.43719202280044556,0.0003,21,,,
23,5209,460,0,-0.9483616948127747,-2.1892025470733643,0.5691930055618286,0.27402210235595703,0.0003,22,,,
24,5276,480,0,-0.30756428837776184,-2.19018292427063,0.18120980262756348,0.44220227003097534,0.0003,23,,,
25,5327,500,0,0.4920932650566101,-2.1864657402038574,0.07476156949996948,0.6928903460502625,0.0003,24,,,
26,5388,520,0,0.004108580760657787,-2.1798789501190186,0.38447296619415283,0.49555158615112305,0.0003,25,,,
27,5420,540,0,-1.0162492990493774,-2.171438694000244,0.7001584768295288,0.26431354880332947,0.0003,26,,,
28,5470,560,0,-0.44029441475868225,-2.169424057006836,-0.07830405235290527,0.3683965802192688,0.0003,27,,,
29,5502,580,0,-0.5998097658157349,-2.154385805130005,0.1389474868774414,0.5478265285491943,0.0003,28,,,
30,5522,600,0,-0.4316771626472473,-2.151944160461426,-0.17570090293884277,0.4361204504966736,0.0003,29,0.0,150.0,-16.467131249999998
31,5564,620,0,-0.5783470869064331,-2.152571201324463,0.47853904962539673,0.20587682723999023,0.0003,30,0.0,150.0,-16.467131249999998
32,5599,640,0,0.4943920075893402,-2.158226728439331,0.34287911653518677,0.10984423011541367,0.0003,31,0.0,150.0,-16.467131249999998
33,5631,660,0,0.24449224770069122,-2.161830186843872,0.7266465425491333,0.01917649433016777,0.0003,32,0.0,150.0,-16.467131249999998
34,5675,680,0,0.587591290473938,-2.165591239929199,0.3672574758529663,0.23994474112987518,0.0003,33,0.0,150.0,-16.467131249999998
35,5712,700,0,0.06602509319782257,-2.160996913909912,0.7080850601196289,0.036989547312259674,0.0003,34,0.0,150.0,-16.467131249999998
36,5753,720,0,-0.004685196094214916,-2.1670877933502197,0.926055371761322,0.007850250229239464,0.0003,35,0.0,150.0,-16.467131249999998
37,5794,740,0,-0.10817547142505646,-2.1684839725494385,0.8739947080612183,0.020920347422361374,0.0003,36,0.0,150.0,-16.467131249999998
38,5819,760,0,-0.002437001559883356,-2.1665985584259033,0.7172545194625854,0.0557953342795372,0.0003,37,0.0,150.0,-16.467131249999998
39,5845,780,0,-0.1300692856311798,-2.171204090118408,0.8684194684028625,0.03193474933505058,0.0003,38,0.0,150.0,-16.467131249999998
40,5861,800,0,-0.35518744587898254,-2.175692081451416,0.8317636847496033,0.07994597405195236,0.0003,39,0.0,150.0,-16.467131249999998
41,5889,820,0,-0.26792091131210327,-2.1778128147125244,0.8595040440559387,0.06755544245243073,0.0003,40,0.0,150.0,-16.467131249999998
42,5904,840,0,-0.18732836842536926,-2.183945894241333,0.7061319351196289,0.12901052832603455,0.0003,41,0.0,150.0,-16.467131249999998
43,5923,860,0,0.09800226241350174,-2.1756038665771484,0.7806034684181213,0.050540465861558914,0.0003,42,0.0,150.0,-16.467131249999998
44,5952,880,0,-0.04788332059979439,-2.169839382171631,0.628945529460907,0.1597999781370163,0.0003,43,0.0,150.0,-16.467131249999998
45,5984,900,0,-0.5529035329818726,-2.1595752239227295,0.7876245379447937,0.1866827756166458,0.0003,44,0.0,150.0,-16.467131249999998
46,5999,920,0,-0.37762752175331116,-2.154539108276367,0.6841347217559814,0.2122940719127655,0.0003,45,0.0,150.0,-16.467131249999998
47,6012,940,0,-0.6348167657852173,-2.1481330394744873,0.7868360877037048,0.19373752176761627,0.0003,46,0.0,150.0,-16.467131249999998
48,6036,960,0,-0.42066630721092224,-2.1470305919647217,0.7559034824371338,0.1714668720960617,0.0003,47,0.0,150.0,-16.467131249999998
49,6048,980,0,-0.3563981354236603,-2.1522459983825684,0.5104762315750122,0.456146240234375,0.0003,48,0.0,150.0,-16.467131249999998
50,6067,1000,0,-0.35352158546447754,-2.144019603729248,0.47406476736068726,0.41315215826034546,0.0003,49,0.0,150.0,-16.467131249999998
51,6084,1020,0,-0.6854795813560486,-2.142045021057129,0.7070281505584717,0.29267749190330505,0.0003,50,0.0,150.0,-16.467131249999998
52,6093,1040,0,-0.6930593252182007,-2.143179416656494,0.693244218826294,0.26436537504196167,0.0003,51,0.0,150.0,-16.467131249999998
53,6099,1060,0,-0.7126891016960144,-2.140477418899536,0.6902257204055786,0.2626672685146332,0.0003,52,0.0,150.0,-16.467131249999998
54,6107,1080,0,-0.9077781438827515,-2.1349849700927734,0.7147098779678345,0.29449695348739624,0.0003,53,0.0,150.0,-16.467131249999998
55,6133,1100,0,-1.0084197521209717,-2.134639024734497,0.6642400026321411,0.3684847354888916,0.0003,54,0.0,150.0,-16.467131249999998
56,6155,1120,0,-0.8542379140853882,-2.135031223297119,0.5619031190872192,0.22869956493377686,0.0003,55,0.0,150.0,-16.467131249999998
57,6178,1140,0,-1.1818302869796753,-2.1341052055358887,0.509219765663147,0.41637253761291504,0.0003,56,0.0,150.0,-16.467131249999998
58,6200,1160,0,-0.9503805041313171,-2.134798765182495,0.45963937044143677,0.3060760498046875,0.0003,57,0.0,150.0,-16.467131249999998
59,6215,1180,0,-0.566633939743042,-2.1377921104431152,0.1464805006980896,0.5275272130966187,0.0003,58,0.0,150.0,-16.467131249999998
60,6220,1200,0,-1.0333402156829834,-2.1295559406280518,0.3741636276245117,0.29850882291793823,0.0003,59,0.0,150.0,-16.63150425
61,6236,1220,0,-1.1696782112121582,-2.1296820640563965,0.2825995087623596,0.3957918584346771,0.0003,60,0.0,150.0,-16.63150425
62,6254,1240,0,0.5390777587890625,-2.1454484462738037,0.41258400678634644,0.08877364546060562,0.0003,61,0.0,150.0,-16.63150425
63,6271,1260,0,0.2825501561164856,-2.1407177448272705,0.41750049591064453,0.02997254952788353,0.0003,62,0.0,150.0,-16.63150425
64,6276,1280,0,0.21574023365974426,-2.1451385021209717,0.7767210006713867,0.020570268854498863,0.0003,63,0.0,150.0,-16.63150425
65,6295,1300,0,0.20991282165050507,-2.150437116622925,0.6411879062652588,0.085142120718956,0.0003,64,0.0,150.0,-16.63150425
66,6314,1320,0,0.31042394042015076,-2.1419525146484375,0.7021967172622681,0.05460084602236748,0.0003,65,0.0,150.0,-16.63150425
67,6334,1340,0,0.12910863757133484,-2.1467678546905518,0.7064195871353149,0.07856370508670807,0.0003,66,0.0,150.0,-16.63150425
68,6351,1360,0,-0.08750388771295547,-2.1352193355560303,0.9601339101791382,0.008066738955676556,0.0003,67,0.0,150.0,-16.63150425
69,6356,1380,0,0.00804082490503788,-2.1344428062438965,0.9497238993644714,0.00915216188877821,0.0003,68,0.0,150.0,-16.63150425
70,6374,1400,0,0.12524297833442688,-2.136579990386963,0.847772479057312,0.05932095646858215,0.0003,69,0.0,150.0,-16.63150425
71,6380,1420,0,-0.12981650233268738,-2.1325533390045166,0.9534707069396973,0.01730111986398697,0.0003,70,0.0,150.0,-16.63150425
72,6395,1440,0,-0.0581306517124176,-2.1393063068389893,0.9469873905181885,0.012186199426651001,0.0003,71,0.0,150.0,-16.63150425
73,6382,1460,0,1.1425622701644897,-2.1420154571533203,0.4927465319633484,0.905431866645813,0.0003,72,0.0,150.0,-16.63150425
74,6386,1480,0,0.026440272107720375,-2.139803647994995,0.8681342005729675,0.047162510454654694,0.0003,73,0.0,150.0,-16.63150425
75,6397,1500,0,0.02014610543847084,-2.142488956451416,0.8842362761497498,0.04673517867922783,0.0003,74,0.0,150.0,-16.63150425
76,6410,1520,0,-0.18327471613883972,-2.150350570678711,0.8862044811248779,0.032459430396556854,0.0003,75,0.0,150.0,-16.63150425
77,6413,1540,0,-0.3954614996910095,-2.154548168182373,0.7654525637626648,0.06486795842647552,0.0003,76,0.0,150.0,-16.63150425
78,6426,1560,0,-0.3703804314136505,-2.150334119796753,-0.723812460899353,0.1034427285194397,0.0003,77,0.0,150.0,-16.63150425
79,6437,1580,0,-0.37185442447662354,-2.1498918533325195,0.2758905291557312,0.057955849915742874,0.0003,78,0.0,150.0,-16.63150425
80,6447,1600,0,-0.39092496037483215,-2.152148485183716,0.14293396472930908,0.11687769740819931,0.0003,79,0.0,150.0,-16.63150425
81,6460,1620,0,-0.7024248838424683,-2.151078701019287,-0.12191486358642578,0.16037198901176453,0.0003,80,0.0,150.0,-16.63150425
82,6466,1640,0,-0.9503480792045593,-2.153378963470459,-0.060181379318237305,0.24268591403961182,0.0003,81,0.0,150.0,-16.63150425
83,6474,1660,0,-0.7483163475990295,-2.1531739234924316,-0.028054237365722656,0.1967845857143402,0.0003,82,0.0,150.0,-16.63150425
84,6487,1680,0,-0.982397198677063,-2.1515769958496094,-0.1012810468673706,0.27125000953674316,0.0003,83,0.0,150.0,-16.63150425
85,6492,1700,0,-0.46205323934555054,-2.1481590270996094,0.18941307067871094,0.11419401317834854,0.0003,84,0.0,150.0,-16.63150425
86,6504,1720,0,-0.9950218200683594,-2.152409315109253,0.061999738216400146,0.3219164311885834,0.0003,85,0.0,150.0,-16.63150425
87,6516,1740,0,-0.9330889582633972,-2.1563162803649902,0.16246432065963745,0.28454580903053284,0.0003,86,0.0,150.0,-16.63150425
88,6530,1760,0,-1.0989011526107788,-2.158580780029297,0.055754780769348145,0.41137194633483887,0.0003,87,0.0,150.0,-16.63150425
89,6530,1780,0,-1.0363709926605225,-2.15946888923645,0.11990374326705933,0.29494112730026245,0.0003,88,0.0,150.0,-16.63150425
90,6524,1800,0,-0.8602673411369324,-2.1578803062438965,-0.0076787471771240234,0.3230251371860504,0.0003,89,0.0,150.0,-16.311093999999997
91,6535,1820,0,-0.787635326385498,-2.162468910217285,0.029358863830566406,0.25376251339912415,0.0003,90,0.0,150.0,-16.311093999999997
92,6546,1840,0,0.80438232421875,-2.1666100025177,0.4269777536392212,0.19756415486335754,0.0003,91,0.0,150.0,-16.311093999999997
93,6558,1860,0,0.8164885640144348,-2.167595624923706,0.42579591274261475,0.26259925961494446,0.0003,92,0.0,150.0,-16.311093999999997
94,6570,1880,0,0.24730069935321808,-2.1641907691955566,0.7462973594665527,0.033436767756938934,0.0003,93,0.0,150.0,-16.311093999999997
95,6576,1900,0,-0.06007450073957443,-2.1662755012512207,0.5243805050849915,0.053685057908296585,0.0003,94,0.0,150.0,-16.311093999999997
96,6584,1920,0,0.2694593071937561,-2.1656129360198975,0.7088978290557861,0.06543179601430893,0.0003,95,0.0,150.0,-16.311093999999997
97,6587,1940,0,0.028087686747312546,-2.167574405670166,0.5952399969100952,0.12592430412769318,0.0003,96,0.0,150.0,-16.311093999999997
98,6594,1960,0,-0.16597263514995575,-2.1713709831237793,0.8422954678535461,0.05057407543063164,0.0003,97,0.0,150.0,-16.311093999999997
99,6604,1980,0,0.07498980313539505,-2.174799680709839,0.7136208415031433,0.09666857868432999,0.0003,98,0.0,150.0,-16.311093999999997
100,6615,2000,0,-0.4496506154537201,-2.173750877380371,0.9446458220481873,0.054219186305999756,0.0003,99,0.0,150.0,-16.311093999999997
101,6626,2020,0,-0.54067462682724,-2.1741127967834473,0.8907738327980042,0.08556978404521942,0.0003,100,0.0,150.0,-16.311093999999997
102,6637,2040,0,-0.3219015598297119,-2.1742687225341797,0.7372157573699951,0.049921028316020966,0.0003,101,0.0,150.0,-16.311093999999997
103,6646,2060,0,0.914513885974884,-2.176302671432495,-0.3550785779953003,1.5858815908432007,0.0003,102,0.0,150.0,-16.311093999999997
104,6656,2080,0,-0.19015643000602722,-2.17476749420166,-0.4678356647491455,0.09198719263076782,0.0003,103,0.0,150.0,-16.311093999999997
105,6665,2100,0,-0.2677043080329895,-2.170114278793335,0.10540419816970825,0.1777629405260086,0.0003,104,0.0,150.0,-16.311093999999997
106,6673,2120,0,-0.5121650099754333,-2.1663460731506348,0.3901936411857605,0.11276744306087494,0.0003,105,0.0,150.0,-16.311093999999997
107,6678,2140,0,-0.1250196397304535,-2.1638293266296387,0.10782718658447266,0.07992612570524216,0.0003,106,0.0,150.0,-16.311093999999997
108,6682,2160,0,-0.8222358822822571,-2.1596245765686035,0.3170546889305115,0.17975632846355438,0.0003,107,0.0,150.0,-16.311093999999997
109,6682,2180,0,-0.4529305398464203,-2.1594271659851074,-0.10806357860565186,0.49802422523498535,0.0003,108,0.0,150.0,-16.311093999999997
110,6690,2200,0,-0.26048630475997925,-2.156499147415161,-0.044948577880859375,0.3848035931587219,0.0003,109,0.0,150.0,-16.311093999999997
111,6699,2220,0,-0.29730233550071716,-2.1523571014404297,-0.014628171920776367,0.3040529489517212,0.0003,110,0.0,150.0,-16.311093999999997
112,6708,2240,0,-1.003221035003662,-2.139162063598633,0.028545022010803223,0.28338560461997986,0.0003,111,0.0,150.0,-16.311093999999997
113,6717,2260,0,-0.5590125322341919,-2.1377243995666504,0.00885540246963501,0.21452514827251434,0.0003,112,0.0,150.0,-16.311093999999997
114,6715,2280,0,-0.961600124835968,-2.1322083473205566,0.05130535364151001,0.22718453407287598,0.0003,113,0.0,150.0,-16.311093999999997
115,6718,2300,0,-0.570259153842926,-2.129180431365967,0.012962043285369873,0.4828766882419586,0.0003,114,0.0,150.0,-16.311093999999997
116,6718,2320,0,-0.30123764276504517,-2.1172940731048584,0.00789862871170044,0.6501728296279907,0.0003,115,0.0,150.0,-16.311093999999997
117,6713,2340,0,-0.4667709469795227,-2.1064114570617676,0.04758119583129883,0.33986085653305054,0.0003,116,0.0,150.0,-16.311093999999997
118,6711,2360,0,-0.8280460238456726,-2.0923850536346436,-0.01356816291809082,0.23321790993213654,0.0003,117,0.0,150.0,-16.311093999999997
119,6695,2380,0,-0.8930885195732117,-2.0922458171844482,0.0710868239402771,0.29325979948043823,0.0003,118,0.0,150.0,-16.311093999999997
120,6691,2400,0,-1.0525158643722534,-2.097353458404541,0.12768524885177612,0.27280905842781067,0.0003,119,0.0,150.0,-16.0345739375
121,6698,2420,0,-0.9863020181655884,-2.0954978466033936,0.11178481578826904,0.43831729888916016,0.0003,120,0.0,150.0,-16.0345739375
122,6705,2440,0,0.7473386526107788,-2.1423325538635254,0.21327710151672363,0.1549818366765976,0.0003,121,0.0,150.0,-16.0345739375
123,6710,2460,0,0.15401068329811096,-2.140591621398926,0.44386130571365356,0.03460739925503731,0.0003,122,0.0,150.0,-16.0345739375
124,6718,2480,0,-0.08094112575054169,-2.1321492195129395,0.6626158952713013,0.017846858128905296,0.0003,123,0.0,150.0,-16.0345739375
125,6724,2500,0,0.3204048275947571,-2.1328840255737305,0.2930135726928711,0.0529310405254364,0.0003,124,0.0,150.0,-16.0345739375
126,6731,2520,0,0.03275351598858833,-2.135558605194092,0.6693663597106934,0.03590002283453941,0.0003,125,0.0,150.0,-16.0345739375
127,6731,2540,0,0.1454344093799591,-2.1314196586608887,0.6506731510162354,0.08002917468547821,0.0003,126,0.0,150.0,-16.0345739375
128,6738,2560,0,-0.022346006706357002,-2.1361243724823,-0.15153789520263672,0.06727935373783112,0.0003,127,0.0,150.0,-16.0345739375
129,6746,2580,0,0.3762255609035492,-2.1310853958129883,-0.09767460823059082,0.1536572277545929,0.0003,128,0.0,150.0,-16.0345739375
130,6749,2600,0,0.04572165757417679,-2.1302478313446045,0.18334317207336426,0.02876758575439453,0.0003,129,0.0,150.0,-16.0345739375
131,6755,2620,0,0.22517254948616028,-2.13376522064209,0.5597241520881653,0.04074163734912872,0.0003,130,0.0,150.0,-16.0345739375
132,6763,2640,0,-0.2359306514263153,-2.135439157485962,0.6117762923240662,0.020690586417913437,0.0003,131,0.0,150.0,-16.0345739375
133,6771,2660,0,-0.2788778841495514,-2.1365807056427,0.34308379888534546,0.030945349484682083,0.0003,132,0.0,150.0,-16.0345739375
134,6778,2680,0,-0.04769517853856087,-2.137061595916748,0.6282687187194824,0.012265769764780998,0.0003,133,0.0,150.0,-16.0345739375
135,6766,2700,0,-0.4413936734199524,-2.1411819458007812,-0.8515024185180664,0.08640541136264801,0.0003,134,0.0,150.0,-16.0345739375
136,6771,2720,0,-0.1302960366010666,-2.1379666328430176,-0.22594261169433594,0.14476421475410461,0.0003,135,0.0,150.0,-16.0345739375
137,6777,2740,0,-0.2816563844680786,-2.1431725025177,0.1953524947166443,0.06640543043613434,0.0003,136,0.0,150.0,-16.0345739375
138,6782,2760,0,-0.4125843644142151,-2.1501994132995605,0.16549170017242432,0.11238713562488556,0.0003,137,0.0,150.0,-16.0345739375
139,6784,2780,0,-0.4120422303676605,-2.145703077316284,0.20068681240081787,0.0674513429403305,0.0003,138,0.0,150.0,-16.0345739375
140,6788,2800,0,-0.43818235397338867,-2.145704746246338,0.0633772611618042,0.08209029585123062,0.0003,139,0.0,150.0,-16.0345739375
141,6794,2820,0,-0.42337554693222046,-2.143256187438965,-0.292549729347229,0.04797478765249252,0.0003,140,0.0,150.0,-16.0345739375
142,6798,2840,0,-0.06286464631557465,-2.141540288925171,-0.044098496437072754,0.19801411032676697,0.0003,141,0.0,150.0,-16.0345739375
143,6799,2860,0,-0.3434751629829407,-2.1204512119293213,-0.12367582321166992,0.05904091149568558,0.0003,142,0.0,150.0,-16.0345739375
144,6804,2880,0,-0.5790972113609314,-2.1180195808410645,-0.06502056121826172,0.13888771831989288,0.0003,143,0.0,150.0,-16.0345739375
145,6807,2900,0,-0.5501983165740967,-2.1131231784820557,0.09560757875442505,0.11514435708522797,0.0003,144,0.0,150.0,-16.0345739375
146,6808,2920,0,-0.6686614751815796,-2.1132068634033203,0.032788217067718506,0.15171180665493011,0.0003,145,0.0,150.0,-16.0345739375
147,6814,2940,0,-0.4359520375728607,-2.119480609893799,-0.06141853332519531,0.07433221489191055,0.0003,146,0.0,150.0,-16.0345739375
148,6820,2960,0,-0.4180598855018616,-2.1192479133605957,-0.03507053852081299,0.31579020619392395,0.0003,147,0.0,150.0,-16.0345739375
149,6823,2980,0,-0.7471234202384949,-2.1177501678466797,0.1014786958694458,0.19491326808929443,0.0003,148,0.0,150.0,-16.0345739375
150,6821,3000,0,-0.8326083421707153,-2.1196467876434326,0.10768944025039673,0.19459399580955505,0.0003,149,0.0,150.0,-15.642034200000001
151,6822,3020,0,0.8552652597427368,-2.118837356567383,0.009335339069366455,2.5071353912353516,0.0003,150,0.0,150.0,-15.642034200000001
152,6829,3040,0,0.5294038653373718,-2.148906707763672,0.2956005930900574,0.08031243085861206,0.0003,151,0.0,150.0,-15.642034200000001
153,6834,3060,0,0.2987562119960785,-2.151205539703369,0.37086254358291626,0.051424551755189896,0.0003,152,0.0,150.0,-15.642034200000001
154,6835,3080,0,0.17328529059886932,-2.151495933532715,0.4071439504623413,0.030049080029129982,0.0003,153,0.0,150.0,-15.642034200000001
155,6842,3100,0,0.12222597748041153,-2.153916358947754,-0.11749148368835449,0.07903613150119781,0.0003,154,0.0,150.0,-15.642034200000001
156,6848,3120,0,-0.1301933079957962,-2.1542630195617676,0.7128455638885498,0.03493373468518257,0.0003,155,0.0,150.0,-15.642034200000001
157,6852,3140,0,0.20031233131885529,-2.1561927795410156,0.5618128776550293,0.12026672065258026,0.0003,156,0.0,150.0,-15.642034200000001
158,6857,3160,0,-0.09200213849544525,-2.15568470954895,0.6342964172363281,0.12228524684906006,0.0003,157,0.0,150.0,-15.642034200000001
159,6864,3180,0,-0.10834230482578278,-2.1606056690216064,0.749278724193573,0.10043760389089584,0.0003,158,0.0,150.0,-15.642034200000001
160,6867,3200,0,-0.2231055051088333,-2.1648800373077393,0.796071469783783,0.07944028079509735,0.0003,159,0.0,150.0,-15.642034200000001
161,6859,3220,0,-0.29963502287864685,-2.1581931114196777,0.8400188684463501,0.06383101642131805,0.0003,160,0.0,150.0,-15.642034200000001
162,6862,3240,0,-0.33036449551582336,-2.158433437347412,0.7721983790397644,0.08557923883199692,0.0003,161,0.0,150.0,-15.642034200000001
163,6867,3260,0,-0.522039532661438,-2.158914089202881,0.7181061506271362,0.09056307375431061,0.0003,162,0.0,150.0,-15.642034200000001
164,6873,3280,0,-0.5869848132133484,-2.1574182510375977,0.6973907947540283,0.11483500152826309,0.0003,163,0.0,150.0,-15.642034200000001
165,6878,3300,0,-0.8086268305778503,-2.157400369644165,0.6124163866043091,0.17234984040260315,0.0003,164,0.0,150.0,-15.642034200000001
166,6884,3320,0,0.0056153773330152035,-2.1556293964385986,-0.03373908996582031,0.20763356983661652,0.0003,165,0.0,150.0,-15.642034200000001
167,6889,3340,0,-0.49073800444602966,-2.1634697914123535,0.20423883199691772,0.2845454514026642,0.0003,166,0.0,150.0,-15.642034200000001
168,6895,3360,0,-0.6753742694854736,-2.160465717315674,0.07570260763168335,0.22532418370246887,0.0003,167,0.0,150.0,-15.642034200000001
169,6895,3380,0,-0.3116125464439392,-2.156090259552002,0.05279427766799927,0.3556838631629944,0.0003,168,0.0,150.0,-15.642034200000001
170,6900,3400,0,-0.9315655827522278,-2.1524641513824463,0.2844812273979187,0.2224206030368805,0.0003,169,0.0,150.0,-15.642034200000001
171,6901,3420,0,-0.5679640173912048,-2.149806499481201,0.26333409547805786,0.1349378377199173,0.0003,170,0.0,150.0,-15.642034200000001
172,6905,3440,0,-0.4815066456794739,-2.148996114730835,0.33403992652893066,0.09386055171489716,0.0003,171,0.0,150.0,-15.642034200000001
173,6910,3460,0,0.42732781171798706,-2.14357590675354,-0.1167151927947998,1.2615435123443604,0.0003,172,0.0,150.0,-15.642034200000001
174,6911,3480,0,-0.5188504457473755,-2.1427953243255615,0.17199474573135376,0.22731904685497284,0.0003,173,0.0,150.0,-15.642034200000001
175,6913,3500,0,-0.6041814088821411,-2.145106554031372,0.3071673512458801,0.19172242283821106,0.0003,174,0.0,150.0,-15.642034200000001
176,6904,3520,0,-0.7346421480178833,-2.1443798542022705,0.2434840202331543,0.24257144331932068,0.0003,175,0.0,150.0,-15.642034200000001
177,6901,3540,0,-0.8046835660934448,-2.1402344703674316,0.30707478523254395,0.24654114246368408,0.0003,176,0.0,150.0,-15.642034200000001
178,6902,3560,0,-0.1584082394838333,-2.1419997215270996,0.13147073984146118,0.44582825899124146,0.0003,177,0.0,150.0,-15.642034200000001
179,6891,3580,0,-0.7795402407646179,-2.1481919288635254,0.2892376184463501,0.20940032601356506,0.0003,178,0.0,150.0,-15.642034200000001
180,6889,3600,0,-0.7209304571151733,-2.1492207050323486,0.3463171124458313,0.14174173772335052,0.0003,179,0.0,150.0,-16.198509708333333
181,6893,3620,0,-0.6929312944412231,-2.1482796669006348,0.2267211675643921,0.1406981348991394,0.0003,180,0.0,150.0,-16.198509708333333
182,6898,3640,0,0.6198024749755859,-2.1715176105499268,0.3597247004508972,0.1411558836698532,0.0003,181,0.0,150.0,-16.198509708333333
183,6893,3660,0,0.591995120048523,-2.169154644012451,-0.4037950038909912,0.1323491632938385,0.0003,182,0.0,150.0,-16.198509708333333
184,6897,3680,0,0.5106952786445618,-2.168846368789673,0.5828113555908203,0.06956643611192703,0.0003,183,0.0,150.0,-16.198509708333333
185,6901,3700,0,0.4135092794895172,-2.1683664321899414,0.48942530155181885,0.07075109332799911,0.0003,184,0.0,150.0,-16.198509708333333
186,6901,3720,0,0.48529553413391113,-2.1655659675598145,0.2757296562194824,0.09181182086467743,0.0003,185,0.0,150.0,-16.198509708333333
187,6903,3740,0,0.36791083216667175,-2.1625897884368896,0.7647616863250732,0.03718864917755127,0.0003,186,0.0,150.0,-16.198509708333333
188,6906,3760,0,0.10730437934398651,-2.161458969116211,0.7877703309059143,0.008570084348320961,0.0003,187,0.0,150.0,-16.198509708333333
189,6910,3780,0,0.38156217336654663,-2.159618854522705,0.44274890422821045,0.10410018265247345,0.0003,188,0.0,150.0,-16.198509708333333
190,6914,3800,0,0.003590887878090143,-2.1593127250671387,0.6854622960090637,0.046494051814079285,0.0003,189,0.0,150.0,-16.198509708333333
191,6919,3820,0,-0.11353544890880585,-2.1631760597229004,0.82467120885849,0.021204641088843346,0.0003,190,0.0,150.0,-16.198509708333333
192,6922,3840,0,-0.025312503799796104,-2.165240526199341,0.813040018081665,0.033583588898181915,0.0003,191,0.0,150.0,-16.198509708333333
193,6919,3860,0,-0.004153055138885975,-2.1635489463806152,0.7400734424591064,0.030615856871008873,0.0003,192,0.0,150.0,-16.198509708333333
194,6923,3880,0,-0.013098989613354206,-2.165295124053955,0.900436520576477,0.018696237355470657,0.0003,193,0.0,150.0,-16.198509708333333
195,6923,3900,0,-0.1911052167415619,-2.164086103439331,0.9219160079956055,0.02113281935453415,0.0003,194,0.0,150.0,-16.198509708333333
196,6922,3920,0,-0.16144028306007385,-2.1646039485931396,0.8985506296157837,0.01366975624114275,0.0003,195,0.0,150.0,-16.198509708333333
197,6921,3940,0,-0.2892584800720215,-2.1633129119873047,0.9266596436500549,0.027075927704572678,0.0003,196,0.0,150.0,-16.198509708333333
198,6919,3960,0,-0.2278442680835724,-2.1666088104248047,0.9188134670257568,0.017512524500489235,0.0003,197,0.0,150.0,-16.198509708333333
199,6923,3980,0,0.16603489220142365,-2.1677825450897217,0.5026556849479675,0.14951542019844055,0.0003,198,0.0,150.0,-16.198509708333333
200,6927,4000,0,-0.33722004294395447,-2.1634504795074463,0.8383779525756836,0.04616078361868858,0.0003,199,0.0,150.0,-16.198509708333333
201,6932,4020,0,-0.39775508642196655,-2.1607513427734375,0.7142225503921509,0.10505799949169159,0.0003,200,0.0,150.0,-16.198509708333333
202,6936,4040,0,-0.5422170758247375,-2.1622772216796875,0.7779842019081116,0.09062571078538895,0.0003,201,0.0,150.0,-16.198509708333333
203,6937,4060,0,-0.6317806243896484,-2.1605801582336426,0.5737900733947754,0.1948455572128296,0.0003,202,0.0,150.0,-16.198509708333333
204,6939,4080,0,-0.5876322984695435,-2.1615352630615234,0.5613116025924683,0.1639557182788849,0.0003,203,0.0,150.0,-16.198509708333333
205,6942,4100,0,-0.9769425392150879,-2.158285617828369,0.45492392778396606,0.38273096084594727,0.0003,204,0.0,150.0,-16.198509708333333
206,6946,4120,0,-0.7279229164123535,-2.159027576446533,0.5800081491470337,0.20675095915794373,0.0003,205,0.0,150.0,-16.198509708333333
207,6949,4140,0,-0.7617597579956055,-2.1580939292907715,0.42035216093063354,0.27954983711242676,0.0003,206,0.0,150.0,-16.198509708333333
208,6953,4160,0,-0.9769169092178345,-2.16133975982666,0.44430071115493774,0.39186376333236694,0.0003,207,0.0,150.0,-16.198509708333333
209,6958,4180,0,-1.1924145221710205,-2.1595215797424316,0.31551164388656616,0.4539298117160797,0.0003,208,0.0,150.0,-16.198509708333333
210,6958,4200,0,-1.1169445514678955,-2.158367872238159,0.31612247228622437,0.4563590884208679,0.0003,209,0.0,150.0,-16.245827785714287
211,6960,4220,0,-1.1245214939117432,-2.158700466156006,0.2487626075744629,0.42445677518844604,0.0003,210,0.0,150.0,-16.245827785714287
212,6961,4240,0,0.5342639088630676,-2.1754448413848877,0.36982572078704834,0.08847899734973907,0.0003,211,0.0,150.0,-16.245827785714287
213,6964,4260,0,0.039835743606090546,-2.1755409240722656,0.5585556030273438,0.01857677474617958,0.0003,212,0.0,150.0,-16.245827785714287
214,6967,4280,0,-0.07532873749732971,-2.177615165710449,0.813171923160553,0.014903229661285877,0.0003,213,0.0,150.0,-16.245827785714287
215,6968,4300,0,-0.0038560598623007536,-2.1762614250183105,0.6460527181625366,0.0635499358177185,0.0003,214,0.0,150.0,-16.245827785714287
216,6971,4320,0,0.10037124156951904,-2.1737115383148193,0.7186291217803955,0.017341433092951775,0.0003,215,0.0,150.0,-16.245827785714287
217,6975,4340,0,-0.12813547253608704,-2.1747004985809326,0.6951884031295776,0.06305733323097229,0.0003,216,0.0,150.0,-16.245827785714287
218,6979,4360,0,-0.23479898273944855,-2.179927349090576,0.7462351322174072,0.07366929203271866,0.0003,217,0.0,150.0,-16.245827785714287
219,6982,4380,0,0.4364263117313385,-2.1805500984191895,0.3041965961456299,0.14669497311115265,0.0003,218,0.0,150.0,-16.245827785714287
220,6986,4400,0,0.49734607338905334,-2.1781108379364014,0.42757898569107056,0.4715721607208252,0.0003,219,0.0,150.0,-16.245827785714287
221,6990,4420,0,-0.5029476284980774,-2.1774048805236816,0.7670808434486389,0.1716093271970749,0.0003,220,0.0,150.0,-16.245827785714287
222,6991,4440,0,0.19047553837299347,-2.1772239208221436,0.5721564292907715,0.2484389990568161,0.0003,221,0.0,150.0,-16.245827785714287
223,6995,4460,0,0.008843189105391502,-2.173828601837158,0.6989051103591919,0.18446573615074158,0.0003,222,0.0,150.0,-16.245827785714287
224,6996,4480,0,-0.08045319467782974,-2.1664490699768066,0.9066042900085449,0.05497470498085022,0.0003,223,0.0,150.0,-16.245827785714287
225,6999,4500,0,0.3800947666168213,-2.1594574451446533,0.8124701380729675,0.1536933183670044,0.0003,224,0.0,150.0,-16.245827785714287
226,7003,4520,0,-0.41514891386032104,-2.1579811573028564,0.901212751865387,0.14016196131706238,0.0003,225,0.0,150.0,-16.245827785714287
227,7006,4540,0,-0.5716854333877563,-2.1577141284942627,0.8525859117507935,0.17529021203517914,0.0003,226,0.0,150.0,-16.245827785714287
228,7010,4560,0,-0.35321322083473206,-2.1536192893981934,0.8739859461784363,0.10607819259166718,0.0003,227,0.0,150.0,-16.245827785714287
229,7011,4580,0,-0.805316150188446,-2.1493077278137207,0.8754711747169495,0.24974994361400604,0.0003,228,0.0,150.0,-16.245827785714287
230,7012,4600,0,0.6553152203559875,-2.148127794265747,0.10127812623977661,1.229048490524292,0.0003,229,0.0,150.0,-16.245827785714287
231,7016,4620,0,0.1909901350736618,-2.1426515579223633,0.21871185302734375,0.5270360112190247,0.0003,230,0.0,150.0,-16.245827785714287
232,7019,4640,0,-0.07898890972137451,-2.1385338306427,0.5348347425460815,0.20219770073890686,0.0003,231,0.0,150.0,-16.245827785714287
233,7022,4660,0,-0.7325859069824219,-2.119640827178955,0.8761743903160095,0.1674434095621109,0.0003,232,0.0,150.0,-16.245827785714287
234,7013,4680,0,-0.06558820605278015,-2.1191020011901855,0.33426982164382935,0.3081698417663574,0.0003,233,0.0,150.0,-16.245827785714287
235,7017,4700,0,-0.5210028886795044,-2.1090614795684814,0.5296415686607361,0.18501445651054382,0.0003,234,0.0,150.0,-16.245827785714287
236,7019,4720,0,-0.989764392375946,-2.1058595180511475,0.5638517141342163,0.32846277952194214,0.0003,235,0.0,150.0,-16.245827785714287
237,7021,4740,0,-1.1464197635650635,-2.097942352294922,0.4559224247932434,0.3613381087779999,0.0003,236,0.0,150.0,-16.245827785714287
238,7020,4760,0,-1.1126543283462524,-2.093623399734497,0.35243356227874756,0.3779003620147705,0.0003,237,0.0,150.0,-16.245827785714287
239,7023,4780,0,-0.8326981663703918,-2.0934388637542725,0.28202950954437256,0.3673476576805115,0.0003,238,0.0,150.0,-16.245827785714287
240,7021,4800,0,-1.1873308420181274,-2.093479633331299,0.30650150775909424,0.4727228283882141,0.0003,239,0.0,150.0,-16.386550968749997
241,7023,4820,0,-0.9256719350814819,-2.0975565910339355,0.225233256816864,0.347761332988739,0.0003,240,0.0,150.0,-16.386550968749997
242,7024,4840,0,0.5598775148391724,-2.160491466522217,0.39416277408599854,0.08764727413654327,0.0003,241,0.0,150.0,-16.386550968749997
243,7027,4860,0,0.1600361466407776,-2.159252643585205,0.3768918514251709,0.034807782620191574,0.0003,242,0.0,150.0,-16.386550968749997
244,7028,4880,0,0.05680767446756363,-2.1565444469451904,0.758674144744873,0.018309181556105614,0.0003,243,0.0,150.0,-16.386550968749997
245,7031,4900,0,0.009084662422537804,-2.159287214279175,0.5931023359298706,0.053261298686265945,0.0003,244,0.0,150.0,-16.386550968749997
246,7035,4920,0,0.16613298654556274,-2.1620993614196777,0.8235111236572266,0.030574530363082886,0.0003,245,0.0,150.0,-16.386550968749997
247,7038,4940,0,0.07974550127983093,-2.165287494659424,0.6739245653152466,0.09217947721481323,0.0003,246,0.0,150.0,-16.386550968749997
248,7041,4960,0,-0.11321885883808136,-2.1692850589752197,0.9168522357940674,0.021359935402870178,0.0003,247,0.0,150.0,-16.386550968749997
249,7044,4980,0,0.01599987968802452,-2.168531656265259,0.9639168381690979,0.007801020052284002,0.0003,248,0.0,150.0,-16.386550968749997
250,7047,5000,0,0.11892731487751007,-2.167417049407959,0.8590512871742249,0.05937353894114494,0.0003,249,0.0,150.0,-16.386550968749997
251,7048,5020,0,-0.3843514323234558,-2.1634843349456787,0.8018057942390442,0.0839482769370079,0.0003,250,0.0,150.0,-16.386550968749997
252,7050,5040,0,0.2486162632703781,-2.1626389026641846,0.1848934292793274,0.36277443170547485,0.0003,251,0.0,150.0,-16.386550968749997
253,7053,5060,0,-0.11974330246448517,-2.160088062286377,0.9047719836235046,0.031553320586681366,0.0003,252,0.0,150.0,-16.386550968749997
254,7057,5080,0,-0.046738047152757645,-2.1581952571868896,0.9007497429847717,0.028789794072508812,0.0003,253,0.0,150.0,-16.386550968749997
255,7058,5100,0,1.3264350891113281,-2.1517064571380615,-0.3159024715423584,1.3108824491500854,0.0003,254,0.0,150.0,-16.386550968749997
256,7061,5120,0,0.2000083476305008,-2.1522374153137207,0.3635093569755554,0.2924688756465912,0.0003,255,0.0,150.0,-16.386550968749997
257,7064,5140,0,0.3359878361225128,-2.1467158794403076,0.35115498304367065,0.6159192323684692,0.0003,256,0.0,150.0,-16.386550968749997
258,7067,5160,0,-0.15754517912864685,-2.1386799812316895,0.7404720783233643,0.15249678492546082,0.0003,257,0.0,150.0,-16.386550968749997
259,7070,5180,0,-0.5379775762557983,-2.1391022205352783,0.863676905632019,0.15369564294815063,0.0003,258,0.0,150.0,-16.386550968749997
260,7073,5200,0,0.2972225546836853,-2.1361284255981445,0.3426326513290405,0.5976342558860779,0.0003,259,0.0,150.0,-16.386550968749997
261,7075,5220,0,-0.49933332204818726,-2.131080150604248,0.9105340838432312,0.11804888397455215,0.0003,260,0.0,150.0,-16.386550968749997
262,7076,5240,0,-0.48857641220092773,-2.126065969467163,0.8301150798797607,0.1404043734073639,0.0003,261,0.0,150.0,-16.386550968749997
263,7079,5260,0,-0.08754192292690277,-2.119596004486084,0.3604635000228882,0.46799182891845703,0.0003,262,0.0,150.0,-16.386550968749997
264,7082,5280,0,-0.6267505884170532,-2.123037576675415,0.7828372716903687,0.1829853057861328,0.0003,263,0.0,150.0,-16.386550968749997
265,7085,5300,0,-0.6447631120681763,-2.122230052947998,0.8682690262794495,0.12775859236717224,0.0003,264,0.0,150.0,-16.386550968749997
266,7089,5320,0,-0.3534804880619049,-2.11871337890625,0.8374201655387878,0.06548239290714264,0.0003,265,0.0,150.0,-16.386550968749997
267,7092,5340,0,-0.5090318322181702,-2.1168904304504395,0.7537828683853149,0.15363073348999023,0.0003,266,0.0,150.0,-16.386550968749997
268,7095,5360,0,-0.438535213470459,-2.1200110912323,0.6713125109672546,0.17370502650737762,0.0003,267,0.0,150.0,-16.386550968749997
269,7097,5380,0,-0.33032143115997314,-2.116259813308716,0.6687502861022949,0.14215373992919922,0.0003,268,0.0,150.0,-16.386550968749997
270,7097,5400,0,-0.4499841630458832,-2.1103179454803467,0.6784871816635132,0.09579692780971527,0.0003,269,0.0,150.0,-15.80345297222222
271,7099,5420,0,-0.6096097826957703,-2.1138834953308105,0.6831914186477661,0.10065772384405136,0.0003,270,0.0,150.0,-15.80345297222222
272,7102,5440,0,0.12935438752174377,-2.1598408222198486,0.0156710147857666,0.07923142611980438,0.0003,271,0.0,150.0,-15.80345297222222
273,7105,5460,0,0.6593654155731201,-2.1637232303619385,0.4066126346588135,0.3627505898475647,0.0003,272,0.0,150.0,-15.80345297222222
274,7109,5480,0,-0.18089263141155243,-2.160614490509033,0.8444618582725525,0.07089383155107498,0.0003,273,0.0,150.0,-15.80345297222222
275,7102,5500,0,0.025104794651269913,-2.153743267059326,0.8967663049697876,0.049796223640441895,0.0003,274,0.0,150.0,-15.80345297222222
276,7103,5520,0,0.12086065113544464,-2.1549105644226074,0.9299097061157227,0.0412137508392334,0.0003,275,0.0,150.0,-15.80345297222222
277,7105,5540,0,-0.10201821476221085,-2.1545615196228027,0.9313974380493164,0.05290193110704422,0.0003,276,0.0,150.0,-15.80345297222222
278,7108,5560,0,-0.18912449479103088,-2.1500167846679688,0.9551510810852051,0.04093003273010254,0.0003,277,0.0,150.0,-15.80345297222222
279,7110,5580,0,-0.3093460202217102,-2.1508915424346924,0.9324538707733154,0.083367720246315,0.0003,278,0.0,150.0,-15.80345297222222
280,7113,5600,0,-0.2112746685743332,-2.1438891887664795,0.9832680821418762,0.022344686090946198,0.0003,279,0.0,150.0,-15.80345297222222
281,7115,5620,0,0.04177074879407883,-2.145780563354492,0.9300360679626465,0.0385228767991066,0.0003,280,0.0,150.0,-15.80345297222222
282,7117,5640,0,-0.19613006711006165,-2.1463723182678223,0.8448610901832581,0.16829483211040497,0.0003,281,0.0,150.0,-15.80345297222222
283,7116,5660,0,-0.6241852045059204,-2.140929937362671,0.9195413589477539,0.17513354122638702,0.0003,282,0.0,150.0,-15.80345297222222
284,7118,5680,0,-0.15305426716804504,-2.138784885406494,0.84521484375,0.16985997557640076,0.0003,283,0.0,150.0,-15.80345297222222
285,7119,5700,0,1.4572207927703857,-2.124434232711792,-0.8243123292922974,1.1030139923095703,0.0003,284,0.0,150.0,-15.80345297222222
286,7122,5720,0,-0.2803087830543518,-2.1223602294921875,0.8609302639961243,0.14376036822795868,0.0003,285,0.0,150.0,-15.80345297222222
287,7116,5740,0,0.12979437410831451,-2.1190905570983887,0.13573044538497925,0.49168211221694946,0.0003,286,0.0,150.0,-15.80345297222222
288,7117,5760,0,-0.19704560935497284,-2.1099934577941895,0.9566481113433838,0.02211015485227108,0.0003,287,0.0,150.0,-15.80345297222222
289,7119,5780,0,0.2526763677597046,-2.1091320514678955,-0.10631513595581055,0.3532569706439972,0.0003,288,0.0,150.0,-15.80345297222222
290,7122,5800,0,-0.6096481084823608,-2.117056369781494,0.7538909912109375,0.11695341765880585,0.0003,289,0.0,150.0,-15.80345297222222
291,7123,5820,0,-0.7264458537101746,-2.11210298538208,0.5327310562133789,0.20602984726428986,0.0003,290,0.0,150.0,-15.80345297222222
292,7126,5840,0,-0.37077003717422485,-2.1121060848236084,0.039910316467285156,0.4407668113708496,0.0003,291,0.0,150.0,-15.80345297222222
293,7124,5860,0,-0.8227325677871704,-2.119340181350708,0.36046743392944336,0.21040181815624237,0.0003,292,0.0,150.0,-15.80345297222222
294,7123,5880,0,-1.0858874320983887,-2.116097927093506,0.013414442539215088,0.3042479157447815,0.0003,293,0.0,150.0,-15.80345297222222
295,7125,5900,0,-1.0873019695281982,-2.11099910736084,0.22125846147537231,0.33304810523986816,0.0003,294,0.0,150.0,-15.80345297222222
296,7126,5920,0,-0.7261351346969604,-2.1073367595672607,0.3447348475456238,0.1962364912033081,0.0003,295,0.0,150.0,-15.80345297222222
297,7128,5940,0,-0.8694406747817993,-2.1027469635009766,0.15649014711380005,0.25424426794052124,0.0003,296,0.0,150.0,-15.80345297222222
298,7130,5960,0,-1.027858853340149,-2.0988869667053223,0.10790771245956421,0.26076799631118774,0.0003,297,0.0,150.0,-15.80345297222222
299,7129,5980,0,-1.0036321878433228,-2.0945065021514893,0.04304647445678711,0.35772770643234253,0.0003,298,0.0,150.0,-15.80345297222222
300,7125,6000,0,-0.8647605180740356,-2.0956411361694336,0.015341758728027344,0.2625170052051544,0.0003,299,0.0,150.0,-15.937784525000001
301,7126,6020,0,-0.9478107690811157,-2.0930609703063965,0.016840636730194092,0.23443754017353058,0.0003,300,0.0,150.0,-15.937784525000001
302,7128,6040,0,0.40555721521377563,-2.1534743309020996,0.7891822457313538,0.058069128543138504,0.0003,301,0.0,150.0,-15.937784525000001
303,7130,6060,0,0.15636596083641052,-2.1539907455444336,0.6874104738235474,0.0662473663687706,0.0003,302,0.0,150.0,-15.937784525000001
304,7133,6080,0,0.2924681007862091,-2.1469476222991943,0.5633449554443359,0.08606339991092682,0.0003,303,0.0,150.0,-15.937784525000001
305,7131,6100,0,0.17041239142417908,-2.145674467086792,0.8218048810958862,0.06996466964483261,0.0003,304,0.0,150.0,-15.937784525000001
306,7134,6120,0,-0.13820885121822357,-2.1378238201141357,0.9127399921417236,0.028446555137634277,0.0003,305,0.0,150.0,-15.937784525000001
307,7137,6140,0,0.33420833945274353,-2.1304545402526855,0.8934668898582458,0.058087289333343506,0.0003,306,0.0,150.0,-15.937784525000001
308,7140,6160,0,-0.31323787569999695,-2.1297247409820557,0.9465447068214417,0.06444989144802094,0.0003,307,0.0,150.0,-15.937784525000001
309,7140,6180,0,-0.1582871973514557,-2.122323513031006,0.8849933743476868,0.17286494374275208,0.0003,308,0.0,150.0,-15.937784525000001
310,7142,6200,0,-0.5017255544662476,-2.1363747119903564,0.9182578921318054,0.17010168731212616,0.0003,309,0.0,150.0,-15.937784525000001
311,7143,6220,0,-0.2808651030063629,-2.1358606815338135,0.5914129614830017,0.3771668076515198,0.0003,310,0.0,150.0,-15.937784525000001
312,7143,6240,0,-0.6504179835319519,-2.1210367679595947,0.8751164078712463,0.2448391616344452,0.0003,311,0.0,150.0,-15.937784525000001
313,7144,6260,0,-0.42072731256484985,-2.114056348800659,0.9100571870803833,0.12166766077280045,0.0003,312,0.0,150.0,-15.937784525000001
314,7147,6280,0,-0.9985278248786926,-2.1125662326812744,0.8379761576652527,0.41472721099853516,0.0003,313,0.0,150.0,-15.937784525000001
315,7149,6300,0,-0.9030072093009949,-2.1117918491363525,0.7883824110031128,0.43969136476516724,0.0003,314,0.0,150.0,-15.937784525000001
316,7151,6320,0,-0.714142918586731,-2.1108059883117676,0.728567361831665,0.43406814336776733,0.0003,315,0.0,150.0,-15.937784525000001
317,7153,6340,0,-0.9921270608901978,-2.1144096851348877,0.8120613694190979,0.35986611247062683,0.0003,316,0.0,150.0,-15.937784525000001
318,7155,6360,0,-0.955258846282959,-2.1128876209259033,0.7643954157829285,0.4444127082824707,0.0003,317,0.0,150.0,-15.937784525000001
319,7156,6380,0,-0.8381311297416687,-2.111467123031616,0.7595860362052917,0.3113875091075897,0.0003,318,0.0,150.0,-15.937784525000001
320,7158,6400,0,-0.605774998664856,-2.10703182220459,0.5346255302429199,0.3687501549720764,0.0003,319,0.0,150.0,-15.937784525000001
321,7159,6420,0,-0.8289588689804077,-2.106990098953247,0.6486661434173584,0.3428345322608948,0.0003,320,0.0,150.0,-15.937784525000001
322,7161,6440,0,-1.0109102725982666,-2.11085844039917,0.6867737174034119,0.3520106375217438,0.0003,321,0.0,150.0,-15.937784525000001
323,7161,6460,0,-0.8662229776382446,-2.106107711791992,0.6139482259750366,0.298204243183136,0.0003,322,0.0,150.0,-15.937784525000001
324,7159,6480,0,-0.5277811288833618,-2.108476161956787,0.19610852003097534,0.5200962424278259,0.0003,323,0.0,150.0,-15.937784525000001
325,7159,6500,0,-0.8072447776794434,-2.109189987182617,0.39429497718811035,0.3297044336795807,0.0003,324,0.0,150.0,-15.937784525000001
326,7160,6520,0,-0.7423040866851807,-2.109633684158325,0.3905315399169922,0.18738435208797455,0.0003,325,0.0,150.0,-15.937784525000001
327,7163,6540,0,-0.5988742113113403,-2.1084530353546143,0.1354338526725769,0.1538240909576416,0.0003,326,0.0,150.0,-15.937784525000001
328,7165,6560,0,-0.3190328776836395,-2.110429525375366,0.06520599126815796,0.6555653214454651,0.0003,327,0.0,150.0,-15.937784525000001
329,7168,6580,0,-0.5728212594985962,-2.10347318649292,0.06824129819869995,0.12951070070266724,0.0003,328,0.0,150.0,-15.937784525000001
330,7168,6600,0,-0.39303168654441833,-2.104968786239624,0.07344555854797363,0.23593278229236603,0.0003,329,0.0,150.0,-16.4545195
331,7169,6620,0,0.12001083046197891,-2.1086249351501465,0.06148797273635864,0.4585338532924652,0.0003,330,0.0,150.0,-16.4545195
332,7172,6640,0,0.334261953830719,-2.1521263122558594,0.6274116635322571,0.03849661350250244,0.0003,331,0.0,150.0,-16.4545195
333,7174,6660,0,0.28809815645217896,-2.1557440757751465,0.8123065233230591,0.03155292198061943,0.0003,332,0.0,150.0,-16.4545195
334,7177,6680,0,-0.2082245796918869,-2.1547467708587646,0.8556088209152222,0.019271528348326683,0.0003,333,0.0,150.0,-16.4545195
335,7179,6700,0,-0.0579037182033062,-2.155890941619873,0.6569254994392395,0.04206394776701927,0.0003,334,0.0,150.0,-16.4545195
336,7182,6720,0,-0.21951782703399658,-2.1633243560791016,0.8683158159255981,0.030722444877028465,0.0003,335,0.0,150.0,-16.4545195
337,7182,6740,0,0.014238858595490456,-2.159191131591797,0.8130890130996704,0.09042713046073914,0.0003,336,0.0,150.0,-16.4545195
338,7184,6760,0,-0.36514967679977417,-2.1596970558166504,0.9177892208099365,0.07284744828939438,0.0003,337,0.0,150.0,-16.4545195
339,7186,6780,0,-0.30243223905563354,-2.156144618988037,0.9626054167747498,0.03179500624537468,0.0003,338,0.0,150.0,-16.4545195
340,7187,6800,0,-0.3239520490169525,-2.15413236618042,0.9391316175460815,0.036128707230091095,0.0003,339,0.0,150.0,-16.4545195
341,7189,6820,0,-0.2674885392189026,-2.149855136871338,0.9071767926216125,0.0479634664952755,0.0003,340,0.0,150.0,-16.4545195
342,7191,6840,0,1.259892225265503,-2.149994373321533,0.10059362649917603,2.108909845352173,0.0003,341,0.0,150.0,-16.4545195
343,7192,6860,0,0.33289414644241333,-2.1451032161712646,-0.020348072052001953,0.9320207834243774,0.0003,342,0.0,150.0,-16.4545195
344,7193,6880,0,0.22421927750110626,-2.130720615386963,0.22819757461547852,0.4101017117500305,0.0003,343,0.0,150.0,-16.4545195
345,7195,6900,0,-0.34730592370033264,-2.1272499561309814,0.6712244749069214,0.04613681882619858,0.0003,344,0.0,150.0,-16.4545195
346,7198,6920,0,0.25581255555152893,-2.119114637374878,0.18366020917892456,0.6455773711204529,0.0003,345,0.0,150.0,-16.4545195
347,7200,6940,0,0.35160112380981445,-2.1109347343444824,0.3703354597091675,0.4176276624202728,0.0003,346,0.0,150.0,-16.4545195
348,7202,6960,0,1.015468716621399,-2.110384702682495,0.24100905656814575,1.4297250509262085,0.0003,347,0.0,150.0,-16.4545195
349,7205,6980,0,-0.20657265186309814,-2.1011810302734375,0.5644272565841675,0.07157488167285919,0.0003,348,0.0,150.0,-16.4545195
350,7206,7000,0,1.0928212404251099,-2.0909194946289062,-0.21369755268096924,0.983711838722229,0.0003,349,0.0,150.0,-16.4545195
351,7207,7020,0,-0.1693400740623474,-2.085371494293213,0.382357656955719,0.1509084403514862,0.0003,350,0.0,150.0,-16.4545195
352,7209,7040,0,-0.9047476649284363,-2.080878734588623,0.18593955039978027,0.20846101641654968,0.0003,351,0.0,150.0,-16.4545195
353,7211,7060,0,-0.15115602314472198,-2.075096368789673,0.13763433694839478,0.5390810370445251,0.0003,352,0.0,150.0,-16.4545195
354,7212,7080,0,-0.4355722963809967,-2.0728771686553955,0.27497559785842896,0.23901815712451935,0.0003,353,0.0,150.0,-16.4545195
355,7214,7100,0,-0.3897278904914856,-2.0710177421569824,0.21523332595825195,0.35942551493644714,0.0003,354,0.0,150.0,-16.4545195
356,7216,7120,0,-0.606418788433075,-2.0654475688934326,0.019278287887573242,0.15687134861946106,0.0003,355,0.0,150.0,-16.4545195
357,7218,7140,0,-0.5592976808547974,-2.0687191486358643,-0.1636570692062378,0.23570096492767334,0.0003,356,0.0,150.0,-16.4545195
358,7220,7160,0,-0.8397547006607056,-2.073774814605713,-0.18972086906433105,0.2507397532463074,0.0003,357,0.0,150.0,-16.4545195
359,7222,7180,0,-0.5497632026672363,-2.0703444480895996,-0.1027061939239502,0.2764442563056946,0.0003,358,0.0,150.0,-16.4545195
360,7220,7200,0,-0.6099483966827393,-2.0759150981903076,-0.03758251667022705,0.24565091729164124,0.0003,359,0.0,150.0,-16.3723928125
361,7222,7220,0,-0.875076949596405,-2.076749324798584,-0.013507604598999023,0.2703532576560974,0.0003,360,0.0,150.0,-16.3723928125
362,7224,7240,1,0.2022150456905365,-2.1403212547302246,0.5998663902282715,0.03946644067764282,0.0003,361,0.0,150.0,-16.3723928125
363,7227,7260,1,0.4092065393924713,-2.1388306617736816,0.7006226778030396,0.1197226271033287,0.0003,362,0.0,150.0,-16.3723928125
364,7230,7280,1,0.07396809011697769,-2.1358697414398193,0.7558293342590332,0.10737373679876328,0.0003,363,0.0,150.0,-16.3723928125
365,7232,7300,1,-0.10686439275741577,-2.1336066722869873,0.8981080651283264,0.03847009316086769,0.0003,364,0.0,150.0,-16.3723928125
366,7234,7320,1,-0.08763764798641205,-2.141876459121704,0.842240571975708,0.04948222264647484,0.0003,365,0.0,150.0,-16.3723928125
367,7234,7340,1,-0.09298637509346008,-2.1278178691864014,0.78774094581604,0.05216817930340767,0.0003,366,0.0,150.0,-16.3723928125
368,7234,7360,1,-0.13548198342323303,-2.126317262649536,0.9569591283798218,0.013081436045467854,0.0003,367,0.0,150.0,-16.3723928125
369,7234,7380,1,0.13876542448997498,-2.130359649658203,0.7554680705070496,0.10288369655609131,0.0003,368,0.0,150.0,-16.3723928125
370,7232,7400,1,0.08820539712905884,-2.126518726348877,0.8142188787460327,0.0473293736577034,0.0003,369,0.0,150.0,-16.3723928125
371,7233,7420,1,-0.09832224994897842,-2.1314854621887207,0.4215009808540344,0.14152860641479492,0.0003,370,0.0,150.0,-16.3723928125
372,7234,7440,1,0.8382889032363892,-2.137600898742676,0.08714741468429565,1.3544142246246338,0.0003,371,0.0,150.0,-16.3723928125
373,7236,7460,1,0.6691447496414185,-2.1285598278045654,-0.5849002599716187,0.26645228266716003,0.0003,372,0.0,150.0,-16.3723928125
374,7237,7480,1,0.45952779054641724,-2.1259765625,0.3514630198478699,0.16715332865715027,0.0003,373,0.0,150.0,-16.3723928125
375,7239,7500,1,0.15094305574893951,-2.1237599849700928,0.5375937223434448,0.10602213442325592,0.0003,374,0.0,150.0,-16.3723928125
376,7240,7520,1,0.26964154839515686,-2.130497932434082,0.5196566581726074,0.34410446882247925,0.0003,375,0.0,150.0,-16.3723928125
377,7241,7540,1,-0.08600904047489166,-2.1281886100769043,0.1996093988418579,0.31660810112953186,0.0003,376,0.0,150.0,-16.3723928125
378,7240,7560,1,1.0643043518066406,-2.1117193698883057,-0.07343840599060059,1.4030070304870605,0.0003,377,0.0,150.0,-16.3723928125
379,7241,7580,1,0.28178396821022034,-2.1090900897979736,0.2982167601585388,1.101246953010559,0.0003,378,0.0,150.0,-16.3723928125
380,7242,7600,1,-0.1689831018447876,-2.099980354309082,0.5573149919509888,0.4092372953891754,0.0003,379,0.0,150.0,-16.3723928125
381,7243,7620,1,-0.7265326380729675,-2.0945706367492676,0.6439992785453796,0.2183067500591278,0.0003,380,0.0,150.0,-16.3723928125
382,7245,7640,1,0.1182183027267456,-2.0869743824005127,0.318877637386322,0.9283787608146667,0.0003,381,0.0,150.0,-16.3723928125
383,7245,7660,1,-1.0245978832244873,-2.0784554481506348,0.5881224870681763,0.29223909974098206,0.0003,382,0.0,150.0,-16.3723928125
384,7245,7680,1,-1.1595709323883057,-2.0726234912872314,0.0038799047470092773,0.36494672298431396,0.0003,383,0.0,150.0,-16.3723928125
385,7245,7700,1,-1.1380884647369385,-2.065276622772217,0.06539279222488403,0.4810226559638977,0.0003,384,0.0,150.0,-16.3723928125
386,7245,7720,1,-0.8118221163749695,-2.0630059242248535,0.13589167594909668,0.30738335847854614,0.0003,385,0.0,150.0,-16.3723928125
387,7246,7740,1,-1.202938437461853,-2.0610861778259277,0.03274458646774292,0.445925235748291,0.0003,386,0.0,150.0,-16.3723928125
388,7247,7760,1,-1.0524377822875977,-2.0602025985717773,0.013324737548828125,0.46186551451683044,0.0003,387,0.0,150.0,-16.3723928125
389,7248,7780,1,-1.025300145149231,-2.063920736312866,0.08066856861114502,0.4473504424095154,0.0003,388,0.0,150.0,-16.3723928125
390,7246,7800,1,-1.200469732284546,-2.0714221000671387,0.0344507098197937,0.5112065076828003,0.0003,389,0.0,150.0,-16.430428019230767
391,7246,7820,1,-1.097710371017456,-2.0792384147644043,0.04053664207458496,0.31055697798728943,0.0003,390,0.0,150.0,-16.430428019230767
392,7247,7840,1,0.20444826781749725,-2.147629737854004,0.38561809062957764,0.09297698736190796,0.0003,391,0.0,150.0,-16.430428019230767
393,7249,7860,1,0.14555838704109192,-2.141298770904541,0.8129611611366272,0.03304541856050491,0.0003,392,0.0,150.0,-16.430428019230767
394,7250,7880,1,-0.0650404840707779,-2.1375622749328613,0.6798676252365112,0.046137068420648575,0.0003,393,0.0,150.0,-16.430428019230767
395,7251,7900,1,0.29185977578163147,-2.133406400680542,0.8862621784210205,0.03882566839456558,0.0003,394,0.0,150.0,-16.430428019230767
396,7250,7920,1,-0.12539637088775635,-2.129693031311035,-1.1643927097320557,0.35443225502967834,0.0003,395,0.0,150.0,-16.430428019230767
397,7250,7940,1,-0.30917948484420776,-2.1222376823425293,0.5745704174041748,0.0951598510146141,0.0003,396,0.0,150.0,-16.430428019230767
398,7251,7960,1,0.30192995071411133,-2.1202239990234375,0.4293954372406006,0.5057247877120972,0.0003,397,0.0,150.0,-16.430428019230767
399,7253,7980,1,0.011564183048903942,-2.1171841621398926,0.6539623141288757,0.20137925446033478,0.0003,398,0.0,150.0,-16.430428019230767
400,7255,8000,1,0.15368704497814178,-2.110262632369995,0.6278559565544128,0.633288562297821,0.0003,399,0.0,150.0,-16.430428019230767
401,7256,8020,1,0.23352599143981934,-2.1063740253448486,0.798613429069519,0.3815397620201111,0.0003,400,0.0,150.0,-16.430428019230767
402,7258,8040,1,-0.5000438690185547,-2.1037421226501465,0.9275228977203369,0.1620900183916092,0.0003,401,0.0,150.0,-16.430428019230767
403,7259,8060,1,-0.5332185626029968,-2.104297399520874,0.9601156115531921,0.09810186177492142,0.0003,402,0.0,150.0,-16.430428019230767
404,7261,8080,1,-0.6307834386825562,-2.101348400115967,0.8965257406234741,0.1420300006866455,0.0003,403,0.0,150.0,-16.430428019230767
405,7262,8100,1,-1.064292550086975,-2.0972952842712402,0.8272143602371216,0.33339402079582214,0.0003,404,0.0,150.0,-16.430428019230767
406,7264,8120,1,1.666818380355835,-2.0911600589752197,-0.5795602798461914,1.7240326404571533,0.0003,405,0.0,150.0,-16.430428019230767
407,7265,8140,1,-1.0332647562026978,-2.0890021324157715,0.7566235065460205,0.24683722853660583,0.0003,406,0.0,150.0,-16.430428019230767
408,7266,8160,1,-0.9537551999092102,-2.0839717388153076,0.6041436195373535,0.3389541506767273,0.0003,407,0.0,150.0,-16.430428019230767
409,7268,8180,1,-1.2035943269729614,-2.081940174102783,0.3679221272468567,0.500515341758728,0.0003,408,0.0,150.0,-16.430428019230767
410,7269,8200,1,-1.2058064937591553,-2.0889267921447754,0.3686390519142151,0.5789304971694946,0.0003,409,0.0,150.0,-16.430428019230767
411,7270,8220,1,-1.1322628259658813,-2.090181827545166,0.28888410329818726,0.4149046540260315,0.0003,410,0.0,150.0,-16.430428019230767
412,7272,8240,1,-1.0044829845428467,-2.0900611877441406,0.2099905014038086,0.3496275842189789,0.0003,411,0.0,150.0,-16.430428019230767
413,7273,8260,1,-0.8583287000656128,-2.093121290206909,0.305103600025177,0.21062779426574707,0.0003,412,0.0,150.0,-16.430428019230767
414,7275,8280,1,-0.7033694982528687,-2.088015079498291,0.2076115608215332,0.16786055266857147,0.0003,413,0.0,150.0,-16.430428019230767
415,7276,8300,1,-1.039498209953308,-2.0804266929626465,0.12303346395492554,0.5596251487731934,0.0003,414,0.0,150.0,-16.430428019230767
416,7277,8320,1,-1.0224626064300537,-2.0887742042541504,0.16483241319656372,0.3299861550331116,0.0003,415,0.0,150.0,-16.430428019230767
417,7278,8340,1,-1.0415229797363281,-2.0874526500701904,0.14173614978790283,0.3075179159641266,0.0003,416,0.0,150.0,-16.430428019230767
418,7280,8360,1,-0.6896207332611084,-2.08681058883667,0.05732053518295288,0.21094229817390442,0.0003,417,0.0,150.0,-16.430428019230767
419,7280,8380,1,-0.9528377652168274,-2.0886433124542236,0.11051541566848755,0.2518009543418884,0.0003,418,0.0,150.0,-16.430428019230767
420,7279,8400,1,-0.7461569905281067,-2.0855445861816406,0.018219172954559326,0.18056586384773254,0.0003,419,0.0,150.0,-16.911252839285716
421,7276,8420,1,-0.8651658892631531,-2.0853092670440674,0.11276113986968994,0.2452010214328766,0.0003,420,0.0,150.0,-16.911252839285716
422,7271,8440,1,0.17740486562252045,-2.144369125366211,0.5812332630157471,0.025308359414339066,0.0003,421,0.0,150.0,-16.911252839285716
423,7270,8460,1,0.027934318408370018,-2.1423966884613037,0.6102597713470459,0.008904524147510529,0.0003,422,0.0,150.0,-16.911252839285716
424,7270,8480,1,-0.07804733514785767,-2.145705461502075,0.3290368318557739,0.082134909927845,0.0003,423,0.0,150.0,-16.911252839285716
425,7267,8500,1,-0.29176515340805054,-2.1433796882629395,0.4077798128128052,0.0363326221704483,0.0003,424,0.0,150.0,-16.911252839285716
426,7267,8520,1,0.27666592597961426,-2.139244794845581,0.16760152578353882,0.16179689764976501,0.0003,425,0.0,150.0,-16.911252839285716
427,7268,8540,1,0.8439260721206665,-2.132847547531128,0.37623709440231323,0.9118267297744751,0.0003,426,0.0,150.0,-16.911252839285716
428,7265,8560,1,-0.0384625680744648,-2.1285595893859863,0.3813139796257019,0.2362087070941925,0.0003,427,0.0,150.0,-16.911252839285716
429,7263,8580,1,-0.7331262826919556,-2.116546154022217,0.8629122972488403,0.1261889785528183,0.0003,428,0.0,150.0,-16.911252839285716
430,7264,8600,1,0.5635203123092651,-2.110788345336914,0.15053176879882812,0.3307848870754242,0.0003,429,0.0,150.0,-16.911252839285716
431,7265,8620,1,-0.025678852573037148,-2.103289842605591,0.7802542448043823,0.09789729863405228,0.0003,430,0.0,150.0,-16.911252839285716
432,7265,8640,1,-0.025690939277410507,-2.0887808799743652,0.703667402267456,0.3161788582801819,0.0003,431,0.0,150.0,-16.911252839285716
433,7266,8660,1,-0.01802763342857361,-2.0729079246520996,0.8917143940925598,0.11225102841854095,0.0003,432,0.0,150.0,-16.911252839285716
434,7265,8680,1,-0.18886974453926086,-2.0647411346435547,0.41747599840164185,0.31004685163497925,0.0003,433,0.0,150.0,-16.911252839285716
435,7265,8700,1,0.01777883805334568,-2.0489871501922607,0.27648603916168213,0.38461288809776306,0.0003,434,0.0,150.0,-16.911252839285716
436,7266,8720,1,0.7076541185379028,-2.0630812644958496,0.5940796732902527,1.255569577217102,0.0003,435,0.0,150.0,-16.911252839285716
437,7267,8740,1,-0.4132799506187439,-2.0714972019195557,0.8726338744163513,0.25261634588241577,0.0003,436,0.0,150.0,-16.911252839285716
438,7268,8760,1,-0.8952615857124329,-2.0635886192321777,0.9023423790931702,0.29340848326683044,0.0003,437,0.0,150.0,-16.911252839285716
439,7269,8780,1,-0.9406045079231262,-2.0631461143493652,0.8515551090240479,0.3331468105316162,0.0003,438,0.0,150.0,-16.911252839285716
440,7269,8800,1,-0.8801673054695129,-2.0570943355560303,0.8626795411109924,0.27410566806793213,0.0003,439,0.0,150.0,-16.911252839285716
441,7270,8820,1,-1.156810998916626,-2.0595622062683105,0.7471911907196045,0.4024670720100403,0.0003,440,0.0,150.0,-16.911252839285716
442,7271,8840,1,0.08956328779459,-2.0487704277038574,-0.15179967880249023,0.9180841445922852,0.0003,441,0.0,150.0,-16.911252839285716
443,7272,8860,1,-0.906729519367218,-2.0631892681121826,0.44634586572647095,0.3617496192455292,0.0003,442,0.0,150.0,-16.911252839285716
444,7273,8880,1,-0.7950834035873413,-2.0526533126831055,0.3184490203857422,0.26180991530418396,0.0003,443,0.0,150.0,-16.911252839285716
445,7275,8900,1,-1.0631396770477295,-2.051891803741455,0.4212356209754944,0.3804643154144287,0.0003,444,0.0,150.0,-16.911252839285716
446,7276,8920,1,-1.036426305770874,-2.0475516319274902,0.3142625093460083,0.3859342038631439,0.0003,445,0.0,150.0,-16.911252839285716
447,7277,8940,1,-1.1769636869430542,-2.051849365234375,0.07011938095092773,0.37970203161239624,0.0003,446,0.0,150.0,-16.911252839285716
448,7278,8960,1,-1.2040531635284424,-2.0417394638061523,0.21601301431655884,0.4788729250431061,0.0003,447,0.0,150.0,-16.911252839285716
449,7278,8980,1,-1.0851995944976807,-2.0437331199645996,-0.00993192195892334,0.3586072325706482,0.0003,448,0.0,150.0,-16.911252839285716
450,7277,9000,1,-1.194954752922058,-2.0423500537872314,-0.037033677101135254,0.3283529281616211,0.0003,449,0.0,150.0,-17.160800933333334
451,7278,9020,1,-0.9160321950912476,-2.032806396484375,-0.03314030170440674,0.2632289230823517,0.0003,450,0.0,150.0,-17.160800933333334
452,7279,9040,1,0.042456112802028656,-2.112382173538208,0.5968992710113525,0.03461011126637459,0.0003,451,0.0,150.0,-17.160800933333334
453,7280,9060,1,-0.2559642791748047,-2.120866298675537,0.5920259952545166,0.12201429903507233,0.0003,452,0.0,150.0,-17.160800933333334
454,7275,9080,1,0.07910920679569244,-2.120068073272705,0.9623816013336182,0.012501552700996399,0.0003,453,0.0,150.0,-17.160800933333334
455,7273,9100,1,-0.04577886685729027,-2.120680332183838,0.5212962627410889,0.07546119391918182,0.0003,454,0.0,150.0,-17.160800933333334
456,7274,9120,1,-0.00334947113879025,-2.1096248626708984,0.7124634981155396,0.11279499530792236,0.0003,455,0.0,150.0,-17.160800933333334
457,7274,9140,1,0.30150535702705383,-2.1045899391174316,0.4823771119117737,0.25570154190063477,0.0003,456,0.0,150.0,-17.160800933333334
458,7275,9160,1,0.48139628767967224,-2.102768898010254,0.11612206697463989,0.3215727210044861,0.0003,457,0.0,150.0,-17.160800933333334
459,7275,9180,1,-0.1919861137866974,-2.095944404602051,0.7011641263961792,0.10118971019983292,0.0003,458,0.0,150.0,-17.160800933333334
460,7276,9200,1,-0.300880491733551,-2.076655149459839,0.7813110947608948,0.0843287855386734,0.0003,459,0.0,150.0,-17.160800933333334
461,7277,9220,1,-0.021630628034472466,-2.0653915405273438,0.9652764797210693,0.0084522794932127,0.0003,460,0.0,150.0,-17.160800933333334
462,7278,9240,1,0.590969443321228,-2.0631511211395264,0.12812018394470215,0.26861572265625,0.0003,461,0.0,150.0,-17.160800933333334
463,7279,9260,1,-0.09115908294916153,-2.060209274291992,0.7588645815849304,0.08164522796869278,0.0003,462,0.0,150.0,-17.160800933333334
464,7279,9280,1,-0.4181241989135742,-2.0408623218536377,0.8864413499832153,0.07501710951328278,0.0003,463,0.0,150.0,-17.160800933333334
465,7280,9300,1,0.8240864872932434,-2.0359907150268555,-0.11999642848968506,1.4725630283355713,0.0003,464,0.0,150.0,-17.160800933333334
466,7281,9320,1,0.0569070465862751,-2.0334255695343018,0.5062787532806396,0.11807893216609955,0.0003,465,0.0,150.0,-17.160800933333334
467,7282,9340,1,0.23919138312339783,-2.0333542823791504,0.4051664471626282,0.2415173500776291,0.0003,466,0.0,150.0,-17.160800933333334
468,7284,9360,1,-0.7186876535415649,-2.0406923294067383,0.6964766979217529,0.1673673391342163,0.0003,467,0.0,150.0,-17.160800933333334
469,7285,9380,1,-0.4566865861415863,-2.037950277328491,0.568723201751709,0.07432334125041962,0.0003,468,0.0,150.0,-17.160800933333334
470,7287,9400,1,-0.030795734375715256,-2.0322461128234863,0.027520477771759033,0.06717556715011597,0.0003,469,0.0,150.0,-17.160800933333334
471,7289,9420,1,-0.6830087304115295,-2.0178775787353516,0.372028112411499,0.17148631811141968,0.0003,470,0.0,150.0,-17.160800933333334
472,7289,9440,1,-0.6532424092292786,-2.007317543029785,0.22260814905166626,0.23436760902404785,0.0003,471,0.0,150.0,-17.160800933333334
473,7289,9460,1,-0.5272892713546753,-2.010200023651123,0.07392019033432007,0.1859438270330429,0.0003,472,0.0,150.0,-17.160800933333334
474,7291,9480,1,-0.49844369292259216,-2.0162265300750732,0.1563674807548523,0.17644071578979492,0.0003,473,0.0,150.0,-17.160800933333334
475,7292,9500,1,-0.7204068899154663,-2.019019365310669,0.10666930675506592,0.250896692276001,0.0003,474,0.0,150.0,-17.160800933333334
476,7293,9520,1,-0.5247061848640442,-2.0254976749420166,0.1647242307662964,0.255463570356369,0.0003,475,0.0,150.0,-17.160800933333334
477,7293,9540,1,-0.7314522862434387,-2.0389811992645264,0.17835795879364014,0.17836497724056244,0.0003,476,0.0,150.0,-17.160800933333334
478,7294,9560,1,-0.6924444437026978,-2.0383238792419434,0.12854760885238647,0.17203664779663086,0.0003,477,0.0,150.0,-17.160800933333334
479,7295,9580,1,-0.6698766946792603,-2.041576623916626,0.1393076777458191,0.19007602334022522,0.0003,478,0.0,150.0,-17.160800933333334
480,7295,9600,1,-0.7273367643356323,-2.0525994300842285,0.10463893413543701,0.22732572257518768,0.0003,479,0.0,150.0,-17.229712421875
481,7295,9620,1,-0.8264093399047852,-2.056367874145508,0.10718262195587158,0.18279460072517395,0.0003,480,0.0,150.0,-17.229712421875
482,7296,9640,1,0.1138828843832016,-2.110996961593628,0.8665302395820618,0.05087592452764511,0.0003,481,0.0,150.0,-17.229712421875
483,7295,9660,1,0.2401861697435379,-2.1158809661865234,0.9212653636932373,0.04192564636468887,0.0003,482,0.0,150.0,-17.229712421875
484,7295,9680,1,0.12770135700702667,-2.110114097595215,0.8348985910415649,0.12840622663497925,0.0003,483,0.0,150.0,-17.229712421875
485,7297,9700,1,-0.045862339437007904,-2.1119227409362793,0.9145155549049377,0.07377172261476517,0.0003,484,0.0,150.0,-17.229712421875
486,7298,9720,1,0.11084059625864029,-2.1217710971832275,0.9237039089202881,0.08556225150823593,0.0003,485,0.0,150.0,-17.229712421875
487,7300,9740,1,0.9285098314285278,-2.114454984664917,0.6373754739761353,0.6916376352310181,0.0003,486,0.0,150.0,-17.229712421875
488,7301,9760,1,-0.4621623158454895,-2.1165974140167236,0.9773246645927429,0.08329484611749649,0.0003,487,0.0,150.0,-17.229712421875
489,7302,9780,1,-0.2860419452190399,-2.1175851821899414,0.9716981053352356,0.060009099543094635,0.0003,488,0.0,150.0,-17.229712421875
490,7302,9800,1,-0.03451482206583023,-2.1172072887420654,0.9036109447479248,0.1168423444032669,0.0003,489,0.0,150.0,-17.229712421875
491,7303,9820,1,-0.27032339572906494,-2.122403144836426,0.9688217639923096,0.04300911724567413,0.0003,490,0.0,150.0,-17.229712421875
492,7304,9840,1,-0.23933401703834534,-2.1210505962371826,0.9613628387451172,0.04914434999227524,0.0003,491,0.0,150.0,-17.229712421875
493,7305,9860,1,-0.49239927530288696,-2.120311737060547,0.9073347449302673,0.14161349833011627,0.0003,492,0.0,150.0,-17.229712421875
494,7305,9880,1,-0.0525500550866127,-2.116995334625244,0.8603242635726929,0.11326143890619278,0.0003,493,0.0,150.0,-17.229712421875
495,7303,9900,1,-0.8482683300971985,-2.111281633377075,0.8162832260131836,0.2600264251232147,0.0003,494,0.0,150.0,-17.229712421875
496,7303,9920,1,0.24541744589805603,-2.103942394256592,0.48724526166915894,0.5801724195480347,0.0003,495,0.0,150.0,-17.229712421875
497,7304,9940,1,-0.40253695845603943,-2.0909740924835205,0.8518118262290955,0.10443095862865448,0.0003,496,0.0,150.0,-17.229712421875
498,7306,9960,1,0.3404180109500885,-2.0786051750183105,0.1708623170852661,0.36811989545822144,0.0003,497,0.0,150.0,-17.229712421875
499,7307,9980,1,0.014111471362411976,-2.0616283416748047,0.6470960378646851,0.36933907866477966,0.0003,498,0.0,150.0,-17.229712421875
500,7308,10000,1,-1.0779699087142944,-2.07112455368042,0.831285834312439,0.3949805796146393,0.0003,499,0.0,150.0,-17.229712421875
501,7309,10020,1,-1.3363994359970093,-2.066120147705078,0.6961116790771484,0.7195232510566711,0.0003,500,0.0,150.0,-17.229712421875
502,7310,10040,1,-1.5155941247940063,-2.0671863555908203,0.6490026116371155,0.6957108378410339,0.0003,501,0.0,150.0,-17.229712421875
503,7311,10060,1,-0.9811593890190125,-2.0605549812316895,0.4185434579849243,0.5095515847206116,0.0003,502,0.0,150.0,-17.229712421875
504,7312,10080,1,-1.15889573097229,-2.0640547275543213,0.6286230087280273,0.36337289214134216,0.0003,503,0.0,150.0,-17.229712421875
505,7313,10100,1,-1.2352626323699951,-2.0577383041381836,0.23497885465621948,0.6031278371810913,0.0003,504,0.0,150.0,-17.229712421875
506,7315,10120,1,-1.3601402044296265,-2.056907892227173,0.2562445402145386,0.47083234786987305,0.0003,505,0.0,150.0,-17.229712421875
507,7314,10140,1,-1.0266036987304688,-2.051460027694702,0.2532408833503723,0.42313966155052185,0.0003,506,0.0,150.0,-17.229712421875
508,7315,10160,1,-0.9821527600288391,-2.056673049926758,0.0408969521522522,0.35193029046058655,0.0003,507,0.0,150.0,-17.229712421875
509,7315,10180,1,-1.0541574954986572,-2.05937123298645,0.0006598234176635742,0.2814771831035614,0.0003,508,0.0,150.0,-17.229712421875
510,7314,10200,1,-0.9860471487045288,-2.0533015727996826,-0.02661728858947754,0.2728956341743469,0.0003,509,0.0,150.0,-17.47515594117647
511,7314,10220,1,-1.0214197635650635,-2.050865650177002,-0.086830735206604,0.2538984417915344,0.0003,510,0.0,150.0,-17.47515594117647
512,7314,10240,1,0.5054587721824646,-2.132661819458008,0.8496492505073547,0.12420418113470078,0.0003,511,0.0,150.0,-17.47515594117647
513,7315,10260,1,0.14802296459674835,-2.1331896781921387,0.8320817947387695,0.10209205001592636,0.0003,512,0.0,150.0,-17.47515594117647
514,7316,10280,1,0.28821516036987305,-2.135974168777466,0.8219280242919922,0.1219271793961525,0.0003,513,0.0,150.0,-17.47515594117647
515,7317,10300,1,-0.02603515423834324,-2.1286911964416504,0.5671964883804321,0.07066045701503754,0.0003,514,0.0,150.0,-17.47515594117647
516,7318,10320,1,0.8408893346786499,-2.1380810737609863,0.2463512420654297,0.5058398842811584,0.0003,515,0.0,150.0,-17.47515594117647
517,7319,10340,1,-0.07616834342479706,-2.1391148567199707,0.8210995197296143,0.05259037762880325,0.0003,516,0.0,150.0,-17.47515594117647
518,7320,10360,1,1.2927966117858887,-2.1387884616851807,0.2786189913749695,1.3900234699249268,0.0003,517,0.0,150.0,-17.47515594117647
519,7321,10380,1,0.9392616152763367,-2.132159471511841,0.76204913854599,0.6897342801094055,0.0003,518,0.0,150.0,-17.47515594117647
520,7323,10400,1,-0.007767784409224987,-2.1357483863830566,0.949927806854248,0.08044477552175522,0.0003,519,0.0,150.0,-17.47515594117647
521,7324,10420,1,0.09337121993303299,-2.121891736984253,0.9211812615394592,0.142801433801651,0.0003,520,0.0,150.0,-17.47515594117647
522,7324,10440,1,0.10899104177951813,-2.1264350414276123,0.8697289228439331,0.5007830858230591,0.0003,521,0.0,150.0,-17.47515594117647
523,7325,10460,1,-0.21912574768066406,-2.118691921234131,0.9687906503677368,0.10456826537847519,0.0003,522,0.0,150.0,-17.47515594117647
524,7326,10480,1,-0.2721945643424988,-2.1132426261901855,0.9783944487571716,0.07226681709289551,0.0003,523,0.0,150.0,-17.47515594117647
525,7326,10500,1,0.12274882942438126,-2.106783628463745,0.8460149168968201,0.356362521648407,0.0003,524,0.0,150.0,-17.47515594117647
526,7327,10520,1,-0.30707448720932007,-2.086259365081787,0.9574299454689026,0.10869383811950684,0.0003,525,0.0,150.0,-17.47515594117647
527,7328,10540,1,0.0897517204284668,-2.061286449432373,0.6183186769485474,0.8409439325332642,0.0003,526,0.0,150.0,-17.47515594117647
528,7329,10560,1,0.6725910902023315,-2.0442166328430176,0.7377845048904419,0.8782545328140259,0.0003,527,0.0,150.0,-17.47515594117647
529,7330,10580,1,-0.8489980697631836,-2.0382885932922363,0.9242718815803528,0.2845779061317444,0.0003,528,0.0,150.0,-17.47515594117647
530,7331,10600,1,-0.7355736494064331,-2.036083698272705,0.9480458498001099,0.20403262972831726,0.0003,529,0.0,150.0,-17.47515594117647
531,7332,10620,1,-0.9070237874984741,-2.039538621902466,0.9361394643783569,0.21449871361255646,0.0003,530,0.0,150.0,-17.47515594117647
532,7333,10640,1,-0.8047806024551392,-2.0340774059295654,0.8139939904212952,0.2757338881492615,0.0003,531,0.0,150.0,-17.47515594117647
533,7334,10660,1,-1.027295470237732,-2.029968738555908,0.7372581958770752,0.3102358877658844,0.0003,532,0.0,150.0,-17.47515594117647
534,7335,10680,1,-1.0264010429382324,-2.028275966644287,0.19862747192382812,0.32889968156814575,0.0003,533,0.0,150.0,-17.47515594117647
535,7337,10700,1,-0.7249382138252258,-2.0284106731414795,0.41153520345687866,0.18079328536987305,0.0003,534,0.0,150.0,-17.47515594117647
536,7337,10720,1,-0.8313859105110168,-2.0304741859436035,0.27497971057891846,0.19710591435432434,0.0003,535,0.0,150.0,-17.47515594117647
537,7339,10740,1,-0.9310634732246399,-2.023475170135498,0.05477142333984375,0.28501084446907043,0.0003,536,0.0,150.0,-17.47515594117647
538,7340,10760,1,-0.7661356925964355,-2.0239415168762207,0.0350794792175293,0.1886729598045349,0.0003,537,0.0,150.0,-17.47515594117647
539,7342,10780,1,-0.7251489758491516,-2.0265469551086426,0.006392836570739746,0.22250500321388245,0.0003,538,0.0,150.0,-17.47515594117647
540,7342,10800,1,-0.7181367874145508,-2.0350985527038574,-0.10267949104309082,0.1903975009918213,0.0003,539,0.0,150.0,-17.421055125
541,7342,10820,1,-0.7007983922958374,-2.0451667308807373,-0.027571916580200195,0.2554737627506256,0.0003,540,0.0,150.0,-17.421055125
542,7343,10840,1,-0.23834475874900818,-2.138867139816284,0.6261191368103027,0.048512328416109085,0.0003,541,0.0,150.0,-17.421055125
543,7345,10860,1,-0.030348192900419235,-2.1378860473632812,0.5475919246673584,0.038709625601768494,0.0003,542,0.0,150.0,-17.421055125
544,7346,10880,1,0.4413455128669739,-2.145569324493408,-0.4961569309234619,0.23054547607898712,0.0003,543,0.0,150.0,-17.421055125
545,7347,10900,1,-0.22074063122272491,-2.140955686569214,0.7555628418922424,0.0582597441971302,0.0003,544,0.0,150.0,-17.421055125
546,7348,10920,1,0.09619058668613434,-2.144865036010742,0.6937556862831116,0.03525310009717941,0.0003,545,0.0,150.0,-17.421055125
547,7349,10940,1,0.6626598238945007,-2.145411491394043,0.6794898509979248,0.3822461664676666,0.0003,546,0.0,150.0,-17.421055125
548,7350,10960,1,-0.2857931852340698,-2.1430001258850098,0.881954550743103,0.07175730168819427,0.0003,547,0.0,150.0,-17.421055125
549,7351,10980,1,0.22551758587360382,-2.137563467025757,0.8872004747390747,0.08573751151561737,0.0003,548,0.0,150.0,-17.421055125
550,7352,11000,1,1.0558704137802124,-2.136199951171875,0.6142270565032959,1.194406509399414,0.0003,549,0.0,150.0,-17.421055125
551,7353,11020,1,-0.27561384439468384,-2.1370959281921387,0.9701484441757202,0.05728016048669815,0.0003,550,0.0,150.0,-17.421055125
552,7354,11040,1,-0.28942734003067017,-2.137873649597168,0.8884427547454834,0.24163618683815002,0.0003,551,0.0,150.0,-17.421055125
553,7356,11060,1,1.1879733800888062,-2.116558790206909,0.7394388318061829,1.0264205932617188,0.0003,552,0.0,150.0,-17.421055125
554,7354,11080,1,-0.20087704062461853,-2.116582155227661,0.9559664130210876,0.08137897402048111,0.0003,553,0.0,150.0,-17.421055125
555,7354,11100,1,0.005926596932113171,-2.1162495613098145,0.6027131676673889,0.5157796144485474,0.0003,554,0.0,150.0,-17.421055125
556,7355,11120,1,-0.3239385783672333,-2.0953803062438965,0.8958114981651306,0.11153660714626312,0.0003,555,0.0,150.0,-17.421055125
557,7356,11140,1,0.34563225507736206,-2.085498571395874,0.5713111162185669,0.6817789673805237,0.0003,556,0.0,150.0,-17.421055125
558,7357,11160,1,0.2963239252567291,-2.089510440826416,0.5752169489860535,0.3170554041862488,0.0003,557,0.0,150.0,-17.421055125
559,7357,11180,1,-0.5090752840042114,-2.0776665210723877,0.868362307548523,0.07958284765481949,0.0003,558,0.0,150.0,-17.421055125
560,7358,11200,1,-0.6183141469955444,-2.064868211746216,0.7649333477020264,0.17596568167209625,0.0003,559,0.0,150.0,-17.421055125
561,7359,11220,1,-0.6451036334037781,-2.070249319076538,0.6467620730400085,0.2060326635837555,0.0003,560,0.0,150.0,-17.421055125
562,7360,11240,1,-0.3762388825416565,-2.071000576019287,0.6287031173706055,0.05879480391740799,0.0003,561,0.0,150.0,-17.421055125
563,7360,11260,1,-0.5850491523742676,-2.0695700645446777,0.6321516036987305,0.09255234897136688,0.0003,562,0.0,150.0,-17.421055125
564,7360,11280,1,-0.6158105134963989,-2.0641212463378906,0.41179341077804565,0.23391759395599365,0.0003,563,0.0,150.0,-17.421055125
565,7360,11300,1,-0.02953309938311577,-2.069247007369995,0.01172327995300293,0.7429108619689941,0.0003,564,0.0,150.0,-17.421055125
566,7360,11320,1,-0.6222211122512817,-2.072017192840576,0.29843008518218994,0.15484389662742615,0.0003,565,0.0,150.0,-17.421055125
567,7361,11340,1,-0.7740830183029175,-2.0657806396484375,0.17113471031188965,0.19532951712608337,0.0003,566,0.0,150.0,-17.421055125
568,7360,11360,1,-1.0094941854476929,-2.0679118633270264,0.1276702880859375,0.32527509331703186,0.0003,567,0.0,150.0,-17.421055125
569,7352,11380,1,-0.967584490776062,-2.071572780609131,0.16861528158187866,0.24793954193592072,0.0003,568,0.0,150.0,-17.421055125
570,7346,11400,1,-0.5935594439506531,-2.068084239959717,-0.03930926322937012,0.2595163881778717,0.0003,569,0.0,150.0,-17.339383092105265
571,7341,11420,1,-0.82343590259552,-2.0804460048675537,0.11980694532394409,0.1764371693134308,0.0003,570,0.0,150.0,-17.339383092105265
572,7338,11440,1,0.006564637180417776,-2.1456680297851562,0.7437947392463684,0.017097672447562218,0.0003,571,0.0,150.0,-17.339383092105265
573,7334,11460,1,-0.11885545402765274,-2.1407361030578613,-0.37340426445007324,0.05718352645635605,0.0003,572,0.0,150.0,-17.339383092105265
574,7329,11480,1,-0.4791293144226074,-2.1355671882629395,0.16321229934692383,0.11714593321084976,0.0003,573,0.0,150.0,-17.339383092105265
575,7322,11500,1,-0.29237812757492065,-2.133307456970215,0.5261509418487549,0.11841718852519989,0.0003,574,0.0,150.0,-17.339383092105265
576,7317,11520,1,0.4810355305671692,-2.126291036605835,0.6608259677886963,0.1355172097682953,0.0003,575,0.0,150.0,-17.339383092105265
577,7310,11540,1,0.7046915888786316,-2.1183125972747803,0.6565076112747192,0.811562180519104,0.0003,576,0.0,150.0,-17.339383092105265
578,7308,11560,1,1.35086190700531,-2.119448184967041,-0.03852033615112305,1.3352668285369873,0.0003,577,0.0,150.0,-17.339383092105265
579,7307,11580,1,0.4241488575935364,-2.1201348304748535,0.9174532294273376,0.17167770862579346,0.0003,578,0.0,150.0,-17.339383092105265
580,7307,11600,1,-0.33613109588623047,-2.1180834770202637,0.9399113655090332,0.12338189780712128,0.0003,579,0.0,150.0,-17.339383092105265
581,7304,11620,1,0.23998761177062988,-2.109224557876587,0.9739050269126892,0.056803323328495026,0.0003,580,0.0,150.0,-17.339383092105265
582,7303,11640,1,0.9702214002609253,-2.1033928394317627,0.8700007200241089,0.41352805495262146,0.0003,581,0.0,150.0,-17.339383092105265
583,7303,11660,1,1.3962397575378418,-2.0941672325134277,0.3270832300186157,3.6799285411834717,0.0003,582,0.0,150.0,-17.339383092105265
584,7303,11680,1,0.6002815961837769,-2.089968204498291,0.8229984045028687,0.5746480822563171,0.0003,583,0.0,150.0,-17.339383092105265
585,7303,11700,1,-0.12144863605499268,-2.0907444953918457,0.8441846370697021,0.38469672203063965,0.0003,584,0.0,150.0,-17.339383092105265
586,7302,11720,1,-0.40971431136131287,-2.0783581733703613,0.9476141929626465,0.1370730698108673,0.0003,585,0.0,150.0,-17.339383092105265
587,7302,11740,1,-0.05650420859456062,-2.0653693675994873,0.9724489450454712,0.029403705149888992,0.0003,586,0.0,150.0,-17.339383092105265
588,7303,11760,1,0.029027298092842102,-2.0688164234161377,0.8372920155525208,0.17705543339252472,0.0003,587,0.0,150.0,-17.339383092105265
589,7304,11780,1,-0.1274414360523224,-2.0679409503936768,0.8236074447631836,0.15556204319000244,0.0003,588,0.0,150.0,-17.339383092105265
590,7305,11800,1,-0.42089635133743286,-2.0759642124176025,0.8230651617050171,0.22996167838573456,0.0003,589,0.0,150.0,-17.339383092105265
591,7305,11820,1,-0.6533814668655396,-2.085315465927124,0.8697980046272278,0.18181054294109344,0.0003,590,0.0,150.0,-17.339383092105265
592,7306,11840,1,-0.589129626750946,-2.0786309242248535,0.7645933628082275,0.2638131380081177,0.0003,591,0.0,150.0,-17.339383092105265
593,7307,11860,1,-0.6058238744735718,-2.0756516456604004,0.8311498761177063,0.1620054394006729,0.0003,592,0.0,150.0,-17.339383092105265
594,7308,11880,1,-0.46473580598831177,-2.0757229328155518,0.7206467390060425,0.17532922327518463,0.0003,593,0.0,150.0,-17.339383092105265
595,7309,11900,1,-0.49364137649536133,-2.070143938064575,0.5969666242599487,0.12193875014781952,0.0003,594,0.0,150.0,-17.339383092105265
596,7310,11920,1,-0.651522159576416,-2.0723044872283936,0.7846059799194336,0.12780167162418365,0.0003,595,0.0,150.0,-17.339383092105265
597,7310,11940,1,-0.5570953488349915,-2.0727362632751465,0.6933945417404175,0.13565602898597717,0.0003,596,0.0,150.0,-17.339383092105265
598,7311,11960,1,-0.7493017911911011,-2.0831985473632812,0.502231240272522,0.14277847111225128,0.0003,597,0.0,150.0,-17.339383092105265
599,7308,11980,1,-0.7203227281570435,-2.083188772201538,0.2749830484390259,0.19895093142986298,0.0003,598,0.0,150.0,-17.339383092105265
600,7307,12000,1,-0.5584078431129456,-2.0757603645324707,0.2020193338394165,0.14455249905586243,0.0003,599,0.0,150.0,-17.1305995875
601,7308,12020,1,-0.949388325214386,-2.076396942138672,0.2548242211341858,0.22920170426368713,0.0003,600,0.0,150.0,-17.1305995875
602,7308,12040,1,-0.2775651216506958,-2.139960765838623,0.5851907730102539,0.20005078613758087,0.0003,601,0.0,150.0,-17.1305995875
603,7308,12060,1,-0.2992478311061859,-2.1425211429595947,0.8583078384399414,0.10103825479745865,0.0003,602,0.0,150.0,-17.1305995875
604,7309,12080,1,-0.24172809720039368,-2.1441030502319336,0.691320538520813,0.27472108602523804,0.0003,603,0.0,150.0,-17.1305995875
605,7309,12100,1,0.9963587522506714,-2.1389851570129395,0.41202813386917114,0.6250979900360107,0.0003,604,0.0,150.0,-17.1305995875
606,7310,12120,1,0.4090651571750641,-2.132350444793701,0.433549702167511,0.28395307064056396,0.0003,605,0.0,150.0,-17.1305995875
607,7311,12140,1,0.85597163438797,-2.127291202545166,-0.12690234184265137,0.6878939270973206,0.0003,606,0.0,150.0,-17.1305995875
608,7311,12160,1,-0.10340651124715805,-2.1189932823181152,0.7709225416183472,0.13677257299423218,0.0003,607,0.0,150.0,-17.1305995875
609,7312,12180,1,0.5770556926727295,-2.113906145095825,-0.3278151750564575,0.43430811166763306,0.0003,608,0.0,150.0,-17.1305995875
610,7313,12200,1,-0.16139523684978485,-2.111626148223877,0.9160374999046326,0.044680558145046234,0.0003,609,0.0,150.0,-17.1305995875
611,7312,12220,1,-0.5803776979446411,-2.1048600673675537,0.8691436648368835,0.12020082771778107,0.0003,610,0.0,150.0,-17.1305995875
612,7311,12240,1,-0.2794097363948822,-2.103621244430542,0.9326956272125244,0.039372459053993225,0.0003,611,0.0,150.0,-17.1305995875
613,7311,12260,1,-0.2970106303691864,-2.103590726852417,0.8262869119644165,0.0885850042104721,0.0003,612,0.0,150.0,-17.1305995875
614,7311,12280,1,-0.0020777941681444645,-2.110759735107422,0.7800560593605042,0.07473959773778915,0.0003,613,0.0,150.0,-17.1305995875
615,7310,12300,1,0.3529435992240906,-2.1324357986450195,0.5134969353675842,0.3544110953807831,0.0003,614,0.0,150.0,-17.1305995875
616,7311,12320,1,0.3772420287132263,-2.1258246898651123,0.5957444906234741,0.4913431704044342,0.0003,615,0.0,150.0,-17.1305995875
617,7312,12340,1,-0.4010902941226959,-2.1269354820251465,0.8115562200546265,0.1371818482875824,0.0003,616,0.0,150.0,-17.1305995875
618,7312,12360,1,-0.1632714718580246,-2.1295571327209473,0.9089074730873108,0.034349773079156876,0.0003,617,0.0,150.0,-17.1305995875
619,7311,12380,1,-0.31461676955223083,-2.132537841796875,0.8055681586265564,0.10582263767719269,0.0003,618,0.0,150.0,-17.1305995875
620,7312,12400,1,-0.3511861562728882,-2.136484146118164,0.8647556900978088,0.0785365104675293,0.0003,619,0.0,150.0,-17.1305995875
621,7313,12420,1,-0.6660436391830444,-2.1343321800231934,0.8274549245834351,0.1649070829153061,0.0003,620,0.0,150.0,-17.1305995875
622,7313,12440,1,-0.5330265164375305,-2.138173818588257,0.8527302145957947,0.0866878479719162,0.0003,621,0.0,150.0,-17.1305995875
623,7313,12460,1,-0.5755394697189331,-2.1388025283813477,0.7374723553657532,0.11645354330539703,0.0003,622,0.0,150.0,-17.1305995875
624,7314,12480,1,-0.5853416323661804,-2.1411924362182617,0.8037189245223999,0.1132018119096756,0.0003,623,0.0,150.0,-17.1305995875
625,7314,12500,1,-0.6507762670516968,-2.1409993171691895,0.6618667840957642,0.16502118110656738,0.0003,624,0.0,150.0,-17.1305995875
626,7315,12520,1,-0.5102344751358032,-2.1432156562805176,0.5926281213760376,0.13253231346607208,0.0003,625,0.0,150.0,-17.1305995875
627,7316,12540,1,-0.7105246186256409,-2.144045829772949,0.4709131717681885,0.18275800347328186,0.0003,626,0.0,150.0,-17.1305995875
628,7317,12560,1,-0.39256587624549866,-2.144045114517212,0.24811333417892456,0.13878443837165833,0.0003,627,0.0,150.0,-17.1305995875
629,7318,12580,1,-0.4034120440483093,-2.1392178535461426,0.26693248748779297,0.18194811046123505,0.0003,628,0.0,150.0,-17.1305995875
630,7318,12600,1,-0.3892948031425476,-2.1479878425598145,0.23862695693969727,0.22692063450813293,0.0003,629,0.0,150.0,-17.119546904761908
631,7319,12620,1,-0.30144003033638,-2.1461143493652344,0.16808277368545532,0.3550783693790436,0.0003,630,0.0,150.0,-17.119546904761908
632,7320,12640,1,0.35844892263412476,-2.1664578914642334,0.875866711139679,0.06418151408433914,0.0003,631,0.0,150.0,-17.119546904761908
633,7322,12660,1,-0.07470326125621796,-2.1631083488464355,0.8746777176856995,0.06268827617168427,0.0003,632,0.0,150.0,-17.119546904761908
634,7323,12680,1,-0.16430172324180603,-2.1644985675811768,0.8281835317611694,0.18242064118385315,0.0003,633,0.0,150.0,-17.119546904761908
635,7324,12700,1,0.3802964687347412,-2.1554176807403564,0.9432017803192139,0.09418746829032898,0.0003,634,0.0,150.0,-17.119546904761908
636,7324,12720,1,-0.5057253241539001,-2.1530325412750244,0.9848908185958862,0.07117751985788345,0.0003,635,0.0,150.0,-17.119546904761908
637,7323,12740,1,0.022000690922141075,-2.1502957344055176,0.9705374240875244,0.03742501512169838,0.0003,636,0.0,150.0,-17.119546904761908
638,7324,12760,1,-0.06752093136310577,-2.146364688873291,0.922001838684082,0.1123247966170311,0.0003,637,0.0,150.0,-17.119546904761908
639,7325,12780,1,0.3758963644504547,-2.143488645553589,0.89909827709198,0.16127333045005798,0.0003,638,0.0,150.0,-17.119546904761908
640,7326,12800,1,-0.005428648088127375,-2.143368721008301,0.8655067682266235,0.22342701256275177,0.0003,639,0.0,150.0,-17.119546904761908
641,7327,12820,1,-0.31381383538246155,-2.136586904525757,0.9939723014831543,0.02692786417901516,0.0003,640,0.0,150.0,-17.119546904761908
642,7328,12840,1,-0.47957783937454224,-2.1335902214050293,0.9686912894248962,0.0814233273267746,0.0003,641,0.0,150.0,-17.119546904761908
643,7328,12860,1,-0.3044528365135193,-2.130361557006836,0.9793551564216614,0.03499109670519829,0.0003,642,0.0,150.0,-17.119546904761908
644,7329,12880,1,-0.37490394711494446,-2.126469850540161,0.964641809463501,0.05027657747268677,0.0003,643,0.0,150.0,-17.119546904761908
645,7331,12900,1,-0.14957195520401,-2.125016689300537,0.9188641309738159,0.05492711067199707,0.0003,644,0.0,150.0,-17.119546904761908
646,7332,12920,1,0.2211075723171234,-2.1164186000823975,0.9252985715866089,0.05053200572729111,0.0003,645,0.0,150.0,-17.119546904761908
647,7333,12940,1,0.3923147916793823,-2.112283229827881,0.6070625185966492,0.7005726099014282,0.0003,646,0.0,150.0,-17.119546904761908
648,7334,12960,1,0.06363540142774582,-2.1123650074005127,0.842615008354187,0.19638840854167938,0.0003,647,0.0,150.0,-17.119546904761908
649,7334,12980,1,-0.17405302822589874,-2.1012167930603027,0.9288305640220642,0.10333247482776642,0.0003,648,0.0,150.0,-17.119546904761908
650,7335,13000,1,-0.4912446141242981,-2.0968708992004395,0.9395233988761902,0.13770249485969543,0.0003,649,0.0,150.0,-17.119546904761908
651,7333,13020,1,-0.4128379821777344,-2.100045680999756,0.9362847208976746,0.07620104402303696,0.0003,650,0.0,150.0,-17.119546904761908
652,7333,13040,1,-0.3895365595817566,-2.095632791519165,0.23544812202453613,0.21724572777748108,0.0003,651,0.0,150.0,-17.119546904761908
653,7333,13060,1,-0.010370582342147827,-2.0968360900878906,0.5097352266311646,0.24224095046520233,0.0003,652,0.0,150.0,-17.119546904761908
654,7334,13080,1,-0.27225446701049805,-2.0851986408233643,0.3808813691139221,0.40935391187667847,0.0003,653,0.0,150.0,-17.119546904761908
655,7332,13100,1,-0.6948766112327576,-2.0916008949279785,0.20066189765930176,0.15015694499015808,0.0003,654,0.0,150.0,-17.119546904761908
656,7329,13120,1,-0.36274254322052,-2.0857906341552734,-0.026926875114440918,0.0685039535164833,0.0003,655,0.0,150.0,-17.119546904761908
657,7327,13140,1,-0.5114375352859497,-2.0958919525146484,-0.5775126218795776,0.10659117996692657,0.0003,656,0.0,150.0,-17.119546904761908
658,7327,13160,1,0.038708265870809555,-2.10355806350708,0.014874041080474854,0.11762197315692902,0.0003,657,0.0,150.0,-17.119546904761908
659,7327,13180,1,0.138827845454216,-2.11196231842041,0.06631076335906982,0.537738561630249,0.0003,658,0.0,150.0,-17.119546904761908
660,7326,13200,1,-0.2627693712711334,-2.1069319248199463,-0.13177704811096191,0.08148320019245148,0.0003,659,0.0,150.0,-16.981244295454545
661,7326,13220,1,-0.5125846862792969,-2.109727382659912,0.12320858240127563,0.12628042697906494,0.0003,660,0.0,150.0,-16.981244295454545
662,7327,13240,1,0.22705085575580597,-2.145601987838745,0.8552225828170776,0.1514105498790741,0.0003,661,0.0,150.0,-16.981244295454545
663,7326,13260,1,-0.42488574981689453,-2.147972583770752,0.9173290133476257,0.17810729146003723,0.0003,662,0.0,150.0,-16.981244295454545
664,7327,13280,1,-0.14526836574077606,-2.1448843479156494,0.9446710348129272,0.12937191128730774,0.0003,663,0.0,150.0,-16.981244295454545
665,7327,13300,1,-0.1801193207502365,-2.1359901428222656,0.9816753268241882,0.05620313808321953,0.0003,664,0.0,150.0,-16.981244295454545
666,7328,13320,1,-0.18106023967266083,-2.1378626823425293,0.976492166519165,0.0706762969493866,0.0003,665,0.0,150.0,-16.981244295454545
667,7328,13340,1,-0.2578844726085663,-2.1392931938171387,0.9891576766967773,0.036348551511764526,0.0003,666,0.0,150.0,-16.981244295454545
668,7326,13360,1,0.21034714579582214,-2.1392900943756104,0.8374815583229065,0.43555837869644165,0.0003,667,0.0,150.0,-16.981244295454545
669,7325,13380,1,0.13309498131275177,-2.1415090560913086,0.9641189575195312,0.0948379710316658,0.0003,668,0.0,150.0,-16.981244295454545
670,7325,13400,1,-0.19675441086292267,-2.148043155670166,0.950058102607727,0.1348520964384079,0.0003,669,0.0,150.0,-16.981244295454545
671,7326,13420,1,-0.12241645902395248,-2.141796350479126,0.9897507429122925,0.0245866309851408,0.0003,670,0.0,150.0,-16.981244295454545
672,7326,13440,1,-0.23364511132240295,-2.147975444793701,0.8876866102218628,0.14369526505470276,0.0003,671,0.0,150.0,-16.981244295454545
673,7327,13460,1,-0.07137556374073029,-2.1441943645477295,0.9834467172622681,0.012879866175353527,0.0003,672,0.0,150.0,-16.981244295454545
674,7327,13480,1,0.22316321730613708,-2.149461269378662,0.6308400630950928,0.08851339668035507,0.0003,673,0.0,150.0,-16.981244295454545
675,7326,13500,1,0.7801188826560974,-2.144742488861084,-0.3904085159301758,1.0338537693023682,0.0003,674,0.0,150.0,-16.981244295454545
676,7326,13520,1,0.5445598363876343,-2.1445257663726807,-0.6214828491210938,0.5041569471359253,0.0003,675,0.0,150.0,-16.981244295454545
677,7327,13540,1,0.1184842437505722,-2.1516995429992676,-0.41997361183166504,0.08021752536296844,0.0003,676,0.0,150.0,-16.981244295454545
678,7327,13560,1,-0.41723060607910156,-2.1427314281463623,0.22988200187683105,0.0608924999833107,0.0003,677,0.0,150.0,-16.981244295454545
679,7327,13580,1,-0.39999449253082275,-2.1472604274749756,0.17166244983673096,0.14234401285648346,0.0003,678,0.0,150.0,-16.981244295454545
680,7325,13600,1,-0.7125635147094727,-2.1493096351623535,0.14937961101531982,0.14846381545066833,0.0003,679,0.0,150.0,-16.981244295454545
681,7322,13620,1,-0.7689037322998047,-2.145603656768799,0.18115246295928955,0.17127038538455963,0.0003,680,0.0,150.0,-16.981244295454545
682,7322,13640,1,-0.8485783338546753,-2.1455702781677246,0.16021859645843506,0.1909416764974594,0.0003,681,0.0,150.0,-16.981244295454545
683,7323,13660,1,0.058155644685029984,-2.140678882598877,0.02391660213470459,0.6606799364089966,0.0003,682,0.0,150.0,-16.981244295454545
684,7322,13680,1,0.039800144731998444,-2.1308653354644775,0.03293842077255249,0.5756679773330688,0.0003,683,0.0,150.0,-16.981244295454545
685,7323,13700,1,-0.481270968914032,-2.110281467437744,-0.01488041877746582,0.10105156898498535,0.0003,684,0.0,150.0,-16.981244295454545
686,7323,13720,1,-0.18154343962669373,-2.1050212383270264,0.06819671392440796,0.15351314842700958,0.0003,685,0.0,150.0,-16.981244295454545
687,7324,13740,1,-0.16722705960273743,-2.1167004108428955,0.029307425022125244,0.18879227340221405,0.0003,686,0.0,150.0,-16.981244295454545
688,7325,13760,1,-0.9144484400749207,-2.094299793243408,0.038797616958618164,0.21501891314983368,0.0003,687,0.0,150.0,-16.981244295454545
689,7325,13780,1,0.005022579338401556,-2.0909595489501953,0.03273630142211914,0.4628366529941559,0.0003,688,0.0,150.0,-16.981244295454545
690,7325,13800,1,0.21071138978004456,-2.109743595123291,0.03049570322036743,0.9351209402084351,0.0003,689,0.0,150.0,-17.05433130434783
691,7326,13820,1,-0.5843831896781921,-2.097501039505005,0.018609821796417236,0.14569593966007233,0.0003,690,0.0,150.0,-17.05433130434783
692,7326,13840,1,-0.260294646024704,-2.1421329975128174,0.2384517788887024,0.10021324455738068,0.0003,691,0.0,150.0,-17.05433130434783
693,7327,13860,1,-0.30699342489242554,-2.1412501335144043,0.7647209167480469,0.04450269415974617,0.0003,692,0.0,150.0,-17.05433130434783
694,7328,13880,1,-0.06854461133480072,-2.142508029937744,0.48680752515792847,0.03827130049467087,0.0003,693,0.0,150.0,-17.05433130434783
695,7328,13900,1,0.3604274392127991,-2.1485602855682373,0.8566809296607971,0.03451947122812271,0.0003,694,0.0,150.0,-17.05433130434783
696,7329,13920,1,0.16411562263965607,-2.145824670791626,0.318103551864624,0.06291336566209793,0.0003,695,0.0,150.0,-17.05433130434783
697,7330,13940,1,0.2483869045972824,-2.141697406768799,0.5223379135131836,0.0860363095998764,0.0003,696,0.0,150.0,-17.05433130434783
698,7331,13960,1,0.5445758700370789,-2.136953353881836,0.6691302061080933,0.18978242576122284,0.0003,697,0.0,150.0,-17.05433130434783
699,7331,13980,1,0.21426257491111755,-2.135612964630127,0.8040508031845093,0.036156460642814636,0.0003,698,0.0,150.0,-17.05433130434783
700,7331,14000,1,0.1765192747116089,-2.1287410259246826,0.843643844127655,0.05155150964856148,0.0003,699,0.0,150.0,-17.05433130434783
701,7332,14020,1,0.7837052941322327,-2.1282896995544434,0.4003171920776367,0.2518686056137085,0.0003,700,0.0,150.0,-17.05433130434783
702,7332,14040,1,0.4673383831977844,-2.1228604316711426,-0.5968526601791382,0.5398827791213989,0.0003,701,0.0,150.0,-17.05433130434783
703,7333,14060,1,0.921466052532196,-2.1217291355133057,-0.19483435153961182,0.43341150879859924,0.0003,702,0.0,150.0,-17.05433130434783
704,7333,14080,1,-0.2483619749546051,-2.119884967803955,0.3542901873588562,0.11807781457901001,0.0003,703,0.0,150.0,-17.05433130434783
705,7331,14100,1,0.8750459551811218,-2.106112241744995,-0.03940284252166748,0.7714654207229614,0.0003,704,0.0,150.0,-17.05433130434783
706,7331,14120,1,-0.0989822968840599,-2.101224422454834,0.5273336172103882,0.05677356570959091,0.0003,705,0.0,150.0,-17.05433130434783
707,7332,14140,1,0.2640208303928375,-2.112140655517578,0.25861483812332153,0.3612545132637024,0.0003,706,0.0,150.0,-17.05433130434783
708,7332,14160,1,1.0776147842407227,-2.097824811935425,-0.050513625144958496,0.8896611928939819,0.0003,707,0.0,150.0,-17.05433130434783
709,7332,14180,1,-0.39366093277931213,-2.09378719329834,0.2653190493583679,0.05864277482032776,0.0003,708,0.0,150.0,-17.05433130434783
710,7332,14200,1,0.2811707854270935,-2.0957231521606445,0.11385363340377808,0.3749583959579468,0.0003,709,0.0,150.0,-17.05433130434783
711,7332,14220,1,-0.27070268988609314,-2.0949249267578125,0.3671410083770752,0.0767434686422348,0.0003,710,0.0,150.0,-17.05433130434783
712,7332,14240,1,-0.29151928424835205,-2.0910098552703857,0.01755678653717041,0.07049604505300522,0.0003,711,0.0,150.0,-17.05433130434783
713,7333,14260,1,-0.5891759991645813,-2.0906147956848145,0.30249398946762085,0.11119195073843002,0.0003,712,0.0,150.0,-17.05433130434783
714,7333,14280,1,-0.05640781670808792,-2.096254348754883,-0.06847178936004639,0.07667011767625809,0.0003,713,0.0,150.0,-17.05433130434783
715,7334,14300,1,-0.6609333753585815,-2.101780414581299,-0.11279928684234619,0.11741825193166733,0.0003,714,0.0,150.0,-17.05433130434783
716,7335,14320,1,-0.5448060631752014,-2.099203109741211,-0.009928226470947266,0.11455950886011124,0.0003,715,0.0,150.0,-17.05433130434783
717,7335,14340,1,-0.7830123901367188,-2.1069514751434326,0.025641679763793945,0.2231871783733368,0.0003,716,0.0,150.0,-17.05433130434783
718,7336,14360,1,-0.5864861607551575,-2.1014652252197266,-0.06926143169403076,0.10941289365291595,0.0003,717,0.0,150.0,-17.05433130434783
719,7336,14380,1,-0.5604379773139954,-2.0974316596984863,-0.03839600086212158,0.1559484601020813,0.0003,718,0.0,150.0,-17.05433130434783
720,7336,14400,1,-0.9912878274917603,-2.105361223220825,-0.002895832061767578,0.2883967459201813,0.0003,719,0.0,150.0,-17.060729583333334
721,7336,14420,1,-0.8329760432243347,-2.108229875564575,-0.0455782413482666,0.1891758292913437,0.0003,720,0.0,150.0,-17.060729583333334
722,7336,14440,1,-0.121756911277771,-2.1571624279022217,0.9265743494033813,0.03188721090555191,0.0003,721,0.0,150.0,-17.060729583333334
723,7336,14460,1,0.042583875358104706,-2.1590147018432617,0.9095422625541687,0.027464449405670166,0.0003,722,0.0,150.0,-17.060729583333334
724,7334,14480,1,-0.3383886218070984,-2.1598682403564453,0.9217433333396912,0.07024294883012772,0.0003,723,0.0,150.0,-17.060729583333334
725,7335,14500,1,0.12253377586603165,-2.162160634994507,0.8986328840255737,0.06545643508434296,0.0003,724,0.0,150.0,-17.060729583333334
726,7335,14520,1,-0.005349841900169849,-2.1589548587799072,0.8886830806732178,0.08482129871845245,0.0003,725,0.0,150.0,-17.060729583333334
727,7336,14540,1,-0.02934836782515049,-2.1646533012390137,0.9838170409202576,0.013775627128779888,0.0003,726,0.0,150.0,-17.060729583333334
728,7337,14560,1,-0.24440018832683563,-2.1686577796936035,0.9442775249481201,0.06879890710115433,0.0003,727,0.0,150.0,-17.060729583333334
729,7338,14580,1,-0.38572582602500916,-2.169551134109497,0.9724242091178894,0.05151505395770073,0.0003,728,0.0,150.0,-17.060729583333334
730,7339,14600,1,0.04920783266425133,-2.1638684272766113,0.8846521377563477,0.03570570796728134,0.0003,729,0.0,150.0,-17.060729583333334
731,7340,14620,1,-0.4072301983833313,-2.1649715900421143,0.7021416425704956,0.1239510178565979,0.0003,730,0.0,150.0,-17.060729583333334
732,7341,14640,1,-0.17672733962535858,-2.1620354652404785,0.8715385794639587,0.018568966537714005,0.0003,731,0.0,150.0,-17.060729583333334
733,7342,14660,1,0.3790900707244873,-2.1635544300079346,0.13530802726745605,0.0990658774971962,0.0003,732,0.0,150.0,-17.060729583333334
734,7343,14680,1,0.39293140172958374,-2.1536006927490234,0.2549988031387329,0.3577580153942108,0.0003,733,0.0,150.0,-17.060729583333334
735,7344,14700,2,0.33943718671798706,-2.1483070850372314,0.6085866093635559,0.05009809881448746,0.0003,734,0.0,150.0,-17.060729583333334
736,7345,14720,2,0.4597112238407135,-2.1403331756591797,-0.23494958877563477,0.4029678702354431,0.0003,735,0.0,150.0,-17.060729583333334
737,7346,14740,2,0.5737943053245544,-2.1428680419921875,0.03317523002624512,0.6664449572563171,0.0003,736,0.0,150.0,-17.060729583333334
738,7347,14760,2,0.37426677346229553,-2.1334609985351562,0.3244381546974182,0.35491567850112915,0.0003,737,0.0,150.0,-17.060729583333334
739,7348,14780,2,-0.29841768741607666,-2.1244988441467285,-0.028447389602661133,0.14045830070972443,0.0003,738,0.0,150.0,-17.060729583333334
740,7350,14800,2,-0.09258494526147842,-2.1148290634155273,0.1312183141708374,0.8817116022109985,0.0003,739,0.0,150.0,-17.060729583333334
741,7351,14820,2,0.095358707010746,-2.0894250869750977,0.20670562982559204,0.40760406851768494,0.0003,740,0.0,150.0,-17.060729583333334
742,7352,14840,2,-0.6044400930404663,-2.079927921295166,-0.17615556716918945,0.20109495520591736,0.0003,741,0.0,150.0,-17.060729583333334
743,7353,14860,2,0.13353517651557922,-2.063525438308716,-0.03865623474121094,0.7041450142860413,0.0003,742,0.0,150.0,-17.060729583333334
744,7354,14880,2,-0.5916361212730408,-2.0662970542907715,0.04203420877456665,0.20459184050559998,0.0003,743,0.0,150.0,-17.060729583333334
745,7355,14900,2,-1.2112791538238525,-2.0617215633392334,-0.0008776187896728516,0.3259158134460449,0.0003,744,0.0,150.0,-17.060729583333334
746,7355,14920,2,0.36947745084762573,-2.0625500679016113,-0.007302284240722656,0.6751084923744202,0.0003,745,0.0,150.0,-17.060729583333334
747,7355,14940,2,0.2776293158531189,-2.0657105445861816,-0.008299589157104492,0.9194075465202332,0.0003,746,0.0,150.0,-17.060729583333334
748,7353,14960,2,-0.7519981265068054,-2.0683650970458984,0.0056996941566467285,0.2107018530368805,0.0003,747,0.0,150.0,-17.060729583333334
749,7353,14980,2,-0.723965048789978,-2.072920083999634,0.008528590202331543,0.49750176072120667,0.0003,748,0.0,150.0,-17.060729583333334
750,7352,15000,2,-0.5260298848152161,-2.0701804161071777,0.021604716777801514,0.6598955392837524,0.0003,749,0.0,150.0,-17.055700180000002
751,7353,15020,2,-0.8033234477043152,-2.058852434158325,0.02921879291534424,0.16229002177715302,0.0003,750,0.0,150.0,-17.055700180000002
752,7354,15040,2,-0.1808989942073822,-2.147834300994873,0.7118911743164062,0.06010442227125168,0.0003,751,0.0,150.0,-17.055700180000002
753,7355,15060,2,0.10379767417907715,-2.1452994346618652,0.9093724489212036,0.028936350718140602,0.0003,752,0.0,150.0,-17.055700180000002
754,7355,15080,2,0.12409398704767227,-2.142186403274536,0.9638251662254333,0.022791681811213493,0.0003,753,0.0,150.0,-17.055700180000002
755,7356,15100,2,0.4964297413825989,-2.1430141925811768,0.8938032388687134,0.15603792667388916,0.0003,754,0.0,150.0,-17.055700180000002
756,7356,15120,2,0.5755653381347656,-2.1383163928985596,0.958976149559021,0.13579252362251282,0.0003,755,0.0,150.0,-17.055700180000002
757,7356,15140,2,0.08719400316476822,-2.137784481048584,0.9903364181518555,0.012495272792875767,0.0003,756,0.0,150.0,-17.055700180000002
758,7356,15160,2,0.07334413379430771,-2.146176815032959,0.9567093253135681,0.04253901541233063,0.0003,757,0.0,150.0,-17.055700180000002
759,7357,15180,2,-0.226345494389534,-2.14622163772583,0.928947389125824,0.08596043288707733,0.0003,758,0.0,150.0,-17.055700180000002
760,7358,15200,2,0.02387537620961666,-2.141608715057373,0.9462292194366455,0.04337405040860176,0.0003,759,0.0,150.0,-17.055700180000002
761,7358,15220,2,0.012788861989974976,-2.1534054279327393,0.9617692828178406,0.03132838010787964,0.0003,760,0.0,150.0,-17.055700180000002
762,7358,15240,2,0.14516077935695648,-2.1530263423919678,0.9673343896865845,0.028752371668815613,0.0003,761,0.0,150.0,-17.055700180000002
763,7359,15260,2,1.258840799331665,-2.1518707275390625,-0.08024764060974121,1.6654613018035889,0.0003,762,0.0,150.0,-17.055700180000002
764,7360,15280,2,1.4696402549743652,-2.15434193611145,0.19825482368469238,1.9124109745025635,0.0003,763,0.0,150.0,-17.055700180000002
765,7360,15300,2,-0.1030677780508995,-2.1497159004211426,0.7655798196792603,0.1430038958787918,0.0003,764,0.0,150.0,-17.055700180000002
766,7361,15320,2,0.24644610285758972,-2.144026517868042,0.9461776614189148,0.048158273100852966,0.0003,765,0.0,150.0,-17.055700180000002
767,7361,15340,2,0.7509092688560486,-2.1367831230163574,-0.7077977657318115,0.7429715394973755,0.0003,766,0.0,150.0,-17.055700180000002
768,7362,15360,2,1.3599458932876587,-2.136742115020752,0.09860390424728394,2.230626106262207,0.0003,767,0.0,150.0,-17.055700180000002
769,7362,15380,2,-0.31243112683296204,-2.131545305252075,0.8159109354019165,0.18374812602996826,0.0003,768,0.0,150.0,-17.055700180000002
770,7363,15400,2,-0.30492037534713745,-2.112635374069214,0.9534826278686523,0.04985170066356659,0.0003,769,0.0,150.0,-17.055700180000002
771,7363,15420,2,-0.24886062741279602,-2.1044087409973145,0.7554745674133301,0.08988873660564423,0.0003,770,0.0,150.0,-17.055700180000002
772,7364,15440,2,0.10268010944128036,-2.1092238426208496,0.4160274267196655,0.4600428640842438,0.0003,771,0.0,150.0,-17.055700180000002
773,7365,15460,2,-0.40815335512161255,-2.097745895385742,0.6763246059417725,0.1079007163643837,0.0003,772,0.0,150.0,-17.055700180000002
774,7365,15480,2,-0.4897978901863098,-2.098421812057495,0.7748957276344299,0.08900098502635956,0.0003,773,0.0,150.0,-17.055700180000002
775,7366,15500,2,-0.4582032561302185,-2.1004650592803955,0.25003838539123535,0.11799828708171844,0.0003,774,0.0,150.0,-17.055700180000002
776,7366,15520,2,-0.4619452953338623,-2.1086971759796143,0.1294073462486267,0.07811345160007477,0.0003,775,0.0,150.0,-17.055700180000002
777,7367,15540,2,-0.6397199630737305,-2.089049816131592,0.2727937698364258,0.14154694974422455,0.0003,776,0.0,150.0,-17.055700180000002
778,7368,15560,2,-0.4117203652858734,-2.0948309898376465,0.18170589208602905,0.06965049356222153,0.0003,777,0.0,150.0,-17.055700180000002
779,7368,15580,2,-0.3348115384578705,-2.083418607711792,0.007146775722503662,0.04142441600561142,0.0003,778,0.0,150.0,-17.055700180000002
780,7368,15600,2,-0.1419222354888916,-2.0811514854431152,-0.37500178813934326,0.10920639336109161,0.0003,779,0.0,150.0,-16.85409083
781,7368,15620,2,0.004706698469817638,-2.0884013175964355,-0.17815184593200684,0.09326254576444626,0.0003,780,0.0,150.0,-16.85409083
782,7369,15640,2,-0.07903272658586502,-2.171846389770508,0.8362666368484497,0.021810704842209816,0.0003,781,0.0,150.0,-16.85409083
783,7370,15660,2,-0.26014867424964905,-2.1702773571014404,0.9026003479957581,0.04029352217912674,0.0003,782,0.0,150.0,-16.85409083
784,7370,15680,2,0.12058593332767487,-2.1694109439849854,0.7975559234619141,0.08589416742324829,0.0003,783,0.0,150.0,-16.85409083
785,7371,15700,2,-0.6073552370071411,-2.164031505584717,0.9445300102233887,0.10755481570959091,0.0003,784,0.0,150.0,-16.85409083
786,7371,15720,2,0.007211768534034491,-2.163090467453003,0.9349594116210938,0.040340982377529144,0.0003,785,0.0,150.0,-16.85409083
787,7372,15740,2,-0.13190920650959015,-2.1684041023254395,0.9661473035812378,0.022304942831397057,0.0003,786,0.0,150.0,-16.85409083
788,7372,15760,2,0.17868682742118835,-2.1704397201538086,0.9412959218025208,0.05530547350645065,0.0003,787,0.0,150.0,-16.85409083
789,7373,15780,2,-0.09684062749147415,-2.1699156761169434,0.8831549286842346,0.0852290540933609,0.0003,788,0.0,150.0,-16.85409083
790,7373,15800,2,0.8005479574203491,-2.1675467491149902,0.8046495914459229,0.3959451913833618,0.0003,789,0.0,150.0,-16.85409083
791,7374,15820,2,-0.1424216479063034,-2.167250156402588,0.9211187362670898,0.05153162404894829,0.0003,790,0.0,150.0,-16.85409083
792,7372,15840,2,0.7227005958557129,-2.165113925933838,0.8888372182846069,0.21598224341869354,0.0003,791,0.0,150.0,-16.85409083
793,7372,15860,2,0.1683211475610733,-2.162238597869873,0.9610702991485596,0.05043083429336548,0.0003,792,0.0,150.0,-16.85409083
794,7372,15880,2,-0.8345983624458313,-2.1615231037139893,-0.48462939262390137,0.40550392866134644,0.0003,793,0.0,150.0,-16.85409083
795,7372,15900,2,-0.3773276209831238,-2.161193370819092,0.574099063873291,0.07662966102361679,0.0003,794,0.0,150.0,-16.85409083
796,7373,15920,2,-0.028363728895783424,-2.1615021228790283,0.6899755597114563,0.029995795339345932,0.0003,795,0.0,150.0,-16.85409083
797,7373,15940,2,-0.20146670937538147,-2.151219606399536,-0.2048661708831787,0.04349292814731598,0.0003,796,0.0,150.0,-16.85409083
798,7371,15960,2,-0.09997878968715668,-2.1477553844451904,0.3880540728569031,0.01931370049715042,0.0003,797,0.0,150.0,-16.85409083
799,7369,15980,2,0.06561769545078278,-2.1520168781280518,-0.0678398609161377,0.19546572864055634,0.0003,798,0.0,150.0,-16.85409083
800,7368,16000,2,-0.018549412488937378,-2.160182237625122,0.09266507625579834,0.10250882804393768,0.0003,799,0.0,150.0,-16.85409083
801,7366,16020,2,-0.22928714752197266,-2.160526752471924,0.2476218342781067,0.05644289404153824,0.0003,800,0.0,150.0,-16.85409083
802,7363,16040,2,-0.30375686287879944,-2.1540584564208984,0.18342286348342896,0.18086573481559753,0.0003,801,0.0,150.0,-16.85409083
803,7361,16060,2,0.2995263636112213,-2.1548943519592285,0.14049845933914185,0.23092511296272278,0.0003,802,0.0,150.0,-16.85409083
804,7360,16080,2,0.16939687728881836,-2.1386425495147705,0.060307085514068604,1.339896559715271,0.0003,803,0.0,150.0,-16.85409083
805,7359,16100,2,1.1338976621627808,-2.120701551437378,-0.05234122276306152,0.8774009943008423,0.0003,804,0.0,150.0,-16.85409083
806,7356,16120,2,0.35289353132247925,-2.117732286453247,0.0012573003768920898,0.879377007484436,0.0003,805,0.0,150.0,-16.85409083
807,7354,16140,2,0.15066877007484436,-2.108290910720825,0.10509926080703735,0.5607221126556396,0.0003,806,0.0,150.0,-16.85409083
808,7352,16160,2,0.08684909343719482,-2.088200807571411,0.04535931348800659,0.3288300633430481,0.0003,807,0.0,150.0,-16.85409083
809,7351,16180,2,1.0733819007873535,-2.073315382003784,0.10902649164199829,2.3746438026428223,0.0003,808,0.0,150.0,-16.85409083
810,7346,16200,2,-0.6051825881004333,-2.079758405685425,0.3688521385192871,0.20426174998283386,0.0003,809,0.0,150.0,-16.72080321
811,7344,16220,2,-0.7344323396682739,-2.0810253620147705,0.29455238580703735,0.2887932360172272,0.0003,810,0.0,150.0,-16.72080321
812,7342,16240,2,0.24276649951934814,-2.160156726837158,0.4399659037590027,0.05211099982261658,0.0003,811,0.0,150.0,-16.72080321
813,7341,16260,2,-0.14360234141349792,-2.1619770526885986,0.7767695784568787,0.02059704065322876,0.0003,812,0.0,150.0,-16.72080321
814,7341,16280,2,-0.03522273898124695,-2.162471055984497,0.1901615858078003,0.07216218113899231,0.0003,813,0.0,150.0,-16.72080321
815,7341,16300,2,1.2173922061920166,-2.15677809715271,0.35747313499450684,0.8079288601875305,0.0003,814,0.0,150.0,-16.72080321
816,7341,16320,2,0.7898871898651123,-2.155158519744873,0.2822920083999634,0.4701085090637207,0.0003,815,0.0,150.0,-16.72080321
817,7341,16340,2,0.13892586529254913,-2.1571860313415527,0.7007440328598022,0.2808898687362671,0.0003,816,0.0,150.0,-16.72080321
818,7341,16360,2,-0.01456788182258606,-2.1553618907928467,0.924839198589325,0.08919254690408707,0.0003,817,0.0,150.0,-16.72080321
819,7341,16380,2,0.6883050203323364,-2.1503219604492188,0.7737146615982056,0.7962990999221802,0.0003,818,0.0,150.0,-16.72080321
820,7341,16400,2,-0.7474129796028137,-2.1523711681365967,0.9547688961029053,0.2429617941379547,0.0003,819,0.0,150.0,-16.72080321
821,7342,16420,2,0.19510021805763245,-2.1514413356781006,0.9621899127960205,0.131808802485466,0.0003,820,0.0,150.0,-16.72080321
822,7342,16440,2,-0.5443505048751831,-2.144827365875244,0.9778202772140503,0.1406823992729187,0.0003,821,0.0,150.0,-16.72080321
823,7343,16460,2,1.0218385457992554,-2.1407532691955566,0.7891366481781006,1.1911700963974,0.0003,822,0.0,150.0,-16.72080321
824,7344,16480,2,0.15771034359931946,-2.142261028289795,0.987694501876831,0.0554499514400959,0.0003,823,0.0,150.0,-16.72080321
825,7344,16500,2,0.4537668228149414,-2.136137008666992,0.9058384895324707,0.32735005021095276,0.0003,824,0.0,150.0,-16.72080321
826,7344,16520,2,0.3479936718940735,-2.132063150405884,0.954835832118988,0.1863902509212494,0.0003,825,0.0,150.0,-16.72080321
827,7344,16540,2,0.04050435870885849,-2.1254169940948486,0.9337841868400574,0.34513264894485474,0.0003,826,0.0,150.0,-16.72080321
828,7343,16560,2,0.2130322903394699,-2.120295286178589,0.9852526187896729,0.10124882310628891,0.0003,827,0.0,150.0,-16.72080321
829,7343,16580,2,-0.8747162818908691,-2.1160848140716553,0.9919300675392151,0.19831569492816925,0.0003,828,0.0,150.0,-16.72080321
830,7343,16600,2,-0.6131256818771362,-2.108959674835205,0.9869250655174255,0.1759265512228012,0.0003,829,0.0,150.0,-16.72080321
831,7344,16620,2,0.06358923017978668,-2.0955114364624023,0.9003846645355225,0.5689878463745117,0.0003,830,0.0,150.0,-16.72080321
832,7344,16640,2,0.2596226632595062,-2.100022077560425,0.8348554372787476,0.7592086791992188,0.0003,831,0.0,150.0,-16.72080321
833,7345,16660,2,-0.0796632319688797,-2.0880794525146484,0.9570778012275696,0.279155433177948,0.0003,832,0.0,150.0,-16.72080321
834,7346,16680,2,-0.24019761383533478,-2.0762035846710205,0.9698270559310913,0.2388521432876587,0.0003,833,0.0,150.0,-16.72080321
835,7346,16700,2,0.15881887078285217,-2.0855250358581543,0.8288674354553223,0.7958197593688965,0.0003,834,0.0,150.0,-16.72080321
836,7347,16720,2,0.37204140424728394,-2.0675439834594727,0.9235802292823792,0.4725150465965271,0.0003,835,0.0,150.0,-16.72080321
837,7347,16740,2,-0.9603474736213684,-2.074741840362549,0.9762601256370544,0.3407718539237976,0.0003,836,0.0,150.0,-16.72080321
838,7347,16760,2,-0.6445452570915222,-2.07897686958313,0.9690590500831604,0.23246121406555176,0.0003,837,0.0,150.0,-16.72080321
839,7347,16780,2,-0.5890005826950073,-2.0710930824279785,0.9848947525024414,0.19415144622325897,0.0003,838,0.0,150.0,-16.72080321
840,7346,16800,2,-0.6794278025627136,-2.074159622192383,0.9787880778312683,0.16829177737236023,0.0003,839,0.01,150.0,-16.38327471
841,7346,16820,2,2.6605117321014404,-2.0759501457214355,0.6203615665435791,7.670092582702637,0.0003,840,0.01,150.0,-16.38327471
842,7346,16840,2,0.031460508704185486,-2.1629841327667236,0.9642796516418457,0.02178511582314968,0.0003,841,0.01,150.0,-16.38327471
843,7347,16860,2,-0.09278950840234756,-2.158245801925659,0.9503942131996155,0.03621777147054672,0.0003,842,0.01,150.0,-16.38327471
844,7347,16880,2,-0.5767364501953125,-2.1487913131713867,0.8367465734481812,0.1599040925502777,0.0003,843,0.01,150.0,-16.38327471
845,7347,16900,2,0.16913601756095886,-2.145146369934082,0.6963030695915222,0.2549530863761902,0.0003,844,0.01,150.0,-16.38327471
846,7348,16920,2,-0.25578418374061584,-2.140347957611084,0.8998377919197083,0.15262070298194885,0.0003,845,0.01,150.0,-16.38327471
847,7348,16940,2,-0.27120131254196167,-2.130720615386963,0.8075014352798462,0.3844890594482422,0.0003,846,0.01,150.0,-16.38327471
848,7348,16960,2,-0.506412923336029,-2.125889301300049,0.9732213616371155,0.11686744540929794,0.0003,847,0.01,150.0,-16.38327471
849,7349,16980,2,-0.7234525084495544,-2.1189751625061035,0.9447965621948242,0.19039523601531982,0.0003,848,0.01,150.0,-16.38327471
850,7349,17000,2,0.2778538763523102,-2.1067140102386475,0.7088085412979126,0.7419596314430237,0.0003,849,0.01,150.0,-16.38327471
851,7350,17020,2,-0.42738065123558044,-2.093989610671997,0.9081436991691589,0.21656212210655212,0.0003,850,0.01,150.0,-16.38327471
852,7350,17040,2,-0.2291380614042282,-2.0861964225769043,0.8628066778182983,0.2613223195075989,0.0003,851,0.01,150.0,-16.38327471
853,7350,17060,2,0.34670597314834595,-2.075695037841797,0.8080127239227295,0.6590071320533752,0.0003,852,0.01,150.0,-16.38327471
854,7350,17080,2,-0.3723953664302826,-2.0673298835754395,0.9237263202667236,0.18421387672424316,0.0003,853,0.01,150.0,-16.38327471
855,7351,17100,2,-0.7629131078720093,-2.0670809745788574,0.9105309247970581,0.2517635226249695,0.0003,854,0.01,150.0,-16.38327471
856,7352,17120,2,-0.8447540402412415,-2.071601390838623,0.891179084777832,0.21800968050956726,0.0003,855,0.01,150.0,-16.38327471
857,7352,17140,2,-0.31994014978408813,-2.0655040740966797,0.9133907556533813,0.04758230969309807,0.0003,856,0.01,150.0,-16.38327471
858,7353,17160,2,0.07561689615249634,-2.0714001655578613,0.41608595848083496,0.4967590868473053,0.0003,857,0.01,150.0,-16.38327471
859,7353,17180,2,-0.41454562544822693,-2.076442003250122,0.8600015640258789,0.06089808791875839,0.0003,858,0.01,150.0,-16.38327471
860,7354,17200,2,0.2884795367717743,-2.0689516067504883,0.14539223909378052,0.33716174960136414,0.0003,859,0.01,150.0,-16.38327471
861,7354,17220,2,0.555149495601654,-2.033820629119873,-0.06683647632598877,0.6233645677566528,0.0003,860,0.01,150.0,-16.38327471
862,7355,17240,2,0.11178942024707794,-2.0255656242370605,0.7474068403244019,0.12269172817468643,0.0003,861,0.01,150.0,-16.38327471
863,7356,17260,2,-0.1473522186279297,-2.0432426929473877,0.7641312479972839,0.03949928283691406,0.0003,862,0.01,150.0,-16.38327471
864,7355,17280,2,-0.2222054898738861,-2.0446081161499023,0.4932592511177063,0.08037744462490082,0.0003,863,0.01,150.0,-16.38327471
865,7356,17300,2,-0.28320446610450745,-2.0415637493133545,0.4368777275085449,0.18101826310157776,0.0003,864,0.01,150.0,-16.38327471
866,7356,17320,2,-0.6517280340194702,-2.0418410301208496,0.5323357582092285,0.18661968410015106,0.0003,865,0.01,150.0,-16.38327471
867,7354,17340,2,-0.3710933029651642,-2.0502915382385254,0.4007061719894409,0.1587868481874466,0.0003,866,0.01,150.0,-16.38327471
868,7353,17360,2,-0.509868323802948,-2.0476925373077393,0.3558546304702759,0.23947963118553162,0.0003,867,0.01,150.0,-16.38327471
869,7353,17380,2,-0.37463846802711487,-2.0685312747955322,0.24007123708724976,0.10688908398151398,0.0003,868,0.01,150.0,-16.38327471
870,7351,17400,2,-0.14481206238269806,-2.0652225017547607,0.2068994641304016,0.11883644014596939,0.0003,869,0.01,150.0,-16.47745831
871,7352,17420,2,-0.25489044189453125,-2.0784225463867188,0.3416752815246582,0.07063625007867813,0.0003,870,0.01,150.0,-16.47745831
872,7351,17440,2,0.10939550399780273,-2.1692497730255127,0.7918614149093628,0.06498432159423828,0.0003,871,0.01,150.0,-16.47745831
873,7351,17460,2,0.039095066487789154,-2.16633677482605,-0.012327909469604492,0.15067537128925323,0.0003,872,0.01,150.0,-16.47745831
874,7351,17480,2,-0.47574424743652344,-2.1749491691589355,0.8730270862579346,0.0896003320813179,0.0003,873,0.01,150.0,-16.47745831
875,7351,17500,2,-0.7790497541427612,-2.173952579498291,0.8449820280075073,0.20357558131217957,0.0003,874,0.01,150.0,-16.47745831
876,7351,17520,2,-0.05669742822647095,-2.175349473953247,0.6200118064880371,0.19565853476524353,0.0003,875,0.01,150.0,-16.47745831
877,7351,17540,2,0.4667637348175049,-2.1621174812316895,0.5096836686134338,0.26976385712623596,0.0003,876,0.01,150.0,-16.47745831
878,7351,17560,2,0.3901154398918152,-2.1570467948913574,0.3184587359428406,0.3781660199165344,0.0003,877,0.01,150.0,-16.47745831
879,7349,17580,2,0.674736499786377,-2.147298574447632,0.46060776710510254,1.085368275642395,0.0003,878,0.01,150.0,-16.47745831
880,7349,17600,2,-0.8804798126220703,-2.1430468559265137,0.941969096660614,0.20715785026550293,0.0003,879,0.01,150.0,-16.47745831
881,7350,17620,2,-0.7034091949462891,-2.1451430320739746,0.9332683086395264,0.1446412354707718,0.0003,880,0.01,150.0,-16.47745831
882,7349,17640,2,-0.34231653809547424,-2.1436915397644043,0.7644399404525757,0.09561298042535782,0.0003,881,0.01,150.0,-16.47745831
883,7349,17660,2,-0.4346916675567627,-2.1355440616607666,0.40006422996520996,0.08561433106660843,0.0003,882,0.01,150.0,-16.47745831
884,7349,17680,2,-0.4103337824344635,-2.127140760421753,0.6401141881942749,0.0672796219587326,0.0003,883,0.01,150.0,-16.47745831
885,7349,17700,2,-0.4797569215297699,-2.1189732551574707,-0.02620112895965576,0.06860257685184479,0.0003,884,0.01,150.0,-16.47745831
886,7349,17720,2,-0.13004645705223083,-2.1203231811523438,-0.17425155639648438,0.042471155524253845,0.0003,885,0.01,150.0,-16.47745831
887,7349,17740,2,0.4092103838920593,-2.1010613441467285,0.07345843315124512,0.4481334686279297,0.0003,886,0.01,150.0,-16.47745831
888,7349,17760,2,0.21107935905456543,-2.1019930839538574,0.20254212617874146,0.2075122892856598,0.0003,887,0.01,150.0,-16.47745831
889,7350,17780,2,0.3042888641357422,-2.0852363109588623,0.4126141667366028,0.14628735184669495,0.0003,888,0.01,150.0,-16.47745831
890,7350,17800,2,-0.15493659675121307,-2.0981757640838623,0.558769941329956,0.04275358468294144,0.0003,889,0.01,150.0,-16.47745831
891,7350,17820,2,-0.1385648101568222,-2.089132785797119,0.3722473382949829,0.09766146540641785,0.0003,890,0.01,150.0,-16.47745831
892,7350,17840,2,-0.416581392288208,-2.0938844680786133,0.2136143445968628,0.18224945664405823,0.0003,891,0.01,150.0,-16.47745831
893,7351,17860,2,-0.41513699293136597,-2.073282241821289,0.13026487827301025,0.11392603069543839,0.0003,892,0.01,150.0,-16.47745831
894,7351,17880,2,-0.4428645074367523,-2.0776939392089844,0.17592978477478027,0.13402481377124786,0.0003,893,0.01,150.0,-16.47745831
895,7352,17900,2,-0.34460505843162537,-2.0632553100585938,0.3047177791595459,0.05780341103672981,0.0003,894,0.01,150.0,-16.47745831
896,7353,17920,2,-0.3874897360801697,-2.054888963699341,0.19642865657806396,0.08181973546743393,0.0003,895,0.01,150.0,-16.47745831
897,7353,17940,2,-0.2471148669719696,-2.048935651779175,0.02858644723892212,0.05579826980829239,0.0003,896,0.01,150.0,-16.47745831
898,7354,17960,2,-0.38855791091918945,-2.0560402870178223,0.15927833318710327,0.06996891647577286,0.0003,897,0.01,150.0,-16.47745831
899,7354,17980,2,-0.13751141726970673,-2.059293270111084,0.03960138559341431,0.059700123965740204,0.0003,898,0.01,150.0,-16.47745831
900,7354,18000,2,-0.613460123538971,-2.063199520111084,0.08258926868438721,0.12373293936252594,0.0003,899,0.01,150.0,-16.64020518
901,7354,18020,2,-0.45292583107948303,-2.0608229637145996,0.10448789596557617,0.1493876427412033,0.0003,900,0.01,150.0,-16.64020518
902,7355,18040,2,-0.1476689577102661,-2.1615490913391113,0.9475520253181458,0.031045716255903244,0.0003,901,0.01,150.0,-16.64020518
903,7355,18060,2,-0.016811704263091087,-2.1642768383026123,0.9791353940963745,0.008876494131982327,0.0003,902,0.01,150.0,-16.64020518
904,7356,18080,2,0.7437594532966614,-2.1615121364593506,0.38287848234176636,0.7280407547950745,0.0003,903,0.01,150.0,-16.64020518
905,7356,18100,2,-0.21486108005046844,-2.1601884365081787,0.9256700277328491,0.04262661561369896,0.0003,904,0.01,150.0,-16.64020518
906,7357,18120,2,-0.13546298444271088,-2.160116195678711,0.9375035762786865,0.03149670362472534,0.0003,905,0.01,150.0,-16.64020518
907,7357,18140,2,0.12648797035217285,-2.154924154281616,0.9622974991798401,0.018565354868769646,0.0003,906,0.01,150.0,-16.64020518
908,7357,18160,2,0.1337369829416275,-2.147008180618286,0.7899616956710815,0.07065407186746597,0.0003,907,0.01,150.0,-16.64020518
909,7358,18180,2,-0.1261828988790512,-2.144024610519409,0.8062558770179749,0.09405506402254105,0.0003,908,0.01,150.0,-16.64020518
910,7358,18200,2,0.2586177885532379,-2.1447927951812744,0.6096298694610596,0.4679757058620453,0.0003,909,0.01,150.0,-16.64020518
911,7359,18220,2,0.1555848866701126,-2.1419179439544678,0.8307803869247437,0.2762371599674225,0.0003,910,0.01,150.0,-16.64020518
912,7360,18240,2,-0.26414504647254944,-2.131512403488159,0.9434330463409424,0.047145020216703415,0.0003,911,0.01,150.0,-16.64020518
913,7360,18260,2,-0.3048376441001892,-2.115816593170166,0.7613562345504761,0.08332573622465134,0.0003,912,0.01,150.0,-16.64020518
914,7360,18280,2,-0.1538352370262146,-2.1090619564056396,0.5113101005554199,0.0914030447602272,0.0003,913,0.01,150.0,-16.64020518
915,7361,18300,2,0.7790039777755737,-2.098010540008545,0.30466997623443604,1.2026758193969727,0.0003,914,0.01,150.0,-16.64020518
916,7361,18320,2,0.13851256668567657,-2.091958522796631,0.18487274646759033,0.5657652020454407,0.0003,915,0.01,150.0,-16.64020518
917,7362,18340,2,-0.16215932369232178,-2.0953221321105957,-0.30110251903533936,0.0568946972489357,0.0003,916,0.01,150.0,-16.64020518
918,7361,18360,2,-0.02102050743997097,-2.069575786590576,0.3376539349555969,0.1401132345199585,0.0003,917,0.01,150.0,-16.64020518
919,7361,18380,2,-0.34641575813293457,-2.0641326904296875,0.4013742208480835,0.17360416054725647,0.0003,918,0.01,150.0,-16.64020518
920,7362,18400,2,0.28046756982803345,-2.0608654022216797,-0.03934800624847412,0.7113707065582275,0.0003,919,0.01,150.0,-16.64020518
921,7363,18420,2,-0.046289436519145966,-2.0615148544311523,0.0756492018699646,0.7667135000228882,0.0003,920,0.01,150.0,-16.64020518
922,7364,18440,2,-0.6494840383529663,-2.0662665367126465,0.3027304410934448,0.16593235731124878,0.0003,921,0.01,150.0,-16.64020518
923,7363,18460,2,-0.37450605630874634,-2.041377544403076,0.25616466999053955,0.16789813339710236,0.0003,922,0.01,150.0,-16.64020518
924,7363,18480,2,0.4524551331996918,-2.0566697120666504,0.05768328905105591,0.9330639839172363,0.0003,923,0.01,150.0,-16.64020518
925,7364,18500,2,-0.6206352114677429,-2.069357395172119,0.20841574668884277,0.11419113725423813,0.0003,924,0.01,150.0,-16.64020518
926,7364,18520,2,-0.6321521401405334,-2.0723652839660645,0.13256466388702393,0.14060358703136444,0.0003,925,0.01,150.0,-16.64020518
927,7365,18540,2,-0.8677533864974976,-2.073401927947998,0.10627448558807373,0.27632105350494385,0.0003,926,0.01,150.0,-16.64020518
928,7365,18560,2,-0.7185397744178772,-2.0854344367980957,0.07814645767211914,0.1666812300682068,0.0003,927,0.01,150.0,-16.64020518
929,7366,18580,2,-0.7695474624633789,-2.08493971824646,0.10053831338882446,0.18873554468154907,0.0003,928,0.01,150.0,-16.64020518
930,7365,18600,2,-0.7315826416015625,-2.079357862472534,0.08030635118484497,0.22363369166851044,0.0003,929,0.01,150.0,-16.67533737
931,7366,18620,2,-1.0428944826126099,-2.0922458171844482,0.028287291526794434,0.31252679228782654,0.0003,930,0.01,150.0,-16.67533737
932,7366,18640,2,0.3836958408355713,-2.1660873889923096,0.8439555764198303,0.06891147047281265,0.0003,931,0.01,150.0,-16.67533737
933,7367,18660,2,0.12430953979492188,-2.1664223670959473,0.35216599702835083,0.5574899911880493,0.0003,932,0.01,150.0,-16.67533737
934,7368,18680,2,0.16769909858703613,-2.160630702972412,0.977354109287262,0.02142411842942238,0.0003,933,0.01,150.0,-16.67533737
935,7367,18700,2,-0.09221366792917252,-2.1624159812927246,0.9165181517601013,0.13891346752643585,0.0003,934,0.01,150.0,-16.67533737
936,7367,18720,2,-0.03866373375058174,-2.1693148612976074,0.9581614136695862,0.08188401162624359,0.0003,935,0.01,150.0,-16.67533737
937,7368,18740,2,-0.04254231974482536,-2.1740615367889404,0.9902729392051697,0.021791430190205574,0.0003,936,0.01,150.0,-16.67533737
938,7368,18760,2,-0.24344436824321747,-2.173133373260498,0.9787054657936096,0.07507088780403137,0.0003,937,0.01,150.0,-16.67533737
939,7369,18780,2,-0.1457812488079071,-2.1743199825286865,0.9897571802139282,0.03964722529053688,0.0003,938,0.01,150.0,-16.67533737
940,7369,18800,2,0.1442578136920929,-2.1781115531921387,0.9791173934936523,0.0781075730919838,0.0003,939,0.01,150.0,-16.67533737
941,7370,18820,2,-0.04639413207769394,-2.176988124847412,0.9701634645462036,0.12213756144046783,0.0003,940,0.01,150.0,-16.67533737
942,7369,18840,2,0.08051105588674545,-2.1767237186431885,0.9830266237258911,0.08173186331987381,0.0003,941,0.01,150.0,-16.67533737
943,7369,18860,2,0.004588187672197819,-2.1766161918640137,0.9913232326507568,0.06036492437124252,0.0003,942,0.01,150.0,-16.67533737
944,7370,18880,2,-0.20309777557849884,-2.174898624420166,0.992400586605072,0.059067390859127045,0.0003,943,0.01,150.0,-16.67533737
945,7371,18900,2,-0.25032591819763184,-2.1745707988739014,0.975193977355957,0.12865372002124786,0.0003,944,0.01,150.0,-16.67533737
946,7371,18920,2,0.13400039076805115,-2.1734139919281006,0.9597267508506775,0.13476090133190155,0.0003,945,0.01,150.0,-16.67533737
947,7372,18940,2,0.2568764090538025,-2.1743016242980957,0.8984963297843933,0.29047924280166626,0.0003,946,0.01,150.0,-16.67533737
948,7372,18960,2,-0.4103763699531555,-2.1582679748535156,0.9954968094825745,0.040723465383052826,0.0003,947,0.01,150.0,-16.67533737
949,7371,18980,2,0.8583113551139832,-2.159152030944824,0.5150974988937378,1.1703583002090454,0.0003,948,0.01,150.0,-16.67533737
950,7371,19000,2,-0.10524249076843262,-2.164868116378784,0.6978763341903687,0.2130553275346756,0.0003,949,0.01,150.0,-16.67533737
951,7371,19020,2,0.5691659450531006,-2.1482131481170654,0.45507216453552246,0.5159574747085571,0.0003,950,0.01,150.0,-16.67533737
952,7371,19040,2,0.15316526591777802,-2.145799160003662,0.8945510387420654,0.07153259217739105,0.0003,951,0.01,150.0,-16.67533737
953,7371,19060,2,-0.13174660503864288,-2.1484827995300293,0.9743427038192749,0.01571648009121418,0.0003,952,0.01,150.0,-16.67533737
954,7371,19080,2,-0.4106830060482025,-2.1491034030914307,0.8882856965065002,0.0683935135602951,0.0003,953,0.01,150.0,-16.67533737
955,7371,19100,2,-0.30847492814064026,-2.1456565856933594,0.875231921672821,0.06375570595264435,0.0003,954,0.01,150.0,-16.67533737
956,7370,19120,2,0.1324230432510376,-2.151637315750122,0.4737294316291809,0.8849174380302429,0.0003,955,0.01,150.0,-16.67533737
957,7370,19140,2,-0.08055920898914337,-2.1490585803985596,0.7736847400665283,0.1875596046447754,0.0003,956,0.01,150.0,-16.67533737
958,7371,19160,2,-0.4292857050895691,-2.152625799179077,0.5407224893569946,0.2613692879676819,0.0003,957,0.01,150.0,-16.67533737
959,7371,19180,2,-0.2391987293958664,-2.1496663093566895,0.46091413497924805,0.1507842242717743,0.0003,958,0.01,150.0,-16.67533737
960,7369,19200,2,0.4204789698123932,-2.1287875175476074,-0.03951668739318848,1.770982027053833,0.0003,959,0.01,150.0,-16.55475471
961,7369,19220,2,-0.5199151635169983,-2.1205413341522217,0.663616418838501,0.0945395827293396,0.0003,960,0.01,150.0,-16.55475471
962,7369,19240,2,0.31128570437431335,-2.173632860183716,0.9618861079216003,0.05000919848680496,0.0003,961,0.01,150.0,-16.55475471
963,7369,19260,2,-0.14602582156658173,-2.1724934577941895,0.8184816837310791,0.2734280526638031,0.0003,962,0.01,150.0,-16.55475471
964,7370,19280,2,-0.37782689929008484,-2.1763558387756348,0.9638422131538391,0.08231828361749649,0.0003,963,0.01,150.0,-16.55475471
965,7370,19300,2,-0.5383591055870056,-2.1747775077819824,0.8681362867355347,0.26404136419296265,0.0003,964,0.01,150.0,-16.55475471
966,7371,19320,2,-0.09615088254213333,-2.17203426361084,0.9842524528503418,0.02670469880104065,0.0003,965,0.01,150.0,-16.55475471
967,7371,19340,2,0.6893361806869507,-2.172595500946045,0.8801751732826233,0.424687922000885,0.0003,966,0.01,150.0,-16.55475471
968,7371,19360,2,-0.008886325173079967,-2.162545680999756,0.9350569248199463,0.17965829372406006,0.0003,967,0.01,150.0,-16.55475471
969,7371,19380,2,0.2976149320602417,-2.1699318885803223,0.8402146697044373,0.5080474615097046,0.0003,968,0.01,150.0,-16.55475471
970,7372,19400,2,-0.15619532763957977,-2.160771369934082,0.8639494776725769,0.3501070439815521,0.0003,969,0.01,150.0,-16.55475471
971,7372,19420,2,0.11294446140527725,-2.1558175086975098,0.9388579726219177,0.18976423144340515,0.0003,970,0.01,150.0,-16.55475471
972,7372,19440,2,0.10699892044067383,-2.1597201824188232,0.9722028374671936,0.09757383912801743,0.0003,971,0.01,150.0,-16.55475471
973,7373,19460,2,-0.5857962369918823,-2.1459851264953613,0.9804217219352722,0.12761716544628143,0.0003,972,0.01,150.0,-16.55475471
974,7373,19480,2,-0.1499461680650711,-2.1464996337890625,0.9705499410629272,0.08675835281610489,0.0003,973,0.01,150.0,-16.55475471
975,7373,19500,2,-0.022603463381528854,-2.142292022705078,0.9248645901679993,0.29172828793525696,0.0003,974,0.01,150.0,-16.55475471
976,7374,19520,2,-0.44772854447364807,-2.133578062057495,0.9896717071533203,0.0825071930885315,0.0003,975,0.01,150.0,-16.55475471
977,7374,19540,2,-0.557694137096405,-2.1373159885406494,0.9695778489112854,0.1356056034564972,0.0003,976,0.01,150.0,-16.55475471
978,7375,19560,2,-0.21004271507263184,-2.1400768756866455,0.9575155973434448,0.07481429725885391,0.0003,977,0.01,150.0,-16.55475471
979,7375,19580,2,-0.14584636688232422,-2.132606029510498,0.9152853488922119,0.23643465340137482,0.0003,978,0.01,150.0,-16.55475471
980,7375,19600,2,-0.47573715448379517,-2.131890058517456,0.988897442817688,0.07438395917415619,0.0003,979,0.01,150.0,-16.55475471
981,7376,19620,2,-0.3931499719619751,-2.130173921585083,0.9801289439201355,0.06705877184867859,0.0003,980,0.01,150.0,-16.55475471
982,7374,19640,2,-0.46157336235046387,-2.12815260887146,0.958134114742279,0.13103993237018585,0.0003,981,0.01,150.0,-16.55475471
983,7374,19660,2,0.09515667706727982,-2.1259987354278564,0.9595969915390015,0.0339985117316246,0.0003,982,0.01,150.0,-16.55475471
984,7375,19680,2,-0.24344146251678467,-2.121021270751953,0.9280422329902649,0.09571361541748047,0.0003,983,0.01,150.0,-16.55475471
985,7375,19700,2,-0.4850262701511383,-2.129391670227051,0.8902274370193481,0.11626116931438446,0.0003,984,0.01,150.0,-16.55475471
986,7376,19720,2,-0.08813109248876572,-2.129889488220215,0.7713480591773987,0.16822102665901184,0.0003,985,0.01,150.0,-16.55475471
987,7376,19740,2,-0.5683897733688354,-2.129917860031128,0.5947558879852295,0.1654554158449173,0.0003,986,0.01,150.0,-16.55475471
988,7377,19760,2,-0.3542759120464325,-2.1254026889801025,0.47771817445755005,0.1020372286438942,0.0003,987,0.01,150.0,-16.55475471
989,7377,19780,2,-0.41320958733558655,-2.1307859420776367,-0.4804912805557251,0.11086122691631317,0.0003,988,0.01,150.0,-16.55475471
990,7377,19800,2,-0.5559259653091431,-2.1343886852264404,-0.4783235788345337,0.15523487329483032,0.0003,989,0.01,150.0,-16.56289024
991,7377,19820,2,-0.3097127079963684,-2.136244297027588,0.03950357437133789,0.09809915721416473,0.0003,990,0.01,150.0,-16.56289024
992,7377,19840,2,-0.2052604705095291,-2.178185224533081,0.856072187423706,0.09911908954381943,0.0003,991,0.01,150.0,-16.56289024
993,7378,19860,2,-0.3409091830253601,-2.179009437561035,0.7724955677986145,0.25411462783813477,0.0003,992,0.01,150.0,-16.56289024
994,7378,19880,2,-0.40567129850387573,-2.1799979209899902,0.8516310453414917,0.2070256769657135,0.0003,993,0.01,150.0,-16.56289024
995,7378,19900,2,0.7198745012283325,-2.1793041229248047,0.7299358248710632,0.6155756711959839,0.0003,994,0.01,150.0,-16.56289024
996,7379,19920,2,0.3862582743167877,-2.1804935932159424,0.856406033039093,0.4139617085456848,0.0003,995,0.01,150.0,-16.56289024
997,7379,19940,2,-0.06408558040857315,-2.1797361373901367,0.9641007781028748,0.12518835067749023,0.0003,996,0.01,150.0,-16.56289024
998,7380,19960,2,0.8064517974853516,-2.181025743484497,0.8532938361167908,0.5547345280647278,0.0003,997,0.01,150.0,-16.56289024
999,7380,19980,2,0.532471776008606,-2.1755778789520264,0.845056414604187,0.9207755923271179,0.0003,998,0.01,150.0,-16.56289024
1000,7381,20000,2,-0.09463673830032349,-2.178412914276123,0.9702184200286865,0.12207169830799103,0.0003,999,0.01,150.0,-16.56289024
1001,7382,20020,2,0.43710261583328247,-2.1756110191345215,0.8865542411804199,0.5823695063591003,0.0003,1000,0.01,150.0,-16.56289024
1002,7382,20040,2,0.49353665113449097,-2.175467014312744,0.9266124367713928,0.46309930086135864,0.0003,1001,0.01,150.0,-16.56289024
1003,7383,20060,2,0.3809906840324402,-2.1740806102752686,0.9255477786064148,0.7334616780281067,0.0003,1002,0.01,150.0,-16.56289024
1004,7383,20080,2,-0.796351432800293,-2.1678643226623535,0.9843860864639282,0.2377256155014038,0.0003,1003,0.01,150.0,-16.56289024
1005,7384,20100,2,-0.5879661440849304,-2.1615889072418213,0.9561819434165955,0.2203052043914795,0.0003,1004,0.01,150.0,-16.56289024
1006,7384,20120,2,0.9971826672554016,-2.159168243408203,0.5958331227302551,0.8557678461074829,0.0003,1005,0.01,150.0,-16.56289024
1007,7384,20140,2,0.17809037864208221,-2.163900375366211,0.8942690491676331,0.16629821062088013,0.0003,1006,0.01,150.0,-16.56289024
1008,7385,20160,2,-0.5967993140220642,-2.157841205596924,0.7588130235671997,0.32051974534988403,0.0003,1007,0.01,150.0,-16.56289024
1009,7385,20180,2,0.7152723073959351,-2.1550211906433105,0.42994946241378784,0.5557200312614441,0.0003,1008,0.01,150.0,-16.56289024
1010,7386,20200,2,0.17764797806739807,-2.144441604614258,0.7623026371002197,0.6642224788665771,0.0003,1009,0.01,150.0,-16.56289024
1011,7386,20220,2,-0.16313660144805908,-2.147942066192627,0.8647358417510986,0.3045174479484558,0.0003,1010,0.01,150.0,-16.56289024
1012,7387,20240,2,-0.6724963188171387,-2.141801595687866,0.9469979405403137,0.20998302102088928,0.0003,1011,0.01,150.0,-16.56289024
1013,7387,20260,2,-0.051181860268116,-2.146012544631958,0.8706153631210327,0.25927942991256714,0.0003,1012,0.01,150.0,-16.56289024
1014,7388,20280,2,-0.21389099955558777,-2.132169008255005,0.7602310180664062,0.4200647473335266,0.0003,1013,0.01,150.0,-16.56289024
1015,7386,20300,2,-0.8132816553115845,-2.1325008869171143,0.9475582242012024,0.1933828443288803,0.0003,1014,0.01,150.0,-16.56289024
1016,7385,20320,2,-0.799828290939331,-2.1246676445007324,0.9062436819076538,0.19600991904735565,0.0003,1015,0.01,150.0,-16.56289024
1017,7385,20340,2,-0.4221135973930359,-2.1185507774353027,0.8897367715835571,0.09252004325389862,0.0003,1016,0.01,150.0,-16.56289024
1018,7385,20360,2,-0.5571995973587036,-2.1170926094055176,0.824378252029419,0.13060232996940613,0.0003,1017,0.01,150.0,-16.56289024
1019,7385,20380,2,-0.5861688256263733,-2.118809938430786,0.7867502570152283,0.11046967655420303,0.0003,1018,0.01,150.0,-16.56289024
1020,7385,20400,2,0.36173883080482483,-2.112670660018921,-0.10361969470977783,0.6091095805168152,0.0003,1019,0.01,150.0,-16.61794717
1021,7385,20420,2,-0.6339651942253113,-2.1131198406219482,0.577910304069519,0.13349005579948425,0.0003,1020,0.01,150.0,-16.61794717
1022,7385,20440,2,-0.6720897555351257,-2.1745097637176514,0.9414137005805969,0.15707780420780182,0.0003,1021,0.01,150.0,-16.61794717
1023,7385,20460,2,0.08305572718381882,-2.1734249591827393,0.8967657685279846,0.06894134730100632,0.0003,1022,0.01,150.0,-16.61794717
1024,7386,20480,2,0.5444803833961487,-2.1751508712768555,0.376314640045166,0.6777172684669495,0.0003,1023,0.01,150.0,-16.61794717
1025,7386,20500,2,-0.29929301142692566,-2.174480676651001,0.9535672068595886,0.06012728810310364,0.0003,1024,0.01,150.0,-16.61794717
1026,7387,20520,2,0.02832164242863655,-2.1669423580169678,-0.15214598178863525,0.41898518800735474,0.0003,1025,0.01,150.0,-16.61794717
1027,7387,20540,2,-0.14604973793029785,-2.1625816822052,0.8911312818527222,0.06759683042764664,0.0003,1026,0.01,150.0,-16.61794717
1028,7388,20560,2,-0.13293497264385223,-2.1590325832366943,0.8993770480155945,0.13599294424057007,0.0003,1027,0.01,150.0,-16.61794717
1029,7389,20580,2,-0.18027260899543762,-2.1634483337402344,0.9635015726089478,0.0804516077041626,0.0003,1028,0.01,150.0,-16.61794717
1030,7389,20600,2,-0.07640856504440308,-2.163321018218994,0.9612898230552673,0.08143524825572968,0.0003,1029,0.01,150.0,-16.61794717
1031,7390,20620,2,-0.053220756351947784,-2.1666152477264404,0.9382047057151794,0.12434755265712738,0.0003,1030,0.01,150.0,-16.61794717
1032,7390,20640,2,-0.07837443798780441,-2.16365122795105,0.9500948190689087,0.09023021161556244,0.0003,1031,0.01,150.0,-16.61794717
1033,7390,20660,2,-0.35544198751449585,-2.1567845344543457,0.9904443025588989,0.040078144520521164,0.0003,1032,0.01,150.0,-16.61794717
1034,7390,20680,2,0.2696516215801239,-2.1527419090270996,0.5248076915740967,0.16380809247493744,0.0003,1033,0.01,150.0,-16.61794717
1035,7390,20700,2,0.2092602699995041,-2.1538240909576416,0.9686481952667236,0.023299619555473328,0.0003,1034,0.01,150.0,-16.61794717
1036,7390,20720,2,0.21331098675727844,-2.1543023586273193,0.5974821448326111,0.3214651346206665,0.0003,1035,0.01,150.0,-16.61794717
1037,7389,20740,2,0.09597457945346832,-2.1419732570648193,0.7881352305412292,0.11530697345733643,0.0003,1036,0.01,150.0,-16.61794717
1038,7389,20760,2,0.4814777374267578,-2.141080141067505,-0.18770194053649902,0.506843090057373,0.0003,1037,0.01,150.0,-16.61794717
1039,7389,20780,2,-0.5695207715034485,-2.1517066955566406,0.9314347505569458,0.09626774489879608,0.0003,1038,0.01,150.0,-16.61794717
1040,7388,20800,2,-0.542031466960907,-2.1481540203094482,0.826607346534729,0.13258835673332214,0.0003,1039,0.01,150.0,-16.61794717
1041,7388,20820,2,-0.4948233962059021,-2.143990993499756,0.7659497261047363,0.14279040694236755,0.0003,1040,0.01,150.0,-16.61794717
1042,7389,20840,2,0.01909456215798855,-2.1351969242095947,0.524012565612793,0.5993159413337708,0.0003,1041,0.01,150.0,-16.61794717
1043,7389,20860,2,-0.37238478660583496,-2.129702091217041,0.8300076723098755,0.12788257002830505,0.0003,1042,0.01,150.0,-16.61794717
1044,7390,20880,2,-0.7646290063858032,-2.1197006702423096,0.7935733795166016,0.19101183116436005,0.0003,1043,0.01,150.0,-16.61794717
1045,7390,20900,2,-0.6081438660621643,-2.100463390350342,0.6551773548126221,0.23662333190441132,0.0003,1044,0.01,150.0,-16.61794717
1046,7390,20920,2,-0.5296624898910522,-2.0889639854431152,0.7212070226669312,0.10863690078258514,0.0003,1045,0.01,150.0,-16.61794717
1047,7390,20940,2,-0.48414745926856995,-2.0914406776428223,0.45631128549575806,0.22946350276470184,0.0003,1046,0.01,150.0,-16.61794717
1048,7390,20960,2,-0.9271055459976196,-2.0987792015075684,0.5224833488464355,0.2769395411014557,0.0003,1047,0.01,150.0,-16.61794717
1049,7390,20980,2,-0.7854630351066589,-2.0923655033111572,0.42560428380966187,0.3133862614631653,0.0003,1048,0.01,150.0,-16.61794717
1050,7390,21000,2,-0.48867350816726685,-2.089643955230713,0.3454556465148926,0.1503816843032837,0.0003,1049,0.01,150.0,-16.657315259999997
1051,7390,21020,2,-0.45583945512771606,-2.0821750164031982,0.41174137592315674,0.08152639865875244,0.0003,1050,0.01,150.0,-16.657315259999997
1052,7391,21040,2,0.17067036032676697,-2.173854112625122,0.8558251857757568,0.029949650168418884,0.0003,1051,0.01,150.0,-16.657315259999997
1053,7391,21060,2,0.9049041867256165,-2.1744065284729004,-1.1041076183319092,0.5000359416007996,0.0003,1052,0.01,150.0,-16.657315259999997
1054,7391,21080,2,-0.11492972075939178,-2.1720528602600098,0.1282925009727478,0.04493166133761406,0.0003,1053,0.01,150.0,-16.657315259999997
1055,7389,21100,2,0.06096358224749565,-2.1685664653778076,0.4053974151611328,1.0065110921859741,0.0003,1054,0.01,150.0,-16.657315259999997
1056,7390,21120,2,0.2910381853580475,-2.168234348297119,0.830572247505188,0.5310955047607422,0.0003,1055,0.01,150.0,-16.657315259999997
1057,7390,21140,2,-0.39602333307266235,-2.1702253818511963,0.9466925859451294,0.32542771100997925,0.0003,1056,0.01,150.0,-16.657315259999997
1058,7390,21160,2,-0.18049630522727966,-2.1651265621185303,0.9735315442085266,0.17457732558250427,0.0003,1057,0.01,150.0,-16.657315259999997
1059,7390,21180,2,0.4462912082672119,-2.145725727081299,0.9516546130180359,0.5674079656600952,0.0003,1058,0.01,150.0,-16.657315259999997
1060,7391,21200,2,-0.3871292173862457,-2.14851713180542,0.9962415099143982,0.06750413030385971,0.0003,1059,0.01,150.0,-16.657315259999997
1061,7391,21220,2,-0.07688033580780029,-2.147716999053955,0.9905298948287964,0.06788845360279083,0.0003,1060,0.01,150.0,-16.657315259999997
1062,7392,21240,2,0.31087827682495117,-2.150944471359253,0.9673975110054016,0.2735505700111389,0.0003,1061,0.01,150.0,-16.657315259999997
1063,7392,21260,2,0.18193331360816956,-2.1477127075195312,0.9575708508491516,0.32794228196144104,0.0003,1062,0.01,150.0,-16.657315259999997
1064,7393,21280,2,-0.9631041288375854,-2.147784471511841,0.9663383364677429,0.37927165627479553,0.0003,1063,0.01,150.0,-16.657315259999997
1065,7393,21300,2,-0.27816668152809143,-2.148484706878662,0.9762062430381775,0.10467658191919327,0.0003,1064,0.01,150.0,-16.657315259999997
1066,7394,21320,2,-0.5462974905967712,-2.1504242420196533,0.9808277487754822,0.101259745657444,0.0003,1065,0.01,150.0,-16.657315259999997
1067,7394,21340,2,1.391434669494629,-2.1445891857147217,0.6654597520828247,3.384679079055786,0.0003,1066,0.01,150.0,-16.657315259999997
1068,7395,21360,2,0.04107029363512993,-2.1357688903808594,0.9717664122581482,0.20013058185577393,0.0003,1067,0.01,150.0,-16.657315259999997
1069,7394,21380,2,-0.25050243735313416,-2.1313552856445312,0.9970768094062805,0.02985120192170143,0.0003,1068,0.01,150.0,-16.657315259999997
1070,7395,21400,2,1.3745737075805664,-2.1314263343811035,0.917607843875885,0.781546950340271,0.0003,1069,0.01,150.0,-16.657315259999997
1071,7395,21420,2,-0.7752203345298767,-2.1275532245635986,0.9525575041770935,0.3015252649784088,0.0003,1070,0.01,150.0,-16.657315259999997
1072,7396,21440,2,-0.7011907696723938,-2.133704423904419,0.9289319515228271,0.22380273044109344,0.0003,1071,0.01,150.0,-16.657315259999997
1073,7397,21460,2,-0.7169811129570007,-2.1305465698242188,0.8792099952697754,0.20435798168182373,0.0003,1072,0.01,150.0,-16.657315259999997
1074,7397,21480,2,0.7437950372695923,-2.128594398498535,0.0001061558723449707,2.2381036281585693,0.0003,1073,0.01,150.0,-16.657315259999997
1075,7398,21500,2,-0.07887588441371918,-2.1214816570281982,0.5620408654212952,0.16824853420257568,0.0003,1074,0.01,150.0,-16.657315259999997
1076,7398,21520,2,-0.44524383544921875,-2.13389253616333,0.6368247866630554,0.1012757271528244,0.0003,1075,0.01,150.0,-16.657315259999997
1077,7398,21540,2,-0.6847299337387085,-2.1336967945098877,0.503654420375824,0.126714825630188,0.0003,1076,0.01,150.0,-16.657315259999997
1078,7399,21560,2,-0.7363135814666748,-2.1361351013183594,0.39615631103515625,0.1740357130765915,0.0003,1077,0.01,150.0,-16.657315259999997
1079,7400,21580,2,-0.5302948951721191,-2.138547420501709,0.307147741317749,0.1280711591243744,0.0003,1078,0.01,150.0,-16.657315259999997
1080,7398,21600,2,-0.42723268270492554,-2.1231327056884766,0.3753189444541931,0.09770933538675308,0.0003,1079,0.01,150.0,-16.46637711
1081,7398,21620,2,-0.49072566628456116,-2.1158864498138428,0.4205867052078247,0.10004198551177979,0.0003,1080,0.01,150.0,-16.46637711
1082,7398,21640,2,0.0113194165751338,-2.1683335304260254,0.9206446409225464,0.02493412420153618,0.0003,1081,0.01,150.0,-16.46637711
1083,7397,21660,2,0.6164078116416931,-2.1657443046569824,0.4164465069770813,0.3969379961490631,0.0003,1082,0.01,150.0,-16.46637711
1084,7397,21680,2,-0.059188880026340485,-2.1665422916412354,0.9104467034339905,0.11233790963888168,0.0003,1083,0.01,150.0,-16.46637711
1085,7398,21700,2,-0.9488795399665833,-2.160046100616455,0.9497631192207336,0.26066452264785767,0.0003,1084,0.01,150.0,-16.46637711
1086,7397,21720,2,-0.7677614092826843,-2.15847110748291,0.9291315078735352,0.2491035908460617,0.0003,1085,0.01,150.0,-16.46637711
1087,7396,21740,2,0.0401296392083168,-2.1540350914001465,0.9088709950447083,0.34944796562194824,0.0003,1086,0.01,150.0,-16.46637711
1088,7397,21760,2,-0.5121158957481384,-2.156325578689575,0.986967921257019,0.10457410663366318,0.0003,1087,0.01,150.0,-16.46637711
1089,7397,21780,2,0.8419450521469116,-2.1500022411346436,0.7917290925979614,0.688227653503418,0.0003,1088,0.01,150.0,-16.46637711
1090,7398,21800,2,0.21141962707042694,-2.1580028533935547,0.9919177889823914,0.043655719608068466,0.0003,1089,0.01,150.0,-16.46637711
1091,7398,21820,2,-0.3734828233718872,-2.1593410968780518,0.9852980971336365,0.09143276512622833,0.0003,1090,0.01,150.0,-16.46637711
1092,7399,21840,2,-0.4057275652885437,-2.151305675506592,0.9638282656669617,0.15331299602985382,0.0003,1091,0.01,150.0,-16.46637711
1093,7398,21860,2,0.03871069476008415,-2.1559081077575684,0.792069137096405,0.49594488739967346,0.0003,1092,0.01,150.0,-16.46637711
1094,7399,21880,2,-0.5443683862686157,-2.149379253387451,0.9627894163131714,0.1486191600561142,0.0003,1093,0.01,150.0,-16.46637711
1095,7399,21900,2,0.2955177426338196,-2.143345355987549,0.905332088470459,0.25773677229881287,0.0003,1094,0.01,150.0,-16.46637711
1096,7399,21920,2,0.09595236927270889,-2.1307907104492188,0.9543639421463013,0.12738989293575287,0.0003,1095,0.01,150.0,-16.46637711
1097,7400,21940,2,0.8953280448913574,-2.127747058868408,0.7271096110343933,1.2591098546981812,0.0003,1096,0.01,150.0,-16.46637711
1098,7400,21960,2,-0.4979615807533264,-2.131711959838867,0.9727364778518677,0.1494867503643036,0.0003,1097,0.01,150.0,-16.46637711
1099,7400,21980,2,-0.1837199628353119,-2.1258275508880615,0.9590030908584595,0.15630866587162018,0.0003,1098,0.01,150.0,-16.46637711
1100,7399,22000,2,-0.42268484830856323,-2.1406266689300537,0.9724674820899963,0.1248263344168663,0.0003,1099,0.01,150.0,-16.46637711
1101,7400,22020,2,-0.679684579372406,-2.1341729164123535,0.9831322431564331,0.1541549563407898,0.0003,1100,0.01,150.0,-16.46637711
1102,7400,22040,2,-0.6006050705909729,-2.12837290763855,0.9867168664932251,0.12163041532039642,0.0003,1101,0.01,150.0,-16.46637711
1103,7400,22060,2,-0.19660654664039612,-2.1279168128967285,0.9482274055480957,0.13632436096668243,0.0003,1102,0.01,150.0,-16.46637711
1104,7401,22080,2,0.05408748984336853,-2.150383710861206,0.9880896806716919,0.022907759994268417,0.0003,1103,0.01,150.0,-16.46637711
1105,7401,22100,2,-0.024084419012069702,-2.141716718673706,0.9526121616363525,0.11003091186285019,0.0003,1104,0.01,150.0,-16.46637711
1106,7400,22120,2,-0.3077504634857178,-2.12437105178833,0.9800457954406738,0.07118429243564606,0.0003,1105,0.01,150.0,-16.46637711
1107,7399,22140,2,0.44615235924720764,-2.113675594329834,0.7380918264389038,0.7043311595916748,0.0003,1106,0.01,150.0,-16.46637711
1108,7399,22160,2,0.23513145744800568,-2.1135518550872803,0.900687575340271,0.2172764092683792,0.0003,1107,0.01,150.0,-16.46637711
1109,7400,22180,2,-0.6561809778213501,-2.104154109954834,0.9455755352973938,0.19337333738803864,0.0003,1108,0.01,150.0,-16.46637711
1110,7399,22200,3,0.3903360962867737,-2.0908055305480957,0.4326905608177185,0.9303954839706421,0.0003,1109,0.01,150.0,-16.393287669999996
1111,7400,22220,3,-0.2264113426208496,-2.0773937702178955,0.8196528553962708,0.19816043972969055,0.0003,1110,0.01,150.0,-16.393287669999996
1112,7400,22240,3,-0.8536001443862915,-2.153754711151123,0.920420229434967,0.19595706462860107,0.0003,1111,0.01,150.0,-16.393287669999996
1113,7399,22260,3,-0.3579283654689789,-2.1539664268493652,0.8805021047592163,0.06663292646408081,0.0003,1112,0.01,150.0,-16.393287669999996
1114,7399,22280,3,-0.6324914693832397,-2.1542649269104004,0.8327218890190125,0.18401896953582764,0.0003,1113,0.01,150.0,-16.393287669999996
1115,7399,22300,3,-0.5001815557479858,-2.1505188941955566,0.9327476620674133,0.10727944225072861,0.0003,1114,0.01,150.0,-16.393287669999996
1116,7399,22320,3,0.4489264488220215,-2.1530089378356934,0.681175708770752,0.6196287274360657,0.0003,1115,0.01,150.0,-16.393287669999996
1117,7400,22340,3,-1.0396714210510254,-2.1475634574890137,0.7802144289016724,0.4115431308746338,0.0003,1116,0.01,150.0,-16.393287669999996
1118,7400,22360,3,0.2585758566856384,-2.14989972114563,0.8021544218063354,0.5391808152198792,0.0003,1117,0.01,150.0,-16.393287669999996
1119,7400,22380,3,-0.5004481077194214,-2.146212100982666,0.9459858536720276,0.11947991698980331,0.0003,1118,0.01,150.0,-16.393287669999996
1120,7399,22400,3,-0.295476496219635,-2.145843029022217,0.9857957363128662,0.031894754618406296,0.0003,1119,0.01,150.0,-16.393287669999996
1121,7399,22420,3,-0.03994642198085785,-2.141789197921753,0.9509996175765991,0.025209546089172363,0.0003,1120,0.01,150.0,-16.393287669999996
1122,7398,22440,3,0.6122156977653503,-2.1367135047912598,0.6880865097045898,0.16727951169013977,0.0003,1121,0.01,150.0,-16.393287669999996
1123,7398,22460,3,0.37962204217910767,-2.134962797164917,0.15695041418075562,0.7102909684181213,0.0003,1122,0.01,150.0,-16.393287669999996
1124,7398,22480,3,0.34543657302856445,-2.117469549179077,0.793608546257019,0.1242026835680008,0.0003,1123,0.01,150.0,-16.393287669999996
1125,7398,22500,3,1.0064611434936523,-2.0791540145874023,0.4918908476829529,1.0239150524139404,0.0003,1124,0.01,150.0,-16.393287669999996
1126,7397,22520,3,1.555015206336975,-2.074803352355957,0.423686683177948,2.4253010749816895,0.0003,1125,0.01,150.0,-16.393287669999996
1127,7397,22540,3,-0.07444237172603607,-2.085052013397217,0.9011696577072144,0.04666059464216232,0.0003,1126,0.01,150.0,-16.393287669999996
1128,7398,22560,3,1.243685007095337,-2.0726370811462402,0.4557090401649475,1.3652691841125488,0.0003,1127,0.01,150.0,-16.393287669999996
1129,7398,22580,3,-0.5033757090568542,-2.0804944038391113,-0.6336351633071899,0.17307527363300323,0.0003,1128,0.01,150.0,-16.393287669999996
1130,7399,22600,3,0.3658231198787689,-2.0588643550872803,-0.41074538230895996,0.3966512382030487,0.0003,1129,0.01,150.0,-16.393287669999996
1131,7399,22620,3,-0.21755746006965637,-2.077110767364502,-0.4525303840637207,0.22869057953357697,0.0003,1130,0.01,150.0,-16.393287669999996
1132,7399,22640,3,-0.8043821454048157,-2.0596230030059814,-0.10964441299438477,0.24358001351356506,0.0003,1131,0.01,150.0,-16.393287669999996
1133,7399,22660,3,-0.6481996178627014,-2.053947925567627,0.029584527015686035,0.19384267926216125,0.0003,1132,0.01,150.0,-16.393287669999996
1134,7399,22680,3,-0.1744496077299118,-2.0564186573028564,-0.011925101280212402,0.42121297121047974,0.0003,1133,0.01,150.0,-16.393287669999996
1135,7400,22700,3,0.12016542255878448,-2.029801368713379,-0.015457987785339355,0.7165277600288391,0.0003,1134,0.01,150.0,-16.393287669999996
1136,7400,22720,3,-0.7299104928970337,-2.0329596996307373,-0.0004976987838745117,0.21566326916217804,0.0003,1135,0.01,150.0,-16.393287669999996
1137,7400,22740,3,-0.3939572274684906,-2.032505750656128,-0.00927591323852539,0.21687626838684082,0.0003,1136,0.01,150.0,-16.393287669999996
1138,7401,22760,3,-0.9656177759170532,-2.0444839000701904,0.0060482025146484375,0.3227166533470154,0.0003,1137,0.01,150.0,-16.393287669999996
1139,7402,22780,3,-0.8731342554092407,-2.0397276878356934,0.00641024112701416,0.29068711400032043,0.0003,1138,0.01,150.0,-16.393287669999996
1140,7401,22800,3,-0.4383102357387543,-2.050661563873291,0.010198593139648438,0.13739611208438873,0.0003,1139,0.01,150.0,-16.481877909999998
1141,7400,22820,3,-0.8571381568908691,-2.065730571746826,0.002611696720123291,0.32604512572288513,0.0003,1140,0.01,150.0,-16.481877909999998
1142,7401,22840,3,0.011488479562103748,-2.1385955810546875,0.8271034955978394,0.05825822800397873,0.0003,1141,0.01,150.0,-16.481877909999998
1143,7401,22860,3,0.38569438457489014,-2.134648084640503,-0.270108699798584,0.26209789514541626,0.0003,1142,0.01,150.0,-16.481877909999998
1144,7401,22880,3,0.19790403544902802,-2.1271872520446777,0.8095231652259827,0.1983829289674759,0.0003,1143,0.01,150.0,-16.481877909999998
1145,7401,22900,3,0.08715683221817017,-2.132506847381592,0.8176881670951843,0.6466949582099915,0.0003,1144,0.01,150.0,-16.481877909999998
1146,7402,22920,3,-0.21220746636390686,-2.1312005519866943,0.9764291048049927,0.09175382554531097,0.0003,1145,0.01,150.0,-16.481877909999998
1147,7402,22940,3,0.4035232961177826,-2.1381747722625732,0.9765582084655762,0.11949898302555084,0.0003,1146,0.01,150.0,-16.481877909999998
1148,7403,22960,3,-0.339775025844574,-2.1377081871032715,0.9898242950439453,0.07201991975307465,0.0003,1147,0.01,150.0,-16.481877909999998
1149,7403,22980,3,0.3002309799194336,-2.1378235816955566,0.9923860430717468,0.05629556626081467,0.0003,1148,0.01,150.0,-16.481877909999998
1150,7404,23000,3,-0.8450105786323547,-2.1373093128204346,0.9222502708435059,0.6211768388748169,0.0003,1149,0.01,150.0,-16.481877909999998
1151,7404,23020,3,-0.13606151938438416,-2.1396267414093018,0.9914405941963196,0.04856976494193077,0.0003,1150,0.01,150.0,-16.481877909999998
1152,7405,23040,3,0.29430776834487915,-2.1339120864868164,0.877802312374115,0.48880964517593384,0.0003,1151,0.01,150.0,-16.481877909999998
1153,7405,23060,3,0.34320491552352905,-2.1294236183166504,0.9837661385536194,0.0900343805551529,0.0003,1152,0.01,150.0,-16.481877909999998
1154,7405,23080,3,0.1661931872367859,-2.1250457763671875,0.9682440757751465,0.12970905005931854,0.0003,1153,0.01,150.0,-16.481877909999998
1155,7406,23100,3,0.2280162274837494,-2.107614755630493,0.8139405250549316,0.5745937824249268,0.0003,1154,0.01,150.0,-16.481877909999998
1156,7406,23120,3,0.30007272958755493,-2.1152453422546387,0.906868040561676,0.2589429020881653,0.0003,1155,0.01,150.0,-16.481877909999998
1157,7407,23140,3,0.4076688885688782,-2.0945606231689453,0.9817448854446411,0.08474544435739517,0.0003,1156,0.01,150.0,-16.481877909999998
1158,7407,23160,3,-0.28818005323410034,-2.101233720779419,0.9667205810546875,0.08765174448490143,0.0003,1157,0.01,150.0,-16.481877909999998
1159,7408,23180,3,-0.13120849430561066,-2.102205276489258,0.9373361468315125,0.06457086652517319,0.0003,1158,0.01,150.0,-16.481877909999998
1160,7407,23200,3,0.007677089422941208,-2.0984153747558594,0.9367085099220276,0.03333006054162979,0.0003,1159,0.01,150.0,-16.481877909999998
1161,7408,23220,3,0.04468189552426338,-2.095093250274658,0.9677174687385559,0.011828316375613213,0.0003,1160,0.01,150.0,-16.481877909999998
1162,7407,23240,3,-0.36487680673599243,-2.110564708709717,0.8330429792404175,0.09587963670492172,0.0003,1161,0.01,150.0,-16.481877909999998
1163,7407,23260,3,-0.09295223653316498,-2.1164839267730713,0.8421844840049744,0.06202679127454758,0.0003,1162,0.01,150.0,-16.481877909999998
1164,7407,23280,3,-0.570140540599823,-2.130314350128174,0.6743499040603638,0.22269181907176971,0.0003,1163,0.01,150.0,-16.481877909999998
1165,7407,23300,3,-0.19523702561855316,-2.1299514770507812,0.6591974496841431,0.08930037170648575,0.0003,1164,0.01,150.0,-16.481877909999998
1166,7407,23320,3,-0.24294333159923553,-2.1325271129608154,0.6658947467803955,0.10492122173309326,0.0003,1165,0.01,150.0,-16.481877909999998
1167,7407,23340,3,-0.34464526176452637,-2.123656988143921,0.6766740083694458,0.12697675824165344,0.0003,1166,0.01,150.0,-16.481877909999998
1168,7407,23360,3,-0.6673215627670288,-2.1203908920288086,0.5943530797958374,0.23306521773338318,0.0003,1167,0.01,150.0,-16.481877909999998
1169,7407,23380,3,-0.6340070962905884,-2.1118767261505127,0.5066547393798828,0.3083514869213104,0.0003,1168,0.01,150.0,-16.481877909999998
1170,7407,23400,3,-0.6059079170227051,-2.114614248275757,0.47411930561065674,0.2333013117313385,0.0003,1169,0.01,150.0,-16.17967823
1171,7407,23420,3,-0.6648184657096863,-2.1184144020080566,0.49959635734558105,0.21683382987976074,0.0003,1170,0.01,150.0,-16.17967823
1172,7407,23440,3,-0.5453321933746338,-2.1508288383483887,0.4710623025894165,0.1928926408290863,0.0003,1171,0.01,150.0,-16.17967823
1173,7407,23460,3,-0.08606866002082825,-2.151409149169922,0.23250675201416016,0.19847166538238525,0.0003,1172,0.01,150.0,-16.17967823
1174,7407,23480,3,0.3381851613521576,-2.1500422954559326,0.6351773738861084,0.9185627102851868,0.0003,1173,0.01,150.0,-16.17967823
1175,7407,23500,3,-0.002708005951717496,-2.1501927375793457,0.8824948668479919,0.5516260266304016,0.0003,1174,0.01,150.0,-16.17967823
1176,7407,23520,3,-0.44518566131591797,-2.1549720764160156,0.9842801094055176,0.10798782110214233,0.0003,1175,0.01,150.0,-16.17967823
1177,7408,23540,3,-0.18782909214496613,-2.1486716270446777,0.9733187556266785,0.09058602154254913,0.0003,1176,0.01,150.0,-16.17967823
1178,7408,23560,3,-0.1387990564107895,-2.143291473388672,0.9635832905769348,0.09809736162424088,0.0003,1177,0.01,150.0,-16.17967823
1179,7409,23580,3,0.3321111500263214,-2.1448779106140137,0.7372572422027588,0.5828920602798462,0.0003,1178,0.01,150.0,-16.17967823
1180,7408,23600,3,0.7841351628303528,-2.132911205291748,0.3873476982116699,1.694930076599121,0.0003,1179,0.01,150.0,-16.17967823
1181,7408,23620,3,-0.20107941329479218,-2.1354026794433594,0.9466938972473145,0.08045725524425507,0.0003,1180,0.01,150.0,-16.17967823
1182,7408,23640,3,0.4962538778781891,-2.1215240955352783,0.8154438734054565,0.2288670539855957,0.0003,1181,0.01,150.0,-16.17967823
1183,7409,23660,3,-0.18255910277366638,-2.1206212043762207,0.9139729738235474,0.05372749641537666,0.0003,1182,0.01,150.0,-16.17967823
1184,7409,23680,3,0.53523188829422,-2.086611270904541,-1.168243646621704,0.6675397157669067,0.0003,1183,0.01,150.0,-16.17967823
1185,7410,23700,3,0.5641611814498901,-2.08120059967041,0.511189341545105,0.6415501832962036,0.0003,1184,0.01,150.0,-16.17967823
1186,7410,23720,3,-0.18297764658927917,-2.081383466720581,0.5187310576438904,0.1919732391834259,0.0003,1185,0.01,150.0,-16.17967823
1187,7410,23740,3,-0.25693970918655396,-2.0373382568359375,0.9327878952026367,0.02404104173183441,0.0003,1186,0.01,150.0,-16.17967823
1188,7410,23760,3,-0.17150713503360748,-2.020064115524292,0.7997139692306519,0.06108061224222183,0.0003,1187,0.01,150.0,-16.17967823
1189,7410,23780,3,0.27469342947006226,-2.040271043777466,0.03788667917251587,0.3606622815132141,0.0003,1188,0.01,150.0,-16.17967823
1190,7411,23800,3,-0.288289874792099,-2.0498220920562744,0.7720668315887451,0.05499481409788132,0.0003,1189,0.01,150.0,-16.17967823
1191,7412,23820,3,-0.1873771697282791,-2.0405287742614746,0.7406916618347168,0.03412165492773056,0.0003,1190,0.01,150.0,-16.17967823
1192,7412,23840,3,-0.30518847703933716,-2.026134967803955,0.49716639518737793,0.10148662328720093,0.0003,1191,0.01,150.0,-16.17967823
1193,7413,23860,3,-0.3011776804924011,-2.05021595954895,0.5911486148834229,0.07533593475818634,0.0003,1192,0.01,150.0,-16.17967823
1194,7413,23880,3,-0.7357167601585388,-2.0586726665496826,0.5033941268920898,0.2086508572101593,0.0003,1193,0.01,150.0,-16.17967823
1195,7413,23900,3,-0.48550957441329956,-2.0559988021850586,0.3969903588294983,0.12191326916217804,0.0003,1194,0.01,150.0,-16.17967823
1196,7413,23920,3,-0.6890136003494263,-2.0564136505126953,0.37019771337509155,0.18063487112522125,0.0003,1195,0.01,150.0,-16.17967823
1197,7414,23940,3,-0.6713125109672546,-2.0584797859191895,0.2953951358795166,0.21538007259368896,0.0003,1196,0.01,150.0,-16.17967823
1198,7414,23960,3,-0.6373332738876343,-2.048612117767334,0.2207329273223877,0.18061764538288116,0.0003,1197,0.01,150.0,-16.17967823
1199,7415,23980,3,-0.7282291650772095,-2.0664687156677246,0.23809820413589478,0.20792952179908752,0.0003,1198,0.01,150.0,-16.17967823
1200,7415,24000,3,-0.4634731709957123,-2.067275285720825,-0.06831371784210205,0.10972689092159271,0.0003,1199,0.01,150.0,-16.19717618
1201,7414,24020,3,-0.6885157823562622,-2.063676118850708,0.1122283935546875,0.18161863088607788,0.0003,1200,0.01,150.0,-16.19717618
1202,7414,24040,3,-0.6613531708717346,-2.1398115158081055,-1.8529620170593262,0.2255444973707199,0.0003,1201,0.01,150.0,-16.19717618
1203,7413,24060,3,-0.03603409603238106,-2.136082410812378,0.48672449588775635,0.13632486760616302,0.0003,1202,0.01,150.0,-16.19717618
1204,7413,24080,3,-0.09607726335525513,-2.125760316848755,0.6548147201538086,0.2629646360874176,0.0003,1203,0.01,150.0,-16.19717618
1205,7413,24100,3,-0.16461174190044403,-2.1100049018859863,0.9142484664916992,0.0753370150923729,0.0003,1204,0.01,150.0,-16.19717618
1206,7414,24120,3,0.08642755448818207,-2.0979106426239014,0.8510320782661438,0.18271920084953308,0.0003,1205,0.01,150.0,-16.19717618
1207,7414,24140,3,-0.38538405299186707,-2.1169326305389404,0.9535477757453918,0.11932709068059921,0.0003,1206,0.01,150.0,-16.19717618
1208,7414,24160,3,-0.36559969186782837,-2.110809803009033,0.9682531952857971,0.057959605008363724,0.0003,1207,0.01,150.0,-16.19717618
1209,7415,24180,3,-0.18449226021766663,-2.104016065597534,0.9417761564254761,0.06320022791624069,0.0003,1208,0.01,150.0,-16.19717618
1210,7414,24200,3,0.20238080620765686,-2.102552890777588,0.7450188398361206,0.1919785439968109,0.0003,1209,0.01,150.0,-16.19717618
1211,7414,24220,3,0.044555798172950745,-2.07842755317688,0.8440802097320557,0.089423768222332,0.0003,1210,0.01,150.0,-16.19717618
1212,7414,24240,3,0.33201754093170166,-2.045001268386841,-0.0019996166229248047,0.6766926050186157,0.0003,1211,0.01,150.0,-16.19717618
1213,7413,24260,3,0.7453440427780151,-2.0482680797576904,0.17799657583236694,0.5631320476531982,0.0003,1212,0.01,150.0,-16.19717618
1214,7413,24280,3,0.6531788110733032,-2.0392673015594482,0.06173598766326904,0.371681272983551,0.0003,1213,0.01,150.0,-16.19717618
1215,7413,24300,3,1.0339211225509644,-2.0365402698516846,0.23795294761657715,0.679009199142456,0.0003,1214,0.01,150.0,-16.19717618
1216,7413,24320,3,0.5364218950271606,-2.020158290863037,0.6803752779960632,0.18341824412345886,0.0003,1215,0.01,150.0,-16.19717618
1217,7414,24340,3,0.5980597734451294,-2.031752586364746,0.5445927381515503,0.4768494665622711,0.0003,1216,0.01,150.0,-16.19717618
1218,7414,24360,3,0.7639641165733337,-1.9886595010757446,0.5993266701698303,0.5553104877471924,0.0003,1217,0.01,150.0,-16.19717618
1219,7414,24380,3,-0.2761594355106354,-2.0073485374450684,-1.135913610458374,0.2903406620025635,0.0003,1218,0.01,150.0,-16.19717618
1220,7414,24400,3,-0.3477301001548767,-2.011592388153076,0.45943546295166016,0.07817184925079346,0.0003,1219,0.01,150.0,-16.19717618
1221,7414,24420,3,0.04296043515205383,-1.999934434890747,-0.28870999813079834,0.10223804414272308,0.0003,1220,0.01,150.0,-16.19717618
1222,7414,24440,3,-0.09784281253814697,-2.036017894744873,-0.9464762210845947,0.10787421464920044,0.0003,1221,0.01,150.0,-16.19717618
1223,7414,24460,3,-0.4584639072418213,-2.0333645343780518,0.07090628147125244,0.07814334332942963,0.0003,1222,0.01,150.0,-16.19717618
1224,7415,24480,3,-0.7294331789016724,-2.046722888946533,0.06997960805892944,0.17421463131904602,0.0003,1223,0.01,150.0,-16.19717618
1225,7415,24500,3,-0.8392192721366882,-2.037959575653076,-0.03181600570678711,0.25331559777259827,0.0003,1224,0.01,150.0,-16.19717618
1226,7415,24520,3,-0.7046939730644226,-2.0320096015930176,-0.0331575870513916,0.1489035189151764,0.0003,1225,0.01,150.0,-16.19717618
1227,7416,24540,3,-0.5021156072616577,-2.03723406791687,-0.02085578441619873,0.1199285015463829,0.0003,1226,0.01,150.0,-16.19717618
1228,7415,24560,3,-0.23074619472026825,-2.0198800563812256,-0.03954005241394043,0.20695558190345764,0.0003,1227,0.01,150.0,-16.19717618
1229,7415,24580,3,-0.7513511180877686,-2.044543981552124,-0.021292805671691895,0.15952566266059875,0.0003,1228,0.01,150.0,-16.19717618
1230,7415,24600,3,-0.10927420854568481,-2.0323452949523926,-0.012637019157409668,0.7082325220108032,0.0003,1229,0.01,150.0,-16.181561690000002
1231,7415,24620,3,-0.6030874848365784,-2.06646466255188,0.0006155967712402344,0.17069654166698456,0.0003,1230,0.01,150.0,-16.181561690000002
1232,7415,24640,3,-0.1984865963459015,-2.1339735984802246,0.5231886506080627,0.13552114367485046,0.0003,1231,0.01,150.0,-16.181561690000002
1233,7415,24660,3,-0.2547606825828552,-2.1365864276885986,0.6814332008361816,0.08007065206766129,0.0003,1232,0.01,150.0,-16.181561690000002
1234,7415,24680,3,0.421766996383667,-2.1257407665252686,0.7777114510536194,0.2188452184200287,0.0003,1233,0.01,150.0,-16.181561690000002
1235,7415,24700,3,-0.40932589769363403,-2.1099979877471924,0.8863819241523743,0.19733719527721405,0.0003,1234,0.01,150.0,-16.181561690000002
1236,7415,24720,3,0.42005592584609985,-2.0955796241760254,0.581005334854126,0.31757399439811707,0.0003,1235,0.01,150.0,-16.181561690000002
1237,7416,24740,3,0.5147765874862671,-2.092911958694458,0.16293936967849731,0.44655054807662964,0.0003,1236,0.01,150.0,-16.181561690000002
1238,7416,24760,3,0.2952995300292969,-2.0743813514709473,0.6935398578643799,0.17302384972572327,0.0003,1237,0.01,150.0,-16.181561690000002
1239,7416,24780,3,0.056531500071287155,-2.0700340270996094,0.5524275898933411,0.3460056185722351,0.0003,1238,0.01,150.0,-16.181561690000002
1240,7417,24800,3,-0.08443538099527359,-2.0645976066589355,0.2744271755218506,0.17035284638404846,0.0003,1239,0.01,150.0,-16.181561690000002
1241,7417,24820,3,-0.183247372508049,-2.065390110015869,0.6373298168182373,0.06031014770269394,0.0003,1240,0.01,150.0,-16.181561690000002
1242,7417,24840,3,0.2707558274269104,-2.0682272911071777,-0.09401047229766846,0.49472981691360474,0.0003,1241,0.01,150.0,-16.181561690000002
1243,7417,24860,3,0.31735560297966003,-2.0615224838256836,-0.08636236190795898,0.27351123094558716,0.0003,1242,0.01,150.0,-16.181561690000002
1244,7418,24880,3,1.784563422203064,-2.0152180194854736,-0.17638492584228516,1.415151596069336,0.0003,1243,0.01,150.0,-16.181561690000002
1245,7418,24900,3,0.09226824343204498,-2.0466856956481934,0.39971935749053955,0.05175141245126724,0.0003,1244,0.01,150.0,-16.181561690000002
1246,7418,24920,3,0.14717788994312286,-2.0508244037628174,0.02973949909210205,0.28665366768836975,0.0003,1245,0.01,150.0,-16.181561690000002
1247,7419,24940,3,0.6104975342750549,-2.0385589599609375,0.19398891925811768,0.7653666734695435,0.0003,1246,0.01,150.0,-16.181561690000002
1248,7419,24960,3,-0.593246579170227,-2.040910005569458,-0.9909235239028931,0.1344451606273651,0.0003,1247,0.01,150.0,-16.181561690000002
1249,7419,24980,3,-0.41768398880958557,-2.055820941925049,-0.5213521718978882,0.1057930737733841,0.0003,1248,0.01,150.0,-16.181561690000002
1250,7397,25000,3,-0.42102593183517456,-2.046076536178589,-0.043532490730285645,0.09534941613674164,0.0003,1249,0.01,150.0,-16.181561690000002
1251,7397,25020,3,-0.7404506206512451,-2.0687851905822754,-0.0340116024017334,0.16118766367435455,0.0003,1250,0.01,150.0,-16.181561690000002
1252,7397,25040,3,-0.5832875370979309,-2.043785572052002,-0.0685657262802124,0.1331370770931244,0.0003,1251,0.01,150.0,-16.181561690000002
1253,7398,25060,3,-0.8807411193847656,-2.0564939975738525,-0.023254752159118652,0.2530544698238373,0.0003,1252,0.01,150.0,-16.181561690000002
1254,7398,25080,3,-0.6104570031166077,-2.0535829067230225,0.0195467472076416,0.23020890355110168,0.0003,1253,0.01,150.0,-16.181561690000002
1255,7399,25100,3,-0.9810034036636353,-2.0602407455444336,0.008532226085662842,0.29681339859962463,0.0003,1254,0.01,150.0,-16.181561690000002
1256,7399,25120,3,-0.8230204582214355,-2.0878453254699707,0.008268654346466064,0.19970080256462097,0.0003,1255,0.01,150.0,-16.181561690000002
1257,7400,25140,3,-0.9634637832641602,-2.0556185245513916,0.018509507179260254,0.24436426162719727,0.0003,1256,0.01,150.0,-16.181561690000002
1258,7400,25160,3,-0.7423415184020996,-2.0580575466156006,0.01629960536956787,0.18386995792388916,0.0003,1257,0.01,150.0,-16.181561690000002
1259,7401,25180,3,-0.6995289921760559,-2.0676207542419434,0.02444589138031006,0.14457054436206818,0.0003,1258,0.01,150.0,-16.181561690000002
1260,7401,25200,3,-0.3747211694717407,-2.062422752380371,0.008674860000610352,0.11095631122589111,0.0003,1259,0.01,150.0,-16.25372987
1261,7401,25220,3,-0.25331640243530273,-2.061720371246338,0.006072938442230225,0.028100406751036644,0.0003,1260,0.01,150.0,-16.25372987
1262,7401,25240,3,-0.45196160674095154,-2.1161375045776367,0.8260891437530518,0.2027953416109085,0.0003,1261,0.01,150.0,-16.25372987
1263,7402,25260,3,-0.08840495347976685,-2.1082170009613037,0.8371103405952454,0.12528091669082642,0.0003,1262,0.01,150.0,-16.25372987
1264,7402,25280,3,-0.17623715102672577,-2.1093273162841797,0.849892795085907,0.12351204454898834,0.0003,1263,0.01,150.0,-16.25372987
1265,7403,25300,3,0.37916654348373413,-2.109219789505005,0.8364534378051758,0.15828849375247955,0.0003,1264,0.01,150.0,-16.25372987
1266,7404,25320,3,0.03555554151535034,-2.100663661956787,0.8491613864898682,0.07852216809988022,0.0003,1265,0.01,150.0,-16.25372987
1267,7404,25340,3,-0.466758668422699,-2.099276304244995,0.8889831304550171,0.0822029560804367,0.0003,1266,0.01,150.0,-16.25372987
1268,7405,25360,3,-0.2085818350315094,-2.1022789478302,0.8052616119384766,0.04110993072390556,0.0003,1267,0.01,150.0,-16.25372987
1269,7405,25380,3,-0.129948228597641,-2.0960521697998047,0.5862220525741577,0.03894800692796707,0.0003,1268,0.01,150.0,-16.25372987
1270,7405,25400,3,-0.40602612495422363,-2.1131062507629395,0.6446808576583862,0.051730990409851074,0.0003,1269,0.01,150.0,-16.25372987
1271,7406,25420,3,0.07410949468612671,-2.0992305278778076,-0.3579826354980469,0.09333537518978119,0.0003,1270,0.01,150.0,-16.25372987
1272,7406,25440,3,-0.20794792473316193,-2.099924325942993,0.12613683938980103,0.1370301991701126,0.0003,1271,0.01,150.0,-16.25372987
1273,7406,25460,3,0.7068694829940796,-2.0953574180603027,-0.06304574012756348,0.5472506284713745,0.0003,1272,0.01,150.0,-16.25372987
1274,7406,25480,3,0.18417620658874512,-2.1064507961273193,0.12151646614074707,0.07291613519191742,0.0003,1273,0.01,150.0,-16.25372987
1275,7407,25500,3,0.27699559926986694,-2.087891101837158,0.007629513740539551,0.3468713164329529,0.0003,1274,0.01,150.0,-16.25372987
1276,7407,25520,3,0.1727805882692337,-2.067656993865967,0.10840952396392822,0.05325736850500107,0.0003,1275,0.01,150.0,-16.25372987
1277,7407,25540,3,0.9383637309074402,-2.0653598308563232,0.04677999019622803,1.057172179222107,0.0003,1276,0.01,150.0,-16.25372987
1278,7407,25560,3,-0.09470270574092865,-2.082747459411621,0.04381948709487915,0.3072879910469055,0.0003,1277,0.01,150.0,-16.25372987
1279,7408,25580,3,0.5194171667098999,-2.0427567958831787,0.012777924537658691,1.0528590679168701,0.0003,1278,0.01,150.0,-16.25372987
1280,7408,25600,3,-0.12060417979955673,-2.079730987548828,-0.042803287506103516,0.07381696999073029,0.0003,1279,0.01,150.0,-16.25372987
1281,7408,25620,3,-0.14095154404640198,-2.091366767883301,0.04462021589279175,0.45985478162765503,0.0003,1280,0.01,150.0,-16.25372987
1282,7408,25640,3,-0.26993894577026367,-2.0880255699157715,0.1327381730079651,0.09021130949258804,0.0003,1281,0.01,150.0,-16.25372987
1283,7409,25660,3,0.5486847162246704,-2.0784919261932373,0.0508042573928833,0.5659814476966858,0.0003,1282,0.01,150.0,-16.25372987
1284,7409,25680,3,-0.16126543283462524,-2.073549509048462,0.09176701307296753,0.1252308338880539,0.0003,1283,0.01,150.0,-16.25372987
1285,7410,25700,3,-0.6414548754692078,-2.0632598400115967,0.06676030158996582,0.15146993100643158,0.0003,1284,0.01,150.0,-16.25372987
1286,7410,25720,3,-0.2532871961593628,-2.08669114112854,0.08236873149871826,0.0917753279209137,0.0003,1285,0.01,150.0,-16.25372987
1287,7411,25740,3,-0.36219316720962524,-2.0992836952209473,0.014639437198638916,0.09856723248958588,0.0003,1286,0.01,150.0,-16.25372987
1288,7411,25760,3,-0.5476306676864624,-2.108163356781006,-0.03766036033630371,0.13595661520957947,0.0003,1287,0.01,150.0,-16.25372987
1289,7411,25780,3,-0.5697991847991943,-2.1139140129089355,-0.05098772048950195,0.14390799403190613,0.0003,1288,0.01,150.0,-16.25372987
1290,7411,25800,3,-0.40278562903404236,-2.131817102432251,-0.052278876304626465,0.06671205163002014,0.0003,1289,0.01,150.0,-16.56037062
1291,7411,25820,3,-0.5041471719741821,-2.129364252090454,-0.032415151596069336,0.09918082505464554,0.0003,1290,0.01,150.0,-16.56037062
1292,7412,25840,3,0.20586088299751282,-2.1522011756896973,0.17212355136871338,0.2629668116569519,0.0003,1291,0.01,150.0,-16.56037062
1293,7412,25860,3,0.09703640639781952,-2.1541025638580322,0.6457495093345642,0.0668405294418335,0.0003,1292,0.01,150.0,-16.56037062
1294,7412,25880,3,-0.04751337319612503,-2.1487412452697754,0.8903568387031555,0.020309021696448326,0.0003,1293,0.01,150.0,-16.56037062
1295,7413,25900,3,-0.17321236431598663,-2.1523585319519043,0.7853201627731323,0.08786068856716156,0.0003,1294,0.01,150.0,-16.56037062
1296,7413,25920,3,0.49569177627563477,-2.1528642177581787,0.7674752473831177,0.19795694947242737,0.0003,1295,0.01,150.0,-16.56037062
1297,7413,25940,3,0.2913534641265869,-2.146724224090576,0.8914411664009094,0.1440361738204956,0.0003,1296,0.01,150.0,-16.56037062
1298,7414,25960,3,-0.13087868690490723,-2.1457467079162598,0.9634590148925781,0.05274292826652527,0.0003,1297,0.01,150.0,-16.56037062
1299,7414,25980,3,0.020641962066292763,-2.150892496109009,0.9909874796867371,0.009219520725309849,0.0003,1298,0.01,150.0,-16.56037062
1300,7414,26000,3,-0.018278121948242188,-2.1522796154022217,0.9541170001029968,0.0648486465215683,0.0003,1299,0.01,150.0,-16.56037062
1301,7414,26020,3,0.4822619557380676,-2.1479554176330566,0.8645455837249756,0.3752077519893646,0.0003,1300,0.01,150.0,-16.56037062
1302,7415,26040,3,0.68535315990448,-2.1340184211730957,0.9050505757331848,0.47077471017837524,0.0003,1301,0.01,150.0,-16.56037062
1303,7415,26060,3,-0.2124820202589035,-2.147780179977417,0.9598125219345093,0.11583169549703598,0.0003,1302,0.01,150.0,-16.56037062
1304,7416,26080,3,0.20153169333934784,-2.1466927528381348,0.9551642537117004,0.09720103442668915,0.0003,1303,0.01,150.0,-16.56037062
1305,7416,26100,3,0.5326725244522095,-2.1366424560546875,0.4784500002861023,0.8839041590690613,0.0003,1304,0.01,150.0,-16.56037062
1306,7416,26120,3,0.9725643396377563,-2.1288814544677734,0.28511738777160645,0.766794741153717,0.0003,1305,0.01,150.0,-16.56037062
1307,7416,26140,3,0.12757770717144012,-2.137267589569092,0.9263969659805298,0.0916018933057785,0.0003,1306,0.01,150.0,-16.56037062
1308,7417,26160,3,1.317411184310913,-2.1158041954040527,0.4855871796607971,1.2250497341156006,0.0003,1307,0.01,150.0,-16.56037062
1309,7417,26180,3,0.07494945824146271,-2.112356185913086,0.8351686000823975,0.18260906636714935,0.0003,1308,0.01,150.0,-16.56037062
1310,7417,26200,3,0.982033371925354,-2.0984058380126953,0.2997916340827942,0.7250567674636841,0.0003,1309,0.01,150.0,-16.56037062
1311,7417,26220,3,1.2220957279205322,-2.099785327911377,-0.16294801235198975,1.7132928371429443,0.0003,1310,0.01,150.0,-16.56037062
1312,7417,26240,3,0.031244700774550438,-2.1040568351745605,0.7638028860092163,0.12772105634212494,0.0003,1311,0.01,150.0,-16.56037062
1313,7417,26260,3,-0.3805806040763855,-2.1039211750030518,0.9281124472618103,0.06073688715696335,0.0003,1312,0.01,150.0,-16.56037062
1314,7418,26280,3,0.13384200632572174,-2.1004586219787598,0.1191176176071167,0.21270103752613068,0.0003,1313,0.01,150.0,-16.56037062
1315,7418,26300,3,0.07735440880060196,-2.0884299278259277,0.15545815229415894,0.33384352922439575,0.0003,1314,0.01,150.0,-16.56037062
1316,7417,26320,3,0.4619993269443512,-2.1059181690216064,0.026858270168304443,0.45255765318870544,0.0003,1315,0.01,150.0,-16.56037062
1317,7418,26340,3,-0.4489193558692932,-2.1065139770507812,0.6022510528564453,0.13099077343940735,0.0003,1316,0.01,150.0,-16.56037062
1318,7418,26360,3,-0.3419654965400696,-2.1016783714294434,0.600290060043335,0.09223554283380508,0.0003,1317,0.01,150.0,-16.56037062
1319,7418,26380,3,-0.7058980464935303,-2.098052978515625,0.40723174810409546,0.24290120601654053,0.0003,1318,0.01,150.0,-16.56037062
1320,7418,26400,3,-0.5178600549697876,-2.1052188873291016,0.2798187732696533,0.22875502705574036,0.0003,1319,0.01,150.0,-16.519468200000002
1321,7418,26420,3,-0.237145334482193,-2.108729839324951,0.3637038469314575,0.07638175785541534,0.0003,1320,0.01,150.0,-16.519468200000002
1322,7418,26440,3,-0.0005902171251364052,-2.16607403755188,0.9377942681312561,0.03691428154706955,0.0003,1321,0.01,150.0,-16.519468200000002
1323,7417,26460,3,0.13988664746284485,-2.169945478439331,0.8984778523445129,0.07847173511981964,0.0003,1322,0.01,150.0,-16.519468200000002
1324,7418,26480,3,0.0754421129822731,-2.170607328414917,0.5833946466445923,0.24892506003379822,0.0003,1323,0.01,150.0,-16.519468200000002
1325,7418,26500,3,-0.03193678334355354,-2.1714584827423096,0.8776115775108337,0.11941637843847275,0.0003,1324,0.01,150.0,-16.519468200000002
1326,7418,26520,3,-0.3950149714946747,-2.1700503826141357,0.9388346672058105,0.09847172349691391,0.0003,1325,0.01,150.0,-16.519468200000002
1327,7419,26540,3,-0.08094049990177155,-2.16984486579895,0.9844608306884766,0.016411442309617996,0.0003,1326,0.01,150.0,-16.519468200000002
1328,7419,26560,3,0.002628049347549677,-2.1692135334014893,0.5062890648841858,0.2280571013689041,0.0003,1327,0.01,150.0,-16.519468200000002
1329,7420,26580,3,0.06066838651895523,-2.1522581577301025,0.7169572710990906,0.15418383479118347,0.0003,1328,0.01,150.0,-16.519468200000002
1330,7420,26600,3,-0.6035250425338745,-2.1344614028930664,0.7570598721504211,0.16439275443553925,0.0003,1329,0.01,150.0,-16.519468200000002
1331,7420,26620,3,-0.2313741147518158,-2.1397206783294678,0.9448886513710022,0.024634161964058876,0.0003,1330,0.01,150.0,-16.519468200000002
1332,7419,26640,3,0.0828971117734909,-2.14577054977417,0.8228409290313721,0.08439984172582626,0.0003,1331,0.01,150.0,-16.519468200000002
1333,7418,26660,3,0.15699192881584167,-2.125671148300171,0.7936551570892334,0.15108609199523926,0.0003,1332,0.01,150.0,-16.519468200000002
1334,7418,26680,3,0.5687617063522339,-2.1187195777893066,0.8752747774124146,0.1994132101535797,0.0003,1333,0.01,150.0,-16.519468200000002
1335,7418,26700,3,-0.14958855509757996,-2.131016254425049,0.6838362216949463,0.09217162430286407,0.0003,1334,0.01,150.0,-16.519468200000002
1336,7418,26720,3,0.38646262884140015,-2.1295008659362793,0.5626221895217896,0.10402759164571762,0.0003,1335,0.01,150.0,-16.519468200000002
1337,7418,26740,3,0.2489277422428131,-2.1232361793518066,0.3772892951965332,0.08702629804611206,0.0003,1336,0.01,150.0,-16.519468200000002
1338,7418,26760,3,-0.10950343310832977,-2.126012086868286,-1.7187867164611816,0.061615489423274994,0.0003,1337,0.01,150.0,-16.519468200000002
1339,7418,26780,3,0.12677232921123505,-2.125795602798462,-0.6575281620025635,0.18460002541542053,0.0003,1338,0.01,150.0,-16.519468200000002
1340,7419,26800,3,0.957722544670105,-2.129606246948242,0.05722975730895996,0.8996604681015015,0.0003,1339,0.01,150.0,-16.519468200000002
1341,7419,26820,3,0.266191303730011,-2.121366500854492,0.029153823852539062,0.2326163798570633,0.0003,1340,0.01,150.0,-16.519468200000002
1342,7419,26840,3,0.8072806596755981,-2.1314334869384766,-0.04889249801635742,2.259065866470337,0.0003,1341,0.01,150.0,-16.519468200000002
1343,7419,26860,3,-0.11533375084400177,-2.1099395751953125,-0.09686446189880371,0.1407260000705719,0.0003,1342,0.01,150.0,-16.519468200000002
1344,7419,26880,3,1.0965845584869385,-2.0936121940612793,-0.03152120113372803,1.8766963481903076,0.0003,1343,0.01,150.0,-16.519468200000002
1345,7419,26900,3,-0.3530313968658447,-2.1086323261260986,0.05716496706008911,0.08479952067136765,0.0003,1344,0.01,150.0,-16.519468200000002
1346,7420,26920,3,0.777958869934082,-2.110503673553467,-0.01962435245513916,1.5487051010131836,0.0003,1345,0.01,150.0,-16.519468200000002
1347,7420,26940,3,-0.4607650339603424,-2.124342203140259,-0.0392458438873291,0.16117630898952484,0.0003,1346,0.01,150.0,-16.519468200000002
1348,7420,26960,3,0.025927554816007614,-2.1211509704589844,-0.022835135459899902,0.2568395733833313,0.0003,1347,0.01,150.0,-16.519468200000002
1349,7421,26980,3,-0.6118744611740112,-2.140393018722534,0.11060988903045654,0.10664266347885132,0.0003,1348,0.01,150.0,-16.519468200000002
1350,7419,27000,3,-0.05729515478014946,-2.129603147506714,0.011105716228485107,0.14441223442554474,0.0003,1349,0.01,150.0,-16.638343680000002
1351,7419,27020,3,-0.8040630221366882,-2.1285674571990967,0.04194211959838867,0.19617845118045807,0.0003,1350,0.01,150.0,-16.638343680000002
1352,7419,27040,3,0.24821729958057404,-2.1672544479370117,0.6811044216156006,0.08618295937776566,0.0003,1351,0.01,150.0,-16.638343680000002
1353,7420,27060,3,-0.028897905722260475,-2.1682960987091064,0.624376118183136,0.11245079338550568,0.0003,1352,0.01,150.0,-16.638343680000002
1354,7419,27080,3,0.2759031653404236,-2.1667373180389404,0.8762232065200806,0.06045960262417793,0.0003,1353,0.01,150.0,-16.638343680000002
1355,7420,27100,3,-0.1334722489118576,-2.164829730987549,0.25807493925094604,0.2434951812028885,0.0003,1354,0.01,150.0,-16.638343680000002
1356,7420,27120,3,-0.37219029664993286,-2.160074472427368,0.7420880198478699,0.17017433047294617,0.0003,1355,0.01,150.0,-16.638343680000002
1357,7420,27140,3,0.28315800428390503,-2.160073757171631,0.8527928590774536,0.07922662049531937,0.0003,1356,0.01,150.0,-16.638343680000002
1358,7420,27160,3,-0.3433361351490021,-2.153641939163208,0.8292373418807983,0.21634288132190704,0.0003,1357,0.01,150.0,-16.638343680000002
1359,7421,27180,3,0.25489598512649536,-2.1531295776367188,0.8370965123176575,0.2739904522895813,0.0003,1358,0.01,150.0,-16.638343680000002
1360,7421,27200,3,-0.4454827308654785,-2.1531848907470703,0.8250845670700073,0.1715136468410492,0.0003,1359,0.01,150.0,-16.638343680000002
1361,7421,27220,3,-0.3343711793422699,-2.1517632007598877,0.9681790471076965,0.043293967843055725,0.0003,1360,0.01,150.0,-16.638343680000002
1362,7422,27240,3,-0.19312724471092224,-2.1500611305236816,0.9277207851409912,0.04029452055692673,0.0003,1361,0.01,150.0,-16.638343680000002
1363,7422,27260,3,-0.3954985737800598,-2.1531927585601807,0.770263671875,0.09606187045574188,0.0003,1362,0.01,150.0,-16.638343680000002
1364,7422,27280,3,-0.44872552156448364,-2.1525585651397705,0.7453036308288574,0.06804706156253815,0.0003,1363,0.01,150.0,-16.638343680000002
1365,7423,27300,3,-0.05412360280752182,-2.149427890777588,0.43529635667800903,0.07293884456157684,0.0003,1364,0.01,150.0,-16.638343680000002
1366,7423,27320,3,0.28437015414237976,-2.134328842163086,0.3753829598426819,0.2887377142906189,0.0003,1365,0.01,150.0,-16.638343680000002
1367,7424,27340,3,-0.23746144771575928,-2.1453628540039062,0.5093889236450195,0.030846068635582924,0.0003,1366,0.01,150.0,-16.638343680000002
1368,7424,27360,3,-0.604599118232727,-2.1450183391571045,0.22744959592819214,0.13709697127342224,0.0003,1367,0.01,150.0,-16.638343680000002
1369,7425,27380,3,-0.16034066677093506,-2.1602749824523926,0.03325247764587402,0.30293694138526917,0.0003,1368,0.01,150.0,-16.638343680000002
1370,7425,27400,3,0.6085485219955444,-2.1309266090393066,0.1830616593360901,0.28991878032684326,0.0003,1369,0.01,150.0,-16.638343680000002
1371,7426,27420,3,0.10360374301671982,-2.13065767288208,-0.0076972246170043945,0.1389901340007782,0.0003,1370,0.01,150.0,-16.638343680000002
1372,7426,27440,3,0.4124850332736969,-2.1187140941619873,-0.05658829212188721,0.446218878030777,0.0003,1371,0.01,150.0,-16.638343680000002
1373,7427,27460,3,-0.44207945466041565,-2.120540142059326,0.16217535734176636,0.06649172306060791,0.0003,1372,0.01,150.0,-16.638343680000002
1374,7427,27480,3,0.08000673353672028,-2.105945587158203,0.006005287170410156,0.20369000732898712,0.0003,1373,0.01,150.0,-16.638343680000002
1375,7428,27500,3,-0.27953657507896423,-2.089143753051758,0.1505202054977417,0.029315005987882614,0.0003,1374,0.01,150.0,-16.638343680000002
1376,7428,27520,3,0.25373268127441406,-2.0856566429138184,-0.025586366653442383,0.22040481865406036,0.0003,1375,0.01,150.0,-16.638343680000002
1377,7427,27540,3,-0.1965411901473999,-2.0974833965301514,0.029556334018707275,0.11702748388051987,0.0003,1376,0.01,150.0,-16.638343680000002
1378,7425,27560,3,0.24347956478595734,-2.082101345062256,-0.019129157066345215,0.21178242564201355,0.0003,1377,0.01,150.0,-16.638343680000002
1379,7425,27580,3,-0.39683079719543457,-2.0787525177001953,-0.007684588432312012,0.21726803481578827,0.0003,1378,0.01,150.0,-16.638343680000002
1380,7424,27600,3,0.10747914016246796,-2.0843324661254883,-0.003506302833557129,0.4075500965118408,0.0003,1379,0.01,150.0,-16.715861889999996
1381,7424,27620,3,-0.5194419622421265,-2.086996555328369,-0.02074611186981201,0.11466672271490097,0.0003,1380,0.01,150.0,-16.715861889999996
1382,7424,27640,3,0.36436915397644043,-2.1464955806732178,-0.013498306274414062,0.14799317717552185,0.0003,1381,0.01,150.0,-16.715861889999996
1383,7425,27660,3,0.11848075687885284,-2.147458791732788,0.5114147663116455,0.06759928166866302,0.0003,1382,0.01,150.0,-16.715861889999996
1384,7425,27680,3,0.12423904240131378,-2.1373789310455322,0.2847530245780945,0.3238946497440338,0.0003,1383,0.01,150.0,-16.715861889999996
1385,7425,27700,3,-0.13890933990478516,-2.143113136291504,0.8075584769248962,0.05781146138906479,0.0003,1384,0.01,150.0,-16.715861889999996
1386,7425,27720,3,0.29429763555526733,-2.1408379077911377,0.7441167831420898,0.1385485678911209,0.0003,1385,0.01,150.0,-16.715861889999996
1387,7426,27740,3,-0.4385366439819336,-2.1381783485412598,0.760705828666687,0.35175246000289917,0.0003,1386,0.01,150.0,-16.715861889999996
1388,7426,27760,3,0.5911644101142883,-2.1358728408813477,0.8842290043830872,0.2780614495277405,0.0003,1387,0.01,150.0,-16.715861889999996
1389,7427,27780,3,-0.06063194200396538,-2.125831127166748,0.9609900116920471,0.05253329873085022,0.0003,1388,0.01,150.0,-16.715861889999996
1390,7427,27800,3,-0.1894637644290924,-2.1272120475769043,0.8987875580787659,0.0710892528295517,0.0003,1389,0.01,150.0,-16.715861889999996
1391,7427,27820,3,-0.3264814019203186,-2.127977132797241,0.9446097016334534,0.03763244301080704,0.0003,1390,0.01,150.0,-16.715861889999996
1392,7428,27840,3,0.18222245573997498,-2.126730442047119,0.836225152015686,0.057099781930446625,0.0003,1391,0.01,150.0,-16.715861889999996
1393,7428,27860,3,-0.08098719269037247,-2.1222522258758545,0.4934055209159851,0.03974470496177673,0.0003,1392,0.01,150.0,-16.715861889999996
1394,7428,27880,3,0.3406360447406769,-2.143913984298706,-0.8606263399124146,0.11216090619564056,0.0003,1393,0.01,150.0,-16.715861889999996
1395,7428,27900,3,0.08805793523788452,-2.140732765197754,0.3246760368347168,0.03291628882288933,0.0003,1394,0.01,150.0,-16.715861889999996
1396,7428,27920,3,0.05100833624601364,-2.1236164569854736,0.11403083801269531,0.14430513978004456,0.0003,1395,0.01,150.0,-16.715861889999996
1397,7428,27940,3,0.4758218228816986,-2.1126527786254883,0.1833595633506775,0.3624187111854553,0.0003,1396,0.01,150.0,-16.715861889999996
1398,7429,27960,3,-0.21058914065361023,-2.0901260375976562,0.3580724596977234,0.0609903447329998,0.0003,1397,0.01,150.0,-16.715861889999996
1399,7428,27980,3,-0.4037857949733734,-2.0859529972076416,-0.008268475532531738,0.08347488939762115,0.0003,1398,0.01,150.0,-16.715861889999996
1400,7429,28000,3,-0.5184537768363953,-2.1130664348602295,0.09698820114135742,0.1146027073264122,0.0003,1399,0.01,150.0,-16.715861889999996
1401,7429,28020,3,0.050230346620082855,-2.1163625717163086,-0.029001593589782715,0.4401233196258545,0.0003,1400,0.01,150.0,-16.715861889999996
1402,7429,28040,3,-0.6571729779243469,-2.1320767402648926,0.05588400363922119,0.13494046032428741,0.0003,1401,0.01,150.0,-16.715861889999996
1403,7429,28060,3,-0.06142568588256836,-2.1118979454040527,-0.010034680366516113,0.5866311192512512,0.0003,1402,0.01,150.0,-16.715861889999996
1404,7430,28080,3,-0.40694600343704224,-2.0940494537353516,-0.006111860275268555,0.22426100075244904,0.0003,1403,0.01,150.0,-16.715861889999996
1405,7430,28100,3,0.3252055048942566,-2.087836503982544,0.013706386089324951,0.9784776568412781,0.0003,1404,0.01,150.0,-16.715861889999996
1406,7431,28120,3,-0.8035287857055664,-2.0617833137512207,-0.044571757316589355,0.15333279967308044,0.0003,1405,0.01,150.0,-16.715861889999996
1407,7431,28140,3,-0.3885624408721924,-2.0769801139831543,0.04013782739639282,0.1114666685461998,0.0003,1406,0.01,150.0,-16.715861889999996
1408,7432,28160,3,-0.25543347001075745,-2.0764293670654297,0.03787648677825928,0.2983565926551819,0.0003,1407,0.01,150.0,-16.715861889999996
1409,7432,28180,3,-0.23094968497753143,-2.089373826980591,0.06191664934158325,0.14280326664447784,0.0003,1408,0.01,150.0,-16.715861889999996
1410,7432,28200,3,-0.2766032814979553,-2.118225336074829,0.03210633993148804,0.22779159247875214,0.0003,1409,0.01,150.0,-16.922165120000003
1411,7433,28220,3,-0.2781831622123718,-2.0987939834594727,0.0455361008644104,0.1729830950498581,0.0003,1410,0.01,150.0,-16.922165120000003
1412,7433,28240,3,0.011896911077201366,-2.155940294265747,0.8301991820335388,0.12441009283065796,0.0003,1411,0.01,150.0,-16.922165120000003
1413,7434,28260,3,0.2115047723054886,-2.150966167449951,0.7839057445526123,0.4066010117530823,0.0003,1412,0.01,150.0,-16.922165120000003
1414,7434,28280,3,0.1844642162322998,-2.1458685398101807,0.7836373448371887,0.43201813101768494,0.0003,1413,0.01,150.0,-16.922165120000003
1415,7434,28300,3,-0.08649704605340958,-2.142693519592285,0.940100908279419,0.23786334693431854,0.0003,1414,0.01,150.0,-16.922165120000003
1416,7434,28320,3,-0.7988942861557007,-2.1473517417907715,0.898594081401825,0.4220274090766907,0.0003,1415,0.01,150.0,-16.922165120000003
1417,7434,28340,3,-0.0627770721912384,-2.1466574668884277,0.8851924538612366,0.1445067673921585,0.0003,1416,0.01,150.0,-16.922165120000003
1418,7433,28360,3,-0.008632520213723183,-2.1498732566833496,0.9774868488311768,0.01807241700589657,0.0003,1417,0.01,150.0,-16.922165120000003
1419,7433,28380,3,0.1991214007139206,-2.1474297046661377,0.913080632686615,0.0596788115799427,0.0003,1418,0.01,150.0,-16.922165120000003
1420,7433,28400,3,-0.500991940498352,-2.146923065185547,0.959128201007843,0.08372462540864944,0.0003,1419,0.01,150.0,-16.922165120000003
1421,7433,28420,3,0.501081109046936,-2.146411418914795,0.8563187718391418,0.20170192420482635,0.0003,1420,0.01,150.0,-16.922165120000003
1422,7433,28440,3,0.07844169437885284,-2.1418075561523438,0.8935191035270691,0.08098041266202927,0.0003,1421,0.01,150.0,-16.922165120000003
1423,7433,28460,3,1.3096647262573242,-2.1176681518554688,0.6868643760681152,1.3258795738220215,0.0003,1422,0.01,150.0,-16.922165120000003
1424,7434,28480,3,-0.3335873782634735,-2.1236090660095215,0.8950806856155396,0.09915629774332047,0.0003,1423,0.01,150.0,-16.922165120000003
1425,7434,28500,3,1.078857183456421,-2.104106903076172,0.5067309737205505,1.8384580612182617,0.0003,1424,0.01,150.0,-16.922165120000003
1426,7434,28520,3,0.42702507972717285,-2.116077423095703,0.8810172080993652,0.25325965881347656,0.0003,1425,0.01,150.0,-16.922165120000003
1427,7434,28540,3,1.3370130062103271,-2.070268154144287,0.7283060550689697,1.3264410495758057,0.0003,1426,0.01,150.0,-16.922165120000003
1428,7434,28560,3,0.19824346899986267,-2.0905814170837402,0.7946638464927673,0.44692522287368774,0.0003,1427,0.01,150.0,-16.922165120000003
1429,7434,28580,3,-0.9399191737174988,-2.0830178260803223,0.8838192820549011,0.30231302976608276,0.0003,1428,0.01,150.0,-16.922165120000003
1430,7434,28600,3,0.5922220945358276,-2.071624279022217,0.4966176748275757,0.6841184496879578,0.0003,1429,0.01,150.0,-16.922165120000003
1431,7435,28620,3,-0.3926256000995636,-2.1026484966278076,0.7548394799232483,0.22861118614673615,0.0003,1430,0.01,150.0,-16.922165120000003
1432,7435,28640,3,0.461616188287735,-2.076411008834839,0.009287357330322266,1.183062195777893,0.0003,1431,0.01,150.0,-16.922165120000003
1433,7435,28660,3,-0.7222986817359924,-2.091400623321533,0.807043731212616,0.1602237969636917,0.0003,1432,0.01,150.0,-16.922165120000003
1434,7436,28680,3,-0.8842374086380005,-2.0500800609588623,-0.13962483406066895,0.26483678817749023,0.0003,1433,0.01,150.0,-16.922165120000003
1435,7436,28700,3,-0.37457212805747986,-2.037766933441162,-0.08093810081481934,0.3385242223739624,0.0003,1434,0.01,150.0,-16.922165120000003
1436,7435,28720,3,0.1419484168291092,-2.030217409133911,0.15537935495376587,0.7010539770126343,0.0003,1435,0.01,150.0,-16.922165120000003
1437,7433,28740,3,-0.3417080342769623,-2.0625412464141846,0.15055763721466064,0.3595496118068695,0.0003,1436,0.01,150.0,-16.922165120000003
1438,7432,28760,3,-0.5031169652938843,-2.017852783203125,-0.18705546855926514,0.11961140483617783,0.0003,1437,0.01,150.0,-16.922165120000003
1439,7431,28780,3,-0.5480741858482361,-1.995245337486267,0.022723138332366943,0.16351208090782166,0.0003,1438,0.01,150.0,-16.922165120000003
1440,7430,28800,3,-0.5040257573127747,-2.0032787322998047,0.044227004051208496,0.14512977004051208,0.0003,1439,0.01,150.0,-16.85659594
1441,7430,28820,3,-0.71869957447052,-2.042088031768799,-0.04843282699584961,0.16753211617469788,0.0003,1440,0.01,150.0,-16.85659594
1442,7430,28840,3,-0.2945249676704407,-2.138296604156494,0.9557611346244812,0.03876165673136711,0.0003,1441,0.01,150.0,-16.85659594
1443,7430,28860,3,0.1882779747247696,-2.1367251873016357,0.648978054523468,0.11445744335651398,0.0003,1442,0.01,150.0,-16.85659594
1444,7430,28880,3,0.13523462414741516,-2.127579689025879,0.2187817096710205,0.45094889402389526,0.0003,1443,0.01,150.0,-16.85659594
1445,7431,28900,3,-0.25234073400497437,-2.121476411819458,0.5148985981941223,0.5421081781387329,0.0003,1444,0.01,150.0,-16.85659594
1446,7431,28920,3,-0.167495459318161,-2.1067004203796387,0.913227915763855,0.1687166690826416,0.0003,1445,0.01,150.0,-16.85659594
1447,7431,28940,3,-0.17913934588432312,-2.111239194869995,0.946262538433075,0.1670289933681488,0.0003,1446,0.01,150.0,-16.85659594
1448,7431,28960,3,1.1497050523757935,-2.109447479248047,0.8640894293785095,1.2741059064865112,0.0003,1447,0.01,150.0,-16.85659594
1449,7432,28980,3,-0.1385156661272049,-2.1140804290771484,0.9918310642242432,0.06208058074116707,0.0003,1448,0.01,150.0,-16.85659594
1450,7432,29000,3,-0.09457440674304962,-2.1112213134765625,0.9924057722091675,0.048512253910303116,0.0003,1449,0.01,150.0,-16.85659594
1451,7432,29020,3,-0.08585986495018005,-2.132446765899658,0.9919238686561584,0.03760647773742676,0.0003,1450,0.01,150.0,-16.85659594
1452,7432,29040,3,0.06159268692135811,-2.1261649131774902,0.974299430847168,0.1216907948255539,0.0003,1451,0.01,150.0,-16.85659594
1453,7432,29060,3,0.47488006949424744,-2.130929946899414,0.9826470017433167,0.14807742834091187,0.0003,1452,0.01,150.0,-16.85659594
1454,7432,29080,3,0.33165258169174194,-2.1313109397888184,0.9756796360015869,0.26408547163009644,0.0003,1453,0.01,150.0,-16.85659594
1455,7433,29100,3,0.41000086069107056,-2.121905565261841,0.9702481627464294,0.29847922921180725,0.0003,1454,0.01,150.0,-16.85659594
1456,7433,29120,3,0.22782568633556366,-2.126343250274658,0.9641024470329285,0.29482245445251465,0.0003,1455,0.01,150.0,-16.85659594
1457,7433,29140,3,-0.26340967416763306,-2.137526750564575,0.9884174466133118,0.09743684530258179,0.0003,1456,0.01,150.0,-16.85659594
1458,7434,29160,3,0.14152565598487854,-2.126939296722412,0.8673688173294067,0.44480782747268677,0.0003,1457,0.01,150.0,-16.85659594
1459,7434,29180,3,0.7743364572525024,-2.134361743927002,0.8725355267524719,1.1812243461608887,0.0003,1458,0.01,150.0,-16.85659594
1460,7434,29200,3,0.9786685109138489,-2.11625337600708,0.8036614060401917,1.5140299797058105,0.0003,1459,0.01,150.0,-16.85659594
1461,7434,29220,3,0.0477466806769371,-2.1189191341400146,0.8787252902984619,0.6070998311042786,0.0003,1460,0.01,150.0,-16.85659594
1462,7434,29240,3,-0.3592015504837036,-2.1244874000549316,0.9750483632087708,0.13585810363292694,0.0003,1461,0.01,150.0,-16.85659594
1463,7435,29260,3,-0.7895711064338684,-2.124235153198242,0.9836376905441284,0.17391827702522278,0.0003,1462,0.01,150.0,-16.85659594
1464,7434,29280,3,-0.3479655683040619,-2.118903875350952,0.9648903012275696,0.07424262911081314,0.0003,1463,0.01,150.0,-16.85659594
1465,7434,29300,3,-0.6049549579620361,-2.126586437225342,0.9468149542808533,0.13075777888298035,0.0003,1464,0.01,150.0,-16.85659594
1466,7429,29320,3,-0.7063907384872437,-2.1324563026428223,0.717041552066803,0.20579345524311066,0.0003,1465,0.01,150.0,-16.85659594
1467,7355,29340,3,-0.45617184042930603,-2.1210036277770996,0.8192815184593201,0.11552773416042328,0.0003,1466,0.01,150.0,-16.85659594
1468,7335,29360,4,0.00543998321518302,-2.1180195808410645,0.6872555017471313,0.07914882153272629,0.0003,1467,0.01,150.0,-16.85659594
1469,7334,29380,4,-0.6157748103141785,-2.131166696548462,-1.0828702449798584,0.16228748857975006,0.0003,1468,0.01,150.0,-16.85659594
1470,7331,29400,4,-0.45093947649002075,-2.132708787918091,0.5404746532440186,0.10264305770397186,0.0003,1469,0.01,150.0,-16.734131670000004
1471,7331,29420,4,-0.37749752402305603,-2.1248841285705566,0.23729294538497925,0.16366592049598694,0.0003,1470,0.01,150.0,-16.734131670000004
1472,7331,29440,4,0.38266485929489136,-2.1574225425720215,0.863139271736145,0.1409366875886917,0.0003,1471,0.01,150.0,-16.734131670000004
1473,7331,29460,4,-1.3058921098709106,-2.151865243911743,0.7960483431816101,0.5457141995429993,0.0003,1472,0.01,150.0,-16.734131670000004
1474,7330,29480,4,-0.0066841840744018555,-2.1559414863586426,0.824111819267273,0.5590303540229797,0.0003,1473,0.01,150.0,-16.734131670000004
1475,7330,29500,4,-0.8390892148017883,-2.1560916900634766,0.963186502456665,0.3079472482204437,0.0003,1474,0.01,150.0,-16.734131670000004
1476,7329,29520,4,-0.3461017608642578,-2.155172824859619,0.9892392158508301,0.06303472071886063,0.0003,1475,0.01,150.0,-16.734131670000004
1477,7327,29540,4,0.8655868768692017,-2.1579337120056152,0.8508938550949097,0.7131153345108032,0.0003,1476,0.01,150.0,-16.734131670000004
1478,7327,29560,4,-0.8420265913009644,-2.1373441219329834,0.9596104025840759,0.2715519070625305,0.0003,1477,0.01,150.0,-16.734131670000004
1479,7326,29580,4,-0.22880324721336365,-2.1507601737976074,0.9637805223464966,0.09649217128753662,0.0003,1478,0.01,150.0,-16.734131670000004
1480,7325,29600,4,0.5215147733688354,-2.1508288383483887,0.9433716535568237,0.1819150745868683,0.0003,1479,0.01,150.0,-16.734131670000004
1481,7324,29620,4,0.1273530274629593,-2.144538640975952,0.9389014840126038,0.1447971761226654,0.0003,1480,0.01,150.0,-16.734131670000004
1482,7324,29640,4,0.05469634383916855,-2.1502280235290527,0.9829121828079224,0.037864089012145996,0.0003,1481,0.01,150.0,-16.734131670000004
1483,7319,29660,4,0.038218170404434204,-2.1511893272399902,0.9843606948852539,0.0395028181374073,0.0003,1482,0.01,150.0,-16.734131670000004
1484,7317,29680,4,1.218116044998169,-2.141148090362549,0.7668260335922241,1.7233669757843018,0.0003,1483,0.01,150.0,-16.734131670000004
1485,7315,29700,4,0.11786381900310516,-2.1334755420684814,0.984539806842804,0.08549714088439941,0.0003,1484,0.01,150.0,-16.734131670000004
1486,7313,29720,4,0.23641304671764374,-2.1345624923706055,0.9765791893005371,0.11175014823675156,0.0003,1485,0.01,150.0,-16.734131670000004
1487,7307,29740,4,0.32545387744903564,-2.1274216175079346,0.8652065396308899,0.43814682960510254,0.0003,1486,0.01,150.0,-16.734131670000004
1488,7304,29760,4,-0.2914678454399109,-2.114752769470215,0.9673216938972473,0.08011327683925629,0.0003,1487,0.01,150.0,-16.734131670000004
1489,7301,29780,4,1.350921392440796,-2.116421937942505,0.5475895404815674,1.5165460109710693,0.0003,1488,0.01,150.0,-16.734131670000004
1490,7299,29800,4,0.3802083432674408,-2.136730909347534,0.9005868434906006,0.1929732859134674,0.0003,1489,0.01,150.0,-16.734131670000004
1491,7298,29820,4,-0.3243709206581116,-2.128235101699829,0.9282221794128418,0.10261477530002594,0.0003,1490,0.01,150.0,-16.734131670000004
1492,7298,29840,4,0.011690109968185425,-2.124905824661255,0.8976383805274963,0.052922315895557404,0.0003,1491,0.01,150.0,-16.734131670000004
1493,7297,29860,4,0.6091811656951904,-2.11380672454834,0.4074428081512451,0.5825389623641968,0.0003,1492,0.01,150.0,-16.734131670000004
1494,7297,29880,4,1.2822514772415161,-2.1139655113220215,-0.11488068103790283,1.6330947875976562,0.0003,1493,0.01,150.0,-16.734131670000004
1495,7296,29900,4,-0.07502914220094681,-2.1157631874084473,0.4742184281349182,0.11738107353448868,0.0003,1494,0.01,150.0,-16.734131670000004
1496,7295,29920,4,-0.07687844336032867,-2.116386890411377,0.7329947352409363,0.059266529977321625,0.0003,1495,0.01,150.0,-16.734131670000004
1497,7293,29940,4,0.6847955584526062,-2.1445682048797607,-0.21863973140716553,0.9948447942733765,0.0003,1496,0.01,150.0,-16.734131670000004
1498,7291,29960,4,0.49061471223831177,-2.142547130584717,-0.13011538982391357,0.9578795433044434,0.0003,1497,0.01,150.0,-16.734131670000004
1499,7290,29980,4,-0.5355740189552307,-2.127432346343994,0.1675715446472168,0.10061552375555038,0.0003,1498,0.01,150.0,-16.734131670000004
1500,7289,30000,4,-0.1488279402256012,-2.124192714691162,-0.22156715393066406,0.16331996023654938,0.0003,1499,0.01,150.0,-16.49215668
1501,7287,30020,4,-0.19422170519828796,-2.0858566761016846,-0.2431725263595581,0.06920397281646729,0.0003,1500,0.01,150.0,-16.49215668
1502,7287,30040,4,-0.41374167799949646,-2.1613237857818604,0.9553205966949463,0.09953887015581131,0.0003,1501,0.01,150.0,-16.49215668
1503,7287,30060,4,-1.1546428203582764,-2.1601099967956543,0.9312506914138794,0.47740381956100464,0.0003,1502,0.01,150.0,-16.49215668
1504,7287,30080,4,-0.8920885324478149,-2.160078525543213,0.9797655344009399,0.23654234409332275,0.0003,1503,0.01,150.0,-16.49215668
1505,7287,30100,4,-0.024013519287109375,-2.1625747680664062,0.9844818115234375,0.05300619453191757,0.0003,1504,0.01,150.0,-16.49215668
1506,7287,30120,4,-0.9545894861221313,-2.153432846069336,0.9459413886070251,0.3838243782520294,0.0003,1505,0.01,150.0,-16.49215668
1507,7287,30140,4,-0.5830087065696716,-2.158673048019409,0.9792664051055908,0.136123925447464,0.0003,1506,0.01,150.0,-16.49215668
1508,7287,30160,4,0.07463769614696503,-2.153359889984131,0.8782204985618591,0.26892468333244324,0.0003,1507,0.01,150.0,-16.49215668
1509,7288,30180,4,-0.15783248841762543,-2.1470580101013184,0.9141887426376343,0.22530166804790497,0.0003,1508,0.01,150.0,-16.49215668
1510,7288,30200,4,0.05729011446237564,-2.152383327484131,0.9521132111549377,0.040345124900341034,0.0003,1509,0.01,150.0,-16.49215668
1511,7288,30220,4,0.3107723295688629,-2.1568610668182373,0.8784254789352417,0.1115993857383728,0.0003,1510,0.01,150.0,-16.49215668
1512,7287,30240,4,0.1668049842119217,-2.1544508934020996,0.8237314224243164,0.12683334946632385,0.0003,1511,0.01,150.0,-16.49215668
1513,7287,30260,4,0.2889629006385803,-2.124114990234375,0.5633207559585571,0.12290708720684052,0.0003,1512,0.01,150.0,-16.49215668
1514,7286,30280,4,0.39636868238449097,-2.113649845123291,0.8134266138076782,0.1784408539533615,0.0003,1513,0.01,150.0,-16.49215668
1515,7286,30300,4,0.15640456974506378,-2.118820905685425,0.5134565830230713,0.3734402060508728,0.0003,1514,0.01,150.0,-16.49215668
1516,7286,30320,4,0.266652375459671,-2.061133623123169,-0.6265666484832764,0.5842763781547546,0.0003,1515,0.01,150.0,-16.49215668
1517,7286,30340,4,0.7897090315818787,-2.0348353385925293,-0.047098398208618164,1.0648958683013916,0.0003,1516,0.01,150.0,-16.49215668
1518,7285,30360,4,0.23046143352985382,-2.0689380168914795,0.3954179286956787,0.1222335696220398,0.0003,1517,0.01,150.0,-16.49215668
1519,7285,30380,4,0.2084127962589264,-2.0678553581237793,-0.663437008857727,0.23329465091228485,0.0003,1518,0.01,150.0,-16.49215668
1520,7285,30400,4,1.4384275674819946,-2.0083749294281006,0.00997847318649292,1.4953508377075195,0.0003,1519,0.01,150.0,-16.49215668
1521,7285,30420,4,0.39003580808639526,-2.0152742862701416,0.15382373332977295,0.70574951171875,0.0003,1520,0.01,150.0,-16.49215668
1522,7285,30440,4,0.17256847023963928,-1.9979839324951172,-0.10666966438293457,0.21982517838478088,0.0003,1521,0.01,150.0,-16.49215668
1523,7285,30460,4,-0.2819519639015198,-1.9856584072113037,-0.09181010723114014,0.11412255465984344,0.0003,1522,0.01,150.0,-16.49215668
1524,7285,30480,4,-0.39771607518196106,-2.0177197456359863,0.262056827545166,0.16640552878379822,0.0003,1523,0.01,150.0,-16.49215668
1525,7285,30500,4,-0.11246885359287262,-2.00923490524292,-0.17089974880218506,0.2011060267686844,0.0003,1524,0.01,150.0,-16.49215668
1526,7285,30520,4,-0.4643082618713379,-2.0309627056121826,-0.08247733116149902,0.2560555934906006,0.0003,1525,0.01,150.0,-16.49215668
1527,7285,30540,4,-0.6635528802871704,-2.0344862937927246,-0.09481227397918701,0.18645277619361877,0.0003,1526,0.01,150.0,-16.49215668
1528,7285,30560,4,-0.3201478123664856,-2.022237777709961,0.02043461799621582,0.042933132499456406,0.0003,1527,0.01,150.0,-16.49215668
1529,7285,30580,4,-0.28884992003440857,-2.008591651916504,-0.06698977947235107,0.08611395210027695,0.0003,1528,0.01,150.0,-16.49215668
1530,7285,30600,4,-0.5280870795249939,-2.0346055030822754,-0.04600846767425537,0.1642354428768158,0.0003,1529,0.01,150.0,-16.79549398
1531,7284,30620,4,-0.7094658613204956,-2.0445823669433594,-0.012712240219116211,0.18548177182674408,0.0003,1530,0.01,150.0,-16.79549398
1532,7283,30640,4,-0.5508162379264832,-2.1457011699676514,0.8409834504127502,0.11706719547510147,0.0003,1531,0.01,150.0,-16.79549398
1533,7279,30660,4,-0.17914608120918274,-2.146404504776001,0.8659175038337708,0.06824831664562225,0.0003,1532,0.01,150.0,-16.79549398
1534,7279,30680,4,0.02798633649945259,-2.1383564472198486,0.7527257800102234,0.1931784451007843,0.0003,1533,0.01,150.0,-16.79549398
1535,7279,30700,4,-0.3127268850803375,-2.122232437133789,0.6982913017272949,0.14426083862781525,0.0003,1534,0.01,150.0,-16.79549398
1536,7279,30720,4,0.3328874707221985,-2.128079652786255,0.7012608051300049,0.9105676412582397,0.0003,1535,0.01,150.0,-16.79549398
1537,7278,30740,4,-0.16638000309467316,-2.119321346282959,0.9719074368476868,0.11540219932794571,0.0003,1536,0.01,150.0,-16.79549398
1538,7277,30760,4,-0.43440723419189453,-2.128464460372925,0.9768083691596985,0.12284848839044571,0.0003,1537,0.01,150.0,-16.79549398
1539,7278,30780,4,0.32662326097488403,-2.126929759979248,0.8654496669769287,0.23476052284240723,0.0003,1538,0.01,150.0,-16.79549398
1540,7278,30800,4,0.015545045956969261,-2.0970497131347656,0.6705602407455444,0.4303499162197113,0.0003,1539,0.01,150.0,-16.79549398
1541,7277,30820,4,-0.29071611166000366,-2.0610904693603516,0.8612341284751892,0.11795513331890106,0.0003,1540,0.01,150.0,-16.79549398
1542,7277,30840,4,0.9327433705329895,-2.060128688812256,0.33821243047714233,1.223745346069336,0.0003,1541,0.01,150.0,-16.79549398
1543,7277,30860,4,0.6804780960083008,-2.0447089672088623,0.7837299108505249,0.6092275977134705,0.0003,1542,0.01,150.0,-16.79549398
1544,7277,30880,4,-0.3444872200489044,-2.050644874572754,0.9429301023483276,0.0680912509560585,0.0003,1543,0.01,150.0,-16.79549398
1545,7277,30900,4,-0.02814333513379097,-2.0520477294921875,0.7370966672897339,0.171343132853508,0.0003,1544,0.01,150.0,-16.79549398
1546,7277,30920,4,-0.41961440443992615,-2.027365207672119,0.8874498009681702,0.1422920972108841,0.0003,1545,0.01,150.0,-16.79549398
1547,7277,30940,4,-0.4823547899723053,-2.0553829669952393,0.8771225214004517,0.07917601615190506,0.0003,1546,0.01,150.0,-16.79549398
1548,7277,30960,4,-0.41779884696006775,-2.043320655822754,0.6413688659667969,0.12357010692358017,0.0003,1547,0.01,150.0,-16.79549398
1549,7276,30980,4,-0.32821983098983765,-2.022409677505493,0.617959201335907,0.09612381458282471,0.0003,1548,0.01,150.0,-16.79549398
1550,7276,31000,4,-0.6134811639785767,-2.038547992706299,0.5085492134094238,0.13877522945404053,0.0003,1549,0.01,150.0,-16.79549398
1551,7276,31020,4,-0.4012327194213867,-2.035942554473877,0.47510868310928345,0.12259230762720108,0.0003,1550,0.01,150.0,-16.79549398
1552,7275,31040,4,-0.7030659914016724,-2.0483245849609375,0.3204546570777893,0.26694411039352417,0.0003,1551,0.01,150.0,-16.79549398
1553,7275,31060,4,-0.5528311133384705,-2.06339430809021,0.19294553995132446,0.12613454461097717,0.0003,1552,0.01,150.0,-16.79549398
1554,7275,31080,4,-0.4531550407409668,-2.040865421295166,0.07519471645355225,0.21917378902435303,0.0003,1553,0.01,150.0,-16.79549398
1555,7275,31100,4,-0.5884031057357788,-2.0391969680786133,0.1503065824508667,0.1420423537492752,0.0003,1554,0.01,150.0,-16.79549398
1556,7275,31120,4,-0.42393094301223755,-2.040294647216797,0.131291925907135,0.11995059251785278,0.0003,1555,0.01,150.0,-16.79549398
1557,7275,31140,4,-0.2584850788116455,-2.0470118522644043,-0.03959810733795166,0.15765969455242157,0.0003,1556,0.01,150.0,-16.79549398
1558,7275,31160,4,-0.6908698081970215,-2.046966791152954,-0.018757104873657227,0.22345396876335144,0.0003,1557,0.01,150.0,-16.79549398
1559,7275,31180,4,-0.759951114654541,-2.0770208835601807,-0.003037095069885254,0.2135661095380783,0.0003,1558,0.01,150.0,-16.79549398
1560,7274,31200,4,-0.6802555918693542,-2.0835163593292236,0.013124048709869385,0.20316655933856964,0.0003,1559,0.01,150.0,-17.20815228
1561,7274,31220,4,-0.5982702374458313,-2.082759141921997,-0.014597892761230469,0.17231257259845734,0.0003,1560,0.01,150.0,-17.20815228
1562,7274,31240,4,0.07323203980922699,-2.106576442718506,0.7385600209236145,0.18373766541481018,0.0003,1561,0.01,150.0,-17.20815228
1563,7274,31260,4,0.038339562714099884,-2.110563039779663,0.9084434509277344,0.10346291214227676,0.0003,1562,0.01,150.0,-17.20815228
1564,7275,31280,4,0.23989614844322205,-2.1103224754333496,0.8201514482498169,0.26225972175598145,0.0003,1563,0.01,150.0,-17.20815228
1565,7275,31300,4,-0.3525957465171814,-2.1039319038391113,0.9468439221382141,0.2049781084060669,0.0003,1564,0.01,150.0,-17.20815228
1566,7275,31320,4,-0.34541842341423035,-2.102545976638794,0.9926825761795044,0.05097031593322754,0.0003,1565,0.01,150.0,-17.20815228
1567,7275,31340,4,0.15714962780475616,-2.091488838195801,0.9850075244903564,0.06996961683034897,0.0003,1566,0.01,150.0,-17.20815228
1568,7274,31360,4,1.0213485956192017,-2.0709152221679688,0.9298063516616821,0.666720986366272,0.0003,1567,0.01,150.0,-17.20815228
1569,7274,31380,4,0.22667141258716583,-2.1000454425811768,0.9730362892150879,0.1778264045715332,0.0003,1568,0.01,150.0,-17.20815228
1570,7274,31400,4,0.25364479422569275,-2.0942091941833496,0.9820414781570435,0.135731503367424,0.0003,1569,0.01,150.0,-17.20815228
1571,7274,31420,4,-0.2573207914829254,-2.0936222076416016,0.9887882471084595,0.09654098004102707,0.0003,1570,0.01,150.0,-17.20815228
1572,7274,31440,4,0.33378082513809204,-2.096975564956665,0.9825623631477356,0.14710184931755066,0.0003,1571,0.01,150.0,-17.20815228
1573,7273,31460,4,0.04265119880437851,-2.0872044563293457,0.991888165473938,0.04083293676376343,0.0003,1572,0.01,150.0,-17.20815228
1574,7273,31480,4,1.2239322662353516,-2.0683376789093018,0.5768572092056274,1.2465717792510986,0.0003,1573,0.01,150.0,-17.20815228
1575,7273,31500,4,1.316382646560669,-2.0699093341827393,0.6032795310020447,0.8504734039306641,0.0003,1574,0.01,150.0,-17.20815228
1576,7273,31520,4,1.1860783100128174,-2.0955536365509033,0.5620189309120178,0.7956768274307251,0.0003,1575,0.01,150.0,-17.20815228
1577,7273,31540,4,0.8662188649177551,-2.0719308853149414,0.4981391429901123,1.0889774560928345,0.0003,1576,0.01,150.0,-17.20815228
1578,7273,31560,4,1.2110180854797363,-2.0733397006988525,-0.0949486494064331,1.156471848487854,0.0003,1577,0.01,150.0,-17.20815228
1579,7273,31580,4,0.20201095938682556,-2.0813167095184326,0.7085864543914795,0.16470101475715637,0.0003,1578,0.01,150.0,-17.20815228
1580,7273,31600,4,-0.25816529989242554,-2.0956616401672363,0.901685893535614,0.09011666476726532,0.0003,1579,0.01,150.0,-17.20815228
1581,7272,31620,4,0.7294286489486694,-2.106748580932617,0.43976759910583496,1.0639266967773438,0.0003,1580,0.01,150.0,-17.20815228
1582,7273,31640,4,-0.3886445164680481,-2.1173605918884277,0.9081324338912964,0.0922393947839737,0.0003,1581,0.01,150.0,-17.20815228
1583,7273,31660,4,-0.9835721254348755,-2.081254482269287,0.8766565918922424,0.2823863625526428,0.0003,1582,0.01,150.0,-17.20815228
1584,7273,31680,4,-0.3402344584465027,-2.105818510055542,0.797361433506012,0.09801328182220459,0.0003,1583,0.01,150.0,-17.20815228
1585,7273,31700,4,-0.48414912819862366,-2.114030361175537,0.693312406539917,0.1732783019542694,0.0003,1584,0.01,150.0,-17.20815228
1586,7273,31720,4,-0.5041193962097168,-2.11122727394104,0.6870778799057007,0.13234733045101166,0.0003,1585,0.01,150.0,-17.20815228
1587,7273,31740,4,-0.5806392431259155,-2.107285261154175,0.708396852016449,0.1374480277299881,0.0003,1586,0.01,150.0,-17.20815228
1588,7273,31760,4,-0.3447093069553375,-2.1072678565979004,0.6610317230224609,0.10847441107034683,0.0003,1587,0.01,150.0,-17.20815228
1589,7273,31780,4,-0.25653037428855896,-2.1012768745422363,0.5948470830917358,0.12875482439994812,0.0003,1588,0.01,150.0,-17.20815228
1590,7273,31800,4,-0.32971423864364624,-2.0864510536193848,0.8284798860549927,0.05912826210260391,0.0003,1589,0.0,150.0,-17.55998615
1591,7273,31820,4,-0.2271270751953125,-2.080702543258667,0.7660065293312073,0.06898285448551178,0.0003,1590,0.0,150.0,-17.55998615
1592,7273,31840,4,-0.02376420423388481,-2.1339404582977295,0.9711581468582153,0.02415068820118904,0.0003,1591,0.0,150.0,-17.55998615
1593,7273,31860,4,-0.2823731303215027,-2.1312122344970703,0.8775849938392639,0.09397801756858826,0.0003,1592,0.0,150.0,-17.55998615
1594,7273,31880,4,0.39689671993255615,-2.1330437660217285,0.6301932334899902,0.2922828495502472,0.0003,1593,0.0,150.0,-17.55998615
1595,7274,31900,4,0.35851332545280457,-2.1224865913391113,0.7169764041900635,0.2926032841205597,0.0003,1594,0.0,150.0,-17.55998615
1596,7274,31920,4,-0.6181260943412781,-2.120013475418091,0.33785027265548706,0.5018150210380554,0.0003,1595,0.0,150.0,-17.55998615
1597,7274,31940,4,-0.31549713015556335,-2.107678174972534,0.5722063779830933,0.4310944676399231,0.0003,1596,0.0,150.0,-17.55998615
1598,7274,31960,4,-0.5088367462158203,-2.118496894836426,0.8100569844245911,0.2034362554550171,0.0003,1597,0.0,150.0,-17.55998615
1599,7274,31980,4,0.22600626945495605,-2.1217129230499268,0.7757474184036255,0.1773720532655716,0.0003,1598,0.0,150.0,-17.55998615
1600,7274,32000,4,-0.16808339953422546,-2.127859354019165,0.8807538747787476,0.16094143688678741,0.0003,1599,0.0,150.0,-17.55998615
1601,7274,32020,4,-0.274277001619339,-2.128260374069214,0.9154470562934875,0.07071910798549652,0.0003,1600,0.0,150.0,-17.55998615
1602,7274,32040,4,-0.13131172955036163,-2.129610538482666,0.9238564372062683,0.029648881405591965,0.0003,1601,0.0,150.0,-17.55998615
1603,7275,32060,4,0.04438763111829758,-2.132981300354004,0.9228635430335999,0.014131477102637291,0.0003,1602,0.0,150.0,-17.55998615
1604,7275,32080,4,0.04451553896069527,-2.135472536087036,0.7766550779342651,0.05522112175822258,0.0003,1603,0.0,150.0,-17.55998615
1605,7275,32100,4,1.2092679738998413,-2.099252223968506,-0.5796054601669312,1.2706315517425537,0.0003,1604,0.0,150.0,-17.55998615
1606,7275,32120,4,0.9235615730285645,-2.0866386890411377,-0.09722602367401123,0.5960913896560669,0.0003,1605,0.0,150.0,-17.55998615
1607,7275,32140,4,0.4987556040287018,-2.088169574737549,0.1769832968711853,0.1213001161813736,0.0003,1606,0.0,150.0,-17.55998615
1608,7275,32160,4,-0.15456552803516388,-2.0950071811676025,-0.06429731845855713,0.0865992084145546,0.0003,1607,0.0,150.0,-17.55998615
1609,7275,32180,4,0.40177789330482483,-2.071641683578491,0.08441340923309326,0.15540704131126404,0.0003,1608,0.0,150.0,-17.55998615
1610,7276,32200,4,0.07122549414634705,-2.0664215087890625,0.47904038429260254,0.02768120728433132,0.0003,1609,0.0,150.0,-17.55998615
1611,7276,32220,4,-0.24434828758239746,-2.056333303451538,0.28213584423065186,0.07202853262424469,0.0003,1610,0.0,150.0,-17.55998615
1612,7276,32240,4,-0.35173219442367554,-2.07761812210083,0.4022035002708435,0.06455507129430771,0.0003,1611,0.0,150.0,-17.55998615
1613,7276,32260,4,-0.2632291615009308,-2.060717821121216,0.18890291452407837,0.07967299968004227,0.0003,1612,0.0,150.0,-17.55998615
1614,7277,32280,4,-0.06563922017812729,-2.0702199935913086,0.01083749532699585,0.026852985844016075,0.0003,1613,0.0,150.0,-17.55998615
1615,7277,32300,4,-0.15294276177883148,-2.0670340061187744,0.18991512060165405,0.040242306888103485,0.0003,1614,0.0,150.0,-17.55998615
1616,7277,32320,4,-0.5612887144088745,-2.0979902744293213,0.19673818349838257,0.10426600277423859,0.0003,1615,0.0,150.0,-17.55998615
1617,7277,32340,4,-0.185867041349411,-2.090210199356079,0.027540385723114014,0.10892617702484131,0.0003,1616,0.0,150.0,-17.55998615
1618,7277,32360,4,-0.3601668179035187,-2.10135817527771,0.059229910373687744,0.12831595540046692,0.0003,1617,0.0,150.0,-17.55998615
1619,7277,32380,4,-0.20083577930927277,-2.0967414379119873,0.12378758192062378,0.07675590366125107,0.0003,1618,0.0,150.0,-17.55998615
1620,7277,32400,4,-0.2704653739929199,-2.0986013412475586,0.06810730695724487,0.09862658381462097,0.0003,1619,0.0,150.0,-17.563422720000002
1621,7277,32420,4,-0.3980617821216583,-2.116218090057373,-0.017687082290649414,0.054874490946531296,0.0003,1620,0.0,150.0,-17.563422720000002
1622,7277,32440,4,-0.210921972990036,-2.1321473121643066,0.05119061470031738,0.06662525981664658,0.0003,1621,0.0,150.0,-17.563422720000002
1623,7277,32460,4,0.260807603597641,-2.12455153465271,0.3748767375946045,0.8713406324386597,0.0003,1622,0.0,150.0,-17.563422720000002
1624,7277,32480,4,-0.5492812395095825,-2.139705181121826,0.9269941449165344,0.20920857787132263,0.0003,1623,0.0,150.0,-17.563422720000002
1625,7277,32500,4,-0.3732891380786896,-2.14108943939209,0.9730163216590881,0.09521050751209259,0.0003,1624,0.0,150.0,-17.563422720000002
1626,7277,32520,4,0.22064423561096191,-2.1441988945007324,0.8805862665176392,0.2626491189002991,0.0003,1625,0.0,150.0,-17.563422720000002
1627,7277,32540,4,0.08221201598644257,-2.1328296661376953,0.954634428024292,0.07871337234973907,0.0003,1626,0.0,150.0,-17.563422720000002
1628,7277,32560,4,-0.5519155263900757,-2.1494603157043457,0.9874855279922485,0.09473326057195663,0.0003,1627,0.0,150.0,-17.563422720000002
1629,7277,32580,4,-0.34108737111091614,-2.153411388397217,0.9833625555038452,0.05366794392466545,0.0003,1628,0.0,150.0,-17.563422720000002
1630,7277,32600,4,-0.22223250567913055,-2.1532366275787354,0.9831118583679199,0.027970314025878906,0.0003,1629,0.0,150.0,-17.563422720000002
1631,7277,32620,4,1.2661625146865845,-2.146233320236206,-0.30884885787963867,2.4025168418884277,0.0003,1630,0.0,150.0,-17.563422720000002
1632,7277,32640,4,0.265902578830719,-2.1221089363098145,0.529941976070404,0.2997129261493683,0.0003,1631,0.0,150.0,-17.563422720000002
1633,7278,32660,4,1.1753345727920532,-2.1274983882904053,0.2159130573272705,0.6615884304046631,0.0003,1632,0.0,150.0,-17.563422720000002
1634,7278,32680,4,0.4983331561088562,-2.1198208332061768,0.6470733880996704,0.23986823856830597,0.0003,1633,0.0,150.0,-17.563422720000002
1635,7278,32700,4,0.19330374896526337,-2.12288236618042,0.6855142116546631,0.16654072701931,0.0003,1634,0.0,150.0,-17.563422720000002
1636,7278,32720,4,0.5922960042953491,-2.112173557281494,0.4270085096359253,0.33435437083244324,0.0003,1635,0.0,150.0,-17.563422720000002
1637,7276,32740,4,0.036669790744781494,-2.0956501960754395,0.7517237067222595,0.05939077213406563,0.0003,1636,0.0,150.0,-17.563422720000002
1638,7276,32760,4,0.6033645868301392,-2.095094680786133,0.15164047479629517,0.4295491576194763,0.0003,1637,0.0,150.0,-17.563422720000002
1639,7276,32780,4,-0.045738816261291504,-2.099790096282959,0.2072659730911255,0.06225237995386124,0.0003,1638,0.0,150.0,-17.563422720000002
1640,7276,32800,4,0.5990718603134155,-2.0591983795166016,-0.13595092296600342,0.3567866384983063,0.0003,1639,0.0,150.0,-17.563422720000002
1641,7276,32820,4,-0.260952889919281,-2.033599376678467,0.24697107076644897,0.10523209720849991,0.0003,1640,0.0,150.0,-17.563422720000002
1642,7276,32840,4,-0.2910947799682617,-2.0396370887756348,0.1404593586921692,0.10855273902416229,0.0003,1641,0.0,150.0,-17.563422720000002
1643,7276,32860,4,-0.48334425687789917,-2.0293662548065186,0.35987550020217896,0.09204936772584915,0.0003,1642,0.0,150.0,-17.563422720000002
1644,7276,32880,4,-0.21092788875102997,-2.0238401889801025,0.2125198245048523,0.10734007507562637,0.0003,1643,0.0,150.0,-17.563422720000002
1645,7276,32900,4,-0.5762959718704224,-2.055440902709961,0.17330050468444824,0.13505971431732178,0.0003,1644,0.0,150.0,-17.563422720000002
1646,7276,32920,4,-0.20158259570598602,-2.0743632316589355,0.042920827865600586,0.09439234435558319,0.0003,1645,0.0,150.0,-17.563422720000002
1647,7276,32940,4,-0.04125586897134781,-2.064359426498413,0.16011840105056763,0.02040564827620983,0.0003,1646,0.0,150.0,-17.563422720000002
1648,7276,32960,4,-0.24938099086284637,-2.0716662406921387,0.020378291606903076,0.03198118880391121,0.0003,1647,0.0,150.0,-17.563422720000002
1649,7276,32980,4,-0.5530765652656555,-2.088890314102173,0.008174300193786621,0.138409823179245,0.0003,1648,0.0,150.0,-17.563422720000002
1650,7275,33000,4,-0.28068262338638306,-2.077704668045044,-0.06107497215270996,0.0616266131401062,0.0003,1649,0.0,150.0,-17.62613094
1651,7276,33020,4,-0.533609926700592,-2.0683212280273438,-0.08801448345184326,0.09816564619541168,0.0003,1650,0.0,150.0,-17.62613094
1652,7276,33040,4,0.02233216166496277,-2.133999824523926,0.9398340582847595,0.04123235493898392,0.0003,1651,0.0,150.0,-17.62613094
1653,7276,33060,4,-0.2317245900630951,-2.1373705863952637,0.6917802095413208,0.13844910264015198,0.0003,1652,0.0,150.0,-17.62613094
1654,7276,33080,4,0.5832024812698364,-2.130892276763916,0.05759936571121216,0.19155147671699524,0.0003,1653,0.0,150.0,-17.62613094
1655,7276,33100,4,-0.03157012537121773,-2.12386155128479,0.6846911907196045,0.19712434709072113,0.0003,1654,0.0,150.0,-17.62613094
1656,7276,33120,4,1.288316011428833,-2.1206016540527344,0.639350175857544,0.9325822591781616,0.0003,1655,0.0,150.0,-17.62613094
1657,7276,33140,4,0.49351271986961365,-2.120889186859131,0.692233681678772,0.5671007037162781,0.0003,1656,0.0,150.0,-17.62613094
1658,7275,33160,4,-0.009221309795975685,-2.1238319873809814,0.9226913452148438,0.10505755245685577,0.0003,1657,0.0,150.0,-17.62613094
1659,7275,33180,4,0.345449835062027,-2.13413143157959,0.8540807962417603,0.18623384833335876,0.0003,1658,0.0,150.0,-17.62613094
1660,7275,33200,4,-0.14801819622516632,-2.1171486377716064,0.9760700464248657,0.023595592007040977,0.0003,1659,0.0,150.0,-17.62613094
1661,7276,33220,4,0.6148332953453064,-2.1199088096618652,0.14605963230133057,0.8007954359054565,0.0003,1660,0.0,150.0,-17.62613094
1662,7276,33240,4,0.5031974911689758,-2.108393669128418,0.5992907881736755,0.3778616786003113,0.0003,1661,0.0,150.0,-17.62613094
1663,7276,33260,4,0.5472420454025269,-2.104886531829834,0.7539759874343872,0.5066686868667603,0.0003,1662,0.0,150.0,-17.62613094
1664,7276,33280,4,-0.13548782467842102,-2.0794529914855957,0.7156080007553101,0.3481663763523102,0.0003,1663,0.0,150.0,-17.62613094
1665,7276,33300,4,0.7793152928352356,-2.081380844116211,0.6985526084899902,1.243514895439148,0.0003,1664,0.0,150.0,-17.62613094
1666,7276,33320,4,0.5735903382301331,-2.0591254234313965,0.8121355772018433,1.5389072895050049,0.0003,1665,0.0,150.0,-17.62613094
1667,7276,33340,4,0.12238621711730957,-2.0739264488220215,0.9099980592727661,0.42375636100769043,0.0003,1666,0.0,150.0,-17.62613094
1668,7276,33360,4,1.6582266092300415,-2.067476749420166,0.5591679811477661,2.2993054389953613,0.0003,1667,0.0,150.0,-17.62613094
1669,7276,33380,4,0.13052770495414734,-2.0561766624450684,0.990505039691925,0.03815767914056778,0.0003,1668,0.0,150.0,-17.62613094
1670,7276,33400,4,0.1843245029449463,-2.094489574432373,0.9699649810791016,0.12519529461860657,0.0003,1669,0.0,150.0,-17.62613094
1671,7276,33420,4,-0.07480073720216751,-2.0859375,0.9881995916366577,0.04384840279817581,0.0003,1670,0.0,150.0,-17.62613094
1672,7277,33440,4,0.7117984890937805,-2.0891871452331543,0.8220123052597046,0.5338470339775085,0.0003,1671,0.0,150.0,-17.62613094
1673,7277,33460,4,-0.3109249472618103,-2.0670721530914307,0.9695534110069275,0.06708598881959915,0.0003,1672,0.0,150.0,-17.62613094
1674,7276,33480,4,-0.10835272073745728,-2.0722498893737793,0.821122944355011,0.1720796823501587,0.0003,1673,0.0,150.0,-17.62613094
1675,7276,33500,4,-0.0740692988038063,-2.082684278488159,0.9055048823356628,0.06398693472146988,0.0003,1674,0.0,150.0,-17.62613094
1676,7276,33520,4,-0.07081477344036102,-2.064711093902588,0.8622336983680725,0.14210709929466248,0.0003,1675,0.0,150.0,-17.62613094
1677,7275,33540,4,-0.228433758020401,-2.0207695960998535,0.8891278505325317,0.20473632216453552,0.0003,1676,0.0,150.0,-17.62613094
1678,7275,33560,4,0.11702989041805267,-2.0319085121154785,0.39019709825515747,0.5895058512687683,0.0003,1677,0.0,150.0,-17.62613094
1679,7275,33580,4,-0.40157151222229004,-2.0436275005340576,0.8816163539886475,0.08860902488231659,0.0003,1678,0.0,150.0,-17.62613094
1680,7274,33600,4,-0.5166686773300171,-2.0415189266204834,0.8352513313293457,0.12985166907310486,0.0003,1679,0.0,150.0,-17.33585017
1681,7274,33620,4,-0.42493805289268494,-2.0426077842712402,0.8704009652137756,0.10599108785390854,0.0003,1680,0.0,150.0,-17.33585017
1682,7273,33640,4,-0.14447656273841858,-2.1256370544433594,0.06941372156143188,0.18778087198734283,0.0003,1681,0.0,150.0,-17.33585017
1683,7273,33660,4,-0.31385016441345215,-2.128718614578247,0.1998853087425232,0.12670230865478516,0.0003,1682,0.0,150.0,-17.33585017
1684,7273,33680,4,0.44985467195510864,-2.1271657943725586,0.30283814668655396,0.3859436511993408,0.0003,1683,0.0,150.0,-17.33585017
1685,7273,33700,4,-0.17225141823291779,-2.115447759628296,0.8182699680328369,0.09716446697711945,0.0003,1684,0.0,150.0,-17.33585017
1686,7272,33720,4,-0.18839268386363983,-2.1066880226135254,0.8185399174690247,0.06202000379562378,0.0003,1685,0.0,150.0,-17.33585017
1687,7272,33740,4,-0.2756575644016266,-2.1172852516174316,0.8484351634979248,0.055212557315826416,0.0003,1686,0.0,150.0,-17.33585017
1688,7272,33760,4,0.9986562728881836,-2.115971803665161,0.18497377634048462,0.9252901077270508,0.0003,1687,0.0,150.0,-17.33585017
1689,7272,33780,4,0.2748236060142517,-2.1118831634521484,0.6740795969963074,0.1497529000043869,0.0003,1688,0.0,150.0,-17.33585017
1690,7271,33800,4,0.7321658134460449,-2.1181721687316895,-1.0851976871490479,0.8928079605102539,0.0003,1689,0.0,150.0,-17.33585017
1691,7271,33820,4,1.0622729063034058,-2.087825298309326,0.7056411504745483,0.47074094414711,0.0003,1690,0.0,150.0,-17.33585017
1692,7271,33840,4,0.18472585082054138,-2.0716700553894043,0.6004329919815063,0.6857238411903381,0.0003,1691,0.0,150.0,-17.33585017
1693,7271,33860,4,0.5759099721908569,-2.087118148803711,0.896377444267273,0.278089702129364,0.0003,1692,0.0,150.0,-17.33585017
1694,7271,33880,4,0.733099102973938,-2.085468292236328,0.7749362587928772,0.5539433360099792,0.0003,1693,0.0,150.0,-17.33585017
1695,7271,33900,4,0.09801965206861496,-2.0803027153015137,0.836389422416687,0.5112382769584656,0.0003,1694,0.0,150.0,-17.33585017
1696,7271,33920,4,0.05031774193048477,-2.059431791305542,0.6194444894790649,0.2274596393108368,0.0003,1695,0.0,150.0,-17.33585017
1697,7271,33940,4,-0.4679979383945465,-2.101081371307373,0.864989697933197,0.11607034504413605,0.0003,1696,0.0,150.0,-17.33585017
1698,7270,33960,4,0.036913562566041946,-2.0977134704589844,0.6170175075531006,0.15787604451179504,0.0003,1697,0.0,150.0,-17.33585017
1699,7269,33980,4,-0.7747683525085449,-2.078310489654541,-1.4168446063995361,0.34034430980682373,0.0003,1698,0.0,150.0,-17.33585017
1700,7269,34000,4,-0.7869463562965393,-2.0781006813049316,-0.17469966411590576,0.21271900832653046,0.0003,1699,0.0,150.0,-17.33585017
1701,7269,34020,4,-0.6892203688621521,-2.096886157989502,0.2956191897392273,0.1479388326406479,0.0003,1700,0.0,150.0,-17.33585017
1702,7269,34040,4,-0.05535686016082764,-2.072923183441162,0.208997905254364,0.25074219703674316,0.0003,1701,0.0,150.0,-17.33585017
1703,7269,34060,4,-0.4275769293308258,-2.080770492553711,0.48577094078063965,0.10764141380786896,0.0003,1702,0.0,150.0,-17.33585017
1704,7269,34080,4,-0.7828447222709656,-2.0971198081970215,0.19448167085647583,0.2153913974761963,0.0003,1703,0.0,150.0,-17.33585017
1705,7269,34100,4,-0.5949761271476746,-2.1095619201660156,0.20643126964569092,0.2333311289548874,0.0003,1704,0.0,150.0,-17.33585017
1706,7269,34120,4,-0.4817672669887543,-2.0882325172424316,0.35164153575897217,0.10191366821527481,0.0003,1705,0.0,150.0,-17.33585017
1707,7270,34140,4,-0.4920077323913574,-2.0625088214874268,0.34699416160583496,0.12251259386539459,0.0003,1706,0.0,150.0,-17.33585017
1708,7270,34160,4,-0.47826242446899414,-2.0929102897644043,0.22790402173995972,0.10550162941217422,0.0003,1707,0.0,150.0,-17.33585017
1709,7270,34180,4,-0.4458181858062744,-2.114678144454956,0.326839804649353,0.07925765216350555,0.0003,1708,0.0,150.0,-17.33585017
1710,7270,34200,4,0.030084729194641113,-2.097482442855835,0.10362374782562256,0.709634006023407,0.0003,1709,0.0,150.0,-17.579482470000002
1711,7270,34220,4,0.22316542267799377,-2.126748561859131,0.15630453824996948,0.6665021777153015,0.0003,1710,0.0,150.0,-17.579482470000002
1712,7270,34240,4,-0.07445130497217178,-2.1455156803131104,0.7543221712112427,0.10901206731796265,0.0003,1711,0.0,150.0,-17.579482470000002
1713,7270,34260,4,0.7936559915542603,-2.146036148071289,0.6808514595031738,0.3566230237483978,0.0003,1712,0.0,150.0,-17.579482470000002
1714,7270,34280,4,-0.5290813446044922,-2.1459250450134277,0.8119569420814514,0.36896345019340515,0.0003,1713,0.0,150.0,-17.579482470000002
1715,7270,34300,4,-0.6608562469482422,-2.14518666267395,0.9134003520011902,0.33492588996887207,0.0003,1714,0.0,150.0,-17.579482470000002
1716,7270,34320,4,-0.3154890537261963,-2.141571521759033,0.9565162658691406,0.1888534128665924,0.0003,1715,0.0,150.0,-17.579482470000002
1717,7270,34340,4,0.7575751543045044,-2.1344923973083496,0.898202657699585,0.654930830001831,0.0003,1716,0.0,150.0,-17.579482470000002
1718,7270,34360,4,-0.15713921189308167,-2.1254043579101562,0.9050630927085876,0.4845972955226898,0.0003,1717,0.0,150.0,-17.579482470000002
1719,7270,34380,4,-0.2851483225822449,-2.121997356414795,0.9781097769737244,0.14110293984413147,0.0003,1718,0.0,150.0,-17.579482470000002
1720,7271,34400,4,0.3747343420982361,-2.105064868927002,0.8914914131164551,0.45366397500038147,0.0003,1719,0.0,150.0,-17.579482470000002
1721,7271,34420,4,-0.48172059655189514,-2.1131820678710938,0.9860860109329224,0.11628438532352448,0.0003,1720,0.0,150.0,-17.579482470000002
1722,7266,34440,4,-0.012648308649659157,-2.1324377059936523,0.9496046304702759,0.19033333659172058,0.0003,1721,0.0,150.0,-17.579482470000002
1723,7266,34460,4,1.2242108583450317,-2.108531951904297,0.8420634865760803,1.3533618450164795,0.0003,1722,0.0,150.0,-17.579482470000002
1724,7266,34480,4,-0.03984029218554497,-2.1035923957824707,0.9562779664993286,0.4285922050476074,0.0003,1723,0.0,150.0,-17.579482470000002
1725,7267,34500,4,1.3073376417160034,-2.093911647796631,0.9276294112205505,1.4125101566314697,0.0003,1724,0.0,150.0,-17.579482470000002
1726,7267,34520,4,0.9160183668136597,-2.0910918712615967,0.895578145980835,1.353238821029663,0.0003,1725,0.0,150.0,-17.579482470000002
1727,7267,34540,4,0.5615967512130737,-2.103797197341919,0.8836351633071899,1.1496422290802002,0.0003,1726,0.0,150.0,-17.579482470000002
1728,7267,34560,4,-0.19525857269763947,-2.090610980987549,0.9903493523597717,0.08776424825191498,0.0003,1727,0.0,150.0,-17.579482470000002
1729,7268,34580,4,0.2792077958583832,-2.103139877319336,0.9824851751327515,0.13946042954921722,0.0003,1728,0.0,150.0,-17.579482470000002
1730,7268,34600,4,0.39134639501571655,-2.0895354747772217,0.9631233811378479,0.3227385878562927,0.0003,1729,0.0,150.0,-17.579482470000002
1731,7268,34620,4,-0.40169239044189453,-2.0787835121154785,0.9921910166740417,0.10545375198125839,0.0003,1730,0.0,150.0,-17.579482470000002
1732,7268,34640,4,-0.4441421627998352,-2.092986583709717,0.9935851097106934,0.11422188580036163,0.0003,1731,0.0,150.0,-17.579482470000002
1733,7268,34660,4,-0.37465596199035645,-2.1058223247528076,0.9869483113288879,0.1212523952126503,0.0003,1732,0.0,150.0,-17.579482470000002
1734,7268,34680,4,-0.6548981666564941,-2.089853525161743,0.9838923215866089,0.2062695026397705,0.0003,1733,0.0,150.0,-17.579482470000002
1735,7268,34700,4,-0.38582825660705566,-2.093574285507202,0.9841358661651611,0.13676440715789795,0.0003,1734,0.0,150.0,-17.579482470000002
1736,7268,34720,4,-0.40364909172058105,-2.118926525115967,0.988050103187561,0.10157115757465363,0.0003,1735,0.0,150.0,-17.579482470000002
1737,7268,34740,4,-0.3704734742641449,-2.1217727661132812,0.9852954149246216,0.08736325055360794,0.0003,1736,0.0,150.0,-17.579482470000002
1738,7267,34760,4,-0.3530943989753723,-2.106659412384033,0.9884967803955078,0.08177362382411957,0.0003,1737,0.0,150.0,-17.579482470000002
1739,7267,34780,4,-0.34597188234329224,-2.109314441680908,0.9873800277709961,0.07501664012670517,0.0003,1738,0.0,150.0,-17.579482470000002
1740,7266,34800,4,-0.2593749165534973,-2.1107699871063232,0.9829058051109314,0.07502468675374985,0.0003,1739,0.0,150.0,-17.536511549999997
1741,7265,34820,4,-0.1971016824245453,-2.121886730194092,0.984242856502533,0.05943632125854492,0.0003,1740,0.0,150.0,-17.536511549999997
1742,7265,34840,4,-0.5065520405769348,-2.1406772136688232,0.6176018714904785,0.22609464824199677,0.0003,1741,0.0,150.0,-17.536511549999997
1743,7264,34860,4,-0.5098081231117249,-2.1412177085876465,0.8958603143692017,0.16097232699394226,0.0003,1742,0.0,150.0,-17.536511549999997
1744,7264,34880,4,-0.3202780485153198,-2.1420435905456543,0.9113796949386597,0.14561167359352112,0.0003,1743,0.0,150.0,-17.536511549999997
1745,7263,34900,4,0.1872636079788208,-2.139324188232422,0.8968116044998169,0.34891191124916077,0.0003,1744,0.0,150.0,-17.536511549999997
1746,7263,34920,4,0.38220733404159546,-2.136566400527954,0.9184899926185608,0.683451235294342,0.0003,1745,0.0,150.0,-17.536511549999997
1747,7262,34940,4,-0.4705926775932312,-2.1200103759765625,0.9755500555038452,0.3602684736251831,0.0003,1746,0.0,150.0,-17.536511549999997
1748,7262,34960,4,-0.26125049591064453,-2.137211322784424,0.9881248474121094,0.1372140794992447,0.0003,1747,0.0,150.0,-17.536511549999997
1749,7261,34980,4,-0.1488654464483261,-2.1357696056365967,0.976347029209137,0.2927602231502533,0.0003,1748,0.0,150.0,-17.536511549999997
1750,7260,35000,4,0.9298422932624817,-2.1387939453125,0.9685667753219604,0.5250899195671082,0.0003,1749,0.0,150.0,-17.536511549999997
1751,7252,35020,4,-0.036652881652116776,-2.137988567352295,0.9936261773109436,0.08116018772125244,0.0003,1750,0.0,150.0,-17.536511549999997
1752,7247,35040,4,0.1120709627866745,-2.1472744941711426,0.9958255887031555,0.05929527431726456,0.0003,1751,0.0,150.0,-17.536511549999997
1753,7243,35060,4,0.39031484723091125,-2.1381030082702637,0.9972864389419556,0.07201360166072845,0.0003,1752,0.0,150.0,-17.536511549999997
1754,7242,35080,4,1.3479669094085693,-2.1417288780212402,0.9211306571960449,1.5064266920089722,0.0003,1753,0.0,150.0,-17.536511549999997
1755,7240,35100,4,0.523227870464325,-2.13862681388855,0.9810541272163391,0.35208478569984436,0.0003,1754,0.0,150.0,-17.536511549999997
1756,7237,35120,4,0.40939149260520935,-2.1431546211242676,0.9887486100196838,0.22546906769275665,0.0003,1755,0.0,150.0,-17.536511549999997
1757,7234,35140,4,-0.155698761343956,-2.1468005180358887,0.9985472559928894,0.032846108078956604,0.0003,1756,0.0,150.0,-17.536511549999997
1758,7232,35160,4,0.7213019132614136,-2.1501357555389404,0.9854426980018616,0.4710470139980316,0.0003,1757,0.0,150.0,-17.536511549999997
1759,7231,35180,4,0.11251671612262726,-2.129991054534912,0.995151162147522,0.11750276386737823,0.0003,1758,0.0,150.0,-17.536511549999997
1760,7230,35200,4,0.7798383235931396,-2.1450843811035156,0.9702759981155396,1.3916823863983154,0.0003,1759,0.0,150.0,-17.536511549999997
1761,7229,35220,4,0.021880412474274635,-2.143465518951416,0.9964560270309448,0.1505993902683258,0.0003,1760,0.0,150.0,-17.536511549999997
1762,7229,35240,4,0.37266284227371216,-2.1298606395721436,0.9936562776565552,0.3045719265937805,0.0003,1761,0.0,150.0,-17.536511549999997
1763,7229,35260,4,-0.6216819882392883,-2.114785671234131,0.9966734051704407,0.21876606345176697,0.0003,1762,0.0,150.0,-17.536511549999997
1764,7229,35280,4,-0.3329538404941559,-2.1191020011901855,0.9974047541618347,0.13666489720344543,0.0003,1763,0.0,150.0,-17.536511549999997
1765,7228,35300,4,-0.5551506280899048,-2.1340718269348145,0.9968650937080383,0.17109063267707825,0.0003,1764,0.0,150.0,-17.536511549999997
1766,7228,35320,4,-0.4993418753147125,-2.1272308826446533,0.9978634715080261,0.10291729122400284,0.0003,1765,0.0,150.0,-17.536511549999997
1767,7228,35340,4,-0.7174631357192993,-2.120495319366455,0.9934706091880798,0.25980302691459656,0.0003,1766,0.0,150.0,-17.536511549999997
1768,7228,35360,4,-0.39842501282691956,-2.1271450519561768,0.998195469379425,0.07190531492233276,0.0003,1767,0.0,150.0,-17.536511549999997
1769,7226,35380,4,-0.368578165769577,-2.139617443084717,0.9934991002082825,0.1213407889008522,0.0003,1768,0.0,150.0,-17.536511549999997
1770,7225,35400,4,-0.3592793643474579,-2.1367130279541016,0.9952264428138733,0.08696980774402618,0.0003,1769,0.01,150.0,-17.52470172
1771,7224,35420,4,2.5807573795318604,-2.1399502754211426,0.8437293767929077,6.019577980041504,0.0003,1770,0.01,150.0,-17.52470172
1772,7223,35440,4,-0.2926490902900696,-2.1415374279022217,0.6350409388542175,0.6097273230552673,0.0003,1771,0.01,150.0,-17.52470172
1773,7222,35460,4,-0.8554714322090149,-2.145111083984375,0.9379858374595642,0.2410561591386795,0.0003,1772,0.01,150.0,-17.52470172
1774,7221,35480,4,-1.1140496730804443,-2.1441073417663574,0.8184829950332642,0.5314515829086304,0.0003,1773,0.01,150.0,-17.52470172
1775,7221,35500,4,0.1588020622730255,-2.1406021118164062,0.761573076248169,0.6317297220230103,0.0003,1774,0.01,150.0,-17.52470172
1776,7221,35520,4,0.044065821915864944,-2.1485588550567627,0.9552954435348511,0.16591879725456238,0.0003,1775,0.01,150.0,-17.52470172
1777,7220,35540,4,-0.76793372631073,-2.1533658504486084,0.9308534264564514,0.4792955815792084,0.0003,1776,0.01,150.0,-17.52470172
1778,7220,35560,4,-0.8537607192993164,-2.1523232460021973,0.9429168105125427,0.4609546661376953,0.0003,1777,0.01,150.0,-17.52470172
1779,7220,35580,4,0.579413115978241,-2.1515591144561768,0.8854062557220459,0.6877573132514954,0.0003,1778,0.01,150.0,-17.52470172
1780,7219,35600,4,0.48424309492111206,-2.1603610515594482,0.9442428350448608,0.276731014251709,0.0003,1779,0.01,150.0,-17.52470172
1781,7215,35620,4,-1.0315520763397217,-2.159895420074463,0.874751627445221,1.0421020984649658,0.0003,1780,0.01,150.0,-17.52470172
1782,7212,35640,4,0.06631561368703842,-2.1586203575134277,0.8238528966903687,0.9698652029037476,0.0003,1781,0.01,150.0,-17.52470172
1783,7210,35660,4,0.09034113585948944,-2.1571624279022217,0.9223259687423706,0.5205551385879517,0.0003,1782,0.01,150.0,-17.52470172
1784,7208,35680,4,0.14356155693531036,-2.1605288982391357,0.8353779315948486,1.121941089630127,0.0003,1783,0.01,150.0,-17.52470172
1785,7207,35700,4,-0.8266841769218445,-2.1713712215423584,0.9027746319770813,0.481891393661499,0.0003,1784,0.01,150.0,-17.52470172
1786,7206,35720,4,0.036215342581272125,-2.1728007793426514,0.8525568246841431,0.21145324409008026,0.0003,1785,0.01,150.0,-17.52470172
1787,7204,35740,4,0.0035851181019097567,-2.1688590049743652,0.9304254651069641,0.059009142220020294,0.0003,1786,0.01,150.0,-17.52470172
1788,7202,35760,4,0.8055022954940796,-2.1685028076171875,0.0694577693939209,0.8068070411682129,0.0003,1787,0.01,150.0,-17.52470172
1789,7201,35780,4,-0.17305152118206024,-2.1754493713378906,0.8942273259162903,0.037941984832286835,0.0003,1788,0.01,150.0,-17.52470172
1790,7198,35800,4,-0.17547880113124847,-2.173393726348877,0.649295449256897,0.04199985787272453,0.0003,1789,0.01,150.0,-17.52470172
1791,7195,35820,4,1.3417068719863892,-2.159796953201294,0.002368748188018799,2.0963973999023438,0.0003,1790,0.01,150.0,-17.52470172
1792,7192,35840,4,0.33368006348609924,-2.1605913639068604,-1.0270869731903076,0.1456620991230011,0.0003,1791,0.01,150.0,-17.52470172
1793,7191,35860,4,-0.10890420526266098,-2.153221845626831,0.4459735155105591,0.051103394478559494,0.0003,1792,0.01,150.0,-17.52470172
1794,7191,35880,4,0.9631778597831726,-2.13139009475708,-0.11440825462341309,1.7000610828399658,0.0003,1793,0.01,150.0,-17.52470172
1795,7189,35900,4,0.25991091132164,-2.1424076557159424,0.06263405084609985,0.16811855137348175,0.0003,1794,0.01,150.0,-17.52470172
1796,7186,35920,4,-0.08144106715917587,-2.128436803817749,0.48925113677978516,0.05368941277265549,0.0003,1795,0.01,150.0,-17.52470172
1797,7184,35940,5,-0.06502187997102737,-2.1293931007385254,0.17171961069107056,0.12163922935724258,0.0003,1796,0.01,150.0,-17.52470172
1798,7182,35960,5,-0.15717291831970215,-2.12225604057312,0.20182937383651733,0.11474020779132843,0.0003,1797,0.01,150.0,-17.52470172
1799,7181,35980,5,0.5665727853775024,-2.091986894607544,0.008241117000579834,0.965056300163269,0.0003,1798,0.01,150.0,-17.52470172
1800,7179,36000,5,-0.6496396660804749,-2.093843460083008,0.31532740592956543,0.16556580364704132,0.0003,1799,0.01,150.0,-17.33074281
1801,7178,36020,5,0.2719067931175232,-2.1128461360931396,-0.0017534494400024414,0.6615467667579651,0.0003,1800,0.01,150.0,-17.33074281
1802,7178,36040,5,-0.39591336250305176,-2.119286060333252,0.9219549894332886,0.11072921752929688,0.0003,1801,0.01,150.0,-17.33074281
1803,7176,36060,5,-0.06538387387990952,-2.1249594688415527,0.9818099141120911,0.01830120012164116,0.0003,1802,0.01,150.0,-17.33074281
1804,7169,36080,5,0.1593271791934967,-2.128986358642578,0.9141260385513306,0.07623589038848877,0.0003,1803,0.01,150.0,-17.33074281
1805,7163,36100,5,-0.4313949644565582,-2.1361489295959473,0.8930156826972961,0.35549986362457275,0.0003,1804,0.01,150.0,-17.33074281
1806,7160,36120,5,0.09642888605594635,-2.1370952129364014,0.9504515528678894,0.17567813396453857,0.0003,1805,0.01,150.0,-17.33074281
1807,7152,36140,5,0.539354681968689,-2.1302196979522705,0.9367625713348389,0.4273757040500641,0.0003,1806,0.01,150.0,-17.33074281
1808,7151,36160,5,1.397608995437622,-2.1227545738220215,0.4752929210662842,3.5141029357910156,0.0003,1807,0.01,150.0,-17.33074281
1809,7132,36180,5,0.5537093877792358,-2.134380340576172,0.9330620765686035,0.3936654329299927,0.0003,1808,0.01,150.0,-17.33074281
1810,7124,36200,5,-0.9813882112503052,-2.1209912300109863,0.9625412821769714,0.47658348083496094,0.0003,1809,0.01,150.0,-17.33074281
1811,7121,36220,5,-0.04945356398820877,-2.1299021244049072,0.9705556631088257,0.16989301145076752,0.0003,1810,0.01,150.0,-17.33074281
1812,7117,36240,5,0.9401184320449829,-2.1163103580474854,0.8910443782806396,0.8590156435966492,0.0003,1811,0.01,150.0,-17.33074281
1813,7114,36260,5,0.161502867937088,-2.1211390495300293,0.8564457893371582,0.4461180567741394,0.0003,1812,0.01,150.0,-17.33074281
1814,7113,36280,5,-0.2584162652492523,-2.1140682697296143,0.8603433966636658,0.45514369010925293,0.0003,1813,0.01,150.0,-17.33074281
1815,7111,36300,5,-0.1185235008597374,-2.112067461013794,0.9768728017807007,0.10568414628505707,0.0003,1814,0.01,150.0,-17.33074281
1816,7108,36320,5,-0.6773873567581177,-2.1186885833740234,0.9759879112243652,0.1918623447418213,0.0003,1815,0.01,150.0,-17.33074281
1817,7107,36340,5,0.20984604954719543,-2.1118087768554688,0.8611487150192261,0.3765243589878082,0.0003,1816,0.01,150.0,-17.33074281
1818,7106,36360,5,0.07048747688531876,-2.1076788902282715,0.6353931427001953,0.5900958180427551,0.0003,1817,0.01,150.0,-17.33074281
1819,7106,36380,5,-0.12022968381643295,-2.118499279022217,0.8547744750976562,0.13213558495044708,0.0003,1818,0.01,150.0,-17.33074281
1820,7105,36400,5,-0.5016344785690308,-2.1197128295898438,0.8874650597572327,0.10338781028985977,0.0003,1819,0.01,150.0,-17.33074281
1821,7105,36420,5,-0.24110610783100128,-2.117905378341675,0.8166793584823608,0.06823531538248062,0.0003,1820,0.01,150.0,-17.33074281
1822,7104,36440,5,0.04939702898263931,-2.127739906311035,0.6630567312240601,0.034313734620809555,0.0003,1821,0.01,150.0,-17.33074281
1823,7103,36460,5,-0.3546221852302551,-2.080087661743164,0.7968251705169678,0.05128435045480728,0.0003,1822,0.01,150.0,-17.33074281
1824,7103,36480,5,-0.2066013514995575,-2.087937831878662,0.8232123255729675,0.021713698282837868,0.0003,1823,0.01,150.0,-17.33074281
1825,7103,36500,5,-0.12151261419057846,-2.087061643600464,0.5706491470336914,0.029202714562416077,0.0003,1824,0.01,150.0,-17.33074281
1826,7102,36520,5,-0.2379131317138672,-2.0926315784454346,0.3687480092048645,0.03945089504122734,0.0003,1825,0.01,150.0,-17.33074281
1827,7102,36540,5,-0.28450313210487366,-2.1154356002807617,0.19598132371902466,0.043506551533937454,0.0003,1826,0.01,150.0,-17.33074281
1828,7101,36560,5,-0.1830754578113556,-2.1196131706237793,0.15793746709823608,0.11105962842702866,0.0003,1827,0.01,150.0,-17.33074281
1829,7101,36580,5,-0.13022206723690033,-2.100796937942505,0.16527682542800903,0.023560624569654465,0.0003,1828,0.01,150.0,-17.33074281
1830,7099,36600,5,-0.31610220670700073,-2.1038146018981934,0.25749915838241577,0.07079650461673737,0.0003,1829,0.01,150.0,-17.249277470000003
1831,7098,36620,5,-0.20130416750907898,-2.114157199859619,0.1919105052947998,0.0740870013833046,0.0003,1830,0.01,150.0,-17.249277470000003
1832,7094,36640,5,-0.3404504358768463,-2.1453168392181396,0.978643536567688,0.03840448707342148,0.0003,1831,0.01,150.0,-17.249277470000003
1833,7093,36660,5,0.2386857271194458,-2.1424856185913086,0.6830766201019287,0.29361647367477417,0.0003,1832,0.01,150.0,-17.249277470000003
1834,7092,36680,5,0.06340786814689636,-2.146843671798706,0.9799950122833252,0.01887657679617405,0.0003,1833,0.01,150.0,-17.249277470000003
1835,7091,36700,5,-0.8425712585449219,-2.1456329822540283,0.6175767183303833,0.3926539123058319,0.0003,1834,0.01,150.0,-17.249277470000003
1836,7091,36720,5,-0.24309051036834717,-2.1505165100097656,0.8838394284248352,0.0854077860713005,0.0003,1835,0.01,150.0,-17.249277470000003
1837,7090,36740,5,-0.3465054929256439,-2.1498770713806152,0.8655057549476624,0.08583707362413406,0.0003,1836,0.01,150.0,-17.249277470000003
1838,7090,36760,5,0.1175716370344162,-2.149024486541748,0.7979080677032471,0.183345228433609,0.0003,1837,0.01,150.0,-17.249277470000003
1839,7089,36780,5,0.3680945336818695,-2.1440181732177734,0.36459457874298096,0.41542404890060425,0.0003,1838,0.01,150.0,-17.249277470000003
1840,7088,36800,5,0.07905425131320953,-2.1387009620666504,-0.4281514883041382,0.46900099515914917,0.0003,1839,0.01,150.0,-17.249277470000003
1841,7088,36820,5,0.18903815746307373,-2.1396327018737793,0.5724248886108398,0.2655828893184662,0.0003,1840,0.01,150.0,-17.249277470000003
1842,7087,36840,5,0.5897061228752136,-2.133202075958252,0.759520411491394,0.3853633403778076,0.0003,1841,0.01,150.0,-17.249277470000003
1843,7087,36860,5,0.497972309589386,-2.117335557937622,-0.49191737174987793,0.5313478708267212,0.0003,1842,0.01,150.0,-17.249277470000003
1844,7087,36880,5,1.5604984760284424,-2.124246120452881,0.6022616624832153,1.426269769668579,0.0003,1843,0.01,150.0,-17.249277470000003
1845,7086,36900,5,0.9363781809806824,-2.125344753265381,0.8045557737350464,0.7426149845123291,0.0003,1844,0.01,150.0,-17.249277470000003
1846,7085,36920,5,1.9063549041748047,-2.1095826625823975,0.40346014499664307,2.6253232955932617,0.0003,1845,0.01,150.0,-17.249277470000003
1847,7085,36940,5,-0.03276177495718002,-2.120478630065918,-0.47995007038116455,0.5723900198936462,0.0003,1846,0.01,150.0,-17.249277470000003
1848,7085,36960,5,-0.09706595540046692,-2.093925952911377,-0.10795164108276367,0.19706590473651886,0.0003,1847,0.01,150.0,-17.249277470000003
1849,7084,36980,5,1.5418977737426758,-2.0873847007751465,0.29363447427749634,1.048254370689392,0.0003,1848,0.01,150.0,-17.249277470000003
1850,7084,37000,5,2.6089091300964355,-2.079118013381958,0.10518717765808105,3.8436672687530518,0.0003,1849,0.01,150.0,-17.249277470000003
1851,7084,37020,5,0.6598589420318604,-2.095482349395752,-0.25615012645721436,0.6994316577911377,0.0003,1850,0.01,150.0,-17.249277470000003
1852,7084,37040,5,-0.004301753826439381,-2.1114273071289062,0.3429778814315796,0.25749486684799194,0.0003,1851,0.01,150.0,-17.249277470000003
1853,7084,37060,5,0.08188921213150024,-2.102858066558838,0.7591453790664673,0.09953027963638306,0.0003,1852,0.01,150.0,-17.249277470000003
1854,7083,37080,5,0.3380592465400696,-2.0823311805725098,0.24620652198791504,0.2778211236000061,0.0003,1853,0.01,150.0,-17.249277470000003
1855,7082,37100,5,1.7475168704986572,-2.06138277053833,-0.21114540100097656,2.227165460586548,0.0003,1854,0.01,150.0,-17.249277470000003
1856,7081,37120,5,1.0119107961654663,-2.049064874649048,0.14214718341827393,0.7813835740089417,0.0003,1855,0.01,150.0,-17.249277470000003
1857,7080,37140,5,1.0302436351776123,-2.064471960067749,0.34428292512893677,1.356953501701355,0.0003,1856,0.01,150.0,-17.249277470000003
1858,7079,37160,5,-0.14561843872070312,-2.038954973220825,0.841338038444519,0.05668439343571663,0.0003,1857,0.01,150.0,-17.249277470000003
1859,7078,37180,5,-0.2003912478685379,-2.0541813373565674,0.6925137639045715,0.12136796861886978,0.0003,1858,0.01,150.0,-17.249277470000003
1860,7078,37200,5,-0.23044903576374054,-2.0698182582855225,0.6047949194908142,0.08314203470945358,0.0003,1859,0.01,150.0,-16.98435641
1861,7078,37220,5,-0.6012638211250305,-2.0784213542938232,0.6171060800552368,0.15164685249328613,0.0003,1860,0.01,150.0,-16.98435641
1862,7078,37240,5,-0.20935411751270294,-2.1268577575683594,0.7784419059753418,0.13098056614398956,0.0003,1861,0.01,150.0,-16.98435641
1863,7077,37260,5,-0.18135526776313782,-2.126983165740967,0.9308559894561768,0.04291722923517227,0.0003,1862,0.01,150.0,-16.98435641
1864,7077,37280,5,-0.6748892068862915,-2.1305065155029297,0.7648889422416687,0.2566336989402771,0.0003,1863,0.01,150.0,-16.98435641
1865,7077,37300,5,0.23316554725170135,-2.1284399032592773,0.6071064472198486,0.42783308029174805,0.0003,1864,0.01,150.0,-16.98435641
1866,7077,37320,5,1.1222683191299438,-2.1274542808532715,0.7436134815216064,1.0866307020187378,0.0003,1865,0.01,150.0,-16.98435641
1867,7077,37340,5,1.2406017780303955,-2.1325762271881104,0.8330246210098267,1.2084341049194336,0.0003,1866,0.01,150.0,-16.98435641
1868,7077,37360,5,0.4853202700614929,-2.131870985031128,0.9481266736984253,0.36900487542152405,0.0003,1867,0.01,150.0,-16.98435641
1869,7076,37380,5,-0.40438970923423767,-2.134995460510254,0.9786115288734436,0.1641724407672882,0.0003,1868,0.01,150.0,-16.98435641
1870,7075,37400,5,0.9288820028305054,-2.1255602836608887,0.9029863476753235,0.6083453297615051,0.0003,1869,0.01,150.0,-16.98435641
1871,7072,37420,5,0.16445747017860413,-2.125187397003174,0.9892998933792114,0.07046351581811905,0.0003,1870,0.01,150.0,-16.98435641
1872,7070,37440,5,0.06498916447162628,-2.1095240116119385,0.8268946409225464,0.7954407334327698,0.0003,1871,0.01,150.0,-16.98435641
1873,7069,37460,5,0.3614582419395447,-2.0844004154205322,0.8571200966835022,0.8104645013809204,0.0003,1872,0.01,150.0,-16.98435641
1874,7068,37480,5,0.38791751861572266,-2.126155138015747,0.6843516826629639,1.086550235748291,0.0003,1873,0.01,150.0,-16.98435641
1875,7068,37500,5,-0.3707039952278137,-2.1339993476867676,0.9734051823616028,0.12941063940525055,0.0003,1874,0.01,150.0,-16.98435641
1876,7067,37520,5,-0.4813463091850281,-2.143071413040161,0.9955010414123535,0.060034532099962234,0.0003,1875,0.01,150.0,-16.98435641
1877,7067,37540,5,-0.13242723047733307,-2.1440441608428955,0.9772765040397644,0.07602952420711517,0.0003,1876,0.01,150.0,-16.98435641
1878,7067,37560,5,0.3768177628517151,-2.129657030105591,0.7833712100982666,0.5985458493232727,0.0003,1877,0.01,150.0,-16.98435641
1879,7067,37580,5,-0.26673072576522827,-2.134538412094116,0.976746678352356,0.0895480215549469,0.0003,1878,0.01,150.0,-16.98435641
1880,7067,37600,5,0.08066067099571228,-2.120298385620117,0.9877089262008667,0.029783764854073524,0.0003,1879,0.01,150.0,-16.98435641
1881,7066,37620,5,0.23497018218040466,-2.135958194732666,0.8130600452423096,0.29187923669815063,0.0003,1880,0.01,150.0,-16.98435641
1882,7066,37640,5,0.30103620886802673,-2.1052563190460205,0.4883508086204529,0.862596333026886,0.0003,1881,0.01,150.0,-16.98435641
1883,7066,37660,5,0.3722009062767029,-2.1011312007904053,0.28708815574645996,0.6914755702018738,0.0003,1882,0.01,150.0,-16.98435641
1884,7065,37680,5,0.556188702583313,-2.091460704803467,0.40030717849731445,0.7145605683326721,0.0003,1883,0.01,150.0,-16.98435641
1885,7065,37700,5,-0.49358242750167847,-2.085172653198242,0.9498450756072998,0.07012961804866791,0.0003,1884,0.01,150.0,-16.98435641
1886,7064,37720,5,0.13303394615650177,-2.0911567211151123,0.6677741408348083,0.23954419791698456,0.0003,1885,0.01,150.0,-16.98435641
1887,7064,37740,5,-0.45985427498817444,-2.0427322387695312,0.9218693375587463,0.08707349747419357,0.0003,1886,0.01,150.0,-16.98435641
1888,7064,37760,5,-0.25571930408477783,-2.0154552459716797,0.8360384702682495,0.07931382954120636,0.0003,1887,0.01,150.0,-16.98435641
1889,7064,37780,5,-0.23496656119823456,-2.049490213394165,0.9328275322914124,0.025758046656847,0.0003,1888,0.01,150.0,-16.98435641
1890,7063,37800,5,-0.5791818499565125,-2.044840097427368,0.4167371392250061,0.1271209418773651,0.0003,1889,0.01,150.0,-16.755632289999998
1891,7063,37820,5,-0.6063047647476196,-2.0688118934631348,0.6011828184127808,0.11364559829235077,0.0003,1890,0.01,150.0,-16.755632289999998
1892,7063,37840,5,-0.09950001537799835,-2.1208279132843018,0.8927454352378845,0.026663100346922874,0.0003,1891,0.01,150.0,-16.755632289999998
1893,7063,37860,5,-0.083296999335289,-2.1275417804718018,0.9495370388031006,0.014810541644692421,0.0003,1892,0.01,150.0,-16.755632289999998
1894,7062,37880,5,0.08323107659816742,-2.130511522293091,0.7773985266685486,0.04992689564824104,0.0003,1893,0.01,150.0,-16.755632289999998
1895,7062,37900,5,0.10685010254383087,-2.122948408126831,0.843082845211029,0.03789262846112251,0.0003,1894,0.01,150.0,-16.755632289999998
1896,7062,37920,5,-0.46123695373535156,-2.122824192047119,0.5271137356758118,0.19023390114307404,0.0003,1895,0.01,150.0,-16.755632289999998
1897,7062,37940,5,-0.4804728031158447,-2.1232032775878906,0.7279364466667175,0.25137609243392944,0.0003,1896,0.01,150.0,-16.755632289999998
1898,7062,37960,5,0.02940293587744236,-2.1301448345184326,0.9359194040298462,0.0757695883512497,0.0003,1897,0.01,150.0,-16.755632289999998
1899,7062,37980,5,0.4874505400657654,-2.1274468898773193,0.8845735788345337,0.4120369553565979,0.0003,1898,0.01,150.0,-16.755632289999998
1900,7061,38000,5,1.0916543006896973,-2.1107022762298584,0.8240987658500671,1.5258527994155884,0.0003,1899,0.01,150.0,-16.755632289999998
1901,7060,38020,5,0.5873181223869324,-2.084016799926758,0.8682078123092651,2.0969033241271973,0.0003,1900,0.01,150.0,-16.755632289999998
1902,7059,38040,5,-0.6325618028640747,-2.1127829551696777,0.9904478788375854,0.17790356278419495,0.0003,1901,0.01,150.0,-16.755632289999998
1903,7058,38060,5,0.00853565614670515,-2.1082510948181152,0.9701842665672302,0.2841276228427887,0.0003,1902,0.01,150.0,-16.755632289999998
1904,7057,38080,5,0.022452736273407936,-2.095196008682251,0.9809106588363647,0.19809086620807648,0.0003,1903,0.01,150.0,-16.755632289999998
1905,7056,38100,5,0.25834816694259644,-2.0827629566192627,0.9645666480064392,0.3616207242012024,0.0003,1904,0.01,150.0,-16.755632289999998
1906,7056,38120,5,-0.4455546736717224,-2.0756349563598633,0.9831327795982361,0.17426049709320068,0.0003,1905,0.01,150.0,-16.755632289999998
1907,7056,38140,5,-0.12148149311542511,-2.0663838386535645,0.9878597259521484,0.0838250070810318,0.0003,1906,0.01,150.0,-16.755632289999998
1908,7056,38160,5,0.5713372230529785,-2.03684401512146,0.9686316847801208,0.33539772033691406,0.0003,1907,0.01,150.0,-16.755632289999998
1909,7056,38180,5,-0.26516014337539673,-2.0336499214172363,0.9810451865196228,0.14290741086006165,0.0003,1908,0.01,150.0,-16.755632289999998
1910,7056,38200,5,0.04236926883459091,-2.038606882095337,0.915895938873291,0.3049636781215668,0.0003,1909,0.01,150.0,-16.755632289999998
1911,7056,38220,5,0.06167542189359665,-2.041889190673828,0.933873176574707,0.16246262192726135,0.0003,1910,0.01,150.0,-16.755632289999998
1912,7056,38240,5,-0.35463982820510864,-2.067488193511963,0.919354259967804,0.154835045337677,0.0003,1911,0.01,150.0,-16.755632289999998
1913,7056,38260,5,-0.3197075128555298,-2.0553030967712402,0.9309091567993164,0.14012634754180908,0.0003,1912,0.01,150.0,-16.755632289999998
1914,7055,38280,5,-0.3172226846218109,-2.065247058868408,0.8835998773574829,0.22985109686851501,0.0003,1913,0.01,150.0,-16.755632289999998
1915,7056,38300,5,-0.4359148144721985,-2.055727005004883,0.8832129240036011,0.26528120040893555,0.0003,1914,0.01,150.0,-16.755632289999998
1916,7055,38320,5,-0.404035747051239,-2.049410104751587,0.9485909342765808,0.10454411804676056,0.0003,1915,0.01,150.0,-16.755632289999998
1917,7055,38340,5,-0.5400222539901733,-2.0617144107818604,0.938438355922699,0.10743312537670135,0.0003,1916,0.01,150.0,-16.755632289999998
1918,7055,38360,5,-0.486029714345932,-2.049672842025757,0.9505384564399719,0.08622106164693832,0.0003,1917,0.01,150.0,-16.755632289999998
1919,7055,38380,5,-0.4051337242126465,-2.051118850708008,0.8858518004417419,0.11563289165496826,0.0003,1918,0.01,150.0,-16.755632289999998
1920,7055,38400,5,-0.3110737204551697,-2.0693514347076416,0.8951073288917542,0.07133956998586655,0.0003,1919,0.01,150.0,-16.79342939
1921,7055,38420,5,-0.32473593950271606,-2.068789482116699,0.9369297027587891,0.033503513783216476,0.0003,1920,0.01,150.0,-16.79342939
1922,7055,38440,5,-0.034789711236953735,-2.1371428966522217,0.9508779048919678,0.041672032326459885,0.0003,1921,0.01,150.0,-16.79342939
1923,7055,38460,5,-0.5210242867469788,-2.1440789699554443,0.8827757835388184,0.3548746109008789,0.0003,1922,0.01,150.0,-16.79342939
1924,7055,38480,5,1.5417448282241821,-2.1380131244659424,0.8318670392036438,1.559261441230774,0.0003,1923,0.01,150.0,-16.79342939
1925,7055,38500,5,-0.17769546806812286,-2.1389663219451904,0.96322101354599,0.25118812918663025,0.0003,1924,0.01,150.0,-16.79342939
1926,7055,38520,5,-0.2832333445549011,-2.129209041595459,0.9819552302360535,0.14448651671409607,0.0003,1925,0.01,150.0,-16.79342939
1927,7055,38540,5,0.7007101774215698,-2.1232240200042725,0.9548399448394775,0.36281701922416687,0.0003,1926,0.01,150.0,-16.79342939
1928,7056,38560,5,0.7711322903633118,-2.1027138233184814,0.9316309094429016,0.48310595750808716,0.0003,1927,0.01,150.0,-16.79342939
1929,7056,38580,5,-0.1541614681482315,-2.1025338172912598,0.9385231137275696,0.3951622545719147,0.0003,1928,0.01,150.0,-16.79342939
1930,7056,38600,5,0.6574662923812866,-2.0970497131347656,0.5884971618652344,1.2686575651168823,0.0003,1929,0.01,150.0,-16.79342939
1931,7056,38620,5,-0.9565269351005554,-2.093266248703003,0.95733243227005,0.42235222458839417,0.0003,1930,0.01,150.0,-16.79342939
1932,7056,38640,5,-0.43821364641189575,-2.0988569259643555,0.993446946144104,0.06622981280088425,0.0003,1931,0.01,150.0,-16.79342939
1933,7056,38660,5,0.295993447303772,-2.092628002166748,0.8639538288116455,0.37692344188690186,0.0003,1932,0.01,150.0,-16.79342939
1934,7056,38680,5,-0.051753439009189606,-2.0694680213928223,0.9847962856292725,0.03303902596235275,0.0003,1933,0.01,150.0,-16.79342939
1935,7056,38700,5,0.9130520820617676,-2.0729987621307373,0.03071385622024536,0.9622611999511719,0.0003,1934,0.01,150.0,-16.79342939
1936,7057,38720,5,1.1023176908493042,-2.0900986194610596,0.2748386859893799,1.2673299312591553,0.0003,1935,0.01,150.0,-16.79342939
1937,7057,38740,5,0.5162494778633118,-2.0851876735687256,0.5495016574859619,0.307334840297699,0.0003,1936,0.01,150.0,-16.79342939
1938,7057,38760,5,1.2532427310943604,-2.030031681060791,0.48058897256851196,1.6888660192489624,0.0003,1937,0.01,150.0,-16.79342939
1939,7057,38780,5,0.15998007357120514,-1.9987586736679077,0.8805478811264038,0.23949582874774933,0.0003,1938,0.01,150.0,-16.79342939
1940,7058,38800,5,-0.22091665863990784,-2.056522846221924,0.7316733002662659,0.4083450734615326,0.0003,1939,0.01,150.0,-16.79342939
1941,7057,38820,5,-0.53043133020401,-2.0230722427368164,0.9617927074432373,0.10375364124774933,0.0003,1940,0.01,150.0,-16.79342939
1942,7057,38840,5,-0.5252567529678345,-1.9970585107803345,0.6453254222869873,0.24081578850746155,0.0003,1941,0.01,150.0,-16.79342939
1943,7057,38860,5,-0.39535534381866455,-2.021049976348877,0.9167239665985107,0.06924168765544891,0.0003,1942,0.01,150.0,-16.79342939
1944,7057,38880,5,-0.4913185238838196,-2.018645763397217,0.7531771659851074,0.12171957641839981,0.0003,1943,0.01,150.0,-16.79342939
1945,7057,38900,5,-0.2857595980167389,-2.030635356903076,0.7147083282470703,0.15173888206481934,0.0003,1944,0.01,150.0,-16.79342939
1946,7057,38920,5,-0.44289207458496094,-2.015018939971924,0.6817256808280945,0.16353222727775574,0.0003,1945,0.01,150.0,-16.79342939
1947,7058,38940,5,-0.39421090483665466,-2.0253562927246094,0.7069664001464844,0.117528535425663,0.0003,1946,0.01,150.0,-16.79342939
1948,7058,38960,5,-0.517744243144989,-2.0317718982696533,0.4588050842285156,0.1511150598526001,0.0003,1947,0.01,150.0,-16.79342939
1949,7058,38980,5,-0.2837129235267639,-2.0137500762939453,0.5085607767105103,0.1273982971906662,0.0003,1948,0.01,150.0,-16.79342939
1950,7058,39000,5,-0.019698137417435646,-2.008470296859741,0.32479047775268555,0.5137357115745544,0.0003,1949,0.01,150.0,-16.5035206
1951,7058,39020,5,0.1578080952167511,-1.9944202899932861,0.6128374338150024,0.11021864414215088,0.0003,1950,0.01,150.0,-16.5035206
1952,7058,39040,5,0.13759469985961914,-2.1199145317077637,0.9230034351348877,0.0640813484787941,0.0003,1951,0.01,150.0,-16.5035206
1953,7059,39060,5,0.4050733149051666,-2.122570753097534,0.812035858631134,0.23918595910072327,0.0003,1952,0.01,150.0,-16.5035206
1954,7059,39080,5,-0.0698670968413353,-2.1120824813842773,0.49752694368362427,0.5010673999786377,0.0003,1953,0.01,150.0,-16.5035206
1955,7059,39100,5,-0.475515753030777,-2.0742104053497314,0.7482491731643677,0.4347766935825348,0.0003,1954,0.01,150.0,-16.5035206
1956,7059,39120,5,0.36005350947380066,-2.0834715366363525,0.6626466512680054,0.36165398359298706,0.0003,1955,0.01,150.0,-16.5035206
1957,7059,39140,5,0.28069213032722473,-2.0793228149414062,0.6416409015655518,1.279517412185669,0.0003,1956,0.01,150.0,-16.5035206
1958,7059,39160,5,0.13543745875358582,-2.095911741256714,0.8605768084526062,0.7923142910003662,0.0003,1957,0.01,150.0,-16.5035206
1959,7060,39180,5,-0.7171189188957214,-2.0906333923339844,0.9575688242912292,0.3239854574203491,0.0003,1958,0.01,150.0,-16.5035206
1960,7060,39200,5,0.8126980066299438,-2.0602214336395264,0.8596081137657166,1.3888428211212158,0.0003,1959,0.01,150.0,-16.5035206
1961,7060,39220,5,-0.2671751081943512,-2.0648348331451416,0.9519944787025452,0.507449746131897,0.0003,1960,0.01,150.0,-16.5035206
1962,7060,39240,5,0.1935529261827469,-2.092349052429199,0.9496287107467651,0.499000608921051,0.0003,1961,0.01,150.0,-16.5035206
1963,7060,39260,5,-1.0056078433990479,-2.0942351818084717,0.9803155660629272,0.35188591480255127,0.0003,1962,0.01,150.0,-16.5035206
1964,7060,39280,5,-0.06515117734670639,-2.095724582672119,0.9944801330566406,0.034479834139347076,0.0003,1963,0.01,150.0,-16.5035206
1965,7061,39300,5,-0.16959896683692932,-2.1036574840545654,0.985584020614624,0.062407124787569046,0.0003,1964,0.01,150.0,-16.5035206
1966,7061,39320,5,0.15354663133621216,-2.102078914642334,0.9634410738945007,0.1396571844816208,0.0003,1965,0.01,150.0,-16.5035206
1967,7061,39340,5,-0.39552831649780273,-2.0973169803619385,0.9473803639411926,0.2169029414653778,0.0003,1966,0.01,150.0,-16.5035206
1968,7061,39360,5,0.07691346108913422,-2.0837485790252686,0.8800060749053955,0.23240630328655243,0.0003,1967,0.01,150.0,-16.5035206
1969,7061,39380,5,0.818058967590332,-2.0843591690063477,0.5618257522583008,0.6365571618080139,0.0003,1968,0.01,150.0,-16.5035206
1970,7062,39400,5,0.47988182306289673,-2.0637221336364746,0.18936485052108765,0.6950145959854126,0.0003,1969,0.01,150.0,-16.5035206
1971,7062,39420,5,0.5377303957939148,-2.0778555870056152,0.6524951457977295,0.1855269968509674,0.0003,1970,0.01,150.0,-16.5035206
1972,7062,39440,5,0.3656991124153137,-2.086425304412842,0.6561142206192017,0.14435943961143494,0.0003,1971,0.01,150.0,-16.5035206
1973,7063,39460,5,-0.09463318437337875,-2.1032004356384277,0.7253535389900208,0.10879933834075928,0.0003,1972,0.01,150.0,-16.5035206
1974,7063,39480,5,0.06335931271314621,-2.1203575134277344,0.6888957619667053,0.12285201251506805,0.0003,1973,0.01,150.0,-16.5035206
1975,7063,39500,5,0.19091814756393433,-2.1382102966308594,0.6740707159042358,0.12010575830936432,0.0003,1974,0.01,150.0,-16.5035206
1976,7063,39520,5,0.025336047634482384,-2.1384785175323486,0.7815464735031128,0.08170136064291,0.0003,1975,0.01,150.0,-16.5035206
1977,7063,39540,5,-0.03712353855371475,-2.1516964435577393,0.8354126811027527,0.08447632938623428,0.0003,1976,0.01,150.0,-16.5035206
1978,7064,39560,5,0.10124609619379044,-2.155813217163086,0.8447224497795105,0.09196752309799194,0.0003,1977,0.01,150.0,-16.5035206
1979,7064,39580,5,-0.0931512713432312,-2.1496379375457764,0.8841109871864319,0.07036490738391876,0.0003,1978,0.01,150.0,-16.5035206
1980,7064,39600,5,-0.03227607160806656,-2.144075632095337,0.8784151673316956,0.07683155685663223,0.0003,1979,0.01,150.0,-16.28056513
1981,7064,39620,5,-0.057260267436504364,-2.141655683517456,0.9158582091331482,0.0629417896270752,0.0003,1980,0.01,150.0,-16.28056513
1982,7064,39640,5,-0.13425467908382416,-2.1172842979431152,0.8630151152610779,0.03870796039700508,0.0003,1981,0.01,150.0,-16.28056513
1983,7064,39660,5,0.7542222738265991,-2.12050461769104,0.7916813492774963,0.29306453466415405,0.0003,1982,0.01,150.0,-16.28056513
1984,7064,39680,5,-0.22540950775146484,-2.1310040950775146,0.7374210357666016,0.22025947272777557,0.0003,1983,0.01,150.0,-16.28056513
1985,7063,39700,5,-0.19076699018478394,-2.140777111053467,0.6516233682632446,0.2057674378156662,0.0003,1984,0.01,150.0,-16.28056513
1986,7063,39720,5,0.2946857810020447,-2.1469357013702393,0.8201780319213867,0.17754317820072174,0.0003,1985,0.01,150.0,-16.28056513
1987,7063,39740,5,0.11484070122241974,-2.150355577468872,-0.2660876512527466,0.41784945130348206,0.0003,1986,0.01,150.0,-16.28056513
1988,7063,39760,5,-0.3124363422393799,-2.1557233333587646,0.8826237916946411,0.08899037539958954,0.0003,1987,0.01,150.0,-16.28056513
1989,7062,39780,5,-0.23973111808300018,-2.1569933891296387,0.7270187139511108,0.1328974813222885,0.0003,1988,0.01,150.0,-16.28056513
1990,7062,39800,5,-0.04764293506741524,-2.159785509109497,0.6489046812057495,0.5095378160476685,0.0003,1989,0.01,150.0,-16.28056513
1991,7063,39820,5,-0.4645441174507141,-2.160787582397461,0.9191619753837585,0.15233862400054932,0.0003,1990,0.01,150.0,-16.28056513
1992,7062,39840,5,0.053102463483810425,-2.165588140487671,0.6482539176940918,0.16080304980278015,0.0003,1991,0.01,150.0,-16.28056513
1993,7062,39860,5,0.6072880625724792,-2.164842128753662,0.6808269023895264,1.0458667278289795,0.0003,1992,0.01,150.0,-16.28056513
1994,7062,39880,5,0.1102897897362709,-2.1688199043273926,0.9676034450531006,0.04308281093835831,0.0003,1993,0.01,150.0,-16.28056513
1995,7062,39900,5,-0.6258584856987,-2.1719555854797363,0.9010587334632874,0.15723101794719696,0.0003,1994,0.01,150.0,-16.28056513
1996,7062,39920,5,0.9883285760879517,-2.173081398010254,0.701390266418457,0.8736932873725891,0.0003,1995,0.01,150.0,-16.28056513
1997,7062,39940,5,0.3758782744407654,-2.1773324012756348,0.9187321066856384,0.12211036682128906,0.0003,1996,0.01,150.0,-16.28056513
1998,7062,39960,5,-0.12276215851306915,-2.1816697120666504,0.9439901113510132,0.047375358641147614,0.0003,1997,0.01,150.0,-16.28056513
1999,7062,39980,5,1.2328004837036133,-2.17279314994812,0.6260629296302795,0.786888599395752,0.0003,1998,0.01,150.0,-16.28056513
2000,7062,40000,5,0.4901237487792969,-2.176914691925049,0.5366162061691284,0.4282993674278259,0.0003,1999,0.01,150.0,-16.28056513
2001,7062,40020,5,0.22089150547981262,-2.1799659729003906,0.4504414200782776,0.18310478329658508,0.0003,2000,0.01,150.0,-16.28056513
2002,7063,40040,5,0.9341638684272766,-2.1723437309265137,-0.06799197196960449,0.8063398599624634,0.0003,2001,0.01,150.0,-16.28056513
2003,7063,40060,5,1.7279331684112549,-2.165544033050537,-1.7115519046783447,1.1720168590545654,0.0003,2002,0.01,150.0,-16.28056513
2004,7063,40080,5,0.5845254063606262,-2.1602962017059326,0.20523405075073242,0.8348855972290039,0.0003,2003,0.01,150.0,-16.28056513
2005,7063,40100,5,0.9710561037063599,-2.1608333587646484,-0.11736536026000977,0.8489343523979187,0.0003,2004,0.01,150.0,-16.28056513
2006,7063,40120,5,-0.024912793189287186,-2.1622719764709473,-0.4998636245727539,0.12101640552282333,0.0003,2005,0.01,150.0,-16.28056513
2007,7063,40140,5,1.0696594715118408,-2.133122682571411,-0.34743332862854004,1.5358622074127197,0.0003,2006,0.01,150.0,-16.28056513
2008,7063,40160,5,0.936514675617218,-2.1205244064331055,-0.07621681690216064,1.2240734100341797,0.0003,2007,0.01,150.0,-16.28056513
2009,7064,40180,5,1.6768512725830078,-2.128110408782959,0.14517700672149658,1.7782981395721436,0.0003,2008,0.01,150.0,-16.28056513
2010,7063,40200,5,-0.4764133095741272,-2.1398773193359375,0.4444258213043213,0.21933624148368835,0.0003,2009,0.01,150.0,-15.612617430000002
2011,7064,40220,5,0.026854729279875755,-2.113447904586792,0.5005056858062744,0.5974918007850647,0.0003,2010,0.01,150.0,-15.612617430000002
2012,7064,40240,5,-0.5638741254806519,-2.1206138134002686,0.9108173251152039,0.22153234481811523,0.0003,2011,0.01,150.0,-15.612617430000002
2013,7064,40260,5,-0.1994328498840332,-2.1238443851470947,0.8996779918670654,0.25451159477233887,0.0003,2012,0.01,150.0,-15.612617430000002
2014,7064,40280,5,0.20002007484436035,-2.1163277626037598,0.622207522392273,0.6104299426078796,0.0003,2013,0.01,150.0,-15.612617430000002
2015,7065,40300,5,-0.07899855077266693,-2.1131138801574707,0.8275511860847473,0.4302406311035156,0.0003,2014,0.01,150.0,-15.612617430000002
2016,7065,40320,5,0.31197237968444824,-2.1168174743652344,0.9241005182266235,0.2351512461900711,0.0003,2015,0.01,150.0,-15.612617430000002
2017,7065,40340,5,-1.0553622245788574,-2.1081786155700684,0.8091037273406982,0.5719349980354309,0.0003,2016,0.01,150.0,-15.612617430000002
2018,7065,40360,5,-0.12051359564065933,-2.115417957305908,0.8155357241630554,0.2138126641511917,0.0003,2017,0.01,150.0,-15.612617430000002
2019,7066,40380,5,0.8670204877853394,-2.0778160095214844,0.6028107404708862,1.6304374933242798,0.0003,2018,0.01,150.0,-15.612617430000002
2020,7065,40400,5,-0.3524440824985504,-2.0929760932922363,0.935555100440979,0.12436430156230927,0.0003,2019,0.01,150.0,-15.612617430000002
2021,7066,40420,5,0.18653720617294312,-2.095803737640381,0.8768945932388306,0.3826870322227478,0.0003,2020,0.01,150.0,-15.612617430000002
2022,7065,40440,5,-1.2527631521224976,-2.121488094329834,0.9347836375236511,0.4634644389152527,0.0003,2021,0.01,150.0,-15.612617430000002
2023,7065,40460,5,-0.09409035742282867,-2.1231818199157715,0.906106173992157,0.3400271534919739,0.0003,2022,0.01,150.0,-15.612617430000002
2024,7065,40480,5,1.1854536533355713,-2.1059231758117676,0.8337370157241821,1.6913564205169678,0.0003,2023,0.01,150.0,-15.612617430000002
2025,7065,40500,5,-0.4670482575893402,-2.1277108192443848,0.9601269960403442,0.31484201550483704,0.0003,2024,0.01,150.0,-15.612617430000002
2026,7065,40520,5,-0.3515409231185913,-2.110424041748047,0.9871369004249573,0.12507811188697815,0.0003,2025,0.01,150.0,-15.612617430000002
2027,7065,40540,5,-0.7737425565719604,-2.1261727809906006,0.9859841465950012,0.18841129541397095,0.0003,2026,0.01,150.0,-15.612617430000002
2028,7065,40560,5,-0.23964591324329376,-2.1281790733337402,0.9777112007141113,0.11253638565540314,0.0003,2027,0.01,150.0,-15.612617430000002
2029,7065,40580,5,0.16417917609214783,-2.1202738285064697,0.9467197060585022,0.3326229155063629,0.0003,2028,0.01,150.0,-15.612617430000002
2030,7065,40600,5,-0.7231672406196594,-2.0884182453155518,0.9683950543403625,0.23160913586616516,0.0003,2029,0.01,150.0,-15.612617430000002
2031,7066,40620,5,-0.5714946389198303,-2.0956332683563232,0.9802389144897461,0.0933450311422348,0.0003,2030,0.01,150.0,-15.612617430000002
2032,7066,40640,5,-0.41294702887535095,-2.098517656326294,0.8727962970733643,0.09813407063484192,0.0003,2031,0.01,150.0,-15.612617430000002
2033,7066,40660,5,-0.7471070289611816,-2.1160364151000977,0.2508352994918823,0.2268337458372116,0.0003,2032,0.01,150.0,-15.612617430000002
2034,7066,40680,5,-0.5192037224769592,-2.121889114379883,0.7535383701324463,0.09328748285770416,0.0003,2033,0.01,150.0,-15.612617430000002
2035,7066,40700,5,0.08196121454238892,-2.0961623191833496,-0.17222237586975098,0.3264835774898529,0.0003,2034,0.01,150.0,-15.612617430000002
2036,7067,40720,5,-0.14275291562080383,-2.0701904296875,0.45195716619491577,0.11715149879455566,0.0003,2035,0.01,150.0,-15.612617430000002
2037,7067,40740,5,-0.685921847820282,-2.063847780227661,0.31059443950653076,0.20639829337596893,0.0003,2036,0.01,150.0,-15.612617430000002
2038,7067,40760,5,-0.3044200539588928,-2.098461151123047,-0.08521342277526855,0.32218411564826965,0.0003,2037,0.01,150.0,-15.612617430000002
2039,7067,40780,5,-0.4459800124168396,-2.0670692920684814,-0.08753538131713867,0.2516806125640869,0.0003,2038,0.01,150.0,-15.612617430000002
2040,7067,40800,5,-0.4914480745792389,-2.074878692626953,0.025364995002746582,0.14614759385585785,0.0003,2039,0.01,150.0,-15.45201207
2041,7067,40820,5,-0.5458744168281555,-2.0858616828918457,0.03344935178756714,0.13321904838085175,0.0003,2040,0.01,150.0,-15.45201207
2042,7067,40840,5,0.021407371386885643,-2.0992558002471924,0.9110395312309265,0.04787582531571388,0.0003,2041,0.01,150.0,-15.45201207
2043,7067,40860,5,0.46719425916671753,-2.098661422729492,0.7987918853759766,0.3186113238334656,0.0003,2042,0.01,150.0,-15.45201207
2044,7067,40880,5,-0.2665400207042694,-2.0982272624969482,0.933829128742218,0.1529625952243805,0.0003,2043,0.01,150.0,-15.45201207
2045,7068,40900,5,0.4405039846897125,-2.1079115867614746,0.8908758163452148,0.2871071696281433,0.0003,2044,0.01,150.0,-15.45201207
2046,7068,40920,5,0.15794916450977325,-2.1075026988983154,0.8769527673721313,0.2241576611995697,0.0003,2045,0.01,150.0,-15.45201207
2047,7068,40940,5,-0.0350458100438118,-2.1085972785949707,0.9797914624214172,0.05212123319506645,0.0003,2046,0.01,150.0,-15.45201207
2048,7068,40960,5,-0.32766661047935486,-2.0976858139038086,0.9360958337783813,0.3416164517402649,0.0003,2047,0.01,150.0,-15.45201207
2049,7068,40980,5,-0.030628258362412453,-2.0925259590148926,0.9663762450218201,0.21923048794269562,0.0003,2048,0.01,150.0,-15.45201207
2050,7069,41000,5,-0.1750403195619583,-2.079441547393799,0.9904796481132507,0.07144598662853241,0.0003,2049,0.01,150.0,-15.45201207
2051,7069,41020,5,-0.2709089517593384,-2.0937228202819824,0.9892308712005615,0.08096200227737427,0.0003,2050,0.01,150.0,-15.45201207
2052,7069,41040,5,-0.44836339354515076,-2.101773500442505,0.9621387124061584,0.21691611409187317,0.0003,2051,0.01,150.0,-15.45201207
2053,7069,41060,5,1.05692458152771,-2.0743396282196045,-0.0028957128524780273,1.6001718044281006,0.0003,2052,0.01,150.0,-15.45201207
2054,7069,41080,5,0.1171773225069046,-2.0757060050964355,0.6037260293960571,0.5281926393508911,0.0003,2053,0.01,150.0,-15.45201207
2055,7069,41100,5,-0.6092631220817566,-2.0848641395568848,0.9638493657112122,0.1349455714225769,0.0003,2054,0.01,150.0,-15.45201207
2056,7069,41120,5,0.0672881156206131,-2.0822231769561768,0.881783127784729,0.14144828915596008,0.0003,2055,0.01,150.0,-15.45201207
2057,7069,41140,5,-0.04054446890950203,-2.0707573890686035,0.9385729432106018,0.07598888874053955,0.0003,2056,0.01,150.0,-15.45201207
2058,7069,41160,5,-0.5637966394424438,-2.1199984550476074,0.8796623945236206,0.17794658243656158,0.0003,2057,0.01,150.0,-15.45201207
2059,7069,41180,5,-0.06814791262149811,-2.1157174110412598,0.8857526779174805,0.19599661231040955,0.0003,2058,0.01,150.0,-15.45201207
2060,7069,41200,5,-0.0793888121843338,-2.050940752029419,0.9492065906524658,0.11592423915863037,0.0003,2059,0.01,150.0,-15.45201207
2061,7068,41220,5,-0.17450843751430511,-2.04997181892395,0.7402386665344238,0.2587525546550751,0.0003,2060,0.01,150.0,-15.45201207
2062,7068,41240,5,-0.18589535355567932,-2.0991828441619873,0.9708103537559509,0.030347507447004318,0.0003,2061,0.01,150.0,-15.45201207
2063,7068,41260,5,-0.3484247028827667,-2.1096320152282715,0.9054109454154968,0.11166143417358398,0.0003,2062,0.01,150.0,-15.45201207
2064,7068,41280,5,0.2290799617767334,-2.0711629390716553,0.8084794282913208,0.4922935366630554,0.0003,2063,0.01,150.0,-15.45201207
2065,7068,41300,5,-0.3794509768486023,-2.039062738418579,0.9674897193908691,0.10414974391460419,0.0003,2064,0.01,150.0,-15.45201207
2066,7069,41320,5,-0.37006863951683044,-2.066471576690674,0.7978107333183289,0.2509821057319641,0.0003,2065,0.01,150.0,-15.45201207
2067,7069,41340,5,-0.12591563165187836,-2.071861982345581,0.8459280729293823,0.10417989641427994,0.0003,2066,0.01,150.0,-15.45201207
2068,7069,41360,5,-0.6059077978134155,-2.068688154220581,0.9263415932655334,0.10425581783056259,0.0003,2067,0.01,150.0,-15.45201207
2069,7069,41380,5,-0.5062617659568787,-2.076017141342163,0.8855574131011963,0.0885150283575058,0.0003,2068,0.01,150.0,-15.45201207
2070,7069,41400,5,-0.41918936371803284,-2.066253423690796,0.8351503610610962,0.06951188296079636,0.0003,2069,0.01,150.0,-15.495391300000001
2071,7069,41420,5,-0.4038321077823639,-2.047227382659912,0.6869879961013794,0.06645562499761581,0.0003,2070,0.01,150.0,-15.495391300000001
2072,7069,41440,5,0.21624211966991425,-2.118542194366455,0.847644567489624,0.06575888395309448,0.0003,2071,0.01,150.0,-15.495391300000001
2073,7069,41460,5,-0.1098613366484642,-2.1129279136657715,0.7697848677635193,0.18932156264781952,0.0003,2072,0.01,150.0,-15.495391300000001
2074,7069,41480,5,0.27349168062210083,-2.1154704093933105,0.7824453115463257,0.5224812626838684,0.0003,2073,0.01,150.0,-15.495391300000001
2075,7069,41500,5,-0.30819398164749146,-2.1078579425811768,0.8051517605781555,0.2738528549671173,0.0003,2074,0.01,150.0,-15.495391300000001
2076,7069,41520,5,-0.36790433526039124,-2.1103873252868652,0.9379388689994812,0.1412242203950882,0.0003,2075,0.01,150.0,-15.495391300000001
2077,7069,41540,5,1.0009464025497437,-2.107349395751953,0.8221033811569214,1.2068865299224854,0.0003,2076,0.01,150.0,-15.495391300000001
2078,7069,41560,5,-0.41234248876571655,-2.0817959308624268,0.9305276274681091,0.4191194474697113,0.0003,2077,0.01,150.0,-15.495391300000001
2079,7069,41580,5,0.1745951771736145,-2.097841262817383,0.9839210510253906,0.09615600109100342,0.0003,2078,0.01,150.0,-15.495391300000001
2080,7070,41600,5,0.5929218530654907,-2.087667226791382,0.931673526763916,0.7757992148399353,0.0003,2079,0.01,150.0,-15.495391300000001
2081,7070,41620,5,1.0683562755584717,-2.071225643157959,0.8696533441543579,1.7225736379623413,0.0003,2080,0.01,150.0,-15.495391300000001
2082,7070,41640,5,0.7722190022468567,-2.101393699645996,0.9448872208595276,0.5865072011947632,0.0003,2081,0.01,150.0,-15.495391300000001
2083,7070,41660,5,0.03139243274927139,-2.1047568321228027,0.9505897760391235,0.45012030005455017,0.0003,2082,0.01,150.0,-15.495391300000001
2084,7070,41680,5,-0.1280352771282196,-2.100792646408081,0.8621376156806946,1.1507110595703125,0.0003,2083,0.01,150.0,-15.495391300000001
2085,7070,41700,5,1.1998302936553955,-2.1006484031677246,0.8900027275085449,2.0518622398376465,0.0003,2084,0.01,150.0,-15.495391300000001
2086,7071,41720,5,0.15282031893730164,-2.1022541522979736,0.9787813425064087,0.3322492241859436,0.0003,2085,0.01,150.0,-15.495391300000001
2087,7071,41740,5,-0.06668327748775482,-2.0864405632019043,0.9949594736099243,0.08501318842172623,0.0003,2086,0.01,150.0,-15.495391300000001
2088,7071,41760,5,-0.4502868056297302,-2.0941057205200195,0.9884354472160339,0.21204766631126404,0.0003,2087,0.01,150.0,-15.495391300000001
2089,7071,41780,5,0.15029701590538025,-2.083354949951172,0.9628402590751648,0.7234733700752258,0.0003,2088,0.01,150.0,-15.495391300000001
2090,7071,41800,5,0.1963626891374588,-2.0520081520080566,0.9922377467155457,0.15269212424755096,0.0003,2089,0.01,150.0,-15.495391300000001
2091,7071,41820,5,0.45420846343040466,-2.0400383472442627,0.9695130586624146,0.7827872037887573,0.0003,2090,0.01,150.0,-15.495391300000001
2092,7072,41840,5,-0.5211052894592285,-2.029573917388916,0.9919646382331848,0.2569343149662018,0.0003,2091,0.01,150.0,-15.495391300000001
2093,7072,41860,5,-0.7513957023620605,-2.022390842437744,0.9975498914718628,0.16191548109054565,0.0003,2092,0.01,150.0,-15.495391300000001
2094,7072,41880,5,-0.6299619078636169,-2.020321846008301,0.9940576553344727,0.1955481916666031,0.0003,2093,0.01,150.0,-15.495391300000001
2095,7072,41900,5,-0.4723678529262543,-2.017500638961792,0.9933837056159973,0.13192470371723175,0.0003,2094,0.01,150.0,-15.495391300000001
2096,7072,41920,5,-0.9786831140518188,-2.027881145477295,0.9926944375038147,0.32574477791786194,0.0003,2095,0.01,150.0,-15.495391300000001
2097,7072,41940,5,-0.47113505005836487,-2.0310492515563965,0.9855217337608337,0.18943428993225098,0.0003,2096,0.01,150.0,-15.495391300000001
2098,7073,41960,5,-0.9224343299865723,-2.0340123176574707,0.9811188578605652,0.3041999042034149,0.0003,2097,0.01,150.0,-15.495391300000001
2099,7073,41980,5,0.032586049288511276,-2.0209591388702393,0.9776298999786377,0.17965653538703918,0.0003,2098,0.01,150.0,-15.495391300000001
2100,7073,42000,5,-0.818520724773407,-2.006998062133789,0.9813284277915955,0.2691030502319336,0.0003,2099,0.01,150.0,-15.412371590000005
2101,7073,42020,5,-0.3378565311431885,-2.0190892219543457,0.9684703350067139,0.2043069303035736,0.0003,2100,0.01,150.0,-15.412371590000005
2102,7072,42040,5,0.3761412799358368,-2.1099648475646973,0.39988893270492554,0.11261612176895142,0.0003,2101,0.01,150.0,-15.412371590000005
2103,7073,42060,5,0.503690242767334,-2.112593650817871,0.3110359311103821,0.22582480311393738,0.0003,2102,0.01,150.0,-15.412371590000005
2104,7073,42080,5,-0.024098074063658714,-2.1159234046936035,0.871188223361969,0.0850997120141983,0.0003,2103,0.01,150.0,-15.412371590000005
2105,7072,42100,5,0.23796384036540985,-2.111922025680542,0.9536240100860596,0.03754276782274246,0.0003,2104,0.01,150.0,-15.412371590000005
2106,7072,42120,5,-0.046847760677337646,-2.113542079925537,0.8246373534202576,0.342624306678772,0.0003,2105,0.01,150.0,-15.412371590000005
2107,7072,42140,5,1.3367646932601929,-2.090331554412842,0.5050069093704224,1.518495798110962,0.0003,2106,0.01,150.0,-15.412371590000005
2108,7072,42160,5,1.058729648590088,-2.1038615703582764,0.9065036177635193,0.44713932275772095,0.0003,2107,0.01,150.0,-15.412371590000005
2109,7072,42180,5,0.7721120715141296,-2.1024067401885986,0.9336439371109009,0.23726215958595276,0.0003,2108,0.01,150.0,-15.412371590000005
2110,7073,42200,5,0.45979684591293335,-2.1021740436553955,0.9459726810455322,0.17024168372154236,0.0003,2109,0.01,150.0,-15.412371590000005
2111,7073,42220,5,-0.847763180732727,-2.0921225547790527,0.8277668356895447,0.4238227903842926,0.0003,2110,0.01,150.0,-15.412371590000005
2112,7073,42240,5,0.22733421623706818,-2.1105692386627197,0.9595834612846375,0.08667609840631485,0.0003,2111,0.01,150.0,-15.412371590000005
2113,7073,42260,5,-0.08642318099737167,-2.1111834049224854,0.9447939395904541,0.21227672696113586,0.0003,2112,0.01,150.0,-15.412371590000005
2114,7072,42280,5,-0.6654081344604492,-2.124840259552002,0.9716026186943054,0.24657626450061798,0.0003,2113,0.01,150.0,-15.412371590000005
2115,7072,42300,5,-0.5553714036941528,-2.1289801597595215,0.9847990870475769,0.13010035455226898,0.0003,2114,0.01,150.0,-15.412371590000005
2116,7072,42320,5,0.0831361785531044,-2.132718563079834,0.4128735661506653,1.0886220932006836,0.0003,2115,0.01,150.0,-15.412371590000005
2117,7072,42340,5,-1.3408071994781494,-2.1204841136932373,0.8843449354171753,0.6165609359741211,0.0003,2116,0.01,150.0,-15.412371590000005
2118,7072,42360,5,-0.3397448658943176,-2.1308069229125977,0.6390966176986694,0.7695790529251099,0.0003,2117,0.01,150.0,-15.412371590000005
2119,7072,42380,5,-0.5869690775871277,-2.107172966003418,0.7954761981964111,0.5575240850448608,0.0003,2118,0.01,150.0,-15.412371590000005
2120,7071,42400,5,-0.7902349233627319,-2.116816282272339,0.9546200037002563,0.23305702209472656,0.0003,2119,0.01,150.0,-15.412371590000005
2121,7071,42420,5,-0.12882928550243378,-2.115729808807373,0.931525707244873,0.15777640044689178,0.0003,2120,0.01,150.0,-15.412371590000005
2122,7071,42440,6,-0.6166136860847473,-2.080711841583252,0.9621875882148743,0.20134420692920685,0.0003,2121,0.01,150.0,-15.412371590000005
2123,7072,42460,6,-0.8799270391464233,-2.100898027420044,0.9526842832565308,0.2546282410621643,0.0003,2122,0.01,150.0,-15.412371590000005
2124,7071,42480,6,-0.41756343841552734,-2.1109378337860107,0.9524655342102051,0.09705933183431625,0.0003,2123,0.01,150.0,-15.412371590000005
2125,7072,42500,6,-0.2576529383659363,-2.1316921710968018,0.9662593603134155,0.062379829585552216,0.0003,2124,0.01,150.0,-15.412371590000005
2126,7071,42520,6,0.2691935896873474,-2.1211633682250977,0.8460272550582886,0.25605303049087524,0.0003,2125,0.01,150.0,-15.412371590000005
2127,7071,42540,6,-0.08962775021791458,-2.0964443683624268,0.9367801547050476,0.12802426517009735,0.0003,2126,0.01,150.0,-15.412371590000005
2128,7071,42560,6,-0.11962650716304779,-2.1222872734069824,0.9802349209785461,0.040741145610809326,0.0003,2127,0.01,150.0,-15.412371590000005
2129,7071,42580,6,0.009932530112564564,-2.112919807434082,0.9753742814064026,0.041999757289886475,0.0003,2128,0.01,150.0,-15.412371590000005
2130,7070,42600,6,-0.3787413537502289,-2.109621047973633,0.9809478521347046,0.06352884322404861,0.0003,2129,0.01,150.0,-15.025522400000002
2131,7070,42620,6,-0.43638840317726135,-2.1178994178771973,0.9685236811637878,0.09274765849113464,0.0003,2130,0.01,150.0,-15.025522400000002
2132,7070,42640,6,-0.5480513572692871,-2.0911054611206055,0.832505464553833,0.19464313983917236,0.0003,2131,0.01,150.0,-15.025522400000002
2133,7070,42660,6,-0.04028797894716263,-2.0976929664611816,0.9241732358932495,0.09614263474941254,0.0003,2132,0.01,150.0,-15.025522400000002
2134,7070,42680,6,-0.06885658204555511,-2.0993523597717285,0.9305469393730164,0.13964995741844177,0.0003,2133,0.01,150.0,-15.025522400000002
2135,7070,42700,6,0.1351349800825119,-2.107555627822876,0.872233510017395,0.3111504912376404,0.0003,2134,0.01,150.0,-15.025522400000002
2136,7071,42720,6,-0.056818652898073196,-2.109877824783325,0.9326536059379578,0.28680700063705444,0.0003,2135,0.01,150.0,-15.025522400000002
2137,7071,42740,6,1.2509682178497314,-2.121000289916992,0.8512824773788452,1.02603018283844,0.0003,2136,0.01,150.0,-15.025522400000002
2138,7071,42760,6,0.1314377337694168,-2.1101505756378174,0.9069445729255676,0.5606488585472107,0.0003,2137,0.01,150.0,-15.025522400000002
2139,7071,42780,6,0.3108139634132385,-2.1026885509490967,0.9381694793701172,0.4126787781715393,0.0003,2138,0.01,150.0,-15.025522400000002
2140,7070,42800,6,0.009854817762970924,-2.101539134979248,0.9069312214851379,0.5146434903144836,0.0003,2139,0.01,150.0,-15.025522400000002
2141,7070,42820,6,-1.4922583103179932,-2.1130595207214355,0.9496177434921265,0.6548883318901062,0.0003,2140,0.01,150.0,-15.025522400000002
2142,7069,42840,6,-0.3998143970966339,-2.1175568103790283,0.9425811767578125,0.3179689049720764,0.0003,2141,0.01,150.0,-15.025522400000002
2143,7069,42860,6,0.42141810059547424,-2.115257740020752,0.9544466733932495,0.2999085783958435,0.0003,2142,0.01,150.0,-15.025522400000002
2144,7068,42880,6,0.8233050107955933,-2.1037957668304443,0.9189466238021851,0.7921055555343628,0.0003,2143,0.01,150.0,-15.025522400000002
2145,7068,42900,6,-0.5938111543655396,-2.123577833175659,0.9810888767242432,0.17307405173778534,0.0003,2144,0.01,150.0,-15.025522400000002
2146,7068,42920,6,-0.18739870190620422,-2.130255699157715,0.9736925959587097,0.08840937912464142,0.0003,2145,0.01,150.0,-15.025522400000002
2147,7068,42940,6,0.006998568773269653,-2.1381921768188477,0.9729001522064209,0.048968780785799026,0.0003,2146,0.01,150.0,-15.025522400000002
2148,7069,42960,6,-0.03969981521368027,-2.155318260192871,0.9562264680862427,0.05605284124612808,0.0003,2147,0.01,150.0,-15.025522400000002
2149,7069,42980,6,0.5485581159591675,-2.1318066120147705,0.9380137324333191,0.16360047459602356,0.0003,2148,0.01,150.0,-15.025522400000002
2150,7069,43000,6,-0.06943944841623306,-2.1547298431396484,0.6937422752380371,0.31311315298080444,0.0003,2149,0.01,150.0,-15.025522400000002
2151,7069,43020,6,0.2897030711174011,-2.1344211101531982,0.1008768081665039,0.24243101477622986,0.0003,2150,0.01,150.0,-15.025522400000002
2152,7069,43040,6,0.6906796097755432,-2.131343126296997,0.8012683391571045,0.2653934061527252,0.0003,2151,0.01,150.0,-15.025522400000002
2153,7069,43060,6,-0.11894720792770386,-2.1425819396972656,0.9464865922927856,0.035016052424907684,0.0003,2152,0.01,150.0,-15.025522400000002
2154,7069,43080,6,0.4048963487148285,-2.1185154914855957,0.583539605140686,0.20357294380664825,0.0003,2153,0.01,150.0,-15.025522400000002
2155,7069,43100,6,0.2111469805240631,-2.0984230041503906,0.860562264919281,0.08034398406744003,0.0003,2154,0.01,150.0,-15.025522400000002
2156,7070,43120,6,0.039207328110933304,-2.102663516998291,0.697848916053772,0.1054665818810463,0.0003,2155,0.01,150.0,-15.025522400000002
2157,7069,43140,6,0.37453919649124146,-2.082456111907959,0.6414203643798828,0.24546173214912415,0.0003,2156,0.01,150.0,-15.025522400000002
2158,7070,43160,6,0.009853741154074669,-2.093024730682373,0.9191893339157104,0.02381947822868824,0.0003,2157,0.01,150.0,-15.025522400000002
2159,7070,43180,6,-0.049452561885118484,-2.0942883491516113,0.7888550162315369,0.04669330269098282,0.0003,2158,0.01,150.0,-15.025522400000002
2160,7070,43200,6,0.09129835665225983,-2.0989842414855957,-0.5731933116912842,0.18422956764698029,0.0003,2159,0.01,150.0,-14.611854249999999
2161,7070,43220,6,0.09849493205547333,-2.08160138130188,-3.5517539978027344,0.06915111839771271,0.0003,2160,0.01,150.0,-14.611854249999999
2162,7070,43240,6,0.08310267329216003,-2.1126677989959717,0.7483664751052856,0.1672287881374359,0.0003,2161,0.01,150.0,-14.611854249999999
2163,7070,43260,6,0.17229321599006653,-2.1182971000671387,0.8429298400878906,0.20998844504356384,0.0003,2162,0.01,150.0,-14.611854249999999
2164,7071,43280,6,-0.14964523911476135,-2.1218791007995605,0.9511732459068298,0.07738222181797028,0.0003,2163,0.01,150.0,-14.611854249999999
2165,7071,43300,6,0.5692764520645142,-2.1184675693511963,0.4568387269973755,1.3771640062332153,0.0003,2164,0.01,150.0,-14.611854249999999
2166,7071,43320,6,0.39971938729286194,-2.118309259414673,0.9056000113487244,0.3123171925544739,0.0003,2165,0.01,150.0,-14.611854249999999
2167,7071,43340,6,-0.5903028249740601,-2.1148171424865723,0.9608871340751648,0.19249436259269714,0.0003,2166,0.01,150.0,-14.611854249999999
2168,7072,43360,6,-0.3306204676628113,-2.1294331550598145,0.8315797448158264,0.28166255354881287,0.0003,2167,0.01,150.0,-14.611854249999999
2169,7072,43380,6,0.056147366762161255,-2.1290524005889893,0.6785147190093994,0.6847642064094543,0.0003,2168,0.01,150.0,-14.611854249999999
2170,7072,43400,6,-0.5734652876853943,-2.1265430450439453,0.8678188323974609,0.2298598289489746,0.0003,2169,0.01,150.0,-14.611854249999999
2171,7073,43420,6,-0.24032635986804962,-2.134087085723877,0.9360195994377136,0.10173512995243073,0.0003,2170,0.01,150.0,-14.611854249999999
2172,7073,43440,6,-0.2646631598472595,-2.120938539505005,0.8364101648330688,0.11750920861959457,0.0003,2171,0.01,150.0,-14.611854249999999
2173,7073,43460,6,0.5017573833465576,-2.125826597213745,0.8304059505462646,0.3027770519256592,0.0003,2172,0.01,150.0,-14.611854249999999
2174,7073,43480,6,0.4765605330467224,-2.103304624557495,0.8621349334716797,0.42206892371177673,0.0003,2173,0.01,150.0,-14.611854249999999
2175,7074,43500,6,0.27662160992622375,-2.1220521926879883,0.9055085778236389,0.30397284030914307,0.0003,2174,0.01,150.0,-14.611854249999999
2176,7074,43520,6,-0.5017274022102356,-2.130030393600464,0.9824795722961426,0.09568259119987488,0.0003,2175,0.01,150.0,-14.611854249999999
2177,7075,43540,6,-0.1580009162425995,-2.1285338401794434,0.9780780076980591,0.03905387967824936,0.0003,2176,0.01,150.0,-14.611854249999999
2178,7075,43560,6,0.014644223265349865,-2.1154093742370605,0.9845200777053833,0.018134519457817078,0.0003,2177,0.01,150.0,-14.611854249999999
2179,7075,43580,6,0.9489234089851379,-2.1106839179992676,0.22273308038711548,1.0991809368133545,0.0003,2178,0.01,150.0,-14.611854249999999
2180,7076,43600,6,0.9315473437309265,-2.104405164718628,0.7908063530921936,0.7890412211418152,0.0003,2179,0.01,150.0,-14.611854249999999
2181,7076,43620,6,0.5042693018913269,-2.098247528076172,0.8873707056045532,0.46007999777793884,0.0003,2180,0.01,150.0,-14.611854249999999
2182,7076,43640,6,0.17401716113090515,-2.079958915710449,0.728190004825592,0.24010491371154785,0.0003,2181,0.01,150.0,-14.611854249999999
2183,7076,43660,6,1.327784776687622,-2.0733773708343506,0.3835466504096985,1.559203863143921,0.0003,2182,0.01,150.0,-14.611854249999999
2184,7076,43680,6,0.149309903383255,-2.0822412967681885,0.7544015049934387,0.23344436287879944,0.0003,2183,0.01,150.0,-14.611854249999999
2185,7076,43700,6,-0.16466552019119263,-2.1039516925811768,0.5914952754974365,0.2578890323638916,0.0003,2184,0.01,150.0,-14.611854249999999
2186,7076,43720,6,-0.36221203207969666,-2.080526351928711,0.765785813331604,0.16890713572502136,0.0003,2185,0.01,150.0,-14.611854249999999
2187,7076,43740,6,0.698532223701477,-2.101783275604248,-0.035843491554260254,1.365067481994629,0.0003,2186,0.01,150.0,-14.611854249999999
2188,7076,43760,6,-0.015431851148605347,-2.1112070083618164,0.463589072227478,0.17801955342292786,0.0003,2187,0.01,150.0,-14.611854249999999
2189,7077,43780,6,-0.31573882699012756,-2.114136219024658,0.5479656457901001,0.18432363867759705,0.0003,2188,0.01,150.0,-14.611854249999999
2190,7076,43800,6,-0.29997044801712036,-2.1216368675231934,0.5433946251869202,0.14595182240009308,0.0003,2189,0.01,150.0,-14.329710670000004
2191,7077,43820,6,-0.2900741696357727,-2.1180379390716553,0.4994592070579529,0.13480064272880554,0.0003,2190,0.01,150.0,-14.329710670000004
2192,7077,43840,6,-0.5047526359558105,-2.10016131401062,0.9542508721351624,0.12585526704788208,0.0003,2191,0.01,150.0,-14.329710670000004
2193,7077,43860,6,-0.204420804977417,-2.1066999435424805,0.8382710814476013,0.309124618768692,0.0003,2192,0.01,150.0,-14.329710670000004
2194,7078,43880,6,-0.22707271575927734,-2.1152596473693848,0.9834147691726685,0.05362797901034355,0.0003,2193,0.01,150.0,-14.329710670000004
2195,7078,43900,6,-0.48608747124671936,-2.1196417808532715,0.9566717743873596,0.19127269089221954,0.0003,2194,0.01,150.0,-14.329710670000004
2196,7078,43920,6,0.3454832434654236,-2.1164050102233887,0.9123021364212036,0.19096063077449799,0.0003,2195,0.01,150.0,-14.329710670000004
2197,7079,43940,6,0.37132135033607483,-2.123667001724243,0.848196804523468,0.8525025248527527,0.0003,2196,0.01,150.0,-14.329710670000004
2198,7079,43960,6,0.728457510471344,-2.1173207759857178,0.9270128011703491,0.4023105502128601,0.0003,2197,0.01,150.0,-14.329710670000004
2199,7079,43980,6,0.46216335892677307,-2.1238412857055664,0.9183132648468018,0.2821086347103119,0.0003,2198,0.01,150.0,-14.329710670000004
2200,7080,44000,6,1.0450198650360107,-2.116452693939209,0.8921741247177124,1.0378122329711914,0.0003,2199,0.01,150.0,-14.329710670000004
2201,7080,44020,6,0.04890413209795952,-2.0818798542022705,0.8613179326057434,0.5291085243225098,0.0003,2200,0.01,150.0,-14.329710670000004
2202,7080,44040,6,0.329697847366333,-2.1048436164855957,0.8583536148071289,0.5160089731216431,0.0003,2201,0.01,150.0,-14.329710670000004
2203,7080,44060,6,0.7804589867591858,-2.064995288848877,0.8901628851890564,0.7837982177734375,0.0003,2202,0.01,150.0,-14.329710670000004
2204,7081,44080,6,-0.19283448159694672,-2.1013665199279785,0.873351514339447,0.2820194363594055,0.0003,2203,0.01,150.0,-14.329710670000004
2205,7081,44100,6,0.08144421875476837,-2.0942561626434326,0.8556919693946838,0.28870925307273865,0.0003,2204,0.01,150.0,-14.329710670000004
2206,7082,44120,6,-0.24303150177001953,-2.0725064277648926,0.7300936579704285,0.2791516184806824,0.0003,2205,0.01,150.0,-14.329710670000004
2207,7082,44140,6,0.14106237888336182,-2.051647186279297,0.9318292140960693,0.06927500665187836,0.0003,2206,0.01,150.0,-14.329710670000004
2208,7082,44160,6,0.3267367482185364,-2.051954746246338,0.8659893274307251,0.1286213994026184,0.0003,2207,0.01,150.0,-14.329710670000004
2209,7083,44180,6,0.8210894465446472,-2.0537328720092773,0.1875177025794983,0.9637261629104614,0.0003,2208,0.01,150.0,-14.329710670000004
2210,7082,44200,6,0.002298712730407715,-2.057831287384033,0.623091995716095,0.3092571794986725,0.0003,2209,0.01,150.0,-14.329710670000004
2211,7083,44220,6,-0.11779017746448517,-2.0484821796417236,0.903769314289093,0.055861007422208786,0.0003,2210,0.01,150.0,-14.329710670000004
2212,7082,44240,6,-0.34227675199508667,-2.0523681640625,0.71790611743927,0.12718291580677032,0.0003,2211,0.01,150.0,-14.329710670000004
2213,7082,44260,6,-0.4505215287208557,-2.0596847534179688,0.7954588532447815,0.13994616270065308,0.0003,2212,0.01,150.0,-14.329710670000004
2214,7082,44280,6,0.08735451102256775,-2.0403966903686523,0.8329747319221497,0.12681007385253906,0.0003,2213,0.01,150.0,-14.329710670000004
2215,7081,44300,6,-0.4245132505893707,-2.0344018936157227,0.7402430772781372,0.1084132194519043,0.0003,2214,0.01,150.0,-14.329710670000004
2216,7081,44320,6,-0.5889761447906494,-2.080803871154785,0.3900732398033142,0.11139941215515137,0.0003,2215,0.01,150.0,-14.329710670000004
2217,7081,44340,6,-0.3398589491844177,-2.0933284759521484,0.6426387429237366,0.039204783737659454,0.0003,2216,0.01,150.0,-14.329710670000004
2218,7081,44360,6,0.017077069729566574,-2.0672011375427246,0.30458641052246094,0.020785817876458168,0.0003,2217,0.01,150.0,-14.329710670000004
2219,7081,44380,6,-0.22827300429344177,-2.113999605178833,-0.9523265361785889,0.048575714230537415,0.0003,2218,0.01,150.0,-14.329710670000004
2220,7081,44400,6,-0.4655367434024811,-2.1236178874969482,-0.06739914417266846,0.0806254893541336,0.0003,2219,0.01,150.0,-14.245392219999996
2221,7081,44420,6,1.4459561109542847,-2.123464822769165,0.0008605718612670898,1.9083175659179688,0.0003,2220,0.01,150.0,-14.245392219999996
2222,7081,44440,6,-0.2094803750514984,-2.0916008949279785,0.47258102893829346,0.09169013053178787,0.0003,2221,0.01,150.0,-14.245392219999996
2223,7081,44460,6,-0.3633177876472473,-2.092285394668579,0.7234742641448975,0.12249235808849335,0.0003,2222,0.01,150.0,-14.245392219999996
2224,7081,44480,6,-0.06934724003076553,-2.087864637374878,0.5836975574493408,0.4286009669303894,0.0003,2223,0.01,150.0,-14.245392219999996
2225,7081,44500,6,-0.5056196451187134,-2.0725624561309814,0.8726599216461182,0.22902655601501465,0.0003,2224,0.01,150.0,-14.245392219999996
2226,7081,44520,6,0.021010076627135277,-2.0779693126678467,0.8618102073669434,0.31678301095962524,0.0003,2225,0.01,150.0,-14.245392219999996
2227,7081,44540,6,0.8075915575027466,-2.060917615890503,0.9368001222610474,0.3969169855117798,0.0003,2226,0.01,150.0,-14.245392219999996
2228,7081,44560,6,0.16596704721450806,-2.0625929832458496,0.8663800358772278,0.8501645922660828,0.0003,2227,0.01,150.0,-14.245392219999996
2229,7081,44580,6,-0.2190919816493988,-2.0643820762634277,0.9945082068443298,0.04402736574411392,0.0003,2228,0.01,150.0,-14.245392219999996
2230,7081,44600,6,0.2068597823381424,-2.081136703491211,0.9854217171669006,0.07837654650211334,0.0003,2229,0.01,150.0,-14.245392219999996
2231,7081,44620,6,0.2284429520368576,-2.090639352798462,0.9488840103149414,0.34302884340286255,0.0003,2230,0.01,150.0,-14.245392219999996
2232,7081,44640,6,0.05307382345199585,-2.10138201713562,0.9540923833847046,0.2975553870201111,0.0003,2231,0.01,150.0,-14.245392219999996
2233,7081,44660,6,0.18391934037208557,-2.0967090129852295,0.9286272525787354,0.4309164881706238,0.0003,2232,0.01,150.0,-14.245392219999996
2234,7081,44680,6,-0.22562170028686523,-2.1090517044067383,0.978846549987793,0.11892910301685333,0.0003,2233,0.01,150.0,-14.245392219999996
2235,7082,44700,6,-0.14134268462657928,-2.122659206390381,0.9249165058135986,0.23932452499866486,0.0003,2234,0.01,150.0,-14.245392219999996
2236,7082,44720,6,0.9905197024345398,-2.1161415576934814,0.8265668153762817,0.7159150838851929,0.0003,2235,0.01,150.0,-14.245392219999996
2237,7083,44740,6,-0.160862535238266,-2.1145551204681396,0.9601163268089294,0.1011616438627243,0.0003,2236,0.01,150.0,-14.245392219999996
2238,7083,44760,6,-0.12248821556568146,-2.1164872646331787,0.8686749935150146,0.280730664730072,0.0003,2237,0.01,150.0,-14.245392219999996
2239,7083,44780,6,0.3726443350315094,-2.087345838546753,0.8589450120925903,0.4315415322780609,0.0003,2238,0.01,150.0,-14.245392219999996
2240,7083,44800,6,-0.13740763068199158,-2.102039098739624,0.9358744025230408,0.13089489936828613,0.0003,2239,0.01,150.0,-14.245392219999996
2241,7083,44820,6,0.18209800124168396,-2.1123478412628174,0.948493480682373,0.08262892067432404,0.0003,2240,0.01,150.0,-14.245392219999996
2242,7083,44840,6,1.193020224571228,-2.1210873126983643,0.5943500995635986,2.437678098678589,0.0003,2241,0.01,150.0,-14.245392219999996
2243,7084,44860,6,-0.8477738499641418,-2.127075672149658,0.927435576915741,0.3437100052833557,0.0003,2242,0.01,150.0,-14.245392219999996
2244,7084,44880,6,-0.4953426420688629,-2.1424572467803955,0.9638153314590454,0.12097109854221344,0.0003,2243,0.01,150.0,-14.245392219999996
2245,7084,44900,6,-0.3758445382118225,-2.0994625091552734,0.8666211366653442,0.21548239886760712,0.0003,2244,0.01,150.0,-14.245392219999996
2246,7084,44920,6,-0.2356402426958084,-2.1303977966308594,0.9625882506370544,0.03800397366285324,0.0003,2245,0.01,150.0,-14.245392219999996
2247,7085,44940,6,-0.029096733778715134,-2.1354150772094727,0.21142959594726562,0.1219027042388916,0.0003,2246,0.01,150.0,-14.245392219999996
2248,7085,44960,6,0.34039393067359924,-2.072035551071167,-0.5216645002365112,0.3369618356227875,0.0003,2247,0.01,150.0,-14.245392219999996
2249,7085,44980,6,0.7202646732330322,-2.045149326324463,-0.206817626953125,1.595733642578125,0.0003,2248,0.01,150.0,-14.245392219999996
2250,7085,45000,6,-0.05267246440052986,-2.042344570159912,-0.04326629638671875,0.11682355403900146,0.0003,2249,0.01,150.0,-14.250351890000001
2251,7086,45020,6,0.9068325161933899,-2.037466526031494,-0.10383331775665283,1.0726146697998047,0.0003,2250,0.01,150.0,-14.250351890000001
2252,7086,45040,6,0.054106783121824265,-2.1145880222320557,0.8255986571311951,0.0689401775598526,0.0003,2251,0.01,150.0,-14.250351890000001
2253,7086,45060,6,-0.7052421569824219,-2.102343797683716,0.7259293794631958,0.5276898741722107,0.0003,2252,0.01,150.0,-14.250351890000001
2254,7086,45080,6,-0.4114411771297455,-2.106743812561035,0.935893177986145,0.14110079407691956,0.0003,2253,0.01,150.0,-14.250351890000001
2255,7086,45100,6,-0.12681958079338074,-2.091646671295166,0.9660398364067078,0.08172290772199631,0.0003,2254,0.01,150.0,-14.250351890000001
2256,7087,45120,6,0.17340651154518127,-2.0931055545806885,0.890251636505127,0.3989245295524597,0.0003,2255,0.01,150.0,-14.250351890000001
2257,7087,45140,6,-0.12310755252838135,-2.0814921855926514,0.9443235993385315,0.3058159649372101,0.0003,2256,0.01,150.0,-14.250351890000001
2258,7087,45160,6,-0.29576632380485535,-2.0481340885162354,0.9882705211639404,0.0758039727807045,0.0003,2257,0.01,150.0,-14.250351890000001
2259,7088,45180,6,1.0500986576080322,-2.06295108795166,0.8529843091964722,0.9153761863708496,0.0003,2258,0.01,150.0,-14.250351890000001
2260,7088,45200,6,-0.628994345664978,-2.027909755706787,0.9654561877250671,0.22101351618766785,0.0003,2259,0.01,150.0,-14.250351890000001
2261,7088,45220,6,1.3702811002731323,-2.028250217437744,0.8939177393913269,0.929430365562439,0.0003,2260,0.01,150.0,-14.250351890000001
2262,7089,45240,6,1.2223643064498901,-2.033080577850342,0.8792145848274231,0.9770265817642212,0.0003,2261,0.01,150.0,-14.250351890000001
2263,7089,45260,6,0.31133946776390076,-2.0641205310821533,0.9932579398155212,0.05432720109820366,0.0003,2262,0.01,150.0,-14.250351890000001
2264,7089,45280,6,-0.0706896185874939,-2.0582001209259033,0.9606524705886841,0.24829521775245667,0.0003,2263,0.01,150.0,-14.250351890000001
2265,7089,45300,6,0.5414702296257019,-2.092151641845703,0.9922035932540894,0.12395302951335907,0.0003,2264,0.01,150.0,-14.250351890000001
2266,7089,45320,6,-0.06569583714008331,-2.091818332672119,0.998098611831665,0.015108291991055012,0.0003,2265,0.01,150.0,-14.250351890000001
2267,7089,45340,6,0.4296894073486328,-2.0946922302246094,0.9704397320747375,0.2593495845794678,0.0003,2266,0.01,150.0,-14.250351890000001
2268,7090,45360,6,0.3790295422077179,-2.090632915496826,0.9744435548782349,0.2654300332069397,0.0003,2267,0.01,150.0,-14.250351890000001
2269,7090,45380,6,0.29231205582618713,-2.0792899131774902,0.9605847597122192,0.5606245994567871,0.0003,2268,0.01,150.0,-14.250351890000001
2270,7090,45400,6,0.7018567323684692,-2.0689780712127686,0.9638563990592957,0.5500520467758179,0.0003,2269,0.01,150.0,-14.250351890000001
2271,7090,45420,6,0.6553875207901001,-2.0490477085113525,0.8977230787277222,3.353172779083252,0.0003,2270,0.01,150.0,-14.250351890000001
2272,7091,45440,6,-0.3862096965312958,-2.032280683517456,0.9908655285835266,0.303100049495697,0.0003,2271,0.01,150.0,-14.250351890000001
2273,7091,45460,6,-0.7883011102676392,-2.056656837463379,0.9886987209320068,0.47278666496276855,0.0003,2272,0.01,150.0,-14.250351890000001
2274,7091,45480,6,0.2797253727912903,-2.075150966644287,0.9826506972312927,0.7573724985122681,0.0003,2273,0.01,150.0,-14.250351890000001
2275,7092,45500,6,-0.6639715433120728,-2.0357823371887207,0.999518871307373,0.11296272277832031,0.0003,2274,0.01,150.0,-14.250351890000001
2276,7092,45520,6,-0.6326926946640015,-2.0332729816436768,0.9978936314582825,0.14249980449676514,0.0003,2275,0.01,150.0,-14.250351890000001
2277,7092,45540,6,-0.7063379883766174,-2.0102436542510986,0.9983090758323669,0.17863917350769043,0.0003,2276,0.01,150.0,-14.250351890000001
2278,7092,45560,6,-0.7659491300582886,-2.0170183181762695,0.9977086782455444,0.20839886367321014,0.0003,2277,0.01,150.0,-14.250351890000001
2279,7092,45580,6,-0.20977683365345,-2.0655369758605957,0.9717443585395813,0.46687644720077515,0.0003,2278,0.01,150.0,-14.250351890000001
2280,7092,45600,6,-1.1593589782714844,-2.020254135131836,0.947680652141571,0.853049635887146,0.0003,2279,0.01,150.0,-14.153740599999997
2281,7092,45620,6,-0.8700413703918457,-2.034498453140259,0.9813881516456604,0.3349763751029968,0.0003,2280,0.01,150.0,-14.153740599999997
2282,7093,45640,6,-0.7112510800361633,-2.079716682434082,0.7166023254394531,0.3799844980239868,0.0003,2281,0.01,150.0,-14.153740599999997
2283,7093,45660,6,-0.6859844923019409,-2.078631639480591,0.9349362850189209,0.16953879594802856,0.0003,2282,0.01,150.0,-14.153740599999997
2284,7093,45680,6,-0.024411281570792198,-2.0679125785827637,0.8146852850914001,0.4495803415775299,0.0003,2283,0.01,150.0,-14.153740599999997
2285,7093,45700,6,-0.13782961666584015,-2.0262560844421387,0.9293594360351562,0.2744232416152954,0.0003,2284,0.01,150.0,-14.153740599999997
2286,7093,45720,6,-0.3389880359172821,-2.069636583328247,0.9873128533363342,0.05932331085205078,0.0003,2285,0.01,150.0,-14.153740599999997
2287,7094,45740,6,0.554986834526062,-2.040858745574951,0.7907400131225586,0.3169827461242676,0.0003,2286,0.01,150.0,-14.153740599999997
2288,7094,45760,6,0.30477604269981384,-2.0619208812713623,0.6015028953552246,0.3265814483165741,0.0003,2287,0.01,150.0,-14.153740599999997
2289,7094,45780,6,0.1172163262963295,-2.1045024394989014,0.7675275206565857,0.32112643122673035,0.0003,2288,0.01,150.0,-14.153740599999997
2290,7094,45800,6,0.23274774849414825,-2.085341691970825,0.743035614490509,0.42998379468917847,0.0003,2289,0.01,150.0,-14.153740599999997
2291,7094,45820,6,0.4609810411930084,-2.0599887371063232,0.8493573665618896,0.38266581296920776,0.0003,2290,0.01,150.0,-14.153740599999997
2292,7095,45840,6,-0.24568453431129456,-2.1016507148742676,0.9473348259925842,0.1790415495634079,0.0003,2291,0.01,150.0,-14.153740599999997
2293,7095,45860,6,-0.4411171078681946,-2.080517053604126,0.9675288200378418,0.14415547251701355,0.0003,2292,0.01,150.0,-14.153740599999997
2294,7095,45880,6,-0.01727232336997986,-2.064276933670044,0.9253079295158386,0.1391383409500122,0.0003,2293,0.01,150.0,-14.153740599999997
2295,7096,45900,6,-0.11488324403762817,-2.0998153686523438,0.9817765355110168,0.0353337861597538,0.0003,2294,0.01,150.0,-14.153740599999997
2296,7096,45920,6,-0.1056034192442894,-2.132099151611328,0.9285323023796082,0.10171350091695786,0.0003,2295,0.01,150.0,-14.153740599999997
2297,7096,45940,6,0.799628734588623,-2.110041618347168,0.7134413123130798,1.4578514099121094,0.0003,2296,0.01,150.0,-14.153740599999997
2298,7097,45960,6,-0.1008574590086937,-2.1437599658966064,0.977300763130188,0.055752210319042206,0.0003,2297,0.01,150.0,-14.153740599999997
2299,7097,45980,6,0.8034798502922058,-2.1187405586242676,0.9118906259536743,0.5297865867614746,0.0003,2298,0.01,150.0,-14.153740599999997
2300,7097,46000,6,0.056124795228242874,-2.1336960792541504,0.975231945514679,0.08714832365512848,0.0003,2299,0.01,150.0,-14.153740599999997
2301,7098,46020,6,0.9546977281570435,-2.1072888374328613,0.41765040159225464,1.4414125680923462,0.0003,2300,0.01,150.0,-14.153740599999997
2302,7098,46040,6,1.1639715433120728,-2.099058151245117,0.9080056548118591,0.43902549147605896,0.0003,2301,0.01,150.0,-14.153740599999997
2303,7098,46060,6,0.5148886442184448,-2.0946247577667236,0.8632619976997375,0.3221180737018585,0.0003,2302,0.01,150.0,-14.153740599999997
2304,7097,46080,6,0.31156212091445923,-2.097273588180542,0.8920987844467163,0.16981211304664612,0.0003,2303,0.01,150.0,-14.153740599999997
2305,7098,46100,6,-0.035216234624385834,-2.0709195137023926,0.8904002904891968,0.3218122720718384,0.0003,2304,0.01,150.0,-14.153740599999997
2306,7098,46120,6,-0.015277355909347534,-2.121767520904541,0.8659931421279907,0.2327890843153,0.0003,2305,0.01,150.0,-14.153740599999997
2307,7098,46140,6,-0.19949965178966522,-2.1434104442596436,0.9675747156143188,0.0619155690073967,0.0003,2306,0.01,150.0,-14.153740599999997
2308,7099,46160,6,-0.08586899936199188,-2.0952672958374023,0.9642228484153748,0.08113525062799454,0.0003,2307,0.01,150.0,-14.153740599999997
2309,7099,46180,6,-0.27082014083862305,-2.0799689292907715,0.9897241592407227,0.040033239871263504,0.0003,2308,0.01,150.0,-14.153740599999997
2310,7099,46200,6,-0.38699451088905334,-2.0667502880096436,0.9785744547843933,0.08487839996814728,0.0003,2309,0.01,150.0,-13.794406529999998
2311,7099,46220,6,-0.1701814830303192,-2.070451259613037,0.9866464138031006,0.02625730261206627,0.0003,2310,0.01,150.0,-13.794406529999998
2312,7099,46240,6,-0.9433091878890991,-2.0983920097351074,0.8343813419342041,0.3181077241897583,0.0003,2311,0.01,150.0,-13.794406529999998
2313,7099,46260,6,-0.4401369094848633,-2.1053876876831055,0.38076794147491455,0.6868149638175964,0.0003,2312,0.01,150.0,-13.794406529999998
2314,7100,46280,6,0.22127223014831543,-2.114856719970703,0.8963311910629272,0.1831144392490387,0.0003,2313,0.01,150.0,-13.794406529999998
2315,7100,46300,6,-0.8851485252380371,-2.1193220615386963,0.9416278004646301,0.32780346274375916,0.0003,2314,0.01,150.0,-13.794406529999998
2316,7100,46320,6,-0.5761817693710327,-2.1286747455596924,0.8990432620048523,0.28725022077560425,0.0003,2315,0.01,150.0,-13.794406529999998
2317,7100,46340,6,0.777577817440033,-2.1165385246276855,-1.2424423694610596,1.9940416812896729,0.0003,2316,0.01,150.0,-13.794406529999998
2318,7101,46360,6,-0.7707840204238892,-2.1405208110809326,0.7237017154693604,0.36265483498573303,0.0003,2317,0.01,150.0,-13.794406529999998
2319,7101,46380,6,0.7102130055427551,-2.146754741668701,0.7965971231460571,0.4723514914512634,0.0003,2318,0.01,150.0,-13.794406529999998
2320,7101,46400,6,0.2981259822845459,-2.1501269340515137,0.7238643169403076,1.1331136226654053,0.0003,2319,0.01,150.0,-13.794406529999998
2321,7101,46420,6,-0.03559340164065361,-2.1314620971679688,0.7922009229660034,0.6345746517181396,0.0003,2320,0.01,150.0,-13.794406529999998
2322,7101,46440,6,-0.5023394823074341,-2.1411023139953613,0.9648808240890503,0.14323465526103973,0.0003,2321,0.01,150.0,-13.794406529999998
2323,7101,46460,6,0.5224943161010742,-2.108577251434326,0.9419102072715759,0.24387674033641815,0.0003,2322,0.01,150.0,-13.794406529999998
2324,7101,46480,6,0.670997142791748,-2.1144111156463623,0.39666324853897095,1.063754916191101,0.0003,2323,0.01,150.0,-13.794406529999998
2325,7101,46500,6,0.10359897464513779,-2.1031992435455322,0.9098838567733765,0.10146059840917587,0.0003,2324,0.01,150.0,-13.794406529999998
2326,7102,46520,6,0.6477587819099426,-2.072990894317627,-0.7377793788909912,1.6283725500106812,0.0003,2325,0.01,150.0,-13.794406529999998
2327,7102,46540,6,-0.6541892886161804,-2.0925984382629395,0.39438289403915405,0.347639799118042,0.0003,2326,0.01,150.0,-13.794406529999998
2328,7102,46560,6,-0.07164211571216583,-2.112140417098999,0.23803800344467163,0.08107156306505203,0.0003,2327,0.01,150.0,-13.794406529999998
2329,7102,46580,6,0.18713290989398956,-2.113917112350464,0.5844779014587402,0.16064178943634033,0.0003,2328,0.01,150.0,-13.794406529999998
2330,7102,46600,6,0.10488404333591461,-2.0858986377716064,0.463137149810791,0.18478599190711975,0.0003,2329,0.01,150.0,-13.794406529999998
2331,7103,46620,6,0.5323269367218018,-2.052340030670166,0.6644493937492371,0.3170090317726135,0.0003,2330,0.01,150.0,-13.794406529999998
2332,7103,46640,6,0.643030047416687,-2.034748077392578,0.5651909708976746,0.9443106651306152,0.0003,2331,0.01,150.0,-13.794406529999998
2333,7103,46660,6,1.0104119777679443,-2.033153772354126,0.5638062357902527,1.0441031455993652,0.0003,2332,0.01,150.0,-13.794406529999998
2334,7103,46680,6,-0.010249155573546886,-2.061133861541748,0.8893658518791199,0.07424460351467133,0.0003,2333,0.01,150.0,-13.794406529999998
2335,7104,46700,6,0.6311891674995422,-2.059652805328369,0.5639586448669434,0.49206218123435974,0.0003,2334,0.01,150.0,-13.794406529999998
2336,7103,46720,6,-0.07931089401245117,-2.041633129119873,-0.11228680610656738,0.3230243921279907,0.0003,2335,0.01,150.0,-13.794406529999998
2337,7103,46740,6,0.30809199810028076,-2.110659599304199,0.5167570114135742,0.07385198771953583,0.0003,2336,0.01,150.0,-13.794406529999998
2338,7102,46760,6,-0.29647308588027954,-2.09065580368042,0.8406157493591309,0.06470330059528351,0.0003,2337,0.01,150.0,-13.794406529999998
2339,7101,46780,6,-0.1190878376364708,-2.0774996280670166,0.7715163230895996,0.07049290835857391,0.0003,2338,0.01,150.0,-13.794406529999998
2340,7100,46800,6,-0.2776986062526703,-2.101167678833008,0.7032266855239868,0.13319066166877747,0.0003,2339,0.01,150.0,-13.69714002
2341,7098,46820,6,-0.1209711879491806,-2.106369733810425,0.7502904534339905,0.08778233081102371,0.0003,2340,0.01,150.0,-13.69714002
2342,7097,46840,6,0.2792004346847534,-2.1013095378875732,0.8788841962814331,0.08700235933065414,0.0003,2341,0.01,150.0,-13.69714002
2343,7096,46860,6,-0.3972061276435852,-2.1055259704589844,0.7294813394546509,0.37329959869384766,0.0003,2342,0.01,150.0,-13.69714002
2344,7095,46880,6,0.33184367418289185,-2.1178641319274902,0.7084702849388123,0.8298640251159668,0.0003,2343,0.01,150.0,-13.69714002
2345,7092,46900,6,-0.41356706619262695,-2.1169791221618652,0.9303489923477173,0.2631027102470398,0.0003,2344,0.01,150.0,-13.69714002
2346,7091,46920,6,-0.42396456003189087,-2.1405692100524902,0.9740946292877197,0.13750307261943817,0.0003,2345,0.01,150.0,-13.69714002
2347,7091,46940,6,0.18322893977165222,-2.1426076889038086,0.9863460659980774,0.05078885704278946,0.0003,2346,0.01,150.0,-13.69714002
2348,7091,46960,6,-0.7034923434257507,-2.1500320434570312,0.878879725933075,0.6015528440475464,0.0003,2347,0.01,150.0,-13.69714002
2349,7090,46980,6,0.21089768409729004,-2.1485979557037354,0.9312145709991455,0.23577317595481873,0.0003,2348,0.01,150.0,-13.69714002
2350,7090,47000,6,-0.07637523859739304,-2.1497130393981934,0.9791353344917297,0.08425937592983246,0.0003,2349,0.01,150.0,-13.69714002
2351,7090,47020,6,-0.5981412529945374,-2.1520297527313232,0.9488460421562195,0.2654677927494049,0.0003,2350,0.01,150.0,-13.69714002
2352,7089,47040,6,-0.3788772523403168,-2.15850567817688,0.9440661072731018,0.166443333029747,0.0003,2351,0.01,150.0,-13.69714002
2353,7089,47060,6,0.035432349890470505,-2.153524875640869,0.925410807132721,0.10622676461935043,0.0003,2352,0.01,150.0,-13.69714002
2354,7089,47080,6,1.2050665616989136,-2.139559507369995,0.7085192203521729,0.957077145576477,0.0003,2353,0.01,150.0,-13.69714002
2355,7089,47100,6,0.19170740246772766,-2.141972541809082,0.9329737424850464,0.10928374528884888,0.0003,2354,0.01,150.0,-13.69714002
2356,7089,47120,6,0.2550901174545288,-2.133533477783203,0.9427381753921509,0.11251401901245117,0.0003,2355,0.01,150.0,-13.69714002
2357,7089,47140,6,1.1344859600067139,-2.1243441104888916,0.8856527209281921,0.6487894058227539,0.0003,2356,0.01,150.0,-13.69714002
2358,7089,47160,6,0.7888227701187134,-2.1298141479492188,0.7504093647003174,0.9562892913818359,0.0003,2357,0.01,150.0,-13.69714002
2359,7089,47180,6,1.287392020225525,-2.1442439556121826,0.7280552983283997,1.389542818069458,0.0003,2358,0.01,150.0,-13.69714002
2360,7089,47200,6,0.447276771068573,-2.1346516609191895,0.4400302767753601,0.8801566958427429,0.0003,2359,0.01,150.0,-13.69714002
2361,7089,47220,6,1.6330502033233643,-2.147679328918457,0.6089644432067871,2.098386287689209,0.0003,2360,0.01,150.0,-13.69714002
2362,7089,47240,6,0.7787442207336426,-2.1448495388031006,0.639868974685669,0.813768744468689,0.0003,2361,0.01,150.0,-13.69714002
2363,7090,47260,6,-0.05568204075098038,-2.1284830570220947,0.6197959780693054,0.38146528601646423,0.0003,2362,0.01,150.0,-13.69714002
2364,7090,47280,6,1.301169753074646,-2.116274118423462,0.00875091552734375,2.5086424350738525,0.0003,2363,0.01,150.0,-13.69714002
2365,7090,47300,6,-0.4428342878818512,-2.1463305950164795,0.8343623876571655,0.2303883284330368,0.0003,2364,0.01,150.0,-13.69714002
2366,7090,47320,6,0.17935502529144287,-2.153362512588501,0.7721368074417114,0.3144024908542633,0.0003,2365,0.01,150.0,-13.69714002
2367,7090,47340,6,0.3054735064506531,-2.1324446201324463,0.6517760157585144,0.35824283957481384,0.0003,2366,0.01,150.0,-13.69714002
2368,7090,47360,6,-0.6884339451789856,-2.0936527252197266,0.43590009212493896,0.40502452850341797,0.0003,2367,0.01,150.0,-13.69714002
2369,7091,47380,6,0.1067911833524704,-2.1022121906280518,0.7373251914978027,0.14705777168273926,0.0003,2368,0.01,150.0,-13.69714002
2370,7091,47400,6,-0.34380921721458435,-2.109499931335449,0.728410005569458,0.1660032719373703,0.0003,2369,0.01,150.0,-13.29399199
2371,7090,47420,6,-0.36184829473495483,-2.113668918609619,0.7156393527984619,0.12516015768051147,0.0003,2370,0.01,150.0,-13.29399199
2372,7091,47440,6,-0.10882203280925751,-2.129024028778076,0.8870273232460022,0.06026843935251236,0.0003,2371,0.01,150.0,-13.29399199
2373,7091,47460,6,-0.15019039809703827,-2.135202169418335,0.8885452747344971,0.08613218367099762,0.0003,2372,0.01,150.0,-13.29399199
2374,7091,47480,6,-0.6287513971328735,-2.1392807960510254,0.9127566814422607,0.17055752873420715,0.0003,2373,0.01,150.0,-13.29399199
2375,7091,47500,6,0.7522224187850952,-2.135700225830078,0.5970793962478638,1.2042832374572754,0.0003,2374,0.01,150.0,-13.29399199
2376,7091,47520,6,-0.02122749574482441,-2.1401219367980957,0.986699640750885,0.04306458309292793,0.0003,2375,0.01,150.0,-13.29399199
2377,7092,47540,6,0.3315739929676056,-2.137035846710205,0.9697713255882263,0.18247513473033905,0.0003,2376,0.01,150.0,-13.29399199
2378,7092,47560,6,-0.36929452419281006,-2.1352291107177734,0.9488274455070496,0.31095293164253235,0.0003,2377,0.01,150.0,-13.29399199
2379,7092,47580,6,-0.008007645606994629,-2.1311793327331543,0.9749142527580261,0.16974101960659027,0.0003,2378,0.01,150.0,-13.29399199
2380,7092,47600,6,0.056652575731277466,-2.137983798980713,0.9873974323272705,0.09096191078424454,0.0003,2379,0.01,150.0,-13.29399199
2381,7092,47620,6,0.41668039560317993,-2.1377410888671875,0.9850684404373169,0.16620010137557983,0.0003,2380,0.01,150.0,-13.29399199
2382,7091,47640,6,0.3467336595058441,-2.1441006660461426,0.9118091464042664,0.5311650037765503,0.0003,2381,0.01,150.0,-13.29399199
2383,7091,47660,6,0.3297262489795685,-2.14361572265625,0.9957489371299744,0.05156157165765762,0.0003,2382,0.01,150.0,-13.29399199
2384,7090,47680,6,-0.5779787302017212,-2.12542986869812,0.9515910148620605,0.47692736983299255,0.0003,2383,0.01,150.0,-13.29399199
2385,7090,47700,6,-0.9182303547859192,-2.1409621238708496,0.9882102608680725,0.23551085591316223,0.0003,2384,0.01,150.0,-13.29399199
2386,7090,47720,6,0.8733522295951843,-2.137346029281616,0.5424433946609497,1.5073245763778687,0.0003,2385,0.01,150.0,-13.29399199
2387,7090,47740,6,-0.3734862506389618,-2.133085250854492,0.3711814880371094,1.2005811929702759,0.0003,2386,0.01,150.0,-13.29399199
2388,7089,47760,6,0.3954955041408539,-2.1453044414520264,0.8189899921417236,0.4935404658317566,0.0003,2387,0.01,150.0,-13.29399199
2389,7089,47780,6,-0.1293177306652069,-2.134006977081299,0.7768651843070984,0.6675602793693542,0.0003,2388,0.01,150.0,-13.29399199
2390,7088,47800,6,-0.7646129131317139,-2.102919578552246,0.9008696675300598,0.342717707157135,0.0003,2389,0.01,150.0,-13.29399199
2391,7088,47820,6,-1.228049397468567,-2.1014955043792725,0.9238975048065186,0.4243829846382141,0.0003,2390,0.01,150.0,-13.29399199
2392,7088,47840,6,-0.40603867173194885,-2.124211072921753,0.7703419327735901,0.27959826588630676,0.0003,2391,0.01,150.0,-13.29399199
2393,7088,47860,6,-0.12142220884561539,-2.1142334938049316,0.6506587266921997,0.5490779280662537,0.0003,2392,0.01,150.0,-13.29399199
2394,7089,47880,6,-0.9602260589599609,-2.0679309368133545,0.7497857809066772,0.336186945438385,0.0003,2393,0.01,150.0,-13.29399199
2395,7089,47900,6,0.1690729409456253,-2.0759902000427246,0.36230671405792236,0.6093379259109497,0.0003,2394,0.01,150.0,-13.29399199
2396,7089,47920,6,-0.6426640748977661,-2.0609335899353027,0.5745865106582642,0.15582898259162903,0.0003,2395,0.01,150.0,-13.29399199
2397,7089,47940,6,-0.5555518865585327,-2.01009202003479,0.5075604915618896,0.18720021843910217,0.0003,2396,0.01,150.0,-13.29399199
2398,7089,47960,6,-0.3860660493373871,-2.022688388824463,0.08562761545181274,0.1142786368727684,0.0003,2397,0.01,150.0,-13.29399199
2399,7089,47980,6,-0.18374907970428467,-2.038473129272461,0.1516735553741455,0.14458490908145905,0.0003,2398,0.01,150.0,-13.29399199
2400,7089,48000,6,-0.5712880492210388,-2.039036512374878,-0.27751708030700684,0.1633172184228897,0.0003,2399,0.01,150.0,-13.07522756
2401,7089,48020,6,-0.8462473750114441,-2.0718491077423096,-0.16244125366210938,0.18929532170295715,0.0003,2400,0.01,150.0,-13.07522756
2402,7089,48040,6,-0.026577580720186234,-2.066394329071045,0.8599916696548462,0.1280325949192047,0.0003,2401,0.01,150.0,-13.07522756
2403,7090,48060,6,0.33702629804611206,-2.0943443775177,0.9563729166984558,0.09072127193212509,0.0003,2402,0.01,150.0,-13.07522756
2404,7090,48080,6,-0.4156600534915924,-2.090059518814087,0.9432351589202881,0.21979112923145294,0.0003,2403,0.01,150.0,-13.07522756
2405,7090,48100,6,-0.2682075500488281,-2.095144271850586,0.9587976932525635,0.1621711701154709,0.0003,2404,0.01,150.0,-13.07522756
2406,7091,48120,6,0.32800790667533875,-2.0790510177612305,0.9152640104293823,0.3012581467628479,0.0003,2405,0.01,150.0,-13.07522756
2407,7091,48140,6,-0.1813856065273285,-2.1043362617492676,0.9169222116470337,0.39416730403900146,0.0003,2406,0.01,150.0,-13.07522756
2408,7091,48160,6,1.4184967279434204,-2.1097307205200195,0.7813801765441895,1.7867910861968994,0.0003,2407,0.01,150.0,-13.07522756
2409,7091,48180,6,0.5650699734687805,-2.089888334274292,0.9569703936576843,0.3878742754459381,0.0003,2408,0.01,150.0,-13.07522756
2410,7091,48200,6,0.7967921495437622,-2.084951162338257,0.7408551573753357,1.613134741783142,0.0003,2409,0.01,150.0,-13.07522756
2411,7092,48220,6,0.5981160402297974,-2.1108689308166504,0.853938639163971,0.913787841796875,0.0003,2410,0.01,150.0,-13.07522756
2412,7092,48240,6,-0.2795960307121277,-2.0975875854492188,0.943620502948761,0.3409009575843811,0.0003,2411,0.01,150.0,-13.07522756
2413,7092,48260,6,-0.3772905766963959,-2.132201910018921,0.9880648255348206,0.11631006002426147,0.0003,2412,0.01,150.0,-13.07522756
2414,7092,48280,6,-0.07522588968276978,-2.135629653930664,0.9868977069854736,0.1120070368051529,0.0003,2413,0.01,150.0,-13.07522756
2415,7093,48300,6,0.22442929446697235,-2.1356492042541504,0.9926137328147888,0.06520511955022812,0.0003,2414,0.01,150.0,-13.07522756
2416,7093,48320,6,-0.28754475712776184,-2.132284164428711,0.9653508067131042,0.3902398943901062,0.0003,2415,0.01,150.0,-13.07522756
2417,7093,48340,6,-0.05345567315816879,-2.1526858806610107,0.9878095388412476,0.14607146382331848,0.0003,2416,0.01,150.0,-13.07522756
2418,7093,48360,6,1.2540870904922485,-2.1559834480285645,0.9304825663566589,1.1454147100448608,0.0003,2417,0.01,150.0,-13.07522756
2419,7094,48380,6,0.2213432788848877,-2.1498711109161377,0.9776159524917603,0.3271320164203644,0.0003,2418,0.01,150.0,-13.07522756
2420,7094,48400,6,-0.700778603553772,-2.1528422832489014,0.9833667874336243,0.30428963899612427,0.0003,2419,0.01,150.0,-13.07522756
2421,7094,48420,6,0.31565606594085693,-2.131056070327759,0.9639054536819458,0.5667510032653809,0.0003,2420,0.01,150.0,-13.07522756
2422,7095,48440,6,-0.6685740351676941,-2.119859218597412,0.972152054309845,0.4778939187526703,0.0003,2421,0.01,150.0,-13.07522756
2423,7095,48460,6,-0.39358678460121155,-2.1335902214050293,0.9366973638534546,0.6392558813095093,0.0003,2422,0.01,150.0,-13.07522756
2424,7095,48480,6,0.3272881507873535,-2.127826690673828,0.9364254474639893,0.4764938950538635,0.0003,2423,0.01,150.0,-13.07522756
2425,7096,48500,6,1.1642086505889893,-2.0939676761627197,0.8692450523376465,1.4478809833526611,0.0003,2424,0.01,150.0,-13.07522756
2426,7096,48520,6,0.6444201469421387,-2.105074405670166,0.6961934566497803,1.6228225231170654,0.0003,2425,0.01,150.0,-13.07522756
2427,7096,48540,6,-0.3082374930381775,-2.0923752784729004,-0.03686690330505371,2.093719720840454,0.0003,2426,0.01,150.0,-13.07522756
2428,7097,48560,6,-0.10058058798313141,-2.1064980030059814,0.9648465514183044,0.11767168343067169,0.0003,2427,0.01,150.0,-13.07522756
2429,7097,48580,6,0.9994282722473145,-2.061392307281494,0.5010152459144592,0.8172629475593567,0.0003,2428,0.01,150.0,-13.07522756
2430,7097,48600,6,0.33170586824417114,-2.062293767929077,0.9329728484153748,0.1391461342573166,0.0003,2429,0.01,150.0,-12.802473499999996
2431,7097,48620,6,0.13057173788547516,-2.043273448944092,0.7329414486885071,0.4735160768032074,0.0003,2430,0.01,150.0,-12.802473499999996
2432,7098,48640,6,-0.29037994146347046,-2.090867757797241,0.7001118659973145,0.12729227542877197,0.0003,2431,0.01,150.0,-12.802473499999996
2433,7098,48660,6,-0.16564296185970306,-2.1004059314727783,0.8888821601867676,0.04794245958328247,0.0003,2432,0.01,150.0,-12.802473499999996
2434,7098,48680,6,-0.5022989511489868,-2.1018123626708984,0.8827757835388184,0.12200729548931122,0.0003,2433,0.01,150.0,-12.802473499999996
2435,7099,48700,6,-0.2506043612957001,-2.103344440460205,0.8987146615982056,0.05094323679804802,0.0003,2434,0.01,150.0,-12.802473499999996
2436,7099,48720,6,0.3841817080974579,-2.083655834197998,0.11530780792236328,0.770382285118103,0.0003,2435,0.01,150.0,-12.802473499999996
2437,7099,48740,6,1.293670415878296,-2.066049098968506,-0.045055270195007324,0.7467304468154907,0.0003,2436,0.01,150.0,-12.802473499999996
2438,7100,48760,6,0.6170397400856018,-2.0549535751342773,0.49942588806152344,0.824905276298523,0.0003,2437,0.01,150.0,-12.802473499999996
2439,7100,48780,6,-0.31174618005752563,-2.0560848712921143,0.7965231537818909,0.28230395913124084,0.0003,2438,0.01,150.0,-12.802473499999996
2440,7100,48800,6,0.9351118206977844,-2.005510091781616,0.4056103825569153,3.1517841815948486,0.0003,2439,0.01,150.0,-12.802473499999996
2441,7100,48820,6,-0.19742348790168762,-2.0466573238372803,0.989804744720459,0.039670079946517944,0.0003,2440,0.01,150.0,-12.802473499999996
2442,7100,48840,6,-0.39341896772384644,-2.049640655517578,0.8990753889083862,0.2479664385318756,0.0003,2441,0.01,150.0,-12.802473499999996
2443,7101,48860,6,-0.028255928307771683,-2.059098720550537,0.8733923435211182,0.3476308584213257,0.0003,2442,0.01,150.0,-12.802473499999996
2444,7100,48880,6,0.4605282247066498,-2.0827839374542236,0.8796635866165161,0.49728959798812866,0.0003,2443,0.01,150.0,-12.802473499999996
2445,7100,48900,6,1.1764068603515625,-2.037977695465088,0.4001273512840271,3.5474631786346436,0.0003,2444,0.01,150.0,-12.802473499999996
2446,7100,48920,6,0.3178706467151642,-2.085789918899536,0.8319128751754761,0.9260363578796387,0.0003,2445,0.01,150.0,-12.802473499999996
2447,7100,48940,6,-0.4958764910697937,-2.08967661857605,0.9788044691085815,0.15472829341888428,0.0003,2446,0.01,150.0,-12.802473499999996
2448,7101,48960,6,-0.33982354402542114,-2.088456630706787,0.9909573197364807,0.06396330893039703,0.0003,2447,0.01,150.0,-12.802473499999996
2449,7101,48980,6,-0.16790173947811127,-2.0873498916625977,0.9856845140457153,0.06027435138821602,0.0003,2448,0.01,150.0,-12.802473499999996
2450,7101,49000,6,-0.42959293723106384,-2.10505747795105,0.9842057824134827,0.08756246417760849,0.0003,2449,0.01,150.0,-12.802473499999996
2451,7102,49020,6,-0.0073164403438568115,-2.116220235824585,0.9109351634979248,0.2626458704471588,0.0003,2450,0.01,150.0,-12.802473499999996
2452,7102,49040,6,-0.7547963261604309,-2.0976920127868652,0.9604771137237549,0.21783030033111572,0.0003,2451,0.01,150.0,-12.802473499999996
2453,7102,49060,6,-0.362236887216568,-2.0667269229888916,0.880264401435852,0.2644817531108856,0.0003,2452,0.01,150.0,-12.802473499999996
2454,7102,49080,6,-0.5139198303222656,-2.0796921253204346,0.9367409944534302,0.15455122292041779,0.0003,2453,0.01,150.0,-12.802473499999996
2455,7102,49100,6,0.40343889594078064,-2.0785973072052,0.7431527972221375,0.6208569407463074,0.0003,2454,0.01,150.0,-12.802473499999996
2456,7103,49120,6,0.252719908952713,-2.024196147918701,0.9256548285484314,0.1835891604423523,0.0003,2455,0.01,150.0,-12.802473499999996
2457,7103,49140,6,-0.007994559593498707,-2.029428720474243,0.9437509775161743,0.15917368233203888,0.0003,2456,0.01,150.0,-12.802473499999996
2458,7103,49160,6,-0.09228938817977905,-2.0584030151367188,0.9678662419319153,0.08316266536712646,0.0003,2457,0.01,150.0,-12.802473499999996
2459,7103,49180,6,-0.39234575629234314,-2.0530571937561035,0.9877337217330933,0.06812233477830887,0.0003,2458,0.01,150.0,-12.802473499999996
2460,7103,49200,6,-0.31109336018562317,-2.0651028156280518,0.9490622282028198,0.10494254529476166,0.0003,2459,0.01,150.0,-12.547719520000001
2461,7104,49220,6,-0.11711263656616211,-2.08451247215271,0.912700891494751,0.09452921152114868,0.0003,2460,0.01,150.0,-12.547719520000001
2462,7104,49240,6,-0.10755755752325058,-2.103516101837158,0.5485072135925293,0.5028018951416016,0.0003,2461,0.01,150.0,-12.547719520000001
2463,7104,49260,6,-0.9316341280937195,-2.107539653778076,0.8657916784286499,0.3066503405570984,0.0003,2462,0.01,150.0,-12.547719520000001
2464,7104,49280,6,-0.8292677998542786,-2.1143879890441895,0.8983197212219238,0.2371949404478073,0.0003,2463,0.01,150.0,-12.547719520000001
2465,7105,49300,6,-0.27744489908218384,-2.113950729370117,0.7529026865959167,0.31614795327186584,0.0003,2464,0.01,150.0,-12.547719520000001
2466,7105,49320,6,-0.16971032321453094,-2.10727596282959,0.9495294690132141,0.09252287447452545,0.0003,2465,0.01,150.0,-12.547719520000001
2467,7105,49340,6,-0.918892502784729,-2.1040189266204834,0.09747123718261719,0.7921304702758789,0.0003,2466,0.01,150.0,-12.547719520000001
2468,7106,49360,6,0.6744884252548218,-2.11910080909729,0.2881539463996887,0.86976158618927,0.0003,2467,0.01,150.0,-12.547719520000001
2469,7106,49380,6,-0.46143975853919983,-2.1242337226867676,0.8078687191009521,0.21703824400901794,0.0003,2468,0.01,150.0,-12.547719520000001
2470,7106,49400,6,-0.39094647765159607,-2.1432254314422607,0.871649444103241,0.10899783670902252,0.0003,2469,0.01,150.0,-12.547719520000001
2471,7106,49420,6,-0.34290841221809387,-2.14532470703125,0.8736109137535095,0.1799832433462143,0.0003,2470,0.01,150.0,-12.547719520000001
2472,7106,49440,6,0.7510190010070801,-2.1256794929504395,0.7627605199813843,0.8708068132400513,0.0003,2471,0.01,150.0,-12.547719520000001
2473,7106,49460,6,1.070871114730835,-2.147341728210449,0.4210624694824219,1.9258657693862915,0.0003,2472,0.01,150.0,-12.547719520000001
2474,7106,49480,6,-0.09361143410205841,-2.1493616104125977,0.9108790159225464,0.22977499663829803,0.0003,2473,0.01,150.0,-12.547719520000001
2475,7107,49500,6,0.6739062070846558,-2.122849941253662,0.8223397731781006,0.6836528182029724,0.0003,2474,0.01,150.0,-12.547719520000001
2476,7107,49520,6,-0.5305336117744446,-2.157696008682251,0.9792333245277405,0.12356384098529816,0.0003,2475,0.01,150.0,-12.547719520000001
2477,7107,49540,6,-0.2977427840232849,-2.1663081645965576,0.9719144701957703,0.09412376582622528,0.0003,2476,0.01,150.0,-12.547719520000001
2478,7107,49560,6,0.3405894935131073,-2.1329808235168457,0.5342998504638672,1.4735450744628906,0.0003,2477,0.01,150.0,-12.547719520000001
2479,7107,49580,6,-0.07504528760910034,-2.142514228820801,0.9596887230873108,0.11689682304859161,0.0003,2478,0.01,150.0,-12.547719520000001
2480,7108,49600,6,0.6467313766479492,-2.0997445583343506,0.21272045373916626,1.5903854370117188,0.0003,2479,0.01,150.0,-12.547719520000001
2481,7108,49620,6,0.1440896987915039,-2.0843214988708496,0.37204670906066895,0.664625346660614,0.0003,2480,0.01,150.0,-12.547719520000001
2482,7108,49640,6,-0.13240911066532135,-2.1233022212982178,0.6773507595062256,0.294050931930542,0.0003,2481,0.01,150.0,-12.547719520000001
2483,7108,49660,6,0.50864577293396,-2.0916640758514404,0.5934507846832275,0.3053891062736511,0.0003,2482,0.01,150.0,-12.547719520000001
2484,7109,49680,6,0.9230972528457642,-2.1435325145721436,0.5610179901123047,0.6952354311943054,0.0003,2483,0.01,150.0,-12.547719520000001
2485,7109,49700,6,0.3683343827724457,-2.1138651371002197,0.795796275138855,0.20300821959972382,0.0003,2484,0.01,150.0,-12.547719520000001
2486,7109,49720,6,-0.3449237048625946,-2.0992023944854736,0.8257123231887817,0.13556763529777527,0.0003,2485,0.01,150.0,-12.547719520000001
2487,7110,49740,6,-0.17291709780693054,-2.029183864593506,0.6941323280334473,0.15051160752773285,0.0003,2486,0.01,150.0,-12.547719520000001
2488,7110,49760,6,0.30181217193603516,-2.066992998123169,0.1407349705696106,0.8542038798332214,0.0003,2487,0.01,150.0,-12.547719520000001
2489,7110,49780,7,-0.25554415583610535,-2.075077533721924,0.4471566081047058,0.19749875366687775,0.0003,2488,0.01,150.0,-12.547719520000001
2490,7110,49800,7,-0.43961644172668457,-2.055025577545166,0.6750050783157349,0.1241348534822464,0.0003,2489,0.01,150.0,-12.558539289999999
2491,7110,49820,7,-0.4618584215641022,-2.0851855278015137,0.6784117221832275,0.07767549157142639,0.0003,2490,0.01,150.0,-12.558539289999999
2492,7109,49840,7,0.4978888928890228,-2.01192045211792,0.7121740579605103,0.3374018669128418,0.0003,2491,0.01,150.0,-12.558539289999999
2493,7109,49860,7,-0.16824868321418762,-2.036452293395996,0.9122753739356995,0.1292458027601242,0.0003,2492,0.01,150.0,-12.558539289999999
2494,7108,49880,7,-0.3148081302642822,-2.0519251823425293,0.9050734639167786,0.23666611313819885,0.0003,2493,0.01,150.0,-12.558539289999999
2495,7107,49900,7,0.16111639142036438,-2.058298349380493,0.9335598945617676,0.24260234832763672,0.0003,2494,0.01,150.0,-12.558539289999999
2496,7107,49920,7,-0.1442718356847763,-2.077244758605957,0.9639870524406433,0.15222211182117462,0.0003,2495,0.01,150.0,-12.558539289999999
2497,7106,49940,7,0.20793834328651428,-2.0949583053588867,0.9696836471557617,0.17996607720851898,0.0003,2496,0.01,150.0,-12.558539289999999
2498,7105,49960,7,0.06686507165431976,-2.0706310272216797,0.9623684287071228,0.21090710163116455,0.0003,2497,0.01,150.0,-12.558539289999999
2499,7105,49980,7,-0.29516229033470154,-2.096224546432495,0.9756328463554382,0.15488570928573608,0.0003,2498,0.01,150.0,-12.558539289999999
2500,7099,50000,7,0.4384595453739166,-2.1124989986419678,0.9383215308189392,0.24215790629386902,0.0003,2499,0.01,150.0,-12.558539289999999
2501,7098,50020,7,-0.973242461681366,-2.094902753829956,0.9152141213417053,0.4551358222961426,0.0003,2500,0.01,150.0,-12.558539289999999
2502,7085,50040,7,-0.1797364205121994,-2.1192870140075684,0.9801025390625,0.06757210195064545,0.0003,2501,0.01,150.0,-12.558539289999999
2503,7046,50060,7,0.6589058041572571,-2.1307835578918457,0.8995053768157959,0.49150657653808594,0.0003,2502,0.01,150.0,-12.558539289999999
2504,7036,50080,7,-0.15660008788108826,-2.0885767936706543,0.8902148604393005,0.8582288026809692,0.0003,2503,0.01,150.0,-12.558539289999999
2505,7035,50100,7,0.8553119897842407,-2.079486131668091,0.9198636412620544,1.0341179370880127,0.0003,2504,0.01,150.0,-12.558539289999999
2506,7034,50120,7,-0.4197792112827301,-2.1226725578308105,0.9118152856826782,0.46404513716697693,0.0003,2505,0.01,150.0,-12.558539289999999
2507,7034,50140,7,-0.5303484201431274,-2.132272720336914,0.9839534759521484,0.13471302390098572,0.0003,2506,0.01,150.0,-12.558539289999999
2508,7034,50160,7,0.09210629761219025,-2.146665096282959,0.9519903063774109,0.1450408697128296,0.0003,2507,0.01,150.0,-12.558539289999999
2509,7034,50180,7,-0.9535942077636719,-2.1237399578094482,0.9541407227516174,0.25855106115341187,0.0003,2508,0.01,150.0,-12.558539289999999
2510,7033,50200,7,-0.4028264880180359,-2.0961215496063232,0.9747652411460876,0.07118944078683853,0.0003,2509,0.01,150.0,-12.558539289999999
2511,7033,50220,7,-0.3363063335418701,-2.115356922149658,0.8487621545791626,0.13261497020721436,0.0003,2510,0.01,150.0,-12.558539289999999
2512,7032,50240,7,-0.558174192905426,-2.1276235580444336,0.6167237758636475,0.14566223323345184,0.0003,2511,0.01,150.0,-12.558539289999999
2513,7032,50260,7,-0.38461077213287354,-2.091346263885498,0.7911542654037476,0.1327645480632782,0.0003,2512,0.01,150.0,-12.558539289999999
2514,7032,50280,7,-0.20658078789710999,-2.0643279552459717,0.07277494668960571,0.07577937096357346,0.0003,2513,0.01,150.0,-12.558539289999999
2515,7032,50300,7,-0.31833967566490173,-2.068167209625244,0.7463080883026123,0.05246797204017639,0.0003,2514,0.01,150.0,-12.558539289999999
2516,7032,50320,7,-0.21740689873695374,-2.06632924079895,0.5643461346626282,0.027613360434770584,0.0003,2515,0.01,150.0,-12.558539289999999
2517,7032,50340,7,-0.5121490359306335,-2.085451602935791,-1.1100091934204102,0.08386127650737762,0.0003,2516,0.01,150.0,-12.558539289999999
2518,7032,50360,7,-0.630782961845398,-2.0800528526306152,-0.16477525234222412,0.17444410920143127,0.0003,2517,0.01,150.0,-12.558539289999999
2519,7032,50380,7,-0.381841242313385,-2.0669445991516113,-0.25486481189727783,0.07782250642776489,0.0003,2518,0.01,150.0,-12.558539289999999
2520,7031,50400,7,-0.25255152583122253,-2.085847854614258,0.33363914489746094,0.03926190733909607,0.0003,2519,0.0,150.0,-12.91522471
2521,7031,50420,7,-0.2566626965999603,-2.0883450508117676,0.07247722148895264,0.04806492105126381,0.0003,2520,0.0,150.0,-12.91522471
2522,7031,50440,7,-0.24105024337768555,-2.065608501434326,0.8646254539489746,0.055430661886930466,0.0003,2521,0.0,150.0,-12.91522471
2523,7031,50460,7,-0.5080803632736206,-2.0640506744384766,0.8155443072319031,0.1322048455476761,0.0003,2522,0.0,150.0,-12.91522471
2524,7030,50480,7,-1.3796840906143188,-2.070765972137451,0.667004406452179,0.5328463912010193,0.0003,2523,0.0,150.0,-12.91522471
2525,7030,50500,7,-0.28449052572250366,-2.0722732543945312,0.8795408010482788,0.12980934977531433,0.0003,2524,0.0,150.0,-12.91522471
2526,7030,50520,7,-0.1449153870344162,-2.086169719696045,0.9136184453964233,0.05708809569478035,0.0003,2525,0.0,150.0,-12.91522471
2527,7029,50540,7,0.5422722697257996,-2.0705783367156982,0.5456935167312622,0.2855246961116791,0.0003,2526,0.0,150.0,-12.91522471
2528,7029,50560,7,1.1416947841644287,-2.0444750785827637,0.47079265117645264,1.573986291885376,0.0003,2527,0.0,150.0,-12.91522471
2529,7029,50580,7,0.5136526226997375,-2.0965042114257812,0.9271973967552185,0.23372241854667664,0.0003,2528,0.0,150.0,-12.91522471
2530,7029,50600,7,0.14617840945720673,-2.080920696258545,0.9226200580596924,0.21420812606811523,0.0003,2529,0.0,150.0,-12.91522471
2531,7029,50620,7,-0.05311112478375435,-2.1041831970214844,0.7980100512504578,0.2435784637928009,0.0003,2530,0.0,150.0,-12.91522471
2532,7029,50640,7,-0.4597081243991852,-2.1075551509857178,0.9423770308494568,0.1074083223938942,0.0003,2531,0.0,150.0,-12.91522471
2533,7029,50660,7,1.99056875705719,-2.063946008682251,0.4542986750602722,3.2174010276794434,0.0003,2532,0.0,150.0,-12.91522471
2534,7029,50680,7,2.0419185161590576,-1.9816162586212158,0.2782614231109619,2.7656822204589844,0.0003,2533,0.0,150.0,-12.91522471
2535,7029,50700,7,-0.4753182828426361,-2.014003276824951,0.7734624147415161,0.4457013010978699,0.0003,2534,0.0,150.0,-12.91522471
2536,7029,50720,7,-0.22453558444976807,-2.068824052810669,0.8885525465011597,0.08016961067914963,0.0003,2535,0.0,150.0,-12.91522471
2537,7029,50740,7,0.47307872772216797,-2.010876417160034,0.13796621561050415,1.1819168329238892,0.0003,2536,0.0,150.0,-12.91522471
2538,7030,50760,7,0.41152992844581604,-1.980006217956543,-0.23000407218933105,0.9030255079269409,0.0003,2537,0.0,150.0,-12.91522471
2539,7030,50780,7,0.8988622426986694,-2.031768798828125,0.18761777877807617,1.6924976110458374,0.0003,2538,0.0,150.0,-12.91522471
2540,7030,50800,7,-0.4068044126033783,-2.0159854888916016,0.6572269201278687,0.14899127185344696,0.0003,2539,0.0,150.0,-12.91522471
2541,7030,50820,7,-0.20618300139904022,-1.995642066001892,0.3970991373062134,0.19473960995674133,0.0003,2540,0.0,150.0,-12.91522471
2542,7030,50840,7,-0.6220203638076782,-2.0625414848327637,0.4881104826927185,0.1546657830476761,0.0003,2541,0.0,150.0,-12.91522471
2543,7030,50860,7,-0.3438369035720825,-2.0576794147491455,-0.012259125709533691,0.1591803878545761,0.0003,2542,0.0,150.0,-12.91522471
2544,7030,50880,7,-0.6313297152519226,-2.066026210784912,-0.002648591995239258,0.17513693869113922,0.0003,2543,0.0,150.0,-12.91522471
2545,7031,50900,7,-0.03262098506093025,-2.0562052726745605,-0.05676078796386719,0.6580165028572083,0.0003,2544,0.0,150.0,-12.91522471
2546,7031,50920,7,-0.3602541983127594,-2.1064534187316895,-0.11317074298858643,0.049009375274181366,0.0003,2545,0.0,150.0,-12.91522471
2547,7031,50940,7,-0.38835692405700684,-2.07271146774292,0.09144091606140137,0.08021833002567291,0.0003,2546,0.0,150.0,-12.91522471
2548,7031,50960,7,-0.24705931544303894,-2.0497429370880127,0.08904719352722168,0.07882587611675262,0.0003,2547,0.0,150.0,-12.91522471
2549,7031,50980,7,-0.5746583342552185,-2.069005250930786,-0.010457515716552734,0.1072588711977005,0.0003,2548,0.0,150.0,-12.91522471
2550,7031,51000,7,-0.22701923549175262,-2.071305751800537,0.08201217651367188,0.10661037266254425,0.0003,2549,0.0,150.0,-13.14781962
2551,7031,51020,7,-0.2174406349658966,-2.0613884925842285,0.11038434505462646,0.049164630472660065,0.0003,2550,0.0,150.0,-13.14781962
2552,7031,51040,7,0.5228571891784668,-2.05887508392334,-0.7780205011367798,0.2664739489555359,0.0003,2551,0.0,150.0,-13.14781962
2553,7031,51060,7,0.0867200493812561,-2.0739657878875732,0.5360188484191895,0.20241853594779968,0.0003,2552,0.0,150.0,-13.14781962
2554,7032,51080,7,0.11447415500879288,-2.0754189491271973,0.8737878799438477,0.10758879035711288,0.0003,2553,0.0,150.0,-13.14781962
2555,7032,51100,7,0.5396682024002075,-2.0668435096740723,0.801339864730835,0.7701400518417358,0.0003,2554,0.0,150.0,-13.14781962
2556,7032,51120,7,-0.18280905485153198,-2.0636281967163086,0.9105209112167358,0.21602292358875275,0.0003,2555,0.0,150.0,-13.14781962
2557,7033,51140,7,-0.15045586228370667,-2.084669351577759,0.9422240257263184,0.1665710210800171,0.0003,2556,0.0,150.0,-13.14781962
2558,7033,51160,7,-0.2818419933319092,-2.095313787460327,0.9906802773475647,0.04531200975179672,0.0003,2557,0.0,150.0,-13.14781962
2559,7033,51180,7,1.1548559665679932,-2.0667457580566406,0.22673219442367554,1.7646640539169312,0.0003,2558,0.0,150.0,-13.14781962
2560,7034,51200,7,0.28014230728149414,-2.0291907787323,0.7945859432220459,0.6491888761520386,0.0003,2559,0.0,150.0,-13.14781962
2561,7034,51220,7,0.5833039283752441,-2.0646376609802246,0.8599082827568054,0.44583407044410706,0.0003,2560,0.0,150.0,-13.14781962
2562,7034,51240,7,-0.8460503816604614,-2.0578689575195312,0.9742258787155151,0.1895948201417923,0.0003,2561,0.0,150.0,-13.14781962
2563,7034,51260,7,-0.5203335881233215,-2.0859375,0.9908984303474426,0.07729299366474152,0.0003,2562,0.0,150.0,-13.14781962
2564,7034,51280,7,0.6293343305587769,-2.0953686237335205,0.8267251253128052,0.2816922068595886,0.0003,2563,0.0,150.0,-13.14781962
2565,7034,51300,7,0.28979992866516113,-2.0932259559631348,0.9548638463020325,0.08861874043941498,0.0003,2564,0.0,150.0,-13.14781962
2566,7033,51320,7,-0.05398060008883476,-2.0946707725524902,0.652315616607666,0.6298432350158691,0.0003,2565,0.0,150.0,-13.14781962
2567,7033,51340,7,0.41003361344337463,-2.0730032920837402,0.6760609149932861,0.5482556223869324,0.0003,2566,0.0,150.0,-13.14781962
2568,7034,51360,7,0.23659634590148926,-1.978641152381897,0.3736467957496643,1.5785621404647827,0.0003,2567,0.0,150.0,-13.14781962
2569,7034,51380,7,1.3271315097808838,-2.0518383979797363,0.6140468120574951,0.8301771283149719,0.0003,2568,0.0,150.0,-13.14781962
2570,7034,51400,7,0.12600436806678772,-2.0604681968688965,0.7938429713249207,0.21530036628246307,0.0003,2569,0.0,150.0,-13.14781962
2571,7034,51420,7,0.7595216631889343,-2.017045497894287,0.5373587012290955,1.695858359336853,0.0003,2570,0.0,150.0,-13.14781962
2572,7034,51440,7,-0.46533459424972534,-1.934950590133667,0.9772255420684814,0.08003528416156769,0.0003,2571,0.0,150.0,-13.14781962
2573,7035,51460,7,0.059514809399843216,-1.9708731174468994,0.8565076589584351,0.0795205608010292,0.0003,2572,0.0,150.0,-13.14781962
2574,7035,51480,7,0.026520514860749245,-1.9683765172958374,-0.8475346565246582,1.3450157642364502,0.0003,2573,0.0,150.0,-13.14781962
2575,7035,51500,7,0.30549314618110657,-1.984544038772583,-0.0886223316192627,0.4421137869358063,0.0003,2574,0.0,150.0,-13.14781962
2576,7035,51520,7,-0.6245505213737488,-1.9474563598632812,0.5450926423072815,0.14416280388832092,0.0003,2575,0.0,150.0,-13.14781962
2577,7035,51540,7,-0.6105973124504089,-1.956274390220642,0.45048463344573975,0.17241999506950378,0.0003,2576,0.0,150.0,-13.14781962
2578,7036,51560,7,-0.5145161747932434,-1.9734739065170288,0.48107367753982544,0.09746011346578598,0.0003,2577,0.0,150.0,-13.14781962
2579,7035,51580,7,-0.49336567521095276,-1.9730224609375,0.5191220045089722,0.14192119240760803,0.0003,2578,0.0,150.0,-13.14781962
2580,7035,51600,7,-0.4733433723449707,-2.0090537071228027,0.15023475885391235,0.14675237238407135,0.0003,2579,0.0,150.0,-13.10366246
2581,7035,51620,7,-0.2224106788635254,-2.02424955368042,0.31216156482696533,0.08677289634943008,0.0003,2580,0.0,150.0,-13.10366246
2582,7035,51640,7,-0.03310704231262207,-2.069817304611206,0.3267586827278137,0.06332246959209442,0.0003,2581,0.0,150.0,-13.10366246
2583,7036,51660,7,-0.012179571203887463,-2.0829482078552246,0.7565749883651733,0.11425314098596573,0.0003,2582,0.0,150.0,-13.10366246
2584,7036,51680,7,-0.38375478982925415,-2.074462413787842,0.8567861318588257,0.2550469934940338,0.0003,2583,0.0,150.0,-13.10366246
2585,7036,51700,7,-0.5478686690330505,-2.07429575920105,0.9469670653343201,0.14912721514701843,0.0003,2584,0.0,150.0,-13.10366246
2586,7036,51720,7,0.48617514967918396,-2.0754034519195557,0.9049419164657593,0.1939416527748108,0.0003,2585,0.0,150.0,-13.10366246
2587,7037,51740,7,0.033315252512693405,-2.0582332611083984,0.9366297721862793,0.1157105565071106,0.0003,2586,0.0,150.0,-13.10366246
2588,7037,51760,7,-0.052408862859010696,-2.073146104812622,0.8298670649528503,0.24399776756763458,0.0003,2587,0.0,150.0,-13.10366246
2589,7037,51780,7,0.08953037858009338,-2.066373109817505,0.9672456979751587,0.034792300313711166,0.0003,2588,0.0,150.0,-13.10366246
2590,7037,51800,7,-0.09947958588600159,-2.0595054626464844,0.8506309986114502,0.10552431643009186,0.0003,2589,0.0,150.0,-13.10366246
2591,7038,51820,7,0.0006651699659414589,-2.0628697872161865,0.8752774596214294,0.0794597864151001,0.0003,2590,0.0,150.0,-13.10366246
2592,7038,51840,7,0.5982043147087097,-1.9971427917480469,0.04187852144241333,0.3430117070674896,0.0003,2591,0.0,150.0,-13.10366246
2593,7038,51860,7,1.5377585887908936,-1.9999706745147705,0.18353092670440674,3.5490615367889404,0.0003,2592,0.0,150.0,-13.10366246
2594,7038,51880,7,-0.16448912024497986,-2.0064618587493896,0.9211506843566895,0.14789532124996185,0.0003,2593,0.0,150.0,-13.10366246
2595,7038,51900,7,-0.16061778366565704,-2.0538089275360107,0.9177106618881226,0.14200451970100403,0.0003,2594,0.0,150.0,-13.10366246
2596,7039,51920,7,-0.31973737478256226,-2.1161019802093506,0.9815587997436523,0.04121024161577225,0.0003,2595,0.0,150.0,-13.10366246
2597,7039,51940,7,-0.18295839428901672,-2.123291492462158,0.8912045359611511,0.12871435284614563,0.0003,2596,0.0,150.0,-13.10366246
2598,7039,51960,7,0.19768735766410828,-2.1402058601379395,0.34348708391189575,1.0213215351104736,0.0003,2597,0.0,150.0,-13.10366246
2599,7040,51980,7,-0.32668668031692505,-2.0926010608673096,0.9163883328437805,0.10390486568212509,0.0003,2598,0.0,150.0,-13.10366246
2600,7040,52000,7,1.5621012449264526,-2.0818543434143066,0.36031049489974976,2.602508068084717,0.0003,2599,0.0,150.0,-13.10366246
2601,7040,52020,7,-0.6825112104415894,-2.0927579402923584,0.8540793061256409,0.18437449634075165,0.0003,2600,0.0,150.0,-13.10366246
2602,7041,52040,7,-0.17172591388225555,-2.0945804119110107,0.9072643518447876,0.04919350892305374,0.0003,2601,0.0,150.0,-13.10366246
2603,7041,52060,7,-0.19273240864276886,-2.0905041694641113,0.6176961064338684,0.05788180232048035,0.0003,2602,0.0,150.0,-13.10366246
2604,7041,52080,7,-0.13629892468452454,-2.0972976684570312,0.5418782234191895,0.04784417524933815,0.0003,2603,0.0,150.0,-13.10366246
2605,7042,52100,7,-0.3568659722805023,-2.071856737136841,0.5626815557479858,0.1052541583776474,0.0003,2604,0.0,150.0,-13.10366246
2606,7042,52120,7,-0.6149567365646362,-2.046968460083008,0.35541605949401855,0.1605330854654312,0.0003,2605,0.0,150.0,-13.10366246
2607,7042,52140,7,-0.4615672528743744,-2.105034589767456,0.35203272104263306,0.10168931633234024,0.0003,2606,0.0,150.0,-13.10366246
2608,7042,52160,7,-0.3157370090484619,-2.054720401763916,0.15635770559310913,0.04783308506011963,0.0003,2607,0.0,150.0,-13.10366246
2609,7042,52180,7,-0.47031623125076294,-2.066117763519287,0.016036033630371094,0.12450291216373444,0.0003,2608,0.0,150.0,-13.10366246
2610,7042,52200,7,-0.4962623715400696,-2.097024917602539,0.09541577100753784,0.10719243437051773,0.0003,2609,0.0,150.0,-13.609141090000001
2611,7042,52220,7,-0.3605414032936096,-2.101361036300659,0.05200463533401489,0.07632236927747726,0.0003,2610,0.0,150.0,-13.609141090000001
2612,7043,52240,7,0.3201019763946533,-2.080226421356201,0.6961321830749512,0.3035070300102234,0.0003,2611,0.0,150.0,-13.609141090000001
2613,7043,52260,7,0.22842974960803986,-2.0845017433166504,0.9287474751472473,0.12480665743350983,0.0003,2612,0.0,150.0,-13.609141090000001
2614,7042,52280,7,-0.4783390164375305,-2.086674213409424,0.946745753288269,0.19411006569862366,0.0003,2613,0.0,150.0,-13.609141090000001
2615,7041,52300,7,0.7505326271057129,-2.100067377090454,0.8980475068092346,0.5621504783630371,0.0003,2614,0.0,150.0,-13.609141090000001
2616,7041,52320,7,1.6554882526397705,-2.1124625205993652,0.8719682693481445,1.2158787250518799,0.0003,2615,0.0,150.0,-13.609141090000001
2617,7041,52340,7,0.8800560832023621,-2.0830326080322266,0.9002854824066162,0.9410179853439331,0.0003,2616,0.0,150.0,-13.609141090000001
2618,7042,52360,7,0.17546088993549347,-2.1263186931610107,0.9618375897407532,0.430661678314209,0.0003,2617,0.0,150.0,-13.609141090000001
2619,7042,52380,7,0.24957013130187988,-2.0982089042663574,0.9361441731452942,0.6346206665039062,0.0003,2618,0.0,150.0,-13.609141090000001
2620,7042,52400,7,-0.5976834297180176,-2.143872022628784,0.9880622029304504,0.202574223279953,0.0003,2619,0.0,150.0,-13.609141090000001
2621,7042,52420,7,0.6050852537155151,-2.1283249855041504,0.9100878238677979,0.669548511505127,0.0003,2620,0.0,150.0,-13.609141090000001
2622,7042,52440,7,0.5357071161270142,-2.0940146446228027,0.7863141298294067,1.3793227672576904,0.0003,2621,0.0,150.0,-13.609141090000001
2623,7042,52460,7,-0.12929992377758026,-2.124603748321533,0.9627851843833923,0.3555435836315155,0.0003,2622,0.0,150.0,-13.609141090000001
2624,7042,52480,7,-0.39223581552505493,-2.155014753341675,0.9762244820594788,0.3533826768398285,0.0003,2623,0.0,150.0,-13.609141090000001
2625,7043,52500,7,0.09348175674676895,-2.147928237915039,0.9764387607574463,0.3589695990085602,0.0003,2624,0.0,150.0,-13.609141090000001
2626,7043,52520,7,-0.4852888584136963,-2.155521869659424,0.9965952038764954,0.0984794870018959,0.0003,2625,0.0,150.0,-13.609141090000001
2627,7043,52540,7,-0.7225936055183411,-2.1516687870025635,0.9944288730621338,0.19128142297267914,0.0003,2626,0.0,150.0,-13.609141090000001
2628,7043,52560,7,1.721879243850708,-2.1232752799987793,0.9431381225585938,1.6728798151016235,0.0003,2627,0.0,150.0,-13.609141090000001
2629,7043,52580,7,0.49053892493247986,-2.1060614585876465,0.9794566631317139,0.3956008553504944,0.0003,2628,0.0,150.0,-13.609141090000001
2630,7044,52600,7,-0.5240032076835632,-2.1175742149353027,0.9944621324539185,0.1528809815645218,0.0003,2629,0.0,150.0,-13.609141090000001
2631,7044,52620,7,-0.13621899485588074,-2.1000561714172363,0.9925279021263123,0.1381935030221939,0.0003,2630,0.0,150.0,-13.609141090000001
2632,7044,52640,7,-0.5637842416763306,-2.137904405593872,0.9953033328056335,0.13117876648902893,0.0003,2631,0.0,150.0,-13.609141090000001
2633,7045,52660,7,-0.22769486904144287,-2.143641233444214,0.9932342171669006,0.07947958260774612,0.0003,2632,0.0,150.0,-13.609141090000001
2634,7045,52680,7,-0.21176977455615997,-2.131640672683716,0.9893569350242615,0.09620042890310287,0.0003,2633,0.0,150.0,-13.609141090000001
2635,7045,52700,7,-1.0347291231155396,-2.1308603286743164,0.9404696226119995,0.4058903157711029,0.0003,2634,0.0,150.0,-13.609141090000001
2636,7046,52720,7,-0.36319416761398315,-2.1229801177978516,0.9738641381263733,0.07918820530176163,0.0003,2635,0.0,150.0,-13.609141090000001
2637,7045,52740,7,-0.20237717032432556,-2.122490644454956,0.8270304799079895,0.12891118228435516,0.0003,2636,0.0,150.0,-13.609141090000001
2638,7045,52760,7,-0.20758648216724396,-2.127603054046631,0.7018791437149048,0.06474248319864273,0.0003,2637,0.0,150.0,-13.609141090000001
2639,7046,52780,7,0.08202846348285675,-2.119420289993286,-0.23501896858215332,0.16723746061325073,0.0003,2638,0.0,150.0,-13.609141090000001
2640,7045,52800,7,-0.0621148943901062,-2.1170268058776855,0.3195503354072571,0.031440895050764084,0.0003,2639,0.0,150.0,-13.671180219999998
2641,7046,52820,7,-0.3429321348667145,-2.1117372512817383,-0.6175240278244019,0.04649186134338379,0.0003,2640,0.0,150.0,-13.671180219999998
2642,7046,52840,7,0.019708335399627686,-2.0985207557678223,-0.3653663396835327,0.265339732170105,0.0003,2641,0.0,150.0,-13.671180219999998
2643,7046,52860,7,-0.666765570640564,-2.1139140129089355,0.08582699298858643,0.213937908411026,0.0003,2642,0.0,150.0,-13.671180219999998
2644,7047,52880,7,-0.47692275047302246,-2.1262948513031006,0.4986422657966614,0.3005625903606415,0.0003,2643,0.0,150.0,-13.671180219999998
2645,7047,52900,7,-0.2561543881893158,-2.131647825241089,0.8894240260124207,0.08385046571493149,0.0003,2644,0.0,150.0,-13.671180219999998
2646,7047,52920,7,-0.07157526165246964,-2.1335349082946777,0.8592731356620789,0.15902721881866455,0.0003,2645,0.0,150.0,-13.671180219999998
2647,7047,52940,7,0.9068402051925659,-2.1438381671905518,0.890575110912323,0.33405786752700806,0.0003,2646,0.0,150.0,-13.671180219999998
2648,7047,52960,7,1.4998068809509277,-2.125771999359131,0.706366777420044,1.4879322052001953,0.0003,2647,0.0,150.0,-13.671180219999998
2649,7047,52980,7,0.18043550848960876,-2.094083309173584,0.9329127073287964,0.31175386905670166,0.0003,2648,0.0,150.0,-13.671180219999998
2650,7048,53000,7,0.11276231706142426,-2.1628546714782715,0.9839709997177124,0.0708535686135292,0.0003,2649,0.0,150.0,-13.671180219999998
2651,7048,53020,7,0.9094152450561523,-2.1541831493377686,0.8759589791297913,1.0592663288116455,0.0003,2650,0.0,150.0,-13.671180219999998
2652,7048,53040,7,0.15748006105422974,-2.163290500640869,0.9600843787193298,0.255401611328125,0.0003,2651,0.0,150.0,-13.671180219999998
2653,7048,53060,7,-0.13279134035110474,-2.1518542766571045,0.9766623377799988,0.1191769391298294,0.0003,2652,0.0,150.0,-13.671180219999998
2654,7048,53080,7,-0.15749788284301758,-2.1564574241638184,0.940451443195343,0.23967686295509338,0.0003,2653,0.0,150.0,-13.671180219999998
2655,7048,53100,7,0.6614967584609985,-2.1663246154785156,0.945037305355072,0.33032089471817017,0.0003,2654,0.0,150.0,-13.671180219999998
2656,7048,53120,7,0.6245132684707642,-2.1669342517852783,0.9357427358627319,0.3595506250858307,0.0003,2655,0.0,150.0,-13.671180219999998
2657,7048,53140,7,0.939067542552948,-2.168236255645752,0.8878512978553772,0.7610651850700378,0.0003,2656,0.0,150.0,-13.671180219999998
2658,7048,53160,7,-0.12918822467327118,-2.148545980453491,0.9538594484329224,0.24551253020763397,0.0003,2657,0.0,150.0,-13.671180219999998
2659,7048,53180,7,-0.4426671862602234,-2.1309330463409424,0.9242562651634216,0.45765265822410583,0.0003,2658,0.0,150.0,-13.671180219999998
2660,7049,53200,7,0.29728472232818604,-2.1432416439056396,0.9896272420883179,0.07266901433467865,0.0003,2659,0.0,150.0,-13.671180219999998
2661,7049,53220,7,1.0484164953231812,-2.1279568672180176,0.9030976295471191,0.8321024775505066,0.0003,2660,0.0,150.0,-13.671180219999998
2662,7049,53240,7,-0.7212544679641724,-2.1350319385528564,0.9646520614624023,0.2614021301269531,0.0003,2661,0.0,150.0,-13.671180219999998
2663,7049,53260,7,0.974347710609436,-2.127516508102417,0.8870702981948853,1.0217092037200928,0.0003,2662,0.0,150.0,-13.671180219999998
2664,7048,53280,7,-0.6883035898208618,-2.098193645477295,0.9685912132263184,0.22802293300628662,0.0003,2663,0.0,150.0,-13.671180219999998
2665,7049,53300,7,0.3909875750541687,-2.132073163986206,0.8932634592056274,0.45681682229042053,0.0003,2664,0.0,150.0,-13.671180219999998
2666,7049,53320,7,1.0575447082519531,-2.098706007003784,0.8675693869590759,0.8773605227470398,0.0003,2665,0.0,150.0,-13.671180219999998
2667,7049,53340,7,-0.4536833167076111,-2.133063793182373,0.9708889126777649,0.10392183065414429,0.0003,2666,0.0,150.0,-13.671180219999998
2668,7049,53360,7,0.15765437483787537,-2.13570499420166,0.8614712953567505,0.2592899203300476,0.0003,2667,0.0,150.0,-13.671180219999998
2669,7049,53380,7,0.22424578666687012,-2.0980944633483887,-0.350894570350647,0.7585790753364563,0.0003,2668,0.0,150.0,-13.671180219999998
2670,7049,53400,7,-0.025509322062134743,-2.1237287521362305,0.908079206943512,0.07376407086849213,0.0003,2669,0.0,150.0,-13.46758088
2671,7049,53420,7,0.071710005402565,-2.1204302310943604,0.7261781692504883,0.34905222058296204,0.0003,2670,0.0,150.0,-13.46758088
2672,7049,53440,7,-0.1718030869960785,-2.1342613697052,0.9251798987388611,0.10820593684911728,0.0003,2671,0.0,150.0,-13.46758088
2673,7049,53460,7,-0.164866641163826,-2.1384003162384033,0.9823488593101501,0.035252269357442856,0.0003,2672,0.0,150.0,-13.46758088
2674,7050,53480,7,0.11281494051218033,-2.149158477783203,0.8758135437965393,0.1253366619348526,0.0003,2673,0.0,150.0,-13.46758088
2675,7050,53500,7,-0.02115311101078987,-2.153644561767578,0.9124664068222046,0.2824743688106537,0.0003,2674,0.0,150.0,-13.46758088
2676,7050,53520,7,0.31259456276893616,-2.1501379013061523,0.9498516321182251,0.22905011475086212,0.0003,2675,0.0,150.0,-13.46758088
2677,7050,53540,7,-0.18219652771949768,-2.1494174003601074,0.9805111289024353,0.12462256103754044,0.0003,2676,0.0,150.0,-13.46758088
2678,7050,53560,7,1.060972809791565,-2.1617491245269775,0.9623456001281738,0.6309775114059448,0.0003,2677,0.0,150.0,-13.46758088
2679,7051,53580,7,0.8651107549667358,-2.1474149227142334,0.9419349431991577,0.8564509153366089,0.0003,2678,0.0,150.0,-13.46758088
2680,7051,53600,7,-0.6412538290023804,-2.1596713066101074,0.9843057990074158,0.2561737596988678,0.0003,2679,0.0,150.0,-13.46758088
2681,7051,53620,7,0.7225004434585571,-2.166727066040039,0.9425162076950073,0.9395796060562134,0.0003,2680,0.0,150.0,-13.46758088
2682,7051,53640,7,0.29205259680747986,-2.1251540184020996,0.9425102472305298,1.123008370399475,0.0003,2681,0.0,150.0,-13.46758088
2683,7052,53660,7,0.00909891165792942,-2.1495206356048584,0.9482778310775757,1.1337062120437622,0.0003,2682,0.0,150.0,-13.46758088
2684,7052,53680,7,-0.5452781319618225,-2.148894786834717,0.996336042881012,0.1480509638786316,0.0003,2683,0.0,150.0,-13.46758088
2685,7052,53700,7,-0.8576211929321289,-2.1571428775787354,0.9955435991287231,0.22904865443706512,0.0003,2684,0.0,150.0,-13.46758088
2686,7052,53720,7,2.2524971961975098,-2.1432526111602783,0.9137912392616272,2.9979283809661865,0.0003,2685,0.0,150.0,-13.46758088
2687,7052,53740,7,-0.23957905173301697,-2.077134132385254,0.969603419303894,0.44944849610328674,0.0003,2686,0.0,150.0,-13.46758088
2688,7052,53760,7,0.4785705506801605,-2.111173152923584,0.936107873916626,0.8745176196098328,0.0003,2687,0.0,150.0,-13.46758088
2689,7052,53780,7,0.4776182174682617,-2.1144614219665527,0.9393705725669861,0.9028274416923523,0.0003,2688,0.0,150.0,-13.46758088
2690,7052,53800,7,-0.16691076755523682,-2.1415517330169678,0.9559870958328247,0.6186407208442688,0.0003,2689,0.0,150.0,-13.46758088
2691,7052,53820,7,-1.2541344165802002,-2.1461844444274902,0.9548794031143188,0.7075267434120178,0.0003,2690,0.0,150.0,-13.46758088
2692,7052,53840,7,-0.14318647980690002,-2.0974714756011963,0.9666150212287903,0.35279810428619385,0.0003,2691,0.0,150.0,-13.46758088
2693,7053,53860,7,-0.6573230028152466,-2.071099281311035,0.9794417023658752,0.29252511262893677,0.0003,2692,0.0,150.0,-13.46758088
2694,7053,53880,7,0.04524534195661545,-2.048661470413208,0.99458909034729,0.04589885100722313,0.0003,2693,0.0,150.0,-13.46758088
2695,7053,53900,7,0.01700272597372532,-2.1090121269226074,0.9562710523605347,0.2038402557373047,0.0003,2694,0.0,150.0,-13.46758088
2696,7053,53920,7,0.49686890840530396,-2.076871871948242,0.9353436231613159,0.46686941385269165,0.0003,2695,0.0,150.0,-13.46758088
2697,7053,53940,7,0.3427819311618805,-2.082401990890503,0.9584049582481384,0.3020264506340027,0.0003,2696,0.0,150.0,-13.46758088
2698,7054,53960,7,1.2119340896606445,-2.043290615081787,0.7390614151954651,2.151813507080078,0.0003,2697,0.0,150.0,-13.46758088
2699,7054,53980,7,-0.642546534538269,-2.0314793586730957,0.9871563911437988,0.13889984786510468,0.0003,2698,0.0,150.0,-13.46758088
2700,7054,54000,7,-0.01431854348629713,-2.0458168983459473,0.9814343452453613,0.06972958147525787,0.0003,2699,0.0,150.0,-13.322996160000002
2701,7054,54020,7,0.14366096258163452,-2.0662426948547363,0.9725981950759888,0.11244307458400726,0.0003,2700,0.0,150.0,-13.322996160000002
2702,7054,54040,7,-0.15038326382637024,-2.062520980834961,0.9055119752883911,0.1143045425415039,0.0003,2701,0.0,150.0,-13.322996160000002
2703,7054,54060,7,-0.10972774028778076,-2.0795419216156006,0.7631072998046875,0.37185510993003845,0.0003,2702,0.0,150.0,-13.322996160000002
2704,7054,54080,7,-0.43656548857688904,-2.0858685970306396,0.9715120196342468,0.11241044849157333,0.0003,2703,0.0,150.0,-13.322996160000002
2705,7055,54100,7,-0.457714319229126,-2.0838065147399902,0.9563895463943481,0.1720924824476242,0.0003,2704,0.0,150.0,-13.322996160000002
2706,7055,54120,7,-0.1833283007144928,-2.0684823989868164,0.9203956723213196,0.34000927209854126,0.0003,2705,0.0,150.0,-13.322996160000002
2707,7055,54140,7,0.08815544098615646,-2.0490293502807617,0.9686139225959778,0.19483694434165955,0.0003,2706,0.0,150.0,-13.322996160000002
2708,7055,54160,7,0.7964420318603516,-2.073521375656128,0.9460375308990479,0.5035289525985718,0.0003,2707,0.0,150.0,-13.322996160000002
2709,7056,54180,7,0.4387694299221039,-2.008971929550171,0.8909968137741089,1.1801273822784424,0.0003,2708,0.0,150.0,-13.322996160000002
2710,7056,54200,7,-0.08146755397319794,-2.0776851177215576,0.9734335541725159,0.2393353432416916,0.0003,2709,0.0,150.0,-13.322996160000002
2711,7056,54220,7,-0.44911426305770874,-2.0754706859588623,0.9542102217674255,0.5366312265396118,0.0003,2710,0.0,150.0,-13.322996160000002
2712,7057,54240,7,1.250064730644226,-2.041728973388672,0.8566222190856934,1.4247372150421143,0.0003,2711,0.0,150.0,-13.322996160000002
2713,7057,54260,7,-0.5017451047897339,-2.089216709136963,0.9817095994949341,0.2221798449754715,0.0003,2712,0.0,150.0,-13.322996160000002
2714,7057,54280,7,-0.4456602931022644,-2.1065139770507812,0.9840766787528992,0.17281916737556458,0.0003,2713,0.0,150.0,-13.322996160000002
2715,7057,54300,7,-0.2678212523460388,-2.1036839485168457,0.9837032556533813,0.1377834677696228,0.0003,2714,0.0,150.0,-13.322996160000002
2716,7058,54320,7,0.9425093531608582,-2.0222954750061035,0.8849172592163086,1.3104546070098877,0.0003,2715,0.0,150.0,-13.322996160000002
2717,7058,54340,7,0.11719725281000137,-2.0892677307128906,0.9664705395698547,0.26000967621803284,0.0003,2716,0.0,150.0,-13.322996160000002
2718,7058,54360,7,-0.18395467102527618,-2.1110856533050537,0.9873319864273071,0.09326356649398804,0.0003,2717,0.0,150.0,-13.322996160000002
2719,7058,54380,7,0.02625252678990364,-2.102163553237915,0.9163803458213806,0.5037552118301392,0.0003,2718,0.0,150.0,-13.322996160000002
2720,7059,54400,7,0.1074787825345993,-2.117077350616455,0.9966397285461426,0.020294060930609703,0.0003,2719,0.0,150.0,-13.322996160000002
2721,7059,54420,7,-0.26722994446754456,-2.1273691654205322,0.9836003184318542,0.1166495829820633,0.0003,2720,0.0,150.0,-13.322996160000002
2722,7059,54440,7,-0.14644572138786316,-2.0982556343078613,0.9854883551597595,0.07323513180017471,0.0003,2721,0.0,150.0,-13.322996160000002
2723,7059,54460,7,-0.23456306755542755,-2.0347228050231934,0.9595300555229187,0.13873879611492157,0.0003,2722,0.0,150.0,-13.322996160000002
2724,7060,54480,7,-0.23297317326068878,-2.069937229156494,0.978866696357727,0.06708323210477829,0.0003,2723,0.0,150.0,-13.322996160000002
2725,7060,54500,7,-0.33174929022789,-2.05619740486145,0.986969530582428,0.05829649418592453,0.0003,2724,0.0,150.0,-13.322996160000002
2726,7060,54520,7,-0.163007915019989,-2.061931848526001,0.9765584468841553,0.05122604966163635,0.0003,2725,0.0,150.0,-13.322996160000002
2727,7060,54540,7,-0.537408709526062,-2.0876519680023193,0.953277051448822,0.11952783167362213,0.0003,2726,0.0,150.0,-13.322996160000002
2728,7061,54560,7,-0.46707868576049805,-2.0823018550872803,0.977689266204834,0.0576486773788929,0.0003,2727,0.0,150.0,-13.322996160000002
2729,7060,54580,7,-0.19753047823905945,-2.074772357940674,0.750796377658844,0.1620287299156189,0.0003,2728,0.0,150.0,-13.322996160000002
2730,7060,54600,7,-0.20001313090324402,-2.100888252258301,0.8496822118759155,0.07289649546146393,0.0003,2729,0.0,150.0,-13.404693589999999
2731,7060,54620,7,-0.2401602566242218,-2.1136984825134277,0.9334152936935425,0.03512195497751236,0.0003,2730,0.0,150.0,-13.404693589999999
2732,7060,54640,7,0.6633427143096924,-2.072518825531006,0.5781267881393433,0.5817254781723022,0.0003,2731,0.0,150.0,-13.404693589999999
2733,7059,54660,7,-0.5782695412635803,-2.05033802986145,0.9437066912651062,0.12725189328193665,0.0003,2732,0.0,150.0,-13.404693589999999
2734,7059,54680,7,-0.6383572816848755,-2.0784049034118652,0.9392400979995728,0.20339259505271912,0.0003,2733,0.0,150.0,-13.404693589999999
2735,7059,54700,7,0.2332805097103119,-2.085150957107544,0.9035931825637817,0.33969858288764954,0.0003,2734,0.0,150.0,-13.404693589999999
2736,7059,54720,7,0.2846575677394867,-2.066648483276367,0.9342262148857117,0.33721134066581726,0.0003,2735,0.0,150.0,-13.404693589999999
2737,7059,54740,7,0.40830105543136597,-2.094784736633301,0.925576388835907,0.5447746515274048,0.0003,2736,0.0,150.0,-13.404693589999999
2738,7058,54760,7,0.14796409010887146,-2.101539134979248,0.978142261505127,0.14973802864551544,0.0003,2737,0.0,150.0,-13.404693589999999
2739,7057,54780,7,1.1382529735565186,-2.0666134357452393,0.8197197318077087,2.0883147716522217,0.0003,2738,0.0,150.0,-13.404693589999999
2740,7056,54800,7,-0.4221875071525574,-2.1110470294952393,0.9052701592445374,0.6838527917861938,0.0003,2739,0.0,150.0,-13.404693589999999
2741,7053,54820,7,-0.3861122131347656,-2.1104626655578613,0.9853515028953552,0.11590106785297394,0.0003,2740,0.0,150.0,-13.404693589999999
2742,7051,54840,7,1.9238029718399048,-2.0940985679626465,0.6921404600143433,2.1627213954925537,0.0003,2741,0.0,150.0,-13.404693589999999
2743,7050,54860,7,0.38924548029899597,-2.106950283050537,0.8072093725204468,0.5168049335479736,0.0003,2742,0.0,150.0,-13.404693589999999
2744,7049,54880,7,1.7474429607391357,-2.0804290771484375,-0.9489519596099854,2.5352890491485596,0.0003,2743,0.0,150.0,-13.404693589999999
2745,7048,54900,7,0.7201156616210938,-2.0371265411376953,0.7569947838783264,0.32308733463287354,0.0003,2744,0.0,150.0,-13.404693589999999
2746,7047,54920,7,-0.2983662486076355,-2.0402884483337402,0.8483927845954895,0.3269957900047302,0.0003,2745,0.0,150.0,-13.404693589999999
2747,7046,54940,7,0.057027656584978104,-2.091447353363037,0.9836413264274597,0.053310275077819824,0.0003,2746,0.0,150.0,-13.404693589999999
2748,7046,54960,7,0.5502249598503113,-2.080162763595581,0.9748207926750183,0.16014374792575836,0.0003,2747,0.0,150.0,-13.404693589999999
2749,7046,54980,7,0.43411341309547424,-1.9609134197235107,0.8999055027961731,0.6028671860694885,0.0003,2748,0.0,150.0,-13.404693589999999
2750,7045,55000,7,-0.4769868850708008,-1.898071050643921,0.9815862774848938,0.16987408697605133,0.0003,2749,0.0,150.0,-13.404693589999999
2751,7045,55020,7,-0.7237337827682495,-1.985974907875061,0.9823330044746399,0.20182101428508759,0.0003,2750,0.0,150.0,-13.404693589999999
2752,7045,55040,7,-0.10504355281591415,-1.9689276218414307,0.9630472660064697,0.23829737305641174,0.0003,2751,0.0,150.0,-13.404693589999999
2753,7045,55060,7,1.7189466953277588,-1.9309165477752686,0.8768670558929443,2.20981764793396,0.0003,2752,0.0,150.0,-13.404693589999999
2754,7044,55080,7,-0.5720972418785095,-1.9551845788955688,0.9960008859634399,0.12068190425634384,0.0003,2753,0.0,150.0,-13.404693589999999
2755,7043,55100,7,-0.4344494342803955,-1.9663633108139038,0.9636075496673584,0.2003057450056076,0.0003,2754,0.0,150.0,-13.404693589999999
2756,7043,55120,7,-0.4290273189544678,-1.9802923202514648,0.9401628971099854,0.2769482731819153,0.0003,2755,0.0,150.0,-13.404693589999999
2757,7041,55140,7,-0.5546703338623047,-1.905808687210083,0.9768166542053223,0.18780353665351868,0.0003,2756,0.0,150.0,-13.404693589999999
2758,7041,55160,7,-0.8965965509414673,-1.8887122869491577,0.9129848480224609,0.3907422423362732,0.0003,2757,0.0,150.0,-13.404693589999999
2759,7041,55180,7,-0.2757587730884552,-1.9436390399932861,0.8643217086791992,0.23815563321113586,0.0003,2758,0.0,150.0,-13.404693589999999
2760,7040,55200,7,-0.5686663389205933,-1.8943374156951904,0.8576504588127136,0.2351342737674713,0.0003,2759,0.0,150.0,-13.696544340000003
2761,7041,55220,7,-0.4027884602546692,-1.891649842262268,0.6842811703681946,0.19475853443145752,0.0003,2760,0.0,150.0,-13.696544340000003
2762,7041,55240,7,-0.384988397359848,-2.0211870670318604,0.8838832378387451,0.41876402497291565,0.0003,2761,0.0,150.0,-13.696544340000003
2763,7041,55260,7,0.006357109639793634,-2.0557644367218018,0.9796598553657532,0.0841040387749672,0.0003,2762,0.0,150.0,-13.696544340000003
2764,7041,55280,7,-0.6070842742919922,-2.0646519660949707,0.9632278680801392,0.29031476378440857,0.0003,2763,0.0,150.0,-13.696544340000003
2765,7041,55300,7,-0.5943421721458435,-2.060572862625122,0.9647679328918457,0.38276171684265137,0.0003,2764,0.0,150.0,-13.696544340000003
2766,7040,55320,7,0.862399697303772,-2.0864920616149902,0.8909578323364258,1.172766923904419,0.0003,2765,0.0,150.0,-13.696544340000003
2767,7040,55340,7,0.3603752851486206,-2.0657339096069336,0.9893894195556641,0.13621166348457336,0.0003,2766,0.0,150.0,-13.696544340000003
2768,7040,55360,7,0.5815373659133911,-2.03324818611145,0.9065474271774292,0.9874126315116882,0.0003,2767,0.0,150.0,-13.696544340000003
2769,7040,55380,7,-0.39648181200027466,-2.088054895401001,0.9948318600654602,0.08823990076780319,0.0003,2768,0.0,150.0,-13.696544340000003
2770,7040,55400,7,0.7910138964653015,-2.0849175453186035,0.8819633722305298,0.8565708994865417,0.0003,2769,0.0,150.0,-13.696544340000003
2771,7040,55420,7,-0.5083594918251038,-2.090672492980957,0.9927395582199097,0.10490357875823975,0.0003,2770,0.0,150.0,-13.696544340000003
2772,7040,55440,7,-0.48394113779067993,-2.104611873626709,0.9947406053543091,0.07949801534414291,0.0003,2771,0.0,150.0,-13.696544340000003
2773,7041,55460,7,0.09582746028900146,-2.1138811111450195,0.9813439249992371,0.05737600475549698,0.0003,2772,0.0,150.0,-13.696544340000003
2774,7041,55480,7,-0.3517775535583496,-2.1302883625030518,0.9851133227348328,0.050486791878938675,0.0003,2773,0.0,150.0,-13.696544340000003
2775,7041,55500,7,0.40259161591529846,-2.102797031402588,0.5198787450790405,0.7022584676742554,0.0003,2774,0.0,150.0,-13.696544340000003
2776,7040,55520,7,0.4444583058357239,-2.116912364959717,0.8858884572982788,0.1638646423816681,0.0003,2775,0.0,150.0,-13.696544340000003
2777,7040,55540,7,0.15456432104110718,-2.0698866844177246,0.8131954669952393,0.25648102164268494,0.0003,2776,0.0,150.0,-13.696544340000003
2778,7039,55560,7,1.0588018894195557,-2.0252742767333984,0.0055501461029052734,1.0732046365737915,0.0003,2777,0.0,150.0,-13.696544340000003
2779,7039,55580,7,-0.21660764515399933,-2.1015849113464355,0.9566402435302734,0.047318123281002045,0.0003,2778,0.0,150.0,-13.696544340000003
2780,7039,55600,7,-0.34147053956985474,-2.115220308303833,0.8978514075279236,0.09342630207538605,0.0003,2779,0.0,150.0,-13.696544340000003
2781,7039,55620,7,-0.4569867253303528,-2.1391992568969727,0.8640920519828796,0.08892928063869476,0.0003,2780,0.0,150.0,-13.696544340000003
2782,7039,55640,7,-0.07398909330368042,-2.14727783203125,0.8780874013900757,0.023287570104002953,0.0003,2781,0.0,150.0,-13.696544340000003
2783,7038,55660,7,0.15150943398475647,-2.1542797088623047,0.6308296918869019,0.06308641284704208,0.0003,2782,0.0,150.0,-13.696544340000003
2784,7038,55680,7,0.20637714862823486,-2.1338181495666504,0.33436739444732666,0.11294551193714142,0.0003,2783,0.0,150.0,-13.696544340000003
2785,7038,55700,7,0.4284868836402893,-2.115184783935547,0.2022716999053955,0.29478949308395386,0.0003,2784,0.0,150.0,-13.696544340000003
2786,7038,55720,7,-0.06857973337173462,-2.112544536590576,0.6217244863510132,0.025879427790641785,0.0003,2785,0.0,150.0,-13.696544340000003
2787,7038,55740,7,0.19806434214115143,-2.0839226245880127,0.23261773586273193,0.06044892221689224,0.0003,2786,0.0,150.0,-13.696544340000003
2788,7038,55760,7,0.16213266551494598,-2.0710816383361816,0.15681791305541992,0.074648417532444,0.0003,2787,0.0,150.0,-13.696544340000003
2789,7038,55780,7,0.04281935095787048,-2.049481153488159,0.6095137596130371,0.020392537117004395,0.0003,2788,0.0,150.0,-13.696544340000003
2790,7038,55800,7,0.032652851194143295,-2.041792154312134,0.4207835793495178,0.02002677135169506,0.0003,2789,0.0,150.0,-13.56951489
2791,7037,55820,7,-0.18648278713226318,-2.0580267906188965,0.5240582227706909,0.01933315023779869,0.0003,2790,0.0,150.0,-13.56951489
2792,7038,55840,7,0.2625204026699066,-2.0890004634857178,0.8745284080505371,0.16317859292030334,0.0003,2791,0.0,150.0,-13.56951489
2793,7038,55860,7,0.47096148133277893,-2.1043295860290527,0.9764169454574585,0.08241689205169678,0.0003,2792,0.0,150.0,-13.56951489
2794,7038,55880,7,-0.04893035814166069,-2.1165847778320312,0.8689463138580322,0.37324753403663635,0.0003,2793,0.0,150.0,-13.56951489
2795,7038,55900,7,0.35909777879714966,-2.0992209911346436,0.968745231628418,0.1539621204137802,0.0003,2794,0.0,150.0,-13.56951489
2796,7038,55920,7,0.11975381523370743,-2.0774102210998535,0.9267286062240601,0.4580515921115875,0.0003,2795,0.0,150.0,-13.56951489
2797,7037,55940,7,0.00567860621958971,-2.070523738861084,0.9505347013473511,0.26544222235679626,0.0003,2796,0.0,150.0,-13.56951489
2798,7037,55960,7,-1.066532850265503,-2.056195020675659,0.9363107085227966,0.6122910380363464,0.0003,2797,0.0,150.0,-13.56951489
2799,7038,55980,7,-0.23011454939842224,-2.0906929969787598,0.32873886823654175,1.1089729070663452,0.0003,2798,0.0,150.0,-13.56951489
2800,7038,56000,7,0.6167605519294739,-2.024137258529663,-4.894656658172607,1.4290212392807007,0.0003,2799,0.0,150.0,-13.56951489
2801,7038,56020,7,0.6580907702445984,-2.0732638835906982,-1.4750239849090576,0.5583077073097229,0.0003,2800,0.0,150.0,-13.56951489
2802,7038,56040,7,-0.49727287888526917,-2.119309425354004,0.857332706451416,0.20253345370292664,0.0003,2801,0.0,150.0,-13.56951489
2803,7038,56060,7,-0.18388031423091888,-2.108046054840088,0.9078894257545471,0.12961837649345398,0.0003,2802,0.0,150.0,-13.56951489
2804,7038,56080,7,-0.5866711735725403,-2.0740511417388916,0.9171643257141113,0.25726768374443054,0.0003,2803,0.0,150.0,-13.56951489
2805,7039,56100,7,1.2791023254394531,-2.1137771606445312,0.793601930141449,0.5925968885421753,0.0003,2804,0.0,150.0,-13.56951489
2806,7039,56120,7,0.3301573395729065,-2.0567870140075684,0.9030535221099854,0.3145621716976166,0.0003,2805,0.0,150.0,-13.56951489
2807,7039,56140,7,0.21218693256378174,-2.1116209030151367,0.9698099493980408,0.11212581396102905,0.0003,2806,0.0,150.0,-13.56951489
2808,7039,56160,7,0.4386873245239258,-2.068157911300659,0.9372634291648865,0.3191535472869873,0.0003,2807,0.0,150.0,-13.56951489
2809,7039,56180,7,0.044344425201416016,-2.0132617950439453,0.8922186493873596,0.7206055521965027,0.0003,2808,0.0,150.0,-13.56951489
2810,7040,56200,7,0.08404459804296494,-2.0638060569763184,0.9766296148300171,0.16705217957496643,0.0003,2809,0.0,150.0,-13.56951489
2811,7040,56220,7,-0.9196985363960266,-2.100933790206909,0.9434896111488342,0.428496778011322,0.0003,2810,0.0,150.0,-13.56951489
2812,7040,56240,7,0.3943575322628021,-2.0763397216796875,0.953942596912384,0.287447452545166,0.0003,2811,0.0,150.0,-13.56951489
2813,7040,56260,7,-0.9781464338302612,-1.9938299655914307,0.9464987516403198,0.4539123475551605,0.0003,2812,0.0,150.0,-13.56951489
2814,7040,56280,7,-0.7181656360626221,-2.048839569091797,0.9128788113594055,0.2861536145210266,0.0003,2813,0.0,150.0,-13.56951489
2815,7041,56300,7,0.0022142231464385986,-2.042692184448242,0.9367589950561523,0.12897910177707672,0.0003,2814,0.0,150.0,-13.56951489
2816,7041,56320,7,-0.5447505712509155,-2.0029826164245605,0.880210816860199,0.24720533192157745,0.0003,2815,0.0,150.0,-13.56951489
2817,7041,56340,8,-0.48975658416748047,-1.9998594522476196,0.7574167251586914,0.1827482283115387,0.0003,2816,0.0,150.0,-13.56951489
2818,7042,56360,8,-0.49510106444358826,-2.0311059951782227,0.6878443360328674,0.14081132411956787,0.0003,2817,0.0,150.0,-13.56951489
2819,7042,56380,8,-0.4253559112548828,-2.0173680782318115,0.5232409238815308,0.15030968189239502,0.0003,2818,0.0,150.0,-13.56951489
2820,7042,56400,8,-0.5644504427909851,-2.0548930168151855,0.6003056168556213,0.13740061223506927,0.0003,2819,0.0,150.0,-13.49811747
2821,7042,56420,8,-0.39934930205345154,-2.0710034370422363,0.5518674850463867,0.08095648884773254,0.0003,2820,0.0,150.0,-13.49811747
2822,7042,56440,8,0.14589573442935944,-2.084153413772583,0.7218679189682007,0.264465868473053,0.0003,2821,0.0,150.0,-13.49811747
2823,7043,56460,8,-0.5827010273933411,-2.0926902294158936,0.3393280506134033,0.3769054412841797,0.0003,2822,0.0,150.0,-13.49811747
2824,7043,56480,8,-0.24700260162353516,-2.125817060470581,0.8868257999420166,0.05195971205830574,0.0003,2823,0.0,150.0,-13.49811747
2825,7043,56500,8,0.06918025761842728,-2.126527786254883,-0.05005288124084473,0.2054458111524582,0.0003,2824,0.0,150.0,-13.49811747
2826,7043,56520,8,0.0014489293098449707,-2.1263487339019775,-0.05330991744995117,0.49783629179000854,0.0003,2825,0.0,150.0,-13.49811747
2827,7043,56540,8,-0.1838081330060959,-2.1531105041503906,0.9197989106178284,0.031334780156612396,0.0003,2826,0.0,150.0,-13.49811747
2828,7044,56560,8,1.3743525743484497,-2.1269824504852295,0.27158915996551514,1.1311932802200317,0.0003,2827,0.0,150.0,-13.49811747
2829,7044,56580,8,-0.26399505138397217,-2.1123270988464355,0.8174816966056824,0.24988169968128204,0.0003,2828,0.0,150.0,-13.49811747
2830,7044,56600,8,-0.5690272450447083,-2.1647496223449707,0.9314470887184143,0.1351875215768814,0.0003,2829,0.0,150.0,-13.49811747
2831,7044,56620,8,0.1315440535545349,-2.1683590412139893,0.730364203453064,0.18237581849098206,0.0003,2830,0.0,150.0,-13.49811747
2832,7045,56640,8,0.026524865999817848,-2.1680116653442383,0.8824148774147034,0.10975543409585953,0.0003,2831,0.0,150.0,-13.49811747
2833,7045,56660,8,-0.4780553877353668,-2.16038179397583,0.9285071492195129,0.1313822865486145,0.0003,2832,0.0,150.0,-13.49811747
2834,7045,56680,8,0.2238769829273224,-2.1340718269348145,0.7881475687026978,0.5552533864974976,0.0003,2833,0.0,150.0,-13.49811747
2835,7045,56700,8,0.8879178762435913,-2.1360135078430176,0.9347820281982422,0.4263870120048523,0.0003,2834,0.0,150.0,-13.49811747
2836,7046,56720,8,1.3318592309951782,-2.150879383087158,0.5586522221565247,2.8129115104675293,0.0003,2835,0.0,150.0,-13.49811747
2837,7046,56740,8,0.20531503856182098,-2.102989673614502,0.7991597652435303,0.8262434005737305,0.0003,2836,0.0,150.0,-13.49811747
2838,7046,56760,8,1.1187394857406616,-2.1133873462677,0.5960079431533813,0.9994739294052124,0.0003,2837,0.0,150.0,-13.49811747
2839,7046,56780,8,-0.055244944989681244,-2.116389513015747,0.8878697156906128,0.24416807293891907,0.0003,2838,0.0,150.0,-13.49811747
2840,7047,56800,8,-0.6740367412567139,-2.1334774494171143,0.7549740076065063,0.3999459743499756,0.0003,2839,0.0,150.0,-13.49811747
2841,7047,56820,8,-0.05755532905459404,-2.1205954551696777,0.8565449714660645,0.30238762497901917,0.0003,2840,0.0,150.0,-13.49811747
2842,7047,56840,8,-1.1959497928619385,-2.1269690990448,0.8815845847129822,0.44231706857681274,0.0003,2841,0.0,150.0,-13.49811747
2843,7047,56860,8,-1.0896943807601929,-2.1289782524108887,0.8312333822250366,0.40670305490493774,0.0003,2842,0.0,150.0,-13.49811747
2844,7047,56880,8,-0.8099268078804016,-2.06083345413208,0.6909116506576538,0.3035234808921814,0.0003,2843,0.0,150.0,-13.49811747
2845,7046,56900,8,-0.4382352828979492,-2.1334872245788574,-1.5083789825439453,0.3262805640697479,0.0003,2844,0.0,150.0,-13.49811747
2846,7046,56920,8,-0.8497041463851929,-2.114022731781006,0.4037059545516968,0.2718278765678406,0.0003,2845,0.0,150.0,-13.49811747
2847,7046,56940,8,-0.62343829870224,-2.1306345462799072,0.4013514518737793,0.1682460755109787,0.0003,2846,0.0,150.0,-13.49811747
2848,7046,56960,8,0.10571511834859848,-2.0939528942108154,0.1683131456375122,0.6090947389602661,0.0003,2847,0.0,150.0,-13.49811747
2849,7046,56980,8,-0.2705695629119873,-2.1441283226013184,0.3294636607170105,0.060406915843486786,0.0003,2848,0.0,150.0,-13.49811747
2850,7046,57000,8,0.3872736394405365,-2.128955841064453,-0.09456515312194824,0.4260682165622711,0.0003,2849,0.0,150.0,-13.515646629999999
2851,7046,57020,8,-0.33876532316207886,-2.1399176120758057,0.13356584310531616,0.08337090909481049,0.0003,2850,0.0,150.0,-13.515646629999999
2852,7046,57040,8,0.18378542363643646,-2.092057466506958,0.9079245924949646,0.3243270218372345,0.0003,2851,0.0,150.0,-13.515646629999999
2853,7046,57060,8,-0.1468973606824875,-2.1056880950927734,0.9642279744148254,0.1379508525133133,0.0003,2852,0.0,150.0,-13.515646629999999
2854,7046,57080,8,0.8221500515937805,-2.11468768119812,0.797520637512207,0.5752487778663635,0.0003,2853,0.0,150.0,-13.515646629999999
2855,7047,57100,8,-0.6831674575805664,-2.0594916343688965,0.9708988666534424,0.2135559618473053,0.0003,2854,0.0,150.0,-13.515646629999999
2856,7047,57120,8,-0.17886778712272644,-2.1239516735076904,0.9675419330596924,0.18511135876178741,0.0003,2855,0.0,150.0,-13.515646629999999
2857,7047,57140,8,-0.03125467523932457,-2.129103422164917,0.9869828224182129,0.09711377322673798,0.0003,2856,0.0,150.0,-13.515646629999999
2858,7047,57160,8,0.3228563666343689,-2.1382737159729004,0.933567464351654,0.48253607749938965,0.0003,2857,0.0,150.0,-13.515646629999999
2859,7048,57180,8,-0.2413482367992401,-2.1204819679260254,0.9515180587768555,0.3274010717868805,0.0003,2858,0.0,150.0,-13.515646629999999
2860,7048,57200,8,0.003151749027892947,-2.122737407684326,0.9930698275566101,0.042802534997463226,0.0003,2859,0.0,150.0,-13.515646629999999
2861,7048,57220,8,-0.18703188002109528,-2.0895774364471436,0.9791032075881958,0.13916169106960297,0.0003,2860,0.0,150.0,-13.515646629999999
2862,7048,57240,8,-0.05567307397723198,-2.116783618927002,0.9391709566116333,0.38494616746902466,0.0003,2861,0.0,150.0,-13.515646629999999
2863,7048,57260,8,-0.0025455623399466276,-2.1490628719329834,0.9951295256614685,0.028661930933594704,0.0003,2862,0.0,150.0,-13.515646629999999
2864,7048,57280,8,-0.08704210817813873,-2.1419718265533447,0.9748270511627197,0.1034742146730423,0.0003,2863,0.0,150.0,-13.515646629999999
2865,7049,57300,8,-0.17846235632896423,-2.1334080696105957,0.9904196262359619,0.039659131318330765,0.0003,2864,0.0,150.0,-13.515646629999999
2866,7049,57320,8,0.27278655767440796,-2.1438207626342773,0.9897720813751221,0.04756953567266464,0.0003,2865,0.0,150.0,-13.515646629999999
2867,7049,57340,8,0.6839343905448914,-2.126986265182495,0.7498230934143066,1.0677416324615479,0.0003,2866,0.0,150.0,-13.515646629999999
2868,7049,57360,8,-0.43379369378089905,-2.1082019805908203,0.9406667947769165,0.2773943543434143,0.0003,2867,0.0,150.0,-13.515646629999999
2869,7050,57380,8,-0.04853818565607071,-2.099897861480713,0.901072084903717,0.5144714713096619,0.0003,2868,0.0,150.0,-13.515646629999999
2870,7050,57400,8,-0.2698902189731598,-2.1175105571746826,0.9676900506019592,0.12342528998851776,0.0003,2869,0.0,150.0,-13.515646629999999
2871,7050,57420,8,0.6861296892166138,-2.097252368927002,0.7956477403640747,1.379455327987671,0.0003,2870,0.0,150.0,-13.515646629999999
2872,7050,57440,8,0.9027323722839355,-2.056870937347412,0.857582151889801,0.9391175508499146,0.0003,2871,0.0,150.0,-13.515646629999999
2873,7050,57460,8,0.036717046052217484,-2.0991976261138916,0.9284570217132568,0.258059024810791,0.0003,2872,0.0,150.0,-13.515646629999999
2874,7051,57480,8,-0.4430781304836273,-2.009567975997925,0.6432614922523499,0.6499933004379272,0.0003,2873,0.0,150.0,-13.515646629999999
2875,7051,57500,8,0.060688652098178864,-2.0845680236816406,0.7680418491363525,0.2952989935874939,0.0003,2874,0.0,150.0,-13.515646629999999
2876,7051,57520,8,-0.25002047419548035,-1.9140403270721436,0.9804152250289917,0.0350780263543129,0.0003,2875,0.0,150.0,-13.515646629999999
2877,7051,57540,8,-0.12012312561273575,-2.0289855003356934,0.8460586071014404,0.16658003628253937,0.0003,2876,0.0,150.0,-13.515646629999999
2878,7052,57560,8,-0.14090803265571594,-1.9771759510040283,0.8599458336830139,0.08945243060588837,0.0003,2877,0.0,150.0,-13.515646629999999
2879,7052,57580,8,-0.2526398301124573,-1.9564592838287354,0.6394016742706299,0.12788735330104828,0.0003,2878,0.0,150.0,-13.515646629999999
2880,7052,57600,8,0.022865179926156998,-2.024054765701294,0.6774726510047913,0.07585524022579193,0.0003,2879,0.0,150.0,-13.74206599
2881,7052,57620,8,0.2876738905906677,-2.058624505996704,0.18474507331848145,0.12570901215076447,0.0003,2880,0.0,150.0,-13.74206599
2882,7052,57640,8,-0.6514186859130859,-2.0144290924072266,0.864437460899353,0.5117754340171814,0.0003,2881,0.0,150.0,-13.74206599
2883,7053,57660,8,-0.5795240998268127,-2.0230495929718018,0.966065526008606,0.20928256213665009,0.0003,2882,0.0,150.0,-13.74206599
2884,7053,57680,8,-0.3941868245601654,-2.029722213745117,0.9836490154266357,0.11532560735940933,0.0003,2883,0.0,150.0,-13.74206599
2885,7053,57700,8,0.045980025082826614,-2.001364231109619,0.8701508045196533,0.37073394656181335,0.0003,2884,0.0,150.0,-13.74206599
2886,7054,57720,8,0.08032098412513733,-1.9499738216400146,0.39308738708496094,0.8438919186592102,0.0003,2885,0.0,150.0,-13.74206599
2887,7054,57740,8,-0.5390354990959167,-1.9913336038589478,0.8053346276283264,0.22079332172870636,0.0003,2886,0.0,150.0,-13.74206599
2888,7054,57760,8,-0.4328562617301941,-2.0109779834747314,0.696418046951294,0.32798346877098083,0.0003,2887,0.0,150.0,-13.74206599
2889,7054,57780,8,0.3156932294368744,-1.9859449863433838,-1.049452543258667,0.5165424346923828,0.0003,2888,0.0,150.0,-13.74206599
2890,7054,57800,8,0.9565795660018921,-2.0426368713378906,0.6105032563209534,1.4347325563430786,0.0003,2889,0.0,150.0,-13.74206599
2891,7054,57820,8,0.026892106980085373,-2.0734846591949463,0.9595116972923279,0.09361477196216583,0.0003,2890,0.0,150.0,-13.74206599
2892,7054,57840,8,1.0916526317596436,-2.0481081008911133,0.8341418504714966,1.6515518426895142,0.0003,2891,0.0,150.0,-13.74206599
2893,7054,57860,8,0.06577984243631363,-2.088289737701416,0.9822450280189514,0.07519286870956421,0.0003,2892,0.0,150.0,-13.74206599
2894,7055,57880,8,0.8862253427505493,-2.106502056121826,0.7434555292129517,0.6040698289871216,0.0003,2893,0.0,150.0,-13.74206599
2895,7055,57900,8,1.6200151443481445,-1.9605228900909424,0.7552706599235535,1.6654479503631592,0.0003,2894,0.0,150.0,-13.74206599
2896,7055,57920,8,1.41720449924469,-1.9662549495697021,0.7663372159004211,1.54865300655365,0.0003,2895,0.0,150.0,-13.74206599
2897,7056,57940,8,-0.4034810960292816,-1.975229263305664,0.9029269218444824,0.20573139190673828,0.0003,2896,0.0,150.0,-13.74206599
2898,7056,57960,8,-0.12230157852172852,-1.9930073022842407,0.9602729678153992,0.049525387585163116,0.0003,2897,0.0,150.0,-13.74206599
2899,7056,57980,8,-0.17513644695281982,-2.0731706619262695,0.03267580270767212,0.21179664134979248,0.0003,2898,0.0,150.0,-13.74206599
2900,7056,58000,8,0.39191722869873047,-2.079984188079834,0.7313909530639648,0.0835736095905304,0.0003,2899,0.0,150.0,-13.74206599
2901,7056,58020,8,-0.41243892908096313,-2.071768283843994,-0.5175458192825317,0.15726974606513977,0.0003,2900,0.0,150.0,-13.74206599
2902,7057,58040,8,0.055442433804273605,-2.0724964141845703,0.6117507815361023,0.02755042538046837,0.0003,2901,0.0,150.0,-13.74206599
2903,7057,58060,8,0.10895569622516632,-2.0766332149505615,0.23749762773513794,0.12050396203994751,0.0003,2902,0.0,150.0,-13.74206599
2904,7057,58080,8,1.0906773805618286,-2.045196056365967,0.13154423236846924,1.131245493888855,0.0003,2903,0.0,150.0,-13.74206599
2905,7057,58100,8,-0.1564720720052719,-2.092660427093506,-0.8435274362564087,0.08882419764995575,0.0003,2904,0.0,150.0,-13.74206599
2906,7057,58120,8,-0.04129726439714432,-2.12042236328125,-0.0361323356628418,0.10743262618780136,0.0003,2905,0.0,150.0,-13.74206599
2907,7058,58140,8,0.07249615341424942,-2.1027235984802246,-0.12954366207122803,0.024605488404631615,0.0003,2906,0.0,150.0,-13.74206599
2908,7058,58160,8,-0.2110929936170578,-2.1042208671569824,-0.22290384769439697,0.06381324678659439,0.0003,2907,0.0,150.0,-13.74206599
2909,7058,58180,8,-0.4049132466316223,-2.116415023803711,0.12090480327606201,0.08793824911117554,0.0003,2908,0.0,150.0,-13.74206599
2910,7058,58200,8,-0.2512691915035248,-2.1203370094299316,0.16685521602630615,0.04191146045923233,0.0003,2909,0.0,150.0,-14.020886300000003
2911,7058,58220,8,-0.383282333612442,-2.1197714805603027,0.11163783073425293,0.06545773148536682,0.0003,2910,0.0,150.0,-14.020886300000003
2912,7059,58240,8,0.5165195465087891,-2.085285186767578,-1.9096827507019043,0.25402241945266724,0.0003,2911,0.0,150.0,-14.020886300000003
2913,7059,58260,8,0.08620969951152802,-2.0854239463806152,0.5409839153289795,0.06559491157531738,0.0003,2912,0.0,150.0,-14.020886300000003
2914,7059,58280,8,-0.28912168741226196,-2.0951976776123047,0.44517505168914795,0.19532911479473114,0.0003,2913,0.0,150.0,-14.020886300000003
2915,7059,58300,8,-0.021198242902755737,-2.0961687564849854,0.7326174974441528,0.11224927753210068,0.0003,2914,0.0,150.0,-14.020886300000003
2916,7059,58320,8,0.3276398777961731,-2.104443311691284,0.7683056592941284,0.2559836506843567,0.0003,2915,0.0,150.0,-14.020886300000003
2917,7060,58340,8,0.38709181547164917,-2.11517071723938,0.8891360759735107,0.13990725576877594,0.0003,2916,0.0,150.0,-14.020886300000003
2918,7060,58360,8,-0.9142662882804871,-2.1014037132263184,0.840245246887207,0.25954023003578186,0.0003,2917,0.0,150.0,-14.020886300000003
2919,7060,58380,8,3.587268114089966,-2.0877890586853027,0.32659220695495605,7.0268754959106445,0.0003,2918,0.0,150.0,-14.020886300000003
2920,7060,58400,8,-0.11785602569580078,-2.099595308303833,0.8828228712081909,0.5004655718803406,0.0003,2919,0.0,150.0,-14.020886300000003
2921,7061,58420,8,-0.21206200122833252,-2.1262903213500977,0.9685813188552856,0.1435447633266449,0.0003,2920,0.0,150.0,-14.020886300000003
2922,7061,58440,8,0.36848053336143494,-2.1145992279052734,0.6989201307296753,0.5662004351615906,0.0003,2921,0.0,150.0,-14.020886300000003
2923,7061,58460,8,-0.04343559592962265,-2.1344361305236816,0.9692109823226929,0.06221820041537285,0.0003,2922,0.0,150.0,-14.020886300000003
2924,7061,58480,8,0.1283392757177353,-2.1388916969299316,0.9927189350128174,0.016866546124219894,0.0003,2923,0.0,150.0,-14.020886300000003
2925,7062,58500,8,0.01141370553523302,-2.1438002586364746,0.9046123027801514,0.17340883612632751,0.0003,2924,0.0,150.0,-14.020886300000003
2926,7062,58520,8,0.056019723415374756,-2.1433451175689697,0.9172229766845703,0.11659874767065048,0.0003,2925,0.0,150.0,-14.020886300000003
2927,7062,58540,8,0.0830707997083664,-2.1396842002868652,0.8965535759925842,0.10817265510559082,0.0003,2926,0.0,150.0,-14.020886300000003
2928,7062,58560,8,1.757150650024414,-2.123389720916748,-1.0795509815216064,1.9966942071914673,0.0003,2927,0.0,150.0,-14.020886300000003
2929,7062,58580,8,0.4152125418186188,-2.133151054382324,-0.19854962825775146,0.38640475273132324,0.0003,2928,0.0,150.0,-14.020886300000003
2930,7062,58600,8,0.1292894333600998,-2.097759962081909,0.5428204536437988,1.1843769550323486,0.0003,2929,0.0,150.0,-14.020886300000003
2931,7062,58620,8,-0.594657301902771,-2.1361021995544434,0.8041412830352783,0.19185909628868103,0.0003,2930,0.0,150.0,-14.020886300000003
2932,7062,58640,8,-0.017255907878279686,-2.073287010192871,0.3434399366378784,0.5723994970321655,0.0003,2931,0.0,150.0,-14.020886300000003
2933,7062,58660,8,1.1887989044189453,-2.0217080116271973,0.3222079277038574,2.3031859397888184,0.0003,2932,0.0,150.0,-14.020886300000003
2934,7062,58680,8,-0.028908342123031616,-2.042262554168701,0.46314817667007446,0.5255327224731445,0.0003,2933,0.0,150.0,-14.020886300000003
2935,7063,58700,8,-0.8690840005874634,-2.0306174755096436,0.1818222999572754,0.3764544427394867,0.0003,2934,0.0,150.0,-14.020886300000003
2936,7063,58720,8,-0.5898095965385437,-2.0207247734069824,0.4932842254638672,0.14593857526779175,0.0003,2935,0.0,150.0,-14.020886300000003
2937,7063,58740,8,-0.5429502129554749,-1.9970176219940186,-0.09381663799285889,0.17791134119033813,0.0003,2936,0.0,150.0,-14.020886300000003
2938,7063,58760,8,-0.4562261700630188,-2.010598659515381,0.5239506959915161,0.09258457273244858,0.0003,2937,0.0,150.0,-14.020886300000003
2939,7064,58780,8,-0.4832231402397156,-2.0601162910461426,0.38720041513442993,0.11952389776706696,0.0003,2938,0.0,150.0,-14.020886300000003
2940,7064,58800,8,0.07675020396709442,-2.0220792293548584,0.0960957407951355,0.10496264696121216,0.0003,2939,0.0,150.0,-14.077767110000003
2941,7064,58820,8,-0.2889094948768616,-2.024972915649414,-0.18775248527526855,0.04663625732064247,0.0003,2940,0.0,150.0,-14.077767110000003
2942,7064,58840,8,-0.40039411187171936,-1.979952096939087,0.7176696062088013,0.181174635887146,0.0003,2941,0.0,150.0,-14.077767110000003
2943,7064,58860,8,-0.33557137846946716,-1.9791879653930664,0.7565542459487915,0.2531089782714844,0.0003,2942,0.0,150.0,-14.077767110000003
2944,7065,58880,8,-0.5946270227432251,-2.0181803703308105,0.8921507596969604,0.28335070610046387,0.0003,2943,0.0,150.0,-14.077767110000003
2945,7065,58900,8,-0.577366054058075,-2.031684398651123,0.9229516386985779,0.28015875816345215,0.0003,2944,0.0,150.0,-14.077767110000003
2946,7065,58920,8,-0.15993043780326843,-2.0389809608459473,0.975530207157135,0.04892106354236603,0.0003,2945,0.0,150.0,-14.077767110000003
2947,7065,58940,8,-0.30425116419792175,-2.0578389167785645,0.9859756827354431,0.03979723900556564,0.0003,2946,0.0,150.0,-14.077767110000003
2948,7066,58960,8,-0.32864993810653687,-2.0551559925079346,0.8707857131958008,0.3250502347946167,0.0003,2947,0.0,150.0,-14.077767110000003
2949,7066,58980,8,0.986409068107605,-1.9637553691864014,0.7974550724029541,1.860374093055725,0.0003,2948,0.0,150.0,-14.077767110000003
2950,7066,59000,8,-0.24831771850585938,-2.0533876419067383,0.9517754316329956,0.276840478181839,0.0003,2949,0.0,150.0,-14.077767110000003
2951,7066,59020,8,0.37556877732276917,-2.088231325149536,0.95870041847229,0.24971655011177063,0.0003,2950,0.0,150.0,-14.077767110000003
2952,7067,59040,8,0.8249111175537109,-2.0605030059814453,0.9033535718917847,0.9966794848442078,0.0003,2951,0.0,150.0,-14.077767110000003
2953,7067,59060,8,1.1769758462905884,-2.0731894969940186,0.9458048343658447,0.7730737924575806,0.0003,2952,0.0,150.0,-14.077767110000003
2954,7067,59080,8,0.5933088660240173,-2.08597993850708,0.9599394798278809,0.5704851746559143,0.0003,2953,0.0,150.0,-14.077767110000003
2955,7067,59100,8,0.6214695572853088,-2.094625949859619,0.9836739301681519,0.20940276980400085,0.0003,2954,0.0,150.0,-14.077767110000003
2956,7067,59120,8,1.7005424499511719,-2.0324597358703613,0.776504397392273,1.7450454235076904,0.0003,2955,0.0,150.0,-14.077767110000003
2957,7068,59140,8,-0.44801759719848633,-2.0024523735046387,0.9904455542564392,0.07788854837417603,0.0003,2956,0.0,150.0,-14.077767110000003
2958,7068,59160,8,-0.37071219086647034,-2.0563976764678955,0.9676263332366943,0.11205603927373886,0.0003,2957,0.0,150.0,-14.077767110000003
2959,7068,59180,8,-0.21709294617176056,-2.084005832672119,0.9717810153961182,0.058988623321056366,0.0003,2958,0.0,150.0,-14.077767110000003
2960,7068,59200,8,0.3256229758262634,-2.068441867828369,0.6567453145980835,0.4179565906524658,0.0003,2959,0.0,150.0,-14.077767110000003
2961,7069,59220,8,0.5357286930084229,-1.9354143142700195,0.27006107568740845,0.9229179620742798,0.0003,2960,0.0,150.0,-14.077767110000003
2962,7069,59240,8,0.44941920042037964,-1.992637038230896,-0.13184726238250732,0.5856747031211853,0.0003,2961,0.0,150.0,-14.077767110000003
2963,7069,59260,8,-0.6983595490455627,-1.9885677099227905,0.5436739921569824,0.3043139576911926,0.0003,2962,0.0,150.0,-14.077767110000003
2964,7070,59280,8,-0.8824028968811035,-2.018005847930908,0.5939765572547913,0.2879055142402649,0.0003,2963,0.0,150.0,-14.077767110000003
2965,7070,59300,8,-0.9395288228988647,-1.9851592779159546,0.5375291705131531,0.34060534834861755,0.0003,2964,0.0,150.0,-14.077767110000003
2966,7070,59320,8,-0.7723432183265686,-1.9189643859863281,0.4810386300086975,0.22661390900611877,0.0003,2965,0.0,150.0,-14.077767110000003
2967,7070,59340,8,-0.9384565353393555,-1.91402268409729,0.2798269987106323,0.30042406916618347,0.0003,2966,0.0,150.0,-14.077767110000003
2968,7070,59360,8,-0.8441393971443176,-1.9756765365600586,0.2368372082710266,0.21532008051872253,0.0003,2967,0.0,150.0,-14.077767110000003
2969,7071,59380,8,-0.6416046619415283,-1.9910056591033936,0.19390356540679932,0.13033822178840637,0.0003,2968,0.0,150.0,-14.077767110000003
2970,7071,59400,8,-0.7348226308822632,-1.9896215200424194,-0.01782667636871338,0.16245856881141663,0.0003,2969,0.0,150.0,-14.486635790000001
2971,7071,59420,8,-0.31717413663864136,-2.0050265789031982,-0.25611352920532227,0.05567140504717827,0.0003,2970,0.0,150.0,-14.486635790000001
2972,7071,59440,8,0.16613277792930603,-1.8809982538223267,0.8146748542785645,0.09880141913890839,0.0003,2971,0.0,150.0,-14.486635790000001
2973,7071,59460,8,-0.04931168258190155,-1.9468727111816406,0.9082919359207153,0.09919242560863495,0.0003,2972,0.0,150.0,-14.486635790000001
2974,7071,59480,8,-0.017519241198897362,-1.9651403427124023,0.8947473168373108,0.24638672173023224,0.0003,2973,0.0,150.0,-14.486635790000001
2975,7072,59500,8,1.3519201278686523,-1.9876667261123657,0.9158211946487427,0.7999804615974426,0.0003,2974,0.0,150.0,-14.486635790000001
2976,7072,59520,8,-0.004572772886604071,-1.9200193881988525,0.9762466549873352,0.12835264205932617,0.0003,2975,0.0,150.0,-14.486635790000001
2977,7072,59540,8,0.47307801246643066,-1.951955795288086,0.9844315052032471,0.1466027945280075,0.0003,2976,0.0,150.0,-14.486635790000001
2978,7072,59560,8,-0.2872680127620697,-1.9621763229370117,0.990392804145813,0.07757961750030518,0.0003,2977,0.0,150.0,-14.486635790000001
2979,7072,59580,8,0.12500789761543274,-1.9154021739959717,0.9723555445671082,0.14361293613910675,0.0003,2978,0.0,150.0,-14.486635790000001
2980,7072,59600,8,-0.20726290345191956,-1.9164769649505615,0.9198509454727173,0.43187418580055237,0.0003,2979,0.0,150.0,-14.486635790000001
2981,7072,59620,8,-0.2355392426252365,-1.9316352605819702,0.9823952317237854,0.08346332609653473,0.0003,2980,0.0,150.0,-14.486635790000001
2982,7073,59640,8,0.09415976703166962,-1.9709484577178955,0.8925426602363586,0.3764691948890686,0.0003,2981,0.0,150.0,-14.486635790000001
2983,7073,59660,8,0.24699120223522186,-1.930145263671875,0.918787956237793,0.309004008769989,0.0003,2982,0.0,150.0,-14.486635790000001
2984,7073,59680,8,-0.0980837345123291,-1.8779369592666626,0.9217663407325745,0.2851070761680603,0.0003,2983,0.0,150.0,-14.486635790000001
2985,7073,59700,8,0.0017589598428457975,-1.8623977899551392,0.8940579891204834,0.4583318829536438,0.0003,2984,0.0,150.0,-14.486635790000001
2986,7073,59720,8,-0.5603824257850647,-1.8432735204696655,0.8776262402534485,0.40198391675949097,0.0003,2985,0.0,150.0,-14.486635790000001
2987,7073,59740,8,0.17244462668895721,-1.9002288579940796,0.91017746925354,0.3127917945384979,0.0003,2986,0.0,150.0,-14.486635790000001
2988,7074,59760,8,-0.41548338532447815,-1.9136356115341187,0.9530980587005615,0.18639861047267914,0.0003,2987,0.0,150.0,-14.486635790000001
2989,7074,59780,8,-0.6147284507751465,-1.9745899438858032,0.9639567136764526,0.15893574059009552,0.0003,2988,0.0,150.0,-14.486635790000001
2990,7074,59800,8,-0.6961463689804077,-1.9912103414535522,0.7621769905090332,0.24025166034698486,0.0003,2989,0.0,150.0,-14.486635790000001
2991,7074,59820,8,-0.2925192415714264,-2.0019912719726562,0.21069830656051636,0.15537647902965546,0.0003,2990,0.0,150.0,-14.486635790000001
2992,7075,59840,8,-0.3305519223213196,-1.9206737279891968,0.7398853898048401,0.0643635019659996,0.0003,2991,0.0,150.0,-14.486635790000001
2993,7075,59860,8,-0.5084578394889832,-1.9031667709350586,-4.274534702301025,0.14718519151210785,0.0003,2992,0.0,150.0,-14.486635790000001
2994,7075,59880,8,0.020775508135557175,-1.8917652368545532,-0.3055150508880615,0.24115629494190216,0.0003,2993,0.0,150.0,-14.486635790000001
2995,7075,59900,8,-0.19495320320129395,-1.948659896850586,-0.2429664134979248,0.09093384444713593,0.0003,2994,0.0,150.0,-14.486635790000001
2996,7075,59920,8,-0.1300099641084671,-1.966164231300354,-0.535735011100769,0.10335557162761688,0.0003,2995,0.0,150.0,-14.486635790000001
2997,7076,59940,8,-0.05376724153757095,-1.9440574645996094,-0.09260034561157227,0.11087361723184586,0.0003,2996,0.0,150.0,-14.486635790000001
2998,7076,59960,8,-0.00026563406572677195,-2.0007166862487793,-0.12228596210479736,0.06330449879169464,0.0003,2997,0.0,150.0,-14.486635790000001
2999,7076,59980,8,-0.004684108309447765,-2.0974273681640625,-0.02100670337677002,0.06021552160382271,0.0003,2998,0.0,150.0,-14.486635790000001
3000,7076,60000,8,0.05465129017829895,-2.1048054695129395,0.038643479347229004,0.09222795069217682,0.0003,2999,0.0,150.0,-14.855242380000002
3001,7076,60020,8,-0.035710107535123825,-2.036550998687744,0.04427891969680786,0.08628226816654205,0.0003,3000,0.0,150.0,-14.855242380000002
3002,7076,60040,8,0.24240031838417053,-1.9611953496932983,0.9407095909118652,0.10060513019561768,0.0003,3001,0.0,150.0,-14.855242380000002
3003,7077,60060,8,0.9672080874443054,-1.980547308921814,0.6930818557739258,0.8045793771743774,0.0003,3002,0.0,150.0,-14.855242380000002
3004,7077,60080,8,0.5783330202102661,-1.9461311101913452,0.40406864881515503,0.9872092008590698,0.0003,3003,0.0,150.0,-14.855242380000002
3005,7077,60100,8,-0.5765198469161987,-1.94590163230896,0.9377014636993408,0.20375332236289978,0.0003,3004,0.0,150.0,-14.855242380000002
3006,7077,60120,8,-0.5012835264205933,-1.9746637344360352,0.8206579685211182,0.41856950521469116,0.0003,3005,0.0,150.0,-14.855242380000002
3007,7078,60140,8,0.6330230832099915,-1.9636890888214111,0.6796124577522278,1.2680894136428833,0.0003,3006,0.0,150.0,-14.855242380000002
3008,7078,60160,8,0.3473220467567444,-1.9943195581436157,0.9407744407653809,0.21282687783241272,0.0003,3007,0.0,150.0,-14.855242380000002
3009,7078,60180,8,-0.3705856204032898,-2.0028934478759766,0.8899495005607605,0.46202898025512695,0.0003,3008,0.0,150.0,-14.855242380000002
3010,7078,60200,8,9.247958951164037e-05,-1.8732315301895142,0.9546215534210205,0.22755858302116394,0.0003,3009,0.0,150.0,-14.855242380000002
3011,7078,60220,8,0.5178545713424683,-1.9444891214370728,0.820872962474823,0.7518552541732788,0.0003,3010,0.0,150.0,-14.855242380000002
3012,7079,60240,8,-0.45968014001846313,-1.9772465229034424,0.9426540732383728,0.25747695565223694,0.0003,3011,0.0,150.0,-14.855242380000002
3013,7078,60260,8,0.49883708357810974,-1.9468791484832764,0.9169139266014099,0.25735896825790405,0.0003,3012,0.0,150.0,-14.855242380000002
3014,7077,60280,8,-0.1956520527601242,-2.0094828605651855,0.881545901298523,0.4102608263492584,0.0003,3013,0.0,150.0,-14.855242380000002
3015,7075,60300,8,0.969369113445282,-1.9898741245269775,0.5528914928436279,1.4968398809432983,0.0003,3014,0.0,150.0,-14.855242380000002
3016,7073,60320,8,0.5957392454147339,-1.9129575490951538,0.8054734468460083,1.1757234334945679,0.0003,3015,0.0,150.0,-14.855242380000002
3017,7071,60340,8,0.27898287773132324,-1.890944242477417,0.566116213798523,2.9757907390594482,0.0003,3016,0.0,150.0,-14.855242380000002
3018,7070,60360,8,-0.5589315295219421,-1.9570430517196655,0.9737122654914856,0.1871912032365799,0.0003,3017,0.0,150.0,-14.855242380000002
3019,7070,60380,8,0.12427389621734619,-1.8394324779510498,0.9817755818367004,0.06141211837530136,0.0003,3018,0.0,150.0,-14.855242380000002
3020,7070,60400,8,-0.0915142297744751,-1.8851436376571655,0.8703078627586365,0.5222488045692444,0.0003,3019,0.0,150.0,-14.855242380000002
3021,7070,60420,8,-0.35315245389938354,-1.7657349109649658,0.9445077776908875,0.23227469623088837,0.0003,3020,0.0,150.0,-14.855242380000002
3022,7070,60440,8,-0.7010879516601562,-1.850759506225586,0.9542261362075806,0.2620248794555664,0.0003,3021,0.0,150.0,-14.855242380000002
3023,7070,60460,8,-0.3025369346141815,-1.8884527683258057,0.8929423093795776,0.18331407010555267,0.0003,3022,0.0,150.0,-14.855242380000002
3024,7071,60480,8,-0.49271902441978455,-1.8274528980255127,0.9681035876274109,0.1363847851753235,0.0003,3023,0.0,150.0,-14.855242380000002
3025,7071,60500,8,-0.5448501706123352,-1.8586785793304443,0.8847902417182922,0.1888071596622467,0.0003,3024,0.0,150.0,-14.855242380000002
3026,7071,60520,8,-0.6473507285118103,-1.932159662246704,0.900823712348938,0.16883385181427002,0.0003,3025,0.0,150.0,-14.855242380000002
3027,7071,60540,8,-0.29677677154541016,-1.99064040184021,0.9056879878044128,0.046072669327259064,0.0003,3026,0.0,150.0,-14.855242380000002
3028,7071,60560,8,-0.5011330842971802,-2.0032458305358887,0.8134714365005493,0.10354288667440414,0.0003,3027,0.0,150.0,-14.855242380000002
3029,7071,60580,8,-0.3986092507839203,-2.0228488445281982,0.7528281211853027,0.1006120890378952,0.0003,3028,0.0,150.0,-14.855242380000002
3030,7071,60600,8,-0.25208407640457153,-2.0442752838134766,0.7771766185760498,0.06839092075824738,0.0003,3029,0.0,150.0,-14.860857059999999
3031,7071,60620,8,-0.3293399214744568,-2.052475929260254,0.8226377964019775,0.06281330436468124,0.0003,3030,0.0,150.0,-14.860857059999999
3032,7071,60640,8,-0.09801538288593292,-2.0319743156433105,0.9342795014381409,0.05320422723889351,0.0003,3031,0.0,150.0,-14.860857059999999
3033,7071,60660,8,0.23242592811584473,-2.0433642864227295,0.9129555225372314,0.05491156131029129,0.0003,3032,0.0,150.0,-14.860857059999999
3034,7072,60680,8,0.5114976763725281,-2.0590546131134033,0.6023807525634766,0.7604352235794067,0.0003,3033,0.0,150.0,-14.860857059999999
3035,7072,60700,8,0.43695926666259766,-2.0177764892578125,0.890243649482727,0.5344613790512085,0.0003,3034,0.0,150.0,-14.860857059999999
3036,7072,60720,8,-1.2045879364013672,-2.053541421890259,0.8880855441093445,0.6628668904304504,0.0003,3035,0.0,150.0,-14.860857059999999
3037,7072,60740,8,-0.5423283576965332,-2.0575344562530518,0.9629372358322144,0.16910919547080994,0.0003,3036,0.0,150.0,-14.860857059999999
3038,7073,60760,8,-0.802585244178772,-2.0076489448547363,0.7944996356964111,0.4518590569496155,0.0003,3037,0.0,150.0,-14.860857059999999
3039,7073,60780,8,0.36799973249435425,-1.9997265338897705,0.09354472160339355,0.8053604960441589,0.0003,3038,0.0,150.0,-14.860857059999999
3040,7073,60800,8,0.5966764688491821,-1.9929921627044678,-0.019793152809143066,0.9880257844924927,0.0003,3039,0.0,150.0,-14.860857059999999
3041,7073,60820,8,-0.40724116563796997,-2.068451404571533,0.6865353584289551,0.1513979136943817,0.0003,3040,0.0,150.0,-14.860857059999999
3042,7074,60840,8,0.1578172892332077,-2.085874557495117,-0.531550407409668,0.8016478419303894,0.0003,3041,0.0,150.0,-14.860857059999999
3043,7074,60860,8,-0.4760323166847229,-2.111738920211792,0.6972516775131226,0.18856103718280792,0.0003,3042,0.0,150.0,-14.860857059999999
3044,7074,60880,8,0.9057563543319702,-2.0785739421844482,0.6198563575744629,1.3426004648208618,0.0003,3043,0.0,150.0,-14.860857059999999
3045,7074,60900,8,0.45905056595802307,-2.1002800464630127,0.8156769871711731,0.6632214784622192,0.0003,3044,0.0,150.0,-14.860857059999999
3046,7075,60920,8,-0.5118627548217773,-2.0835413932800293,0.9686583876609802,0.12081480026245117,0.0003,3045,0.0,150.0,-14.860857059999999
3047,7075,60940,8,-0.18648003041744232,-2.0621790885925293,0.5610791444778442,0.16602873802185059,0.0003,3046,0.0,150.0,-14.860857059999999
3048,7075,60960,8,0.2797974944114685,-2.135040521621704,0.5368847846984863,0.1861143708229065,0.0003,3047,0.0,150.0,-14.860857059999999
3049,7075,60980,8,-0.363372266292572,-2.127363920211792,0.7874153852462769,0.054908037185668945,0.0003,3048,0.0,150.0,-14.860857059999999
3050,7076,61000,8,0.33499443531036377,-2.123868465423584,0.4003545045852661,0.10738959163427353,0.0003,3049,0.0,150.0,-14.860857059999999
3051,7076,61020,8,-0.07883047312498093,-2.121056079864502,0.0223313570022583,0.11274252831935883,0.0003,3050,0.0,150.0,-14.860857059999999
3052,7076,61040,8,-0.2913540303707123,-2.084184169769287,0.18740826845169067,0.06987360119819641,0.0003,3051,0.0,150.0,-14.860857059999999
3053,7076,61060,8,-0.35414302349090576,-2.013946056365967,0.23133790493011475,0.07487193495035172,0.0003,3052,0.0,150.0,-14.860857059999999
3054,7076,61080,8,-0.4398740828037262,-2.0411341190338135,0.19554489850997925,0.07936552911996841,0.0003,3053,0.0,150.0,-14.860857059999999
3055,7076,61100,8,-0.4197067618370056,-2.0442662239074707,0.10669201612472534,0.0788002610206604,0.0003,3054,0.0,150.0,-14.860857059999999
3056,7076,61120,8,-0.3504878580570221,-2.04856538772583,0.10472464561462402,0.116388700902462,0.0003,3055,0.0,150.0,-14.860857059999999
3057,7076,61140,8,-0.40443944931030273,-2.087608814239502,0.15032202005386353,0.09049782902002335,0.0003,3056,0.0,150.0,-14.860857059999999
3058,7076,61160,8,-0.3350640833377838,-2.059990644454956,0.20577913522720337,0.04527408629655838,0.0003,3057,0.0,150.0,-14.860857059999999
3059,7077,61180,8,-0.3198237717151642,-2.0771594047546387,0.06777238845825195,0.09103448688983917,0.0003,3058,0.0,150.0,-14.860857059999999
3060,7076,61200,8,-0.2773648202419281,-2.109994888305664,-0.042922377586364746,0.02809208258986473,0.0003,3059,0.0,150.0,-15.060950179999999
3061,7077,61220,8,-0.13572733104228973,-2.103659152984619,-0.0025960206985473633,0.037716757506132126,0.0003,3060,0.0,150.0,-15.060950179999999
3062,7077,61240,8,-0.5115211606025696,-2.024425983428955,0.38656628131866455,0.35258808732032776,0.0003,3061,0.0,150.0,-15.060950179999999
3063,7077,61260,8,-0.0407097153365612,-2.0518546104431152,0.798746645450592,0.14468705654144287,0.0003,3062,0.0,150.0,-15.060950179999999
3064,7077,61280,8,0.356762558221817,-2.025543451309204,0.8849724531173706,0.28640931844711304,0.0003,3063,0.0,150.0,-15.060950179999999
3065,7077,61300,8,-0.10211925208568573,-2.0210037231445312,0.9853351712226868,0.03260662406682968,0.0003,3064,0.0,150.0,-15.060950179999999
3066,7078,61320,8,1.5699939727783203,-1.928832769393921,0.7714210748672485,1.5026991367340088,0.0003,3065,0.0,150.0,-15.060950179999999
3067,7078,61340,8,1.0646908283233643,-2.0291266441345215,0.9018354415893555,0.6771517992019653,0.0003,3066,0.0,150.0,-15.060950179999999
3068,7078,61360,8,0.32651761174201965,-2.0243191719055176,0.9731335639953613,0.1425890475511551,0.0003,3067,0.0,150.0,-15.060950179999999
3069,7078,61380,8,-0.5647975206375122,-2.038679599761963,0.9306755661964417,0.3430897295475006,0.0003,3068,0.0,150.0,-15.060950179999999
3070,7079,61400,8,0.6570311188697815,-2.056145191192627,0.8396991491317749,0.7003698945045471,0.0003,3069,0.0,150.0,-15.060950179999999
3071,7079,61420,8,-0.24561528861522675,-1.9770634174346924,0.9631602168083191,0.17839035391807556,0.0003,3070,0.0,150.0,-15.060950179999999
3072,7079,61440,8,-0.4227747917175293,-2.1054389476776123,0.9675086140632629,0.1401338279247284,0.0003,3071,0.0,150.0,-15.060950179999999
3073,7079,61460,8,-0.25586676597595215,-2.1311280727386475,0.8308355212211609,0.23048731684684753,0.0003,3072,0.0,150.0,-15.060950179999999
3074,7080,61480,8,0.48911213874816895,-2.136254072189331,0.9086406826972961,0.1562911570072174,0.0003,3073,0.0,150.0,-15.060950179999999
3075,7080,61500,8,0.17583665251731873,-2.136603355407715,0.6846218109130859,0.6623786091804504,0.0003,3074,0.0,150.0,-15.060950179999999
3076,7080,61520,8,-0.2288876473903656,-2.145782947540283,0.9081208109855652,0.11214069277048111,0.0003,3075,0.0,150.0,-15.060950179999999
3077,7080,61540,8,0.18758928775787354,-2.115384817123413,0.8961470723152161,0.15327228605747223,0.0003,3076,0.0,150.0,-15.060950179999999
3078,7080,61560,8,0.32995912432670593,-2.0686147212982178,0.9349853992462158,0.1742524653673172,0.0003,3077,0.0,150.0,-15.060950179999999
3079,7081,61580,8,0.406760036945343,-2.0602128505706787,0.9867305755615234,0.055860430002212524,0.0003,3078,0.0,150.0,-15.060950179999999
3080,7081,61600,8,0.21420204639434814,-2.0361311435699463,0.8699537515640259,0.21798935532569885,0.0003,3079,0.0,150.0,-15.060950179999999
3081,7081,61620,8,0.277273565530777,-2.0462515354156494,0.9902699589729309,0.031728170812129974,0.0003,3080,0.0,150.0,-15.060950179999999
3082,7081,61640,8,0.2511928975582123,-2.087644100189209,0.9857988953590393,0.027188852429389954,0.0003,3081,0.0,150.0,-15.060950179999999
3083,7081,61660,8,0.22783513367176056,-2.0692105293273926,0.9090113639831543,0.07774411141872406,0.0003,3082,0.0,150.0,-15.060950179999999
3084,7082,61680,8,0.11995215713977814,-2.072139263153076,0.8528866767883301,0.07169134169816971,0.0003,3083,0.0,150.0,-15.060950179999999
3085,7082,61700,8,0.3946467339992523,-2.120185375213623,-0.18063318729400635,0.6427149772644043,0.0003,3084,0.0,150.0,-15.060950179999999
3086,7081,61720,8,0.15906032919883728,-2.0707507133483887,0.6138999462127686,0.049428265541791916,0.0003,3085,0.0,150.0,-15.060950179999999
3087,7081,61740,8,0.207600399851799,-2.0900442600250244,0.22303825616836548,0.2697426974773407,0.0003,3086,0.0,150.0,-15.060950179999999
3088,7082,61760,8,-0.02186408080160618,-2.065711498260498,0.7371795773506165,0.029153436422348022,0.0003,3087,0.0,150.0,-15.060950179999999
3089,7082,61780,8,-0.1885480135679245,-2.1002135276794434,0.5019888281822205,0.11987705528736115,0.0003,3088,0.0,150.0,-15.060950179999999
3090,7082,61800,8,-0.12028394639492035,-2.115816831588745,0.6586623191833496,0.053420014679431915,0.0003,3089,0.0,150.0,-15.100117189999999
3091,7082,61820,8,-0.14868919551372528,-2.125413417816162,0.6742513179779053,0.0632924884557724,0.0003,3090,0.0,150.0,-15.100117189999999
3092,7082,61840,8,0.09893132001161575,-2.053312301635742,0.6932756304740906,0.07935668528079987,0.0003,3091,0.0,150.0,-15.100117189999999
3093,7082,61860,8,0.6334201693534851,-2.0840320587158203,0.05421304702758789,0.707894504070282,0.0003,3092,0.0,150.0,-15.100117189999999
3094,7083,61880,8,-0.136394664645195,-2.096414089202881,0.7500564455986023,0.7747387290000916,0.0003,3093,0.0,150.0,-15.100117189999999
3095,7082,61900,8,-0.5873011350631714,-2.0959346294403076,0.9651628136634827,0.27659815549850464,0.0003,3094,0.0,150.0,-15.100117189999999
3096,7083,61920,8,0.8572152256965637,-2.071096420288086,0.8957456350326538,1.167009949684143,0.0003,3095,0.0,150.0,-15.100117189999999
3097,7083,61940,8,-0.12624987959861755,-2.121765613555908,0.9963195323944092,0.039682213217020035,0.0003,3096,0.0,150.0,-15.100117189999999
3098,7083,61960,8,0.5731576681137085,-2.123587131500244,0.9921864867210388,0.13697321712970734,0.0003,3097,0.0,150.0,-15.100117189999999
3099,7083,61980,8,-0.2705579102039337,-2.142423629760742,0.9882878065109253,0.17176419496536255,0.0003,3098,0.0,150.0,-15.100117189999999
3100,7083,62000,8,1.174010157585144,-2.139597177505493,0.9326637983322144,1.7261269092559814,0.0003,3099,0.0,150.0,-15.100117189999999
3101,7084,62020,8,1.1244916915893555,-2.103013277053833,0.9537569880485535,1.4933984279632568,0.0003,3100,0.0,150.0,-15.100117189999999
3102,7084,62040,8,0.1315794736146927,-2.1324517726898193,0.9716053009033203,0.6023472547531128,0.0003,3101,0.0,150.0,-15.100117189999999
3103,7084,62060,8,0.5777314305305481,-2.129183769226074,0.9817579388618469,0.4079107642173767,0.0003,3102,0.0,150.0,-15.100117189999999
3104,7084,62080,8,0.3810632824897766,-2.112372875213623,0.9804951548576355,0.45689287781715393,0.0003,3103,0.0,150.0,-15.100117189999999
3105,7084,62100,8,0.14940617978572845,-2.1482462882995605,0.9787712097167969,0.3654206395149231,0.0003,3104,0.0,150.0,-15.100117189999999
3106,7085,62120,8,0.5772889256477356,-2.1359143257141113,0.9818379282951355,0.2944692075252533,0.0003,3105,0.0,150.0,-15.100117189999999
3107,7085,62140,8,0.22428056597709656,-2.094755172729492,0.950739324092865,0.5122300386428833,0.0003,3106,0.0,150.0,-15.100117189999999
3108,7085,62160,8,0.19395598769187927,-2.1361489295959473,0.912482738494873,0.6591594815254211,0.0003,3107,0.0,150.0,-15.100117189999999
3109,7085,62180,8,-0.03985404223203659,-2.1334152221679688,0.966966986656189,0.22838351130485535,0.0003,3108,0.0,150.0,-15.100117189999999
3110,7086,62200,8,-0.6126006841659546,-2.1414084434509277,0.982681155204773,0.26592883467674255,0.0003,3109,0.0,150.0,-15.100117189999999
3111,7086,62220,8,-0.9627473950386047,-2.1304073333740234,0.9858435392379761,0.328630268573761,0.0003,3110,0.0,150.0,-15.100117189999999
3112,7086,62240,8,-0.27734631299972534,-2.1087100505828857,0.9735193252563477,0.22887930274009705,0.0003,3111,0.0,150.0,-15.100117189999999
3113,7086,62260,8,-0.38402897119522095,-2.035367488861084,0.9798579216003418,0.22815370559692383,0.0003,3112,0.0,150.0,-15.100117189999999
3114,7086,62280,8,-0.4096870422363281,-2.0764212608337402,0.9880312085151672,0.127223938703537,0.0003,3113,0.0,150.0,-15.100117189999999
3115,7087,62300,8,-0.23000571131706238,-2.1061439514160156,0.9854649901390076,0.09331732988357544,0.0003,3114,0.0,150.0,-15.100117189999999
3116,7087,62320,8,-0.6529735326766968,-2.061755657196045,0.9946342706680298,0.11518356949090958,0.0003,3115,0.0,150.0,-15.100117189999999
3117,7087,62340,8,-0.29593268036842346,-2.0766282081604004,0.9849954843521118,0.09133033454418182,0.0003,3116,0.0,150.0,-15.100117189999999
3118,7087,62360,8,-0.3492288589477539,-2.076136827468872,0.9555622339248657,0.20079736411571503,0.0003,3117,0.0,150.0,-15.100117189999999
3119,7088,62380,8,-0.28055229783058167,-2.0984318256378174,0.9539393782615662,0.12648364901542664,0.0003,3118,0.0,150.0,-15.100117189999999
3120,7088,62400,8,-0.40730738639831543,-2.1081786155700684,0.946043074131012,0.1311982274055481,0.0003,3119,0.0,150.0,-15.270510419999999
3121,7088,62420,8,-0.6248258352279663,-2.0869038105010986,0.9224503040313721,0.19653473794460297,0.0003,3120,0.0,150.0,-15.270510419999999
3122,7088,62440,8,-0.42096859216690063,-2.0553903579711914,0.8753994107246399,0.11862923204898834,0.0003,3121,0.0,150.0,-15.270510419999999
3123,7088,62460,8,1.6373403072357178,-2.0777125358581543,0.7724922895431519,0.8950905799865723,0.0003,3122,0.0,150.0,-15.270510419999999
3124,7088,62480,8,0.3205743730068207,-2.0325489044189453,0.7949710488319397,0.3716792166233063,0.0003,3123,0.0,150.0,-15.270510419999999
3125,7089,62500,8,0.08975960314273834,-2.08790922164917,0.9624585509300232,0.05895469710230827,0.0003,3124,0.0,150.0,-15.270510419999999
3126,7089,62520,8,0.07891368865966797,-2.0438156127929688,0.9054299592971802,0.25897863507270813,0.0003,3125,0.0,150.0,-15.270510419999999
3127,7088,62540,8,0.27978283166885376,-2.0572118759155273,0.9254686236381531,0.3308548331260681,0.0003,3126,0.0,150.0,-15.270510419999999
3128,7089,62560,8,-0.499737024307251,-1.9833958148956299,0.9698511362075806,0.21714918315410614,0.0003,3127,0.0,150.0,-15.270510419999999
3129,7089,62580,8,-0.19896145164966583,-2.0785093307495117,0.9222025871276855,0.5158807039260864,0.0003,3128,0.0,150.0,-15.270510419999999
3130,7087,62600,8,0.4918721616268158,-2.064680814743042,0.9890139102935791,0.1310504972934723,0.0003,3129,0.0,150.0,-15.270510419999999
3131,7087,62620,8,0.8180883526802063,-2.0367655754089355,0.7100681066513062,2.29172945022583,0.0003,3130,0.0,150.0,-15.270510419999999
3132,7087,62640,8,-1.25516676902771,-2.1195101737976074,0.9611050486564636,0.7407761812210083,0.0003,3131,0.0,150.0,-15.270510419999999
3133,7086,62660,8,-0.7662607431411743,-2.137550115585327,0.9713655710220337,0.42475828528404236,0.0003,3132,0.0,150.0,-15.270510419999999
3134,7085,62680,8,0.21568498015403748,-2.1146626472473145,0.9495517611503601,0.6727653741836548,0.0003,3133,0.0,150.0,-15.270510419999999
3135,7084,62700,8,0.0579303503036499,-2.153463363647461,0.9405535459518433,0.8844214677810669,0.0003,3134,0.0,150.0,-15.270510419999999
3136,7083,62720,8,-0.04691965505480766,-2.131636142730713,0.9473341107368469,1.0161325931549072,0.0003,3135,0.0,150.0,-15.270510419999999
3137,7082,62740,8,0.5202224850654602,-2.0855743885040283,0.9744667410850525,0.6251093149185181,0.0003,3136,0.0,150.0,-15.270510419999999
3138,7081,62760,8,0.515415370464325,-2.031960964202881,0.9359248876571655,0.7763137817382812,0.0003,3137,0.0,150.0,-15.270510419999999
3139,7081,62780,8,0.717922568321228,-2.0543010234832764,0.6662322878837585,2.133071184158325,0.0003,3138,0.0,150.0,-15.270510419999999
3140,7081,62800,8,0.5957674980163574,-2.0868735313415527,0.9405624866485596,0.4715993404388428,0.0003,3139,0.0,150.0,-15.270510419999999
3141,7081,62820,8,-0.6049222350120544,-1.991469144821167,0.9873373508453369,0.17304661870002747,0.0003,3140,0.0,150.0,-15.270510419999999
3142,7080,62840,8,-0.331706166267395,-1.9950077533721924,0.9963854551315308,0.04551706463098526,0.0003,3141,0.0,150.0,-15.270510419999999
3143,7080,62860,8,0.07764311134815216,-2.005526065826416,0.9710685014724731,0.21650442481040955,0.0003,3142,0.0,150.0,-15.270510419999999
3144,7079,62880,8,0.009736757725477219,-2.02268648147583,0.9970511794090271,0.021554995328187943,0.0003,3143,0.0,150.0,-15.270510419999999
3145,7078,62900,8,-0.29746606945991516,-2.056824207305908,0.9419025778770447,0.22054538130760193,0.0003,3144,0.0,150.0,-15.270510419999999
3146,7078,62920,8,-0.18073339760303497,-2.0497050285339355,0.9444568157196045,0.13014939427375793,0.0003,3145,0.0,150.0,-15.270510419999999
3147,7076,62940,8,0.0027250051498413086,-1.9837446212768555,0.972320556640625,0.06500627100467682,0.0003,3146,0.0,150.0,-15.270510419999999
3148,7075,62960,8,-0.26423975825309753,-2.040430784225464,0.9148633480072021,0.13403892517089844,0.0003,3147,0.0,150.0,-15.270510419999999
3149,7075,62980,8,-0.01606598123908043,-2.1082074642181396,0.9709949493408203,0.020345579832792282,0.0003,3148,0.0,150.0,-15.270510419999999
3150,7074,63000,8,-0.15845373272895813,-2.091564416885376,0.9234493970870972,0.04665512964129448,0.0003,3149,0.0,150.0,-15.17594094
3151,7074,63020,8,-0.3750261664390564,-2.066315174102783,0.8826248049736023,0.056115973740816116,0.0003,3150,0.0,150.0,-15.17594094
3152,7073,63040,8,-0.7508189678192139,-2.021195411682129,0.7217261791229248,0.49255433678627014,0.0003,3151,0.0,150.0,-15.17594094
3153,7072,63060,8,-0.5652170777320862,-2.0309245586395264,0.8195342421531677,0.46079960465431213,0.0003,3152,0.0,150.0,-15.17594094
3154,7072,63080,8,-0.9489505887031555,-2.0287139415740967,0.9275197386741638,0.40754184126853943,0.0003,3153,0.0,150.0,-15.17594094
3155,7072,63100,8,2.465026378631592,-1.970881700515747,0.1513652801513672,2.9471192359924316,0.0003,3154,0.0,150.0,-15.17594094
3156,7071,63120,8,0.1551016867160797,-1.9362980127334595,0.8972586393356323,0.3484634757041931,0.0003,3155,0.0,150.0,-15.17594094
3157,7070,63140,8,1.832788109779358,-2.040541887283325,0.7828983068466187,2.125037908554077,0.0003,3156,0.0,150.0,-15.17594094
3158,7070,63160,8,2.739112138748169,-1.8837385177612305,-2.196908473968506,6.6879167556762695,0.0003,3157,0.0,150.0,-15.17594094
3159,7070,63180,8,-1.1103489398956299,-2.0014090538024902,0.9413989782333374,0.5441665053367615,0.0003,3158,0.0,150.0,-15.17594094
3160,7070,63200,8,-0.18629947304725647,-2.048149585723877,0.9509366154670715,0.35187476873397827,0.0003,3159,0.0,150.0,-15.17594094
3161,7070,63220,8,0.9350478053092957,-2.0407910346984863,0.9156498908996582,0.6095442771911621,0.0003,3160,0.0,150.0,-15.17594094
3162,7070,63240,8,0.5095668435096741,-2.0650782585144043,0.9015249013900757,1.408691644668579,0.0003,3161,0.0,150.0,-15.17594094
3163,7069,63260,8,0.11429625749588013,-2.059302568435669,0.9830319285392761,0.2933959364891052,0.0003,3162,0.0,150.0,-15.17594094
3164,7070,63280,8,-0.20400038361549377,-2.114409923553467,0.9929422736167908,0.14186330139636993,0.0003,3163,0.0,150.0,-15.17594094
3165,7070,63300,8,-0.35762643814086914,-2.1311919689178467,0.9968755841255188,0.07452902942895889,0.0003,3164,0.0,150.0,-15.17594094
3166,7069,63320,8,0.305713951587677,-2.137230396270752,0.9880855679512024,0.18060675263404846,0.0003,3165,0.0,150.0,-15.17594094
3167,7069,63340,8,0.17832140624523163,-2.1059720516204834,0.9713385701179504,0.4846161901950836,0.0003,3166,0.0,150.0,-15.17594094
3168,7069,63360,8,0.018486464396119118,-2.0563673973083496,0.9626982808113098,0.5746721029281616,0.0003,3167,0.0,150.0,-15.17594094
3169,7069,63380,8,-0.9561592936515808,-2.126777172088623,0.9632604718208313,0.6508116126060486,0.0003,3168,0.0,150.0,-15.17594094
3170,7069,63400,8,-1.1400976181030273,-2.1544668674468994,0.9539810419082642,0.5080181956291199,0.0003,3169,0.0,150.0,-15.17594094
3171,7069,63420,8,-0.5375404357910156,-2.122335195541382,0.9548777937889099,0.2234095335006714,0.0003,3170,0.0,150.0,-15.17594094
3172,7069,63440,8,-0.7392171025276184,-2.0296120643615723,0.33022958040237427,0.7741137742996216,0.0003,3171,0.0,150.0,-15.17594094
3173,7068,63460,8,-0.2480359524488449,-2.0390899181365967,0.8203921318054199,0.15171687304973602,0.0003,3172,0.0,150.0,-15.17594094
3174,7068,63480,8,-0.13402071595191956,-2.0068888664245605,0.5649235248565674,0.17262279987335205,0.0003,3173,0.0,150.0,-15.17594094
3175,7068,63500,8,-0.07971932739019394,-2.0627455711364746,0.6471564769744873,0.07318409532308578,0.0003,3174,0.0,150.0,-15.17594094
3176,7068,63520,8,-0.2797815799713135,-2.1200613975524902,0.8274239897727966,0.04106086492538452,0.0003,3175,0.0,150.0,-15.17594094
3177,7068,63540,8,-0.09834496676921844,-2.110781192779541,0.7649730443954468,0.015931200236082077,0.0003,3176,0.0,150.0,-15.17594094
3178,7068,63560,8,-0.2886853814125061,-2.101624011993408,0.6022043824195862,0.0364278182387352,0.0003,3177,0.0,150.0,-15.17594094
3179,7068,63580,8,0.041984330862760544,-2.1335244178771973,0.24848473072052002,0.02171119675040245,0.0003,3178,0.0,150.0,-15.17594094
3180,7068,63600,8,0.2896462082862854,-2.1429038047790527,0.11881297826766968,0.2529229521751404,0.0003,3179,0.0,150.0,-15.38931133
3181,7068,63620,9,-0.2906469404697418,-2.157824754714966,-0.10040652751922607,0.0612470805644989,0.0003,3180,0.0,150.0,-15.38931133
3182,7068,63640,9,-0.3189552128314972,-2.0560169219970703,0.9242742657661438,0.24686482548713684,0.0003,3181,0.0,150.0,-15.38931133
3183,7069,63660,9,-0.3119705319404602,-2.0672643184661865,0.9526427984237671,0.18977932631969452,0.0003,3182,0.0,150.0,-15.38931133
3184,7069,63680,9,1.0051394701004028,-2.0793604850769043,0.8973672389984131,0.9203637838363647,0.0003,3183,0.0,150.0,-15.38931133
3185,7069,63700,9,-0.2473842203617096,-2.0621724128723145,0.952483057975769,0.3147599697113037,0.0003,3184,0.0,150.0,-15.38931133
3186,7069,63720,9,0.34122151136398315,-2.0754337310791016,0.9272233247756958,0.2602859437465668,0.0003,3185,0.0,150.0,-15.38931133
3187,7069,63740,9,0.2937890589237213,-2.071878671646118,0.9396154284477234,0.1849043071269989,0.0003,3186,0.0,150.0,-15.38931133
3188,7069,63760,9,-0.35688674449920654,-2.0933308601379395,0.9510801434516907,0.2566544711589813,0.0003,3187,0.0,150.0,-15.38931133
3189,7069,63780,9,-0.15023857355117798,-2.114109754562378,0.9845086932182312,0.08319558203220367,0.0003,3188,0.0,150.0,-15.38931133
3190,7069,63800,9,-0.21459171175956726,-2.111514091491699,0.9925830364227295,0.045131243765354156,0.0003,3189,0.0,150.0,-15.38931133
3191,7069,63820,9,0.0633849948644638,-2.1107804775238037,0.6403238773345947,0.8446673154830933,0.0003,3190,0.0,150.0,-15.38931133
3192,7070,63840,9,0.14489035308361053,-2.121812343597412,0.9255679845809937,0.13248570263385773,0.0003,3191,0.0,150.0,-15.38931133
3193,7070,63860,9,-0.15035049617290497,-2.115516424179077,0.7424142360687256,0.21019037067890167,0.0003,3192,0.0,150.0,-15.38931133
3194,7070,63880,9,2.6052284240722656,-2.0642035007476807,-0.4906812906265259,3.7139694690704346,0.0003,3193,0.0,150.0,-15.38931133
3195,7070,63900,9,-0.15947425365447998,-2.1015093326568604,-1.1328213214874268,0.28633373975753784,0.0003,3194,0.0,150.0,-15.38931133
3196,7070,63920,9,1.4473793506622314,-2.099762439727783,0.13125604391098022,2.0643391609191895,0.0003,3195,0.0,150.0,-15.38931133
3197,7070,63940,9,1.4600679874420166,-2.068281650543213,0.49927133321762085,1.5105791091918945,0.0003,3196,0.0,150.0,-15.38931133
3198,7070,63960,9,0.10001788288354874,-2.0968010425567627,0.964943528175354,0.02788619138300419,0.0003,3197,0.0,150.0,-15.38931133
3199,7070,63980,9,-0.22929635643959045,-2.065237283706665,0.4576954245567322,0.15827426314353943,0.0003,3198,0.0,150.0,-15.38931133
3200,7070,64000,9,-0.04495321586728096,-2.066720962524414,0.672545850276947,0.0464523546397686,0.0003,3199,0.0,150.0,-15.38931133
3201,7070,64020,9,1.107312560081482,-2.0989410877227783,-0.06187736988067627,1.5752136707305908,0.0003,3200,0.0,150.0,-15.38931133
3202,7070,64040,9,1.8346912860870361,-2.1176130771636963,0.1225813627243042,1.7184851169586182,0.0003,3201,0.0,150.0,-15.38931133
3203,7070,64060,9,0.6080275177955627,-2.0829432010650635,0.3583654761314392,0.27848875522613525,0.0003,3202,0.0,150.0,-15.38931133
3204,7070,64080,9,0.40989261865615845,-2.0829825401306152,0.3182387351989746,0.2810786962509155,0.0003,3203,0.0,150.0,-15.38931133
3205,7071,64100,9,0.4700946807861328,-2.075993061065674,0.34936684370040894,0.4998297691345215,0.0003,3204,0.0,150.0,-15.38931133
3206,7071,64120,9,0.45789504051208496,-2.1127548217773438,0.4853094816207886,0.2236594259738922,0.0003,3205,0.0,150.0,-15.38931133
3207,7071,64140,9,0.19872626662254333,-2.13718843460083,-0.2712796926498413,0.04256783053278923,0.0003,3206,0.0,150.0,-15.38931133
3208,7071,64160,9,0.6124559640884399,-2.1309561729431152,0.0993010401725769,0.1389041543006897,0.0003,3207,0.0,150.0,-15.38931133
3209,7071,64180,9,-0.12028928846120834,-2.122030258178711,0.8464307188987732,0.010515051893889904,0.0003,3208,0.0,150.0,-15.38931133
3210,7071,64200,9,1.4916783571243286,-2.1150946617126465,0.013489603996276855,1.7197402715682983,0.0003,3209,0.0,150.0,-15.29475504
3211,7071,64220,9,0.7789196372032166,-2.1126866340637207,-0.17068779468536377,0.339192658662796,0.0003,3210,0.0,150.0,-15.29475504
3212,7071,64240,9,0.38618239760398865,-2.070890426635742,-0.8768858909606934,0.6935986280441284,0.0003,3211,0.0,150.0,-15.29475504
3213,7072,64260,9,-0.3448353409767151,-2.068350315093994,0.7865560054779053,0.2893974184989929,0.0003,3212,0.0,150.0,-15.29475504
3214,7071,64280,9,0.2672155499458313,-2.0769295692443848,0.792086124420166,0.33112651109695435,0.0003,3213,0.0,150.0,-15.29475504
3215,7071,64300,9,-0.4269533157348633,-2.081264019012451,0.903203547000885,0.23451754450798035,0.0003,3214,0.0,150.0,-15.29475504
3216,7072,64320,9,-0.3639920949935913,-2.0674662590026855,0.9548373222351074,0.13947173953056335,0.0003,3215,0.0,150.0,-15.29475504
3217,7072,64340,9,0.9328630566596985,-1.9771331548690796,0.6172316074371338,0.8161416053771973,0.0003,3216,0.0,150.0,-15.29475504
3218,7072,64360,9,0.6441720724105835,-1.9920886754989624,0.4496474862098694,1.0534416437149048,0.0003,3217,0.0,150.0,-15.29475504
3219,7072,64380,9,-0.30164504051208496,-2.0063259601593018,0.7705723643302917,0.4592650532722473,0.0003,3218,0.0,150.0,-15.29475504
3220,7072,64400,9,0.46399641036987305,-2.0616445541381836,0.8733773827552795,0.22551366686820984,0.0003,3219,0.0,150.0,-15.29475504
3221,7072,64420,9,1.240724802017212,-2.015805244445801,0.08951824903488159,1.4379183053970337,0.0003,3220,0.0,150.0,-15.29475504
3222,7072,64440,9,-0.007541465573012829,-1.9827358722686768,0.7404777407646179,2.444802761077881,0.0003,3221,0.0,150.0,-15.29475504
3223,7072,64460,9,0.09402640908956528,-2.0814156532287598,0.982096791267395,0.19424757361412048,0.0003,3222,0.0,150.0,-15.29475504
3224,7073,64480,9,0.12046787887811661,-2.015336751937866,0.9533748626708984,0.6975253224372864,0.0003,3223,0.0,150.0,-15.29475504
3225,7073,64500,9,1.4099360704421997,-2.0361289978027344,0.9043619632720947,3.5459144115448,0.0003,3224,0.0,150.0,-15.29475504
3226,7073,64520,9,-0.26080936193466187,-2.0993874073028564,0.9984918236732483,0.049234263598918915,0.0003,3225,0.0,150.0,-15.29475504
3227,7073,64540,9,0.1187950149178505,-2.0471031665802,0.9880381226539612,0.24276015162467957,0.0003,3226,0.0,150.0,-15.29475504
3228,7073,64560,9,1.0291589498519897,-1.9808037281036377,0.907699704170227,1.8563463687896729,0.0003,3227,0.0,150.0,-15.29475504
3229,7074,64580,9,-0.14119771122932434,-2.1387674808502197,0.9851669073104858,0.18546852469444275,0.0003,3228,0.0,150.0,-15.29475504
3230,7074,64600,9,-0.31411659717559814,-2.1460394859313965,0.988099992275238,0.12976400554180145,0.0003,3229,0.0,150.0,-15.29475504
3231,7074,64620,9,0.29148539900779724,-2.006425142288208,0.9853495359420776,0.15318796038627625,0.0003,3230,0.0,150.0,-15.29475504
3232,7074,64640,9,0.2569482624530792,-1.9643751382827759,0.9870174527168274,0.1193675622344017,0.0003,3231,0.0,150.0,-15.29475504
3233,7074,64660,9,-0.30018359422683716,-1.9755550622940063,0.968614935874939,0.20990335941314697,0.0003,3232,0.0,150.0,-15.29475504
3234,7074,64680,9,0.18915028870105743,-2.0354418754577637,0.9613000750541687,0.1546655148267746,0.0003,3233,0.0,150.0,-15.29475504
3235,7075,64700,9,-0.8445331454277039,-2.003408432006836,0.9424754977226257,0.28013819456100464,0.0003,3234,0.0,150.0,-15.29475504
3236,7075,64720,9,0.03129855543375015,-2.1304163932800293,0.944577693939209,0.05424254387617111,0.0003,3235,0.0,150.0,-15.29475504
3237,7075,64740,9,0.19543969631195068,-2.0875115394592285,0.48881423473358154,0.18923692405223846,0.0003,3236,0.0,150.0,-15.29475504
3238,7075,64760,9,-0.292611300945282,-2.080958604812622,0.28420203924179077,0.11427633464336395,0.0003,3237,0.0,150.0,-15.29475504
3239,7075,64780,9,-0.4585680365562439,-2.0481133460998535,0.3802717328071594,0.11255167424678802,0.0003,3238,0.0,150.0,-15.29475504
3240,7075,64800,9,-0.20229271054267883,-2.0440144538879395,0.2852783799171448,0.07915564626455307,0.0003,3239,0.0,150.0,-15.093638190000004
3241,7076,64820,9,-0.1181177943944931,-2.0440876483917236,0.8253240585327148,0.013644534163177013,0.0003,3240,0.0,150.0,-15.093638190000004
3242,7076,64840,9,-0.6683951020240784,-2.0610592365264893,0.6147820949554443,0.515927791595459,0.0003,3241,0.0,150.0,-15.093638190000004
3243,7076,64860,9,-0.1680634617805481,-2.069653034210205,0.893085241317749,0.2416526973247528,0.0003,3242,0.0,150.0,-15.093638190000004
3244,7076,64880,9,0.15604142844676971,-2.0665721893310547,0.9287124276161194,0.34694433212280273,0.0003,3243,0.0,150.0,-15.093638190000004
3245,7077,64900,9,-0.4281172752380371,-2.0719099044799805,0.9668251276016235,0.2515715956687927,0.0003,3244,0.0,150.0,-15.093638190000004
3246,7077,64920,9,-0.23834533989429474,-2.076828718185425,0.9786112904548645,0.14221486449241638,0.0003,3245,0.0,150.0,-15.093638190000004
3247,7077,64940,9,0.9971528053283691,-2.0677809715270996,0.7826536297798157,0.9146203994750977,0.0003,3246,0.0,150.0,-15.093638190000004
3248,7077,64960,9,0.880340576171875,-2.0988240242004395,0.9227359294891357,0.4002284109592438,0.0003,3247,0.0,150.0,-15.093638190000004
3249,7078,64980,9,0.7127171754837036,-2.0802152156829834,0.9311650395393372,0.42501312494277954,0.0003,3248,0.0,150.0,-15.093638190000004
3250,7077,65000,9,0.33536458015441895,-2.0531766414642334,0.8706488013267517,0.4068151116371155,0.0003,3249,0.0,150.0,-15.093638190000004
3251,7078,65020,9,0.2382194697856903,-2.0229783058166504,0.9254478812217712,0.150094673037529,0.0003,3250,0.0,150.0,-15.093638190000004
3252,7078,65040,9,0.9201682209968567,-2.073572874069214,0.3035685420036316,2.8134331703186035,0.0003,3251,0.0,150.0,-15.093638190000004
3253,7078,65060,9,0.5082893967628479,-2.0976719856262207,0.9195831418037415,0.3261342942714691,0.0003,3252,0.0,150.0,-15.093638190000004
3254,7078,65080,9,-0.23243021965026855,-2.1252424716949463,0.8998820185661316,0.14560487866401672,0.0003,3253,0.0,150.0,-15.093638190000004
3255,7078,65100,9,0.9936532974243164,-2.092122793197632,0.7390289306640625,0.8283642530441284,0.0003,3254,0.0,150.0,-15.093638190000004
3256,7078,65120,9,0.20229840278625488,-2.1388299465179443,0.5978957414627075,0.20489034056663513,0.0003,3255,0.0,150.0,-15.093638190000004
3257,7078,65140,9,0.3453337252140045,-2.0272021293640137,0.6562036275863647,0.2827172875404358,0.0003,3256,0.0,150.0,-15.093638190000004
3258,7078,65160,9,1.183473825454712,-2.020204544067383,-0.554259181022644,1.972379446029663,0.0003,3257,0.0,150.0,-15.093638190000004
3259,7078,65180,9,0.02639296092092991,-2.021073341369629,0.46321213245391846,0.06870339810848236,0.0003,3258,0.0,150.0,-15.093638190000004
3260,7078,65200,9,0.30338722467422485,-2.1292788982391357,0.5418925285339355,0.25665339827537537,0.0003,3259,0.0,150.0,-15.093638190000004
3261,7079,65220,9,0.5843254327774048,-2.1392359733581543,0.6318610906600952,0.19135773181915283,0.0003,3260,0.0,150.0,-15.093638190000004
3262,7079,65240,9,0.012038989923894405,-2.1085197925567627,0.9077660441398621,0.033827777951955795,0.0003,3261,0.0,150.0,-15.093638190000004
3263,7079,65260,9,1.65164053440094,-2.0878119468688965,0.2883206605911255,2.0423054695129395,0.0003,3262,0.0,150.0,-15.093638190000004
3264,7079,65280,9,-0.36098891496658325,-2.0740456581115723,0.6517862677574158,0.15114626288414001,0.0003,3263,0.0,150.0,-15.093638190000004
3265,7079,65300,9,-0.2756730616092682,-2.0467936992645264,0.8040788769721985,0.09088832885026932,0.0003,3264,0.0,150.0,-15.093638190000004
3266,7079,65320,9,0.19931915402412415,-2.087559938430786,0.6167913675308228,0.36020955443382263,0.0003,3265,0.0,150.0,-15.093638190000004
3267,7080,65340,9,0.01722099259495735,-2.118900775909424,0.8182306885719299,0.11883866786956787,0.0003,3266,0.0,150.0,-15.093638190000004
3268,7080,65360,9,-0.5736481547355652,-2.0896902084350586,0.9238142967224121,0.10170123726129532,0.0003,3267,0.0,150.0,-15.093638190000004
3269,7080,65380,9,0.8314775228500366,-2.0627951622009277,0.04436624050140381,0.8054159283638,0.0003,3268,0.0,150.0,-15.093638190000004
3270,7080,65400,9,-0.620702862739563,-2.0876359939575195,0.8170987367630005,0.12880022823810577,0.0003,3269,0.0,150.0,-14.746889869999997
3271,7080,65420,9,-0.26590844988822937,-2.1182732582092285,0.7051024436950684,0.07062841206789017,0.0003,3270,0.0,150.0,-14.746889869999997
3272,7080,65440,9,-0.18273869156837463,-2.067852735519409,0.9912998676300049,0.027340376749634743,0.0003,3271,0.0,150.0,-14.746889869999997
3273,7080,65460,9,-0.06307362020015717,-2.078763961791992,0.8789215087890625,0.17507465183734894,0.0003,3272,0.0,150.0,-14.746889869999997
3274,7080,65480,9,0.6617161631584167,-2.0553932189941406,0.6043057441711426,1.3576499223709106,0.0003,3273,0.0,150.0,-14.746889869999997
3275,7081,65500,9,-0.07251769304275513,-2.048419237136841,0.9016206860542297,0.19542750716209412,0.0003,3274,0.0,150.0,-14.746889869999997
3276,7081,65520,9,0.6368533372879028,-2.022947072982788,0.7941482067108154,0.9499000310897827,0.0003,3275,0.0,150.0,-14.746889869999997
3277,7081,65540,9,-0.7211388349533081,-2.0439822673797607,0.733940839767456,0.45569199323654175,0.0003,3276,0.0,150.0,-14.746889869999997
3278,7081,65560,9,-0.23035982251167297,-2.080230712890625,0.7968710064888,0.3267204165458679,0.0003,3277,0.0,150.0,-14.746889869999997
3279,7081,65580,9,0.37517833709716797,-2.1003658771514893,0.9069169163703918,0.271105021238327,0.0003,3278,0.0,150.0,-14.746889869999997
3280,7082,65600,9,-0.5315481424331665,-2.0930848121643066,0.9434327483177185,0.23152656853199005,0.0003,3279,0.0,150.0,-14.746889869999997
3281,7082,65620,9,0.27223628759384155,-2.1024632453918457,0.9002010226249695,0.26424703001976013,0.0003,3280,0.0,150.0,-14.746889869999997
3282,7082,65640,9,0.6816540956497192,-2.097813844680786,0.809412956237793,0.8751920461654663,0.0003,3281,0.0,150.0,-14.746889869999997
3283,7082,65660,9,0.38975098729133606,-2.0790863037109375,0.9313364624977112,0.43107837438583374,0.0003,3282,0.0,150.0,-14.746889869999997
3284,7082,65680,9,2.255689859390259,-2.0358328819274902,0.6449915170669556,5.120408535003662,0.0003,3283,0.0,150.0,-14.746889869999997
3285,7083,65700,9,-0.41901999711990356,-2.07531476020813,0.9823959469795227,0.21185269951820374,0.0003,3284,0.0,150.0,-14.746889869999997
3286,7083,65720,9,-0.11379971355199814,-2.084334135055542,0.9931996464729309,0.057449184358119965,0.0003,3285,0.0,150.0,-14.746889869999997
3287,7083,65740,9,0.844538688659668,-2.0912742614746094,0.8909096121788025,0.9332391023635864,0.0003,3286,0.0,150.0,-14.746889869999997
3288,7083,65760,9,2.2122445106506348,-2.0758707523345947,0.781796395778656,3.2166881561279297,0.0003,3287,0.0,150.0,-14.746889869999997
3289,7083,65780,9,0.47138848900794983,-2.0977540016174316,0.9569500088691711,0.44203776121139526,0.0003,3288,0.0,150.0,-14.746889869999997
3290,7083,65800,9,-0.780964732170105,-2.104346752166748,0.9432888031005859,0.41225752234458923,0.0003,3289,0.0,150.0,-14.746889869999997
3291,7083,65820,9,0.5234071612358093,-2.1151270866394043,0.8883773684501648,0.36257466673851013,0.0003,3290,0.0,150.0,-14.746889869999997
3292,7083,65840,9,1.180985689163208,-2.0288078784942627,0.7309530973434448,1.2851293087005615,0.0003,3291,0.0,150.0,-14.746889869999997
3293,7084,65860,9,0.38090914487838745,-2.088672161102295,0.3278844952583313,1.305909514427185,0.0003,3292,0.0,150.0,-14.746889869999997
3294,7084,65880,9,-0.6775409579277039,-2.1295132637023926,0.7294307947158813,0.36844295263290405,0.0003,3293,0.0,150.0,-14.746889869999997
3295,7084,65900,9,0.20759892463684082,-2.10026216506958,0.6538437008857727,0.3682374954223633,0.0003,3294,0.0,150.0,-14.746889869999997
3296,7084,65920,9,0.06733808666467667,-2.0656440258026123,0.7739066481590271,0.27033546566963196,0.0003,3295,0.0,150.0,-14.746889869999997
3297,7084,65940,9,-0.1744568645954132,-2.0743775367736816,0.8309029340744019,0.1561659425497055,0.0003,3296,0.0,150.0,-14.746889869999997
3298,7084,65960,9,-0.22595544159412384,-2.101170063018799,0.727196216583252,0.12558212876319885,0.0003,3297,0.0,150.0,-14.746889869999997
3299,7084,65980,9,-0.10377588123083115,-2.0648410320281982,0.8632525205612183,0.057086218148469925,0.0003,3298,0.0,150.0,-14.746889869999997
3300,7084,66000,9,-0.2543725073337555,-2.0996577739715576,0.8754205703735352,0.04946393519639969,0.0003,3299,0.0,150.0,-14.279116870000001
3301,7084,66020,9,-0.052221041172742844,-2.1204581260681152,0.7516032457351685,0.05082439258694649,0.0003,3300,0.0,150.0,-14.279116870000001
3302,7084,66040,9,-0.3424818217754364,-2.053194046020508,0.5766618251800537,0.12422804534435272,0.0003,3301,0.0,150.0,-14.279116870000001
3303,7084,66060,9,0.14448484778404236,-2.0586819648742676,0.7046976089477539,0.16380295157432556,0.0003,3302,0.0,150.0,-14.279116870000001
3304,7084,66080,9,-0.7605272531509399,-2.0492947101593018,0.7619032859802246,0.28098180890083313,0.0003,3303,0.0,150.0,-14.279116870000001
3305,7084,66100,9,-0.6705340147018433,-2.041907787322998,0.763505756855011,0.712534487247467,0.0003,3304,0.0,150.0,-14.279116870000001
3306,7085,66120,9,-0.2635931670665741,-2.0662224292755127,0.8095847368240356,1.02210533618927,0.0003,3305,0.0,150.0,-14.279116870000001
3307,7085,66140,9,-0.28430452942848206,-2.0936944484710693,0.9777696132659912,0.15023532509803772,0.0003,3306,0.0,150.0,-14.279116870000001
3308,7085,66160,9,0.006468635983765125,-2.1167638301849365,0.9937760233879089,0.03313141688704491,0.0003,3307,0.0,150.0,-14.279116870000001
3309,7085,66180,9,-0.07744034379720688,-2.12634015083313,0.9846135377883911,0.0727345198392868,0.0003,3308,0.0,150.0,-14.279116870000001
3310,7085,66200,9,-0.16171419620513916,-2.0949928760528564,0.9447554349899292,0.1889108121395111,0.0003,3309,0.0,150.0,-14.279116870000001
3311,7085,66220,9,-0.34444087743759155,-2.1392204761505127,0.9542423486709595,0.12370698153972626,0.0003,3310,0.0,150.0,-14.279116870000001
3312,7085,66240,9,0.04582134261727333,-2.119260311126709,0.7674243450164795,0.2116204798221588,0.0003,3311,0.0,150.0,-14.279116870000001
3313,7085,66260,9,1.134040117263794,-2.121163845062256,0.239609956741333,2.499734401702881,0.0003,3312,0.0,150.0,-14.279116870000001
3314,7085,66280,9,0.4431110918521881,-2.100250244140625,-0.6889169216156006,1.113360047340393,0.0003,3313,0.0,150.0,-14.279116870000001
3315,7086,66300,9,-0.16135171055793762,-2.1339259147644043,0.8844768404960632,0.17077714204788208,0.0003,3314,0.0,150.0,-14.279116870000001
3316,7086,66320,9,-0.32658034563064575,-2.156583786010742,0.893377423286438,0.1184716671705246,0.0003,3315,0.0,150.0,-14.279116870000001
3317,7086,66340,9,-0.010026633739471436,-2.148503065109253,0.9051858186721802,0.052781593054533005,0.0003,3316,0.0,150.0,-14.279116870000001
3318,7086,66360,9,0.28461307287216187,-2.157970905303955,0.8387730717658997,0.1246623769402504,0.0003,3317,0.0,150.0,-14.279116870000001
3319,7086,66380,9,0.7258342504501343,-2.105255603790283,0.4020206332206726,1.4857943058013916,0.0003,3318,0.0,150.0,-14.279116870000001
3320,7087,66400,9,0.8829091787338257,-2.156951665878296,0.6624125242233276,0.48841890692710876,0.0003,3319,0.0,150.0,-14.279116870000001
3321,7087,66420,9,0.05409226566553116,-2.1598546504974365,0.9385346174240112,0.07314974814653397,0.0003,3320,0.0,150.0,-14.279116870000001
3322,7087,66440,9,0.13701793551445007,-2.113985776901245,0.9770017266273499,0.02591579221189022,0.0003,3321,0.0,150.0,-14.279116870000001
3323,7087,66460,9,-0.2036713808774948,-2.0284981727600098,0.9328638315200806,0.09449422359466553,0.0003,3322,0.0,150.0,-14.279116870000001
3324,7087,66480,9,1.6202213764190674,-2.027472972869873,0.1821269989013672,2.4035582542419434,0.0003,3323,0.0,150.0,-14.279116870000001
3325,7088,66500,9,-0.25088077783584595,-2.0615315437316895,0.9606459140777588,0.05965600162744522,0.0003,3324,0.0,150.0,-14.279116870000001
3326,7088,66520,9,-0.3081650137901306,-2.1046173572540283,0.9547863006591797,0.07522685825824738,0.0003,3325,0.0,150.0,-14.279116870000001
3327,7088,66540,9,0.5371845364570618,-2.054649591445923,0.7275358438491821,0.2795485854148865,0.0003,3326,0.0,150.0,-14.279116870000001
3328,7088,66560,9,-0.13503968715667725,-2.006660223007202,0.9163597822189331,0.12157466262578964,0.0003,3327,0.0,150.0,-14.279116870000001
3329,7088,66580,9,-0.045971307903528214,-1.979085922241211,0.962632954120636,0.04446849972009659,0.0003,3328,0.0,150.0,-14.279116870000001
3330,7089,66600,9,-0.05550915002822876,-2.031750202178955,0.6678803563117981,0.4129328727722168,0.0003,3329,0.0,150.0,-14.319094469999998
3331,7089,66620,9,-0.10430312156677246,-2.00380277633667,0.9796643853187561,0.018436249345541,0.0003,3330,0.0,150.0,-14.319094469999998
3332,7089,66640,9,-0.2972860634326935,-2.012558698654175,0.424854576587677,0.12918809056282043,0.0003,3331,0.0,150.0,-14.319094469999998
3333,7089,66660,9,-0.21173599362373352,-2.0510506629943848,0.6381831169128418,0.04398605599999428,0.0003,3332,0.0,150.0,-14.319094469999998
3334,7090,66680,9,-0.15847313404083252,-2.06300950050354,0.8245660662651062,0.03408049792051315,0.0003,3333,0.0,150.0,-14.319094469999998
3335,7090,66700,9,0.2836025655269623,-2.081944465637207,0.17089217901229858,0.16141922771930695,0.0003,3334,0.0,150.0,-14.319094469999998
3336,7090,66720,9,-0.7742816805839539,-2.0667760372161865,-0.4690138101577759,0.22869352996349335,0.0003,3335,0.0,150.0,-14.319094469999998
3337,7090,66740,9,-0.3910083472728729,-2.0803024768829346,0.4556315541267395,0.18474820256233215,0.0003,3336,0.0,150.0,-14.319094469999998
3338,7090,66760,9,0.8039752244949341,-2.0435993671417236,0.32341820001602173,0.5366559624671936,0.0003,3337,0.0,150.0,-14.319094469999998
3339,7091,66780,9,0.9069620370864868,-1.9307066202163696,0.37498337030410767,1.047247290611267,0.0003,3338,0.0,150.0,-14.319094469999998
3340,7091,66800,9,0.5636207461357117,-2.0340163707733154,0.2961663007736206,0.39827778935432434,0.0003,3339,0.0,150.0,-14.319094469999998
3341,7091,66820,9,-0.3308003544807434,-2.0987796783447266,0.7938835620880127,0.11412736028432846,0.0003,3340,0.0,150.0,-14.319094469999998
3342,7091,66840,9,-0.18929894268512726,-2.113640546798706,0.8000310063362122,0.12287749350070953,0.0003,3341,0.0,150.0,-14.319094469999998
3343,7092,66860,9,0.015358133241534233,-2.1163177490234375,0.9685875177383423,0.013904208317399025,0.0003,3342,0.0,150.0,-14.319094469999998
3344,7092,66880,9,-0.1801735758781433,-2.108398675918579,0.9672337770462036,0.019484255462884903,0.0003,3343,0.0,150.0,-14.319094469999998
3345,7092,66900,9,-0.09072095155715942,-2.105264186859131,0.7261110544204712,0.07828517258167267,0.0003,3344,0.0,150.0,-14.319094469999998
3346,7092,66920,9,0.07309378683567047,-2.1162123680114746,0.6342885494232178,0.2274930775165558,0.0003,3345,0.0,150.0,-14.319094469999998
3347,7093,66940,9,0.820813775062561,-2.0774283409118652,0.525915265083313,1.6082589626312256,0.0003,3346,0.0,150.0,-14.319094469999998
3348,7093,66960,9,0.3774687945842743,-2.044426679611206,0.8349251747131348,0.5729197263717651,0.0003,3347,0.0,150.0,-14.319094469999998
3349,7093,66980,9,0.370991051197052,-2.090609073638916,0.9571772217750549,0.1073949933052063,0.0003,3348,0.0,150.0,-14.319094469999998
3350,7093,67000,9,0.33214786648750305,-2.104820728302002,0.8719273209571838,0.20828862488269806,0.0003,3349,0.0,150.0,-14.319094469999998
3351,7093,67020,9,-0.01904754713177681,-2.1200270652770996,0.9731320738792419,0.028022613376379013,0.0003,3350,0.0,150.0,-14.319094469999998
3352,7094,67040,9,0.18173469603061676,-2.102815628051758,0.27027398347854614,0.667781412601471,0.0003,3351,0.0,150.0,-14.319094469999998
3353,7094,67060,9,0.666499137878418,-2.0595285892486572,0.21970432996749878,1.311584711074829,0.0003,3352,0.0,150.0,-14.319094469999998
3354,7094,67080,9,0.11721839755773544,-2.0584938526153564,0.7709985971450806,0.12044133245944977,0.0003,3353,0.0,150.0,-14.319094469999998
3355,7094,67100,9,0.17952419817447662,-2.103733777999878,0.3227285146713257,0.11483043432235718,0.0003,3354,0.0,150.0,-14.319094469999998
3356,7095,67120,9,1.0803306102752686,-2.0326554775238037,0.29409152269363403,0.70171719789505,0.0003,3355,0.0,150.0,-14.319094469999998
3357,7095,67140,9,0.014088565483689308,-2.0868091583251953,0.7350214719772339,0.05922313779592514,0.0003,3356,0.0,150.0,-14.319094469999998
3358,7095,67160,9,0.08810386806726456,-2.1216962337493896,0.8298244476318359,0.02269734814763069,0.0003,3357,0.0,150.0,-14.319094469999998
3359,7095,67180,9,0.152261421084404,-2.1271812915802,0.5226134657859802,0.09857822954654694,0.0003,3358,0.0,150.0,-14.319094469999998
3360,7095,67200,9,-0.009814205579459667,-2.0974273681640625,0.6041655540466309,0.08228681981563568,0.0003,3359,0.0,150.0,-14.05568
3361,7095,67220,9,0.7957700490951538,-2.1207003593444824,0.38093888759613037,0.45343464612960815,0.0003,3360,0.0,150.0,-14.05568
3362,7095,67240,9,0.23353078961372375,-2.0316104888916016,0.974263608455658,0.06072509288787842,0.0003,3361,0.0,150.0,-14.05568
3363,7095,67260,9,0.5235809087753296,-2.059643268585205,0.9544873237609863,0.1780780851840973,0.0003,3362,0.0,150.0,-14.05568
3364,7095,67280,9,0.6372777819633484,-1.9807243347167969,0.8407150506973267,0.7286295890808105,0.0003,3363,0.0,150.0,-14.05568
3365,7095,67300,9,-0.27710026502609253,-2.0924649238586426,0.9756759405136108,0.11007096618413925,0.0003,3364,0.0,150.0,-14.05568
3366,7096,67320,9,-0.22214214503765106,-2.0972280502319336,0.9810517430305481,0.12038782984018326,0.0003,3365,0.0,150.0,-14.05568
3367,7096,67340,9,1.0236316919326782,-2.115861415863037,0.907679557800293,1.0702056884765625,0.0003,3366,0.0,150.0,-14.05568
3368,7096,67360,9,0.4482368528842926,-2.041877269744873,0.9671623110771179,0.4184041917324066,0.0003,3367,0.0,150.0,-14.05568
3369,7096,67380,9,0.58558189868927,-2.02768874168396,0.8618690967559814,1.466950535774231,0.0003,3368,0.0,150.0,-14.05568
3370,7096,67400,9,-0.37854209542274475,-2.128082513809204,0.9772992134094238,0.2877318263053894,0.0003,3369,0.0,150.0,-14.05568
3371,7096,67420,9,0.4692906439304352,-2.1145429611206055,0.9346256256103516,1.2915812730789185,0.0003,3370,0.0,150.0,-14.05568
3372,7097,67440,9,1.3418625593185425,-2.0525689125061035,0.9762701988220215,1.0078628063201904,0.0003,3371,0.0,150.0,-14.05568
3373,7097,67460,9,1.8850688934326172,-2.044241428375244,0.9428138136863708,2.4827630519866943,0.0003,3372,0.0,150.0,-14.05568
3374,7097,67480,9,0.00024290084547828883,-2.098193883895874,0.9642143845558167,0.9167207479476929,0.0003,3373,0.0,150.0,-14.05568
3375,7097,67500,9,0.7342480421066284,-2.0881824493408203,0.9555044174194336,1.0599396228790283,0.0003,3374,0.0,150.0,-14.05568
3376,7097,67520,9,-0.5745662450790405,-2.0865375995635986,0.9973679780960083,0.16357752680778503,0.0003,3375,0.0,150.0,-14.05568
3377,7097,67540,9,-0.49082842469215393,-2.13761568069458,0.9940082430839539,0.18060120940208435,0.0003,3376,0.0,150.0,-14.05568
3378,7098,67560,9,0.06004694849252701,-2.1572155952453613,0.9964762926101685,0.07208098471164703,0.0003,3377,0.0,150.0,-14.05568
3379,7098,67580,9,-0.42898449301719666,-2.1508572101593018,0.9935541152954102,0.20491290092468262,0.0003,3378,0.0,150.0,-14.05568
3380,7098,67600,9,0.3063141405582428,-2.130495548248291,0.9525792598724365,1.6143887042999268,0.0003,3379,0.0,150.0,-14.05568
3381,7098,67620,9,-0.7817338109016418,-2.1383538246154785,0.9975672364234924,0.21438062191009521,0.0003,3380,0.0,150.0,-14.05568
3382,7099,67640,9,0.15011610090732574,-2.1384992599487305,0.996652364730835,0.12587155401706696,0.0003,3381,0.0,150.0,-14.05568
3383,7099,67660,9,0.34336286783218384,-2.1118197441101074,0.9947599768638611,0.25237709283828735,0.0003,3382,0.0,150.0,-14.05568
3384,7099,67680,9,-0.2249109297990799,-2.1110446453094482,0.9719629883766174,0.8047752380371094,0.0003,3383,0.0,150.0,-14.05568
3385,7099,67700,9,-0.7902275919914246,-2.1219282150268555,0.9849701523780823,0.4752163290977478,0.0003,3384,0.0,150.0,-14.05568
3386,7099,67720,9,-1.0249751806259155,-2.07946515083313,0.9858107566833496,0.48244529962539673,0.0003,3385,0.0,150.0,-14.05568
3387,7099,67740,9,-0.24506776034832,-2.089907646179199,0.8632944822311401,1.2640327215194702,0.0003,3386,0.0,150.0,-14.05568
3388,7100,67760,9,-0.502202570438385,-2.1071584224700928,0.9682437181472778,0.2637259364128113,0.0003,3387,0.0,150.0,-14.05568
3389,7100,67780,9,-0.27944499254226685,-2.091820240020752,0.9928123950958252,0.06050422042608261,0.0003,3388,0.0,150.0,-14.05568
3390,7100,67800,9,-0.6295973658561707,-2.1025309562683105,0.9763126373291016,0.1857122927904129,0.0003,3389,0.0,150.0,-13.785119370000002
3391,7100,67820,9,-0.597582995891571,-2.1103272438049316,0.936734139919281,0.24081213772296906,0.0003,3390,0.0,150.0,-13.785119370000002
3392,7100,67840,9,-0.30234888195991516,-2.084117889404297,0.9220027327537537,0.05022590234875679,0.0003,3391,0.0,150.0,-13.785119370000002
3393,7100,67860,9,0.7707144021987915,-2.094292163848877,0.5754173994064331,1.0022743940353394,0.0003,3392,0.0,150.0,-13.785119370000002
3394,7100,67880,9,-0.12298138439655304,-2.061432361602783,0.8769773244857788,0.6847995519638062,0.0003,3393,0.0,150.0,-13.785119370000002
3395,7101,67900,9,0.06626704335212708,-2.089076042175293,0.984612226486206,0.08087072521448135,0.0003,3394,0.0,150.0,-13.785119370000002
3396,7101,67920,9,0.13783346116542816,-2.0977513790130615,0.9332745671272278,0.3656116724014282,0.0003,3395,0.0,150.0,-13.785119370000002
3397,7101,67940,9,-0.7092682719230652,-2.0154385566711426,0.9327594041824341,0.5239641070365906,0.0003,3396,0.0,150.0,-13.785119370000002
3398,7101,67960,9,1.110466718673706,-2.0125069618225098,0.854379415512085,1.3983174562454224,0.0003,3397,0.0,150.0,-13.785119370000002
3399,7101,67980,9,-0.11135359108448029,-2.080904483795166,0.975413978099823,0.24962492287158966,0.0003,3398,0.0,150.0,-13.785119370000002
3400,7101,68000,9,-0.12011697143316269,-2.091381549835205,0.9776492118835449,0.2710602283477783,0.0003,3399,0.0,150.0,-13.785119370000002
3401,7101,68020,9,-0.38621342182159424,-2.037980079650879,0.9901406168937683,0.16778194904327393,0.0003,3400,0.0,150.0,-13.785119370000002
3402,7101,68040,9,-0.555320143699646,-2.103161334991455,0.9949632883071899,0.1464064121246338,0.0003,3401,0.0,150.0,-13.785119370000002
3403,7102,68060,9,-0.8953741192817688,-2.123239040374756,0.9872558116912842,0.3394927978515625,0.0003,3402,0.0,150.0,-13.785119370000002
3404,7102,68080,9,-0.45164355635643005,-2.140058994293213,0.9888586401939392,0.13445617258548737,0.0003,3403,0.0,150.0,-13.785119370000002
3405,7102,68100,9,-0.3725849390029907,-2.139812469482422,0.9629104137420654,0.26582884788513184,0.0003,3404,0.0,150.0,-13.785119370000002
3406,7102,68120,9,0.09469981491565704,-2.1459920406341553,0.9919078350067139,0.044457174837589264,0.0003,3405,0.0,150.0,-13.785119370000002
3407,7102,68140,9,0.15650883316993713,-2.1013731956481934,0.901646614074707,0.3542642593383789,0.0003,3406,0.0,150.0,-13.785119370000002
3408,7102,68160,9,2.6591620445251465,-2.0455031394958496,0.09156513214111328,3.360185146331787,0.0003,3407,0.0,150.0,-13.785119370000002
3409,7103,68180,9,1.4825032949447632,-2.1035163402557373,0.672996997833252,1.1613177061080933,0.0003,3408,0.0,150.0,-13.785119370000002
3410,7103,68200,9,1.050988793373108,-2.078256607055664,0.8125666975975037,1.0820045471191406,0.0003,3409,0.0,150.0,-13.785119370000002
3411,7103,68220,9,0.690641462802887,-2.1062610149383545,0.5799537897109985,0.6567045450210571,0.0003,3410,0.0,150.0,-13.785119370000002
3412,7103,68240,9,1.7371314764022827,-2.1172704696655273,0.6717267036437988,3.4258530139923096,0.0003,3411,0.0,150.0,-13.785119370000002
3413,7103,68260,9,2.1075804233551025,-2.103844165802002,0.8068479895591736,2.8260116577148438,0.0003,3412,0.0,150.0,-13.785119370000002
3414,7104,68280,9,-0.0004927933332510293,-2.119119167327881,0.9746108055114746,0.14507922530174255,0.0003,3413,0.0,150.0,-13.785119370000002
3415,7104,68300,9,0.7008763551712036,-2.1114189624786377,0.810240626335144,1.069014549255371,0.0003,3414,0.0,150.0,-13.785119370000002
3416,7104,68320,9,0.34898465871810913,-2.0738964080810547,0.9378310441970825,0.4618515968322754,0.0003,3415,0.0,150.0,-13.785119370000002
3417,7104,68340,9,0.31678858399391174,-2.085460662841797,0.6782383918762207,0.8355647921562195,0.0003,3416,0.0,150.0,-13.785119370000002
3418,7104,68360,9,0.5030987858772278,-2.1010184288024902,0.8738893270492554,0.43240267038345337,0.0003,3417,0.0,150.0,-13.785119370000002
3419,7105,68380,9,-1.1050214767456055,-2.0760278701782227,0.6204121112823486,0.8268768191337585,0.0003,3418,0.0,150.0,-13.785119370000002
3420,7105,68400,9,-0.8814064264297485,-2.093405246734619,0.7342387437820435,0.3948151469230652,0.0003,3419,0.0,150.0,-13.611787160000004
3421,7105,68420,9,-0.5482273101806641,-2.0755629539489746,0.5799558162689209,0.20326165854930878,0.0003,3420,0.0,150.0,-13.611787160000004
3422,7105,68440,9,0.03478170558810234,-2.0376384258270264,0.7777435779571533,0.08729690313339233,0.0003,3421,0.0,150.0,-13.611787160000004
3423,7105,68460,9,-0.3845802843570709,-2.0474677085876465,0.8226441740989685,0.17546811699867249,0.0003,3422,0.0,150.0,-13.611787160000004
3424,7105,68480,9,-0.8413416147232056,-2.064248561859131,0.852429986000061,0.4316588342189789,0.0003,3423,0.0,150.0,-13.611787160000004
3425,7105,68500,9,1.3518545627593994,-2.0207109451293945,-2.743255376815796,2.207813024520874,0.0003,3424,0.0,150.0,-13.611787160000004
3426,7105,68520,9,0.4459317624568939,-2.0466148853302,0.6954702138900757,0.5444527864456177,0.0003,3425,0.0,150.0,-13.611787160000004
3427,7105,68540,9,0.2465452402830124,-2.1078171730041504,0.7824339866638184,0.9936817288398743,0.0003,3426,0.0,150.0,-13.611787160000004
3428,7105,68560,9,-0.1812002807855606,-2.0907986164093018,0.9504666328430176,0.30313682556152344,0.0003,3427,0.0,150.0,-13.611787160000004
3429,7106,68580,9,-0.9487601518630981,-2.1171340942382812,0.9735141396522522,0.3832293748855591,0.0003,3428,0.0,150.0,-13.611787160000004
3430,7106,68600,9,0.5010271668434143,-2.1241703033447266,0.914161205291748,0.5664219856262207,0.0003,3429,0.0,150.0,-13.611787160000004
3431,7106,68620,9,0.7304815649986267,-1.9451038837432861,0.8895424008369446,1.5500211715698242,0.0003,3430,0.0,150.0,-13.611787160000004
3432,7106,68640,9,-0.2926497161388397,-2.07365083694458,0.9904595613479614,0.15334077179431915,0.0003,3431,0.0,150.0,-13.611787160000004
3433,7106,68660,9,0.036505185067653656,-2.1182076930999756,0.9883326888084412,0.20314554870128632,0.0003,3432,0.0,150.0,-13.611787160000004
3434,7106,68680,9,-0.15305520594120026,-2.0738532543182373,0.9872133731842041,0.21971003711223602,0.0003,3433,0.0,150.0,-13.611787160000004
3435,7106,68700,9,-0.16462750732898712,-2.0604710578918457,0.985622763633728,0.17425717413425446,0.0003,3434,0.0,150.0,-13.611787160000004
3436,7107,68720,9,-0.004126647021621466,-2.1016576290130615,0.9404768943786621,0.5084799528121948,0.0003,3435,0.0,150.0,-13.611787160000004
3437,7107,68740,9,-0.0554361455142498,-2.1333231925964355,0.9873362183570862,0.08343896269798279,0.0003,3436,0.0,150.0,-13.611787160000004
3438,7107,68760,9,1.4919531345367432,-2.0278053283691406,0.9193316698074341,1.200314998626709,0.0003,3437,0.0,150.0,-13.611787160000004
3439,7107,68780,9,0.8104251623153687,-2.07246470451355,0.73153156042099,1.5376973152160645,0.0003,3438,0.0,150.0,-13.611787160000004
3440,7107,68800,9,-0.2726050913333893,-1.9322490692138672,0.9832801222801208,0.09005360305309296,0.0003,3439,0.0,150.0,-13.611787160000004
3441,7108,68820,9,-0.5743008852005005,-1.9730037450790405,0.9883113503456116,0.12571629881858826,0.0003,3440,0.0,150.0,-13.611787160000004
3442,7108,68840,9,-0.37610286474227905,-2.0273332595825195,0.9871898889541626,0.0902719497680664,0.0003,3441,0.0,150.0,-13.611787160000004
3443,7108,68860,9,-0.20134639739990234,-2.0835213661193848,0.9757840633392334,0.10783660411834717,0.0003,3442,0.0,150.0,-13.611787160000004
3444,7108,68880,9,-0.00610616197809577,-2.038222551345825,0.9895484447479248,0.05509069561958313,0.0003,3443,0.0,150.0,-13.611787160000004
3445,7108,68900,9,-0.09652568399906158,-2.1299891471862793,0.9964820742607117,0.021736588329076767,0.0003,3444,0.0,150.0,-13.611787160000004
3446,7109,68920,9,-0.1608247458934784,-2.1273014545440674,0.9928491115570068,0.045821622014045715,0.0003,3445,0.0,150.0,-13.611787160000004
3447,7109,68940,9,0.41097861528396606,-2.1351850032806396,0.9968980550765991,0.04673643037676811,0.0003,3446,0.0,150.0,-13.611787160000004
3448,7109,68960,9,0.2323102205991745,-2.1174492835998535,0.8542690277099609,0.486970990896225,0.0003,3447,0.0,150.0,-13.611787160000004
3449,7109,68980,9,0.27142569422721863,-2.1503829956054688,0.8724295496940613,0.30465179681777954,0.0003,3448,0.0,150.0,-13.611787160000004
3450,7109,69000,9,-0.3887321352958679,-2.1364288330078125,0.8012490272521973,0.21397094428539276,0.0003,3449,0.0,150.0,-13.65256905
3451,7109,69020,9,0.26068225502967834,-2.0825858116149902,0.17241477966308594,1.9542157649993896,0.0003,3450,0.0,150.0,-13.65256905
3452,7109,69040,9,-0.12262167781591415,-2.0523080825805664,0.802647054195404,0.11889588832855225,0.0003,3451,0.0,150.0,-13.65256905
3453,7110,69060,9,-0.06297071278095245,-2.0720880031585693,0.9014484286308289,0.09723085910081863,0.0003,3452,0.0,150.0,-13.65256905
3454,7110,69080,9,0.8054986000061035,-2.013369560241699,0.5117610096931458,0.9420354962348938,0.0003,3453,0.0,150.0,-13.65256905
3455,7110,69100,9,0.39966124296188354,-2.1028048992156982,0.8087461590766907,0.4311133325099945,0.0003,3454,0.0,150.0,-13.65256905
3456,7110,69120,9,-0.5345845818519592,-2.0735092163085938,0.9024146199226379,0.4491729736328125,0.0003,3455,0.0,150.0,-13.65256905
3457,7110,69140,9,0.12729260325431824,-2.098015069961548,0.97374027967453,0.12293074280023575,0.0003,3456,0.0,150.0,-13.65256905
3458,7111,69160,9,1.5032404661178589,-2.02262544631958,0.8129318952560425,1.3350584506988525,0.0003,3457,0.0,150.0,-13.65256905
3459,7111,69180,9,0.11160822957754135,-2.0735220909118652,0.9794557094573975,0.09571696817874908,0.0003,3458,0.0,150.0,-13.65256905
3460,7111,69200,9,0.7527494430541992,-2.118651866912842,0.9326413869857788,0.5874627232551575,0.0003,3459,0.0,150.0,-13.65256905
3461,7112,69220,9,2.0114049911499023,-2.003225803375244,0.579288125038147,3.2668261528015137,0.0003,3460,0.0,150.0,-13.65256905
3462,7112,69240,9,-0.041244395077228546,-2.1026673316955566,0.9857907891273499,0.07797126471996307,0.0003,3461,0.0,150.0,-13.65256905
3463,7112,69260,9,0.38985663652420044,-2.14516544342041,0.990077018737793,0.08067025989294052,0.0003,3462,0.0,150.0,-13.65256905
3464,7112,69280,9,1.1644655466079712,-2.078885555267334,0.9144766330718994,0.8368500471115112,0.0003,3463,0.0,150.0,-13.65256905
3465,7112,69300,9,0.6929612755775452,-2.1176769733428955,0.936191737651825,0.9130343198776245,0.0003,3464,0.0,150.0,-13.65256905
3466,7113,69320,9,0.5013238191604614,-2.1479709148406982,0.9734112620353699,0.4212725758552551,0.0003,3465,0.0,150.0,-13.65256905
3467,7113,69340,9,0.12477777153253555,-2.1083590984344482,0.9908215403556824,0.12748652696609497,0.0003,3466,0.0,150.0,-13.65256905
3468,7113,69360,9,-0.29444557428359985,-2.1261630058288574,0.9837288856506348,0.24094681441783905,0.0003,3467,0.0,150.0,-13.65256905
3469,7113,69380,9,0.40749138593673706,-2.131842613220215,0.9892527461051941,0.2170712649822235,0.0003,3468,0.0,150.0,-13.65256905
3470,7113,69400,9,-0.5356413125991821,-2.1289050579071045,0.9872516989707947,0.30253204703330994,0.0003,3469,0.0,150.0,-13.65256905
3471,7113,69420,9,0.43109288811683655,-2.133693218231201,0.9778788089752197,0.40519624948501587,0.0003,3470,0.0,150.0,-13.65256905
3472,7113,69440,9,-0.3321370780467987,-2.0704894065856934,0.9846181869506836,0.2985784411430359,0.0003,3471,0.0,150.0,-13.65256905
3473,7113,69460,9,0.12724754214286804,-2.026045322418213,0.997573971748352,0.04395705461502075,0.0003,3472,0.0,150.0,-13.65256905
3474,7113,69480,9,-0.13997069001197815,-2.021078586578369,0.983945369720459,0.30467548966407776,0.0003,3473,0.0,150.0,-13.65256905
3475,7113,69500,9,-0.7636634111404419,-1.9837782382965088,0.9783571362495422,0.7136645913124084,0.0003,3474,0.0,150.0,-13.65256905
3476,7113,69520,9,0.1978221833705902,-1.9862868785858154,0.9768959283828735,0.4846529960632324,0.0003,3475,0.0,150.0,-13.65256905
3477,7113,69540,9,-0.409137487411499,-2.003605365753174,0.9969800114631653,0.12076212465763092,0.0003,3476,0.0,150.0,-13.65256905
3478,7113,69560,9,0.0022380263544619083,-1.9925439357757568,0.9949021935462952,0.12374575436115265,0.0003,3477,0.0,150.0,-13.65256905
3479,7113,69580,9,-0.37334614992141724,-2.0381557941436768,0.9970648288726807,0.10824501514434814,0.0003,3478,0.0,150.0,-13.65256905
3480,7113,69600,9,-0.2394016981124878,-2.0309975147247314,0.996778130531311,0.09355206042528152,0.0003,3479,0.02,150.0,-12.98821126
3481,7114,69620,9,4.628386497497559,-2.0196759700775146,0.8941308856010437,11.170165061950684,0.0003,3480,0.02,150.0,-12.98821126
3482,7113,69640,9,-1.0405313968658447,-2.099294900894165,0.8152426481246948,0.35108861327171326,0.0003,3481,0.02,150.0,-12.98821126
3483,7113,69660,9,-0.4540281891822815,-2.0991721153259277,0.9211808443069458,0.12351157516241074,0.0003,3482,0.02,150.0,-12.98821126
3484,7113,69680,9,-0.645241916179657,-2.119009494781494,0.9420859813690186,0.15771636366844177,0.0003,3483,0.02,150.0,-12.98821126
3485,7114,69700,9,1.1998918056488037,-2.103501796722412,-0.5888853073120117,2.984931468963623,0.0003,3484,0.02,150.0,-12.98821126
3486,7114,69720,9,-0.3609183430671692,-2.1229560375213623,0.9216219186782837,0.10452525317668915,0.0003,3485,0.02,150.0,-12.98821126
3487,7114,69740,9,1.6578458547592163,-2.1232738494873047,0.7832640409469604,1.4251148700714111,0.0003,3486,0.02,150.0,-12.98821126
3488,7114,69760,9,-1.253658413887024,-2.089590549468994,0.8400040864944458,0.662312388420105,0.0003,3487,0.02,150.0,-12.98821126
3489,7114,69780,9,-0.2635711431503296,-2.0421671867370605,0.8590761423110962,0.5153909921646118,0.0003,3488,0.02,150.0,-12.98821126
3490,7114,69800,9,-1.1412681341171265,-2.1093592643737793,0.9611520767211914,0.42794570326805115,0.0003,3489,0.02,150.0,-12.98821126
3491,7114,69820,9,-0.45368099212646484,-2.11213755607605,0.9368679523468018,0.18921220302581787,0.0003,3490,0.02,150.0,-12.98821126
3492,7115,69840,9,1.3690240383148193,-2.0862717628479004,-0.18741679191589355,3.2161736488342285,0.0003,3491,0.02,150.0,-12.98821126
3493,7115,69860,9,4.170539379119873,-2.0209832191467285,0.6207240223884583,8.716852188110352,0.0003,3492,0.02,150.0,-12.98821126
3494,7115,69880,9,-1.5459197759628296,-2.0639426708221436,0.9674549102783203,0.7575923204421997,0.0003,3493,0.02,150.0,-12.98821126
3495,7115,69900,9,-0.5568398237228394,-2.1065828800201416,0.9655864238739014,0.34690240025520325,0.0003,3494,0.02,150.0,-12.98821126
3496,7115,69920,9,1.3559731245040894,-2.075878858566284,0.7582328915596008,2.057180643081665,0.0003,3495,0.02,150.0,-12.98821126
3497,7114,69940,9,1.3701332807540894,-2.0903875827789307,0.8064351081848145,3.3874802589416504,0.0003,3496,0.02,150.0,-12.98821126
3498,7114,69960,9,0.17682798206806183,-2.1295251846313477,0.8236124515533447,1.0564491748809814,0.0003,3497,0.02,150.0,-12.98821126
3499,7114,69980,9,-0.1583191454410553,-2.1219284534454346,0.780701756477356,0.7655607461929321,0.0003,3498,0.02,150.0,-12.98821126
3500,7113,70000,9,0.7334282994270325,-2.103580951690674,0.5317583084106445,1.1426100730895996,0.0003,3499,0.02,150.0,-12.98821126
3501,7113,70020,9,-0.05353204160928726,-2.0808708667755127,0.9232465624809265,0.15677706897258759,0.0003,3500,0.02,150.0,-12.98821126
3502,7113,70040,9,0.8822290301322937,-1.9341542720794678,0.6944643259048462,1.3710148334503174,0.0003,3501,0.02,150.0,-12.98821126
3503,7113,70060,9,-0.21013303101062775,-1.9797756671905518,0.9597615003585815,0.05402778461575508,0.0003,3502,0.02,150.0,-12.98821126
3504,7112,70080,9,-0.38825565576553345,-2.0234546661376953,0.7972245216369629,0.21879656612873077,0.0003,3503,0.02,150.0,-12.98821126
3505,7112,70100,9,-0.6985135078430176,-2.072002649307251,0.45976507663726807,0.33672818541526794,0.0003,3504,0.02,150.0,-12.98821126
3506,7112,70120,9,-0.2650339901447296,-2.0731887817382812,0.6493085026741028,0.11921956390142441,0.0003,3505,0.02,150.0,-12.98821126
3507,7112,70140,9,0.2899687886238098,-1.9858598709106445,0.5729374885559082,0.27765458822250366,0.0003,3506,0.02,150.0,-12.98821126
3508,7112,70160,9,0.4415353834629059,-1.859239935874939,-0.026735901832580566,2.039487361907959,0.0003,3507,0.02,150.0,-12.98821126
3509,7112,70180,9,0.20171375572681427,-1.9324672222137451,0.6513040065765381,0.2798353433609009,0.0003,3508,0.02,150.0,-12.98821126
3510,7112,70200,9,1.223068118095398,-2.0036239624023438,0.3027039170265198,1.999818205833435,0.0003,3509,0.02,150.0,-12.572354360000004
3511,7112,70220,9,-0.1994633823633194,-2.055316925048828,0.7380123138427734,0.0705474466085434,0.0003,3510,0.02,150.0,-12.572354360000004
3512,7112,70240,9,-0.18789377808570862,-1.9807519912719727,0.8784783482551575,0.14298255741596222,0.0003,3511,0.02,150.0,-12.572354360000004
3513,7112,70260,9,-0.09756344556808472,-2.0135550498962402,0.8872856497764587,0.31425341963768005,0.0003,3512,0.02,150.0,-12.572354360000004
3514,7112,70280,9,0.2825887203216553,-2.0283806324005127,0.9776202440261841,0.09065904468297958,0.0003,3513,0.02,150.0,-12.572354360000004
3515,7112,70300,9,0.5716844797134399,-2.0297656059265137,0.8954723477363586,0.4319586753845215,0.0003,3514,0.02,150.0,-12.572354360000004
3516,7112,70320,9,-0.12337195873260498,-2.03979754447937,0.9949854612350464,0.024414250627160072,0.0003,3515,0.02,150.0,-12.572354360000004
3517,7112,70340,9,0.40218687057495117,-2.0610270500183105,0.9347907304763794,0.18511730432510376,0.0003,3516,0.02,150.0,-12.572354360000004
3518,7113,70360,9,-0.0843568965792656,-2.0814993381500244,0.9286847710609436,0.11937743425369263,0.0003,3517,0.02,150.0,-12.572354360000004
3519,7113,70380,9,0.47934025526046753,-2.0445504188537598,0.7439923286437988,0.9703583717346191,0.0003,3518,0.02,150.0,-12.572354360000004
3520,7113,70400,9,0.28712359070777893,-2.0865530967712402,0.978857696056366,0.0848003402352333,0.0003,3519,0.02,150.0,-12.572354360000004
3521,7113,70420,9,0.17596688866615295,-2.10793137550354,0.9875401258468628,0.04642193764448166,0.0003,3520,0.02,150.0,-12.572354360000004
3522,7113,70440,9,0.3116198182106018,-2.0891997814178467,0.9545375108718872,0.25248199701309204,0.0003,3521,0.02,150.0,-12.572354360000004
3523,7114,70460,9,-0.007551407907158136,-2.031184673309326,0.921364426612854,0.5582171678543091,0.0003,3522,0.02,150.0,-12.572354360000004
3524,7114,70480,9,-0.21532168984413147,-2.11269474029541,0.9941406846046448,0.04469085484743118,0.0003,3523,0.02,150.0,-12.572354360000004
3525,7114,70500,9,-0.49316805601119995,-2.0663437843322754,0.9826099872589111,0.1318035125732422,0.0003,3524,0.02,150.0,-12.572354360000004
3526,7114,70520,9,1.1675586700439453,-2.090360164642334,0.7771079540252686,2.3178701400756836,0.0003,3525,0.02,150.0,-12.572354360000004
3527,7114,70540,9,0.35168951749801636,-2.036778211593628,0.661030650138855,1.1764447689056396,0.0003,3526,0.02,150.0,-12.572354360000004
3528,7114,70560,9,1.4206149578094482,-2.065446138381958,0.49327510595321655,3.8221306800842285,0.0003,3527,0.02,150.0,-12.572354360000004
3529,7115,70580,9,0.14628006517887115,-2.047271728515625,0.35911494493484497,1.1747924089431763,0.0003,3528,0.02,150.0,-12.572354360000004
3530,7115,70600,9,-0.21181373298168182,-2.0817275047302246,0.5474920272827148,0.38367336988449097,0.0003,3529,0.02,150.0,-12.572354360000004
3531,7115,70620,9,-1.1059274673461914,-2.101022720336914,0.6555826663970947,0.3831641376018524,0.0003,3530,0.02,150.0,-12.572354360000004
3532,7115,70640,9,0.6991286873817444,-2.065070390701294,-0.018215298652648926,2.385937213897705,0.0003,3531,0.02,150.0,-12.572354360000004
3533,7116,70660,9,1.0885429382324219,-2.0626583099365234,-0.17151117324829102,2.2047157287597656,0.0003,3532,0.02,150.0,-12.572354360000004
3534,7116,70680,9,-0.7025728821754456,-2.1444218158721924,0.6529076099395752,0.3906711935997009,0.0003,3533,0.02,150.0,-12.572354360000004
3535,7116,70700,9,-0.6582589745521545,-2.0856804847717285,0.8184368014335632,0.294733464717865,0.0003,3534,0.02,150.0,-12.572354360000004
3536,7116,70720,9,-0.6457267999649048,-2.0989227294921875,0.8560071587562561,0.1803991049528122,0.0003,3535,0.02,150.0,-12.572354360000004
3537,7117,70740,9,-0.3383498787879944,-2.131239414215088,0.9108263254165649,0.060416437685489655,0.0003,3536,0.02,150.0,-12.572354360000004
3538,7117,70760,9,-0.4402519166469574,-2.1201577186584473,0.8449766635894775,0.11276648938655853,0.0003,3537,0.02,150.0,-12.572354360000004
3539,7117,70780,9,-0.7508354783058167,-2.108231782913208,0.8009812831878662,0.17256496846675873,0.0003,3538,0.02,150.0,-12.572354360000004
3540,7117,70800,9,-0.6869272589683533,-2.1100330352783203,0.6946934461593628,0.1439473181962967,0.0003,3539,0.02,150.0,-12.36487803
3541,7117,70820,9,-0.5995731353759766,-2.1040127277374268,0.4932170510292053,0.14013530313968658,0.0003,3540,0.02,150.0,-12.36487803
3542,7118,70840,9,0.30826830863952637,-2.0603930950164795,0.4796314239501953,0.3363965153694153,0.0003,3541,0.02,150.0,-12.36487803
3543,7118,70860,9,-0.6778814792633057,-2.0701918601989746,0.7547194957733154,0.46987223625183105,0.0003,3542,0.02,150.0,-12.36487803
3544,7118,70880,9,-0.9329727292060852,-2.0784993171691895,0.6629753112792969,0.8912310600280762,0.0003,3543,0.02,150.0,-12.36487803
3545,7118,70900,9,-0.05826766416430473,-2.094996690750122,0.9424879550933838,0.11455242335796356,0.0003,3544,0.02,150.0,-12.36487803
3546,7118,70920,9,-0.349539577960968,-2.0752973556518555,0.19680577516555786,0.4048836827278137,0.0003,3545,0.02,150.0,-12.36487803
3547,7119,70940,9,-0.7580729722976685,-2.072009801864624,-0.0803762674331665,0.47439590096473694,0.0003,3546,0.02,150.0,-12.36487803
3548,7119,70960,9,0.17899543046951294,-2.073803424835205,0.7375706434249878,0.23615677654743195,0.0003,3547,0.02,150.0,-12.36487803
3549,7119,70980,9,-0.6143909692764282,-2.114206075668335,-0.3747403621673584,0.3338088393211365,0.0003,3548,0.02,150.0,-12.36487803
3550,7119,71000,9,1.9904348850250244,-2.091874599456787,0.38640570640563965,2.9998621940612793,0.0003,3549,0.02,150.0,-12.36487803
3551,7119,71020,9,0.5430158376693726,-2.0864036083221436,0.7912297248840332,0.4861190915107727,0.0003,3550,0.02,150.0,-12.36487803
3552,7119,71040,9,-0.7292271852493286,-2.086656093597412,0.945527195930481,0.23085372149944305,0.0003,3551,0.02,150.0,-12.36487803
3553,7119,71060,9,0.10103893280029297,-2.0959205627441406,0.9369052052497864,0.17393875122070312,0.0003,3552,0.02,150.0,-12.36487803
3554,7120,71080,9,0.281952828168869,-2.075347423553467,0.7373772859573364,0.24938122928142548,0.0003,3553,0.02,150.0,-12.36487803
3555,7119,71100,9,0.30841249227523804,-1.9103529453277588,-0.5233480930328369,2.6631052494049072,0.0003,3554,0.02,150.0,-12.36487803
3556,7119,71120,9,-0.37465447187423706,-2.0539205074310303,0.6606914401054382,0.26377150416374207,0.0003,3555,0.02,150.0,-12.36487803
3557,7119,71140,9,0.3894827365875244,-2.0011630058288574,0.5818247199058533,1.1861915588378906,0.0003,3556,0.02,150.0,-12.36487803
3558,7119,71160,9,0.44135111570358276,-1.9959819316864014,0.6941434144973755,0.5354295969009399,0.0003,3557,0.02,150.0,-12.36487803
3559,7120,71180,9,0.6138079762458801,-2.134679079055786,0.8843347430229187,0.27772918343544006,0.0003,3558,0.02,150.0,-12.36487803
3560,7120,71200,9,-0.38905206322669983,-2.150179147720337,0.9317137598991394,0.184098020195961,0.0003,3559,0.02,150.0,-12.36487803
3561,7120,71220,10,-0.14354956150054932,-2.1469945907592773,0.9690802693367004,0.05590544268488884,0.0003,3560,0.02,150.0,-12.36487803
3562,7120,71240,10,-0.2713199555873871,-2.1257424354553223,0.9221611618995667,0.16320101916790009,0.0003,3561,0.02,150.0,-12.36487803
3563,7120,71260,10,-0.2649417817592621,-2.1343274116516113,0.9288824200630188,0.14268553256988525,0.0003,3562,0.02,150.0,-12.36487803
3564,7120,71280,10,0.08238514512777328,-2.128478765487671,0.8979901075363159,0.2506682872772217,0.0003,3563,0.02,150.0,-12.36487803
3565,7121,71300,10,-0.49766263365745544,-2.0926291942596436,0.9125386476516724,0.20355255901813507,0.0003,3564,0.02,150.0,-12.36487803
3566,7121,71320,10,0.06963183730840683,-2.080723285675049,0.6457180380821228,0.19760176539421082,0.0003,3565,0.02,150.0,-12.36487803
3567,7121,71340,10,-0.2816683053970337,-2.0839595794677734,0.5263224840164185,0.10196037590503693,0.0003,3566,0.02,150.0,-12.36487803
3568,7121,71360,10,0.09708625823259354,-2.087947130203247,0.8785029649734497,0.02822927199304104,0.0003,3567,0.02,150.0,-12.36487803
3569,7122,71380,10,-0.26600146293640137,-2.0819647312164307,0.1780257225036621,0.12730057537555695,0.0003,3568,0.02,150.0,-12.36487803
3570,7121,71400,10,-0.17295010387897491,-2.096372365951538,0.5121145248413086,0.06469444930553436,0.0003,3569,0.02,150.0,-12.409522610000002
3571,7122,71420,10,-0.1814756691455841,-2.130403518676758,0.5747144818305969,0.05592355877161026,0.0003,3570,0.02,150.0,-12.409522610000002
3572,7122,71440,10,0.18879345059394836,-2.040916919708252,0.3056117296218872,1.0882831811904907,0.0003,3571,0.02,150.0,-12.409522610000002
3573,7122,71460,10,-0.32650598883628845,-2.04917311668396,0.9937446117401123,0.03731856495141983,0.0003,3572,0.02,150.0,-12.409522610000002
3574,7122,71480,10,-0.16455964744091034,-2.0496366024017334,0.870402455329895,0.12797684967517853,0.0003,3573,0.02,150.0,-12.409522610000002
3575,7122,71500,10,0.2080288827419281,-2.050529956817627,0.8035711646080017,0.1297903060913086,0.0003,3574,0.02,150.0,-12.409522610000002
3576,7122,71520,10,-0.05265570804476738,-2.048358201980591,0.7527183294296265,0.09857212007045746,0.0003,3575,0.02,150.0,-12.409522610000002
3577,7123,71540,10,0.4431184232234955,-2.0399069786071777,0.5462136268615723,0.31474122405052185,0.0003,3576,0.02,150.0,-12.409522610000002
3578,7123,71560,10,0.4512367844581604,-2.06406831741333,0.7566685080528259,0.3294031023979187,0.0003,3577,0.02,150.0,-12.409522610000002
3579,7123,71580,10,0.5867780447006226,-2.0436551570892334,0.5671709775924683,3.795984983444214,0.0003,3578,0.02,150.0,-12.409522610000002
3580,7123,71600,10,-0.1857735961675644,-2.0882019996643066,0.9850459694862366,0.08511622250080109,0.0003,3579,0.02,150.0,-12.409522610000002
3581,7123,71620,10,-0.5942796468734741,-2.086575508117676,0.9895772337913513,0.11287544667720795,0.0003,3580,0.02,150.0,-12.409522610000002
3582,7124,71640,10,-0.805155873298645,-2.1039934158325195,0.979933500289917,0.22589972615242004,0.0003,3581,0.02,150.0,-12.409522610000002
3583,7124,71660,10,-0.45028290152549744,-2.111506938934326,0.991516649723053,0.08778321743011475,0.0003,3582,0.02,150.0,-12.409522610000002
3584,7124,71680,10,0.156352236866951,-2.0747547149658203,0.9331248998641968,0.2884432375431061,0.0003,3583,0.02,150.0,-12.409522610000002
3585,7124,71700,10,0.7783035039901733,-2.048227548599243,0.82338947057724,1.2723312377929688,0.0003,3584,0.02,150.0,-12.409522610000002
3586,7124,71720,10,1.1440746784210205,-2.104445695877075,0.8770400285720825,1.4867850542068481,0.0003,3585,0.02,150.0,-12.409522610000002
3587,7125,71740,10,0.6673557162284851,-2.109809398651123,0.8533023595809937,0.8658550381660461,0.0003,3586,0.02,150.0,-12.409522610000002
3588,7125,71760,10,0.09922007471323013,-2.0312485694885254,0.898749828338623,1.2009892463684082,0.0003,3587,0.02,150.0,-12.409522610000002
3589,7125,71780,10,0.35376977920532227,-2.0446324348449707,0.9483343958854675,0.8267067074775696,0.0003,3588,0.02,150.0,-12.409522610000002
3590,7125,71800,10,-1.1225956678390503,-1.9879404306411743,0.9858330488204956,0.4218154549598694,0.0003,3589,0.02,150.0,-12.409522610000002
3591,7126,71820,10,0.14645056426525116,-2.0137972831726074,0.9868303537368774,0.1656213253736496,0.0003,3590,0.02,150.0,-12.409522610000002
3592,7126,71840,10,-0.6768008470535278,-1.958775281906128,0.9838221669197083,0.300091415643692,0.0003,3591,0.02,150.0,-12.409522610000002
3593,7126,71860,10,-0.3227618932723999,-1.9214471578598022,0.9761301875114441,0.19215328991413116,0.0003,3592,0.02,150.0,-12.409522610000002
3594,7126,71880,10,0.5523330569267273,-2.0005617141723633,0.9793035984039307,0.2140086591243744,0.0003,3593,0.02,150.0,-12.409522610000002
3595,7126,71900,10,-0.035171039402484894,-1.9960920810699463,0.9939903616905212,0.034012384712696075,0.0003,3594,0.02,150.0,-12.409522610000002
3596,7126,71920,10,-0.33323395252227783,-2.033578395843506,0.9837083220481873,0.07437833398580551,0.0003,3595,0.02,150.0,-12.409522610000002
3597,7126,71940,10,1.4019734859466553,-1.9541184902191162,0.8114105463027954,2.090940475463867,0.0003,3596,0.02,150.0,-12.409522610000002
3598,7126,71960,10,0.30241459608078003,-1.9590755701065063,0.990205705165863,0.07559024542570114,0.0003,3597,0.02,150.0,-12.409522610000002
3599,7126,71980,10,0.19785597920417786,-1.9735996723175049,0.9915604591369629,0.045305393636226654,0.0003,3598,0.02,150.0,-12.409522610000002
3600,7126,72000,10,-0.048363734036684036,-2.0116283893585205,0.9436820149421692,0.12646499276161194,0.0003,3599,0.02,150.0,-12.24944423
3601,7126,72020,10,-0.21763785183429718,-2.0623068809509277,0.9829968810081482,0.03536587581038475,0.0003,3600,0.02,150.0,-12.24944423
3602,7126,72040,10,-0.07389713823795319,-2.0850605964660645,0.8788130879402161,0.19729816913604736,0.0003,3601,0.02,150.0,-12.24944423
3603,7126,72060,10,-0.20675630867481232,-2.09040904045105,0.912441611289978,0.3337484300136566,0.0003,3602,0.02,150.0,-12.24944423
3604,7127,72080,10,-0.5859239101409912,-2.079195022583008,0.9855844974517822,0.1308065503835678,0.0003,3603,0.02,150.0,-12.24944423
3605,7127,72100,10,-0.7640746831893921,-2.105013132095337,0.9838758111000061,0.16929762065410614,0.0003,3604,0.02,150.0,-12.24944423
3606,7127,72120,10,-0.10640823841094971,-2.1140453815460205,0.9442105889320374,0.22825928032398224,0.0003,3605,0.02,150.0,-12.24944423
3607,7127,72140,10,0.649899423122406,-2.0406413078308105,0.8338464498519897,2.027409315109253,0.0003,3606,0.02,150.0,-12.24944423
3608,7127,72160,10,-0.3152393698692322,-2.122589588165283,0.9633951187133789,0.25993213057518005,0.0003,3607,0.02,150.0,-12.24944423
3609,7128,72180,10,0.6628807187080383,-2.093548536300659,0.5324181914329529,1.30222749710083,0.0003,3608,0.02,150.0,-12.24944423
3610,7128,72200,10,0.7074924111366272,-2.058525562286377,0.8640086650848389,0.8645461201667786,0.0003,3609,0.02,150.0,-12.24944423
3611,7128,72220,10,0.22919347882270813,-2.117497205734253,0.4891863465309143,1.2650560140609741,0.0003,3610,0.02,150.0,-12.24944423
3612,7128,72240,10,-0.37001243233680725,-2.133251905441284,0.9430533647537231,0.13934676349163055,0.0003,3611,0.02,150.0,-12.24944423
3613,7128,72260,10,-0.37190860509872437,-2.1326637268066406,0.69927978515625,0.2522762417793274,0.0003,3612,0.02,150.0,-12.24944423
3614,7128,72280,10,1.5808489322662354,-2.088904857635498,0.13299787044525146,2.9520747661590576,0.0003,3613,0.02,150.0,-12.24944423
3615,7129,72300,10,-0.18761317431926727,-2.138643264770508,0.8425706624984741,0.10916469246149063,0.0003,3614,0.02,150.0,-12.24944423
3616,7129,72320,10,0.43639153242111206,-2.051248788833618,0.7267388701438904,0.3577653765678406,0.0003,3615,0.02,150.0,-12.24944423
3617,7129,72340,10,0.826826274394989,-2.0143496990203857,0.067116379737854,1.5016238689422607,0.0003,3616,0.02,150.0,-12.24944423
3618,7129,72360,10,-0.04661745950579643,-2.0683655738830566,0.59855055809021,0.5170530676841736,0.0003,3617,0.02,150.0,-12.24944423
3619,7130,72380,10,-0.06343652307987213,-2.1257903575897217,0.6715818047523499,0.5650743246078491,0.0003,3618,0.02,150.0,-12.24944423
3620,7130,72400,10,0.05221036821603775,-2.1220591068267822,0.8294436931610107,0.1925831139087677,0.0003,3619,0.02,150.0,-12.24944423
3621,7130,72420,10,0.7765204310417175,-2.068851947784424,0.6998100280761719,0.9832860231399536,0.0003,3620,0.02,150.0,-12.24944423
3622,7130,72440,10,-0.06733019649982452,-2.120077610015869,0.9502874612808228,0.055401213467121124,0.0003,3621,0.02,150.0,-12.24944423
3623,7130,72460,10,0.4059942662715912,-2.064673662185669,0.19430053234100342,0.9826256036758423,0.0003,3622,0.02,150.0,-12.24944423
3624,7130,72480,10,0.6916310787200928,-1.9676803350448608,0.5013493299484253,0.5704684853553772,0.0003,3623,0.02,150.0,-12.24944423
3625,7131,72500,10,1.1921058893203735,-2.030716896057129,-0.591403603553772,1.1970456838607788,0.0003,3624,0.02,150.0,-12.24944423
3626,7131,72520,10,-0.18920370936393738,-2.081157684326172,0.9032710194587708,0.04791922867298126,0.0003,3625,0.02,150.0,-12.24944423
3627,7131,72540,10,-0.19895637035369873,-2.054199695587158,0.8183213472366333,0.14724814891815186,0.0003,3626,0.02,150.0,-12.24944423
3628,7131,72560,10,-0.27278998494148254,-1.905879020690918,0.6563746929168701,0.36406126618385315,0.0003,3627,0.02,150.0,-12.24944423
3629,7131,72580,10,-0.1371336728334427,-2.0128893852233887,0.5975724458694458,0.4518055021762848,0.0003,3628,0.02,150.0,-12.24944423
3630,7131,72600,10,-0.49120885133743286,-2.0547873973846436,0.8095277547836304,0.10857345163822174,0.0003,3629,0.02,150.0,-12.112667120000001
3631,7131,72620,10,-0.2670764923095703,-2.070366859436035,0.7773668169975281,0.04191840440034866,0.0003,3630,0.02,150.0,-12.112667120000001
3632,7132,72640,10,-0.29769009351730347,-2.039720058441162,0.754391074180603,0.16064520180225372,0.0003,3631,0.02,150.0,-12.112667120000001
3633,7132,72660,10,0.48981794714927673,-2.050097942352295,0.4644889235496521,0.31581631302833557,0.0003,3632,0.02,150.0,-12.112667120000001
3634,7132,72680,10,0.2718597650527954,-2.007996082305908,0.4785468578338623,0.556651771068573,0.0003,3633,0.02,150.0,-12.112667120000001
3635,7132,72700,10,-0.09023182094097137,-2.0076255798339844,0.9619583487510681,0.03739102929830551,0.0003,3634,0.02,150.0,-12.112667120000001
3636,7132,72720,10,0.16464035212993622,-2.0621044635772705,0.9314455389976501,0.1137780174612999,0.0003,3635,0.02,150.0,-12.112667120000001
3637,7133,72740,10,0.2560380697250366,-2.0477964878082275,0.8741167783737183,0.35882359743118286,0.0003,3636,0.02,150.0,-12.112667120000001
3638,7133,72760,10,-0.40311354398727417,-2.075420379638672,0.9188112616539001,0.3315558433532715,0.0003,3637,0.02,150.0,-12.112667120000001
3639,7133,72780,10,-0.3483673632144928,-2.0824289321899414,0.9825925827026367,0.07118023931980133,0.0003,3638,0.02,150.0,-12.112667120000001
3640,7133,72800,10,-0.4118400514125824,-2.075112819671631,0.9696065187454224,0.0887647345662117,0.0003,3639,0.02,150.0,-12.112667120000001
3641,7133,72820,10,-0.4799143671989441,-2.0458173751831055,0.911660373210907,0.17164826393127441,0.0003,3640,0.02,150.0,-12.112667120000001
3642,7133,72840,10,-0.04056497663259506,-2.1001574993133545,0.9643222093582153,0.042277805507183075,0.0003,3641,0.02,150.0,-12.112667120000001
3643,7133,72860,10,1.52361261844635,-2.0732131004333496,0.18062478303909302,3.432676315307617,0.0003,3642,0.02,150.0,-12.112667120000001
3644,7133,72880,10,-0.28299376368522644,-2.0908188819885254,0.9646751880645752,0.047907523810863495,0.0003,3643,0.02,150.0,-12.112667120000001
3645,7133,72900,10,0.5523947477340698,-2.0001351833343506,0.7564178705215454,1.2105257511138916,0.0003,3644,0.02,150.0,-12.112667120000001
3646,7133,72920,10,-0.09457994997501373,-2.078932523727417,0.7074357867240906,0.3705742061138153,0.0003,3645,0.02,150.0,-12.112667120000001
3647,7133,72940,10,1.3286402225494385,-2.0271987915039062,0.857804536819458,0.8917865753173828,0.0003,3646,0.02,150.0,-12.112667120000001
3648,7134,72960,10,0.9880603551864624,-1.8990570306777954,0.6632093191146851,0.9470518827438354,0.0003,3647,0.02,150.0,-12.112667120000001
3649,7134,72980,10,-0.0444510355591774,-2.0603132247924805,0.9130101799964905,0.15413954854011536,0.0003,3648,0.02,150.0,-12.112667120000001
3650,7134,73000,10,0.4509829580783844,-2.0665881633758545,0.740760326385498,0.38330078125,0.0003,3649,0.02,150.0,-12.112667120000001
3651,7134,73020,10,0.27866020798683167,-1.8384307622909546,0.927927553653717,0.09167863428592682,0.0003,3650,0.02,150.0,-12.112667120000001
3652,7134,73040,10,-0.02523505687713623,-1.6827723979949951,0.769854724407196,0.17027877271175385,0.0003,3651,0.02,150.0,-12.112667120000001
3653,7134,73060,10,0.12749440968036652,-1.725667953491211,0.20454037189483643,0.719301164150238,0.0003,3652,0.02,150.0,-12.112667120000001
3654,7134,73080,10,0.74786376953125,-1.9270918369293213,0.4282265901565552,0.8054227828979492,0.0003,3653,0.02,150.0,-12.112667120000001
3655,7135,73100,10,-0.16349835693836212,-1.8186702728271484,0.5373748540878296,0.44253841042518616,0.0003,3654,0.02,150.0,-12.112667120000001
3656,7135,73120,10,-0.6816595792770386,-1.9473270177841187,0.7414547204971313,0.18975050747394562,0.0003,3655,0.02,150.0,-12.112667120000001
3657,7135,73140,10,-0.3166475296020508,-1.9904426336288452,0.7593533396720886,0.15165337920188904,0.0003,3656,0.02,150.0,-12.112667120000001
3658,7135,73160,10,-0.24060554802417755,-2.0275464057922363,0.8900851011276245,0.04694926738739014,0.0003,3657,0.02,150.0,-12.112667120000001
3659,7135,73180,10,-0.2818211317062378,-2.0669379234313965,0.8821467161178589,0.029370764270424843,0.0003,3658,0.02,150.0,-12.112667120000001
3660,7135,73200,10,-0.18436798453330994,-2.10213041305542,0.8216319680213928,0.029876520857214928,0.0003,3659,0.02,150.0,-12.043821139999999
3661,7135,73220,10,0.07085157930850983,-2.116816759109497,0.8264947533607483,0.011135701090097427,0.0003,3660,0.02,150.0,-12.043821139999999
3662,7135,73240,10,-0.06475625932216644,-2.0243470668792725,0.8424993753433228,0.12422823905944824,0.0003,3661,0.02,150.0,-12.043821139999999
3663,7135,73260,10,0.06046603247523308,-2.0002241134643555,0.7398378849029541,0.14529068768024445,0.0003,3662,0.02,150.0,-12.043821139999999
3664,7136,73280,10,-0.06586488336324692,-1.9576795101165771,0.8452795147895813,0.1001739501953125,0.0003,3663,0.02,150.0,-12.043821139999999
3665,7136,73300,10,0.5352855920791626,-1.9841340780258179,0.7693285942077637,0.3191961646080017,0.0003,3664,0.02,150.0,-12.043821139999999
3666,7136,73320,10,0.2175556719303131,-1.9871852397918701,0.9121279716491699,0.08057259023189545,0.0003,3665,0.02,150.0,-12.043821139999999
3667,7136,73340,10,0.26239079236984253,-2.0228185653686523,0.24096423387527466,0.22409501671791077,0.0003,3666,0.02,150.0,-12.043821139999999
3668,7136,73360,10,-0.22864603996276855,-1.9636061191558838,0.6196215152740479,0.5828647613525391,0.0003,3667,0.02,150.0,-12.043821139999999
3669,7136,73380,10,-0.11947313696146011,-2.0278592109680176,0.9582852721214294,0.04855260252952576,0.0003,3668,0.02,150.0,-12.043821139999999
3670,7136,73400,10,0.19094672799110413,-2.0465633869171143,0.9029347896575928,0.09879481792449951,0.0003,3669,0.02,150.0,-12.043821139999999
3671,7136,73420,10,0.1717236340045929,-1.9664297103881836,0.9509276747703552,0.06277523189783096,0.0003,3670,0.02,150.0,-12.043821139999999
3672,7137,73440,10,0.7565742135047913,-2.0589311122894287,0.4850594401359558,0.8285807371139526,0.0003,3671,0.02,150.0,-12.043821139999999
3673,7137,73460,10,0.10265829414129257,-2.0326719284057617,0.9925482869148254,0.010907734744250774,0.0003,3672,0.02,150.0,-12.043821139999999
3674,7137,73480,10,-0.25004810094833374,-2.056947708129883,0.9657031297683716,0.05254928022623062,0.0003,3673,0.02,150.0,-12.043821139999999
3675,7137,73500,10,0.801644504070282,-2.0556979179382324,0.4617733359336853,0.9323145747184753,0.0003,3674,0.02,150.0,-12.043821139999999
3676,7137,73520,10,-0.19208575785160065,-2.0787456035614014,0.3969852328300476,0.214381143450737,0.0003,3675,0.02,150.0,-12.043821139999999
3677,7137,73540,10,0.6296643018722534,-2.0659523010253906,-0.30383849143981934,2.3462867736816406,0.0003,3676,0.02,150.0,-12.043821139999999
3678,7138,73560,10,-0.023134786635637283,-2.1031975746154785,-0.07332873344421387,0.09523648023605347,0.0003,3677,0.02,150.0,-12.043821139999999
3679,7138,73580,10,0.16318519413471222,-2.0862042903900146,0.1756877899169922,0.10957062244415283,0.0003,3678,0.02,150.0,-12.043821139999999
3680,7138,73600,10,-0.4353364109992981,-2.0994064807891846,0.6365184187889099,0.06649211049079895,0.0003,3679,0.02,150.0,-12.043821139999999
3681,7138,73620,10,1.3435747623443604,-2.042351484298706,0.2040460705757141,0.967541515827179,0.0003,3680,0.02,150.0,-12.043821139999999
3682,7138,73640,10,-0.3742327094078064,-2.1069583892822266,0.5267891883850098,0.12415631115436554,0.0003,3681,0.02,150.0,-12.043821139999999
3683,7138,73660,10,0.2868611216545105,-2.038424015045166,0.36149412393569946,1.2630637884140015,0.0003,3682,0.02,150.0,-12.043821139999999
3684,7138,73680,10,-0.5182816386222839,-2.1175379753112793,0.9096481204032898,0.08759269118309021,0.0003,3683,0.02,150.0,-12.043821139999999
3685,7138,73700,10,-0.421072393655777,-2.0808358192443848,0.29827970266342163,0.1435546576976776,0.0003,3684,0.02,150.0,-12.043821139999999
3686,7138,73720,10,-0.6253193020820618,-2.0032684803009033,0.8118054270744324,0.13204891979694366,0.0003,3685,0.02,150.0,-12.043821139999999
3687,7138,73740,10,0.44583240151405334,-1.9759628772735596,-1.0492265224456787,0.24903206527233124,0.0003,3686,0.02,150.0,-12.043821139999999
3688,7139,73760,10,0.15435513854026794,-1.8980869054794312,0.20235931873321533,0.6586447954177856,0.0003,3687,0.02,150.0,-12.043821139999999
3689,7139,73780,10,-0.7909547686576843,-1.8386160135269165,0.08693939447402954,0.20814204216003418,0.0003,3688,0.02,150.0,-12.043821139999999
3690,7139,73800,10,-0.144013449549675,-1.9197403192520142,0.38557595014572144,0.3193862736225128,0.0003,3689,0.02,150.0,-12.14441865
3691,7139,73820,10,-0.4956519603729248,-1.9336506128311157,0.47795504331588745,0.1064743623137474,0.0003,3690,0.02,150.0,-12.14441865
3692,7137,73840,10,-0.0068793026730418205,-1.928218126296997,0.9090657234191895,0.0867699533700943,0.0003,3691,0.02,150.0,-12.14441865
3693,7138,73860,10,-0.07750575244426727,-1.9402421712875366,0.8322177529335022,0.0912153348326683,0.0003,3692,0.02,150.0,-12.14441865
3694,7138,73880,10,-0.08223358541727066,-1.9740378856658936,0.8443580865859985,0.09040170907974243,0.0003,3693,0.02,150.0,-12.14441865
3695,7138,73900,10,1.0092617273330688,-1.9534248113632202,0.5942480564117432,1.4409897327423096,0.0003,3694,0.02,150.0,-12.14441865
3696,7138,73920,10,1.1438440084457397,-1.9565412998199463,0.7023758888244629,0.8850200772285461,0.0003,3695,0.02,150.0,-12.14441865
3697,7138,73940,10,-0.020340656861662865,-1.9895334243774414,0.970720112323761,0.08381691575050354,0.0003,3696,0.02,150.0,-12.14441865
3698,7139,73960,10,-0.13454267382621765,-1.9772872924804688,0.9584046602249146,0.21773795783519745,0.0003,3697,0.02,150.0,-12.14441865
3699,7139,73980,10,-0.01357579231262207,-2.019622325897217,0.9729105830192566,0.17253252863883972,0.0003,3698,0.02,150.0,-12.14441865
3700,7139,74000,10,0.22047290205955505,-2.070382595062256,0.7710686922073364,0.9387593269348145,0.0003,3699,0.02,150.0,-12.14441865
3701,7139,74020,10,0.9530645608901978,-2.0242533683776855,0.4439154267311096,1.8747642040252686,0.0003,3700,0.02,150.0,-12.14441865
3702,7139,74040,10,-0.020572584122419357,-2.0102286338806152,0.6745253801345825,0.8304672241210938,0.0003,3701,0.02,150.0,-12.14441865
3703,7139,74060,10,0.24985316395759583,-2.0562782287597656,0.805906355381012,0.25876182317733765,0.0003,3702,0.02,150.0,-12.14441865
3704,7139,74080,10,1.4432671070098877,-1.9532015323638916,0.3943294882774353,2.5821259021759033,0.0003,3703,0.02,150.0,-12.14441865
3705,7140,74100,10,-0.7309927344322205,-1.9421894550323486,0.6618212461471558,0.9528242945671082,0.0003,3704,0.02,150.0,-12.14441865
3706,7140,74120,10,0.05144825577735901,-1.9821736812591553,0.9244966506958008,0.26608526706695557,0.0003,3705,0.02,150.0,-12.14441865
3707,7140,74140,10,-0.6738399863243103,-2.0333309173583984,0.955517590045929,0.22510890662670135,0.0003,3706,0.02,150.0,-12.14441865
3708,7140,74160,10,1.5998252630233765,-1.9053630828857422,0.5725651979446411,5.901399612426758,0.0003,3707,0.02,150.0,-12.14441865
3709,7140,74180,10,-0.5717244744300842,-2.0008554458618164,0.9829833507537842,0.21585898101329803,0.0003,3708,0.02,150.0,-12.14441865
3710,7141,74200,10,-0.6355009078979492,-2.0316667556762695,0.9364373683929443,0.3498111963272095,0.0003,3709,0.02,150.0,-12.14441865
3711,7141,74220,10,-0.0589938759803772,-1.9462417364120483,0.9580836296081543,0.17820870876312256,0.0003,3710,0.02,150.0,-12.14441865
3712,7141,74240,10,-0.6633967161178589,-1.9238818883895874,0.9806528091430664,0.23164859414100647,0.0003,3711,0.02,150.0,-12.14441865
3713,7141,74260,10,-1.0602327585220337,-1.927538514137268,0.722890317440033,0.8610814213752747,0.0003,3712,0.02,150.0,-12.14441865
3714,7141,74280,10,-0.4284328520298004,-2.040668249130249,0.9395421147346497,0.1311611384153366,0.0003,3713,0.02,150.0,-12.14441865
3715,7141,74300,10,-0.7429760694503784,-1.94769287109375,0.8146854639053345,0.3281591534614563,0.0003,3714,0.02,150.0,-12.14441865
3716,7141,74320,10,-0.675841212272644,-1.8759231567382812,0.800988495349884,0.23979675769805908,0.0003,3715,0.02,150.0,-12.14441865
3717,7142,74340,10,-0.5330559015274048,-1.806684136390686,0.7283035516738892,0.2395239770412445,0.0003,3716,0.02,150.0,-12.14441865
3718,7142,74360,10,-0.7472648620605469,-1.9105689525604248,0.5601319074630737,0.28068113327026367,0.0003,3717,0.02,150.0,-12.14441865
3719,7142,74380,10,-0.41404667496681213,-1.9269729852676392,0.8805588483810425,0.09100566059350967,0.0003,3718,0.02,150.0,-12.14441865
3720,7142,74400,10,-0.3538505434989929,-1.9852020740509033,0.7905672192573547,0.08892723172903061,0.0003,3719,0.02,150.0,-11.747463430000003
3721,7142,74420,10,-0.1850205957889557,-2.0005784034729004,0.7142203450202942,0.14079351723194122,0.0003,3720,0.02,150.0,-11.747463430000003
3722,7142,74440,10,0.3366157114505768,-2.013672351837158,0.9411119222640991,0.1034194827079773,0.0003,3721,0.02,150.0,-11.747463430000003
3723,7143,74460,10,0.2555477023124695,-2.041529893875122,0.8744679093360901,0.22804367542266846,0.0003,3722,0.02,150.0,-11.747463430000003
3724,7143,74480,10,0.19210274517536163,-2.0309717655181885,0.8474913835525513,0.3419293463230133,0.0003,3723,0.02,150.0,-11.747463430000003
3725,7143,74500,10,-1.1849262714385986,-2.0450756549835205,0.8620616793632507,0.7999234199523926,0.0003,3724,0.02,150.0,-11.747463430000003
3726,7142,74520,10,-0.9000760316848755,-2.0843214988708496,0.9421375393867493,0.3223192095756531,0.0003,3725,0.02,150.0,-11.747463430000003
3727,7142,74540,10,-0.18746134638786316,-2.086027145385742,0.9141290187835693,0.30357325077056885,0.0003,3726,0.02,150.0,-11.747463430000003
3728,7142,74560,10,-0.07500680536031723,-2.0819430351257324,0.903398334980011,0.4832346439361572,0.0003,3727,0.02,150.0,-11.747463430000003
3729,7142,74580,10,-0.5322707295417786,-2.0477709770202637,0.8696104884147644,0.8545162081718445,0.0003,3728,0.02,150.0,-11.747463430000003
3730,7143,74600,10,0.5371938943862915,-2.0969395637512207,0.9240180253982544,0.6430619955062866,0.0003,3729,0.02,150.0,-11.747463430000003
3731,7143,74620,10,0.07115806639194489,-2.1000475883483887,0.9575906991958618,0.3892136216163635,0.0003,3730,0.02,150.0,-11.747463430000003
3732,7143,74640,10,-0.06653464585542679,-2.096964120864868,0.8317464590072632,1.0062423944473267,0.0003,3731,0.02,150.0,-11.747463430000003
3733,7143,74660,10,-0.9467658996582031,-2.1095035076141357,0.9380779266357422,0.49693289399147034,0.0003,3732,0.02,150.0,-11.747463430000003
3734,7143,74680,10,-0.5212216377258301,-2.132141590118408,0.9697422981262207,0.18823370337486267,0.0003,3733,0.02,150.0,-11.747463430000003
3735,7143,74700,10,-0.043433815240859985,-2.0434491634368896,0.9656460285186768,0.1947665959596634,0.0003,3734,0.02,150.0,-11.747463430000003
3736,7144,74720,10,0.6527630686759949,-2.0480501651763916,0.8135327100753784,1.2887483835220337,0.0003,3735,0.02,150.0,-11.747463430000003
3737,7144,74740,10,-0.11489583551883698,-1.9475784301757812,0.42534130811691284,2.0877737998962402,0.0003,3736,0.02,150.0,-11.747463430000003
3738,7144,74760,10,0.46675077080726624,-2.0965325832366943,0.7557082176208496,0.6663576364517212,0.0003,3737,0.02,150.0,-11.747463430000003
3739,7144,74780,10,-0.3990071713924408,-2.075709581375122,0.9599593281745911,0.1212332472205162,0.0003,3738,0.02,150.0,-11.747463430000003
3740,7145,74800,10,0.35273969173431396,-1.9949891567230225,0.5382480621337891,0.8981735110282898,0.0003,3739,0.02,150.0,-11.747463430000003
3741,7145,74820,10,-0.22096939384937286,-1.991172194480896,0.8357360363006592,0.18819530308246613,0.0003,3740,0.02,150.0,-11.747463430000003
3742,7145,74840,10,-0.336506724357605,-2.0661416053771973,0.9698830246925354,0.04507977515459061,0.0003,3741,0.02,150.0,-11.747463430000003
3743,7145,74860,10,0.47551608085632324,-2.0296339988708496,0.11824780702590942,1.055702805519104,0.0003,3742,0.02,150.0,-11.747463430000003
3744,7145,74880,10,-0.2310786247253418,-2.0808169841766357,0.9391553401947021,0.03711225837469101,0.0003,3743,0.02,150.0,-11.747463430000003
3745,7145,74900,10,0.10933573544025421,-2.0497872829437256,0.8882150053977966,0.03579341620206833,0.0003,3744,0.02,150.0,-11.747463430000003
3746,7145,74920,10,-0.30239295959472656,-2.027940273284912,0.8507994413375854,0.06531594693660736,0.0003,3745,0.02,150.0,-11.747463430000003
3747,7145,74940,10,-0.06227146461606026,-2.0780043601989746,0.8169853091239929,0.07113277912139893,0.0003,3746,0.02,150.0,-11.747463430000003
3748,7146,74960,10,0.1894693672657013,-2.0349538326263428,0.7476147413253784,0.19595488905906677,0.0003,3747,0.02,150.0,-11.747463430000003
3749,7146,74980,10,0.16421714425086975,-1.91683828830719,0.18191111087799072,0.09791366755962372,0.0003,3748,0.02,150.0,-11.747463430000003
3750,7143,75000,10,0.3389187753200531,-1.9098325967788696,-0.08549308776855469,0.6945213079452515,0.0003,3749,0.02,150.0,-11.421540049999999
3751,7143,75020,10,0.5406015515327454,-1.9402424097061157,-0.14139795303344727,0.8526795506477356,0.0003,3750,0.02,150.0,-11.421540049999999
3752,7143,75040,10,0.11306092888116837,-2.0008442401885986,0.2550368309020996,0.10460267961025238,0.0003,3751,0.02,150.0,-11.421540049999999
3753,7144,75060,10,0.5685427784919739,-1.983123779296875,0.48538076877593994,0.24567100405693054,0.0003,3752,0.02,150.0,-11.421540049999999
3754,7144,75080,10,0.1695844680070877,-2.0133144855499268,0.12244826555252075,0.16955913603305817,0.0003,3753,0.02,150.0,-11.421540049999999
3755,7144,75100,10,-0.1974097192287445,-2.013911247253418,0.8692258596420288,0.04743269830942154,0.0003,3754,0.02,150.0,-11.421540049999999
3756,7144,75120,10,-0.6373777389526367,-2.030712366104126,-0.0060765743255615234,0.5366290211677551,0.0003,3755,0.02,150.0,-11.421540049999999
3757,7144,75140,10,0.5730632543563843,-1.99496591091156,0.7501929998397827,0.7115179896354675,0.0003,3756,0.02,150.0,-11.421540049999999
3758,7144,75160,10,0.8153446316719055,-1.9322021007537842,0.8506093621253967,0.8499611020088196,0.0003,3757,0.02,150.0,-11.421540049999999
3759,7145,75180,10,-0.19253312051296234,-1.9265674352645874,0.9508883953094482,0.1390065848827362,0.0003,3758,0.02,150.0,-11.421540049999999
3760,7145,75200,10,-0.13447384536266327,-2.030352830886841,0.990256667137146,0.03183072805404663,0.0003,3759,0.02,150.0,-11.421540049999999
3761,7145,75220,10,0.9120295643806458,-2.0914390087127686,0.9528847336769104,0.35873889923095703,0.0003,3760,0.02,150.0,-11.421540049999999
3762,7145,75240,10,0.2781975269317627,-1.9556957483291626,0.9618644714355469,0.11061493307352066,0.0003,3761,0.02,150.0,-11.421540049999999
3763,7145,75260,10,-0.28665560483932495,-2.0831942558288574,0.952566921710968,0.20416975021362305,0.0003,3762,0.02,150.0,-11.421540049999999
3764,7145,75280,10,2.1203644275665283,-2.07338809967041,0.7355496883392334,4.709274768829346,0.0003,3763,0.02,150.0,-11.421540049999999
3765,7145,75300,10,0.5093055963516235,-2.087782382965088,0.8981808423995972,0.9223216772079468,0.0003,3764,0.02,150.0,-11.421540049999999
3766,7146,75320,10,0.6003885865211487,-2.08784818649292,0.8318532705307007,1.516190767288208,0.0003,3765,0.02,150.0,-11.421540049999999
3767,7146,75340,10,0.11998824030160904,-2.0806093215942383,0.8796120882034302,1.115200400352478,0.0003,3766,0.02,150.0,-11.421540049999999
3768,7146,75360,10,0.5713146924972534,-2.080291271209717,0.8040260076522827,3.151280164718628,0.0003,3767,0.02,150.0,-11.421540049999999
3769,7145,75380,10,0.8365285992622375,-2.0846948623657227,0.9518997073173523,0.9450929760932922,0.0003,3768,0.02,150.0,-11.421540049999999
3770,7145,75400,10,-0.3852318227291107,-1.9530742168426514,0.9976020455360413,0.07937484979629517,0.0003,3769,0.02,150.0,-11.421540049999999
3771,7145,75420,10,-0.3945068418979645,-1.9757061004638672,0.9784973859786987,0.341606080532074,0.0003,3770,0.02,150.0,-11.421540049999999
3772,7145,75440,10,0.20495088398456573,-1.9676837921142578,0.97475266456604,0.23116135597229004,0.0003,3771,0.02,150.0,-11.421540049999999
3773,7145,75460,10,0.8490418195724487,-1.844842553138733,0.9483336210250854,0.5040518045425415,0.0003,3772,0.02,150.0,-11.421540049999999
3774,7145,75480,10,0.32486969232559204,-1.709570288658142,0.8607515692710876,0.7032628655433655,0.0003,3773,0.02,150.0,-11.421540049999999
3775,7145,75500,10,-0.2986941933631897,-1.6758954524993896,0.9945493340492249,0.07904031127691269,0.0003,3774,0.02,150.0,-11.421540049999999
3776,7146,75520,10,-0.17553763091564178,-1.7077553272247314,0.9936873316764832,0.04149908572435379,0.0003,3775,0.02,150.0,-11.421540049999999
3777,7146,75540,10,-0.06772839277982712,-1.730569839477539,0.9826781153678894,0.06976626813411713,0.0003,3776,0.02,150.0,-11.421540049999999
3778,7146,75560,10,0.10602916777133942,-1.7752864360809326,0.9603831768035889,0.11746213585138321,0.0003,3777,0.02,150.0,-11.421540049999999
3779,7146,75580,10,-0.11406360566616058,-1.856571912765503,0.9975366592407227,0.014072837308049202,0.0003,3778,0.02,150.0,-11.421540049999999
3780,7146,75600,10,-0.012768929824233055,-1.9608564376831055,0.9843615889549255,0.043406542390584946,0.0003,3779,0.02,150.0,-11.030258589999999
3781,7146,75620,10,0.31342974305152893,-1.9439623355865479,0.9736626744270325,0.10638294368982315,0.0003,3780,0.02,150.0,-11.030258589999999
3782,7146,75640,10,-0.2976312041282654,-2.051614284515381,0.650974452495575,0.23025353252887726,0.0003,3781,0.02,150.0,-11.030258589999999
3783,7146,75660,10,-0.8417417407035828,-2.0648860931396484,0.8081799149513245,0.46147170662879944,0.0003,3782,0.02,150.0,-11.030258589999999
3784,7146,75680,10,-0.406355619430542,-2.0730299949645996,0.9718832969665527,0.08402363210916519,0.0003,3783,0.02,150.0,-11.030258589999999
3785,7146,75700,10,0.4277583658695221,-2.0798821449279785,0.8841056823730469,0.5034229159355164,0.0003,3784,0.02,150.0,-11.030258589999999
3786,7146,75720,10,-0.16707322001457214,-2.039391040802002,0.9307529926300049,0.4058542847633362,0.0003,3785,0.02,150.0,-11.030258589999999
3787,7146,75740,10,0.17573034763336182,-2.0737998485565186,0.9448392987251282,0.24637839198112488,0.0003,3786,0.02,150.0,-11.030258589999999
3788,7147,75760,10,0.8714526295661926,-1.993107557296753,0.7187062501907349,0.9739776849746704,0.0003,3787,0.02,150.0,-11.030258589999999
3789,7147,75780,10,0.10239917039871216,-2.021543025970459,0.9534153938293457,0.21526017785072327,0.0003,3788,0.02,150.0,-11.030258589999999
3790,7147,75800,10,-0.16652092337608337,-2.086454153060913,0.9840430021286011,0.07383851706981659,0.0003,3789,0.02,150.0,-11.030258589999999
3791,7147,75820,10,-0.15891103446483612,-2.1010982990264893,0.9858958721160889,0.05670415610074997,0.0003,3790,0.02,150.0,-11.030258589999999
3792,7147,75840,10,0.06951216608285904,-2.113349199295044,0.966546893119812,0.07780812680721283,0.0003,3791,0.02,150.0,-11.030258589999999
3793,7147,75860,10,0.5502540469169617,-2.09733510017395,0.7690179944038391,0.31201741099357605,0.0003,3792,0.02,150.0,-11.030258589999999
3794,7148,75880,10,0.358267605304718,-2.091148853302002,0.6988357901573181,0.2818152606487274,0.0003,3793,0.02,150.0,-11.030258589999999
3795,7148,75900,10,1.2686054706573486,-2.0296785831451416,-0.41959142684936523,3.1959774494171143,0.0003,3794,0.02,150.0,-11.030258589999999
3796,7148,75920,10,0.024510547518730164,-2.0411903858184814,0.9027013778686523,0.04962296038866043,0.0003,3795,0.02,150.0,-11.030258589999999
3797,7148,75940,10,0.0665571317076683,-2.0595622062683105,0.8378682136535645,0.05146338418126106,0.0003,3796,0.02,150.0,-11.030258589999999
3798,7148,75960,10,0.7711166143417358,-1.9818131923675537,0.6772679090499878,0.3146696388721466,0.0003,3797,0.02,150.0,-11.030258589999999
3799,7149,75980,10,0.6364259719848633,-2.0083422660827637,0.7476805448532104,0.4316726624965668,0.0003,3798,0.02,150.0,-11.030258589999999
3800,7149,76000,10,-0.0035280107986181974,-2.0257773399353027,0.5391007661819458,0.5820956230163574,0.0003,3799,0.02,150.0,-11.030258589999999
3801,7149,76020,10,2.068195104598999,-2.0362746715545654,0.4230131506919861,2.686018943786621,0.0003,3800,0.02,150.0,-11.030258589999999
3802,7149,76040,10,0.2951849102973938,-2.0093610286712646,0.7447037696838379,0.24774833023548126,0.0003,3801,0.02,150.0,-11.030258589999999
3803,7150,76060,10,0.15794917941093445,-2.028902292251587,0.9390105605125427,0.08348789066076279,0.0003,3802,0.02,150.0,-11.030258589999999
3804,7150,76080,10,0.8468440771102905,-2.06270170211792,0.7980126142501831,0.960942268371582,0.0003,3803,0.02,150.0,-11.030258589999999
3805,7150,76100,10,1.9315423965454102,-2.021240234375,0.7886226177215576,3.0651726722717285,0.0003,3804,0.02,150.0,-11.030258589999999
3806,7150,76120,10,0.4883321225643158,-2.0721523761749268,0.9771227836608887,0.19689495861530304,0.0003,3805,0.02,150.0,-11.030258589999999
3807,7150,76140,10,0.048946596682071686,-1.9195401668548584,0.9808917045593262,0.09350531548261642,0.0003,3806,0.02,150.0,-11.030258589999999
3808,7150,76160,10,0.11655881255865097,-1.879172682762146,0.9628210067749023,0.1623033732175827,0.0003,3807,0.02,150.0,-11.030258589999999
3809,7150,76180,10,0.031028341501951218,-1.9289391040802002,0.9804593920707703,0.0636260062456131,0.0003,3808,0.02,150.0,-11.030258589999999
3810,7150,76200,10,-0.06443369388580322,-1.9257614612579346,0.9721406698226929,0.11279375851154327,0.0003,3809,0.02,150.0,-10.37330162
3811,7150,76220,10,-0.30616670846939087,-1.9743257761001587,0.9801012873649597,0.0945417508482933,0.0003,3810,0.02,150.0,-10.37330162
3812,7150,76240,10,-0.3647828698158264,-2.070236921310425,0.8340908288955688,0.5815343856811523,0.0003,3811,0.02,150.0,-10.37330162
3813,7150,76260,10,-0.3316991329193115,-2.049041986465454,0.8905178308486938,0.4147445261478424,0.0003,3812,0.02,150.0,-10.37330162
3814,7150,76280,10,-0.4840579032897949,-2.088174819946289,0.9453783631324768,0.25874537229537964,0.0003,3813,0.02,150.0,-10.37330162
3815,7150,76300,10,-0.853093147277832,-2.1075010299682617,0.9773148894309998,0.27704402804374695,0.0003,3814,0.02,150.0,-10.37330162
3816,7150,76320,10,-0.26611173152923584,-2.1155905723571777,0.9825505614280701,0.12141013145446777,0.0003,3815,0.02,150.0,-10.37330162
3817,7151,76340,10,0.46532362699508667,-2.1196131706237793,0.9853985905647278,0.16119639575481415,0.0003,3816,0.02,150.0,-10.37330162
3818,7151,76360,10,0.048000775277614594,-2.122861862182617,0.9947705864906311,0.04339734464883804,0.0003,3817,0.02,150.0,-10.37330162
3819,7151,76380,10,0.11740569025278091,-2.1024131774902344,0.9857582449913025,0.10262398421764374,0.0003,3818,0.02,150.0,-10.37330162
3820,7151,76400,10,0.23771479725837708,-2.130147933959961,0.9789556264877319,0.15912669897079468,0.0003,3819,0.02,150.0,-10.37330162
3821,7151,76420,10,0.4682697355747223,-2.143754482269287,0.8311265707015991,1.0433019399642944,0.0003,3820,0.02,150.0,-10.37330162
3822,7151,76440,10,-0.7081989645957947,-2.1470561027526855,0.9505785703659058,0.37636905908584595,0.0003,3821,0.02,150.0,-10.37330162
3823,7151,76460,10,-0.5323399305343628,-2.1366899013519287,0.992365300655365,0.09674318134784698,0.0003,3822,0.02,150.0,-10.37330162
3824,7151,76480,10,-0.03799101710319519,-2.122157573699951,0.9818171262741089,0.10487105697393417,0.0003,3823,0.02,150.0,-10.37330162
3825,7151,76500,10,-0.17971768975257874,-2.115004062652588,0.9899030923843384,0.07151658833026886,0.0003,3824,0.02,150.0,-10.37330162
3826,7152,76520,10,0.8751815557479858,-2.094996929168701,0.9326862096786499,0.5904507040977478,0.0003,3825,0.02,150.0,-10.37330162
3827,7152,76540,10,1.1870691776275635,-2.0733802318573,0.869194507598877,1.2799850702285767,0.0003,3826,0.02,150.0,-10.37330162
3828,7152,76560,10,-0.4164528250694275,-2.0878777503967285,0.991470992565155,0.08122153580188751,0.0003,3827,0.02,150.0,-10.37330162
3829,7152,76580,10,0.13196846842765808,-2.0806026458740234,0.9244306087493896,0.26863160729408264,0.0003,3828,0.02,150.0,-10.37330162
3830,7152,76600,10,-0.3787805140018463,-2.09495210647583,0.9747588038444519,0.118955597281456,0.0003,3829,0.02,150.0,-10.37330162
3831,7152,76620,10,0.47482141852378845,-2.077486515045166,0.9820218086242676,0.09806765615940094,0.0003,3830,0.02,150.0,-10.37330162
3832,7152,76640,10,-0.22824683785438538,-2.0752434730529785,0.988373875617981,0.041534729301929474,0.0003,3831,0.02,150.0,-10.37330162
3833,7152,76660,10,0.27159127593040466,-2.1168854236602783,0.4780406355857849,0.48618993163108826,0.0003,3832,0.02,150.0,-10.37330162
3834,7152,76680,10,-0.03905584663152695,-2.098468065261841,0.9755644202232361,0.028956394642591476,0.0003,3833,0.02,150.0,-10.37330162
3835,7152,76700,10,-0.09094525128602982,-2.038038492202759,-0.6632504463195801,0.7812477350234985,0.0003,3834,0.02,150.0,-10.37330162
3836,7152,76720,10,1.334317684173584,-2.039538621902466,-1.1723949909210205,1.773927092552185,0.0003,3835,0.02,150.0,-10.37330162
3837,7153,76740,10,0.45904088020324707,-2.0724844932556152,-0.6348522901535034,1.0250858068466187,0.0003,3836,0.02,150.0,-10.37330162
3838,7153,76760,10,0.41556015610694885,-2.0728962421417236,-0.5172182321548462,0.7378157377243042,0.0003,3837,0.02,150.0,-10.37330162
3839,7153,76780,10,-0.2401174008846283,-2.07542085647583,-3.370730400085449,0.08748612552881241,0.0003,3838,0.02,150.0,-10.37330162
3840,7153,76800,10,-0.31768569350242615,-2.053494453430176,0.30972516536712646,0.1418994665145874,0.0003,3839,0.02,150.0,-10.29898447
3841,7153,76820,10,-0.27751630544662476,-2.0537056922912598,0.6032966375350952,0.05526987463235855,0.0003,3840,0.02,150.0,-10.29898447
3842,7153,76840,10,0.08172913640737534,-2.0131261348724365,0.5956782102584839,0.1519763469696045,0.0003,3841,0.02,150.0,-10.29898447
3843,7153,76860,10,0.9375282526016235,-2.04887318611145,-0.8159536123275757,0.8819524645805359,0.0003,3842,0.02,150.0,-10.29898447
3844,7153,76880,10,0.03381209447979927,-2.037904739379883,0.4801103472709656,0.21648386120796204,0.0003,3843,0.02,150.0,-10.29898447
3845,7154,76900,10,1.1409739255905151,-1.991694688796997,0.3957113027572632,0.9345385432243347,0.0003,3844,0.02,150.0,-10.29898447
3846,7154,76920,10,0.4299125671386719,-2.0136380195617676,0.7394089698791504,1.0052082538604736,0.0003,3845,0.02,150.0,-10.29898447
3847,7154,76940,10,0.44200077652931213,-1.9767742156982422,0.8184199333190918,1.422536849975586,0.0003,3846,0.02,150.0,-10.29898447
3848,7154,76960,10,-0.40908217430114746,-2.0547118186950684,0.9822641611099243,0.23986248672008514,0.0003,3847,0.02,150.0,-10.29898447
3849,7154,76980,10,-0.3070451021194458,-2.092627763748169,0.9541141390800476,0.8230161666870117,0.0003,3848,0.02,150.0,-10.29898447
3850,7154,77000,10,0.6204684972763062,-1.905657410621643,0.8992752432823181,1.1899713277816772,0.0003,3849,0.02,150.0,-10.29898447
3851,7154,77020,10,-0.6324017643928528,-2.1149144172668457,0.9930509924888611,0.19217504560947418,0.0003,3850,0.02,150.0,-10.29898447
3852,7154,77040,10,0.39768657088279724,-2.1375136375427246,0.974145770072937,0.36777085065841675,0.0003,3851,0.02,150.0,-10.29898447
3853,7154,77060,10,-0.33649182319641113,-2.144807815551758,0.9929340481758118,0.14105960726737976,0.0003,3852,0.02,150.0,-10.29898447
3854,7154,77080,10,0.22285036742687225,-2.0394816398620605,0.9685139656066895,0.379364550113678,0.0003,3853,0.02,150.0,-10.29898447
3855,7154,77100,10,0.41454148292541504,-2.1340622901916504,0.9632239937782288,0.5533599257469177,0.0003,3854,0.02,150.0,-10.29898447
3856,7154,77120,10,0.1896933615207672,-1.9607080221176147,0.9320937991142273,1.0360349416732788,0.0003,3855,0.02,150.0,-10.29898447
3857,7154,77140,10,1.2601945400238037,-1.875220537185669,0.6646443009376526,2.758760929107666,0.0003,3856,0.02,150.0,-10.29898447
3858,7154,77160,10,-2.2821028232574463,-2.02087664604187,0.9583654403686523,1.2510745525360107,0.0003,3857,0.02,150.0,-10.29898447
3859,7155,77180,10,-0.5719025731086731,-2.1391587257385254,0.952153742313385,0.610328197479248,0.0003,3858,0.02,150.0,-10.29898447
3860,7155,77200,10,-0.05311780050396919,-2.1040849685668945,0.9825360178947449,0.14298614859580994,0.0003,3859,0.02,150.0,-10.29898447
3861,7155,77220,10,0.019192898645997047,-2.0259366035461426,0.9272489547729492,0.39788150787353516,0.0003,3860,0.02,150.0,-10.29898447
3862,7155,77240,10,-0.0013982296222820878,-2.076259136199951,0.9871850609779358,0.09849770367145538,0.0003,3861,0.02,150.0,-10.29898447
3863,7155,77260,10,-0.07845012843608856,-2.0033326148986816,0.9941663146018982,0.05797991901636124,0.0003,3862,0.02,150.0,-10.29898447
3864,7155,77280,10,-0.4103007912635803,-1.9980815649032593,0.9901005625724792,0.14330850541591644,0.0003,3863,0.02,150.0,-10.29898447
3865,7155,77300,10,-0.1424090564250946,-2.045905113220215,0.976828396320343,0.23387905955314636,0.0003,3864,0.02,150.0,-10.29898447
3866,7155,77320,10,-0.08267785608768463,-2.044921398162842,0.982258677482605,0.16733349859714508,0.0003,3865,0.02,150.0,-10.29898447
3867,7155,77340,10,-0.3982676863670349,-2.0603156089782715,0.9881231784820557,0.12779316306114197,0.0003,3866,0.02,150.0,-10.29898447
3868,7155,77360,10,-0.31946229934692383,-2.024892807006836,0.9905297756195068,0.10267491638660431,0.0003,3867,0.02,150.0,-10.29898447
3869,7155,77380,10,-0.2933531403541565,-2.027264356613159,0.9841920733451843,0.15076276659965515,0.0003,3868,0.02,150.0,-10.29898447
3870,7155,77400,10,-0.30632272362709045,-2.0051944255828857,0.9908455014228821,0.09189026057720184,0.0003,3869,0.02,150.0,-10.07637928
3871,7155,77420,10,-0.41731905937194824,-2.0758767127990723,0.9733838438987732,0.2084374874830246,0.0003,3870,0.02,150.0,-10.07637928
3872,7155,77440,10,-0.4226551949977875,-2.0891759395599365,0.8523770570755005,0.20421533286571503,0.0003,3871,0.02,150.0,-10.07637928
3873,7156,77460,10,-0.024853413924574852,-2.112057685852051,0.6553940773010254,0.5470203161239624,0.0003,3872,0.02,150.0,-10.07637928
3874,7156,77480,10,-0.9465740919113159,-2.092169761657715,0.7979684472084045,0.8379308581352234,0.0003,3873,0.02,150.0,-10.07637928
3875,7156,77500,10,-0.5364759564399719,-2.1074881553649902,0.9573644995689392,0.20877189934253693,0.0003,3874,0.02,150.0,-10.07637928
3876,7156,77520,10,-0.02226501703262329,-2.086357593536377,0.9142999053001404,0.5310720801353455,0.0003,3875,0.02,150.0,-10.07637928
3877,7156,77540,10,0.07585392892360687,-2.0375092029571533,0.9164869785308838,0.617239236831665,0.0003,3876,0.02,150.0,-10.07637928
3878,7156,77560,10,-0.511902928352356,-2.017991542816162,0.9139968156814575,1.4181082248687744,0.0003,3877,0.02,150.0,-10.07637928
3879,7156,77580,10,-0.6081905364990234,-2.1452503204345703,0.9815053343772888,0.4307662546634674,0.0003,3878,0.02,150.0,-10.07637928
3880,7156,77600,10,0.7125874757766724,-2.0955357551574707,0.9352355003356934,1.9363038539886475,0.0003,3879,0.02,150.0,-10.07637928
3881,7157,77620,10,-0.7961922287940979,-2.080718994140625,0.9971465468406677,0.24200847744941711,0.0003,3880,0.02,150.0,-10.07637928
3882,7157,77640,10,-0.1355614811182022,-2.084763288497925,0.9896121621131897,0.2568090558052063,0.0003,3881,0.02,150.0,-10.07637928
3883,7157,77660,10,-0.17186826467514038,-2.140319347381592,0.9943886995315552,0.13289561867713928,0.0003,3882,0.02,150.0,-10.07637928
3884,7157,77680,10,2.2020678520202637,-2.056368589401245,0.699211835861206,6.6598992347717285,0.0003,3883,0.02,150.0,-10.07637928
3885,7157,77700,10,1.318902611732483,-2.072953224182129,0.977728009223938,0.9090154767036438,0.0003,3884,0.02,150.0,-10.07637928
3886,7157,77720,10,-0.438856840133667,-2.1238677501678467,0.994758129119873,0.13354775309562683,0.0003,3885,0.02,150.0,-10.07637928
3887,7157,77740,10,-0.45381125807762146,-2.0845017433166504,0.9890729188919067,0.1651696264743805,0.0003,3886,0.02,150.0,-10.07637928
3888,7158,77760,10,1.4776570796966553,-2.0547714233398438,0.8951252102851868,2.7418370246887207,0.0003,3887,0.02,150.0,-10.07637928
3889,7158,77780,10,0.7921127080917358,-2.075687885284424,0.9405572414398193,1.5184361934661865,0.0003,3888,0.02,150.0,-10.07637928
3890,7157,77800,10,-0.4816262125968933,-2.0335264205932617,0.9945399761199951,0.15154388546943665,0.0003,3889,0.02,150.0,-10.07637928
3891,7157,77820,10,2.027322769165039,-1.9807504415512085,0.836519181728363,4.7019805908203125,0.0003,3890,0.02,150.0,-10.07637928
3892,7156,77840,10,-0.568670392036438,-2.064038038253784,0.9826421737670898,0.3345796465873718,0.0003,3891,0.02,150.0,-10.07637928
3893,7156,77860,10,-0.4007244110107422,-2.0846710205078125,0.9633321166038513,0.531028151512146,0.0003,3892,0.02,150.0,-10.07637928
3894,7156,77880,10,1.1221297979354858,-1.987066626548767,0.8274873495101929,2.6704413890838623,0.0003,3893,0.02,150.0,-10.07637928
3895,7156,77900,10,-0.058331023901700974,-2.0960490703582764,0.9901777505874634,0.10027877241373062,0.0003,3894,0.02,150.0,-10.07637928
3896,7156,77920,10,0.5333728790283203,-2.0398876667022705,0.975329577922821,0.308796226978302,0.0003,3895,0.02,150.0,-10.07637928
3897,7156,77940,10,0.4865177571773529,-1.9984798431396484,0.8409546613693237,1.0806232690811157,0.0003,3896,0.02,150.0,-10.07637928
3898,7156,77960,10,0.8155344128608704,-1.9486854076385498,0.8711010813713074,1.3808932304382324,0.0003,3897,0.02,150.0,-10.07637928
3899,7155,77980,10,-0.3770034909248352,-1.9252007007598877,0.9496519565582275,0.3598489761352539,0.0003,3898,0.02,150.0,-10.07637928
3900,7155,78000,10,-0.19864314794540405,-2.013805389404297,0.9885326027870178,0.07394781708717346,0.0003,3899,0.02,150.0,-9.801282019999999
3901,7154,78020,10,0.6606839299201965,-2.0414462089538574,0.8240839242935181,0.6365415453910828,0.0003,3900,0.02,150.0,-9.801282019999999
3902,7154,78040,10,-0.5594521164894104,-2.0541107654571533,0.7731872797012329,0.12982895970344543,0.0003,3901,0.02,150.0,-9.801282019999999
3903,7154,78060,10,-0.7435470819473267,-2.0766801834106445,0.5667434334754944,0.37921538949012756,0.0003,3902,0.02,150.0,-9.801282019999999
3904,7154,78080,10,0.5504435300827026,-2.06427264213562,0.05558454990386963,1.4881035089492798,0.0003,3903,0.02,150.0,-9.801282019999999
3905,7153,78100,10,-0.2047506868839264,-2.111926317214966,-0.09421277046203613,0.6219159364700317,0.0003,3904,0.02,150.0,-9.801282019999999
3906,7153,78120,10,0.04805966466665268,-2.1200110912323,0.6270427107810974,0.500622570514679,0.0003,3905,0.02,150.0,-9.801282019999999
3907,7153,78140,10,-0.25818949937820435,-2.04072904586792,0.8303878903388977,0.6241964101791382,0.0003,3906,0.02,150.0,-9.801282019999999
3908,7153,78160,10,-0.14219197630882263,-2.0941708087921143,0.8503624200820923,0.2816298305988312,0.0003,3907,0.02,150.0,-9.801282019999999
3909,7153,78180,10,0.3062154948711395,-2.0154287815093994,0.7456730604171753,1.1191809177398682,0.0003,3908,0.02,150.0,-9.801282019999999
3910,7153,78200,10,-0.06960806995630264,-2.12550687789917,0.9427747130393982,0.14914445579051971,0.0003,3909,0.02,150.0,-9.801282019999999
3911,7152,78220,10,-0.2804974913597107,-1.9870977401733398,0.8698101043701172,0.42047375440597534,0.0003,3910,0.02,150.0,-9.801282019999999
3912,7152,78240,10,0.5682142376899719,-2.05765700340271,0.8577086329460144,0.6749891638755798,0.0003,3911,0.02,150.0,-9.801282019999999
3913,7152,78260,10,1.5072863101959229,-1.9587993621826172,0.8903912305831909,1.2498003244400024,0.0003,3912,0.02,150.0,-9.801282019999999
3914,7152,78280,10,0.036177605390548706,-2.0884602069854736,0.6670692563056946,0.476045697927475,0.0003,3913,0.02,150.0,-9.801282019999999
3915,7152,78300,10,-0.3195779025554657,-2.053804397583008,0.07372236251831055,0.9461461305618286,0.0003,3914,0.02,150.0,-9.801282019999999
3916,7152,78320,10,0.8534724116325378,-2.076516628265381,0.7961154580116272,0.6725746393203735,0.0003,3915,0.02,150.0,-9.801282019999999
3917,7151,78340,10,-0.09198445081710815,-2.0379161834716797,0.9280129075050354,0.11762424558401108,0.0003,3916,0.02,150.0,-9.801282019999999
3918,7151,78360,10,-0.12984824180603027,-2.1189517974853516,0.7080613374710083,0.3831271529197693,0.0003,3917,0.02,150.0,-9.801282019999999
3919,7151,78380,10,0.7014037370681763,-2.0726101398468018,0.8041126728057861,0.603986382484436,0.0003,3918,0.02,150.0,-9.801282019999999
3920,7151,78400,10,0.5148791074752808,-1.9164199829101562,0.8150827288627625,0.4439590573310852,0.0003,3919,0.02,150.0,-9.801282019999999
3921,7151,78420,10,0.6638145446777344,-1.8645961284637451,0.5235381722450256,1.6768789291381836,0.0003,3920,0.02,150.0,-9.801282019999999
3922,7150,78440,10,0.24340681731700897,-1.9113502502441406,0.3929716944694519,0.5093998908996582,0.0003,3921,0.02,150.0,-9.801282019999999
3923,7150,78460,10,-0.29224181175231934,-1.9374479055404663,0.9586201906204224,0.0722191333770752,0.0003,3922,0.02,150.0,-9.801282019999999
3924,7149,78480,10,-0.26983729004859924,-1.9844400882720947,0.9535278677940369,0.0613023117184639,0.0003,3923,0.02,150.0,-9.801282019999999
3925,7148,78500,10,-0.03715948387980461,-1.9108384847640991,0.8365294933319092,0.11252789199352264,0.0003,3924,0.02,150.0,-9.801282019999999
3926,7148,78520,10,0.1900598406791687,-2.0029563903808594,0.8678524494171143,0.08833561092615128,0.0003,3925,0.02,150.0,-9.801282019999999
3927,7147,78540,10,-0.22478929162025452,-1.9961662292480469,0.6972118020057678,0.8274325132369995,0.0003,3926,0.02,150.0,-9.801282019999999
3928,7146,78560,10,0.27875152230262756,-2.0021748542785645,0.8825971484184265,0.22975680232048035,0.0003,3927,0.02,150.0,-9.801282019999999
3929,7146,78580,10,-0.021190214902162552,-1.9528106451034546,0.8309581875801086,0.5635979771614075,0.0003,3928,0.02,150.0,-9.801282019999999
3930,7145,78600,11,0.24294674396514893,-1.9805338382720947,0.8341052532196045,0.692124605178833,0.0003,3929,0.02,150.0,-9.724966830000001
3931,7144,78620,11,0.6330088376998901,-1.9948726892471313,0.9416663646697998,0.21376772224903107,0.0003,3930,0.02,150.0,-9.724966830000001
3932,7143,78640,11,-0.20296058058738708,-2.056230306625366,0.8165607452392578,0.13956941664218903,0.0003,3931,0.02,150.0,-9.724966830000001
3933,7143,78660,11,-0.8732447624206543,-2.105900287628174,0.8469714522361755,0.43918704986572266,0.0003,3932,0.02,150.0,-9.724966830000001
3934,7142,78680,11,0.04997631162405014,-2.063613176345825,0.8964138031005859,0.15099509060382843,0.0003,3933,0.02,150.0,-9.724966830000001
3935,7142,78700,11,0.08414909988641739,-2.1244444847106934,0.9495029449462891,0.13440485298633575,0.0003,3934,0.02,150.0,-9.724966830000001
3936,7141,78720,11,0.6504289507865906,-2.128908157348633,0.8645930290222168,1.021705985069275,0.0003,3935,0.02,150.0,-9.724966830000001
3937,7140,78740,11,-0.09994663298130035,-2.0927646160125732,0.9583287239074707,0.4972863793373108,0.0003,3936,0.02,150.0,-9.724966830000001
3938,7140,78760,11,-0.8075809478759766,-2.090372085571289,0.9910308718681335,0.28358539938926697,0.0003,3937,0.02,150.0,-9.724966830000001
3939,7140,78780,11,-0.11771290004253387,-2.1369266510009766,0.9881072640419006,0.14741963148117065,0.0003,3938,0.02,150.0,-9.724966830000001
3940,7140,78800,11,-0.0031144500244408846,-2.11568021774292,0.964322566986084,0.577147364616394,0.0003,3939,0.02,150.0,-9.724966830000001
3941,7140,78820,11,-0.19330492615699768,-2.0559802055358887,0.9882764220237732,0.19207170605659485,0.0003,3940,0.02,150.0,-9.724966830000001
3942,7139,78840,11,-0.5212100148200989,-2.073281764984131,0.922003448009491,0.7908975481987,0.0003,3941,0.02,150.0,-9.724966830000001
3943,7139,78860,11,-0.2433338612318039,-2.1320717334747314,0.9703506231307983,0.3340813219547272,0.0003,3942,0.02,150.0,-9.724966830000001
3944,7138,78880,11,0.1705646961927414,-2.1214630603790283,0.9627752304077148,0.44283246994018555,0.0003,3943,0.02,150.0,-9.724966830000001
3945,7137,78900,11,-0.6929189562797546,-2.103911876678467,0.9850331544876099,0.2568095028400421,0.0003,3944,0.02,150.0,-9.724966830000001
3946,7137,78920,11,1.1440954208374023,-2.011826992034912,0.7244865894317627,2.5826339721679688,0.0003,3945,0.02,150.0,-9.724966830000001
3947,7136,78940,11,-0.8107255101203918,-2.097454786300659,0.9911078810691833,0.1865730732679367,0.0003,3946,0.02,150.0,-9.724966830000001
3948,7135,78960,11,-0.0028925419319421053,-2.0159378051757812,0.86112380027771,0.9283677935600281,0.0003,3947,0.02,150.0,-9.724966830000001
3949,7135,78980,11,0.036424972116947174,-2.017726421356201,0.9166988134384155,0.8804752230644226,0.0003,3948,0.02,150.0,-9.724966830000001
3950,7135,79000,11,-0.4480661451816559,-2.0795400142669678,0.9920356869697571,0.10865287482738495,0.0003,3949,0.02,150.0,-9.724966830000001
3951,7134,79020,11,0.17495229840278625,-2.0760445594787598,0.9831334352493286,0.08515559136867523,0.0003,3950,0.02,150.0,-9.724966830000001
3952,7134,79040,11,0.1373687982559204,-2.038931369781494,0.9890855550765991,0.04959592595696449,0.0003,3951,0.02,150.0,-9.724966830000001
3953,7133,79060,11,0.14430281519889832,-1.8138244152069092,0.9506494402885437,0.1614699810743332,0.0003,3952,0.02,150.0,-9.724966830000001
3954,7130,79080,11,0.777833878993988,-1.8197147846221924,0.5792388319969177,1.0037415027618408,0.0003,3953,0.02,150.0,-9.724966830000001
3955,7128,79100,11,-0.150132954120636,-1.8525569438934326,0.8707551956176758,0.3351212441921234,0.0003,3954,0.02,150.0,-9.724966830000001
3956,7127,79120,11,0.3861708343029022,-1.8257125616073608,0.7343859672546387,1.2273569107055664,0.0003,3955,0.02,150.0,-9.724966830000001
3957,7127,79140,11,0.31789273023605347,-1.8151962757110596,0.9132335186004639,0.2398124635219574,0.0003,3956,0.02,150.0,-9.724966830000001
3958,7126,79160,11,-0.21332474052906036,-1.7835426330566406,0.9694495797157288,0.09440655261278152,0.0003,3957,0.02,150.0,-9.724966830000001
3959,7125,79180,11,0.5433095693588257,-1.8067657947540283,0.8641496896743774,0.5617156624794006,0.0003,3958,0.02,150.0,-9.724966830000001
3960,7124,79200,11,-0.03756684809923172,-1.8805906772613525,0.9574286341667175,0.1041870266199112,0.0003,3959,0.02,150.0,-9.790662020000001
3961,7123,79220,11,-0.17746365070343018,-1.8530023097991943,0.9849532246589661,0.04221970960497856,0.0003,3960,0.02,150.0,-9.790662020000001
3962,7122,79240,11,0.4928129315376282,-2.0332393646240234,0.9590993523597717,0.10676909983158112,0.0003,3961,0.02,150.0,-9.790662020000001
3963,7122,79260,11,-0.5199335217475891,-2.0797903537750244,0.9050012230873108,0.2685355842113495,0.0003,3962,0.02,150.0,-9.790662020000001
3964,7119,79280,11,1.051604986190796,-2.042790174484253,0.20232993364334106,2.0582916736602783,0.0003,3963,0.02,150.0,-9.790662020000001
3965,7119,79300,11,0.009518980979919434,-2.0372276306152344,0.8607308268547058,0.4133654236793518,0.0003,3964,0.02,150.0,-9.790662020000001
3966,7118,79320,11,-0.26329272985458374,-2.056708812713623,0.9657717943191528,0.1802978515625,0.0003,3965,0.02,150.0,-9.790662020000001
3967,7118,79340,11,-0.3899396061897278,-2.093902587890625,0.9740649461746216,0.14332075417041779,0.0003,3966,0.02,150.0,-9.790662020000001
3968,7118,79360,11,-0.4605989456176758,-2.1170685291290283,0.9524797201156616,0.28666630387306213,0.0003,3967,0.02,150.0,-9.790662020000001
3969,7117,79380,11,0.496220201253891,-2.1193301677703857,0.9082705974578857,0.7447764277458191,0.0003,3968,0.02,150.0,-9.790662020000001
3970,7117,79400,11,-0.2509624660015106,-2.1329333782196045,0.9820790886878967,0.14649836719036102,0.0003,3969,0.02,150.0,-9.790662020000001
3971,7117,79420,11,-0.6643819212913513,-2.1442580223083496,0.987564206123352,0.1753305345773697,0.0003,3970,0.02,150.0,-9.790662020000001
3972,7116,79440,11,1.4372961521148682,-2.144167900085449,0.9248384237289429,1.121018648147583,0.0003,3971,0.02,150.0,-9.790662020000001
3973,7115,79460,11,0.7393836975097656,-1.983066201210022,0.8867868781089783,1.3889594078063965,0.0003,3972,0.02,150.0,-9.790662020000001
3974,7115,79480,11,-0.042262963950634,-2.0373950004577637,0.9471069574356079,0.513810932636261,0.0003,3973,0.02,150.0,-9.790662020000001
3975,7114,79500,11,1.2383766174316406,-1.9952971935272217,0.8995649218559265,1.8962504863739014,0.0003,3974,0.02,150.0,-9.790662020000001
3976,7113,79520,11,0.13677021861076355,-2.0265052318573,0.9514784216880798,0.4999430775642395,0.0003,3975,0.02,150.0,-9.790662020000001
3977,7112,79540,11,1.0901660919189453,-2.0983734130859375,0.94023197889328,1.1887823343276978,0.0003,3976,0.02,150.0,-9.790662020000001
3978,7112,79560,11,1.1164495944976807,-2.0634703636169434,0.9187910556793213,1.890899419784546,0.0003,3977,0.02,150.0,-9.790662020000001
3979,7111,79580,11,0.3909675180912018,-2.0716636180877686,0.9602736830711365,0.7424762845039368,0.0003,3978,0.02,150.0,-9.790662020000001
3980,7110,79600,11,0.5771434903144836,-2.0396029949188232,0.9739538431167603,0.7218104600906372,0.0003,3979,0.02,150.0,-9.790662020000001
3981,7109,79620,11,-0.6415234208106995,-2.0777976512908936,0.9559116363525391,0.8949389457702637,0.0003,3980,0.02,150.0,-9.790662020000001
3982,7109,79640,11,-0.5599531531333923,-2.1030616760253906,0.9932799935340881,0.21567857265472412,0.0003,3981,0.02,150.0,-9.790662020000001
3983,7108,79660,11,-0.9484322667121887,-2.107677459716797,0.9881977438926697,0.45415037870407104,0.0003,3982,0.02,150.0,-9.790662020000001
3984,7107,79680,11,0.5777643322944641,-2.09279203414917,0.973636269569397,0.7808047533035278,0.0003,3983,0.02,150.0,-9.790662020000001
3985,7107,79700,11,0.0626569539308548,-1.84718918800354,0.9888971447944641,0.32953929901123047,0.0003,3984,0.02,150.0,-9.790662020000001
3986,7105,79720,11,-0.5574066638946533,-1.7495330572128296,0.9938427209854126,0.30537861585617065,0.0003,3985,0.02,150.0,-9.790662020000001
3987,7103,79740,11,-0.3888307213783264,-1.8979921340942383,0.9955510497093201,0.13804104924201965,0.0003,3986,0.02,150.0,-9.790662020000001
3988,7101,79760,11,-0.09469462186098099,-1.829129934310913,0.9940054416656494,0.14692561328411102,0.0003,3987,0.02,150.0,-9.790662020000001
3989,7100,79780,11,0.2741972506046295,-1.935850739479065,0.9764710068702698,0.56683748960495,0.0003,3988,0.02,150.0,-9.790662020000001
3990,7099,79800,11,-0.8338306546211243,-1.8877166509628296,0.9714117646217346,0.7753487825393677,0.0003,3989,0.03,150.0,-9.488339309999999
3991,7099,79820,11,2.3729965686798096,-1.917820692062378,0.8795434236526489,7.692389488220215,0.0003,3990,0.03,150.0,-9.488339309999999
3992,7098,79840,11,-0.4420204758644104,-2.0821101665496826,0.4386094808578491,0.5624618530273438,0.0003,3991,0.03,150.0,-9.488339309999999
3993,7097,79860,11,-0.7965794801712036,-2.0637710094451904,0.801726758480072,0.5057077407836914,0.0003,3992,0.03,150.0,-9.488339309999999
3994,7096,79880,11,-0.997251033782959,-2.1019787788391113,0.9345377087593079,0.3408159017562866,0.0003,3993,0.03,150.0,-9.488339309999999
3995,7095,79900,11,0.04029524326324463,-2.113229274749756,0.8412315249443054,0.26484760642051697,0.0003,3994,0.03,150.0,-9.488339309999999
3996,7094,79920,11,-0.26346009969711304,-2.0380802154541016,0.9791178703308105,0.054597098380327225,0.0003,3995,0.03,150.0,-9.488339309999999
3997,7093,79940,11,0.08255372196435928,-2.0904548168182373,0.5993790030479431,0.4939206540584564,0.0003,3996,0.03,150.0,-9.488339309999999
3998,7092,79960,11,0.23709242045879364,-2.0261027812957764,0.6620672941207886,0.9107192754745483,0.0003,3997,0.03,150.0,-9.488339309999999
3999,7091,79980,11,-0.3473129868507385,-2.1486687660217285,0.9613592624664307,0.06962841004133224,0.0003,3998,0.03,150.0,-9.488339309999999
4000,7091,80000,11,0.43184900283813477,-2.132542848587036,0.8668667674064636,0.22284407913684845,0.0003,3999,0.03,150.0,-9.488339309999999
4001,7090,80020,11,-0.28336620330810547,-2.1104884147644043,0.9687756896018982,0.07829850912094116,0.0003,4000,0.03,150.0,-9.488339309999999
4002,7089,80040,11,0.712306022644043,-1.9493777751922607,0.7167073488235474,2.5650200843811035,0.0003,4001,0.03,150.0,-9.488339309999999
4003,7089,80060,11,0.6215966939926147,-1.9485442638397217,0.8685476779937744,2.0135183334350586,0.0003,4002,0.03,150.0,-9.488339309999999
4004,7088,80080,11,-0.0972156971693039,-2.031822681427002,0.9694836139678955,0.43658024072647095,0.0003,4003,0.03,150.0,-9.488339309999999
4005,7087,80100,11,0.5569854974746704,-1.9619348049163818,0.9296115040779114,0.8863236308097839,0.0003,4004,0.03,150.0,-9.488339309999999
4006,7086,80120,11,0.6925913095474243,-1.9732650518417358,0.7649021148681641,1.6991376876831055,0.0003,4005,0.03,150.0,-9.488339309999999
4007,7085,80140,11,0.14700950682163239,-1.9696365594863892,0.9338501691818237,0.4314396381378174,0.0003,4006,0.03,150.0,-9.488339309999999
4008,7084,80160,11,1.3551957607269287,-1.8392139673233032,0.8104543089866638,2.0369391441345215,0.0003,4007,0.03,150.0,-9.488339309999999
4009,7084,80180,11,-0.1842915117740631,-1.9644492864608765,0.9782741069793701,0.15175461769104004,0.0003,4008,0.03,150.0,-9.488339309999999
4010,7082,80200,11,-0.44777458906173706,-1.9421977996826172,0.9789719581604004,0.1597069799900055,0.0003,4009,0.03,150.0,-9.488339309999999
4011,7081,80220,11,-0.3697832226753235,-1.970311164855957,0.9560179114341736,0.1963643729686737,0.0003,4010,0.03,150.0,-9.488339309999999
4012,7080,80240,11,0.10510315746068954,-1.938568115234375,0.8443235754966736,0.4474405348300934,0.0003,4011,0.03,150.0,-9.488339309999999
4013,7080,80260,11,0.4655236601829529,-1.8456729650497437,0.39942455291748047,0.8524835705757141,0.0003,4012,0.03,150.0,-9.488339309999999
4014,7079,80280,11,-0.46398526430130005,-1.8535648584365845,0.9402226209640503,0.1886875033378601,0.0003,4013,0.03,150.0,-9.488339309999999
4015,7078,80300,11,-0.986476719379425,-2.047757863998413,0.8364338874816895,0.29188787937164307,0.0003,4014,0.03,150.0,-9.488339309999999
4016,7078,80320,11,-0.8262519836425781,-2.0727734565734863,0.8626222610473633,0.2068862020969391,0.0003,4015,0.03,150.0,-9.488339309999999
4017,7077,80340,11,-0.3657650053501129,-2.082695484161377,0.6955947875976562,0.08155663311481476,0.0003,4016,0.03,150.0,-9.488339309999999
4018,7075,80360,11,-0.6835798621177673,-1.931883454322815,0.6616964340209961,0.14776182174682617,0.0003,4017,0.03,150.0,-9.488339309999999
4019,7074,80380,11,-0.5846008062362671,-1.8564388751983643,-0.3408879041671753,0.14016439020633698,0.0003,4018,0.03,150.0,-9.488339309999999
4020,7072,80400,11,-0.2532290816307068,-1.9557342529296875,-1.8792905807495117,0.07931423932313919,0.0003,4019,0.03,150.0,-9.523574069999999
4021,7072,80420,11,-0.4782705307006836,-2.0106139183044434,0.0043756961822509766,0.07244628667831421,0.0003,4020,0.03,150.0,-9.523574069999999
4022,7071,80440,11,-0.5380067229270935,-2.0208003520965576,0.9466469287872314,0.17830634117126465,0.0003,4021,0.03,150.0,-9.523574069999999
4023,7070,80460,11,-0.24754181504249573,-2.071561336517334,0.9584183692932129,0.11139126867055893,0.0003,4022,0.03,150.0,-9.523574069999999
4024,7068,80480,11,-0.04171878844499588,-2.0269455909729004,0.9276382327079773,0.24891376495361328,0.0003,4023,0.03,150.0,-9.523574069999999
4025,7068,80500,11,-0.05030122399330139,-2.109544277191162,0.980535089969635,0.05218135565519333,0.0003,4024,0.03,150.0,-9.523574069999999
4026,7067,80520,11,1.749304175376892,-2.0368995666503906,0.5214354991912842,2.191873788833618,0.0003,4025,0.03,150.0,-9.523574069999999
4027,7067,80540,11,0.15930795669555664,-2.1143321990966797,0.9114612340927124,0.1305268555879593,0.0003,4026,0.03,150.0,-9.523574069999999
4028,7066,80560,11,-0.42824697494506836,-2.093026638031006,0.8646117448806763,0.28709983825683594,0.0003,4027,0.03,150.0,-9.523574069999999
4029,7065,80580,11,0.20456013083457947,-2.083263874053955,0.8755336999893188,0.18113377690315247,0.0003,4028,0.03,150.0,-9.523574069999999
4030,7063,80600,11,0.9359762072563171,-2.0138192176818848,0.6297402381896973,1.2812907695770264,0.0003,4029,0.03,150.0,-9.523574069999999
4031,7063,80620,11,0.11677100509405136,-2.0909464359283447,0.9256501197814941,0.17679598927497864,0.0003,4030,0.03,150.0,-9.523574069999999
4032,7061,80640,11,0.5975461602210999,-2.117328643798828,0.9270036816596985,0.2806418836116791,0.0003,4031,0.03,150.0,-9.523574069999999
4033,7060,80660,11,1.8437049388885498,-2.08111572265625,0.35560667514801025,3.0877795219421387,0.0003,4032,0.03,150.0,-9.523574069999999
4034,7060,80680,11,0.6691354513168335,-2.122588872909546,0.8355224132537842,0.4604264795780182,0.0003,4033,0.03,150.0,-9.523574069999999
4035,7059,80700,11,0.8140153884887695,-1.9716793298721313,0.43966782093048096,0.7372994422912598,0.0003,4034,0.03,150.0,-9.523574069999999
4036,7058,80720,11,0.1350133717060089,-2.0396106243133545,0.8706782460212708,0.4707680344581604,0.0003,4035,0.03,150.0,-9.523574069999999
4037,7057,80740,11,0.2496652603149414,-2.117705821990967,0.9716914296150208,0.14524342119693756,0.0003,4036,0.03,150.0,-9.523574069999999
4038,7056,80760,11,-0.025830566883087158,-1.962010145187378,0.974662184715271,0.14442487061023712,0.0003,4037,0.03,150.0,-9.523574069999999
4039,7056,80780,11,-0.7757250070571899,-1.9853332042694092,0.9667408466339111,0.45729923248291016,0.0003,4038,0.03,150.0,-9.523574069999999
4040,7055,80800,11,-0.3523591160774231,-1.9264719486236572,0.9894925951957703,0.12332361936569214,0.0003,4039,0.03,150.0,-9.523574069999999
4041,7055,80820,11,-0.647348165512085,-1.973201036453247,0.9484851360321045,0.48276370763778687,0.0003,4040,0.03,150.0,-9.523574069999999
4042,7054,80840,11,1.1485100984573364,-1.944758653640747,0.9035121202468872,1.239322543144226,0.0003,4041,0.03,150.0,-9.523574069999999
4043,7054,80860,11,-0.42503857612609863,-1.899762749671936,0.9747784733772278,0.28262102603912354,0.0003,4042,0.03,150.0,-9.523574069999999
4044,7054,80880,11,0.25320249795913696,-1.9522171020507812,0.9576511383056641,0.5213245153427124,0.0003,4043,0.03,150.0,-9.523574069999999
4045,7052,80900,11,-0.3048854470252991,-1.9235198497772217,0.9801996350288391,0.24823017418384552,0.0003,4044,0.03,150.0,-9.523574069999999
4046,7051,80920,11,-0.2470518797636032,-1.94316828250885,0.9863839149475098,0.15146349370479584,0.0003,4045,0.03,150.0,-9.523574069999999
4047,7051,80940,11,-0.28187239170074463,-1.9847755432128906,0.9946167469024658,0.0632609948515892,0.0003,4046,0.03,150.0,-9.523574069999999
4048,7050,80960,11,0.8521730303764343,-1.9128719568252563,0.8963847756385803,1.6629819869995117,0.0003,4047,0.03,150.0,-9.523574069999999
4049,7050,80980,11,0.7900726795196533,-1.9932082891464233,0.9060371518135071,2.17124605178833,0.0003,4048,0.03,150.0,-9.523574069999999
4050,7049,81000,11,-0.03823893144726753,-1.96465265750885,0.9908876419067383,0.12830932438373566,0.0003,4049,0.03,150.0,-9.526903019999999
4051,7049,81020,11,-0.11289648711681366,-1.9822380542755127,0.98746258020401,0.12348636239767075,0.0003,4050,0.03,150.0,-9.526903019999999
4052,7048,81040,11,0.36761218309402466,-1.9643704891204834,-0.2273494005203247,0.6877864599227905,0.0003,4051,0.03,150.0,-9.526903019999999
4053,7048,81060,11,-0.7014040946960449,-2.004798412322998,0.8743377923965454,0.23053641617298126,0.0003,4052,0.03,150.0,-9.526903019999999
4054,7047,81080,11,-0.43509531021118164,-2.005509614944458,-0.7255504131317139,0.6263814568519592,0.0003,4053,0.03,150.0,-9.526903019999999
4055,7047,81100,11,-0.045612383633852005,-1.9726667404174805,0.6069779396057129,0.4537600874900818,0.0003,4054,0.03,150.0,-9.526903019999999
4056,7046,81120,11,-0.007892507128417492,-1.9187781810760498,0.8103333711624146,0.5053706169128418,0.0003,4055,0.03,150.0,-9.526903019999999
4057,7046,81140,11,-0.2872282564640045,-1.9351303577423096,0.9672523140907288,0.15766440331935883,0.0003,4056,0.03,150.0,-9.526903019999999
4058,7045,81160,11,0.3904537260532379,-1.8434051275253296,0.6957370042800903,0.763095498085022,0.0003,4057,0.03,150.0,-9.526903019999999
4059,7045,81180,11,0.6038900017738342,-1.8883142471313477,0.9374594688415527,0.32739385962486267,0.0003,4058,0.03,150.0,-9.526903019999999
4060,7045,81200,11,-0.4097231924533844,-1.909149408340454,0.9682806134223938,0.28425270318984985,0.0003,4059,0.03,150.0,-9.526903019999999
4061,7045,81220,11,-0.14118388295173645,-2.003793239593506,0.9918469786643982,0.05948292091488838,0.0003,4060,0.03,150.0,-9.526903019999999
4062,7044,81240,11,1.9140183925628662,-2.008915662765503,0.9266782402992249,1.9086278676986694,0.0003,4061,0.03,150.0,-9.526903019999999
4063,7044,81260,11,0.7675101161003113,-1.8437312841415405,0.945726215839386,1.2178103923797607,0.0003,4062,0.03,150.0,-9.526903019999999
4064,7044,81280,11,-0.01073983870446682,-1.9770066738128662,0.9827280044555664,0.22503113746643066,0.0003,4063,0.03,150.0,-9.526903019999999
4065,7044,81300,11,0.2771148681640625,-2.0145092010498047,0.9685249328613281,0.6270054578781128,0.0003,4064,0.03,150.0,-9.526903019999999
4066,7042,81320,11,-1.3492521047592163,-1.9328685998916626,0.9870957732200623,0.943320095539093,0.0003,4065,0.03,150.0,-9.526903019999999
4067,7042,81340,11,-0.6144116520881653,-1.9780454635620117,0.99326092004776,0.25147151947021484,0.0003,4066,0.03,150.0,-9.526903019999999
4068,7042,81360,11,-0.07413024455308914,-1.945368766784668,0.9885151982307434,0.19467793405056,0.0003,4067,0.03,150.0,-9.526903019999999
4069,7041,81380,11,-1.0408647060394287,-1.862516164779663,0.9867075085639954,0.594293475151062,0.0003,4068,0.03,150.0,-9.526903019999999
4070,7041,81400,11,-0.04847153276205063,-1.9314239025115967,0.995775580406189,0.06608469784259796,0.0003,4069,0.03,150.0,-9.526903019999999
4071,7041,81420,11,0.04302257299423218,-1.6697403192520142,0.9938360452651978,0.08381501585245132,0.0003,4070,0.03,150.0,-9.526903019999999
4072,7040,81440,11,-0.23560921847820282,-1.6845800876617432,0.9910882115364075,0.17107318341732025,0.0003,4071,0.03,150.0,-9.526903019999999
4073,7040,81460,11,0.13161835074424744,-1.6349579095840454,0.9787319898605347,0.39978405833244324,0.0003,4072,0.03,150.0,-9.526903019999999
4074,7039,81480,11,-0.2714967131614685,-1.7836809158325195,0.9905942678451538,0.209311842918396,0.0003,4073,0.03,150.0,-9.526903019999999
4075,7038,81500,11,-0.46494626998901367,-1.815712571144104,0.9854094982147217,0.2730932831764221,0.0003,4074,0.03,150.0,-9.526903019999999
4076,7037,81520,11,0.04965429753065109,-1.814939260482788,0.9863651394844055,0.1786969006061554,0.0003,4075,0.03,150.0,-9.526903019999999
4077,7037,81540,11,-0.010037263855338097,-1.92056143283844,0.9972409605979919,0.03861153870820999,0.0003,4076,0.03,150.0,-9.526903019999999
4078,7035,81560,11,-0.10669033229351044,-1.8905242681503296,0.9969357252120972,0.04894338920712471,0.0003,4077,0.03,150.0,-9.526903019999999
4079,7035,81580,11,-0.055569373071193695,-1.8647292852401733,0.9850975275039673,0.31889644265174866,0.0003,4078,0.03,150.0,-9.526903019999999
4080,7034,81600,11,-0.12177202850580215,-1.8205502033233643,0.9931246638298035,0.16851256787776947,0.0003,4079,0.03,150.0,-9.38286819
4081,7033,81620,11,-0.8768308758735657,-1.8500850200653076,0.9838289618492126,0.523115336894989,0.0003,4080,0.03,150.0,-9.38286819
4082,7033,81640,11,-0.38100773096084595,-2.011212110519409,-0.11667215824127197,0.5528284311294556,0.0003,4081,0.03,150.0,-9.38286819
4083,7032,81660,11,0.5811084508895874,-1.9878307580947876,0.7076073884963989,1.1243950128555298,0.0003,4082,0.03,150.0,-9.38286819
4084,7032,81680,11,-0.6376312971115112,-2.0292561054229736,0.8671572208404541,1.1443476676940918,0.0003,4083,0.03,150.0,-9.38286819
4085,7031,81700,11,-0.6379729509353638,-2.0067696571350098,0.945341169834137,0.6774331331253052,0.0003,4084,0.03,150.0,-9.38286819
4086,7030,81720,11,-0.19509533047676086,-2.022684335708618,0.9766768217086792,0.34693390130996704,0.0003,4085,0.03,150.0,-9.38286819
4087,7029,81740,11,-0.13233582675457,-2.0059146881103516,0.911931574344635,1.8014333248138428,0.0003,4086,0.03,150.0,-9.38286819
4088,7027,81760,11,-1.6565237045288086,-2.0746874809265137,0.9918293356895447,0.76517653465271,0.0003,4087,0.03,150.0,-9.38286819
4089,7024,81780,11,0.26651766896247864,-2.0763607025146484,0.8666786551475525,2.6505560874938965,0.0003,4088,0.03,150.0,-9.38286819
4090,7020,81800,11,-0.5607413053512573,-2.1065924167633057,0.9757846593856812,0.4332396388053894,0.0003,4089,0.03,150.0,-9.38286819
4091,7015,81820,11,-0.5262430906295776,-2.0924808979034424,0.9770997166633606,0.31578123569488525,0.0003,4090,0.03,150.0,-9.38286819
4092,7012,81840,11,-0.23785540461540222,-2.050718307495117,0.8365693092346191,0.9809085130691528,0.0003,4091,0.03,150.0,-9.38286819
4093,7011,81860,11,0.8278883099555969,-2.014735221862793,0.9135987162590027,0.9602792859077454,0.0003,4092,0.03,150.0,-9.38286819
4094,7010,81880,11,-0.17660567164421082,-2.0752689838409424,0.9807024002075195,0.1304863691329956,0.0003,4093,0.03,150.0,-9.38286819
4095,7010,81900,11,-0.8408967852592468,-2.0958480834960938,0.9542304873466492,0.3174385130405426,0.0003,4094,0.03,150.0,-9.38286819
4096,7009,81920,11,0.21363377571105957,-2.0773630142211914,0.918876051902771,0.2176874577999115,0.0003,4095,0.03,150.0,-9.38286819
4097,7009,81940,11,1.316988229751587,-2.0189876556396484,0.8572551012039185,0.9416788816452026,0.0003,4096,0.03,150.0,-9.38286819
4098,7008,81960,11,0.37775906920433044,-1.9968130588531494,0.7627643942832947,0.9297534823417664,0.0003,4097,0.03,150.0,-9.38286819
4099,7008,81980,11,-0.4278952181339264,-1.957950234413147,0.980313777923584,0.10522274672985077,0.0003,4098,0.03,150.0,-9.38286819
4100,7007,82000,11,0.4709055423736572,-1.896270751953125,0.7993420958518982,0.7424664497375488,0.0003,4099,0.03,150.0,-9.38286819
4101,7007,82020,11,0.7334368824958801,-1.8449289798736572,0.6639631986618042,1.4720484018325806,0.0003,4100,0.03,150.0,-9.38286819
4102,7007,82040,11,0.23954364657402039,-1.8838154077529907,0.946546733379364,0.10217360407114029,0.0003,4101,0.03,150.0,-9.38286819
4103,7005,82060,11,-0.1288924664258957,-1.9282865524291992,0.9515615105628967,0.06378364562988281,0.0003,4102,0.03,150.0,-9.38286819
4104,7004,82080,11,0.2961314618587494,-1.9071075916290283,0.7766164541244507,0.3038780093193054,0.0003,4103,0.03,150.0,-9.38286819
4105,7003,82100,11,-0.252950519323349,-1.91741144657135,0.9007911682128906,0.1628701239824295,0.0003,4104,0.03,150.0,-9.38286819
4106,7002,82120,11,0.17137275636196136,-1.8574564456939697,0.8387079238891602,0.2081073820590973,0.0003,4105,0.03,150.0,-9.38286819
4107,7001,82140,11,-0.2995779812335968,-1.8376659154891968,0.9012636542320251,0.07598285377025604,0.0003,4106,0.03,150.0,-9.38286819
4108,7001,82160,11,-0.21606020629405975,-1.9386794567108154,0.8344747424125671,0.0988910049200058,0.0003,4107,0.03,150.0,-9.38286819
4109,7000,82180,11,-0.38089773058891296,-1.9402778148651123,0.9422038793563843,0.05144307762384415,0.0003,4108,0.03,150.0,-9.38286819
4110,6999,82200,11,-0.4625605642795563,-1.9179699420928955,0.8012118935585022,0.09689213335514069,0.0003,4109,0.03,150.0,-9.31354498
4111,6998,82220,11,-0.516509473323822,-1.875728964805603,0.6702643036842346,0.11896517127752304,0.0003,4110,0.03,150.0,-9.31354498
4112,6997,82240,11,0.1280565708875656,-2.0476293563842773,0.816733717918396,0.11161752790212631,0.0003,4111,0.03,150.0,-9.31354498
4113,6994,82260,11,-0.02314741536974907,-2.0536293983459473,0.9289724230766296,0.06001817062497139,0.0003,4112,0.03,150.0,-9.31354498
4114,6993,82280,11,0.289569616317749,-1.9672753810882568,0.7435798645019531,0.25590115785598755,0.0003,4113,0.03,150.0,-9.31354498
4115,6992,82300,11,0.9177616238594055,-1.9410778284072876,0.2661418914794922,1.5053707361221313,0.0003,4114,0.03,150.0,-9.31354498
4116,6989,82320,11,0.06860639154911041,-2.0142111778259277,0.942715048789978,0.1771402508020401,0.0003,4115,0.03,150.0,-9.31354498
4117,6989,82340,11,-0.1780412346124649,-2.0832016468048096,0.8661984205245972,0.36468520760536194,0.0003,4116,0.03,150.0,-9.31354498
4118,6988,82360,11,1.2730834484100342,-2.0817978382110596,0.8101187944412231,1.3719704151153564,0.0003,4117,0.03,150.0,-9.31354498
4119,6987,82380,11,-0.06330475956201553,-1.8409427404403687,0.7716038227081299,2.1259865760803223,0.0003,4118,0.03,150.0,-9.31354498
4120,6985,82400,11,-0.44140201807022095,-2.0061607360839844,0.9478678107261658,0.43171054124832153,0.0003,4119,0.03,150.0,-9.31354498
4121,6984,82420,11,0.400144100189209,-2.0739595890045166,0.9476361870765686,0.5225958824157715,0.0003,4120,0.03,150.0,-9.31354498
4122,6984,82440,11,-0.6787649989128113,-2.1005516052246094,0.9819129705429077,0.26142674684524536,0.0003,4121,0.03,150.0,-9.31354498
4123,6983,82460,11,0.6629397869110107,-1.979443907737732,0.5303265452384949,3.2734897136688232,0.0003,4122,0.03,150.0,-9.31354498
4124,6982,82480,11,-0.4142025113105774,-2.0631296634674072,0.9391080141067505,0.5389722585678101,0.0003,4123,0.03,150.0,-9.31354498
4125,6982,82500,11,0.03934011608362198,-2.022145986557007,0.9530964493751526,0.6244630217552185,0.0003,4124,0.03,150.0,-9.31354498
4126,6981,82520,11,0.22506757080554962,-2.0802299976348877,0.9757316708564758,0.41748324036598206,0.0003,4125,0.03,150.0,-9.31354498
4127,6981,82540,11,-0.30161672830581665,-2.0674805641174316,0.9846547842025757,0.30348220467567444,0.0003,4126,0.03,150.0,-9.31354498
4128,6980,82560,11,-0.34736552834510803,-2.1001813411712646,0.9986163377761841,0.05226827785372734,0.0003,4127,0.03,150.0,-9.31354498
4129,6980,82580,11,0.17832143604755402,-1.9417202472686768,0.9938348531723022,0.11391353607177734,0.0003,4128,0.03,150.0,-9.31354498
4130,6980,82600,11,0.7737561464309692,-1.9212620258331299,0.9523791074752808,0.7935551404953003,0.0003,4129,0.03,150.0,-9.31354498
4131,6979,82620,11,-0.48721712827682495,-1.902527093887329,0.9911180138587952,0.20758803188800812,0.0003,4130,0.03,150.0,-9.31354498
4132,6979,82640,11,0.362638384103775,-1.9942172765731812,0.8949676752090454,1.4506298303604126,0.0003,4131,0.03,150.0,-9.31354498
4133,6977,82660,11,-0.9424313306808472,-2.0157039165496826,0.969484269618988,0.5971595644950867,0.0003,4132,0.03,150.0,-9.31354498
4134,6976,82680,11,-0.4269412159919739,-1.9953641891479492,0.9944958090782166,0.13178443908691406,0.0003,4133,0.03,150.0,-9.31354498
4135,6975,82700,11,-1.0300664901733398,-2.0437259674072266,0.9909128546714783,0.30165934562683105,0.0003,4134,0.03,150.0,-9.31354498
4136,6975,82720,11,-0.47234097123146057,-2.042848825454712,0.9954361319541931,0.12117511034011841,0.0003,4135,0.03,150.0,-9.31354498
4137,6974,82740,11,0.6222453117370605,-1.984256386756897,0.9563273191452026,0.6589959263801575,0.0003,4136,0.03,150.0,-9.31354498
4138,6974,82760,11,-0.13743145763874054,-1.8745508193969727,0.9906435012817383,0.12689824402332306,0.0003,4137,0.03,150.0,-9.31354498
4139,6973,82780,11,0.26365524530410767,-1.9198856353759766,0.9844737648963928,0.14407594501972198,0.0003,4138,0.03,150.0,-9.31354498
4140,6973,82800,11,1.7744343280792236,-1.982191801071167,0.6952099800109863,2.9932775497436523,0.0003,4139,0.04,150.0,-9.16072628
4141,6972,82820,11,3.302832841873169,-2.0460855960845947,0.7858881950378418,6.736531734466553,0.0003,4140,0.04,150.0,-9.16072628
4142,6972,82840,11,-0.7963716387748718,-2.03288197517395,0.45241737365722656,0.34467458724975586,0.0003,4141,0.04,150.0,-9.16072628
4143,6971,82860,11,-0.11053919792175293,-2.036769151687622,0.8101015090942383,0.08877167105674744,0.0003,4142,0.04,150.0,-9.16072628
4144,6969,82880,11,-0.1927117109298706,-2.070439338684082,0.7110434770584106,0.4473387598991394,0.0003,4143,0.04,150.0,-9.16072628
4145,6968,82900,11,-0.30086252093315125,-2.0678141117095947,0.9399474859237671,0.1418246477842331,0.0003,4144,0.04,150.0,-9.16072628
4146,6967,82920,11,0.38159507513046265,-2.0557034015655518,0.8704774975776672,0.2852652668952942,0.0003,4145,0.04,150.0,-9.16072628
4147,6966,82940,11,0.7425513863563538,-2.048377513885498,-0.3075237274169922,1.3880255222320557,0.0003,4146,0.04,150.0,-9.16072628
4148,6966,82960,11,-0.08367740362882614,-2.1007792949676514,0.9613678455352783,0.03294719010591507,0.0003,4147,0.04,150.0,-9.16072628
4149,6965,82980,11,-0.36452606320381165,-2.098254442214966,0.6655313968658447,0.2132956087589264,0.0003,4148,0.04,150.0,-9.16072628
4150,6965,83000,11,-0.2232147455215454,-2.060148000717163,0.4520719647407532,0.25639137625694275,0.0003,4149,0.04,150.0,-9.16072628
4151,6964,83020,11,2.1438446044921875,-1.982905387878418,0.17353874444961548,3.886733293533325,0.0003,4150,0.04,150.0,-9.16072628
4152,6962,83040,11,-0.25261467695236206,-2.0658507347106934,0.9145022630691528,0.1391860693693161,0.0003,4151,0.04,150.0,-9.16072628
4153,6961,83060,11,-0.45640140771865845,-2.1249918937683105,0.8516194820404053,0.30654895305633545,0.0003,4152,0.04,150.0,-9.16072628
4154,6959,83080,11,-0.5193565487861633,-2.126317262649536,0.9754124879837036,0.10804625600576401,0.0003,4153,0.04,150.0,-9.16072628
4155,6958,83100,11,-0.5247514247894287,-2.108870029449463,0.9724205136299133,0.1011374369263649,0.0003,4154,0.04,150.0,-9.16072628
4156,6958,83120,11,1.3898963928222656,-2.017758846282959,0.6645763516426086,1.5814220905303955,0.0003,4155,0.04,150.0,-9.16072628
4157,6957,83140,11,-0.28162306547164917,-1.9615894556045532,0.8888558745384216,0.3134375512599945,0.0003,4156,0.04,150.0,-9.16072628
4158,6956,83160,11,0.25713592767715454,-1.9761247634887695,0.8782567977905273,0.3398257791996002,0.0003,4157,0.04,150.0,-9.16072628
4159,6955,83180,11,-0.8661977052688599,-2.064927577972412,0.24123305082321167,0.4381963610649109,0.0003,4158,0.04,150.0,-9.16072628
4160,6954,83200,11,-0.18354076147079468,-2.075089693069458,0.9227588176727295,0.03891528397798538,0.0003,4159,0.04,150.0,-9.16072628
4161,6953,83220,11,0.27545300126075745,-2.0942189693450928,0.729424238204956,0.2788836359977722,0.0003,4160,0.04,150.0,-9.16072628
4162,6953,83240,11,0.8423994779586792,-2.0457756519317627,0.687961995601654,0.7068518400192261,0.0003,4161,0.04,150.0,-9.16072628
4163,6952,83260,11,0.7752717137336731,-2.090395450592041,0.8002541661262512,0.7561807036399841,0.0003,4162,0.04,150.0,-9.16072628
4164,6952,83280,11,-0.08954660594463348,-2.0991406440734863,0.794615626335144,0.1549164205789566,0.0003,4163,0.04,150.0,-9.16072628
4165,6952,83300,11,0.06486853212118149,-2.0841212272644043,0.9098712801933289,0.0408366359770298,0.0003,4164,0.04,150.0,-9.16072628
4166,6951,83320,11,0.7289724349975586,-2.0538883209228516,0.7092190980911255,0.44585222005844116,0.0003,4165,0.04,150.0,-9.16072628
4167,6951,83340,11,1.3045399188995361,-2.0517075061798096,0.5688124895095825,3.338512897491455,0.0003,4166,0.04,150.0,-9.16072628
4168,6950,83360,11,0.028891349211335182,-2.058542490005493,0.9638398289680481,0.05087309330701828,0.0003,4167,0.04,150.0,-9.16072628
4169,6950,83380,11,0.20442339777946472,-2.0373833179473877,0.311267614364624,0.5432965159416199,0.0003,4168,0.04,150.0,-9.16072628
4170,6949,83400,12,0.03127927705645561,-2.0434327125549316,0.791101336479187,0.06405691802501678,0.0003,4169,0.04,150.0,-9.20024037
4171,6947,83420,12,1.4455877542495728,-1.9448626041412354,-0.06895649433135986,2.042025089263916,0.0003,4170,0.04,150.0,-9.20024037
4172,6946,83440,12,0.2019847333431244,-2.0054945945739746,0.8895480036735535,0.08613581955432892,0.0003,4171,0.04,150.0,-9.20024037
4173,6945,83460,12,-0.7584293484687805,-1.9762464761734009,0.8469725847244263,0.5973851084709167,0.0003,4172,0.04,150.0,-9.20024037
4174,6944,83480,12,-0.5400092005729675,-1.9970521926879883,0.9667385816574097,0.1504676192998886,0.0003,4173,0.04,150.0,-9.20024037
4175,6943,83500,12,-0.232880637049675,-1.969688057899475,0.9013851284980774,0.30292612314224243,0.0003,4174,0.04,150.0,-9.20024037
4176,6943,83520,12,-0.37978726625442505,-1.9879693984985352,0.9560133218765259,0.26435109972953796,0.0003,4175,0.04,150.0,-9.20024037
4177,6942,83540,12,-0.4929930567741394,-2.0006110668182373,0.9674577713012695,0.25104016065597534,0.0003,4176,0.04,150.0,-9.20024037
4178,6942,83560,12,-0.5559302568435669,-1.987534761428833,0.9923692941665649,0.09178712218999863,0.0003,4177,0.04,150.0,-9.20024037
4179,6941,83580,12,-0.4497697949409485,-2.0537147521972656,0.9884235262870789,0.09838087856769562,0.0003,4178,0.04,150.0,-9.20024037
4180,6938,83600,12,-0.4100895822048187,-2.0187790393829346,0.9743281006813049,0.15626823902130127,0.0003,4179,0.04,150.0,-9.20024037
4181,6937,83620,12,0.9046651721000671,-2.0096147060394287,0.7658870220184326,1.2173230648040771,0.0003,4180,0.04,150.0,-9.20024037
4182,6937,83640,12,0.7341005206108093,-1.9868838787078857,-0.20580029487609863,1.580101728439331,0.0003,4181,0.04,150.0,-9.20024037
4183,6936,83660,12,-0.12041982263326645,-2.0784831047058105,0.8369373083114624,0.22748000919818878,0.0003,4182,0.04,150.0,-9.20024037
4184,6936,83680,12,0.29538223147392273,-2.0376803874969482,0.8038317561149597,0.5410364270210266,0.0003,4183,0.04,150.0,-9.20024037
4185,6935,83700,12,0.039446871727705,-1.9465965032577515,0.9624332189559937,0.0658084973692894,0.0003,4184,0.04,150.0,-9.20024037
4186,6935,83720,12,-0.1336003690958023,-1.9662113189697266,0.9692224860191345,0.04520953446626663,0.0003,4185,0.04,150.0,-9.20024037
4187,6934,83740,12,0.03825023025274277,-2.050896167755127,0.6152834892272949,0.26219409704208374,0.0003,4186,0.04,150.0,-9.20024037
4188,6934,83760,12,0.30895790457725525,-1.9004802703857422,0.9421747922897339,0.054261185228824615,0.0003,4187,0.04,150.0,-9.20024037
4189,6933,83780,12,-0.025356298312544823,-1.8038368225097656,0.8168535828590393,0.1141805425286293,0.0003,4188,0.04,150.0,-9.20024037
4190,6933,83800,12,-0.12750020623207092,-1.8176326751708984,0.904496967792511,0.05156933516263962,0.0003,4189,0.04,150.0,-9.20024037
4191,6932,83820,12,0.09546603262424469,-1.7257254123687744,0.7488411664962769,0.11723239719867706,0.0003,4190,0.04,150.0,-9.20024037
4192,6930,83840,12,-0.1919631063938141,-1.7587772607803345,0.6927133798599243,0.14790800213813782,0.0003,4191,0.04,150.0,-9.20024037
4193,6928,83860,12,-0.3473251760005951,-1.818986177444458,0.6107648611068726,0.1293264925479889,0.0003,4192,0.04,150.0,-9.20024037
4194,6924,83880,12,-0.508533775806427,-1.8796422481536865,0.28735798597335815,0.1879173219203949,0.0003,4193,0.04,150.0,-9.20024037
4195,6923,83900,12,-0.5637902021408081,-1.855033278465271,0.4268735647201538,0.15684334933757782,0.0003,4194,0.04,150.0,-9.20024037
4196,6922,83920,12,-0.10656746476888657,-1.8350223302841187,0.2791367173194885,0.1916607767343521,0.0003,4195,0.04,150.0,-9.20024037
4197,6921,83940,12,-0.4481019973754883,-1.8274157047271729,0.15664952993392944,0.14823772013187408,0.0003,4196,0.04,150.0,-9.20024037
4198,6919,83960,12,-0.5344818830490112,-1.8768951892852783,-0.15021419525146484,0.12588267028331757,0.0003,4197,0.04,150.0,-9.20024037
4199,6918,83980,12,-0.5115162134170532,-1.8908592462539673,-0.21526849269866943,0.1355140656232834,0.0003,4198,0.04,150.0,-9.20024037
4200,6912,84000,12,-0.3679763674736023,-1.9638700485229492,-0.11361396312713623,0.059790682047605515,0.0003,4199,0.04,150.0,-9.69273177
4201,6899,84020,12,-0.265147864818573,-1.974944829940796,-0.10296523571014404,0.05043255165219307,0.0003,4200,0.04,150.0,-9.69273177
4202,6896,84040,12,0.43913036584854126,-1.9534757137298584,0.7822889685630798,0.13452063500881195,0.0003,4201,0.04,150.0,-9.69273177
4203,6894,84060,12,0.7400497198104858,-1.919765830039978,0.44879430532455444,0.4039158821105957,0.0003,4202,0.04,150.0,-9.69273177
4204,6893,84080,12,1.5736042261123657,-1.9339303970336914,0.04087561368942261,0.8043394088745117,0.0003,4203,0.04,150.0,-9.69273177
4205,6892,84100,12,0.47779685258865356,-1.8038192987442017,0.04188358783721924,2.194484233856201,0.0003,4204,0.04,150.0,-9.69273177
4206,6891,84120,12,-0.1294214427471161,-1.9588037729263306,0.9544047713279724,0.07315070182085037,0.0003,4205,0.04,150.0,-9.69273177
4207,6890,84140,12,0.7245173454284668,-1.9800983667373657,0.8626827001571655,0.5853062868118286,0.0003,4206,0.04,150.0,-9.69273177
4208,6889,84160,12,-0.14367035031318665,-1.9271007776260376,0.9475533366203308,0.36167335510253906,0.0003,4207,0.04,150.0,-9.69273177
4209,6888,84180,12,-0.31412965059280396,-2.0180275440216064,0.9749943017959595,0.29318445920944214,0.0003,4208,0.04,150.0,-9.69273177
4210,6887,84200,12,-0.42774420976638794,-2.0546176433563232,0.981394350528717,0.26039645075798035,0.0003,4209,0.04,150.0,-9.69273177
4211,6887,84220,12,-0.6042877435684204,-2.090646982192993,0.9891143441200256,0.1853044182062149,0.0003,4210,0.04,150.0,-9.69273177
4212,6887,84240,12,-0.29539841413497925,-2.0847816467285156,0.9886645674705505,0.1679062396287918,0.0003,4211,0.04,150.0,-9.69273177
4213,6887,84260,12,0.37705403566360474,-2.078552722930908,0.9888554811477661,0.21817632019519806,0.0003,4212,0.04,150.0,-9.69273177
4214,6887,84280,12,0.34696802496910095,-1.9867770671844482,0.9570633769035339,0.9723202586174011,0.0003,4213,0.04,150.0,-9.69273177
4215,6885,84300,12,1.16744863986969,-1.9887077808380127,0.955721914768219,1.9657526016235352,0.0003,4214,0.04,150.0,-9.69273177
4216,6884,84320,12,0.19826480746269226,-1.9697895050048828,0.9910838007926941,0.26467299461364746,0.0003,4215,0.04,150.0,-9.69273177
4217,6883,84340,12,0.46746665239334106,-1.8780206441879272,0.9968380331993103,0.13265900313854218,0.0003,4216,0.04,150.0,-9.69273177
4218,6883,84360,12,1.4687144756317139,-1.8328864574432373,0.9277635216712952,2.4516515731811523,0.0003,4217,0.04,150.0,-9.69273177
4219,6883,84380,12,1.378039002418518,-1.9085876941680908,0.9471427798271179,2.0032176971435547,0.0003,4218,0.04,150.0,-9.69273177
4220,6882,84400,12,1.7324330806732178,-1.9941635131835938,0.9698426127433777,1.5535967350006104,0.0003,4219,0.04,150.0,-9.69273177
4221,6882,84420,12,-0.8551826477050781,-2.041870594024658,0.9962875843048096,0.24894747138023376,0.0003,4220,0.04,150.0,-9.69273177
4222,6882,84440,12,0.7724262475967407,-2.007195234298706,0.9709144234657288,1.174037218093872,0.0003,4221,0.04,150.0,-9.69273177
4223,6882,84460,12,-0.07781505584716797,-1.7022594213485718,0.9687389731407166,0.9716229438781738,0.0003,4222,0.04,150.0,-9.69273177
4224,6882,84480,12,-1.237683653831482,-1.6988719701766968,0.9518535137176514,1.3920998573303223,0.0003,4223,0.04,150.0,-9.69273177
4225,6881,84500,12,0.07255281507968903,-1.8548914194107056,0.9638258814811707,0.434995174407959,0.0003,4224,0.04,150.0,-9.69273177
4226,6881,84520,12,-0.5281338095664978,-1.9383859634399414,0.9890866875648499,0.16840721666812897,0.0003,4225,0.04,150.0,-9.69273177
4227,6880,84540,12,-0.4347124695777893,-2.008730411529541,0.9901140332221985,0.11385969817638397,0.0003,4226,0.04,150.0,-9.69273177
4228,6880,84560,12,-0.21889987587928772,-2.028809070587158,0.9964447617530823,0.03299536183476448,0.0003,4227,0.04,150.0,-9.69273177
4229,6880,84580,12,-0.08841197192668915,-1.9750349521636963,0.996299684047699,0.021547574549913406,0.0003,4228,0.04,150.0,-9.69273177
4230,6880,84600,12,-0.05711238458752632,-1.9674400091171265,0.9918877482414246,0.03290462866425514,0.0003,4229,0.02,150.0,-10.16881613
4231,6880,84620,12,0.16132530570030212,-2.01393461227417,0.9872843623161316,0.045075275003910065,0.0003,4230,0.02,150.0,-10.16881613
4232,6879,84640,12,-0.15639999508857727,-1.9961566925048828,0.9304400682449341,0.15376894176006317,0.0003,4231,0.02,150.0,-10.16881613
4233,6879,84660,12,0.8876028060913086,-1.9974933862686157,0.7876015901565552,1.9411360025405884,0.0003,4232,0.02,150.0,-10.16881613
4234,6878,84680,12,-0.17304755747318268,-1.9684245586395264,0.9806065559387207,0.1601647585630417,0.0003,4233,0.02,150.0,-10.16881613
4235,6878,84700,12,-0.11703141033649445,-2.0594513416290283,0.9372580051422119,0.6639634370803833,0.0003,4234,0.02,150.0,-10.16881613
4236,6878,84720,12,0.11465437710285187,-2.0250658988952637,0.910137414932251,1.4020153284072876,0.0003,4235,0.02,150.0,-10.16881613
4237,6878,84740,12,-0.42642125487327576,-2.0225777626037598,0.9661608338356018,0.5297039747238159,0.0003,4236,0.02,150.0,-10.16881613
4238,6878,84760,12,-0.7688875794410706,-2.041825532913208,0.9384872913360596,0.7284343242645264,0.0003,4237,0.02,150.0,-10.16881613
4239,6878,84780,12,-0.6166161298751831,-2.021265745162964,0.9618721604347229,0.4949088990688324,0.0003,4238,0.02,150.0,-10.16881613
4240,6878,84800,12,1.2540178298950195,-2.013303518295288,0.8997638821601868,1.545255422592163,0.0003,4239,0.02,150.0,-10.16881613
4241,6878,84820,12,0.11852613836526871,-1.9955012798309326,0.9601114392280579,0.775036096572876,0.0003,4240,0.02,150.0,-10.16881613
4242,6878,84840,12,-0.3584444522857666,-2.0230507850646973,0.9643216729164124,0.5874927043914795,0.0003,4241,0.02,150.0,-10.16881613
4243,6877,84860,12,-0.5329527854919434,-2.0623717308044434,0.987072765827179,0.2681303918361664,0.0003,4242,0.02,150.0,-10.16881613
4244,6877,84880,12,-0.48577356338500977,-2.0395398139953613,0.9898891448974609,0.2301032990217209,0.0003,4243,0.02,150.0,-10.16881613
4245,6876,84900,12,0.13324855268001556,-2.025285005569458,0.9920492172241211,0.16323032975196838,0.0003,4244,0.02,150.0,-10.16881613
4246,6876,84920,12,1.4850047826766968,-2.007801055908203,0.9601832628250122,1.4245799779891968,0.0003,4245,0.02,150.0,-10.16881613
4247,6876,84940,12,-0.35105204582214355,-2.0586791038513184,0.9771130681037903,0.5132270455360413,0.0003,4246,0.02,150.0,-10.16881613
4248,6876,84960,12,-0.08533720672130585,-2.036186456680298,0.9957717061042786,0.08453009277582169,0.0003,4247,0.02,150.0,-10.16881613
4249,6875,84980,12,0.07889515906572342,-2.039628744125366,0.9977500438690186,0.04535280540585518,0.0003,4248,0.02,150.0,-10.16881613
4250,6873,85000,12,0.2684359550476074,-2.010472297668457,0.9681688547134399,0.5952509045600891,0.0003,4249,0.02,150.0,-10.16881613
4251,6871,85020,12,0.272521436214447,-2.0288007259368896,0.9982350468635559,0.04763719439506531,0.0003,4250,0.02,150.0,-10.16881613
4252,6871,85040,12,1.1764934062957764,-2.0757038593292236,0.9026159048080444,1.387175440788269,0.0003,4251,0.02,150.0,-10.16881613
4253,6871,85060,12,0.8724077343940735,-2.109238862991333,0.9375275373458862,0.7668121457099915,0.0003,4252,0.02,150.0,-10.16881613
4254,6870,85080,12,1.3892734050750732,-2.0848093032836914,0.8203096389770508,1.643256425857544,0.0003,4253,0.02,150.0,-10.16881613
4255,6870,85100,12,1.839756965637207,-2.057208299636841,0.9046080112457275,1.6857221126556396,0.0003,4254,0.02,150.0,-10.16881613
4256,6870,85120,12,0.9497539401054382,-2.1026782989501953,0.9687113761901855,0.5253103971481323,0.0003,4255,0.02,150.0,-10.16881613
4257,6870,85140,12,0.5256630182266235,-2.0170679092407227,0.8872258067131042,1.1364550590515137,0.0003,4256,0.02,150.0,-10.16881613
4258,6870,85160,12,-0.3636820912361145,-1.9994041919708252,0.9967314600944519,0.053730033338069916,0.0003,4257,0.02,150.0,-10.16881613
4259,6870,85180,12,-0.12260206043720245,-2.052948236465454,0.964333713054657,0.12634696066379547,0.0003,4258,0.02,150.0,-10.16881613
4260,6870,85200,12,-0.44510984420776367,-2.074927568435669,0.970119833946228,0.12200707197189331,0.0003,4259,0.02,150.0,-10.311980479999999
4261,6870,85220,12,-0.30511704087257385,-2.0775058269500732,0.9752178192138672,0.03899163007736206,0.0003,4260,0.02,150.0,-10.311980479999999
4262,6870,85240,12,0.47995543479919434,-1.9904165267944336,0.8622906804084778,0.21235418319702148,0.0003,4261,0.02,150.0,-10.311980479999999
4263,6870,85260,12,0.15928396582603455,-1.964250922203064,0.7420592308044434,0.431058406829834,0.0003,4262,0.02,150.0,-10.311980479999999
4264,6870,85280,12,-0.22721698880195618,-2.0011067390441895,0.9017966389656067,0.2494877278804779,0.0003,4263,0.02,150.0,-10.311980479999999
4265,6870,85300,12,0.15520580112934113,-1.9517961740493774,0.8476718664169312,0.9429068565368652,0.0003,4264,0.02,150.0,-10.311980479999999
4266,6870,85320,12,-0.7883490324020386,-2.0392093658447266,0.9796208739280701,0.22392472624778748,0.0003,4265,0.02,150.0,-10.311980479999999
4267,6870,85340,12,0.7583807110786438,-2.020479202270508,0.857911229133606,1.3794564008712769,0.0003,4266,0.02,150.0,-10.311980479999999
4268,6870,85360,12,0.5831150412559509,-2.002326488494873,0.9275010228157043,1.168210744857788,0.0003,4267,0.02,150.0,-10.311980479999999
4269,6869,85380,12,0.005419951863586903,-1.9840574264526367,0.9859446287155151,0.20726528763771057,0.0003,4268,0.02,150.0,-10.311980479999999
4270,6869,85400,12,-0.1576157510280609,-2.054030179977417,0.9912993907928467,0.1695631444454193,0.0003,4269,0.02,150.0,-10.311980479999999
4271,6869,85420,12,0.002950811292976141,-2.0437774658203125,0.9441095590591431,0.8609606027603149,0.0003,4270,0.02,150.0,-10.311980479999999
4272,6870,85440,12,1.0936100482940674,-1.9377349615097046,0.9092292785644531,1.4780585765838623,0.0003,4271,0.02,150.0,-10.311980479999999
4273,6870,85460,12,-0.19255951046943665,-1.9292408227920532,0.9836571216583252,0.22424912452697754,0.0003,4272,0.02,150.0,-10.311980479999999
4274,6869,85480,12,1.4260421991348267,-2.0582122802734375,0.9662771224975586,0.9962123036384583,0.0003,4273,0.02,150.0,-10.311980479999999
4275,6869,85500,12,0.5524746775627136,-2.032606840133667,0.9848878979682922,0.3153410255908966,0.0003,4274,0.02,150.0,-10.311980479999999
4276,6869,85520,12,0.8760836720466614,-1.9400256872177124,0.8754873275756836,1.4606761932373047,0.0003,4275,0.02,150.0,-10.311980479999999
4277,6869,85540,12,0.07007217407226562,-1.9729537963867188,0.9393337965011597,0.6919616460800171,0.0003,4276,0.02,150.0,-10.311980479999999
4278,6869,85560,12,0.6657954454421997,-2.0272305011749268,0.8906746506690979,1.526898980140686,0.0003,4277,0.02,150.0,-10.311980479999999
4279,6869,85580,12,-0.6194082498550415,-1.9722591638565063,0.960263729095459,0.5043559670448303,0.0003,4278,0.02,150.0,-10.311980479999999
4280,6869,85600,12,-0.5122801065444946,-1.8870903253555298,0.988489031791687,0.2015397846698761,0.0003,4279,0.02,150.0,-10.311980479999999
4281,6869,85620,12,-0.642210841178894,-1.9154822826385498,0.9532328248023987,0.46098947525024414,0.0003,4280,0.02,150.0,-10.311980479999999
4282,6869,85640,12,0.36445894837379456,-1.8849433660507202,0.928692638874054,0.5690712928771973,0.0003,4281,0.02,150.0,-10.311980479999999
4283,6868,85660,12,-0.7087637186050415,-2.003831624984741,0.9676170945167542,0.27772489190101624,0.0003,4282,0.02,150.0,-10.311980479999999
4284,6868,85680,12,0.09932871907949448,-2.0778868198394775,0.957727313041687,0.226060152053833,0.0003,4283,0.02,150.0,-10.311980479999999
4285,6868,85700,12,-0.26054176688194275,-1.9907222986221313,0.9874027967453003,0.09614743292331696,0.0003,4284,0.02,150.0,-10.311980479999999
4286,6868,85720,12,-0.3414513170719147,-2.0115017890930176,0.994495689868927,0.05332207679748535,0.0003,4285,0.02,150.0,-10.311980479999999
4287,6868,85740,12,-0.32648786902427673,-1.9151617288589478,0.9931622743606567,0.05738135427236557,0.0003,4286,0.02,150.0,-10.311980479999999
4288,6868,85760,12,-0.21521124243736267,-1.9214389324188232,0.9847405552864075,0.04648013785481453,0.0003,4287,0.02,150.0,-10.311980479999999
4289,6868,85780,12,-0.2309093177318573,-1.8923149108886719,0.9809116721153259,0.04474262893199921,0.0003,4288,0.02,150.0,-10.311980479999999
4290,6868,85800,12,-0.21523888409137726,-1.8951022624969482,0.9808095693588257,0.047882456332445145,0.0003,4289,0.02,150.0,-10.156606230000001
4291,6867,85820,12,-0.1507335901260376,-1.8484382629394531,0.9622275233268738,0.04311102256178856,0.0003,4290,0.02,150.0,-10.156606230000001
4292,6867,85840,12,-0.08123030513525009,-1.9977169036865234,0.7957834005355835,0.5419384837150574,0.0003,4291,0.02,150.0,-10.156606230000001
4293,6867,85860,12,-0.8786274194717407,-2.0105717182159424,0.9450693726539612,0.47191914916038513,0.0003,4292,0.02,150.0,-10.156606230000001
4294,6866,85880,12,-0.6918433308601379,-2.0063586235046387,0.9445249438285828,0.43120917677879333,0.0003,4293,0.02,150.0,-10.156606230000001
4295,6838,85900,12,-0.16159109771251678,-2.027820348739624,0.9885876774787903,0.06432487815618515,0.0003,4294,0.02,150.0,-10.156606230000001
4296,6832,85920,12,-0.008285433053970337,-1.9911737442016602,0.692911684513092,0.8269652128219604,0.0003,4295,0.02,150.0,-10.156606230000001
4297,6832,85940,12,-0.2312328815460205,-2.0174529552459717,0.9780568480491638,0.0903630405664444,0.0003,4296,0.02,150.0,-10.156606230000001
4298,6831,85960,12,0.47828060388565063,-1.8999820947647095,0.4452069401741028,1.1468130350112915,0.0003,4297,0.02,150.0,-10.156606230000001
4299,6831,85980,12,-0.3420332372188568,-2.0745551586151123,0.9571613669395447,0.19293108582496643,0.0003,4298,0.02,150.0,-10.156606230000001
4300,6831,86000,12,-0.13555993139743805,-2.0691919326782227,0.9959562420845032,0.019368816167116165,0.0003,4299,0.02,150.0,-10.156606230000001
4301,6831,86020,12,0.18762221932411194,-2.071376323699951,0.9653925895690918,0.12398810684680939,0.0003,4300,0.02,150.0,-10.156606230000001
4302,6831,86040,12,0.7091506719589233,-2.0841732025146484,0.8017134666442871,0.7338747978210449,0.0003,4301,0.02,150.0,-10.156606230000001
4303,6830,86060,12,-0.2972145080566406,-2.1027181148529053,0.9781401753425598,0.09345616400241852,0.0003,4302,0.02,150.0,-10.156606230000001
4304,6830,86080,12,-0.11683358252048492,-2.0964794158935547,0.934635579586029,0.1434856355190277,0.0003,4303,0.02,150.0,-10.156606230000001
4305,6830,86100,12,0.48881158232688904,-1.9893920421600342,0.9712596535682678,0.08826218545436859,0.0003,4304,0.02,150.0,-10.156606230000001
4306,6830,86120,12,1.655207633972168,-2.0596039295196533,-1.1079368591308594,2.3767056465148926,0.0003,4305,0.02,150.0,-10.156606230000001
4307,6830,86140,12,2.048987627029419,-2.0417323112487793,0.003399372100830078,2.1187705993652344,0.0003,4306,0.02,150.0,-10.156606230000001
4308,6830,86160,12,1.277721881866455,-2.0781044960021973,0.2592681646347046,0.9393395185470581,0.0003,4307,0.02,150.0,-10.156606230000001
4309,6829,86180,12,0.44652944803237915,-2.095034122467041,0.7215561270713806,0.30446404218673706,0.0003,4308,0.02,150.0,-10.156606230000001
4310,6828,86200,12,0.8114744424819946,-2.0700066089630127,0.5035145282745361,0.5486122369766235,0.0003,4309,0.02,150.0,-10.156606230000001
4311,6828,86220,12,1.9532535076141357,-1.99175226688385,0.5480213165283203,2.0122323036193848,0.0003,4310,0.02,150.0,-10.156606230000001
4312,6828,86240,12,1.2031800746917725,-1.9569495916366577,0.8572578430175781,0.5844429731369019,0.0003,4311,0.02,150.0,-10.156606230000001
4313,6828,86260,12,0.23843827843666077,-2.068201780319214,0.7762057781219482,0.13446936011314392,0.0003,4312,0.02,150.0,-10.156606230000001
4314,6828,86280,12,1.0606098175048828,-1.874566674232483,-0.3156745433807373,0.8030045628547668,0.0003,4313,0.02,150.0,-10.156606230000001
4315,6828,86300,12,0.3121204376220703,-1.8941442966461182,0.8170257806777954,0.059733081609010696,0.0003,4314,0.02,150.0,-10.156606230000001
4316,6828,86320,12,-0.2653139531612396,-1.8784881830215454,-0.15244996547698975,0.3566053509712219,0.0003,4315,0.02,150.0,-10.156606230000001
4317,6828,86340,12,-0.0924026221036911,-1.8382322788238525,0.49103236198425293,0.07608107477426529,0.0003,4316,0.02,150.0,-10.156606230000001
4318,6828,86360,12,0.5006760358810425,-1.8386318683624268,0.2849735617637634,0.22178538143634796,0.0003,4317,0.02,150.0,-10.156606230000001
4319,6828,86380,12,-0.10080556571483612,-1.7089321613311768,0.015768349170684814,0.09807467460632324,0.0003,4318,0.02,150.0,-10.156606230000001
4320,6828,86400,12,-0.3407108783721924,-1.7469390630722046,0.359626829624176,0.1434013843536377,0.0003,4319,0.02,150.0,-9.91921352
4321,6828,86420,12,-0.4390181601047516,-1.9179003238677979,0.22261708974838257,0.1930026113986969,0.0003,4320,0.02,150.0,-9.91921352
4322,6827,86440,12,-0.1115456074476242,-2.0369086265563965,0.9825960993766785,0.050165724009275436,0.0003,4321,0.02,150.0,-9.91921352
4323,6827,86460,12,-0.03458116203546524,-1.993740439414978,0.9584429860115051,0.18535232543945312,0.0003,4322,0.02,150.0,-9.91921352
4324,6827,86480,12,0.024185096845030785,-2.0102438926696777,0.9837260246276855,0.11232489347457886,0.0003,4323,0.02,150.0,-9.91921352
4325,6827,86500,12,-0.08668572455644608,-2.0402767658233643,0.9393306374549866,0.5025625824928284,0.0003,4324,0.02,150.0,-9.91921352
4326,6827,86520,12,0.16241173446178436,-2.03259015083313,0.979421854019165,0.18284490704536438,0.0003,4325,0.02,150.0,-9.91921352
4327,6826,86540,12,-0.11808353662490845,-2.0468602180480957,0.9977553486824036,0.02660105749964714,0.0003,4326,0.02,150.0,-9.91921352
4328,6826,86560,12,-0.3735786974430084,-2.032179355621338,0.9867790937423706,0.23143501579761505,0.0003,4327,0.02,150.0,-9.91921352
4329,6826,86580,12,-0.020162057131528854,-2.0380706787109375,0.9908710718154907,0.18270251154899597,0.0003,4328,0.02,150.0,-9.91921352
4330,6826,86600,12,0.27260643243789673,-2.015854597091675,0.9462954998016357,0.944052517414093,0.0003,4329,0.02,150.0,-9.91921352
4331,6826,86620,12,-0.6401150822639465,-1.860653281211853,0.9565047025680542,0.9359229207038879,0.0003,4330,0.02,150.0,-9.91921352
4332,6826,86640,12,0.8094252347946167,-1.9492603540420532,0.9710378646850586,1.0162650346755981,0.0003,4331,0.02,150.0,-9.91921352
4333,6826,86660,12,-0.10234706103801727,-1.9543774127960205,0.9764363169670105,0.566786527633667,0.0003,4332,0.02,150.0,-9.91921352
4334,6826,86680,12,-0.41237205266952515,-1.9990637302398682,0.9864988923072815,0.31202971935272217,0.0003,4333,0.02,150.0,-9.91921352
4335,6826,86700,12,-0.21854360401630402,-2.100604772567749,0.9790691137313843,0.24617795646190643,0.0003,4334,0.02,150.0,-9.91921352
4336,6826,86720,12,-0.014947855845093727,-2.118396282196045,0.9960946440696716,0.03868141025304794,0.0003,4335,0.02,150.0,-9.91921352
4337,6826,86740,12,-0.3114752769470215,-2.117880344390869,0.9926963448524475,0.08484220504760742,0.0003,4336,0.02,150.0,-9.91921352
4338,6826,86760,12,0.6718868017196655,-2.1155998706817627,0.9677553772926331,0.40960055589675903,0.0003,4337,0.02,150.0,-9.91921352
4339,6826,86780,12,0.03353910893201828,-2.1082186698913574,0.9921042323112488,0.07123055309057236,0.0003,4338,0.02,150.0,-9.91921352
4340,6826,86800,12,0.04725367948412895,-2.0707075595855713,0.985761821269989,0.08808409422636032,0.0003,4339,0.02,150.0,-9.91921352
4341,6826,86820,12,-0.14361262321472168,-2.0162763595581055,0.9591708779335022,0.14991667866706848,0.0003,4340,0.02,150.0,-9.91921352
4342,6826,86840,12,0.2726486921310425,-2.0307719707489014,0.9772818684577942,0.07161171734333038,0.0003,4341,0.02,150.0,-9.91921352
4343,6826,86860,12,1.3917980194091797,-1.9255201816558838,0.6598724722862244,0.8140484690666199,0.0003,4342,0.02,150.0,-9.91921352
4344,6826,86880,12,0.5357272624969482,-1.7049020528793335,0.8754146099090576,0.23733071982860565,0.0003,4343,0.02,150.0,-9.91921352
4345,6826,86900,12,0.13442298769950867,-1.828829050064087,0.9230582118034363,0.0681818425655365,0.0003,4344,0.02,150.0,-9.91921352
4346,6826,86920,12,0.5669967532157898,-1.871063232421875,0.46696746349334717,0.4650507867336273,0.0003,4345,0.02,150.0,-9.91921352
4347,6826,86940,12,0.019167553633451462,-1.9073765277862549,0.639862596988678,0.08495742827653885,0.0003,4346,0.02,150.0,-9.91921352
4348,6826,86960,12,-0.12042083591222763,-1.9684464931488037,0.15471488237380981,0.10988190025091171,0.0003,4347,0.02,150.0,-9.91921352
4349,6826,86980,12,0.050812192261219025,-2.064709186553955,0.6065338850021362,0.020274687558412552,0.0003,4348,0.02,150.0,-9.91921352
4350,6826,87000,12,-0.0907590389251709,-2.066720962524414,0.8544598817825317,0.008596258237957954,0.0003,4349,0.02,150.0,-9.96513458
4351,6826,87020,12,0.15742634236812592,-2.0501720905303955,0.29728835821151733,0.026615852490067482,0.0003,4350,0.02,150.0,-9.96513458
4352,6826,87040,12,-0.6778125166893005,-2.040344476699829,0.9441541433334351,0.2638465166091919,0.0003,4351,0.02,150.0,-9.96513458
4353,6826,87060,12,-0.183900386095047,-2.0594213008880615,0.97284334897995,0.12554296851158142,0.0003,4352,0.02,150.0,-9.96513458
4354,6826,87080,12,0.031168609857559204,-2.0494511127471924,0.9822090864181519,0.07663634419441223,0.0003,4353,0.02,150.0,-9.96513458
4355,6826,87100,12,-0.19774679839611053,-2.0694985389709473,0.9940406084060669,0.033117085695266724,0.0003,4354,0.02,150.0,-9.96513458
4356,6825,87120,12,-0.15868784487247467,-2.084477663040161,0.9514802098274231,0.18809625506401062,0.0003,4355,0.02,150.0,-9.96513458
4357,6824,87140,12,0.48469868302345276,-2.093130588531494,0.9684022665023804,0.15440206229686737,0.0003,4356,0.02,150.0,-9.96513458
4358,6824,87160,12,1.3605369329452515,-2.081089973449707,0.39907002449035645,1.3493717908859253,0.0003,4357,0.02,150.0,-9.96513458
4359,6824,87180,12,2.242359161376953,-2.0490942001342773,0.3962843418121338,3.2028064727783203,0.0003,4358,0.02,150.0,-9.96513458
4360,6824,87200,12,1.4459439516067505,-1.9235565662384033,0.04293900728225708,1.3000824451446533,0.0003,4359,0.02,150.0,-9.96513458
4361,6824,87220,12,0.1985841542482376,-1.9625895023345947,0.8625321388244629,0.19593305885791779,0.0003,4360,0.02,150.0,-9.96513458
4362,6823,87240,12,0.35136154294013977,-2.080653667449951,0.8504985570907593,0.5694653391838074,0.0003,4361,0.02,150.0,-9.96513458
4363,6823,87260,12,0.09508423507213593,-2.0415070056915283,0.9532183408737183,0.11776582896709442,0.0003,4362,0.02,150.0,-9.96513458
4364,6822,87280,12,-0.3167726397514343,-1.91594660282135,0.9933125972747803,0.03823041915893555,0.0003,4363,0.02,150.0,-9.96513458
4365,6822,87300,12,0.22480902075767517,-2.083972454071045,0.8397399187088013,0.42279642820358276,0.0003,4364,0.02,150.0,-9.96513458
4366,6821,87320,12,0.8393699526786804,-1.9836124181747437,0.5932031869888306,1.045259952545166,0.0003,4365,0.02,150.0,-9.96513458
4367,6821,87340,12,-0.07333556562662125,-2.093130588531494,0.9855936765670776,0.027957748621702194,0.0003,4366,0.02,150.0,-9.96513458
4368,6821,87360,12,1.4934271574020386,-2.1209592819213867,0.8015459775924683,1.2568302154541016,0.0003,4367,0.02,150.0,-9.96513458
4369,6821,87380,12,1.8118813037872314,-1.948788046836853,0.7117269039154053,3.7785720825195312,0.0003,4368,0.02,150.0,-9.96513458
4370,6821,87400,12,1.000590443611145,-2.063497304916382,0.8950314521789551,1.79912531375885,0.0003,4369,0.02,150.0,-9.96513458
4371,6821,87420,12,0.6079352498054504,-1.9655520915985107,0.9447329044342041,0.7274256944656372,0.0003,4370,0.02,150.0,-9.96513458
4372,6821,87440,12,-0.16201326251029968,-1.9932756423950195,0.980532169342041,0.15875747799873352,0.0003,4371,0.02,150.0,-9.96513458
4373,6820,87460,12,0.9925193786621094,-1.9915733337402344,0.4799546003341675,2.8397269248962402,0.0003,4372,0.02,150.0,-9.96513458
4374,6821,87480,12,-0.042633749544620514,-2.007315158843994,0.8898513317108154,0.2761537730693817,0.0003,4373,0.02,150.0,-9.96513458
4375,6820,87500,12,0.3443158268928528,-1.9445480108261108,0.3384231925010681,0.6974260210990906,0.0003,4374,0.02,150.0,-9.96513458
4376,6821,87520,12,0.10113313049077988,-1.982883095741272,0.7395058870315552,0.14996293187141418,0.0003,4375,0.02,150.0,-9.96513458
4377,6821,87540,12,0.23120832443237305,-2.0160951614379883,0.016126930713653564,0.8319158554077148,0.0003,4376,0.02,150.0,-9.96513458
4378,6821,87560,12,-0.3183397650718689,-2.0587363243103027,0.7042403221130371,0.036949627101421356,0.0003,4377,0.02,150.0,-9.96513458
4379,6821,87580,12,-0.41570916771888733,-1.998138189315796,0.3874848484992981,0.09050439298152924,0.0003,4378,0.02,150.0,-9.96513458
4380,6821,87600,12,0.338510662317276,-1.9697902202606201,-0.15955078601837158,0.6481223106384277,0.0003,4379,0.02,150.0,-9.851361930000001
4381,6821,87620,12,-0.369642436504364,-2.025383949279785,-0.10880506038665771,0.10608607530593872,0.0003,4380,0.02,150.0,-9.851361930000001
4382,6821,87640,12,0.14353105425834656,-2.0364270210266113,0.7624992728233337,0.28071340918540955,0.0003,4381,0.02,150.0,-9.851361930000001
4383,6821,87660,12,-0.689780592918396,-1.9953769445419312,0.6901410818099976,0.5173652768135071,0.0003,4382,0.02,150.0,-9.851361930000001
4384,6821,87680,12,-0.46947765350341797,-2.074491024017334,0.914286196231842,0.21452972292900085,0.0003,4383,0.02,150.0,-9.851361930000001
4385,6821,87700,12,-1.0468270778656006,-2.0954041481018066,0.818011999130249,0.415831983089447,0.0003,4384,0.02,150.0,-9.851361930000001
4386,6821,87720,12,1.0883339643478394,-1.974541425704956,0.26073890924453735,1.635067343711853,0.0003,4385,0.02,150.0,-9.851361930000001
4387,6821,87740,12,1.1304820775985718,-1.9391082525253296,0.527280330657959,1.7324059009552002,0.0003,4386,0.02,150.0,-9.851361930000001
4388,6821,87760,12,1.0722262859344482,-1.982977271080017,0.7441080808639526,1.174331545829773,0.0003,4387,0.02,150.0,-9.851361930000001
4389,6821,87780,12,0.5452010035514832,-1.9806263446807861,0.8974642157554626,0.5536346435546875,0.0003,4388,0.02,150.0,-9.851361930000001
4390,6821,87800,12,1.6697044372558594,-2.07127046585083,0.5804051160812378,1.7120466232299805,0.0003,4389,0.02,150.0,-9.851361930000001
4391,6821,87820,12,0.030877793207764626,-1.9910509586334229,0.9574295282363892,0.12309692800045013,0.0003,4390,0.02,150.0,-9.851361930000001
4392,6821,87840,12,0.009136414155364037,-2.060004472732544,0.9638376235961914,0.07106601446866989,0.0003,4391,0.02,150.0,-9.851361930000001
4393,6822,87860,12,1.1557564735412598,-2.052183151245117,0.67588871717453,0.8179934620857239,0.0003,4392,0.02,150.0,-9.851361930000001
4394,6822,87880,12,1.0547630786895752,-2.0169999599456787,0.7284730672836304,1.3429985046386719,0.0003,4393,0.02,150.0,-9.851361930000001
4395,6822,87900,12,2.225383758544922,-1.9537633657455444,0.7130790948867798,2.2867660522460938,0.0003,4394,0.02,150.0,-9.851361930000001
4396,6822,87920,12,0.8270125389099121,-1.993870735168457,0.7224263548851013,0.9514951705932617,0.0003,4395,0.02,150.0,-9.851361930000001
4397,6822,87940,12,0.17486150562763214,-2.028430938720703,0.526046633720398,0.7531181573867798,0.0003,4396,0.02,150.0,-9.851361930000001
4398,6822,87960,12,1.649501085281372,-1.9913606643676758,0.43375682830810547,4.410185813903809,0.0003,4397,0.02,150.0,-9.851361930000001
4399,6822,87980,12,1.1041853427886963,-1.9401404857635498,0.8017972111701965,1.1451992988586426,0.0003,4398,0.02,150.0,-9.851361930000001
4400,6822,88000,12,-0.4315429627895355,-1.9891650676727295,0.8049615621566772,0.48096197843551636,0.0003,4399,0.02,150.0,-9.851361930000001
4401,6822,88020,12,-0.3931037485599518,-1.9778058528900146,0.9231402277946472,0.15539121627807617,0.0003,4400,0.02,150.0,-9.851361930000001
4402,6822,88040,12,-0.6080942153930664,-1.9834808111190796,0.8955734968185425,0.2582733631134033,0.0003,4401,0.02,150.0,-9.851361930000001
4403,6822,88060,12,-0.4057382047176361,-2.0160248279571533,0.8604937791824341,0.15332795679569244,0.0003,4402,0.02,150.0,-9.851361930000001
4404,6822,88080,12,-0.5713987946510315,-1.986201524734497,0.6641419529914856,0.21949048340320587,0.0003,4403,0.02,150.0,-9.851361930000001
4405,6822,88100,12,-0.2683711647987366,-2.0017120838165283,-0.3361765146255493,0.2587776184082031,0.0003,4404,0.02,150.0,-9.851361930000001
4406,6822,88120,12,-0.09572036564350128,-1.9581797122955322,0.6947488784790039,0.04240958020091057,0.0003,4405,0.02,150.0,-9.851361930000001
4407,6822,88140,12,-0.32932448387145996,-1.8469970226287842,0.7409641742706299,0.061078011989593506,0.0003,4406,0.02,150.0,-9.851361930000001
4408,6822,88160,12,-0.16445156931877136,-1.8588790893554688,0.2595280408859253,0.047407835721969604,0.0003,4407,0.02,150.0,-9.851361930000001
4409,6822,88180,12,-0.24757198989391327,-1.9255197048187256,0.6505712270736694,0.05638322979211807,0.0003,4408,0.02,150.0,-9.851361930000001
4410,6822,88200,12,-0.12136735022068024,-1.9739363193511963,0.5935025215148926,0.030522236600518227,0.0003,4409,0.02,150.0,-9.60719412
4411,6822,88220,12,-0.2424369752407074,-1.968553900718689,0.576240599155426,0.0757678896188736,0.0003,4410,0.02,150.0,-9.60719412
4412,6823,88240,12,1.166121006011963,-2.001913547515869,0.8998165726661682,0.669969916343689,0.0003,4411,0.02,150.0,-9.60719412
4413,6823,88260,12,0.007543659303337336,-1.999611496925354,0.9939901232719421,0.03203688561916351,0.0003,4412,0.02,150.0,-9.60719412
4414,6823,88280,12,-0.6241734623908997,-2.056184768676758,0.9818445444107056,0.24731847643852234,0.0003,4413,0.02,150.0,-9.60719412
4415,6823,88300,12,-0.5547155141830444,-2.065687894821167,0.9967411756515503,0.0982079952955246,0.0003,4414,0.02,150.0,-9.60719412
4416,6823,88320,12,1.6530907154083252,-2.0737192630767822,0.9474238157272339,1.1401177644729614,0.0003,4415,0.02,150.0,-9.60719412
4417,6823,88340,12,-0.05951022356748581,-1.982428789138794,0.9866474270820618,0.1353006660938263,0.0003,4416,0.02,150.0,-9.60719412
4418,6823,88360,12,0.5667549967765808,-2.06992244720459,0.9521299600601196,0.512965738773346,0.0003,4417,0.02,150.0,-9.60719412
4419,6823,88380,12,0.12020909786224365,-2.092893123626709,0.994387686252594,0.06135552003979683,0.0003,4418,0.02,150.0,-9.60719412
4420,6824,88400,12,2.266953468322754,-2.054375171661377,0.6602442264556885,3.314352035522461,0.0003,4419,0.02,150.0,-9.60719412
4421,6824,88420,12,1.3683074712753296,-2.047075033187866,0.5396873950958252,2.4758405685424805,0.0003,4420,0.02,150.0,-9.60719412
4422,6824,88440,12,0.10358452796936035,-2.074340343475342,0.9793767929077148,0.14913028478622437,0.0003,4421,0.02,150.0,-9.60719412
4423,6824,88460,12,-0.22111888229846954,-2.0924415588378906,0.9720582365989685,0.24110588431358337,0.0003,4422,0.02,150.0,-9.60719412
4424,6824,88480,12,0.13361504673957825,-2.1093978881835938,0.9965797662734985,0.03491538017988205,0.0003,4423,0.02,150.0,-9.60719412
4425,6824,88500,12,1.221820592880249,-2.0138890743255615,0.9340677857398987,1.0533475875854492,0.0003,4424,0.02,150.0,-9.60719412
4426,6825,88520,12,0.6169870495796204,-2.0433707237243652,0.979529619216919,0.35519108176231384,0.0003,4425,0.02,150.0,-9.60719412
4427,6825,88540,12,-0.22574825584888458,-2.0019946098327637,0.9916688799858093,0.1049826517701149,0.0003,4426,0.02,150.0,-9.60719412
4428,6825,88560,12,0.13657402992248535,-2.0022435188293457,0.9151629209518433,0.5694769024848938,0.0003,4427,0.02,150.0,-9.60719412
4429,6825,88580,12,-0.07873251289129257,-2.0250470638275146,0.9882805347442627,0.08746697753667831,0.0003,4428,0.02,150.0,-9.60719412
4430,6825,88600,12,-0.2145744115114212,-2.0517067909240723,0.993614137172699,0.06625829637050629,0.0003,4429,0.02,150.0,-9.60719412
4431,6825,88620,12,0.494562566280365,-1.9836511611938477,0.8957784175872803,0.873848557472229,0.0003,4430,0.02,150.0,-9.60719412
4432,6825,88640,12,-0.10561434924602509,-1.9161350727081299,0.9861906170845032,0.1355125904083252,0.0003,4431,0.02,150.0,-9.60719412
4433,6825,88660,12,-0.2471311092376709,-2.0313117504119873,0.9845119118690491,0.15090639889240265,0.0003,4432,0.02,150.0,-9.60719412
4434,6826,88680,12,-0.6281758546829224,-1.9319311380386353,0.96293705701828,0.32509249448776245,0.0003,4433,0.02,150.0,-9.60719412
4435,6825,88700,12,-0.6837291717529297,-1.9110937118530273,0.9661916494369507,0.29825106263160706,0.0003,4434,0.02,150.0,-9.60719412
4436,6825,88720,12,-1.0425236225128174,-1.913995385169983,0.9325183629989624,0.4751744866371155,0.0003,4435,0.02,150.0,-9.60719412
4437,6825,88740,13,-0.2244834452867508,-1.9388988018035889,0.9558591246604919,0.08540286123752594,0.0003,4436,0.02,150.0,-9.60719412
4438,6825,88760,13,-0.2779620587825775,-1.8559719324111938,0.9647392630577087,0.06346870958805084,0.0003,4437,0.02,150.0,-9.60719412
4439,6825,88780,13,-0.27000242471694946,-1.7857029438018799,0.917243480682373,0.1033334732055664,0.0003,4438,0.02,150.0,-9.60719412
4440,6825,88800,13,-0.17330840229988098,-1.7520301342010498,0.9619072675704956,0.05238786339759827,0.0003,4439,0.02,150.0,-9.33292934
4441,6825,88820,13,-0.2436765730381012,-1.8812904357910156,0.9132382273674011,0.0589553602039814,0.0003,4440,0.02,150.0,-9.33292934
4442,6825,88840,13,-0.5593690276145935,-2.026623249053955,0.7217184901237488,0.10254044830799103,0.0003,4441,0.02,150.0,-9.33292934
4443,6825,88860,13,0.1325325071811676,-2.0438284873962402,-0.298015832901001,0.29360613226890564,0.0003,4442,0.02,150.0,-9.33292934
4444,6825,88880,13,0.00752646941691637,-2.015988349914551,0.31834304332733154,1.4130693674087524,0.0003,4443,0.02,150.0,-9.33292934
4445,6825,88900,13,-0.04672672599554062,-2.061018228530884,0.9079777002334595,0.26285526156425476,0.0003,4444,0.02,150.0,-9.33292934
4446,6825,88920,13,-0.7899360060691833,-2.072213649749756,0.8266221284866333,1.2264150381088257,0.0003,4445,0.02,150.0,-9.33292934
4447,6825,88940,13,1.2166801691055298,-2.045517683029175,0.8003485798835754,2.7407705783843994,0.0003,4446,0.02,150.0,-9.33292934
4448,6825,88960,13,-0.7820981740951538,-2.062413215637207,0.980297863483429,0.4661024212837219,0.0003,4447,0.02,150.0,-9.33292934
4449,6825,88980,13,-0.9637079238891602,-2.0936646461486816,0.9943388104438782,0.263347864151001,0.0003,4448,0.02,150.0,-9.33292934
4450,6825,89000,13,0.8126575350761414,-2.0611233711242676,0.8691291213035583,3.528836488723755,0.0003,4449,0.02,150.0,-9.33292934
4451,6825,89020,13,0.10840456187725067,-2.0317015647888184,0.955191969871521,1.2121236324310303,0.0003,4450,0.02,150.0,-9.33292934
4452,6825,89040,13,-0.25591200590133667,-2.062283992767334,0.9967731237411499,0.11040489375591278,0.0003,4451,0.02,150.0,-9.33292934
4453,6825,89060,13,0.1470855474472046,-2.1050961017608643,0.9916984438896179,0.3307337760925293,0.0003,4452,0.02,150.0,-9.33292934
4454,6825,89080,13,-0.07460164278745651,-2.046924114227295,0.9827128052711487,0.7034465074539185,0.0003,4453,0.02,150.0,-9.33292934
4455,6825,89100,13,0.48630213737487793,-2.0517024993896484,0.9860773682594299,0.6273359656333923,0.0003,4454,0.02,150.0,-9.33292934
4456,6825,89120,13,-0.25395774841308594,-1.984551191329956,0.998346209526062,0.07648958265781403,0.0003,4455,0.02,150.0,-9.33292934
4457,6825,89140,13,-0.18275877833366394,-2.0639238357543945,0.989500105381012,0.3894425332546234,0.0003,4456,0.02,150.0,-9.33292934
4458,6825,89160,13,0.9632518887519836,-1.9870332479476929,0.9628382325172424,1.2503390312194824,0.0003,4457,0.02,150.0,-9.33292934
4459,6825,89180,13,-1.0107438564300537,-2.0172624588012695,0.9924147725105286,0.3801782429218292,0.0003,4458,0.02,150.0,-9.33292934
4460,6825,89200,13,-0.29983022809028625,-1.9237476587295532,0.9934225678443909,0.1415153294801712,0.0003,4459,0.02,150.0,-9.33292934
4461,6825,89220,13,-0.35353201627731323,-1.882094144821167,0.9951590895652771,0.08559675514698029,0.0003,4460,0.02,150.0,-9.33292934
4462,6825,89240,13,-0.03387070447206497,-1.9664952754974365,0.9966816902160645,0.036153942346572876,0.0003,4461,0.02,150.0,-9.33292934
4463,6825,89260,13,-0.45726028084754944,-1.9421066045761108,0.986211359500885,0.15593814849853516,0.0003,4462,0.02,150.0,-9.33292934
4464,6825,89280,13,-0.2913356423377991,-2.0131354331970215,0.9943094849586487,0.054457150399684906,0.0003,4463,0.02,150.0,-9.33292934
4465,6825,89300,13,0.639518141746521,-1.996263861656189,0.9612547159194946,0.3979983329772949,0.0003,4464,0.02,150.0,-9.33292934
4466,6825,89320,13,-0.3623732030391693,-1.821775197982788,0.9943960905075073,0.0713978186249733,0.0003,4465,0.02,150.0,-9.33292934
4467,6825,89340,13,-0.38788700103759766,-1.825548529624939,0.9937759637832642,0.08487896621227264,0.0003,4466,0.02,150.0,-9.33292934
4468,6825,89360,13,-0.5810389518737793,-1.8847984075546265,0.958624541759491,0.26580682396888733,0.0003,4467,0.02,150.0,-9.33292934
4469,6825,89380,13,-0.2727036774158478,-1.9293121099472046,0.9874863028526306,0.05620552971959114,0.0003,4468,0.02,150.0,-9.33292934
4470,6825,89400,13,-0.23813661932945251,-1.8716886043548584,0.9916524291038513,0.038242969661951065,0.0003,4469,0.02,150.0,-9.47614794
4471,6825,89420,13,-0.297894150018692,-1.9498510360717773,0.8894152641296387,0.15272562205791473,0.0003,4470,0.02,150.0,-9.47614794
4472,6825,89440,13,0.28138548135757446,-1.9491379261016846,0.9179534912109375,0.16087040305137634,0.0003,4471,0.02,150.0,-9.47614794
4473,6825,89460,13,-0.5178988575935364,-1.9979957342147827,0.9545514583587646,0.1588018536567688,0.0003,4472,0.02,150.0,-9.47614794
4474,6825,89480,13,-1.1479334831237793,-1.9695093631744385,0.8906234502792358,0.6581376791000366,0.0003,4473,0.02,150.0,-9.47614794
4475,6824,89500,13,-0.14414441585540771,-1.9875352382659912,0.9646236896514893,0.07827173173427582,0.0003,4474,0.02,150.0,-9.47614794
4476,6824,89520,13,1.255834937095642,-1.9013493061065674,0.5113429427146912,1.9899234771728516,0.0003,4475,0.02,150.0,-9.47614794
4477,6825,89540,13,0.6493012309074402,-1.9892219305038452,-0.31480324268341064,1.545499563217163,0.0003,4476,0.02,150.0,-9.47614794
4478,6825,89560,13,0.13440415263175964,-2.0017542839050293,0.9008957743644714,0.11541984230279922,0.0003,4477,0.02,150.0,-9.47614794
4479,6825,89580,13,0.3713699281215668,-1.8518813848495483,0.7860481142997742,0.798861026763916,0.0003,4478,0.02,150.0,-9.47614794
4480,6825,89600,13,1.4915696382522583,-1.930924654006958,0.531351625919342,4.1791791915893555,0.0003,4479,0.02,150.0,-9.47614794
4481,6825,89620,13,2.53320574760437,-1.9515535831451416,0.6891525983810425,3.2217583656311035,0.0003,4480,0.02,150.0,-9.47614794
4482,6825,89640,13,0.220955491065979,-2.08662748336792,0.9614369869232178,0.29856663942337036,0.0003,4481,0.02,150.0,-9.47614794
4483,6825,89660,13,0.39063793420791626,-2.0811827182769775,0.9577311873435974,0.639699399471283,0.0003,4482,0.02,150.0,-9.47614794
4484,6825,89680,13,-0.45037561655044556,-2.062549114227295,0.9587122201919556,0.4315316677093506,0.0003,4483,0.02,150.0,-9.47614794
4485,6825,89700,13,-0.3785058856010437,-2.0692427158355713,0.983657956123352,0.18078657984733582,0.0003,4484,0.02,150.0,-9.47614794
4486,6825,89720,13,0.5295389294624329,-2.0850064754486084,0.9544310569763184,0.45625442266464233,0.0003,4485,0.02,150.0,-9.47614794
4487,6825,89740,13,2.0824134349823,-2.0659289360046387,0.9374892711639404,1.3836390972137451,0.0003,4486,0.02,150.0,-9.47614794
4488,6825,89760,13,-0.4483136236667633,-1.9430782794952393,0.9111012816429138,0.44773635268211365,0.0003,4487,0.02,150.0,-9.47614794
4489,6825,89780,13,0.5207570195198059,-2.018519639968872,0.8812674880027771,0.7410718202590942,0.0003,4488,0.02,150.0,-9.47614794
4490,6826,89800,13,0.9446108937263489,-2.040968894958496,0.7893062829971313,1.6200618743896484,0.0003,4489,0.02,150.0,-9.47614794
4491,6826,89820,13,0.19573193788528442,-2.023475170135498,0.9485527276992798,0.23622818291187286,0.0003,4490,0.02,150.0,-9.47614794
4492,6826,89840,13,-0.5924779772758484,-1.8861477375030518,0.9331221580505371,0.37666377425193787,0.0003,4491,0.02,150.0,-9.47614794
4493,6826,89860,13,-0.22095222771167755,-1.9051029682159424,0.9461818933486938,0.1773379147052765,0.0003,4492,0.02,150.0,-9.47614794
4494,6826,89880,13,-0.49926042556762695,-1.889685869216919,0.9333781003952026,0.2060430347919464,0.0003,4493,0.02,150.0,-9.47614794
4495,6826,89900,13,0.07336912304162979,-1.9570186138153076,0.8865819573402405,0.44237929582595825,0.0003,4494,0.02,150.0,-9.47614794
4496,6827,89920,13,-0.2833837866783142,-1.9434293508529663,0.9817373156547546,0.09994164109230042,0.0003,4495,0.02,150.0,-9.47614794
4497,6827,89940,13,-0.4441368579864502,-1.8614202737808228,0.9857673645019531,0.13698092103004456,0.0003,4496,0.02,150.0,-9.47614794
4498,6827,89960,13,-0.4396641254425049,-1.931719183921814,0.9856100082397461,0.10857339203357697,0.0003,4497,0.02,150.0,-9.47614794
4499,6827,89980,13,-0.26385125517845154,-1.9318126440048218,0.9752810597419739,0.06160017102956772,0.0003,4498,0.02,150.0,-9.47614794
4500,6827,90000,13,-0.24160075187683105,-1.8896621465682983,0.9808375239372253,0.050658218562603,0.0003,4499,0.02,150.0,-9.37786311
4501,6827,90020,13,-0.15464839339256287,-1.9141113758087158,0.9465170502662659,0.03733741119503975,0.0003,4500,0.02,150.0,-9.37786311
4502,6827,90040,13,-0.2315167635679245,-2.015902280807495,0.403347909450531,1.0575251579284668,0.0003,4501,0.02,150.0,-9.37786311
4503,6828,90060,13,-0.4011523723602295,-1.938066840171814,0.8343437314033508,0.6613094210624695,0.0003,4502,0.02,150.0,-9.37786311
4504,6828,90080,13,0.11878035217523575,-2.0053486824035645,0.9481475353240967,0.31493228673934937,0.0003,4503,0.02,150.0,-9.37786311
4505,6828,90100,13,-0.2810608744621277,-2.0380139350891113,0.9201591610908508,0.533430278301239,0.0003,4504,0.02,150.0,-9.37786311
4506,6828,90120,13,-0.8589639663696289,-2.0369200706481934,0.9035521745681763,0.5518440008163452,0.0003,4505,0.02,150.0,-9.37786311
4507,6828,90140,13,-0.08433246612548828,-2.052546739578247,0.940949022769928,0.160579115152359,0.0003,4506,0.02,150.0,-9.37786311
4508,6828,90160,13,0.9836432337760925,-1.9962208271026611,-0.5634598731994629,2.040153741836548,0.0003,4507,0.02,150.0,-9.37786311
4509,6828,90180,13,1.3951215744018555,-2.0218963623046875,-0.24658620357513428,2.4042916297912598,0.0003,4508,0.02,150.0,-9.37786311
4510,6829,90200,13,-0.5215152502059937,-2.070739507675171,0.9240939021110535,0.11043033748865128,0.0003,4509,0.02,150.0,-9.37786311
4511,6829,90220,13,0.43326419591903687,-2.0580689907073975,0.7515044808387756,0.5032896399497986,0.0003,4510,0.02,150.0,-9.37786311
4512,6829,90240,13,1.0740687847137451,-2.0391645431518555,0.8371390700340271,0.8989888429641724,0.0003,4511,0.02,150.0,-9.37786311
4513,6829,90260,13,0.42392292618751526,-2.0040907859802246,0.9714875221252441,0.32891273498535156,0.0003,4512,0.02,150.0,-9.37786311
4514,6829,90280,13,-0.2180657833814621,-2.10426926612854,0.9721709489822388,0.1983361393213272,0.0003,4513,0.02,150.0,-9.37786311
4515,6829,90300,13,0.08774994313716888,-2.122338056564331,0.990847647190094,0.0494547039270401,0.0003,4514,0.02,150.0,-9.37786311
4516,6829,90320,13,0.4269334673881531,-1.9469083547592163,0.7799220681190491,0.8212993741035461,0.0003,4515,0.02,150.0,-9.37786311
4517,6829,90340,13,0.8220633268356323,-1.8470195531845093,0.7670402526855469,2.1251721382141113,0.0003,4516,0.02,150.0,-9.37786311
4518,6829,90360,13,0.0012325883144512773,-1.9436146020889282,0.9771716594696045,0.10188333690166473,0.0003,4517,0.02,150.0,-9.37786311
4519,6829,90380,13,0.1898919641971588,-1.9593656063079834,0.9702506065368652,0.0992482528090477,0.0003,4518,0.02,150.0,-9.37786311
4520,6829,90400,13,-0.3483636975288391,-1.9398772716522217,0.9073502421379089,0.22391347587108612,0.0003,4519,0.02,150.0,-9.37786311
4521,6829,90420,13,0.17264355719089508,-1.9588741064071655,0.7720686197280884,0.391688734292984,0.0003,4520,0.02,150.0,-9.37786311
4522,6829,90440,13,0.12498392909765244,-1.9068857431411743,0.9292141199111938,0.17304229736328125,0.0003,4521,0.02,150.0,-9.37786311
4523,6829,90460,13,0.06681940704584122,-1.7713791131973267,0.8057111501693726,0.815817654132843,0.0003,4522,0.02,150.0,-9.37786311
4524,6829,90480,13,-0.07681456953287125,-1.764601469039917,0.9600425958633423,0.14154955744743347,0.0003,4523,0.02,150.0,-9.37786311
4525,6829,90500,13,-0.4391963481903076,-1.846704125404358,0.9143877029418945,0.3619226813316345,0.0003,4524,0.02,150.0,-9.37786311
4526,6830,90520,13,-0.27836400270462036,-1.8967100381851196,0.9556609988212585,0.182388573884964,0.0003,4525,0.02,150.0,-9.37786311
4527,6830,90540,13,0.17889845371246338,-2.031000852584839,0.7630475759506226,0.7362290620803833,0.0003,4526,0.02,150.0,-9.37786311
4528,6830,90560,13,-0.319385826587677,-2.0254807472229004,0.9604740738868713,0.11592192947864532,0.0003,4527,0.02,150.0,-9.37786311
4529,6830,90580,13,-0.5322753190994263,-1.9805608987808228,0.9843627214431763,0.09664425998926163,0.0003,4528,0.02,150.0,-9.37786311
4530,6830,90600,13,-0.26338863372802734,-1.9989019632339478,0.9417299032211304,0.08849820494651794,0.0003,4529,0.02,150.0,-9.5673233
4531,6830,90620,13,-0.3048132359981537,-1.9370505809783936,0.9125592112541199,0.12302122265100479,0.0003,4530,0.02,150.0,-9.5673233
4532,6830,90640,13,-0.9600251317024231,-2.0027883052825928,-0.10856854915618896,0.3627524971961975,0.0003,4531,0.02,150.0,-9.5673233
4533,6830,90660,13,-1.1481635570526123,-2.024420976638794,0.6232843399047852,0.46097224950790405,0.0003,4532,0.02,150.0,-9.5673233
4534,6830,90680,13,-0.8266668319702148,-2.0358333587646484,0.8166653513908386,0.37170225381851196,0.0003,4533,0.02,150.0,-9.5673233
4535,6830,90700,13,-0.45657816529273987,-2.0415127277374268,0.9747459292411804,0.07301586866378784,0.0003,4534,0.02,150.0,-9.5673233
4536,6830,90720,13,-0.059471286833286285,-2.054471492767334,0.9479380249977112,0.058805812150239944,0.0003,4535,0.02,150.0,-9.5673233
4537,6831,90740,13,-0.3215521574020386,-1.9225342273712158,-0.09389603137969971,0.509117066860199,0.0003,4536,0.02,150.0,-9.5673233
4538,6831,90760,13,1.368623971939087,-1.9200737476348877,-0.07554292678833008,2.0461249351501465,0.0003,4537,0.02,150.0,-9.5673233
4539,6831,90780,13,0.02726273611187935,-1.9450709819793701,0.6653231978416443,0.2004501074552536,0.0003,4538,0.02,150.0,-9.5673233
4540,6831,90800,13,0.6829037666320801,-1.9805991649627686,0.348834753036499,2.2172253131866455,0.0003,4539,0.02,150.0,-9.5673233
4541,6831,90820,13,-0.5615827441215515,-2.004652500152588,0.9365748763084412,0.21027342975139618,0.0003,4540,0.02,150.0,-9.5673233
4542,6831,90840,13,0.8178026080131531,-1.9879242181777954,0.4434351921081543,1.0561411380767822,0.0003,4541,0.02,150.0,-9.5673233
4543,6831,90860,13,-0.19869065284729004,-1.989141821861267,0.7182973623275757,0.3348217010498047,0.0003,4542,0.02,150.0,-9.5673233
4544,6832,90880,13,0.2935265302658081,-1.9729106426239014,0.8322829008102417,0.6904524564743042,0.0003,4543,0.02,150.0,-9.5673233
4545,6832,90900,13,0.22654417157173157,-1.9640462398529053,0.872918963432312,0.5186092257499695,0.0003,4544,0.02,150.0,-9.5673233
4546,6832,90920,13,0.04581689089536667,-2.0005462169647217,0.9846445918083191,0.05548546835780144,0.0003,4545,0.02,150.0,-9.5673233
4547,6832,90940,13,2.0997467041015625,-1.976668357849121,0.7725234031677246,3.254554033279419,0.0003,4546,0.02,150.0,-9.5673233
4548,6832,90960,13,0.8185518980026245,-2.0264315605163574,0.8363088369369507,0.622125506401062,0.0003,4547,0.02,150.0,-9.5673233
4549,6832,90980,13,0.3944769501686096,-2.028263568878174,0.9797754287719727,0.12181691825389862,0.0003,4548,0.02,150.0,-9.5673233
4550,6832,91000,13,0.09065859019756317,-2.051347017288208,0.9668183326721191,0.11083030700683594,0.0003,4549,0.02,150.0,-9.5673233
4551,6832,91020,13,0.8290691375732422,-2.1088709831237793,0.8333778381347656,1.4708828926086426,0.0003,4550,0.02,150.0,-9.5673233
4552,6831,91040,13,-0.049851369112730026,-2.0053815841674805,0.9927139282226562,0.04133561998605728,0.0003,4551,0.02,150.0,-9.5673233
4553,6831,91060,13,0.7610983848571777,-1.86856210231781,0.8509302139282227,0.8483297228813171,0.0003,4552,0.02,150.0,-9.5673233
4554,6831,91080,13,-0.009529905393719673,-1.9802179336547852,0.9931907653808594,0.03726399317383766,0.0003,4553,0.02,150.0,-9.5673233
4555,6831,91100,13,-0.026782730594277382,-1.9974063634872437,0.9933820962905884,0.032005783170461655,0.0003,4554,0.02,150.0,-9.5673233
4556,6831,91120,13,0.11427203565835953,-2.048027753829956,0.9874793887138367,0.0449385941028595,0.0003,4555,0.02,150.0,-9.5673233
4557,6831,91140,13,0.19147780537605286,-2.016491413116455,0.9724735617637634,0.09144149720668793,0.0003,4556,0.02,150.0,-9.5673233
4558,6831,91160,13,0.23323854804039001,-2.0141539573669434,0.8998703956604004,0.23468133807182312,0.0003,4557,0.02,150.0,-9.5673233
4559,6831,91180,13,-0.30760863423347473,-2.007779359817505,0.9809292554855347,0.06772315502166748,0.0003,4558,0.02,150.0,-9.5673233
4560,6831,91200,13,-0.1403081864118576,-2.0094141960144043,0.9650331139564514,0.04056750610470772,0.0003,4559,0.02,150.0,-9.839023520000001
4561,6831,91220,13,-0.3987383246421814,-2.016955614089966,0.9479237794876099,0.07294853776693344,0.0003,4560,0.02,150.0,-9.839023520000001
4562,6831,91240,13,-0.9865487217903137,-1.9356800317764282,0.8872149586677551,0.4264391362667084,0.0003,4561,0.02,150.0,-9.839023520000001
4563,6831,91260,13,0.026150453835725784,-2.0013318061828613,0.9179905652999878,0.37894949316978455,0.0003,4562,0.02,150.0,-9.839023520000001
4564,6831,91280,13,-0.9049875140190125,-1.9895038604736328,0.9548004269599915,0.7075125575065613,0.0003,4563,0.02,150.0,-9.839023520000001
4565,6832,91300,13,-0.5542753338813782,-2.0115370750427246,0.9214739799499512,0.9835247993469238,0.0003,4564,0.02,150.0,-9.839023520000001
4566,6832,91320,13,0.05812186002731323,-1.9599430561065674,0.9850443601608276,0.22051949799060822,0.0003,4565,0.02,150.0,-9.839023520000001
4567,6832,91340,13,-0.5622379779815674,-1.9958652257919312,0.9925044178962708,0.24244555830955505,0.0003,4566,0.02,150.0,-9.839023520000001
4568,6832,91360,13,-0.3993830382823944,-2.0485944747924805,0.9917138814926147,0.1956227570772171,0.0003,4567,0.02,150.0,-9.839023520000001
4569,6832,91380,13,-0.2376973181962967,-2.0381979942321777,0.9952053427696228,0.11171480268239975,0.0003,4568,0.02,150.0,-9.839023520000001
4570,6832,91400,13,0.232432559132576,-1.976924180984497,0.9849236607551575,0.33251190185546875,0.0003,4569,0.02,150.0,-9.839023520000001
4571,6832,91420,13,-0.17887432873249054,-2.0391159057617188,0.9942023754119873,0.10540209710597992,0.0003,4570,0.02,150.0,-9.839023520000001
4572,6832,91440,13,0.14215831458568573,-2.087033748626709,0.9966824054718018,0.05097329616546631,0.0003,4571,0.02,150.0,-9.839023520000001
4573,6832,91460,13,0.10332298278808594,-2.124911069869995,0.9945411682128906,0.06823524087667465,0.0003,4572,0.02,150.0,-9.839023520000001
4574,6832,91480,13,0.4483550488948822,-1.9952030181884766,0.9808996915817261,0.19667863845825195,0.0003,4573,0.02,150.0,-9.839023520000001
4575,6832,91500,13,0.9014670252799988,-2.027945041656494,0.9826167821884155,0.34444206953048706,0.0003,4574,0.02,150.0,-9.839023520000001
4576,6832,91520,13,0.41133832931518555,-2.0543854236602783,0.9533392786979675,0.5361267328262329,0.0003,4575,0.02,150.0,-9.839023520000001
4577,6832,91540,13,-0.42371368408203125,-2.111006259918213,0.9903851747512817,0.11630783975124359,0.0003,4576,0.02,150.0,-9.839023520000001
4578,6833,91560,13,0.794919490814209,-2.0585789680480957,0.5963811278343201,1.392596960067749,0.0003,4577,0.02,150.0,-9.839023520000001
4579,6833,91580,13,-0.2845572531223297,-1.9649356603622437,0.970923900604248,0.12924423813819885,0.0003,4578,0.02,150.0,-9.839023520000001
4580,6833,91600,13,-0.04135442525148392,-1.892116904258728,0.7509742975234985,0.5761995911598206,0.0003,4579,0.02,150.0,-9.839023520000001
4581,6833,91620,13,-0.48806071281433105,-1.8810644149780273,0.9599718451499939,0.16222086548805237,0.0003,4580,0.02,150.0,-9.839023520000001
4582,6833,91640,13,0.5859332084655762,-1.9465364217758179,0.5795713067054749,0.39206331968307495,0.0003,4581,0.02,150.0,-9.839023520000001
4583,6833,91660,13,-0.3392000198364258,-1.908705472946167,0.9584869742393494,0.09056262671947479,0.0003,4582,0.02,150.0,-9.839023520000001
4584,6833,91680,13,-0.3612271547317505,-1.9523506164550781,0.9683578014373779,0.07108389586210251,0.0003,4583,0.02,150.0,-9.839023520000001
4585,6834,91700,13,-0.06178994104266167,-2.022528648376465,0.875201940536499,0.06117434427142143,0.0003,4584,0.02,150.0,-9.839023520000001
4586,6834,91720,13,-0.09328607469797134,-1.9925521612167358,0.717767596244812,0.07014381885528564,0.0003,4585,0.02,150.0,-9.839023520000001
4587,6834,91740,13,1.4992033243179321,-2.0645384788513184,0.4448915719985962,2.8106703758239746,0.0003,4586,0.02,150.0,-9.839023520000001
4588,6834,91760,13,1.0483238697052002,-2.04411244392395,0.7018972635269165,1.3827669620513916,0.0003,4587,0.02,150.0,-9.839023520000001
4589,6834,91780,13,0.4957733750343323,-2.0622105598449707,0.8310638666152954,0.45145654678344727,0.0003,4588,0.02,150.0,-9.839023520000001
4590,6834,91800,13,0.29246458411216736,-2.0502357482910156,0.8950218558311462,0.3317456841468811,0.0003,4589,0.02,150.0,-9.951982380000002
4591,6835,91820,13,0.2221127450466156,-2.032470941543579,0.8820760250091553,0.3085610270500183,0.0003,4590,0.02,150.0,-9.951982380000002
4592,6835,91840,13,-0.24886426329612732,-1.9803836345672607,0.7988383173942566,0.3487952649593353,0.0003,4591,0.02,150.0,-9.951982380000002
4593,6835,91860,13,-0.11487213522195816,-1.9911695718765259,0.8930565714836121,0.5382683873176575,0.0003,4592,0.02,150.0,-9.951982380000002
4594,6835,91880,13,0.12815061211585999,-1.9503988027572632,0.9675623774528503,0.30500560998916626,0.0003,4593,0.02,150.0,-9.951982380000002
4595,6835,91900,13,-0.6642516851425171,-2.0692825317382812,0.9918437004089355,0.2015160620212555,0.0003,4594,0.02,150.0,-9.951982380000002
4596,6835,91920,13,-0.2505704462528229,-2.0896759033203125,0.9966647624969482,0.05217168480157852,0.0003,4595,0.02,150.0,-9.951982380000002
4597,6835,91940,13,-0.12491291761398315,-2.0982120037078857,0.9931965470314026,0.08995477855205536,0.0003,4596,0.02,150.0,-9.951982380000002
4598,6835,91960,13,-0.14174993336200714,-2.106125593185425,0.9950361847877502,0.07139912247657776,0.0003,4597,0.02,150.0,-9.951982380000002
4599,6835,91980,13,-0.45272859930992126,-2.0981953144073486,0.9872053861618042,0.1574150025844574,0.0003,4598,0.02,150.0,-9.951982380000002
4600,6836,92000,13,0.272271066904068,-2.088829517364502,0.9861927628517151,0.13802555203437805,0.0003,4599,0.02,150.0,-9.951982380000002
4601,6836,92020,13,-0.18651358783245087,-2.100210189819336,0.9864935278892517,0.11322854459285736,0.0003,4600,0.02,150.0,-9.951982380000002
4602,6836,92040,13,-0.21374765038490295,-2.0881800651550293,0.985075056552887,0.11154929548501968,0.0003,4601,0.02,150.0,-9.951982380000002
4603,6836,92060,13,0.9101258516311646,-2.1019062995910645,0.9030577540397644,0.5308099389076233,0.0003,4602,0.02,150.0,-9.951982380000002
4604,6836,92080,13,1.009467363357544,-2.0751798152923584,0.8918454647064209,1.3521044254302979,0.0003,4603,0.02,150.0,-9.951982380000002
4605,6836,92100,13,0.741796612739563,-2.0254721641540527,0.23945844173431396,2.6793103218078613,0.0003,4604,0.02,150.0,-9.951982380000002
4606,6837,92120,13,0.390518456697464,-2.0529518127441406,0.9416123628616333,0.26322293281555176,0.0003,4605,0.02,150.0,-9.951982380000002
4607,6837,92140,13,0.14318802952766418,-2.088303327560425,0.8801189064979553,0.4361516833305359,0.0003,4606,0.02,150.0,-9.951982380000002
4608,6837,92160,13,0.39651763439178467,-2.0232672691345215,0.852135419845581,0.9637637138366699,0.0003,4607,0.02,150.0,-9.951982380000002
4609,6837,92180,13,0.08356958627700806,-2.024719715118408,0.9533273577690125,0.27187591791152954,0.0003,4608,0.02,150.0,-9.951982380000002
4610,6837,92200,13,0.00749161234125495,-1.9943103790283203,0.9492087364196777,0.19018186628818512,0.0003,4609,0.02,150.0,-9.951982380000002
4611,6837,92220,13,-0.2084975242614746,-2.103304386138916,0.9922033548355103,0.02845456637442112,0.0003,4610,0.02,150.0,-9.951982380000002
4612,6837,92240,13,0.049288488924503326,-2.058289051055908,0.8143632411956787,0.5211765766143799,0.0003,4611,0.02,150.0,-9.951982380000002
4613,6838,92260,13,0.29292330145835876,-2.105412244796753,0.9449601769447327,0.09727060794830322,0.0003,4612,0.02,150.0,-9.951982380000002
4614,6838,92280,13,0.6404470801353455,-2.077165365219116,0.5250004529953003,0.7261471152305603,0.0003,4613,0.02,150.0,-9.951982380000002
4615,6838,92300,13,0.9445297122001648,-2.028590440750122,-0.5010842084884644,1.7086139917373657,0.0003,4614,0.02,150.0,-9.951982380000002
4616,6838,92320,13,-0.0349479503929615,-2.1301944255828857,0.8966671228408813,0.062432169914245605,0.0003,4615,0.02,150.0,-9.951982380000002
4617,6838,92340,13,0.06900162994861603,-2.1333682537078857,0.9506751894950867,0.01640266366302967,0.0003,4616,0.02,150.0,-9.951982380000002
4618,6838,92360,13,0.4407065510749817,-2.0769457817077637,-0.6230783462524414,0.34320926666259766,0.0003,4617,0.02,150.0,-9.951982380000002
4619,6839,92380,13,0.010324060916900635,-1.9567359685897827,0.7302607297897339,0.035272352397441864,0.0003,4618,0.02,150.0,-9.951982380000002
4620,6839,92400,13,0.09565559774637222,-1.98368239402771,0.5818976163864136,0.06965338438749313,0.0003,4619,0.02,150.0,-10.247254640000001
4621,6839,92420,13,0.28010451793670654,-2.0285325050354004,0.4897615909576416,0.12714488804340363,0.0003,4620,0.02,150.0,-10.247254640000001
4622,6839,92440,13,-0.07493586838245392,-1.9503834247589111,0.7780773043632507,0.11056526005268097,0.0003,4621,0.02,150.0,-10.247254640000001
4623,6839,92460,13,0.34116849303245544,-1.9745670557022095,0.38826942443847656,0.4292551875114441,0.0003,4622,0.02,150.0,-10.247254640000001
4624,6839,92480,13,0.6477116346359253,-1.9806026220321655,0.7308982014656067,0.49234429001808167,0.0003,4623,0.02,150.0,-10.247254640000001
4625,6839,92500,13,-0.12557098269462585,-1.9857829809188843,0.8944626450538635,0.12846383452415466,0.0003,4624,0.02,150.0,-10.247254640000001
4626,6839,92520,13,2.2979068756103516,-1.9556171894073486,0.6348667144775391,3.2086079120635986,0.0003,4625,0.02,150.0,-10.247254640000001
4627,6839,92540,13,0.9258729815483093,-1.841912031173706,0.3856491446495056,1.9490220546722412,0.0003,4626,0.02,150.0,-10.247254640000001
4628,6839,92560,13,0.7557162046432495,-2.0075230598449707,0.8727133870124817,0.488814115524292,0.0003,4627,0.02,150.0,-10.247254640000001
4629,6839,92580,13,0.28680935502052307,-2.0113272666931152,0.8633676171302795,0.3983728289604187,0.0003,4628,0.02,150.0,-10.247254640000001
4630,6839,92600,13,0.33586910367012024,-2.0199997425079346,0.9808813333511353,0.1270933449268341,0.0003,4629,0.02,150.0,-10.247254640000001
4631,6839,92620,13,-0.3279275894165039,-2.0696349143981934,0.9752411842346191,0.13292577862739563,0.0003,4630,0.02,150.0,-10.247254640000001
4632,6839,92640,13,0.8636617660522461,-2.018247604370117,0.7326090931892395,1.130984902381897,0.0003,4631,0.02,150.0,-10.247254640000001
4633,6839,92660,13,-0.40041136741638184,-2.0942580699920654,0.9823019504547119,0.10348017513751984,0.0003,4632,0.02,150.0,-10.247254640000001
4634,6839,92680,13,0.646997332572937,-2.0495331287384033,0.9385246634483337,0.4834619164466858,0.0003,4633,0.02,150.0,-10.247254640000001
4635,6839,92700,13,-0.02132773958146572,-2.0766897201538086,0.9704069495201111,0.18067221343517303,0.0003,4634,0.02,150.0,-10.247254640000001
4636,6839,92720,13,0.8046132326126099,-1.938833236694336,0.7681604027748108,1.2264827489852905,0.0003,4635,0.02,150.0,-10.247254640000001
4637,6839,92740,13,0.7512856721878052,-2.0506319999694824,0.8304942846298218,1.0371477603912354,0.0003,4636,0.02,150.0,-10.247254640000001
4638,6838,92760,13,-0.24045078456401825,-2.1059296131134033,0.9829106330871582,0.1349925547838211,0.0003,4637,0.02,150.0,-10.247254640000001
4639,6838,92780,13,-0.14375944435596466,-2.09702730178833,0.9560931921005249,0.2237590253353119,0.0003,4638,0.02,150.0,-10.247254640000001
4640,6838,92800,13,-0.48699456453323364,-2.072652578353882,0.9107864499092102,0.312884658575058,0.0003,4639,0.02,150.0,-10.247254640000001
4641,6838,92820,13,-0.12729740142822266,-2.0123610496520996,0.9698551297187805,0.06889239698648453,0.0003,4640,0.02,150.0,-10.247254640000001
4642,6838,92840,13,0.8557733297348022,-2.0851423740386963,0.7177653312683105,0.9297345876693726,0.0003,4641,0.02,150.0,-10.247254640000001
4643,6838,92860,13,1.0279492139816284,-2.067758083343506,0.8640881776809692,0.9147560000419617,0.0003,4642,0.02,150.0,-10.247254640000001
4644,6838,92880,13,-0.3279329240322113,-1.9186395406723022,0.8847295641899109,0.4229763150215149,0.0003,4643,0.02,150.0,-10.247254640000001
4645,6838,92900,13,0.1106741651892662,-2.0262982845306396,0.9439128041267395,0.21462145447731018,0.0003,4644,0.02,150.0,-10.247254640000001
4646,6838,92920,13,0.10235915333032608,-1.9819128513336182,0.9201513528823853,0.285079687833786,0.0003,4645,0.02,150.0,-10.247254640000001
4647,6838,92940,13,0.00538945198059082,-1.881333589553833,0.9574419260025024,0.08818512409925461,0.0003,4646,0.02,150.0,-10.247254640000001
4648,6838,92960,13,-0.3186432719230652,-1.8461921215057373,0.8437982201576233,0.22065457701683044,0.0003,4647,0.02,150.0,-10.247254640000001
4649,6838,92980,13,-0.4933415949344635,-1.943939208984375,0.7427096366882324,0.2063467800617218,0.0003,4648,0.02,150.0,-10.247254640000001
4650,6837,93000,13,-0.6726465821266174,-1.994911789894104,0.75900799036026,0.20847685635089874,0.0003,4649,0.02,150.0,-10.18456178
4651,6837,93020,13,-0.1813662350177765,-1.9100112915039062,0.9138398766517639,0.04886237531900406,0.0003,4650,0.02,150.0,-10.18456178
4652,6837,93040,13,-0.7922341227531433,-1.9900181293487549,0.6019301414489746,0.28481441736221313,0.0003,4651,0.02,150.0,-10.18456178
4653,6838,93060,13,-0.6079467535018921,-2.02653169631958,0.21338051557540894,0.19277599453926086,0.0003,4652,0.02,150.0,-10.18456178
4654,6837,93080,13,-0.1780647188425064,-2.0164921283721924,0.314919114112854,0.3146522641181946,0.0003,4653,0.02,150.0,-10.18456178
4655,6837,93100,13,0.2099798023700714,-2.0129892826080322,0.7508015632629395,0.37843409180641174,0.0003,4654,0.02,150.0,-10.18456178
4656,6837,93120,13,1.6019529104232788,-1.916123628616333,0.7650371789932251,1.5260088443756104,0.0003,4655,0.02,150.0,-10.18456178
4657,6838,93140,13,0.3120100200176239,-2.0490856170654297,0.9793896079063416,0.11869756877422333,0.0003,4656,0.02,150.0,-10.18456178
4658,6838,93160,13,0.049668390303850174,-2.103883981704712,0.976351797580719,0.0922241285443306,0.0003,4657,0.02,150.0,-10.18456178
4659,6838,93180,13,0.500688910484314,-2.021763563156128,0.9434625506401062,0.3798685669898987,0.0003,4658,0.02,150.0,-10.18456178
4660,6838,93200,13,-0.19141294062137604,-2.0203158855438232,0.8685638308525085,0.6825289726257324,0.0003,4659,0.02,150.0,-10.18456178
4661,6838,93220,13,-0.16122882068157196,-2.0917325019836426,0.958742618560791,0.17986944317817688,0.0003,4660,0.02,150.0,-10.18456178
4662,6838,93240,13,0.31982019543647766,-2.0937976837158203,0.9315860867500305,0.20863929390907288,0.0003,4661,0.02,150.0,-10.18456178
4663,6838,93260,13,0.46157655119895935,-2.0145139694213867,-0.07613587379455566,2.059816598892212,0.0003,4662,0.02,150.0,-10.18456178
4664,6838,93280,13,1.7875534296035767,-2.089110851287842,0.7451951503753662,2.6274333000183105,0.0003,4663,0.02,150.0,-10.18456178
4665,6838,93300,13,0.11213767528533936,-1.9436500072479248,0.9472419023513794,0.27847933769226074,0.0003,4664,0.02,150.0,-10.18456178
4666,6838,93320,13,-0.2397170513868332,-1.9265947341918945,0.98863685131073,0.07830315083265305,0.0003,4665,0.02,150.0,-10.18456178
4667,6839,93340,13,0.2865241467952728,-1.9513022899627686,0.9645090103149414,0.16349497437477112,0.0003,4666,0.02,150.0,-10.18456178
4668,6839,93360,13,-0.5485742092132568,-1.8875983953475952,0.741126537322998,0.6273115873336792,0.0003,4667,0.02,150.0,-10.18456178
4669,6839,93380,13,-0.42805910110473633,-2.011591672897339,0.9673371911048889,0.13795077800750732,0.0003,4668,0.02,150.0,-10.18456178
4670,6839,93400,13,-0.03721838444471359,-2.093374729156494,0.879650354385376,0.19407117366790771,0.0003,4669,0.02,150.0,-10.18456178
4671,6839,93420,13,-0.042533308267593384,-1.937098741531372,0.9729689955711365,0.04158911854028702,0.0003,4670,0.02,150.0,-10.18456178
4672,6839,93440,13,1.3179035186767578,-1.921958565711975,0.7822777032852173,1.227552056312561,0.0003,4671,0.02,150.0,-10.18456178
4673,6839,93460,13,1.3130306005477905,-1.9347143173217773,0.4470500946044922,1.4598664045333862,0.0003,4672,0.02,150.0,-10.18456178
4674,6839,93480,13,0.4590405523777008,-1.9569498300552368,0.2806628942489624,1.3344086408615112,0.0003,4673,0.02,150.0,-10.18456178
4675,6839,93500,13,0.12330259382724762,-1.952094316482544,0.9455675482749939,0.08908577263355255,0.0003,4674,0.02,150.0,-10.18456178
4676,6839,93520,13,-0.06923963129520416,-1.7604782581329346,0.8506234884262085,0.2111307680606842,0.0003,4675,0.02,150.0,-10.18456178
4677,6839,93540,13,-0.2223808765411377,-1.8570640087127686,0.9851072430610657,0.04052497074007988,0.0003,4676,0.02,150.0,-10.18456178
4678,6839,93560,13,-0.38266175985336304,-1.8852885961532593,0.9872817397117615,0.05086321383714676,0.0003,4677,0.02,150.0,-10.18456178
4679,6839,93580,13,-0.25736257433891296,-1.9082677364349365,0.9858898520469666,0.025608759373426437,0.0003,4678,0.02,150.0,-10.18456178
4680,6839,93600,13,-0.3499157428741455,-1.8951267004013062,0.8635942935943604,0.08805109560489655,0.0003,4679,0.02,150.0,-10.204919030000001
4681,6839,93620,13,-0.12126555293798447,-1.889630913734436,0.9257455468177795,0.0341004952788353,0.0003,4680,0.02,150.0,-10.204919030000001
4682,6839,93640,13,-0.4468909204006195,-1.994098424911499,0.8011564016342163,0.2905709743499756,0.0003,4681,0.02,150.0,-10.204919030000001
4683,6839,93660,13,-0.09203285723924637,-2.0403780937194824,0.8140990138053894,0.1268499195575714,0.0003,4682,0.02,150.0,-10.204919030000001
4684,6839,93680,13,0.7163815498352051,-1.9945495128631592,0.6623728275299072,0.81976717710495,0.0003,4683,0.02,150.0,-10.204919030000001
4685,6840,93700,13,0.049597930163145065,-2.020037889480591,0.7120187282562256,2.122943162918091,0.0003,4684,0.02,150.0,-10.204919030000001
4686,6840,93720,13,-0.8497313261032104,-2.072152853012085,0.9676783680915833,0.36316829919815063,0.0003,4685,0.02,150.0,-10.204919030000001
4687,6840,93740,13,0.5182732343673706,-1.9799352884292603,0.8151051998138428,2.8264472484588623,0.0003,4686,0.02,150.0,-10.204919030000001
4688,6840,93760,13,0.7645708322525024,-2.104022979736328,0.9453645348548889,1.3843637704849243,0.0003,4687,0.02,150.0,-10.204919030000001
4689,6840,93780,13,-0.08472514152526855,-1.9677938222885132,0.9438877701759338,0.7903176546096802,0.0003,4688,0.02,150.0,-10.204919030000001
4690,6840,93800,13,0.31923696398735046,-2.0893397331237793,0.8710165023803711,1.7077319622039795,0.0003,4689,0.02,150.0,-10.204919030000001
4691,6840,93820,13,-0.532096266746521,-2.0493788719177246,0.9402348399162292,0.8460351824760437,0.0003,4690,0.02,150.0,-10.204919030000001
4692,6840,93840,13,-0.5781110525131226,-2.0549607276916504,0.9855203628540039,0.2780136466026306,0.0003,4691,0.02,150.0,-10.204919030000001
4693,6840,93860,13,-0.4279150068759918,-2.0788369178771973,0.9895671010017395,0.17281173169612885,0.0003,4692,0.02,150.0,-10.204919030000001
4694,6840,93880,13,-0.027947088703513145,-2.0287747383117676,0.9772130250930786,0.24611835181713104,0.0003,4693,0.02,150.0,-10.204919030000001
4695,6840,93900,13,0.824133038520813,-2.0643577575683594,0.9419996738433838,0.8551243543624878,0.0003,4694,0.02,150.0,-10.204919030000001
4696,6840,93920,13,0.9977502822875977,-2.1110851764678955,0.9328885674476624,0.7551611661911011,0.0003,4695,0.02,150.0,-10.204919030000001
4697,6841,93940,13,-0.11823970079421997,-2.1241302490234375,0.9940500259399414,0.0655519962310791,0.0003,4696,0.02,150.0,-10.204919030000001
4698,6841,93960,13,0.3081323206424713,-2.1173617839813232,0.984428346157074,0.21609842777252197,0.0003,4697,0.02,150.0,-10.204919030000001
4699,6841,93980,13,0.9548401832580566,-1.9926364421844482,0.9379734396934509,0.8785196542739868,0.0003,4698,0.02,150.0,-10.204919030000001
4700,6841,94000,13,0.15154963731765747,-2.0896005630493164,0.9928744435310364,0.0883139818906784,0.0003,4699,0.02,150.0,-10.204919030000001
4701,6841,94020,13,0.7829910516738892,-2.0173068046569824,0.9869222640991211,0.31952518224716187,0.0003,4700,0.02,150.0,-10.204919030000001
4702,6841,94040,13,0.8098294138908386,-2.0246829986572266,0.9788964986801147,0.4345671534538269,0.0003,4701,0.02,150.0,-10.204919030000001
4703,6841,94060,13,0.5762774348258972,-1.9341131448745728,0.9663564562797546,0.49689826369285583,0.0003,4702,0.02,150.0,-10.204919030000001
4704,6842,94080,13,0.32203438878059387,-1.9505183696746826,0.9894066452980042,0.153956338763237,0.0003,4703,0.02,150.0,-10.204919030000001
4705,6842,94100,13,0.7418496012687683,-2.0110421180725098,0.9507714509963989,0.6969438791275024,0.0003,4704,0.02,150.0,-10.204919030000001
4706,6842,94120,13,0.27470606565475464,-2.055750608444214,0.9966821074485779,0.06357558071613312,0.0003,4705,0.02,150.0,-10.204919030000001
4707,6842,94140,13,1.5207006931304932,-1.996973991394043,0.9103226065635681,1.5883229970932007,0.0003,4706,0.02,150.0,-10.204919030000001
4708,6842,94160,13,0.039915651082992554,-2.032752513885498,0.997633695602417,0.03569411858916283,0.0003,4707,0.02,150.0,-10.204919030000001
4709,6842,94180,13,0.7180353403091431,-2.021665573120117,0.9675260186195374,0.5755152702331543,0.0003,4708,0.02,150.0,-10.204919030000001
4710,6842,94200,13,-0.11392311751842499,-2.0421090126037598,0.9974881410598755,0.04451910778880119,0.0003,4709,0.03,150.0,-10.014349339999999
4711,6842,94220,13,2.332040309906006,-2.041604518890381,0.8788198828697205,6.5140533447265625,0.0003,4710,0.03,150.0,-10.014349339999999
4712,6842,94240,13,-0.2487831860780716,-1.9867273569107056,0.8762444853782654,0.10460615158081055,0.0003,4711,0.03,150.0,-10.014349339999999
4713,6843,94260,13,-0.9824211001396179,-2.0065410137176514,0.7795494198799133,0.569698691368103,0.0003,4712,0.03,150.0,-10.014349339999999
4714,6843,94280,13,-1.1807819604873657,-2.0392332077026367,0.9288090467453003,0.416922003030777,0.0003,4713,0.03,150.0,-10.014349339999999
4715,6843,94300,13,-0.008103775791823864,-2.0331950187683105,0.931489884853363,0.1738308221101761,0.0003,4714,0.03,150.0,-10.014349339999999
4716,6843,94320,13,-1.2928131818771362,-2.030094861984253,0.9653777480125427,0.37008416652679443,0.0003,4715,0.03,150.0,-10.014349339999999
4717,6843,94340,13,0.48328620195388794,-1.9072895050048828,0.7648253440856934,1.3408184051513672,0.0003,4716,0.03,150.0,-10.014349339999999
4718,6843,94360,13,0.1721927523612976,-1.9965124130249023,0.9062949419021606,0.42621883749961853,0.0003,4717,0.03,150.0,-10.014349339999999
4719,6843,94380,13,-1.455749273300171,-2.0528666973114014,0.9624704718589783,0.6672875285148621,0.0003,4718,0.03,150.0,-10.014349339999999
4720,6843,94400,13,-0.8447114825248718,-2.0845038890838623,0.9800723195075989,0.24973616003990173,0.0003,4719,0.03,150.0,-10.014349339999999
4721,6843,94420,13,0.6407528519630432,-2.055083751678467,0.8729262351989746,0.8083034753799438,0.0003,4720,0.03,150.0,-10.014349339999999
4722,6843,94440,13,-0.5238538384437561,-2.01662540435791,0.9805271625518799,0.17045214772224426,0.0003,4721,0.03,150.0,-10.014349339999999
4723,6843,94460,13,-0.4025937020778656,-2.0357730388641357,0.9631879329681396,0.20806124806404114,0.0003,4722,0.03,150.0,-10.014349339999999
4724,6843,94480,13,-0.2079581767320633,-2.0541577339172363,0.9044920802116394,0.4859446883201599,0.0003,4723,0.03,150.0,-10.014349339999999
4725,6843,94500,13,-0.23663076758384705,-2.0269408226013184,0.9263513088226318,0.44445711374282837,0.0003,4724,0.03,150.0,-10.014349339999999
4726,6843,94520,13,0.4757523536682129,-2.0869975090026855,0.7148409485816956,1.2323700189590454,0.0003,4725,0.03,150.0,-10.014349339999999
4727,6844,94540,13,0.5071220993995667,-2.095478057861328,0.9478776454925537,0.30792900919914246,0.0003,4726,0.03,150.0,-10.014349339999999
4728,6844,94560,13,0.5383352041244507,-2.085620164871216,0.6596951484680176,1.7462313175201416,0.0003,4727,0.03,150.0,-10.014349339999999
4729,6844,94580,13,0.3047849237918854,-2.024914503097534,0.9790497422218323,0.13618203997612,0.0003,4728,0.03,150.0,-10.014349339999999
4730,6844,94600,13,1.378753423690796,-2.000152111053467,0.5598546266555786,1.5301167964935303,0.0003,4729,0.03,150.0,-10.014349339999999
4731,6844,94620,13,-0.025300001725554466,-2.029130220413208,0.9258224368095398,0.16862936317920685,0.0003,4730,0.03,150.0,-10.014349339999999
4732,6844,94640,13,1.0519797801971436,-1.883350133895874,0.2605060935020447,1.6633754968643188,0.0003,4731,0.03,150.0,-10.014349339999999
4733,6844,94660,13,-0.19601187109947205,-1.8053659200668335,0.5445308685302734,0.42880862951278687,0.0003,4732,0.03,150.0,-10.014349339999999
4734,6844,94680,13,-0.35499441623687744,-1.829327940940857,0.8846290111541748,0.16292044520378113,0.0003,4733,0.03,150.0,-10.014349339999999
4735,6844,94700,13,0.29591259360313416,-1.7884018421173096,0.195686936378479,0.7875088453292847,0.0003,4734,0.03,150.0,-10.014349339999999
4736,6845,94720,13,-0.4659711420536041,-1.7431061267852783,0.8582826852798462,0.18125119805335999,0.0003,4735,0.03,150.0,-10.014349339999999
4737,6845,94740,13,-0.37325161695480347,-1.7701702117919922,0.8194443583488464,0.21691663563251495,0.0003,4736,0.03,150.0,-10.014349339999999
4738,6845,94760,13,-0.24765780568122864,-1.8768154382705688,0.7474728226661682,0.18749691545963287,0.0003,4737,0.03,150.0,-10.014349339999999
4739,6845,94780,13,-0.3279857635498047,-1.8611522912979126,0.754818856716156,0.19197209179401398,0.0003,4738,0.03,150.0,-10.014349339999999
4740,6845,94800,13,-0.11399026215076447,-1.8463890552520752,0.5400674343109131,0.2615949511528015,0.0003,4739,0.02,150.0,-10.399938810000002
4741,6845,94820,13,0.05253027006983757,-1.9986289739608765,0.3173583745956421,1.0580456256866455,0.0003,4740,0.02,150.0,-10.399938810000002
4742,6845,94840,13,0.17504170536994934,-1.9382140636444092,0.726230263710022,0.9523299932479858,0.0003,4741,0.02,150.0,-10.399938810000002
4743,6845,94860,13,-0.9922716021537781,-1.9591968059539795,0.9361064434051514,0.5174850225448608,0.0003,4742,0.02,150.0,-10.399938810000002
4744,6845,94880,13,-0.9858806729316711,-1.9577707052230835,0.9603880643844604,0.43535298109054565,0.0003,4743,0.02,150.0,-10.399938810000002
4745,6845,94900,13,-0.049581654369831085,-1.8296902179718018,0.8518314361572266,0.6617764234542847,0.0003,4744,0.02,150.0,-10.399938810000002
4746,6845,94920,13,0.04120869189500809,-1.9770724773406982,0.9514097571372986,0.2907416820526123,0.0003,4745,0.02,150.0,-10.399938810000002
4747,6846,94940,13,-0.6984385251998901,-1.7507820129394531,0.8835518956184387,0.5234555006027222,0.0003,4746,0.02,150.0,-10.399938810000002
4748,6846,94960,13,0.36888259649276733,-1.8920437097549438,0.8045470714569092,0.5564818978309631,0.0003,4747,0.02,150.0,-10.399938810000002
4749,6846,94980,13,0.9095112681388855,-1.8901370763778687,0.9055519700050354,0.9251090288162231,0.0003,4748,0.02,150.0,-10.399938810000002
4750,6846,95000,13,0.19745825231075287,-1.8853111267089844,0.9765877723693848,0.15457437932491302,0.0003,4749,0.02,150.0,-10.399938810000002
4751,6846,95020,13,-0.440307080745697,-2.0093607902526855,0.9806740880012512,0.19141735136508942,0.0003,4750,0.02,150.0,-10.399938810000002
4752,6846,95040,13,-0.5418766736984253,-2.038935899734497,0.9577805995941162,0.32793503999710083,0.0003,4751,0.02,150.0,-10.399938810000002
4753,6846,95060,13,-0.8802922368049622,-2.108193874359131,0.9570087194442749,0.31612300872802734,0.0003,4752,0.02,150.0,-10.399938810000002
4754,6847,95080,13,-0.2041056603193283,-2.111353635787964,0.8629360198974609,0.2378956824541092,0.0003,4753,0.02,150.0,-10.399938810000002
4755,6847,95100,13,-0.5023703575134277,-2.1042704582214355,0.9277188777923584,0.13910892605781555,0.0003,4754,0.02,150.0,-10.399938810000002
4756,6847,95120,13,-0.11374220997095108,-2.1063621044158936,0.869245171546936,0.10175018012523651,0.0003,4755,0.02,150.0,-10.399938810000002
4757,6847,95140,13,0.4878920614719391,-2.021210193634033,0.6413612365722656,0.8499996066093445,0.0003,4756,0.02,150.0,-10.399938810000002
4758,6847,95160,13,-0.3258780837059021,-1.991615653038025,0.943942129611969,0.11364911496639252,0.0003,4757,0.02,150.0,-10.399938810000002
4759,6846,95180,13,-0.2341567575931549,-2.0653562545776367,0.726223349571228,0.18218304216861725,0.0003,4758,0.02,150.0,-10.399938810000002
4760,6846,95200,13,0.1433170735836029,-1.9474942684173584,0.644863486289978,0.44442063570022583,0.0003,4759,0.02,150.0,-10.399938810000002
4761,6846,95220,13,-0.13505475223064423,-1.8034379482269287,0.9604998826980591,0.020455891266465187,0.0003,4760,0.02,150.0,-10.399938810000002
4762,6846,95240,13,0.7025297284126282,-1.7629998922348022,0.4369358420372009,0.8939851522445679,0.0003,4761,0.02,150.0,-10.399938810000002
4763,6846,95260,13,2.286442518234253,-1.6754438877105713,0.36534398794174194,2.9910178184509277,0.0003,4762,0.02,150.0,-10.399938810000002
4764,6846,95280,13,0.25365376472473145,-1.688799262046814,0.519742488861084,0.48580408096313477,0.0003,4763,0.02,150.0,-10.399938810000002
4765,6846,95300,13,-0.6323901414871216,-1.7594397068023682,0.778683066368103,0.14176246523857117,0.0003,4764,0.02,150.0,-10.399938810000002
4766,6846,95320,13,-0.37962040305137634,-1.6895363330841064,0.7654709219932556,0.08147424459457397,0.0003,4765,0.02,150.0,-10.399938810000002
4767,6845,95340,13,-0.33428841829299927,-1.8214000463485718,0.14296764135360718,0.26785239577293396,0.0003,4766,0.02,150.0,-10.399938810000002
4768,6845,95360,13,-0.3947100043296814,-1.9569785594940186,0.5723092555999756,0.0960620790719986,0.0003,4767,0.02,150.0,-10.399938810000002
4769,6845,95380,13,-0.33908611536026,-2.0147430896759033,0.5266329050064087,0.05348356440663338,0.0003,4768,0.02,150.0,-10.399938810000002
4770,6845,95400,13,-0.5192988514900208,-2.008157253265381,0.07756030559539795,0.09325477480888367,0.0003,4769,0.02,150.0,-10.48933712
4771,6845,95420,13,-0.5720205307006836,-2.03283953666687,-0.1438812017440796,0.10349935293197632,0.0003,4770,0.02,150.0,-10.48933712
4772,6845,95440,13,0.7248610854148865,-1.9355862140655518,0.6245229244232178,0.24499769508838654,0.0003,4771,0.02,150.0,-10.48933712
4773,6845,95460,13,0.13478906452655792,-1.9715461730957031,0.7433991432189941,0.2891479432582855,0.0003,4772,0.02,150.0,-10.48933712
4774,6845,95480,13,-0.3158038258552551,-2.008819580078125,0.9092797040939331,0.2342432737350464,0.0003,4773,0.02,150.0,-10.48933712
4775,6845,95500,13,-0.09009410440921783,-1.9292595386505127,0.9918799996376038,0.02820611372590065,0.0003,4774,0.02,150.0,-10.48933712
4776,6845,95520,13,-0.6594379544258118,-2.0027992725372314,0.9636347889900208,0.33722272515296936,0.0003,4775,0.02,150.0,-10.48933712
4777,6845,95540,13,-0.014938008971512318,-2.0352630615234375,0.9725505709648132,0.12138964235782623,0.0003,4776,0.02,150.0,-10.48933712
4778,6845,95560,13,-0.4712027609348297,-2.0614681243896484,0.9727790951728821,0.2191423922777176,0.0003,4777,0.02,150.0,-10.48933712
4779,6846,95580,13,0.49487560987472534,-1.96219801902771,0.6911407709121704,1.7129240036010742,0.0003,4778,0.02,150.0,-10.48933712
4780,6846,95600,13,-0.5863195657730103,-1.8154611587524414,0.820400059223175,0.5482037663459778,0.0003,4779,0.02,150.0,-10.48933712
4781,6846,95620,13,-0.09477158635854721,-2.034886598587036,0.9373022317886353,0.13728615641593933,0.0003,4780,0.02,150.0,-10.48933712
4782,6846,95640,13,-0.3745385706424713,-2.0799400806427,0.9533404111862183,0.09167780727148056,0.0003,4781,0.02,150.0,-10.48933712
4783,6846,95660,13,0.5073375701904297,-1.9593961238861084,0.8565483689308167,0.47502392530441284,0.0003,4782,0.02,150.0,-10.48933712
4784,6846,95680,13,0.5404788255691528,-2.080504894256592,0.9268611669540405,0.23811832070350647,0.0003,4783,0.02,150.0,-10.48933712
4785,6846,95700,13,0.12591879069805145,-2.109504461288452,0.8479332327842712,0.16976550221443176,0.0003,4784,0.02,150.0,-10.48933712
4786,6846,95720,13,1.0777982473373413,-2.123988389968872,0.5717857480049133,1.2113282680511475,0.0003,4785,0.02,150.0,-10.48933712
4787,6847,95740,13,0.6033514738082886,-2.017474412918091,0.8643265962600708,0.2980712950229645,0.0003,4786,0.02,150.0,-10.48933712
4788,6847,95760,13,1.453277349472046,-1.9470723867416382,0.5499696135520935,2.9014899730682373,0.0003,4787,0.02,150.0,-10.48933712
4789,6847,95780,13,0.12132664024829865,-2.031888484954834,0.9446827173233032,0.10495962202548981,0.0003,4788,0.02,150.0,-10.48933712
4790,6847,95800,13,0.16417184472084045,-2.03845477104187,0.9792572855949402,0.03921741247177124,0.0003,4789,0.02,150.0,-10.48933712
4791,6847,95820,13,0.10607709735631943,-2.0744376182556152,0.9707225561141968,0.03391823172569275,0.0003,4790,0.02,150.0,-10.48933712
4792,6847,95840,13,-0.012722251936793327,-1.9100290536880493,0.9574818015098572,0.04161357134580612,0.0003,4791,0.02,150.0,-10.48933712
4793,6847,95860,13,0.5362986326217651,-1.8767162561416626,0.8739403486251831,0.1986728459596634,0.0003,4792,0.02,150.0,-10.48933712
4794,6847,95880,14,-0.44302377104759216,-1.8340990543365479,0.8571337461471558,0.14841653406620026,0.0003,4793,0.02,150.0,-10.48933712
4795,6847,95900,14,0.024987731128931046,-2.01879620552063,0.9551677107810974,0.017066026106476784,0.0003,4794,0.02,150.0,-10.48933712
4796,6847,95920,14,-0.16797897219657898,-1.988551378250122,0.8503590822219849,0.10987671464681625,0.0003,4795,0.02,150.0,-10.48933712
4797,6847,95940,14,-0.24826841056346893,-1.935605764389038,0.9777051210403442,0.026006925851106644,0.0003,4796,0.02,150.0,-10.48933712
4798,6847,95960,14,-0.4198119640350342,-1.8606843948364258,0.9668044447898865,0.057455819100141525,0.0003,4797,0.02,150.0,-10.48933712
4799,6847,95980,14,-0.2673189640045166,-1.8571453094482422,0.9050632119178772,0.059803307056427,0.0003,4798,0.02,150.0,-10.48933712
4800,6847,96000,14,-0.40475741028785706,-1.9317528009414673,0.8136138916015625,0.12772855162620544,0.0003,4799,0.02,150.0,-10.75584242
4801,6847,96020,14,-0.33305448293685913,-1.9394824504852295,0.7769628763198853,0.11687576770782471,0.0003,4800,0.02,150.0,-10.75584242
4802,6847,96040,14,0.5460291504859924,-1.9433387517929077,0.46492910385131836,0.5206855535507202,0.0003,4801,0.02,150.0,-10.75584242
4803,6847,96060,14,0.23070141673088074,-1.999607801437378,0.7415516376495361,0.41047796607017517,0.0003,4802,0.02,150.0,-10.75584242
4804,6847,96080,14,0.3036259710788727,-1.9423036575317383,0.7092394828796387,0.5094195008277893,0.0003,4803,0.02,150.0,-10.75584242
4805,6846,96100,14,-0.6591922640800476,-1.9707008600234985,0.9113290309906006,0.2621033191680908,0.0003,4804,0.02,150.0,-10.75584242
4806,6846,96120,14,-0.687457263469696,-1.9222757816314697,0.9293051958084106,0.3596149981021881,0.0003,4805,0.02,150.0,-10.75584242
4807,6846,96140,14,0.007873689755797386,-1.9361317157745361,0.8893023729324341,0.30931806564331055,0.0003,4806,0.02,150.0,-10.75584242
4808,6845,96160,14,-0.3543884754180908,-2.0706608295440674,0.9552711248397827,0.17069017887115479,0.0003,4807,0.02,150.0,-10.75584242
4809,6845,96180,14,-0.1407437026500702,-2.042619228363037,0.9829260110855103,0.06548336148262024,0.0003,4808,0.02,150.0,-10.75584242
4810,6845,96200,14,0.029993021860718727,-2.1008191108703613,0.9644665718078613,0.10988335311412811,0.0003,4809,0.02,150.0,-10.75584242
4811,6845,96220,14,0.6405395865440369,-2.079802989959717,0.9541915059089661,0.28146839141845703,0.0003,4810,0.02,150.0,-10.75584242
4812,6845,96240,14,0.2558574080467224,-1.9463622570037842,0.922249436378479,0.9095234870910645,0.0003,4811,0.02,150.0,-10.75584242
4813,6844,96260,14,-0.4365122318267822,-2.0770835876464844,0.9971593022346497,0.06325770914554596,0.0003,4812,0.02,150.0,-10.75584242
4814,6844,96280,14,-0.37942346930503845,-2.0304019451141357,0.9924197793006897,0.090291328728199,0.0003,4813,0.02,150.0,-10.75584242
4815,6844,96300,14,0.38767385482788086,-2.051502227783203,0.8479586243629456,1.0293338298797607,0.0003,4814,0.02,150.0,-10.75584242
4816,6843,96320,14,0.9346423149108887,-2.0152716636657715,0.6341105699539185,1.9170780181884766,0.0003,4815,0.02,150.0,-10.75584242
4817,6842,96340,14,0.5553203225135803,-2.0524401664733887,0.7138658761978149,1.9771980047225952,0.0003,4816,0.02,150.0,-10.75584242
4818,6842,96360,14,-0.3051397502422333,-2.1089491844177246,0.9479122161865234,0.26642510294914246,0.0003,4817,0.02,150.0,-10.75584242
4819,6839,96380,14,-0.415036678314209,-2.02679443359375,0.9836971163749695,0.13888804614543915,0.0003,4818,0.02,150.0,-10.75584242
4820,6839,96400,14,1.0126936435699463,-2.0053505897521973,0.7798585891723633,1.0252076387405396,0.0003,4819,0.02,150.0,-10.75584242
4821,6839,96420,14,0.1390928477048874,-2.072958469390869,0.9105899930000305,0.3110755383968353,0.0003,4820,0.02,150.0,-10.75584242
4822,6838,96440,14,0.4800127446651459,-2.0860095024108887,0.7991360425949097,0.7608773112297058,0.0003,4821,0.02,150.0,-10.75584242
4823,6838,96460,14,-0.23897914588451385,-2.030022382736206,0.9834043979644775,0.07766518741846085,0.0003,4822,0.02,150.0,-10.75584242
4824,6838,96480,14,0.2929025888442993,-1.9204562902450562,0.8225835561752319,0.5209738612174988,0.0003,4823,0.02,150.0,-10.75584242
4825,6838,96500,14,-0.22631964087486267,-2.006998300552368,0.9526331424713135,0.12918955087661743,0.0003,4824,0.02,150.0,-10.75584242
4826,6837,96520,14,-0.3028342127799988,-2.0157978534698486,0.9756871461868286,0.0782528892159462,0.0003,4825,0.02,150.0,-10.75584242
4827,6837,96540,14,-0.1108519583940506,-2.0203378200531006,0.9170069098472595,0.2051832675933838,0.0003,4826,0.02,150.0,-10.75584242
4828,6837,96560,14,-0.4990615248680115,-1.9913451671600342,0.961105465888977,0.1384296715259552,0.0003,4827,0.02,150.0,-10.75584242
4829,6837,96580,14,-0.669660210609436,-2.023508071899414,0.9435020685195923,0.1608850657939911,0.0003,4828,0.02,150.0,-10.75584242
4830,6837,96600,14,-0.5157665610313416,-2.0213088989257812,0.9339743852615356,0.08535081893205643,0.0003,4829,0.02,150.0,-11.017168110000002
4831,6837,96620,14,-0.30794551968574524,-2.019204616546631,0.9217818975448608,0.056465089321136475,0.0003,4830,0.02,150.0,-11.017168110000002
4832,6837,96640,14,0.44065943360328674,-1.9592748880386353,0.9239916205406189,0.1096186414361,0.0003,4831,0.02,150.0,-11.017168110000002
4833,6837,96660,14,0.6130642890930176,-2.0134613513946533,-0.1313875913619995,0.46735650300979614,0.0003,4832,0.02,150.0,-11.017168110000002
4834,6837,96680,14,-0.5978581309318542,-2.0246078968048096,0.8674312829971313,0.13225382566452026,0.0003,4833,0.02,150.0,-11.017168110000002
4835,6837,96700,14,-0.12224967777729034,-2.0492749214172363,0.04775965213775635,0.5061307549476624,0.0003,4834,0.02,150.0,-11.017168110000002
4836,6837,96720,14,0.6089658141136169,-2.043658494949341,0.6685117483139038,1.027418613433838,0.0003,4835,0.02,150.0,-11.017168110000002
4837,6837,96740,14,0.1376938372850418,-2.0738463401794434,0.7792508602142334,0.9074908494949341,0.0003,4836,0.02,150.0,-11.017168110000002
4838,6837,96760,14,-0.05867967754602432,-2.0898571014404297,0.9248316884040833,0.6133278608322144,0.0003,4837,0.02,150.0,-11.017168110000002
4839,6837,96780,14,-0.3137284219264984,-2.136937141418457,0.9943622350692749,0.0859750285744667,0.0003,4838,0.02,150.0,-11.017168110000002
4840,6837,96800,14,0.223362535238266,-2.142472267150879,0.9926784634590149,0.09483692795038223,0.0003,4839,0.02,150.0,-11.017168110000002
4841,6837,96820,14,-0.3995528519153595,-2.1501286029815674,0.9909300804138184,0.16832254827022552,0.0003,4840,0.02,150.0,-11.017168110000002
4842,6837,96840,14,0.01348608173429966,-2.1490845680236816,0.9965934157371521,0.05703864246606827,0.0003,4841,0.02,150.0,-11.017168110000002
4843,6837,96860,14,0.23418912291526794,-2.079258441925049,0.9777321815490723,0.506428062915802,0.0003,4842,0.02,150.0,-11.017168110000002
4844,6837,96880,14,0.6522718071937561,-2.0909667015075684,0.9396346211433411,1.4307069778442383,0.0003,4843,0.02,150.0,-11.017168110000002
4845,6837,96900,14,-0.46216994524002075,-2.0925655364990234,0.9855603575706482,0.37702253460884094,0.0003,4844,0.02,150.0,-11.017168110000002
4846,6837,96920,14,0.4132724702358246,-2.1104884147644043,0.9947724342346191,0.17023363709449768,0.0003,4845,0.02,150.0,-11.017168110000002
4847,6837,96940,14,-0.393721342086792,-2.108888626098633,0.9976482391357422,0.10140504688024521,0.0003,4846,0.02,150.0,-11.017168110000002
4848,6837,96960,14,0.5115129351615906,-2.0758042335510254,0.9626249670982361,1.2782456874847412,0.0003,4847,0.02,150.0,-11.017168110000002
4849,6837,96980,14,0.43809375166893005,-2.0150516033172607,0.9741220474243164,0.9034566879272461,0.0003,4848,0.02,150.0,-11.017168110000002
4850,6837,97000,14,0.8265742063522339,-1.9883731603622437,0.9806652069091797,0.7631694078445435,0.0003,4849,0.02,150.0,-11.017168110000002
4851,6838,97020,14,-0.589574933052063,-2.0834293365478516,0.9937841892242432,0.31560957431793213,0.0003,4850,0.02,150.0,-11.017168110000002
4852,6838,97040,14,-0.4363652169704437,-2.093245267868042,0.9967617392539978,0.17565760016441345,0.0003,4851,0.02,150.0,-11.017168110000002
4853,6838,97060,14,-0.3238948583602905,-2.050928831100464,0.9978053569793701,0.12630528211593628,0.0003,4852,0.02,150.0,-11.017168110000002
4854,6838,97080,14,-0.1887739896774292,-2.063347101211548,0.9994990229606628,0.03091648779809475,0.0003,4853,0.02,150.0,-11.017168110000002
4855,6838,97100,14,-0.11410611867904663,-2.0890114307403564,0.9991402626037598,0.039754707366228104,0.0003,4854,0.02,150.0,-11.017168110000002
4856,6838,97120,14,0.5206996202468872,-2.074558734893799,0.9837567806243896,0.7712714076042175,0.0003,4855,0.02,150.0,-11.017168110000002
4857,6838,97140,14,0.4711938798427582,-2.0586047172546387,0.9614691734313965,1.52201247215271,0.0003,4856,0.02,150.0,-11.017168110000002
4858,6839,97160,14,-0.07431193441152573,-2.06274151802063,0.9976913332939148,0.07670596987009048,0.0003,4857,0.02,150.0,-11.017168110000002
4859,6839,97180,14,0.2032201737165451,-2.0509629249572754,0.9961792826652527,0.12469933182001114,0.0003,4858,0.02,150.0,-11.017168110000002
4860,6839,97200,14,-0.04106748104095459,-2.0357108116149902,0.9983211159706116,0.05514616519212723,0.0003,4859,0.03,150.0,-10.846612740000001
4861,6839,97220,14,2.659071207046509,-2.0024821758270264,0.9394177794456482,5.399656295776367,0.0003,4860,0.03,150.0,-10.846612740000001
4862,6839,97240,14,0.42868489027023315,-1.9580848217010498,-0.16965806484222412,0.5428951382637024,0.0003,4861,0.03,150.0,-10.846612740000001
4863,6839,97260,14,-1.9652273654937744,-1.9737364053726196,0.5685408711433411,1.9342784881591797,0.0003,4862,0.03,150.0,-10.846612740000001
4864,6839,97280,14,-1.547845721244812,-2.0270895957946777,0.9265871644020081,0.847892165184021,0.0003,4863,0.03,150.0,-10.846612740000001
4865,6839,97300,14,-0.44389548897743225,-1.9960014820098877,0.9031785130500793,0.6670040488243103,0.0003,4864,0.03,150.0,-10.846612740000001
4866,6840,97320,14,-0.9387506246566772,-2.0477454662323,0.9375672340393066,0.4704585075378418,0.0003,4865,0.03,150.0,-10.846612740000001
4867,6840,97340,14,-0.169976145029068,-2.046887159347534,0.9755892753601074,0.15467223525047302,0.0003,4866,0.03,150.0,-10.846612740000001
4868,6840,97360,14,-0.5436232089996338,-2.0594642162323,0.9810652732849121,0.18823972344398499,0.0003,4867,0.03,150.0,-10.846612740000001
4869,6840,97380,14,1.3188282251358032,-1.9829641580581665,0.8817235827445984,1.3701070547103882,0.0003,4868,0.03,150.0,-10.846612740000001
4870,6839,97400,14,-0.736388623714447,-2.0127224922180176,0.8778729438781738,0.6979202628135681,0.0003,4869,0.03,150.0,-10.846612740000001
4871,6839,97420,14,0.5909056067466736,-1.9574306011199951,0.8987420797348022,0.9365183711051941,0.0003,4870,0.03,150.0,-10.846612740000001
4872,6839,97440,14,-0.26436272263526917,-1.9014081954956055,0.9811829328536987,0.14879491925239563,0.0003,4871,0.03,150.0,-10.846612740000001
4873,6839,97460,14,0.006807458586990833,-2.0412392616271973,0.9573495388031006,0.1756523847579956,0.0003,4872,0.03,150.0,-10.846612740000001
4874,6840,97480,14,-0.21362844109535217,-2.076645612716675,0.9805715084075928,0.057373303920030594,0.0003,4873,0.03,150.0,-10.846612740000001
4875,6840,97500,14,0.6165434122085571,-2.1015729904174805,0.5309751033782959,1.2436599731445312,0.0003,4874,0.03,150.0,-10.846612740000001
4876,6840,97520,14,0.4555709958076477,-2.0440399646759033,0.801909327507019,0.6068782210350037,0.0003,4875,0.03,150.0,-10.846612740000001
4877,6840,97540,14,2.306737184524536,-1.9932969808578491,0.5102293491363525,4.069808483123779,0.0003,4876,0.03,150.0,-10.846612740000001
4878,6840,97560,14,1.9976348876953125,-1.9836925268173218,0.7915289998054504,2.7180302143096924,0.0003,4877,0.03,150.0,-10.846612740000001
4879,6840,97580,14,0.2230585515499115,-1.9860986471176147,0.9085564017295837,0.4522014558315277,0.0003,4878,0.03,150.0,-10.846612740000001
4880,6840,97600,14,0.8393286466598511,-1.9923121929168701,0.9327357411384583,0.49609723687171936,0.0003,4879,0.03,150.0,-10.846612740000001
4881,6840,97620,14,0.1615297496318817,-1.8839666843414307,0.8572906255722046,0.5859192609786987,0.0003,4880,0.03,150.0,-10.846612740000001
4882,6840,97640,14,-0.5050874948501587,-1.8656336069107056,0.9531735181808472,0.25233665108680725,0.0003,4881,0.03,150.0,-10.846612740000001
4883,6840,97660,14,0.6081520318984985,-1.8822166919708252,0.3432997465133667,1.237288475036621,0.0003,4882,0.03,150.0,-10.846612740000001
4884,6840,97680,14,0.3349694609642029,-1.9334636926651,-1.214681625366211,1.3694268465042114,0.0003,4883,0.03,150.0,-10.846612740000001
4885,6840,97700,14,0.07503373920917511,-1.9624181985855103,0.6059412956237793,0.8617712259292603,0.0003,4884,0.03,150.0,-10.846612740000001
4886,6840,97720,14,-0.4027426242828369,-1.9893207550048828,0.8952643275260925,0.14492836594581604,0.0003,4885,0.03,150.0,-10.846612740000001
4887,6840,97740,14,0.7666431665420532,-1.9920051097869873,0.5149732232093811,1.8094236850738525,0.0003,4886,0.03,150.0,-10.846612740000001
4888,6840,97760,14,-0.36931905150413513,-2.049443006515503,0.9633702635765076,0.05823880434036255,0.0003,4887,0.03,150.0,-10.846612740000001
4889,6840,97780,14,-0.6029875874519348,-2.0448660850524902,0.9011431932449341,0.11635007709264755,0.0003,4888,0.03,150.0,-10.846612740000001
4890,6840,97800,14,-0.4009905755519867,-2.0441462993621826,0.7498471736907959,0.08313503861427307,0.0003,4889,0.02,150.0,-11.070714830000002
4891,6840,97820,14,-0.12977521121501923,-2.101435899734497,0.7262533903121948,0.033655934035778046,0.0003,4890,0.02,150.0,-11.070714830000002
4892,6840,97840,14,0.20574894547462463,-1.9838695526123047,0.9090943336486816,0.20487730205059052,0.0003,4891,0.02,150.0,-11.070714830000002
4893,6840,97860,14,-0.46025943756103516,-1.9846147298812866,0.831178605556488,0.3932875394821167,0.0003,4892,0.02,150.0,-11.070714830000002
4894,6840,97880,14,-0.8390794992446899,-2.0494234561920166,0.9349892139434814,0.26658451557159424,0.0003,4893,0.02,150.0,-11.070714830000002
4895,6840,97900,14,-0.1875917613506317,-2.06095814704895,0.9600208401679993,0.08553894609212875,0.0003,4894,0.02,150.0,-11.070714830000002
4896,6841,97920,14,-0.0009568094974383712,-2.046947956085205,0.8996142745018005,0.2443883717060089,0.0003,4895,0.02,150.0,-11.070714830000002
4897,6841,97940,14,0.130539208650589,-2.049098014831543,0.9731303453445435,0.06534025818109512,0.0003,4896,0.02,150.0,-11.070714830000002
4898,6841,97960,14,0.4454818665981293,-2.01922607421875,0.037014663219451904,0.7566532492637634,0.0003,4897,0.02,150.0,-11.070714830000002
4899,6841,97980,14,2.7556259632110596,-1.915540337562561,0.045534372329711914,5.187224864959717,0.0003,4898,0.02,150.0,-11.070714830000002
4900,6841,98000,14,0.8520598411560059,-1.9903663396835327,0.8408598899841309,1.6640260219573975,0.0003,4899,0.02,150.0,-11.070714830000002
4901,6841,98020,14,1.5230236053466797,-1.9164072275161743,0.9481781125068665,0.9307600855827332,0.0003,4900,0.02,150.0,-11.070714830000002
4902,6841,98040,14,3.131991147994995,-1.911981225013733,0.6601352691650391,6.3147478103637695,0.0003,4901,0.02,150.0,-11.070714830000002
4903,6841,98060,14,-0.5798881649971008,-2.0120348930358887,0.9308910965919495,0.7496435046195984,0.0003,4902,0.02,150.0,-11.070714830000002
4904,6841,98080,14,-0.04653199389576912,-2.0434107780456543,0.9893567562103271,0.11549872159957886,0.0003,4903,0.02,150.0,-11.070714830000002
4905,6841,98100,14,-0.8391305804252625,-2.0328383445739746,0.9276340007781982,0.7004767656326294,0.0003,4904,0.02,150.0,-11.070714830000002
4906,6841,98120,14,0.7429216504096985,-2.0053162574768066,0.9042612314224243,0.8195873498916626,0.0003,4905,0.02,150.0,-11.070714830000002
4907,6841,98140,14,0.8293312191963196,-2.0387141704559326,0.8832628726959229,1.2243707180023193,0.0003,4906,0.02,150.0,-11.070714830000002
4908,6841,98160,14,0.03290421888232231,-2.0674993991851807,0.9216238260269165,0.602592408657074,0.0003,4907,0.02,150.0,-11.070714830000002
4909,6841,98180,14,-0.2801709771156311,-2.0149824619293213,0.8969845771789551,0.8418594598770142,0.0003,4908,0.02,150.0,-11.070714830000002
4910,6841,98200,14,1.7333532571792603,-1.883697509765625,0.9028970003128052,1.9332042932510376,0.0003,4909,0.02,150.0,-11.070714830000002
4911,6841,98220,14,-0.47240394353866577,-2.052563428878784,0.9630354046821594,0.5125917196273804,0.0003,4910,0.02,150.0,-11.070714830000002
4912,6841,98240,14,-0.6891534924507141,-2.0255141258239746,0.9932020902633667,0.19292578101158142,0.0003,4911,0.02,150.0,-11.070714830000002
4913,6841,98260,14,-0.43977823853492737,-2.056659698486328,0.982413649559021,0.2196272313594818,0.0003,4912,0.02,150.0,-11.070714830000002
4914,6841,98280,14,0.10635073482990265,-2.0487849712371826,0.9884658455848694,0.11725755780935287,0.0003,4913,0.02,150.0,-11.070714830000002
4915,6841,98300,14,-0.26680222153663635,-1.9500465393066406,0.9976233839988708,0.03691037744283676,0.0003,4914,0.02,150.0,-11.070714830000002
4916,6840,98320,14,1.6847584247589111,-1.8786239624023438,0.8949247598648071,1.851932168006897,0.0003,4915,0.02,150.0,-11.070714830000002
4917,6841,98340,14,-0.2767413854598999,-1.8377525806427002,0.9484341144561768,0.6065152883529663,0.0003,4916,0.02,150.0,-11.070714830000002
4918,6841,98360,14,-0.002773189451545477,-1.8830146789550781,0.9692516922950745,0.2877570688724518,0.0003,4917,0.02,150.0,-11.070714830000002
4919,6841,98380,14,-0.33997151255607605,-1.7698166370391846,0.991712212562561,0.12118953466415405,0.0003,4918,0.02,150.0,-11.070714830000002
4920,6841,98400,14,-0.23905245959758759,-1.7784550189971924,0.9958500266075134,0.05163959413766861,0.0003,4919,0.02,150.0,-10.831870490000002
4921,6841,98420,14,0.06808130443096161,-1.7926819324493408,0.9494709372520447,0.22008144855499268,0.0003,4920,0.02,150.0,-10.831870490000002
4922,6841,98440,14,-0.10648013651371002,-1.9374336004257202,0.6170589327812195,0.20798476040363312,0.0003,4921,0.02,150.0,-10.831870490000002
4923,6841,98460,14,-0.17754776775836945,-1.9624897241592407,0.25590652227401733,0.1192224770784378,0.0003,4922,0.02,150.0,-10.831870490000002
4924,6841,98480,14,-0.2526271939277649,-1.9715983867645264,0.598706066608429,0.07073931396007538,0.0003,4923,0.02,150.0,-10.831870490000002
4925,6841,98500,14,-0.19595399498939514,-1.9903186559677124,0.7166885137557983,0.07774684578180313,0.0003,4924,0.02,150.0,-10.831870490000002
4926,6841,98520,14,-0.7154785394668579,-1.9812710285186768,0.8236325979232788,0.2573210299015045,0.0003,4925,0.02,150.0,-10.831870490000002
4927,6841,98540,14,0.09505648165941238,-2.036511182785034,0.917611837387085,0.054722875356674194,0.0003,4926,0.02,150.0,-10.831870490000002
4928,6841,98560,14,1.139582872390747,-2.023890972137451,-0.08590066432952881,1.9814717769622803,0.0003,4927,0.02,150.0,-10.831870490000002
4929,6841,98580,14,-0.058280717581510544,-2.035598039627075,0.8298600912094116,0.13432465493679047,0.0003,4928,0.02,150.0,-10.831870490000002
4930,6841,98600,14,-0.14637300372123718,-2.079824924468994,0.9526972770690918,0.06777457147836685,0.0003,4929,0.02,150.0,-10.831870490000002
4931,6841,98620,14,0.037451278418302536,-2.0655927658081055,0.9088310599327087,0.20952549576759338,0.0003,4930,0.02,150.0,-10.831870490000002
4932,6842,98640,14,-0.0133900698274374,-2.053943157196045,0.9542336463928223,0.16881975531578064,0.0003,4931,0.02,150.0,-10.831870490000002
4933,6842,98660,14,0.012451502494513988,-2.0489630699157715,0.9902353882789612,0.04448997974395752,0.0003,4932,0.02,150.0,-10.831870490000002
4934,6842,98680,14,-0.0759042426943779,-2.0406088829040527,0.9955464005470276,0.018535654991865158,0.0003,4933,0.02,150.0,-10.831870490000002
4935,6842,98700,14,0.7082311511039734,-2.0114450454711914,0.9346817135810852,0.4438766837120056,0.0003,4934,0.02,150.0,-10.831870490000002
4936,6842,98720,14,1.7171781063079834,-2.038958787918091,0.7487548589706421,2.106765031814575,0.0003,4935,0.02,150.0,-10.831870490000002
4937,6842,98740,14,1.1353554725646973,-1.9977703094482422,0.7472457885742188,1.4101941585540771,0.0003,4936,0.02,150.0,-10.831870490000002
4938,6842,98760,14,1.5119882822036743,-2.053467035293579,0.22836154699325562,2.5855050086975098,0.0003,4937,0.02,150.0,-10.831870490000002
4939,6843,98780,14,0.9069193005561829,-2.0866684913635254,0.41594135761260986,1.108651041984558,0.0003,4938,0.02,150.0,-10.831870490000002
4940,6843,98800,14,0.06590314209461212,-1.988827109336853,0.4522038698196411,0.45225009322166443,0.0003,4939,0.02,150.0,-10.831870490000002
4941,6843,98820,14,0.35823649168014526,-2.057982921600342,0.5091821551322937,0.5977956056594849,0.0003,4940,0.02,150.0,-10.831870490000002
4942,6843,98840,14,0.16523730754852295,-2.056793689727783,0.19921886920928955,1.1578603982925415,0.0003,4941,0.02,150.0,-10.831870490000002
4943,6843,98860,14,-0.47283726930618286,-2.076394557952881,0.7832938432693481,0.1762802004814148,0.0003,4942,0.02,150.0,-10.831870490000002
4944,6843,98880,14,7.486939284717664e-05,-2.0577447414398193,0.8182207345962524,0.1701805144548416,0.0003,4943,0.02,150.0,-10.831870490000002
4945,6843,98900,14,-0.11807099729776382,-2.0985255241394043,0.9560011625289917,0.037439700216054916,0.0003,4944,0.02,150.0,-10.831870490000002
4946,6844,98920,14,-0.04153438284993172,-2.0945427417755127,0.907827615737915,0.0683305412530899,0.0003,4945,0.02,150.0,-10.831870490000002
4947,6844,98940,14,-0.15883520245552063,-2.069913864135742,0.9840607643127441,0.015059933066368103,0.0003,4946,0.02,150.0,-10.831870490000002
4948,6844,98960,14,0.18173174560070038,-2.0172152519226074,0.9499669671058655,0.034951020032167435,0.0003,4947,0.02,150.0,-10.831870490000002
4949,6844,98980,14,0.21961534023284912,-2.030740261077881,0.966699481010437,0.03201869875192642,0.0003,4948,0.02,150.0,-10.831870490000002
4950,6843,99000,14,0.2082327902317047,-2.020183801651001,0.9554615616798401,0.04359333589673042,0.0003,4949,0.02,150.0,-10.164185190000001
4951,6844,99020,14,0.3456759452819824,-1.9161977767944336,0.702344536781311,0.12972718477249146,0.0003,4950,0.02,150.0,-10.164185190000001
4952,6843,99040,14,-0.29505521059036255,-1.9312102794647217,0.8505257368087769,0.14672163128852844,0.0003,4951,0.02,150.0,-10.164185190000001
4953,6844,99060,14,0.4315844178199768,-1.9337161779403687,0.8496670126914978,0.48678651452064514,0.0003,4952,0.02,150.0,-10.164185190000001
4954,6844,99080,14,0.01371067762374878,-1.9980443716049194,0.8714472651481628,0.7058770656585693,0.0003,4953,0.02,150.0,-10.164185190000001
4955,6844,99100,14,-0.9392716288566589,-2.0233826637268066,0.9735127091407776,0.42296212911605835,0.0003,4954,0.02,150.0,-10.164185190000001
4956,6844,99120,14,0.11758699268102646,-2.0223405361175537,0.9170830249786377,0.46266135573387146,0.0003,4955,0.02,150.0,-10.164185190000001
4957,6844,99140,14,-0.24155418574810028,-1.9904102087020874,0.9448070526123047,0.6656461954116821,0.0003,4956,0.02,150.0,-10.164185190000001
4958,6844,99160,14,-0.6114082336425781,-2.040717840194702,0.9689375162124634,0.4227016866207123,0.0003,4957,0.02,150.0,-10.164185190000001
4959,6844,99180,14,-0.8656368255615234,-2.0448524951934814,0.9767811298370361,0.4166013300418854,0.0003,4958,0.02,150.0,-10.164185190000001
4960,6844,99200,14,-0.2833312153816223,-2.0218334197998047,0.9816635251045227,0.17094217240810394,0.0003,4959,0.02,150.0,-10.164185190000001
4961,6844,99220,14,0.22630512714385986,-2.085181713104248,0.9748495817184448,0.22206588089466095,0.0003,4960,0.02,150.0,-10.164185190000001
4962,6845,99240,14,-0.16762259602546692,-2.0928664207458496,0.9822635054588318,0.17529308795928955,0.0003,4961,0.02,150.0,-10.164185190000001
4963,6845,99260,14,0.3123932182788849,-1.9602062702178955,0.9262000918388367,0.5944453477859497,0.0003,4962,0.02,150.0,-10.164185190000001
4964,6845,99280,14,-0.31946903467178345,-1.9349520206451416,0.889786958694458,0.8159098625183105,0.0003,4963,0.02,150.0,-10.164185190000001
4965,6845,99300,14,0.0474860854446888,-2.0175082683563232,0.9743582010269165,0.14286275207996368,0.0003,4964,0.02,150.0,-10.164185190000001
4966,6845,99320,14,0.053677551448345184,-1.9134581089019775,0.9918031692504883,0.04199216514825821,0.0003,4965,0.02,150.0,-10.164185190000001
4967,6845,99340,14,0.23777273297309875,-1.9122636318206787,0.8961130380630493,0.42482858896255493,0.0003,4966,0.02,150.0,-10.164185190000001
4968,6845,99360,14,1.441330075263977,-1.8602638244628906,0.5890598297119141,1.4504508972167969,0.0003,4967,0.02,150.0,-10.164185190000001
4969,6845,99380,14,1.6723438501358032,-1.9744131565093994,0.2842445969581604,2.631181240081787,0.0003,4968,0.02,150.0,-10.164185190000001
4970,6845,99400,14,0.08040068298578262,-2.0156660079956055,0.919893741607666,0.19793494045734406,0.0003,4969,0.02,150.0,-10.164185190000001
4971,6845,99420,14,0.7988746762275696,-1.9640858173370361,0.47651368379592896,1.8145748376846313,0.0003,4970,0.02,150.0,-10.164185190000001
4972,6845,99440,14,0.7208973169326782,-1.9339911937713623,0.7061175107955933,0.7119951248168945,0.0003,4971,0.02,150.0,-10.164185190000001
4973,6846,99460,14,0.5331282615661621,-1.9020206928253174,0.7800824642181396,0.6490371823310852,0.0003,4972,0.02,150.0,-10.164185190000001
4974,6846,99480,14,-0.4377831816673279,-1.7763195037841797,0.8590593338012695,0.34423312544822693,0.0003,4973,0.02,150.0,-10.164185190000001
4975,6846,99500,14,-0.6421481370925903,-1.9513826370239258,0.9668970108032227,0.11021075397729874,0.0003,4974,0.02,150.0,-10.164185190000001
4976,6846,99520,14,0.12984523177146912,-1.9363534450531006,0.20134514570236206,0.8583765029907227,0.0003,4975,0.02,150.0,-10.164185190000001
4977,6846,99540,14,0.5423160791397095,-1.9105234146118164,-0.1818920373916626,0.7823766469955444,0.0003,4976,0.02,150.0,-10.164185190000001
4978,6846,99560,14,0.24735775589942932,-2.056816577911377,0.2718008756637573,0.7390663623809814,0.0003,4977,0.02,150.0,-10.164185190000001
4979,6846,99580,14,0.13810206949710846,-1.898270845413208,0.22451484203338623,0.35160356760025024,0.0003,4978,0.02,150.0,-10.164185190000001
4980,6846,99600,14,0.2515084147453308,-1.7311455011367798,0.035654544830322266,0.675389289855957,0.0003,4979,0.02,150.0,-10.137320480000001
4981,6846,99620,14,-0.06977958977222443,-1.903943419456482,0.732909083366394,0.03954009339213371,0.0003,4980,0.02,150.0,-10.137320480000001
4982,6846,99640,14,-0.8606938123703003,-1.981489896774292,0.5857623815536499,0.42539340257644653,0.0003,4981,0.02,150.0,-10.137320480000001
4983,6846,99660,14,-0.3218701481819153,-1.9926726818084717,0.9110438823699951,0.12669430673122406,0.0003,4982,0.02,150.0,-10.137320480000001
4984,6847,99680,14,-0.2538517117500305,-1.970149040222168,0.6344494819641113,0.2684139013290405,0.0003,4983,0.02,150.0,-10.137320480000001
4985,6847,99700,14,-0.31217098236083984,-2.0129735469818115,0.9483765959739685,0.06813778728246689,0.0003,4984,0.02,150.0,-10.137320480000001
4986,6847,99720,14,-0.3630055785179138,-1.9750211238861084,0.6582517027854919,0.27936047315597534,0.0003,4985,0.02,150.0,-10.137320480000001
4987,6847,99740,14,0.882239043712616,-2.030759572982788,-0.5052844285964966,1.6627479791641235,0.0003,4986,0.02,150.0,-10.137320480000001
4988,6847,99760,14,-0.2287030965089798,-2.0240519046783447,0.9191000461578369,0.04821570962667465,0.0003,4987,0.02,150.0,-10.137320480000001
4989,6847,99780,14,0.02358841896057129,-1.929973840713501,0.773985743522644,0.1829528510570526,0.0003,4988,0.02,150.0,-10.137320480000001
4990,6847,99800,14,-0.024553662165999413,-2.100041151046753,0.7754465341567993,0.258491188287735,0.0003,4989,0.02,150.0,-10.137320480000001
4991,6847,99820,14,-0.3915282189846039,-2.0853538513183594,0.9231737852096558,0.08397729694843292,0.0003,4990,0.02,150.0,-10.137320480000001
4992,6847,99840,14,0.8900286555290222,-2.0237350463867188,0.7985897064208984,0.4910297989845276,0.0003,4991,0.02,150.0,-10.137320480000001
4993,6847,99860,14,-0.41884827613830566,-2.0451302528381348,0.9259750843048096,0.11367225646972656,0.0003,4992,0.02,150.0,-10.137320480000001
4994,6847,99880,14,-0.425996869802475,-2.084550142288208,0.9446548819541931,0.08167871832847595,0.0003,4993,0.02,150.0,-10.137320480000001
4995,6847,99900,14,-0.33303168416023254,-2.1149191856384277,0.9434409737586975,0.06333203613758087,0.0003,4994,0.02,150.0,-10.137320480000001
4996,6847,99920,14,-0.003479826496914029,-2.116713047027588,0.868322491645813,0.1607871949672699,0.0003,4995,0.02,150.0,-10.137320480000001
4997,6847,99940,14,0.737080454826355,-2.037385940551758,0.687640905380249,0.9818325042724609,0.0003,4996,0.02,150.0,-10.137320480000001
4998,6847,99960,14,0.13285928964614868,-2.0320382118225098,0.8168935775756836,0.4451471269130707,0.0003,4997,0.02,150.0,-10.137320480000001
4999,6847,99980,14,0.6504620313644409,-2.0907821655273438,0.8999866843223572,0.38969725370407104,0.0003,4998,0.02,150.0,-10.137320480000001
5000,6845,100000,14,-0.08559050410985947,-1.8676893711090088,0.48797857761383057,0.6986381411552429,0.0003,4999,0.02,150.0,-10.137320480000001
