time/fps,time/total_timesteps,time/iterations,time/time_elapsed,train/entropy_loss,train/value_loss,train/learning_rate,train/explained_variance,train/policy_loss,train/n_updates,rollout/ep_rew_mean,rollout/success_rate,rollout/ep_len_mean
2882,20,1,0,,,,,,,,,
2814,40,2,0,-2.1972122192382812,0.006377859506756067,0.0007,0.8196666240692139,-0.052081383764743805,1,,,
3475,60,3,0,-2.1825664043426514,0.07981620728969574,0.0007,0.4580228328704834,0.29861658811569214,2,,,
3950,80,4,0,-2.19081449508667,0.017614876851439476,0.0007,0.8498530387878418,-0.0813867598772049,3,,,
4303,100,5,0,-2.191959857940674,0.03818141669034958,0.0007,0.7993805408477783,0.19802600145339966,4,,,
4626,120,6,0,-2.1867682933807373,0.038575224578380585,0.0007,0.8890131711959839,0.26205238699913025,5,,,
4653,140,7,0,-2.1736252307891846,0.20693163573741913,0.0007,0.704085111618042,-0.5674566030502319,6,,,
4587,160,8,0,-2.1600780487060547,0.1426457017660141,0.0007,0.7876384258270264,-0.16133591532707214,7,,,
4462,180,9,0,-2.1467392444610596,0.12159915268421173,0.0007,0.9045810699462891,-0.4406909942626953,8,,,
4563,200,10,0,-2.1506106853485107,0.13118501007556915,0.0007,0.9088369011878967,-0.5907330513000488,9,,,
4649,220,11,0,-2.1181797981262207,0.15622588992118835,0.0007,0.8590169548988342,-0.5598317384719849,10,,,
4753,240,12,0,-2.087458372116089,0.03813064843416214,0.0007,0.9539159536361694,-0.28063538670539856,11,,,
4874,260,13,0,-2.0675606727600098,0.20475372672080994,0.0007,0.7666350603103638,-0.4729739725589752,12,,,
4860,280,14,0,-2.062387704849243,0.12381529808044434,0.0007,0.8319333791732788,-0.3299340605735779,13,,,
4809,300,15,0,-2.109001874923706,0.32348451018333435,0.0007,0.390760600566864,-0.19879914820194244,14,,,
4747,320,16,0,-2.083831310272217,0.22620384395122528,0.0007,0.7105908393859863,-0.7748363614082336,15,,,
4679,340,17,0,-2.069751739501953,0.6735584735870361,0.0007,-0.892524242401123,0.4282935559749603,16,,,
4619,360,18,0,-2.052448272705078,0.21277782320976257,0.0007,-0.18717777729034424,-0.4990626275539398,17,,,
4610,380,19,0,-1.9554733037948608,0.15493157505989075,0.0007,0.4624595642089844,-0.5630550384521484,18,,,
4639,400,20,0,-2.001067876815796,0.16082678735256195,0.0007,-0.484516978263855,-0.5189945697784424,19,,,
4672,420,21,0,-2.0377089977264404,0.20990169048309326,0.0007,0.2910228967666626,-0.9405955076217651,20,,,
4691,440,22,0,-2.006101131439209,0.24057824909687042,0.0007,0.18123358488082886,-0.1457751840353012,21,,,
4693,460,23,0,-2.0842769145965576,0.1668432652950287,0.0007,0.5419795513153076,-0.7685365080833435,22,,,
4721,480,24,0,-2.0824108123779297,0.9340069890022278,0.0007,0.2214239239692688,0.050527215003967285,23,,,
4773,500,25,0,-2.0041663646698,0.2983062267303467,0.0007,0.6223853826522827,-0.33720365166664124,24,,,
4817,520,26,0,-2.0863001346588135,0.30090993642807007,0.0007,0.8158187866210938,-0.9959235191345215,25,,,
4874,540,27,0,-2.0838661193847656,0.38788026571273804,0.0007,0.8077753782272339,-0.9661962389945984,26,,,
4930,560,28,0,-2.11311674118042,0.24429082870483398,0.0007,0.8131421804428101,-0.8645718693733215,27,,,
4984,580,29,0,-2.1300745010375977,0.3261469006538391,0.0007,0.4646790027618408,-1.0150713920593262,28,,,
5006,600,30,0,-2.134050130844116,0.358278751373291,0.0007,0.4840482473373413,-1.1063306331634521,29,-16.65361675,0.0,150.0
5056,620,31,0,-2.141413688659668,0.4139658808708191,0.0007,-0.017676472663879395,-1.1251367330551147,30,-16.65361675,0.0,150.0
5108,640,32,0,-2.114314317703247,0.10769003629684448,0.0007,0.29819589853286743,0.5166301727294922,31,-16.65361675,0.0,150.0
5133,660,33,0,-2.1274824142456055,0.4381532669067383,0.0007,-0.24301481246948242,1.0795798301696777,32,-16.65361675,0.0,150.0
5137,680,34,0,-2.1049346923828125,0.09262838959693909,0.0007,0.3435640335083008,0.5699217319488525,33,-16.65361675,0.0,150.0
5144,700,35,0,-2.118455410003662,0.07005380094051361,0.0007,0.6104493141174316,0.24603167176246643,34,-16.65361675,0.0,150.0
5153,720,36,0,-2.0996158123016357,0.09161994606256485,0.0007,0.7619378566741943,0.26300039887428284,35,-16.65361675,0.0,150.0
5174,740,37,0,-2.087998867034912,0.025016382336616516,0.0007,0.9317612648010254,-0.03742979094386101,36,-16.65361675,0.0,150.0
5208,760,38,0,-2.1131701469421387,0.04571700841188431,0.0007,0.9431498050689697,-0.25539132952690125,37,-16.65361675,0.0,150.0
5249,780,39,0,-2.1239171028137207,0.02456248737871647,0.0007,0.9462054967880249,-0.1592089682817459,38,-16.65361675,0.0,150.0
5283,800,40,0,-2.1447956562042236,0.09824089705944061,0.0007,0.3365126848220825,0.15670275688171387,39,-16.65361675,0.0,150.0
5265,820,41,0,-2.1700243949890137,0.03864274173974991,0.0007,0.8138452768325806,-0.19760844111442566,40,-16.65361675,0.0,150.0
5293,840,42,0,-2.1670310497283936,0.021831046789884567,0.0007,0.9121524691581726,-0.24386075139045715,41,-16.65361675,0.0,150.0
5327,860,43,0,-2.1688811779022217,0.08046506345272064,0.0007,0.5588318109512329,-0.07341594994068146,42,-16.65361675,0.0,150.0
5363,880,44,0,-2.1492373943328857,0.12480787932872772,0.0007,0.21409958600997925,-0.18959376215934753,43,-16.65361675,0.0,150.0
5395,900,45,0,-2.1585490703582764,0.2124825417995453,0.0007,0.12662583589553833,-0.5591928362846375,44,-16.65361675,0.0,150.0
5428,920,46,0,-2.157331943511963,0.6058844327926636,0.0007,0.07043522596359253,-0.10383335500955582,45,-16.65361675,0.0,150.0
5460,940,47,0,-2.1160061359405518,0.21792761981487274,0.0007,0.4356703758239746,-0.6473516225814819,46,-16.65361675,0.0,150.0
5490,960,48,0,-2.095097064971924,0.3826311230659485,0.0007,0.44403016567230225,-1.1807583570480347,47,-16.65361675,0.0,150.0
5507,980,49,0,-2.0768165588378906,0.34351488947868347,0.0007,0.15155011415481567,-0.724267303943634,48,-16.65361675,0.0,150.0
5536,1000,50,0,-2.0533957481384277,0.5494593381881714,0.0007,0.19900184869766235,-0.561893105506897,49,-16.65361675,0.0,150.0
5564,1020,51,0,-2.075605869293213,0.3581414520740509,0.0007,-0.12006640434265137,-0.09933571517467499,50,-16.65361675,0.0,150.0
5593,1040,52,0,-2.0944721698760986,0.380054235458374,0.0007,0.2522946000099182,-0.6920152902603149,51,-16.65361675,0.0,150.0
5615,1060,53,0,-2.1018614768981934,0.584786057472229,0.0007,0.2781621813774109,-1.206627607345581,52,-16.65361675,0.0,150.0
5644,1080,54,0,-2.1099557876586914,0.4897906184196472,0.0007,0.3268558979034424,-1.1924350261688232,53,-16.65361675,0.0,150.0
5671,1100,55,0,-2.1030001640319824,0.34555524587631226,0.0007,0.23306483030319214,-0.6054474115371704,54,-16.65361675,0.0,150.0
5697,1120,56,0,-2.126533031463623,0.4103202819824219,0.0007,0.28360241651535034,-0.9863198399543762,55,-16.65361675,0.0,150.0
5722,1140,57,0,-2.11655855178833,0.24509258568286896,0.0007,0.06348717212677002,-0.3248138725757599,56,-16.65361675,0.0,150.0
5741,1160,58,0,-2.0854125022888184,0.8939342498779297,0.0007,-0.17382383346557617,0.9781389236450195,57,-16.65361675,0.0,150.0
5764,1180,59,0,-2.0946500301361084,0.4449719488620758,0.0007,0.2570716142654419,-1.1489417552947998,58,-16.65361675,0.0,150.0
5778,1200,60,0,-2.08593487739563,0.44159045815467834,0.0007,0.25164663791656494,-1.1479936838150024,59,-17.13638625,0.0,150.0
5801,1220,61,0,-2.090527296066284,0.5355817675590515,0.0007,0.044158995151519775,-0.9082216024398804,60,-17.13638625,0.0,150.0
5823,1240,62,0,-2.0727651119232178,0.1898954212665558,0.0007,-0.06222069263458252,0.75062096118927,61,-17.13638625,0.0,150.0
5846,1260,63,0,-2.0731098651885986,0.1007898673415184,0.0007,0.10622966289520264,0.4879460334777832,62,-17.13638625,0.0,150.0
5869,1280,64,0,-2.0726027488708496,0.01405549980700016,0.0007,-0.17903375625610352,0.17116926610469818,63,-17.13638625,0.0,150.0
5891,1300,65,0,-2.0853493213653564,0.06626784801483154,0.0007,0.020940065383911133,0.3503669202327728,64,-17.13638625,0.0,150.0
5911,1320,66,0,-2.063433885574341,0.008266468532383442,0.0007,0.29298126697540283,0.1242537647485733,65,-17.13638625,0.0,150.0
5932,1340,67,0,-2.0687849521636963,0.04484878107905388,0.0007,0.32014936208724976,0.254254013299942,66,-17.13638625,0.0,150.0
5953,1360,68,0,-2.0606086254119873,0.008534451015293598,0.0007,0.6410927772521973,0.0014288760721683502,67,-17.13638625,0.0,150.0
5972,1380,69,0,-2.0756664276123047,0.03714073821902275,0.0007,0.3403182029724121,0.21868343651294708,68,-17.13638625,0.0,150.0
5991,1400,70,0,-2.0753333568573,0.008485200814902782,0.0007,0.633967399597168,-0.06408736854791641,69,-17.13638625,0.0,150.0
6011,1420,71,0,-2.104074478149414,0.024190399795770645,0.0007,-0.01660478115081787,-0.23097094893455505,70,-17.13638625,0.0,150.0
6024,1440,72,0,-2.133383274078369,0.0997590571641922,0.0007,-0.1716402769088745,-0.059570856392383575,71,-17.13638625,0.0,150.0
6041,1460,73,0,-2.129328489303589,0.014432649128139019,0.0007,0.18159270286560059,-0.09087494760751724,72,-17.13638625,0.0,150.0
6058,1480,74,0,-2.141394853591919,0.028187474235892296,0.0007,-1.0217723846435547,-0.284432053565979,73,-17.13638625,0.0,150.0
6075,1500,75,0,-2.109536647796631,0.021965067833662033,0.0007,0.2792114019393921,-0.03571442887187004,74,-17.13638625,0.0,150.0
6092,1520,76,0,-2.144831418991089,0.05610113590955734,0.0007,0.22314077615737915,-0.18200820684432983,75,-17.13638625,0.0,150.0
6101,1540,77,0,-2.1489803791046143,0.0863192230463028,0.0007,0.05008286237716675,-0.024642813950777054,76,-17.13638625,0.0,150.0
6118,1560,78,0,-2.1704890727996826,0.04226584732532501,0.0007,0.24022150039672852,-0.2533068060874939,77,-17.13638625,0.0,150.0
6133,1580,79,0,-2.1626765727996826,0.1217416524887085,0.0007,0.11411017179489136,-0.6467878818511963,78,-17.13638625,0.0,150.0
6149,1600,80,0,-2.163827419281006,0.07472976297140121,0.0007,-0.114044189453125,-0.5723581910133362,79,-17.13638625,0.0,150.0
6165,1620,81,0,-2.1526808738708496,0.12989133596420288,0.0007,0.06852453947067261,-0.47170504927635193,80,-17.13638625,0.0,150.0
6181,1640,82,0,-2.1488873958587646,0.14315156638622284,0.0007,-0.034134864807128906,-0.6099033355712891,81,-17.13638625,0.0,150.0
6173,1660,83,0,-2.1518471240997314,0.11051096022129059,0.0007,-0.06281006336212158,-0.4694376587867737,82,-17.13638625,0.0,150.0
6169,1680,84,0,-2.163055658340454,0.20965087413787842,0.0007,-0.0039997100830078125,-0.8209169507026672,83,-17.13638625,0.0,150.0
6162,1700,85,0,-2.1643145084381104,0.1868303418159485,0.0007,-0.0050591230392456055,-0.4280892312526703,84,-17.13638625,0.0,150.0
6158,1720,86,0,-2.1702210903167725,0.568211555480957,0.0007,-0.03267931938171387,0.035358380526304245,85,-17.13638625,0.0,150.0
6163,1740,87,0,-2.1367359161376953,0.3636060953140259,0.0007,-0.01590549945831299,-0.37188562750816345,86,-17.13638625,0.0,150.0
6160,1760,88,0,-2.1294336318969727,0.5275697708129883,0.0007,-0.01673758029937744,-0.17315784096717834,87,-17.13638625,0.0,150.0
6142,1780,89,0,-2.1051135063171387,0.1781822293996811,0.0007,0.006978631019592285,-0.6545690298080444,88,-17.13638625,0.0,150.0
6125,1800,90,0,-2.093628168106079,0.17339320480823517,0.0007,-0.0014322996139526367,-0.41009488701820374,89,-17.089109,0.0,150.0
6126,1820,91,0,-2.094411611557007,0.20384010672569275,0.0007,0.030821502208709717,-0.6484187841415405,90,-17.089109,0.0,150.0
6137,1840,92,0,-2.12495756149292,0.21868333220481873,0.0007,0.10541260242462158,0.8781833648681641,91,-17.089109,0.0,150.0
6149,1860,93,0,-2.127448320388794,0.08195089548826218,0.0007,0.3758862614631653,0.5142083764076233,92,-17.089109,0.0,150.0
6145,1880,94,0,-2.1150729656219482,0.06805434823036194,0.0007,0.336820125579834,0.4706040322780609,93,-17.089109,0.0,150.0
6153,1900,95,0,-2.1240837574005127,0.11077763140201569,0.0007,0.5198705792427063,0.5016394257545471,94,-17.089109,0.0,150.0
6162,1920,96,0,-2.1248230934143066,0.035521022975444794,0.0007,0.7181116342544556,0.25723209977149963,95,-17.089109,0.0,150.0
6172,1940,97,0,-2.1557021141052246,0.038814984261989594,0.0007,0.6188363432884216,0.12714332342147827,96,-17.089109,0.0,150.0
6177,1960,98,0,-2.171398162841797,0.1082804948091507,0.0007,0.7139066457748413,0.6175333261489868,97,-17.089109,0.0,150.0
6184,1980,99,0,-2.1710078716278076,0.06929635256528854,0.0007,0.581448495388031,0.16204696893692017,98,-17.089109,0.0,150.0
6168,2000,100,0,-2.1602299213409424,0.07932786643505096,0.0007,0.7800315618515015,0.1289965808391571,99,-17.089109,0.0,150.0
6166,2020,101,0,-2.1676344871520996,0.03376763314008713,0.0007,0.9515282511711121,0.06780539453029633,100,-17.089109,0.0,150.0
6159,2040,102,0,-2.1669657230377197,0.04444308578968048,0.0007,0.9725921750068665,0.022528329864144325,101,-17.089109,0.0,150.0
6147,2060,103,0,-2.17265248298645,0.03179507702589035,0.0007,0.9888669848442078,-0.06004510074853897,102,-17.089109,0.0,150.0
6148,2080,104,0,-2.1667051315307617,0.08808672428131104,0.0007,0.9706207513809204,0.16420255601406097,103,-17.089109,0.0,150.0
6157,2100,105,0,-2.151988983154297,0.2581906318664551,0.0007,0.9258460998535156,0.01705758646130562,104,-17.089109,0.0,150.0
6167,2120,106,0,-2.1219606399536133,0.22257736325263977,0.0007,0.9380360245704651,-0.11565333604812622,105,-17.089109,0.0,150.0
6173,2140,107,0,-2.108294725418091,0.08229493349790573,0.0007,0.9845460057258606,-0.29162365198135376,106,-17.089109,0.0,150.0
6166,2160,108,0,-2.1206703186035156,0.113059401512146,0.0007,0.9877515435218811,-0.6379702091217041,107,-17.089109,0.0,150.0
6166,2180,109,0,-2.115623712539673,0.10245790332555771,0.0007,0.969731330871582,-0.49669504165649414,108,-17.089109,0.0,150.0
6167,2200,110,0,-2.1201069355010986,0.14161324501037598,0.0007,0.9334598183631897,-0.581523597240448,109,-17.089109,0.0,150.0
6170,2220,111,0,-2.1070756912231445,0.1855255663394928,0.0007,0.769984781742096,-0.2969890236854553,110,-17.089109,0.0,150.0
6177,2240,112,0,-2.110633134841919,0.7034801840782166,0.0007,0.6566565632820129,0.46733230352401733,111,-17.089109,0.0,150.0
6187,2260,113,0,-2.1095166206359863,0.21066410839557648,0.0007,0.9556687474250793,-0.7171084880828857,112,-17.089109,0.0,150.0
6195,2280,114,0,-2.115330457687378,0.3720930516719818,0.0007,0.9331569075584412,-0.9612457156181335,113,-17.089109,0.0,150.0
6204,2300,115,0,-2.1338510513305664,0.3940797448158264,0.0007,0.8465626239776611,-1.0766353607177734,114,-17.089109,0.0,150.0
6213,2320,116,0,-2.141324996948242,0.2503584027290344,0.0007,0.7624771595001221,-0.9713014364242554,115,-17.089109,0.0,150.0
6222,2340,117,0,-2.1357555389404297,0.7415686845779419,0.0007,-0.30986547470092773,-0.2794867157936096,116,-17.089109,0.0,150.0
6233,2360,118,0,-2.159003496170044,0.35321304202079773,0.0007,-0.1417522430419922,-1.081900715827942,117,-17.089109,0.0,150.0
6244,2380,119,0,-2.1564149856567383,0.49961787462234497,0.0007,-0.17910122871398926,-1.3447840213775635,118,-17.089109,0.0,150.0
6245,2400,120,0,-2.1615519523620605,0.35518279671669006,0.0007,-0.16703498363494873,-1.1757410764694214,119,-16.8928673125,0.0,150.0
6253,2420,121,0,-2.150846481323242,0.3939511775970459,0.0007,-0.14516007900238037,-1.1189911365509033,120,-16.8928673125,0.0,150.0
6259,2440,122,0,-2.1362526416778564,0.0450289249420166,0.0007,0.33953857421875,0.33788126707077026,121,-16.8928673125,0.0,150.0
6269,2460,123,0,-2.136892318725586,0.2154451161623001,0.0007,0.04108339548110962,0.8685334324836731,122,-16.8928673125,0.0,150.0
6276,2480,124,0,-2.137019395828247,0.0517321340739727,0.0007,0.4636509418487549,0.14058157801628113,123,-16.8928673125,0.0,150.0
6272,2500,125,0,-2.136378765106201,0.03218803554773331,0.0007,0.5345486402511597,-0.07864446192979813,124,-16.8928673125,0.0,150.0
6273,2520,126,0,-2.1552934646606445,0.05452169105410576,0.0007,0.6320058703422546,0.33243951201438904,125,-16.8928673125,0.0,150.0
6280,2540,127,0,-2.1563689708709717,0.007967257872223854,0.0007,0.9154649972915649,-0.08671008795499802,126,-16.8928673125,0.0,150.0
6287,2560,128,0,-2.167388439178467,0.023778360337018967,0.0007,0.735429048538208,-0.010208276100456715,127,-16.8928673125,0.0,150.0
6291,2580,129,0,-2.1644835472106934,0.020836059004068375,0.0007,0.7399721145629883,-0.016622092574834824,128,-16.8928673125,0.0,150.0
6299,2600,130,0,-2.154905080795288,0.07587552070617676,0.0007,0.6384799480438232,-0.2824110984802246,129,-16.8928673125,0.0,150.0
6307,2620,131,0,-2.1510515213012695,0.07324935495853424,0.0007,0.6488483548164368,-0.2020569145679474,130,-16.8928673125,0.0,150.0
6315,2640,132,0,-2.155778169631958,0.11017464101314545,0.0007,0.6270725727081299,-0.4143747389316559,131,-16.8928673125,0.0,150.0
6313,2660,133,0,-2.1481614112854004,0.23728077113628387,0.0007,0.4167766571044922,-0.29962223768234253,132,-16.8928673125,0.0,150.0
6320,2680,134,0,-2.1424918174743652,0.4730451703071594,0.0007,0.2640177607536316,0.37391018867492676,133,-16.8928673125,0.0,150.0
6328,2700,135,0,-2.1393144130706787,1.1773903369903564,0.0007,0.2813224792480469,0.6125599145889282,134,-16.8928673125,0.0,150.0
6337,2720,136,0,-2.130183696746826,1.4743489027023315,0.0007,-0.4967920780181885,1.028193712234497,135,-16.8928673125,0.0,150.0
6345,2740,137,0,-2.1232495307922363,0.04819738492369652,0.0007,0.8629944920539856,-0.13537754118442535,136,-16.8928673125,0.0,150.0
6355,2760,138,0,-2.1116843223571777,0.12381438165903091,0.0007,0.7967798709869385,-0.3724637031555176,137,-16.8928673125,0.0,150.0
6365,2780,139,0,-2.1094412803649902,0.135957270860672,0.0007,0.7493808269500732,0.15504565834999084,138,-16.8928673125,0.0,150.0
6375,2800,140,0,-2.1081948280334473,0.10277769714593887,0.0007,0.8796083331108093,-0.27346956729888916,139,-16.8928673125,0.0,150.0
6385,2820,141,0,-2.1051056385040283,0.5012680292129517,0.0007,0.6044392585754395,0.5028272271156311,140,-16.8928673125,0.0,150.0
6390,2840,142,0,-2.1021265983581543,0.039519160985946655,0.0007,0.9585608243942261,-0.039454929530620575,141,-16.8928673125,0.0,150.0
6399,2860,143,0,-2.121483325958252,0.6718094944953918,0.0007,0.6861592531204224,0.8559869527816772,142,-16.8928673125,0.0,150.0
6409,2880,144,0,-2.129877805709839,0.15589426457881927,0.0007,0.9495270848274231,-0.6577191352844238,143,-16.8928673125,0.0,150.0
6418,2900,145,0,-2.1231424808502197,0.15925562381744385,0.0007,0.9012006521224976,-0.5813674926757812,144,-16.8928673125,0.0,150.0
6427,2920,146,0,-2.1218883991241455,0.3517509400844574,0.0007,0.5813769102096558,-0.6173677444458008,145,-16.8928673125,0.0,150.0
6437,2940,147,0,-2.1197311878204346,0.17953786253929138,0.0007,0.6100509166717529,-0.5794563889503479,146,-16.8928673125,0.0,150.0
6446,2960,148,0,-2.1124815940856934,0.2605341374874115,0.0007,0.5878711938858032,-0.6794759035110474,147,-16.8928673125,0.0,150.0
6455,2980,149,0,-2.1170077323913574,0.19173189997673035,0.0007,0.44677525758743286,-0.690305769443512,148,-16.8928673125,0.0,150.0
6456,3000,150,0,-2.1106619834899902,0.2162081003189087,0.0007,0.5276831388473511,-0.7932766675949097,149,-16.39171065,0.0,150.0
6463,3020,151,0,-2.1153011322021484,0.27172738313674927,0.0007,0.33470505475997925,-0.9014765024185181,150,-16.39171065,0.0,150.0
6472,3040,152,0,-2.120743989944458,0.27651551365852356,0.0007,0.6048221588134766,0.8323917388916016,151,-16.39171065,0.0,150.0
6481,3060,153,0,-2.118717670440674,0.0760081559419632,0.0007,0.8558229207992554,0.3730370104312897,152,-16.39171065,0.0,150.0
6487,3080,154,0,-2.1123433113098145,0.11457119137048721,0.0007,0.8191095590591431,0.4105238914489746,153,-16.39171065,0.0,150.0
6496,3100,155,0,-2.1194815635681152,0.11856391280889511,0.0007,0.8010552525520325,0.2772555947303772,154,-16.39171065,0.0,150.0
6504,3120,156,0,-2.1264052391052246,0.12118606269359589,0.0007,0.8137831091880798,-0.08763588964939117,155,-16.39171065,0.0,150.0
6512,3140,157,0,-2.131758689880371,0.06619244813919067,0.0007,0.943497896194458,-0.13174617290496826,156,-16.39171065,0.0,150.0
6519,3160,158,0,-2.1503968238830566,0.11538424342870712,0.0007,0.9384132027626038,0.14255112409591675,157,-16.39171065,0.0,150.0
6526,3180,159,0,-2.1565136909484863,0.056146394461393356,0.0007,0.989373505115509,-0.36184489727020264,158,-16.39171065,0.0,150.0
6533,3200,160,0,-2.15498685836792,0.19314154982566833,0.0007,0.9253401756286621,-0.13085894286632538,159,-16.39171065,0.0,150.0
6527,3220,161,0,-2.1362671852111816,0.02172992005944252,0.0007,0.9963850975036621,-0.23660054802894592,160,-16.39171065,0.0,150.0
6524,3240,162,0,-2.139129638671875,0.22573375701904297,0.0007,0.9179757833480835,0.3274950385093689,161,-16.39171065,0.0,150.0
6529,3260,163,0,-2.1405117511749268,0.052814919501543045,0.0007,0.988882839679718,-0.35199207067489624,162,-16.39171065,0.0,150.0
6535,3280,164,0,-2.143890380859375,0.035326357930898666,0.0007,0.9827786684036255,-0.29631462693214417,163,-16.39171065,0.0,150.0
6536,3300,165,0,-2.1337742805480957,0.03609193488955498,0.0007,0.9485759139060974,-0.22024941444396973,164,-16.39171065,0.0,150.0
6533,3320,166,0,-2.125903367996216,0.7234166264533997,0.0007,0.15056562423706055,0.6235206723213196,165,-16.39171065,0.0,150.0
6525,3340,167,0,-2.115811824798584,0.17210286855697632,0.0007,0.5995351076126099,-0.14248867332935333,166,-16.39171065,0.0,150.0
6524,3360,168,0,-2.0434417724609375,0.23526127636432648,0.0007,0.6467006802558899,-0.06257820129394531,167,-16.39171065,0.0,150.0
6513,3380,169,0,-1.9847532510757446,0.12967434525489807,0.0007,0.7908831834793091,-0.3187762200832367,168,-16.39171065,0.0,150.0
6517,3400,170,0,-1.9721286296844482,0.7801538705825806,0.0007,0.2607908248901367,-0.014203262515366077,169,-16.39171065,0.0,150.0
6518,3420,171,0,-1.9462400674819946,1.3497995138168335,0.0007,0.09583145380020142,0.5388453602790833,170,-16.39171065,0.0,150.0
6520,3440,172,0,-1.9792674779891968,0.3892160654067993,0.0007,0.28942346572875977,-0.0921710655093193,171,-16.39171065,0.0,150.0
6523,3460,173,0,-1.9822076559066772,0.3972471356391907,0.0007,0.5099525451660156,-1.086594581604004,172,-16.39171065,0.0,150.0
6527,3480,174,0,-1.9909194707870483,0.3470447063446045,0.0007,0.20268309116363525,-0.8518111109733582,173,-16.39171065,0.0,150.0
6532,3500,175,0,-2.0061886310577393,0.35152649879455566,0.0007,0.3105071187019348,-0.9185144305229187,174,-16.39171065,0.0,150.0
6537,3520,176,0,-2.0230376720428467,0.38162440061569214,0.0007,-0.05267763137817383,-1.1807152032852173,175,-16.39171065,0.0,150.0
6542,3540,177,0,-2.01344895362854,0.4516727030277252,0.0007,0.27205175161361694,-1.0412315130233765,176,-16.39171065,0.0,150.0
6544,3560,178,0,-2.0332274436950684,0.45507556200027466,0.0007,0.21337997913360596,-1.1435744762420654,177,-16.39171065,0.0,150.0
6549,3580,179,0,-2.0445311069488525,0.28020012378692627,0.0007,0.01944679021835327,-0.7857080698013306,178,-16.39171065,0.0,150.0
6550,3600,180,0,-2.0703682899475098,0.35894575715065,0.0007,0.023051917552947998,-1.0997425317764282,179,-16.598075166666668,0.0,150.0
6542,3620,181,0,-2.06770396232605,0.44321465492248535,0.0007,0.0682639479637146,-1.135368824005127,180,-16.598075166666668,0.0,150.0
6538,3640,182,0,-2.0598437786102295,0.13558749854564667,0.0007,0.6723934412002563,0.4644869267940521,181,-16.598075166666668,0.0,150.0
6531,3660,183,0,-2.0506350994110107,0.14375023543834686,0.0007,0.5080015063285828,0.09829077869653702,182,-16.598075166666668,0.0,150.0
6519,3680,184,0,-2.0587823390960693,0.06807407736778259,0.0007,0.6420958042144775,0.1895725429058075,183,-16.598075166666668,0.0,150.0
6513,3700,185,0,-2.0535309314727783,0.25674644112586975,0.0007,0.6846845149993896,-0.37738317251205444,184,-16.598075166666668,0.0,150.0
6507,3720,186,0,-2.0447914600372314,0.16976630687713623,0.0007,0.7295527458190918,0.3319140076637268,185,-16.598075166666668,0.0,150.0
6502,3740,187,0,-2.054687976837158,0.22070086002349854,0.0007,0.811370849609375,-0.16228710114955902,186,-16.598075166666668,0.0,150.0
6498,3760,188,0,-2.043456792831421,0.3940945267677307,0.0007,0.7771660089492798,-0.03818454220890999,187,-16.598075166666668,0.0,150.0
6494,3780,189,0,-2.0559048652648926,0.15940773487091064,0.0007,0.9209911823272705,-0.3579859733581543,188,-16.598075166666668,0.0,150.0
6495,3800,190,0,-2.028186082839966,0.15762658417224884,0.0007,0.9305794835090637,0.3465907871723175,189,-16.598075166666668,0.0,150.0
6495,3820,191,0,-2.044032096862793,0.07565325498580933,0.0007,0.9730706214904785,-0.20415747165679932,190,-16.598075166666668,0.0,150.0
6499,3840,192,0,-2.0456578731536865,0.1500726193189621,0.0007,0.9147347211837769,-0.15184982120990753,191,-16.598075166666668,0.0,150.0
6503,3860,193,0,-2.048820972442627,0.04521333798766136,0.0007,0.9472687840461731,-0.1616848260164261,192,-16.598075166666668,0.0,150.0
6509,3880,194,0,-2.0460424423217773,1.2071952819824219,0.0007,-0.553180456161499,0.5922861099243164,193,-16.598075166666668,0.0,150.0
6513,3900,195,0,-2.035426616668701,0.013686945661902428,0.0007,0.9188650846481323,0.048897258937358856,194,-16.598075166666668,0.0,150.0
6518,3920,196,0,-2.0389060974121094,0.07996416091918945,0.0007,0.7884833812713623,-0.36005285382270813,195,-16.598075166666668,0.0,150.0
6523,3940,197,0,-2.050945997238159,0.07240112125873566,0.0007,0.7956173419952393,-0.3836650550365448,196,-16.598075166666668,0.0,150.0
6528,3960,198,0,-2.054163694381714,0.09728024154901505,0.0007,0.7224632501602173,-0.4889078736305237,197,-16.598075166666668,0.0,150.0
6533,3980,199,0,-2.048565149307251,0.17215408384799957,0.0007,0.05580991506576538,-0.04854293167591095,198,-16.598075166666668,0.0,150.0
6539,4000,200,0,-2.009770631790161,0.18074706196784973,0.0007,-0.9684065580368042,0.15493254363536835,199,-16.598075166666668,0.0,150.0
6543,4020,201,0,-1.9918177127838135,0.2415006458759308,0.0007,-0.29412567615509033,-0.5000977516174316,200,-16.598075166666668,0.0,150.0
6549,4040,202,0,-2.0195202827453613,0.2538658082485199,0.0007,0.2915217876434326,-0.8402566909790039,201,-16.598075166666668,0.0,150.0
6555,4060,203,0,-2.0261080265045166,0.24144825339317322,0.0007,0.33855366706848145,-0.9095187187194824,202,-16.598075166666668,0.0,150.0
6559,4080,204,0,-2.025829792022705,0.22995507717132568,0.0007,0.19089198112487793,-0.9045373201370239,203,-16.598075166666668,0.0,150.0
6564,4100,205,0,-2.017632007598877,0.4395396113395691,0.0007,0.030810892581939697,-1.1145707368850708,204,-16.598075166666668,0.0,150.0
6569,4120,206,0,-2.0277299880981445,0.36919596791267395,0.0007,0.20000499486923218,-1.044339895248413,205,-16.598075166666668,0.0,150.0
6575,4140,207,0,-2.032078981399536,0.36272087693214417,0.0007,0.18889755010604858,-1.0101619958877563,206,-16.598075166666668,0.0,150.0
6580,4160,208,0,-2.0334081649780273,0.454338014125824,0.0007,0.13454872369766235,-1.0651389360427856,207,-16.598075166666668,0.0,150.0
6585,4180,209,0,-2.044105052947998,0.4450138211250305,0.0007,0.11938512325286865,-1.0501495599746704,208,-16.598075166666668,0.0,150.0
6587,4200,210,0,-2.059910774230957,0.3263298273086548,0.0007,0.10841894149780273,-1.023533582687378,209,-17.199209285714286,0.0,150.0
6592,4220,211,0,-2.0627448558807373,0.2886127233505249,0.0007,0.11829900741577148,-0.946778416633606,210,-17.199209285714286,0.0,150.0
6597,4240,212,0,-2.0579538345336914,0.03887813910841942,0.0007,0.8488696813583374,0.10585729032754898,211,-17.199209285714286,0.0,150.0
6602,4260,213,0,-2.075498104095459,0.0316513255238533,0.0007,0.959433913230896,0.12823572754859924,212,-17.199209285714286,0.0,150.0
6607,4280,214,0,-2.0864830017089844,0.06417496502399445,0.0007,0.8967668414115906,-0.251459538936615,213,-17.199209285714286,0.0,150.0
6612,4300,215,0,-2.0846824645996094,0.20165613293647766,0.0007,0.4501578211784363,0.14914537966251373,214,-17.199209285714286,0.0,150.0
6617,4320,216,0,-2.0691380500793457,0.08268670737743378,0.0007,0.5736558437347412,0.034776799380779266,215,-17.199209285714286,0.0,150.0
6622,4340,217,0,-2.0932843685150146,0.01089470274746418,0.0007,0.9335957169532776,-0.07108906656503677,216,-17.199209285714286,0.0,150.0
6627,4360,218,0,-2.0997650623321533,0.043127186596393585,0.0007,0.7955770492553711,-0.0761946588754654,217,-17.199209285714286,0.0,150.0
6633,4380,219,0,-2.1267168521881104,0.328469455242157,0.0007,0.7048274278640747,0.6998159289360046,218,-17.199209285714286,0.0,150.0
6637,4400,220,0,-2.127126932144165,0.03578793257474899,0.0007,0.9533270597457886,-0.29110461473464966,219,-17.199209285714286,0.0,150.0
6642,4420,221,0,-2.1366794109344482,0.013648150488734245,0.0007,0.9622212648391724,0.19789960980415344,220,-17.199209285714286,0.0,150.0
6647,4440,222,0,-2.1426453590393066,0.028413841500878334,0.0007,0.8815414905548096,0.1207113042473793,221,-17.199209285714286,0.0,150.0
6652,4460,223,0,-2.141493558883667,0.03954214230179787,0.0007,0.8141940832138062,-0.012474751099944115,222,-17.199209285714286,0.0,150.0
6657,4480,224,0,-2.1412296295166016,0.02331666462123394,0.0007,0.8597556352615356,0.2331295907497406,223,-17.199209285714286,0.0,150.0
6662,4500,225,0,-2.1540095806121826,0.30163323879241943,0.0007,0.3983241319656372,0.1797247976064682,224,-17.199209285714286,0.0,150.0
6666,4520,226,0,-2.1364853382110596,0.24818022549152374,0.0007,0.6878851652145386,0.39627060294151306,225,-17.199209285714286,0.0,150.0
6671,4540,227,0,-2.137620210647583,0.03881828114390373,0.0007,0.9194579720497131,-0.15306489169597626,226,-17.199209285714286,0.0,150.0
6668,4560,228,0,-2.1411702632904053,0.1452086865901947,0.0007,0.5698462724685669,-0.23607568442821503,227,-17.199209285714286,0.0,150.0
6668,4580,229,0,-2.1493277549743652,0.47001075744628906,0.0007,0.27129119634628296,0.3223631978034973,228,-17.199209285714286,0.0,150.0
6671,4600,230,0,-2.14593243598938,0.09076276421546936,0.0007,0.6633829474449158,-0.4860626757144928,229,-17.199209285714286,0.0,150.0
6675,4620,231,0,-2.146928071975708,0.07576961070299149,0.0007,0.46992427110671997,-0.4205319285392761,230,-17.199209285714286,0.0,150.0
6680,4640,232,0,-2.149709701538086,0.06283511966466904,0.0007,0.20262408256530762,-0.2824186682701111,231,-17.199209285714286,0.0,150.0
6684,4660,233,0,-2.1447136402130127,0.061591506004333496,0.0007,0.5919144749641418,-0.23793983459472656,232,-17.199209285714286,0.0,150.0
6689,4680,234,0,-2.1459059715270996,0.05622076988220215,0.0007,0.5450405478477478,-0.06617170572280884,233,-17.199209285714286,0.0,150.0
6694,4700,235,0,-2.1519598960876465,0.08824382722377777,0.0007,0.6371121406555176,-0.05572596937417984,234,-17.199209285714286,0.0,150.0
6699,4720,236,0,-2.121246814727783,0.12424898147583008,0.0007,0.6745004653930664,-0.3231402039527893,235,-17.199209285714286,0.0,150.0
6703,4740,237,0,-2.089218854904175,0.09167508780956268,0.0007,0.8987486958503723,-0.5749553442001343,236,-17.199209285714286,0.0,150.0
6707,4760,238,0,-2.0905520915985107,0.10994426906108856,0.0007,0.5900840163230896,-0.27348414063453674,237,-17.199209285714286,0.0,150.0
6712,4780,239,0,-2.109217405319214,0.24114787578582764,0.0007,0.46777307987213135,-0.7050254940986633,238,-17.199209285714286,0.0,150.0
6714,4800,240,0,-2.123357057571411,0.16041560471057892,0.0007,0.5531240105628967,-0.7222335934638977,239,-16.87212009375,0.0,150.0
6717,4820,241,0,-2.119887590408325,0.18054620921611786,0.0007,0.513100266456604,-0.7234780192375183,240,-16.87212009375,0.0,150.0
6721,4840,242,0,-2.1097984313964844,0.0820922777056694,0.0007,0.5584902763366699,-0.0831301361322403,241,-16.87212009375,0.0,150.0
6726,4860,243,0,-2.103569746017456,0.019463416188955307,0.0007,0.9102815985679626,-0.13305415213108063,242,-16.87212009375,0.0,150.0
6731,4880,244,0,-2.120565891265869,0.05306670814752579,0.0007,0.7685686945915222,-0.09610944986343384,243,-16.87212009375,0.0,150.0
6736,4900,245,0,-2.144275188446045,0.09242875874042511,0.0007,0.7808688282966614,0.277411550283432,244,-16.87212009375,0.0,150.0
6740,4920,246,0,-2.135751962661743,0.05040603131055832,0.0007,0.9230720400810242,0.28585872054100037,245,-16.87212009375,0.0,150.0
6745,4940,247,0,-2.134204387664795,0.03243044391274452,0.0007,0.9598015546798706,-0.01772082783281803,246,-16.87212009375,0.0,150.0
6749,4960,248,0,-2.172901153564453,0.1867884248495102,0.0007,0.8523497581481934,0.28866592049598694,247,-16.87212009375,0.0,150.0
6747,4980,249,0,-2.1680524349212646,0.2551994025707245,0.0007,0.6787025332450867,-0.10474412143230438,248,-16.87212009375,0.0,150.0
6741,5000,250,0,-2.1758668422698975,0.047637589275836945,0.0007,0.9408810138702393,-0.2741735279560089,249,-16.87212009375,0.0,150.0
6744,5020,251,0,-2.1791329383850098,0.05426034331321716,0.0007,0.8704763650894165,-0.32763728499412537,250,-16.87212009375,0.0,150.0
6746,5040,252,0,-2.1743004322052,0.05951077491044998,0.0007,0.5454869866371155,0.4149104058742523,251,-16.87212009375,0.0,150.0
6749,5060,253,0,-2.172635793685913,0.2520017623901367,0.0007,0.19689404964447021,0.15419068932533264,252,-16.87212009375,0.0,150.0
6751,5080,254,0,-2.154539108276367,0.06514368206262589,0.0007,0.5645349025726318,-0.06691376119852066,253,-16.87212009375,0.0,150.0
6747,5100,255,0,-2.150843858718872,0.0774247944355011,0.0007,0.7498685717582703,-0.29003554582595825,254,-16.87212009375,0.0,150.0
6749,5120,256,0,-2.154815196990967,0.061142683029174805,0.0007,0.8016151785850525,-0.4934900403022766,255,-16.87212009375,0.0,150.0
6751,5140,257,0,-2.141737461090088,0.2668275237083435,0.0007,-0.4010099172592163,-0.251310259103775,256,-16.87212009375,0.0,150.0
6751,5160,258,0,-2.1201529502868652,0.09165595471858978,0.0007,-0.06661844253540039,-0.31206950545310974,257,-16.87212009375,0.0,150.0
6753,5180,259,0,-2.078925371170044,0.9291218519210815,0.0007,-0.001544952392578125,1.431147813796997,258,-16.87212009375,0.0,150.0
6756,5200,260,0,-2.0793063640594482,1.2426183223724365,0.0007,-0.02413654327392578,0.9495291709899902,259,-16.87212009375,0.0,150.0
6759,5220,261,0,-2.0614960193634033,0.13562175631523132,0.0007,-0.12410175800323486,-0.21038226783275604,260,-16.87212009375,0.0,150.0
6761,5240,262,0,-2.003818988800049,0.1648579239845276,0.0007,-0.01934218406677246,-0.10066592693328857,261,-16.87212009375,0.0,150.0
6764,5260,263,0,-1.927962303161621,0.27219587564468384,0.0007,-0.030091166496276855,-1.1178661584854126,262,-16.87212009375,0.0,150.0
6768,5280,264,0,-1.9052760601043701,0.2954162061214447,0.0007,-0.013631820678710938,-0.8674386739730835,263,-16.87212009375,0.0,150.0
6769,5300,265,0,-1.9057426452636719,0.22457997500896454,0.0007,0.001918494701385498,-0.8120953440666199,264,-16.87212009375,0.0,150.0
6769,5320,266,0,-1.9007236957550049,0.20303305983543396,0.0007,0.011759579181671143,-0.2378300130367279,265,-16.87212009375,0.0,150.0
6773,5340,267,0,-1.9129632711410522,0.252890020608902,0.0007,0.011133551597595215,-0.8660799264907837,266,-16.87212009375,0.0,150.0
6776,5360,268,0,-1.8984956741333008,0.32869940996170044,0.0007,0.013804256916046143,-0.8738279342651367,267,-16.87212009375,0.0,150.0
6779,5380,269,0,-1.9081417322158813,0.3707217276096344,0.0007,0.013981103897094727,-0.7909790277481079,268,-16.87212009375,0.0,150.0
6780,5400,270,0,-1.9332606792449951,0.2817207872867584,0.0007,-0.0009196996688842773,-0.7243165373802185,269,-17.201782527777777,0.0,150.0
6781,5420,271,0,-1.9575917720794678,0.23935651779174805,0.0007,0.014793217182159424,-0.8576348423957825,270,-17.201782527777777,0.0,150.0
6783,5440,272,0,-2.062936305999756,0.06399746239185333,0.0007,0.7439683675765991,0.3959595561027527,271,-17.201782527777777,0.0,150.0
6787,5460,273,0,-2.06170654296875,0.1384119689464569,0.0007,0.6974745988845825,0.4977734088897705,272,-17.201782527777777,0.0,150.0
6790,5480,274,0,-2.056696653366089,0.08195843547582626,0.0007,0.6852420568466187,-0.033617399632930756,273,-17.201782527777777,0.0,150.0
6793,5500,275,0,-2.088315963745117,0.060240618884563446,0.0007,0.7887687683105469,0.34377408027648926,274,-17.201782527777777,0.0,150.0
6794,5520,276,0,-2.0893006324768066,0.1505853831768036,0.0007,0.7555386424064636,-0.17598198354244232,275,-17.201782527777777,0.0,150.0
6794,5540,277,0,-2.038024425506592,0.41000914573669434,0.0007,0.7088445425033569,0.2613459825515747,276,-17.201782527777777,0.0,150.0
6798,5560,278,0,-2.021754741668701,0.12275700271129608,0.0007,0.9320290088653564,-0.14092428982257843,277,-17.201782527777777,0.0,150.0
6801,5580,279,0,-2.001046657562256,0.2509545385837555,0.0007,0.9362996816635132,0.22678165137767792,278,-17.201782527777777,0.0,150.0
6805,5600,280,0,-1.9944756031036377,0.08629308640956879,0.0007,0.989871621131897,0.40881091356277466,279,-17.201782527777777,0.0,150.0
6808,5620,281,0,-2.0027670860290527,0.587091326713562,0.0007,0.8862766623497009,0.6371989250183105,280,-17.201782527777777,0.0,150.0
6811,5640,282,0,-2.0108838081359863,0.32922232151031494,0.0007,0.9227877855300903,0.03794118016958237,281,-17.201782527777777,0.0,150.0
6815,5660,283,0,-1.9811763763427734,0.8720413446426392,0.0007,0.5507911443710327,0.29634127020835876,282,-17.201782527777777,0.0,150.0
6816,5680,284,0,-2.0113606452941895,0.1627805083990097,0.0007,0.9313386678695679,-0.36385372281074524,283,-17.201782527777777,0.0,150.0
6820,5700,285,0,-2.013456344604492,0.03289150446653366,0.0007,0.9730242490768433,-0.057526398450136185,284,-17.201782527777777,0.0,150.0
6824,5720,286,0,-2.0503432750701904,0.15744571387767792,0.0007,0.9503656625747681,-0.649048388004303,285,-17.201782527777777,0.0,150.0
6828,5740,287,0,-2.0469744205474854,0.186879962682724,0.0007,0.852567732334137,-0.5071280598640442,286,-17.201782527777777,0.0,150.0
6831,5760,288,0,-2.0632357597351074,0.11028476059436798,0.0007,0.901236891746521,-0.3286973536014557,287,-17.201782527777777,0.0,150.0
6835,5780,289,0,-2.0858654975891113,0.18172627687454224,0.0007,0.8475569486618042,-0.650915801525116,288,-17.201782527777777,0.0,150.0
6838,5800,290,0,-2.0865635871887207,0.2642967104911804,0.0007,0.692801833152771,-0.7134586572647095,289,-17.201782527777777,0.0,150.0
6841,5820,291,0,-2.0911688804626465,0.42784684896469116,0.0007,0.528853178024292,-0.6209268569946289,290,-17.201782527777777,0.0,150.0
6844,5840,292,0,-2.1105074882507324,0.5510812997817993,0.0007,0.42643576860427856,-0.4391957223415375,291,-17.201782527777777,0.0,150.0
6847,5860,293,0,-2.0506110191345215,0.5061527490615845,0.0007,0.5134614706039429,-1.0382815599441528,292,-17.201782527777777,0.0,150.0
6850,5880,294,0,-2.0506556034088135,0.4168311655521393,0.0007,0.4573609232902527,-0.8906248211860657,293,-17.201782527777777,0.0,150.0
6854,5900,295,0,-2.0389466285705566,0.40708819031715393,0.0007,0.4763936996459961,-0.9857559204101562,294,-17.201782527777777,0.0,150.0
6857,5920,296,0,-2.033419132232666,0.4860765039920807,0.0007,0.3611854910850525,-0.8862726092338562,295,-17.201782527777777,0.0,150.0
6860,5940,297,0,-2.057844400405884,0.33757516741752625,0.0007,0.29245948791503906,-0.8484012484550476,296,-17.201782527777777,0.0,150.0
6863,5960,298,0,-2.0464296340942383,0.39594125747680664,0.0007,0.2508154511451721,-0.886738657951355,297,-17.201782527777777,0.0,150.0
6865,5980,299,0,-2.055384397506714,0.2689521908760071,0.0007,0.2526893615722656,-0.6641982793807983,298,-17.201782527777777,0.0,150.0
6866,6000,300,0,-2.0697109699249268,0.19918373227119446,0.0007,0.2762008309364319,-0.6322881579399109,299,-17.504944375,0.0,150.0
6868,6020,301,0,-2.07407808303833,0.20994801819324493,0.0007,0.2564823031425476,-0.7493573427200317,300,-17.504944375,0.0,150.0
6869,6040,302,0,-2.125502347946167,0.07727552950382233,0.0007,0.5779987573623657,-0.35442131757736206,301,-17.504944375,0.0,150.0
6871,6060,303,0,-2.125074863433838,0.1190023198723793,0.0007,0.6048226356506348,-0.002125341445207596,302,-17.504944375,0.0,150.0
6874,6080,304,0,-2.0679993629455566,0.05328251048922539,0.0007,0.8679049015045166,-0.17812272906303406,303,-17.504944375,0.0,150.0
6876,6100,305,0,-2.0652215480804443,0.06414663791656494,0.0007,0.8255192041397095,-0.21557387709617615,304,-17.504944375,0.0,150.0
6879,6120,306,0,-2.0579209327697754,0.032008446753025055,0.0007,0.8674060702323914,0.06343051046133041,305,-17.504944375,0.0,150.0
6882,6140,307,0,-2.0395686626434326,0.35778194665908813,0.0007,0.7901198267936707,0.881478488445282,306,-17.504944375,0.0,150.0
6884,6160,308,0,-2.0443625450134277,0.027072802186012268,0.0007,0.9649407267570496,0.038335494697093964,307,-17.504944375,0.0,150.0
6887,6180,309,0,-2.061508893966675,0.16398745775222778,0.0007,0.9126587510108948,0.28245872259140015,308,-17.504944375,0.0,150.0
6890,6200,310,0,-2.0550215244293213,0.014676736667752266,0.0007,0.994081974029541,0.1504625380039215,309,-17.504944375,0.0,150.0
6893,6220,311,0,-2.0800869464874268,0.2635013461112976,0.0007,0.9025529026985168,0.357684463262558,310,-17.504944375,0.0,150.0
6896,6240,312,0,-2.0602917671203613,0.16130927205085754,0.0007,0.9468315243721008,-0.16854755580425262,311,-17.504944375,0.0,150.0
6897,6260,313,0,-2.061246395111084,0.01416565477848053,0.0007,0.9933735728263855,0.10762794315814972,312,-17.504944375,0.0,150.0
6898,6280,314,0,-2.084080696105957,0.13566353917121887,0.0007,0.9489051103591919,0.354621946811676,313,-17.504944375,0.0,150.0
6901,6300,315,0,-2.069851875305176,0.10035549104213715,0.0007,0.9846346378326416,-0.5222110748291016,314,-17.504944375,0.0,150.0
6904,6320,316,0,-2.0703413486480713,0.12423507869243622,0.0007,0.9551270604133606,-0.3624374270439148,315,-17.504944375,0.0,150.0
6907,6340,317,0,-2.070890426635742,0.33793121576309204,0.0007,0.5871403217315674,-0.7260233163833618,316,-17.504944375,0.0,150.0
6910,6360,318,0,-2.0582172870635986,0.28198808431625366,0.0007,0.5202439427375793,-0.002396225929260254,317,-17.504944375,0.0,150.0
6912,6380,319,0,-2.026059627532959,0.13332176208496094,0.0007,0.8780665397644043,-0.5122626423835754,318,-17.504944375,0.0,150.0
6915,6400,320,0,-2.015855312347412,0.1587279886007309,0.0007,0.8953951597213745,-0.6663243770599365,319,-17.504944375,0.0,150.0
6917,6420,321,0,-2.0183353424072266,0.26986128091812134,0.0007,0.5968141555786133,-0.4124296307563782,320,-17.504944375,0.0,150.0
6919,6440,322,0,-2.001190662384033,0.6579924821853638,0.0007,0.3985747694969177,0.2937794327735901,321,-17.504944375,0.0,150.0
6922,6460,323,0,-2.0081734657287598,0.39842480421066284,0.0007,0.8273999691009521,-0.9981788396835327,322,-17.504944375,0.0,150.0
6923,6480,324,0,-1.9976980686187744,0.2370302379131317,0.0007,0.874413013458252,-0.7167929410934448,323,-17.504944375,0.0,150.0
6926,6500,325,0,-2.0049939155578613,0.32601526379585266,0.0007,0.8446592092514038,-0.8041739463806152,324,-17.504944375,0.0,150.0
6929,6520,326,0,-2.0139851570129395,0.28531524538993835,0.0007,0.8439887762069702,-0.7624934911727905,325,-17.504944375,0.0,150.0
6932,6540,327,0,-2.015650987625122,0.2893134355545044,0.0007,0.8446347713470459,-0.7432359457015991,326,-17.504944375,0.0,150.0
6935,6560,328,0,-2.022956132888794,0.26999372243881226,0.0007,0.8486891984939575,-0.6182555556297302,327,-17.504944375,0.0,150.0
6937,6580,329,0,-2.03192138671875,0.32384806871414185,0.0007,0.834919810295105,-0.8550298810005188,328,-17.504944375,0.0,150.0
6938,6600,330,0,-2.0390336513519287,0.24447226524353027,0.0007,0.8362177014350891,-0.7072291374206543,329,-17.691166522727276,0.0,150.0
6940,6620,331,0,-2.0513477325439453,0.25616446137428284,0.0007,0.7810646295547485,-0.765389084815979,330,-17.691166522727276,0.0,150.0
6943,6640,332,0,-2.072995901107788,0.08898703753948212,0.0007,0.7738399505615234,-0.14613160490989685,331,-17.691166522727276,0.0,150.0
6946,6660,333,0,-2.0562641620635986,0.322929322719574,0.0007,0.578437864780426,0.20184211432933807,332,-17.691166522727276,0.0,150.0
6949,6680,334,0,-2.062303066253662,0.08875329792499542,0.0007,0.9268256425857544,-0.18430832028388977,333,-17.691166522727276,0.0,150.0
6952,6700,335,0,-2.0511109828948975,0.0649178996682167,0.0007,0.9458634257316589,0.044361215084791183,334,-17.691166522727276,0.0,150.0
6955,6720,336,0,-2.0295472145080566,0.020965052768588066,0.0007,0.9879758954048157,-0.008676436729729176,335,-17.691166522727276,0.0,150.0
6958,6740,337,0,-2.02016019821167,0.08718197047710419,0.0007,0.9773437976837158,-0.26939496397972107,336,-17.691166522727276,0.0,150.0
6960,6760,338,0,-2.026423692703247,0.30861029028892517,0.0007,0.8754664063453674,-0.8304721713066101,337,-17.691166522727276,0.0,150.0
6963,6780,339,0,-2.0242302417755127,0.1312703788280487,0.0007,0.7235535979270935,-0.22212061285972595,338,-17.691166522727276,0.0,150.0
6965,6800,340,0,-2.0353360176086426,0.05828546732664108,0.0007,0.6915689706802368,-0.18240614235401154,339,-17.691166522727276,0.0,150.0
6968,6820,341,0,-2.0739798545837402,0.04500584304332733,0.0007,0.20973950624465942,0.10763506591320038,340,-17.691166522727276,0.0,150.0
6970,6840,342,0,-2.0595641136169434,0.024458587169647217,0.0007,0.30500543117523193,-0.006719992961734533,341,-17.691166522727276,0.0,150.0
6973,6860,343,0,-2.0753283500671387,0.037339068949222565,0.0007,0.16574227809906006,-0.12239126861095428,342,-17.691166522727276,0.0,150.0
6975,6880,344,0,-2.0845253467559814,0.7503071427345276,0.0007,-0.05562090873718262,0.4113268256187439,343,-17.691166522727276,0.0,150.0
6978,6900,345,0,-2.079209804534912,0.06293120980262756,0.0007,0.2578718066215515,0.08540806174278259,344,-17.691166522727276,0.0,150.0
6979,6920,346,0,-2.112504005432129,0.9206873178482056,0.0007,0.18813127279281616,0.779956579208374,345,-17.691166522727276,0.0,150.0
6982,6940,347,0,-2.101957321166992,0.05433812737464905,0.0007,0.33469122648239136,-0.2781248092651367,346,-17.691166522727276,0.0,150.0
6985,6960,348,0,-2.0731921195983887,1.2451250553131104,0.0007,-0.03316628932952881,0.9852391481399536,347,-17.691166522727276,0.0,150.0
6988,6980,349,0,-2.0837924480438232,0.23545126616954803,0.0007,0.07147693634033203,0.6332008242607117,348,-17.691166522727276,0.0,150.0
6991,7000,350,1,-2.0973401069641113,0.0973869264125824,0.0007,-0.5841975212097168,-0.3181735873222351,349,-17.691166522727276,0.0,150.0
6994,7020,351,1,-2.0816681385040283,0.14442114531993866,0.0007,-0.02795255184173584,-0.14635641872882843,350,-17.691166522727276,0.0,150.0
6997,7040,352,1,-2.07560396194458,0.08601915091276169,0.0007,-0.03708291053771973,-0.20085230469703674,351,-17.691166522727276,0.0,150.0
6999,7060,353,1,-2.053511142730713,0.028961915522813797,0.0007,-0.005013227462768555,-0.21609607338905334,352,-17.691166522727276,0.0,150.0
7002,7080,354,1,-2.0399088859558105,0.10150934755802155,0.0007,0.11728626489639282,-0.4415316581726074,353,-17.691166522727276,0.0,150.0
7004,7100,355,1,-2.056731700897217,0.28631433844566345,0.0007,0.03976023197174072,0.2835187315940857,354,-17.691166522727276,0.0,150.0
7007,7120,356,1,-2.1020359992980957,0.13470548391342163,0.0007,0.10399538278579712,-0.3558728098869324,355,-17.691166522727276,0.0,150.0
7010,7140,357,1,-2.1189687252044678,0.275990754365921,0.0007,0.05032092332839966,-0.500523567199707,356,-17.691166522727276,0.0,150.0
7013,7160,358,1,-2.111581325531006,0.20309409499168396,0.0007,0.08607006072998047,-0.6908993124961853,357,-17.691166522727276,0.0,150.0
7015,7180,359,1,-2.1042938232421875,0.2422320395708084,0.0007,0.03887832164764404,-0.26991528272628784,358,-17.691166522727276,0.0,150.0
7016,7200,360,1,-2.1308541297912598,0.14992952346801758,0.0007,0.10445970296859741,-0.6547917127609253,359,-17.6533544375,0.0,150.0
7018,7220,361,1,-2.121371030807495,0.20186583697795868,0.0007,0.045675694942474365,-0.19676446914672852,360,-17.6533544375,0.0,150.0
7020,7240,362,1,-2.1177332401275635,0.23994584381580353,0.0007,0.8620877265930176,0.8469365239143372,361,-17.6533544375,0.0,150.0
7022,7260,363,1,-2.1277828216552734,0.16873539984226227,0.0007,0.8116803765296936,-0.18857643008232117,362,-17.6533544375,0.0,150.0
7024,7280,364,1,-2.1307339668273926,0.07767904549837112,0.0007,0.8923298120498657,0.16450580954551697,363,-17.6533544375,0.0,150.0
7027,7300,365,1,-2.1638476848602295,0.10054538398981094,0.0007,0.9191424250602722,0.2296522557735443,364,-17.6533544375,0.0,150.0
7029,7320,366,1,-2.1743593215942383,0.02251667156815529,0.0007,0.9892328381538391,-0.11291488260030746,365,-17.6533544375,0.0,150.0
7031,7340,367,1,-2.1718506813049316,0.08573468029499054,0.0007,0.9668278098106384,0.40031877160072327,366,-17.6533544375,0.0,150.0
7033,7360,368,1,-2.158191204071045,0.08486191183328629,0.0007,0.9622906446456909,-0.35278427600860596,367,-17.6533544375,0.0,150.0
7035,7380,369,1,-2.1596181392669678,0.018140289932489395,0.0007,0.9871705174446106,-0.18795886635780334,368,-17.6533544375,0.0,150.0
7037,7400,370,1,-2.1677629947662354,0.054412294179201126,0.0007,0.801580548286438,-0.12168484926223755,369,-17.6533544375,0.0,150.0
7040,7420,371,1,-2.1622447967529297,0.06447174400091171,0.0007,0.761244535446167,0.03107493557035923,370,-17.6533544375,0.0,150.0
7043,7440,372,1,-2.133796215057373,0.10917267948389053,0.0007,0.7935841083526611,-0.2718094289302826,371,-17.6533544375,0.0,150.0
7046,7460,373,1,-2.107767105102539,0.10724548995494843,0.0007,0.8408011198043823,-0.23181374371051788,372,-17.6533544375,0.0,150.0
7048,7480,374,1,-2.0998082160949707,0.07687463611364365,0.0007,0.9222046732902527,-0.45849695801734924,373,-17.6533544375,0.0,150.0
7051,7500,375,1,-2.081108570098877,0.9823177456855774,0.0007,-0.26139211654663086,0.6348650455474854,374,-17.6533544375,0.0,150.0
7053,7520,376,1,-2.0904674530029297,0.06926668435335159,0.0007,0.4567202925682068,-0.2675630450248718,375,-17.6533544375,0.0,150.0
7055,7540,377,1,-2.0507845878601074,1.0060884952545166,0.0007,-0.17844915390014648,1.061105489730835,376,-17.6533544375,0.0,150.0
7056,7560,378,1,-2.0389461517333984,0.057245612144470215,0.0007,0.01287919282913208,-0.20224730670452118,377,-17.6533544375,0.0,150.0
7058,7580,379,1,-2.0643999576568604,0.23383888602256775,0.0007,0.041337668895721436,0.0933765396475792,378,-17.6533544375,0.0,150.0
7060,7600,380,1,-2.0413098335266113,0.45985475182533264,0.0007,-0.08382654190063477,0.4844064712524414,379,-17.6533544375,0.0,150.0
7063,7620,381,1,-2.0461974143981934,0.235980823636055,0.0007,0.07394886016845703,-0.039106499403715134,380,-17.6533544375,0.0,150.0
7065,7640,382,1,-1.9309196472167969,0.1157510057091713,0.0007,0.15676867961883545,-0.17107602953910828,381,-17.6533544375,0.0,150.0
7068,7660,383,1,-1.9660850763320923,0.0998549610376358,0.0007,-0.0011909008026123047,-0.3975406289100647,382,-17.6533544375,0.0,150.0
7071,7680,384,1,-1.9974391460418701,0.1876029074192047,0.0007,0.0657687783241272,-0.507809042930603,383,-17.6533544375,0.0,150.0
7074,7700,385,1,-2.0043904781341553,0.11421708762645721,0.0007,0.11562472581863403,-0.2898394763469696,384,-17.6533544375,0.0,150.0
7075,7720,386,1,-2.042569637298584,0.1739979088306427,0.0007,0.08043491840362549,-0.5174277424812317,385,-17.6533544375,0.0,150.0
7078,7740,387,1,-2.057785749435425,0.19451721012592316,0.0007,0.07282191514968872,-0.4099242091178894,386,-17.6533544375,0.0,150.0
7080,7760,388,1,-2.0544800758361816,0.04399671033024788,0.0007,0.05778181552886963,-0.2973804473876953,387,-17.6533544375,0.0,150.0
7082,7780,389,1,-2.0587375164031982,0.36946654319763184,0.0007,0.043836236000061035,-0.09631264954805374,388,-17.6533544375,0.0,150.0
7083,7800,390,1,-2.0719566345214844,0.2141355574131012,0.0007,0.06061077117919922,-0.5726486444473267,389,-17.733335942307694,0.0,150.0
7084,7820,391,1,-2.0895140171051025,0.26421210169792175,0.0007,0.04720413684844971,-0.18344736099243164,390,-17.733335942307694,0.0,150.0
7086,7840,392,1,-2.1124062538146973,0.024037476629018784,0.0007,0.9769321084022522,0.23061904311180115,391,-17.733335942307694,0.0,150.0
7088,7860,393,1,-2.120204210281372,0.14700959622859955,0.0007,0.8130300045013428,-0.21034789085388184,392,-17.733335942307694,0.0,150.0
7091,7880,394,1,-2.1223254203796387,0.07737936824560165,0.0007,0.8016483783721924,0.09846540540456772,393,-17.733335942307694,0.0,150.0
7093,7900,395,1,-2.076876401901245,0.10331013053655624,0.0007,0.7916786670684814,0.20725731551647186,394,-17.733335942307694,0.0,150.0
7094,7920,396,1,-2.0633552074432373,0.06503301858901978,0.0007,0.8501169681549072,0.023549681529402733,395,-17.733335942307694,0.0,150.0
7091,7940,397,1,-2.131819725036621,0.06857205927371979,0.0007,0.9277896285057068,0.18906626105308533,396,-17.733335942307694,0.0,150.0
7093,7960,398,1,-2.1274101734161377,0.053690530359745026,0.0007,0.9670764207839966,0.08254853636026382,397,-17.733335942307694,0.0,150.0
7095,7980,399,1,-2.126950740814209,0.03366345167160034,0.0007,0.9922287464141846,-0.24306830763816833,398,-17.733335942307694,0.0,150.0
7097,8000,400,1,-2.123680830001831,1.5075018405914307,0.0007,0.8090927004814148,1.3941088914871216,399,-17.733335942307694,0.0,150.0
7098,8020,401,1,-2.11964750289917,0.5028001070022583,0.0007,0.9525160193443298,0.544611394405365,400,-17.733335942307694,0.0,150.0
7100,8040,402,1,-2.112715721130371,0.38142603635787964,0.0007,0.9873023629188538,-1.1707080602645874,401,-17.733335942307694,0.0,150.0
7101,8060,403,1,-2.1139657497406006,0.06342574208974838,0.0007,0.9894996285438538,-0.17164835333824158,402,-17.733335942307694,0.0,150.0
7102,8080,404,1,-2.0812888145446777,0.7005631923675537,0.0007,0.7927148342132568,0.5724456906318665,403,-17.733335942307694,0.0,150.0
7102,8100,405,1,-2.091179609298706,0.5169194340705872,0.0007,0.8930071592330933,1.024763822555542,404,-17.733335942307694,0.0,150.0
7104,8120,406,1,-2.110414505004883,0.23857399821281433,0.0007,0.92790687084198,0.02672860026359558,405,-17.733335942307694,0.0,150.0
7105,8140,407,1,-2.11327862739563,0.2672249972820282,0.0007,0.9197583794593811,-0.27316340804100037,406,-17.733335942307694,0.0,150.0
7107,8160,408,1,-2.095327854156494,0.04783954098820686,0.0007,0.9752854704856873,-0.11248882114887238,407,-17.733335942307694,0.0,150.0
7109,8180,409,1,-2.056641101837158,0.45398759841918945,0.0007,0.7493845224380493,-0.3313356041908264,408,-17.733335942307694,0.0,150.0
7111,8200,410,1,-2.0318100452423096,0.3345845341682434,0.0007,0.695881724357605,0.10746949911117554,409,-17.733335942307694,0.0,150.0
7113,8220,411,1,-2.070352792739868,0.26393574476242065,0.0007,0.8971736431121826,-0.6290475130081177,410,-17.733335942307694,0.0,150.0
7115,8240,412,1,-2.0916597843170166,0.09887104481458664,0.0007,0.8508387207984924,-0.255445271730423,411,-17.733335942307694,0.0,150.0
7116,8260,413,1,-2.09909987449646,0.12565772235393524,0.0007,0.8598954677581787,-0.47921934723854065,412,-17.733335942307694,0.0,150.0
7118,8280,414,1,-2.117549180984497,0.1034640222787857,0.0007,0.7971336245536804,-0.2817089557647705,413,-17.733335942307694,0.0,150.0
7119,8300,415,1,-2.1011710166931152,0.16983909904956818,0.0007,0.7887915372848511,-0.5665546655654907,414,-17.733335942307694,0.0,150.0
7121,8320,416,1,-2.1093389987945557,0.1429276168346405,0.0007,0.6435941457748413,-0.18290778994560242,415,-17.733335942307694,0.0,150.0
7123,8340,417,1,-2.1302342414855957,0.1030844897031784,0.0007,0.8012145161628723,-0.3861868381500244,416,-17.733335942307694,0.0,150.0
7125,8360,418,1,-2.144037961959839,0.1410898119211197,0.0007,0.6925225257873535,-0.3274382948875427,417,-17.733335942307694,0.0,150.0
7125,8380,419,1,-2.161489486694336,0.09026980400085449,0.0007,0.657684326171875,-0.44923949241638184,418,-17.733335942307694,0.0,150.0
7125,8400,420,1,-2.1563477516174316,0.04308324307203293,0.0007,0.7111579179763794,-0.3123847544193268,419,-17.520347839285712,0.0,150.0
7127,8420,421,1,-2.1642136573791504,0.04340260475873947,0.0007,0.4930933117866516,-0.30938491225242615,420,-17.520347839285712,0.0,150.0
7130,8440,422,1,-2.1724884510040283,0.11352650821208954,0.0007,0.9193294048309326,-0.018628180027008057,421,-17.520347839285712,0.0,150.0
7131,8460,423,1,-2.16267728805542,0.08424770832061768,0.0007,0.9847836494445801,-0.44190317392349243,422,-17.520347839285712,0.0,150.0
7132,8480,424,1,-2.1622438430786133,0.062034644186496735,0.0007,0.9769536852836609,-0.04059585928916931,423,-17.520347839285712,0.0,150.0
7134,8500,425,1,-2.143275737762451,0.3483133316040039,0.0007,0.9396926164627075,-0.1457429826259613,424,-17.520347839285712,0.0,150.0
7136,8520,426,1,-2.1371548175811768,0.04026913642883301,0.0007,0.9942640662193298,0.12710407376289368,425,-17.520347839285712,0.0,150.0
7137,8540,427,1,-2.1414222717285156,0.22803142666816711,0.0007,0.9938945174217224,-0.8185458183288574,426,-17.520347839285712,0.0,150.0
7139,8560,428,1,-2.1444056034088135,0.021642249077558517,0.0007,0.9969678521156311,-0.0561814084649086,427,-17.520347839285712,0.0,150.0
7141,8580,429,1,-2.15305757522583,0.06505032628774643,0.0007,0.9932710528373718,-0.27356022596359253,428,-17.520347839285712,0.0,150.0
7143,8600,430,1,-2.158086061477661,0.22346603870391846,0.0007,0.9581271409988403,0.2337695062160492,429,-17.520347839285712,0.0,150.0
7144,8620,431,1,-2.158867359161377,0.1364973932504654,0.0007,0.9919437766075134,-0.6177471280097961,430,-17.520347839285712,0.0,150.0
7143,8640,432,1,-2.1629090309143066,0.048995524644851685,0.0007,0.9929234981536865,-0.36983901262283325,431,-17.520347839285712,0.0,150.0
7143,8660,433,1,-2.165601968765259,0.056867003440856934,0.0007,0.9633399248123169,-0.23195123672485352,432,-17.520347839285712,0.0,150.0
7145,8680,434,1,-2.166849374771118,0.12645170092582703,0.0007,0.892188549041748,0.2569675147533417,433,-17.520347839285712,0.0,150.0
7146,8700,435,1,-2.1757235527038574,1.101891279220581,0.0007,0.3691709637641907,0.9364262819290161,434,-17.520347839285712,0.0,150.0
7148,8720,436,1,-2.1718482971191406,0.05295630544424057,0.0007,0.9638099074363708,-0.18949925899505615,435,-17.520347839285712,0.0,150.0
7150,8740,437,1,-2.171220541000366,0.06565983593463898,0.0007,0.9754288196563721,-0.38099759817123413,436,-17.520347839285712,0.0,150.0
7152,8760,438,1,-2.1717369556427,1.0779547691345215,0.0007,0.20060324668884277,0.8240754008293152,437,-17.520347839285712,0.0,150.0
7153,8780,439,1,-2.1751081943511963,0.06601826101541519,0.0007,0.9383938312530518,-0.2079043835401535,438,-17.520347839285712,0.0,150.0
7155,8800,440,1,-2.178596019744873,0.059970032423734665,0.0007,0.9814502596855164,-0.4218819737434387,439,-17.520347839285712,0.0,150.0
7156,8820,441,1,-2.182868242263794,0.7029443979263306,0.0007,0.4661760926246643,0.49902909994125366,440,-17.520347839285712,0.0,150.0
7158,8840,442,1,-2.178647041320801,0.1097254753112793,0.0007,0.9513804912567139,-0.5743488669395447,441,-17.520347839285712,0.0,150.0
7159,8860,443,1,-2.1794841289520264,0.28068405389785767,0.0007,0.6957844495773315,0.18856719136238098,442,-17.520347839285712,0.0,150.0
7161,8880,444,1,-2.167541265487671,0.26892343163490295,0.0007,0.8127275109291077,0.4075736105442047,443,-17.520347839285712,0.0,150.0
7163,8900,445,1,-2.1566519737243652,0.06934098899364471,0.0007,0.9750450849533081,-0.4494013786315918,444,-17.520347839285712,0.0,150.0
7164,8920,446,1,-2.1349594593048096,0.11346966028213501,0.0007,0.8680170774459839,0.16240587830543518,445,-17.520347839285712,0.0,150.0
7166,8940,447,1,-2.1038002967834473,0.11510245501995087,0.0007,0.9357824325561523,-0.43388015031814575,446,-17.520347839285712,0.0,150.0
7168,8960,448,1,-2.121539354324341,0.08910677582025528,0.0007,0.9528912305831909,-0.49276676774024963,447,-17.520347839285712,0.0,150.0
7170,8980,449,1,-2.12799334526062,0.12713448703289032,0.0007,0.8002241849899292,0.079653799533844,448,-17.520347839285712,0.0,150.0
7170,9000,450,1,-2.088357925415039,0.044698722660541534,0.0007,0.9384258985519409,-0.014120501466095448,449,-17.507350916666667,0.0,150.0
7171,9020,451,1,-2.0964443683624268,0.14566919207572937,0.0007,0.9152889251708984,-0.5533097386360168,450,-17.507350916666667,0.0,150.0
7172,9040,452,1,-2.128690719604492,0.5094506144523621,0.0007,0.2981892228126526,-0.898240864276886,451,-17.507350916666667,0.0,150.0
7174,9060,453,1,-2.131591796875,0.21322651207447052,0.0007,0.8187872767448425,-0.6761268973350525,452,-17.507350916666667,0.0,150.0
7175,9080,454,1,-2.1270413398742676,0.11612509191036224,0.0007,0.9393986463546753,-0.5775204300880432,453,-17.507350916666667,0.0,150.0
7175,9100,455,1,-2.121764898300171,0.027547191828489304,0.0007,0.9325573444366455,0.14920619130134583,454,-17.507350916666667,0.0,150.0
7177,9120,456,1,-2.143275737762451,0.20631861686706543,0.0007,0.8281541466712952,0.259412556886673,455,-17.507350916666667,0.0,150.0
7179,9140,457,1,-2.147932291030884,0.06931079924106598,0.0007,0.930971086025238,-0.07171577960252762,456,-17.507350916666667,0.0,150.0
7178,9160,458,1,-2.1208462715148926,0.05297836661338806,0.0007,0.9231887459754944,0.16431824862957,457,-17.507350916666667,0.0,150.0
7180,9180,459,1,-2.109818696975708,0.4136215150356293,0.0007,0.7627211809158325,0.2608564496040344,458,-17.507350916666667,0.0,150.0
7182,9200,460,1,-2.0795023441314697,0.03538031503558159,0.0007,0.9655145406723022,0.043760716915130615,459,-17.507350916666667,0.0,150.0
7183,9220,461,1,-2.127782106399536,0.7484844923019409,0.0007,0.581496000289917,0.670630156993866,460,-17.507350916666667,0.0,150.0
7185,9240,462,1,-2.1145358085632324,0.27431720495224,0.0007,0.8132714629173279,0.25069141387939453,461,-17.507350916666667,0.0,150.0
7187,9260,463,1,-2.098336696624756,0.07833021134138107,0.0007,0.9472320675849915,0.08350754529237747,462,-17.507350916666667,0.0,150.0
7188,9280,464,1,-2.096198081970215,0.31787005066871643,0.0007,0.7356849908828735,-0.31455162167549133,463,-17.507350916666667,0.0,150.0
7189,9300,465,1,-2.0665650367736816,0.9415620565414429,0.0007,-0.2682119607925415,0.8057769536972046,464,-17.507350916666667,0.0,150.0
7191,9320,466,1,-2.065216541290283,1.702721357345581,0.0007,-0.39811015129089355,0.6974343061447144,465,-17.507350916666667,0.0,150.0
7193,9340,467,1,-2.078336477279663,0.09924900531768799,0.0007,0.852910041809082,-0.41018015146255493,466,-17.507350916666667,0.0,150.0
7195,9360,468,1,-2.0608150959014893,0.4854980409145355,0.0007,0.17726725339889526,-0.17642925679683685,467,-17.507350916666667,0.0,150.0
7197,9380,469,1,-1.974691390991211,0.8481799960136414,0.0007,0.5257893800735474,0.09677467495203018,468,-17.507350916666667,0.0,150.0
7199,9400,470,1,-1.9769443273544312,0.25742048025131226,0.0007,0.8120356798171997,-0.40696772933006287,469,-17.507350916666667,0.0,150.0
7200,9420,471,1,-1.9938160181045532,0.20464745163917542,0.0007,0.8019425868988037,-0.22130346298217773,470,-17.507350916666667,0.0,150.0
7201,9440,472,1,-2.056440830230713,0.13611140847206116,0.0007,0.8578068614006042,-0.40788477659225464,471,-17.507350916666667,0.0,150.0
7203,9460,473,1,-2.091945171356201,0.173221156001091,0.0007,0.6124042868614197,-0.606732964515686,472,-17.507350916666667,0.0,150.0
7205,9480,474,1,-2.102631092071533,0.046575650572776794,0.0007,0.6932615041732788,-0.32724326848983765,473,-17.507350916666667,0.0,150.0
7206,9500,475,1,-2.1056816577911377,0.1180853396654129,0.0007,0.47350823879241943,-0.5088904500007629,474,-17.507350916666667,0.0,150.0
7208,9520,476,1,-2.0802135467529297,0.04053041338920593,0.0007,0.6839281320571899,-0.31939831376075745,475,-17.507350916666667,0.0,150.0
7210,9540,477,1,-2.085653305053711,0.07653309404850006,0.0007,0.15562498569488525,-0.34824424982070923,476,-17.507350916666667,0.0,150.0
7211,9560,478,1,-2.0403854846954346,0.05439581349492073,0.0007,0.4061432480812073,0.0049604796804487705,477,-17.507350916666667,0.0,150.0
7213,9580,479,1,-2.0299277305603027,0.15856163203716278,0.0007,0.23837542533874512,-0.37694844603538513,478,-17.507350916666667,0.0,150.0
7213,9600,480,1,-2.047060489654541,0.17520132660865784,0.0007,0.24543827772140503,-0.7027289271354675,479,-17.6655180625,0.0,150.0
7215,9620,481,1,-2.077061653137207,0.11992776393890381,0.0007,0.19030123949050903,-0.49844250082969666,480,-17.6655180625,0.0,150.0
7216,9640,482,1,-2.082505464553833,0.41140422224998474,0.0007,0.8292621374130249,-0.45039358735084534,481,-17.6655180625,0.0,150.0
7218,9660,483,1,-2.0601606369018555,0.14371240139007568,0.0007,0.975687563419342,-0.6731619834899902,482,-17.6655180625,0.0,150.0
7220,9680,484,1,-2.0655531883239746,0.020210202783346176,0.0007,0.9800216555595398,0.07698102295398712,483,-17.6655180625,0.0,150.0
7222,9700,485,1,-2.091513156890869,0.1488172560930252,0.0007,0.920036792755127,0.34701067209243774,484,-17.6655180625,0.0,150.0
7223,9720,486,1,-2.0897719860076904,0.05985374376177788,0.0007,0.9680362939834595,0.07097960263490677,485,-17.6655180625,0.0,150.0
7225,9740,487,1,-2.1082561016082764,0.17586098611354828,0.0007,0.9256972074508667,0.493854284286499,486,-17.6655180625,0.0,150.0
7226,9760,488,1,-2.1297366619110107,0.1892355978488922,0.0007,0.9727489352226257,-0.6823161840438843,487,-17.6655180625,0.0,150.0
7228,9780,489,1,-2.135047674179077,2.0572571754455566,0.0007,0.6008625030517578,1.8351081609725952,488,-17.6655180625,0.0,150.0
7229,9800,490,1,-2.145681142807007,0.12288618087768555,0.0007,0.9601209163665771,-0.2935856282711029,489,-17.6655180625,0.0,150.0
7231,9820,491,1,-2.126204013824463,0.3908582031726837,0.0007,0.8788242340087891,0.32309579849243164,490,-17.6655180625,0.0,150.0
7232,9840,492,1,-2.124779462814331,0.12934522330760956,0.0007,0.9623335003852844,-0.061562180519104004,491,-17.6655180625,0.0,150.0
7234,9860,493,1,-2.093623161315918,0.20005834102630615,0.0007,0.9687480926513672,0.396295428276062,492,-17.6655180625,0.0,150.0
7235,9880,494,1,-2.104318857192993,0.22519798576831818,0.0007,0.9689556360244751,0.12273375689983368,493,-17.6655180625,0.0,150.0
7236,9900,495,1,-2.1198947429656982,0.24627061188220978,0.0007,0.9774865508079529,-0.2832561433315277,494,-17.6655180625,0.0,150.0
7238,9920,496,1,-2.1391570568084717,0.0926794782280922,0.0007,0.9905685186386108,0.07121749222278595,495,-17.6655180625,0.0,150.0
7240,9940,497,1,-2.120924711227417,0.7274169325828552,0.0007,0.948086142539978,0.5043262839317322,496,-17.6655180625,0.0,150.0
7240,9960,498,1,-2.114417314529419,0.16155192255973816,0.0007,0.9912576079368591,0.16123346984386444,497,-17.6655180625,0.0,150.0
7242,9980,499,1,-2.1197705268859863,0.8421012759208679,0.0007,0.9651039242744446,0.7682340145111084,498,-17.6655180625,0.0,150.0
7243,10000,500,1,-2.126178026199341,0.4797188639640808,0.0007,0.9799224734306335,-0.17353710532188416,499,-17.6655180625,0.0,150.0
7245,10020,501,1,-2.1357874870300293,0.1752457320690155,0.0007,0.9910942912101746,-0.5221589207649231,500,-17.6655180625,0.0,150.0
7247,10040,502,1,-2.129526376724243,0.2037545144557953,0.0007,0.9917272329330444,-0.7321738004684448,501,-17.6655180625,0.0,150.0
7248,10060,503,1,-2.134497880935669,0.10227686166763306,0.0007,0.9899938106536865,-0.4522152841091156,502,-17.6655180625,0.0,150.0
7249,10080,504,1,-2.138434648513794,0.41009753942489624,0.0007,0.9289799928665161,0.08046869188547134,503,-17.6655180625,0.0,150.0
7250,10100,505,1,-2.1410069465637207,0.14884957671165466,0.0007,0.9929935336112976,-0.659898579120636,504,-17.6655180625,0.0,150.0
7251,10120,506,1,-2.134885311126709,0.08905253559350967,0.0007,0.982977569103241,-0.07730362564325333,505,-17.6655180625,0.0,150.0
7252,10140,507,1,-2.1385416984558105,0.15660300850868225,0.0007,0.9591594338417053,-0.4109330177307129,506,-17.6655180625,0.0,150.0
7253,10160,508,1,-2.144698143005371,0.14897701144218445,0.0007,0.9650126099586487,-0.48253822326660156,507,-17.6655180625,0.0,150.0
7254,10180,509,1,-2.1521191596984863,0.1564774215221405,0.0007,0.9585692882537842,-0.3655666708946228,508,-17.6655180625,0.0,150.0
7254,10200,510,1,-2.164628505706787,0.11807967722415924,0.0007,0.9754282832145691,-0.3217394948005676,509,-17.39386844117647,0.0,150.0
7254,10220,511,1,-2.154224395751953,0.17883601784706116,0.0007,0.9864985942840576,-0.7379162907600403,510,-17.39386844117647,0.0,150.0
7256,10240,512,1,-2.1483473777770996,0.10792964696884155,0.0007,0.9475031495094299,-0.3960251212120056,511,-17.39386844117647,0.0,150.0
7257,10260,513,1,-2.1503703594207764,0.42967790365219116,0.0007,0.883280873298645,0.4934453070163727,512,-17.39386844117647,0.0,150.0
7258,10280,514,1,-2.1488137245178223,0.3056907057762146,0.0007,0.9536594748497009,-0.6556903719902039,513,-17.39386844117647,0.0,150.0
7260,10300,515,1,-2.150310754776001,0.21912913024425507,0.0007,0.9272933006286621,-0.23490819334983826,514,-17.39386844117647,0.0,150.0
7261,10320,516,1,-2.1595299243927,0.25482532382011414,0.0007,0.9176115989685059,-0.6260592341423035,515,-17.39386844117647,0.0,150.0
7262,10340,517,1,-2.1582932472229004,0.5110109448432922,0.0007,0.8663192391395569,0.34611767530441284,516,-17.39386844117647,0.0,150.0
7264,10360,518,1,-2.144956111907959,0.2582716941833496,0.0007,0.9579747319221497,-0.694566547870636,517,-17.39386844117647,0.0,150.0
7265,10380,519,1,-2.143033266067505,0.3253725469112396,0.0007,0.9078532457351685,-0.640757143497467,518,-17.39386844117647,0.0,150.0
7267,10400,520,1,-2.1514482498168945,0.10527002811431885,0.0007,0.9473093748092651,0.0567363016307354,519,-17.39386844117647,0.0,150.0
7268,10420,521,1,-2.1615097522735596,0.2852611839771271,0.0007,0.9285597801208496,-0.1183645948767662,520,-17.39386844117647,0.0,150.0
7270,10440,522,1,-2.1509203910827637,0.23029673099517822,0.0007,0.9652280807495117,0.39102694392204285,521,-17.39386844117647,0.0,150.0
7271,10460,523,1,-2.139942169189453,0.21531538665294647,0.0007,0.9838999509811401,0.6188352704048157,522,-17.39386844117647,0.0,150.0
7273,10480,524,1,-2.137192964553833,0.07911475002765656,0.0007,0.9935121536254883,-0.12169931083917618,523,-17.39386844117647,0.0,150.0
7274,10500,525,1,-2.1382269859313965,0.15144404768943787,0.0007,0.9922676682472229,-0.46104860305786133,524,-17.39386844117647,0.0,150.0
7275,10520,526,1,-2.1274545192718506,0.09897647798061371,0.0007,0.987739622592926,-0.1822570264339447,525,-17.39386844117647,0.0,150.0
7276,10540,527,1,-2.1328303813934326,0.18028216063976288,0.0007,0.9621385931968689,-0.3067747950553894,526,-17.39386844117647,0.0,150.0
7278,10560,528,1,-2.1329922676086426,0.8753616213798523,0.0007,0.9006576538085938,0.41306203603744507,527,-17.39386844117647,0.0,150.0
7279,10580,529,1,-2.125856876373291,0.4477500021457672,0.0007,0.9478203058242798,-0.48847460746765137,528,-17.39386844117647,0.0,150.0
7281,10600,530,1,-2.1240615844726562,0.5170230269432068,0.0007,0.8786650896072388,0.42160606384277344,529,-17.39386844117647,0.0,150.0
7282,10620,531,1,-2.137180805206299,0.45907536149024963,0.0007,0.9215454459190369,-0.029596764594316483,530,-17.39386844117647,0.0,150.0
7284,10640,532,1,-2.139246702194214,0.5372967720031738,0.0007,0.8596590161323547,-0.08628062903881073,531,-17.39386844117647,0.0,150.0
7285,10660,533,1,-2.1345319747924805,0.15388622879981995,0.0007,0.94286048412323,-0.4684530198574066,532,-17.39386844117647,0.0,150.0
7287,10680,534,1,-2.1258368492126465,0.2966243326663971,0.0007,0.860471785068512,-0.1063881665468216,533,-17.39386844117647,0.0,150.0
7288,10700,535,1,-2.1202216148376465,0.2390838861465454,0.0007,0.9288179278373718,-0.8692201375961304,534,-17.39386844117647,0.0,150.0
7289,10720,536,1,-2.1068975925445557,0.4157806932926178,0.0007,0.4012035131454468,-0.39876097440719604,535,-17.39386844117647,0.0,150.0
7290,10740,537,1,-2.0999064445495605,0.35168221592903137,0.0007,0.6399277448654175,-0.7273873090744019,536,-17.39386844117647,0.0,150.0
7292,10760,538,1,-2.119518756866455,0.25667017698287964,0.0007,0.5088385939598083,-0.6821683645248413,537,-17.39386844117647,0.0,150.0
7292,10780,539,1,-2.129465103149414,0.36946922540664673,0.0007,0.4589340090751648,-0.5581550598144531,538,-17.39386844117647,0.0,150.0
7292,10800,540,1,-2.1460092067718506,0.29631128907203674,0.0007,0.4195207953453064,-0.9892476797103882,539,-17.521008958333333,0.0,150.0
7293,10820,541,1,-2.145982265472412,0.24867141246795654,0.0007,0.26996856927871704,-0.9185768365859985,540,-17.521008958333333,0.0,150.0
7294,10840,542,1,-2.1683907508850098,0.12541213631629944,0.0007,0.9028559327125549,-0.26931867003440857,541,-17.521008958333333,0.0,150.0
7296,10860,543,1,-2.1726346015930176,0.029708057641983032,0.0007,0.9797815084457397,0.015287029556930065,542,-17.521008958333333,0.0,150.0
7297,10880,544,1,-2.1649231910705566,0.11348561197519302,0.0007,0.9565451741218567,-0.25694963335990906,543,-17.521008958333333,0.0,150.0
7298,10900,545,1,-2.1626973152160645,0.034614384174346924,0.0007,0.9857627749443054,-0.1644688844680786,544,-17.521008958333333,0.0,150.0
7300,10920,546,1,-2.160673141479492,0.061818502843379974,0.0007,0.9542783498764038,0.0495145246386528,545,-17.521008958333333,0.0,150.0
7301,10940,547,1,-2.15092396736145,0.1700734794139862,0.0007,0.9411870241165161,0.6369979381561279,546,-17.521008958333333,0.0,150.0
7303,10960,548,1,-2.147461175918579,0.17399752140045166,0.0007,0.9561811685562134,0.5179059505462646,547,-17.521008958333333,0.0,150.0
7304,10980,549,1,-2.14906644821167,0.030304014682769775,0.0007,0.9925642609596252,0.21618899703025818,548,-17.521008958333333,0.0,150.0
7305,11000,550,1,-2.144266366958618,0.16999024152755737,0.0007,0.9451130032539368,0.26206761598587036,549,-17.521008958333333,0.0,150.0
7307,11020,551,1,-2.1449108123779297,0.0643949806690216,0.0007,0.9814964532852173,0.13077542185783386,550,-17.521008958333333,0.0,150.0
7308,11040,552,1,-2.159790515899658,0.012224709615111351,0.0007,0.997200608253479,-0.0027815818320959806,551,-17.521008958333333,0.0,150.0
7307,11060,553,1,-2.1624064445495605,0.06763134896755219,0.0007,0.9939951300621033,0.40402817726135254,552,-17.521008958333333,0.0,150.0
7307,11080,554,1,-2.164548873901367,0.8850768804550171,0.0007,0.8667213916778564,0.636240541934967,553,-17.521008958333333,0.0,150.0
7308,11100,555,1,-2.161350965499878,0.27926573157310486,0.0007,0.953518271446228,0.6139200329780579,554,-17.521008958333333,0.0,150.0
7309,11120,556,1,-2.15504789352417,0.4251510202884674,0.0007,0.8879299759864807,0.41934719681739807,555,-17.521008958333333,0.0,150.0
7310,11140,557,1,-2.1578028202056885,0.8515704870223999,0.0007,0.892230749130249,0.4471595883369446,556,-17.521008958333333,0.0,150.0
7311,11160,558,1,-2.154003620147705,0.3796085715293884,0.0007,0.9223835468292236,-0.40373000502586365,557,-17.521008958333333,0.0,150.0
7312,11180,559,1,-2.146096706390381,0.09377887099981308,0.0007,0.9815633893013,-0.30598029494285583,558,-17.521008958333333,0.0,150.0
7313,11200,560,1,-2.1416077613830566,0.8479676246643066,0.0007,0.707175076007843,-0.5623239278793335,559,-17.521008958333333,0.0,150.0
7314,11220,561,1,-2.144160747528076,0.07806370407342911,0.0007,0.9486373066902161,-0.10781912505626678,560,-17.521008958333333,0.0,150.0
7315,11240,562,1,-2.131676197052002,0.09983913600444794,0.0007,0.9396322965621948,0.23592476546764374,561,-17.521008958333333,0.0,150.0
7316,11260,563,1,-2.140489101409912,0.11382381618022919,0.0007,0.9818377494812012,-0.6203852295875549,562,-17.521008958333333,0.0,150.0
7317,11280,564,1,-2.1426806449890137,0.8836787343025208,0.0007,0.7458409667015076,0.8262243270874023,563,-17.521008958333333,0.0,150.0
7318,11300,565,1,-2.126730442047119,0.47056514024734497,0.0007,0.8380827903747559,0.3079984784126282,564,-17.521008958333333,0.0,150.0
7319,11320,566,1,-2.1054491996765137,0.2833755910396576,0.0007,0.9437792897224426,-0.8648223876953125,565,-17.521008958333333,0.0,150.0
7320,11340,567,1,-2.103292226791382,0.5977798700332642,0.0007,0.7518932819366455,-0.8521877527236938,566,-17.521008958333333,0.0,150.0
7320,11360,568,1,-2.094998598098755,0.2539479434490204,0.0007,0.8111296892166138,-0.381625235080719,567,-17.521008958333333,0.0,150.0
7321,11380,569,1,-2.1031930446624756,0.7952203750610352,0.0007,0.7151976823806763,-0.2233944833278656,568,-17.521008958333333,0.0,150.0
7320,11400,570,1,-2.0804409980773926,0.28690654039382935,0.0007,0.9397580027580261,-0.8398882150650024,569,-17.14021410526316,0.0,150.0
7321,11420,571,1,-2.0809712409973145,0.2655390501022339,0.0007,0.8697562217712402,-0.6812163591384888,570,-17.14021410526316,0.0,150.0
7322,11440,572,1,-2.096515655517578,0.21416310966014862,0.0007,0.8868457078933716,-0.5618929862976074,571,-17.14021410526316,0.0,150.0
7323,11460,573,1,-2.091986894607544,0.12144853174686432,0.0007,0.9424495100975037,-0.12397823482751846,572,-17.14021410526316,0.0,150.0
7324,11480,574,1,-2.0642213821411133,0.5440267324447632,0.0007,0.9202134609222412,-1.0329355001449585,573,-17.14021410526316,0.0,150.0
7325,11500,575,1,-2.0549068450927734,0.05346404388546944,0.0007,0.9877109527587891,-0.2739006578922272,574,-17.14021410526316,0.0,150.0
7326,11520,576,1,-2.013789653778076,0.07364404201507568,0.0007,0.9836170673370361,-0.25286707282066345,575,-17.14021410526316,0.0,150.0
7328,11540,577,1,-1.9898277521133423,0.2008970081806183,0.0007,0.9420105218887329,0.5410618782043457,576,-17.14021410526316,0.0,150.0
7329,11560,578,1,-1.984893798828125,0.10278153419494629,0.0007,0.9774560928344727,-0.3904895782470703,577,-17.14021410526316,0.0,150.0
7329,11580,579,1,-1.9750868082046509,0.3016470670700073,0.0007,0.875003457069397,0.4495365619659424,578,-17.14021410526316,0.0,150.0
7330,11600,580,1,-1.9853969812393188,0.5860508680343628,0.0007,0.8011281490325928,0.3323328197002411,579,-17.14021410526316,0.0,150.0
7331,11620,581,1,-1.9835937023162842,0.23314890265464783,0.0007,0.9420983791351318,0.1527545005083084,580,-17.14021410526316,0.0,150.0
7332,11640,582,1,-1.964914321899414,1.0726020336151123,0.0007,0.8761231303215027,1.2896263599395752,581,-17.14021410526316,0.0,150.0
7332,11660,583,1,-1.9714953899383545,0.9839532971382141,0.0007,0.9051601886749268,0.6745779514312744,582,-17.14021410526316,0.0,150.0
7333,11680,584,1,-1.9765422344207764,0.25692835450172424,0.0007,0.9673645496368408,0.04310920462012291,583,-17.14021410526316,0.0,150.0
7334,11700,585,1,-1.967720627784729,1.2668192386627197,0.0007,0.6296844482421875,-0.4106115400791168,584,-17.14021410526316,0.0,150.0
7335,11720,586,1,-1.9452307224273682,0.2468242347240448,0.0007,0.8762860894203186,0.16013960540294647,585,-17.14021410526316,0.0,150.0
7336,11740,587,1,-1.939501166343689,0.13910390436649323,0.0007,0.9418831467628479,-0.42209869623184204,586,-17.14021410526316,0.0,150.0
7337,11760,588,1,-1.9313758611679077,0.23994120955467224,0.0007,0.9242776036262512,-0.47657784819602966,587,-17.14021410526316,0.0,150.0
7339,11780,589,1,-1.9679588079452515,0.11950881779193878,0.0007,0.9435089826583862,-0.4509068429470062,588,-17.14021410526316,0.0,150.0
7340,11800,590,1,-1.9568802118301392,0.5222538709640503,0.0007,0.677681565284729,0.18390703201293945,589,-17.14021410526316,0.0,150.0
7341,11820,591,1,-1.965010404586792,0.11249624192714691,0.0007,0.9346866011619568,-0.38555413484573364,590,-17.14021410526316,0.0,150.0
7342,11840,592,1,-1.9671599864959717,0.08758667856454849,0.0007,0.9617198705673218,-0.43730562925338745,591,-17.14021410526316,0.0,150.0
7343,11860,593,1,-1.9720035791397095,0.26835596561431885,0.0007,0.780160665512085,0.014958659186959267,592,-17.14021410526316,0.0,150.0
7344,11880,594,1,-1.9911476373672485,0.13017545640468597,0.0007,0.8542135953903198,-0.20806452631950378,593,-17.14021410526316,0.0,150.0
7345,11900,595,1,-2.0162227153778076,0.06815489381551743,0.0007,0.9509607553482056,-0.3420228958129883,594,-17.14021410526316,0.0,150.0
7346,11920,596,1,-2.0236430168151855,0.05407421663403511,0.0007,0.9334734678268433,0.03813163563609123,595,-17.14021410526316,0.0,150.0
7346,11940,597,1,-2.081615447998047,0.08118848502635956,0.0007,0.9692398905754089,-0.4243244230747223,596,-17.14021410526316,0.0,150.0
7347,11960,598,1,-2.094787836074829,0.04939904063940048,0.0007,0.9430738091468811,0.01056416891515255,597,-17.14021410526316,0.0,150.0
7348,11980,599,1,-2.067840576171875,0.06178128719329834,0.0007,0.9311752319335938,0.029091352596879005,598,-17.14021410526316,0.0,150.0
7348,12000,600,1,-2.063544273376465,0.038803163915872574,0.0007,0.9617696404457092,-0.13931921124458313,599,-17.0984169,0.0,150.0
7348,12020,601,1,-2.075260639190674,0.02091536484658718,0.0007,0.9655042290687561,0.07642023265361786,600,-17.0984169,0.0,150.0
7350,12040,602,1,-2.062112808227539,0.08952711522579193,0.0007,0.9425952434539795,0.3516598343849182,601,-17.0984169,0.0,150.0
7351,12060,603,1,-2.056558132171631,0.07096286118030548,0.0007,0.9662620425224304,-0.4136591851711273,602,-17.0984169,0.0,150.0
7352,12080,604,1,-2.062351703643799,0.2231922447681427,0.0007,0.8924960494041443,-0.7178117632865906,603,-17.0984169,0.0,150.0
7353,12100,605,1,-2.061373233795166,0.18846717476844788,0.0007,0.8094328045845032,-0.5358837842941284,604,-17.0984169,0.0,150.0
7354,12120,606,1,-2.080439805984497,0.04594095051288605,0.0007,0.8838856220245361,-0.14035391807556152,605,-17.0984169,0.0,150.0
7355,12140,607,1,-2.0872559547424316,0.08936218172311783,0.0007,0.8659423589706421,0.009595567360520363,606,-17.0984169,0.0,150.0
7356,12160,608,1,-2.1213219165802,0.3188384175300598,0.0007,0.8541011810302734,0.5454613566398621,607,-17.0984169,0.0,150.0
7357,12180,609,1,-2.1215858459472656,0.11481542885303497,0.0007,0.9653316140174866,-0.5726500153541565,608,-17.0984169,0.0,150.0
7358,12200,610,1,-2.1072349548339844,0.08212430775165558,0.0007,0.9401726126670837,-0.3706814646720886,609,-17.0984169,0.0,150.0
7358,12220,611,1,-2.0921618938446045,0.19232362508773804,0.0007,0.7819123268127441,0.5513107776641846,610,-17.0984169,0.0,150.0
7359,12240,612,1,-2.0792922973632812,1.353153944015503,0.0007,0.4113965630531311,1.475009560585022,611,-17.0984169,0.0,150.0
7360,12260,613,1,-2.0929601192474365,1.271201729774475,0.0007,-0.4963414669036865,0.5630356073379517,612,-17.0984169,0.0,150.0
7361,12280,614,1,-2.0768651962280273,0.9541648626327515,0.0007,0.07704353332519531,0.07690451294183731,613,-17.0984169,0.0,150.0
7362,12300,615,1,-2.0607311725616455,0.24352052807807922,0.0007,0.6029664278030396,-0.5555630922317505,614,-17.0984169,0.0,150.0
7363,12320,616,1,-2.0384950637817383,0.22744658589363098,0.0007,0.5627464056015015,0.03856220096349716,615,-17.0984169,0.0,150.0
7364,12340,617,1,-2.0958313941955566,0.12341396510601044,0.0007,0.7964260578155518,-0.4741344451904297,616,-17.0984169,0.0,150.0
7365,12360,618,1,-2.0961947441101074,0.20238085091114044,0.0007,0.4059091806411743,-0.5691896080970764,617,-17.0984169,0.0,150.0
7366,12380,619,1,-2.064340114593506,0.18886688351631165,0.0007,0.5721238851547241,-0.6292577385902405,618,-17.0984169,0.0,150.0
7367,12400,620,1,-2.063077926635742,1.6053746938705444,0.0007,0.22816866636276245,1.4856574535369873,619,-17.0984169,0.0,150.0
7368,12420,621,1,-2.0670361518859863,1.0955820083618164,0.0007,-0.1803443431854248,0.5356866717338562,620,-17.0984169,0.0,150.0
7364,12440,622,1,-2.03782320022583,1.0461362600326538,0.0007,0.2158808708190918,0.6907562017440796,621,-17.0984169,0.0,150.0
7363,12460,623,1,-2.0664899349212646,0.23612341284751892,0.0007,0.5817742347717285,-0.4226595461368561,622,-17.0984169,0.0,150.0
7362,12480,624,1,-1.993446946144104,0.26660990715026855,0.0007,0.6341122388839722,-1.0252712965011597,623,-17.0984169,0.0,150.0
7363,12500,625,1,-1.998761773109436,0.5448285937309265,0.0007,0.35703128576278687,-0.020310306921601295,624,-17.0984169,0.0,150.0
7364,12520,626,1,-1.9838825464248657,0.5506750345230103,0.0007,-0.3301122188568115,-0.8228422403335571,625,-17.0984169,0.0,150.0
7364,12540,627,1,-2.0024304389953613,0.4460332989692688,0.0007,-0.11985111236572266,-0.192123681306839,626,-17.0984169,0.0,150.0
7365,12560,628,1,-2.041365385055542,0.26328229904174805,0.0007,-0.2199406623840332,-0.899713397026062,627,-17.0984169,0.0,150.0
7365,12580,629,1,-2.0410778522491455,0.2751372456550598,0.0007,-0.12227439880371094,-1.0006544589996338,628,-17.0984169,0.0,150.0
7365,12600,630,1,-2.0568950176239014,0.32604947686195374,0.0007,-0.07528221607208252,-0.9674714803695679,629,-17.269505785714284,0.0,150.0
7364,12620,631,1,-2.074561595916748,0.25358572602272034,0.0007,-0.03768622875213623,-0.7449139952659607,630,-17.269505785714284,0.0,150.0
7364,12640,632,1,-1.9799282550811768,0.10365094989538193,0.0007,0.9293359518051147,0.5883873701095581,631,-17.269505785714284,0.0,150.0
7364,12660,633,1,-1.9952075481414795,0.048406459391117096,0.0007,0.9597576856613159,0.26136383414268494,632,-17.269505785714284,0.0,150.0
7362,12680,634,1,-1.9953250885009766,0.2603040635585785,0.0007,0.8412920236587524,0.35277479887008667,633,-17.269505785714284,0.0,150.0
7359,12700,635,1,-2.01423716545105,0.12070797383785248,0.0007,0.9764876961708069,0.5748388171195984,634,-17.269505785714284,0.0,150.0
7357,12720,636,1,-2.023766279220581,0.2874109745025635,0.0007,0.912619411945343,0.3050340712070465,635,-17.269505785714284,0.0,150.0
7353,12740,637,1,-2.040968656539917,0.24310211837291718,0.0007,0.9345887899398804,-0.4232999384403229,636,-17.269505785714284,0.0,150.0
7354,12760,638,1,-2.0239081382751465,0.3518831133842468,0.0007,0.9436375498771667,-0.8607392311096191,637,-17.269505785714284,0.0,150.0
7354,12780,639,1,-2.0169601440429688,0.1982601433992386,0.0007,0.9689577221870422,-0.6043562889099121,638,-17.269505785714284,0.0,150.0
7355,12800,640,1,-2.019237995147705,0.05680931732058525,0.0007,0.9834913015365601,-0.07482180744409561,639,-17.269505785714284,0.0,150.0
7354,12820,641,1,-2.050537586212158,0.07788930833339691,0.0007,0.9886364936828613,-0.3545800447463989,640,-17.269505785714284,0.0,150.0
7355,12840,642,1,-2.053297996520996,0.18861901760101318,0.0007,0.9064272046089172,-0.04462727904319763,641,-17.269505785714284,0.0,150.0
7355,12860,643,1,-2.0836946964263916,0.8595256805419922,0.0007,0.6553133726119995,0.42326560616493225,642,-17.269505785714284,0.0,150.0
7355,12880,644,1,-2.0841383934020996,0.4001184403896332,0.0007,0.6540024876594543,0.3215855658054352,643,-17.269505785714284,0.0,150.0
7356,12900,645,1,-2.0803771018981934,0.02871314063668251,0.0007,0.9707255363464355,-0.17212249338626862,644,-17.269505785714284,0.0,150.0
7356,12920,646,1,-2.097203016281128,0.10039223730564117,0.0007,0.7699620127677917,-0.14154168963432312,645,-17.269505785714284,0.0,150.0
7354,12940,647,1,-2.0599865913391113,0.1737036257982254,0.0007,0.7879735827445984,0.21517756581306458,646,-17.269505785714284,0.0,150.0
7351,12960,648,1,-2.0916976928710938,0.052973758429288864,0.0007,0.9288049936294556,-0.10548393428325653,647,-17.269505785714284,0.0,150.0
7350,12980,649,1,-2.1377997398376465,0.11444227397441864,0.0007,0.8559733629226685,-0.28665891289711,648,-17.269505785714284,0.0,150.0
7349,13000,650,1,-2.163378953933716,0.05539737269282341,0.0007,0.7631015181541443,-0.03746486455202103,649,-17.269505785714284,0.0,150.0
7349,13020,651,1,-2.157273769378662,0.026297926902770996,0.0007,0.9183725118637085,-0.1161317378282547,650,-17.269505785714284,0.0,150.0
7348,13040,652,1,-2.165177345275879,0.039433740079402924,0.0007,0.9299868941307068,-0.32751911878585815,651,-17.269505785714284,0.0,150.0
7349,13060,653,1,-2.1610000133514404,0.04432559013366699,0.0007,0.7421151399612427,-0.07591599225997925,652,-17.269505785714284,0.0,150.0
7349,13080,654,1,-2.1724236011505127,0.03878771513700485,0.0007,0.726822018623352,-0.07226314395666122,653,-17.269505785714284,0.0,150.0
7349,13100,655,1,-2.176666736602783,0.35695281624794006,0.0007,0.48792964220046997,0.3009316027164459,654,-17.269505785714284,0.0,150.0
7350,13120,656,1,-2.1631522178649902,2.440164089202881,0.0007,0.38557618856430054,1.0273994207382202,655,-17.269505785714284,0.0,150.0
7350,13140,657,1,-2.151123523712158,1.0448282957077026,0.0007,0.6559858322143555,0.7055356502532959,656,-17.269505785714284,0.0,150.0
7350,13160,658,1,-2.151952028274536,0.13681134581565857,0.0007,0.9528469443321228,-0.6487847566604614,657,-17.269505785714284,0.0,150.0
7351,13180,659,1,-2.1542129516601562,0.10649094730615616,0.0007,0.786280632019043,-0.0675399973988533,658,-17.269505785714284,0.0,150.0
7351,13200,660,1,-2.139030694961548,0.4266796112060547,0.0007,0.6384890079498291,-0.0651504173874855,659,-17.203317147727272,0.0,150.0
7351,13220,661,1,-2.1541898250579834,0.08970601111650467,0.0007,0.8252376914024353,-0.27392664551734924,660,-17.203317147727272,0.0,150.0
7352,13240,662,1,-2.160841464996338,0.05965905264019966,0.0007,0.14948248863220215,0.1436147391796112,661,-17.203317147727272,0.0,150.0
7353,13260,663,1,-2.163017749786377,0.04062357917428017,0.0007,0.8495581746101379,-0.17639338970184326,662,-17.203317147727272,0.0,150.0
7354,13280,664,1,-2.17055606842041,0.32186105847358704,0.0007,0.502088189125061,0.08948124945163727,663,-17.203317147727272,0.0,150.0
7355,13300,665,1,-2.14829683303833,0.3094925284385681,0.0007,0.8123676180839539,0.4651156961917877,664,-17.203317147727272,0.0,150.0
7356,13320,666,1,-2.138563632965088,0.05971307307481766,0.0007,0.9691033959388733,-0.20560836791992188,665,-17.203317147727272,0.0,150.0
7357,13340,667,1,-2.148895025253296,0.018715394660830498,0.0007,0.9884378910064697,0.0758090391755104,666,-17.203317147727272,0.0,150.0
7357,13360,668,1,-2.1603736877441406,0.06916335970163345,0.0007,0.9732878804206848,-0.02347082458436489,667,-17.203317147727272,0.0,150.0
7358,13380,669,1,-2.1572067737579346,0.08865036070346832,0.0007,0.9667721390724182,0.14812873303890228,668,-17.203317147727272,0.0,150.0
7359,13400,670,1,-2.1407318115234375,0.15389440953731537,0.0007,0.9530364274978638,-0.5092291235923767,669,-17.203317147727272,0.0,150.0
7360,13420,671,1,-2.141613721847534,3.4964599609375,0.0007,-2.590463876724243,1.3387523889541626,670,-17.203317147727272,0.0,150.0
7361,13440,672,1,-2.1367807388305664,0.32330042123794556,0.0007,-0.08691859245300293,0.46762341260910034,671,-17.203317147727272,0.0,150.0
7362,13460,673,1,-2.1501107215881348,0.10513965785503387,0.0007,0.8737232089042664,-0.4676264822483063,672,-17.203317147727272,0.0,150.0
7363,13480,674,1,-2.1494362354278564,0.06689488887786865,0.0007,0.9142753481864929,-0.1673373281955719,673,-17.203317147727272,0.0,150.0
7364,13500,675,1,-2.1500353813171387,0.0653083398938179,0.0007,0.8562754392623901,0.031632304191589355,674,-17.203317147727272,0.0,150.0
7365,13520,676,1,-2.1627745628356934,0.04121121019124985,0.0007,0.9190400242805481,-0.2568456828594208,675,-17.203317147727272,0.0,150.0
7367,13540,677,1,-2.1706721782684326,0.08697803318500519,0.0007,0.7590758800506592,0.3311936855316162,676,-17.203317147727272,0.0,150.0
7367,13560,678,1,-2.167142868041992,0.11444003880023956,0.0007,0.6084543466567993,0.1897841989994049,677,-17.203317147727272,0.0,150.0
7368,13580,679,1,-2.1618523597717285,0.21203169226646423,0.0007,0.30344533920288086,0.4866899847984314,678,-17.203317147727272,0.0,150.0
7369,13600,680,1,-2.1562085151672363,0.8618953824043274,0.0007,0.13581538200378418,0.7491821646690369,679,-17.203317147727272,0.0,150.0
7370,13620,681,1,-2.1535658836364746,0.0653403177857399,0.0007,0.8135029673576355,-0.3606629967689514,680,-17.203317147727272,0.0,150.0
7371,13640,682,1,-2.1571037769317627,0.15657959878444672,0.0007,0.49302518367767334,0.09521865844726562,681,-17.203317147727272,0.0,150.0
7372,13660,683,1,-2.130274534225464,0.14419737458229065,0.0007,0.05629819631576538,-0.14821848273277283,682,-17.203317147727272,0.0,150.0
7373,13680,684,1,-2.1386663913726807,0.1486435830593109,0.0007,0.5316522717475891,-0.582626223564148,683,-17.203317147727272,0.0,150.0
7374,13700,685,1,-2.151482105255127,1.1285704374313354,0.0007,0.325580358505249,0.10361757129430771,684,-17.203317147727272,0.0,150.0
7375,13720,686,1,-2.142160415649414,0.11732427030801773,0.0007,0.8891881108283997,-0.5911619067192078,685,-17.203317147727272,0.0,150.0
7376,13740,687,1,-2.138420581817627,0.1163758859038353,0.0007,0.8486848473548889,-0.3654320538043976,686,-17.203317147727272,0.0,150.0
7377,13760,688,1,-2.151644468307495,0.05727117508649826,0.0007,0.8817068934440613,-0.22088566422462463,687,-17.203317147727272,0.0,150.0
7378,13780,689,1,-2.156344413757324,0.06903132051229477,0.0007,0.734218955039978,-0.4030988812446594,688,-17.203317147727272,0.0,150.0
7378,13800,690,1,-2.156064748764038,0.15855056047439575,0.0007,0.5094763040542603,-0.2646603286266327,689,-17.003495391304345,0.0,150.0
7379,13820,691,1,-2.153197765350342,0.0822330117225647,0.0007,0.31989723443984985,-0.40413349866867065,690,-17.003495391304345,0.0,150.0
7380,13840,692,1,-2.1582348346710205,0.09724563360214233,0.0007,0.07580608129501343,-0.15853145718574524,691,-17.003495391304345,0.0,150.0
7380,13860,693,1,-2.169013023376465,0.042716920375823975,0.0007,0.8590885400772095,-0.3386363387107849,692,-17.003495391304345,0.0,150.0
7381,13880,694,1,-2.1714260578155518,0.029017632827162743,0.0007,0.8747636079788208,0.08142797648906708,693,-17.003495391304345,0.0,150.0
7382,13900,695,1,-2.187025308609009,0.10407950729131699,0.0007,0.77739417552948,-0.4246358275413513,694,-17.003495391304345,0.0,150.0
7382,13920,696,1,-2.187357187271118,0.053728293627500534,0.0007,0.7411842942237854,0.03392992541193962,695,-17.003495391304345,0.0,150.0
7379,13940,697,1,-2.187119960784912,0.13892284035682678,0.0007,0.6466319561004639,0.5125187635421753,696,-17.003495391304345,0.0,150.0
7380,13960,698,1,-2.1856658458709717,0.35848498344421387,0.0007,0.5179434418678284,-0.6059882640838623,697,-17.003495391304345,0.0,150.0
7380,13980,699,1,-2.1840574741363525,0.0576699860394001,0.0007,0.952979326248169,-0.3784548342227936,698,-17.003495391304345,0.0,150.0
7381,14000,700,1,-2.1857540607452393,0.5480256080627441,0.0007,0.6877236366271973,-0.04877443239092827,699,-17.003495391304345,0.0,150.0
7382,14020,701,1,-2.1758835315704346,0.27034154534339905,0.0007,0.8682704567909241,0.45409879088401794,700,-17.003495391304345,0.0,150.0
7383,14040,702,1,-2.1704025268554688,0.9802985191345215,0.0007,0.559423565864563,-0.006948733236640692,701,-17.003495391304345,0.0,150.0
7383,14060,703,1,-2.1576149463653564,0.28027409315109253,0.0007,0.4744665026664734,-0.029313664883375168,702,-17.003495391304345,0.0,150.0
7384,14080,704,1,-2.126657485961914,0.665408730506897,0.0007,0.6871535778045654,0.05311166122555733,703,-17.003495391304345,0.0,150.0
7383,14100,705,1,-2.1435704231262207,0.17308597266674042,0.0007,0.9000245332717896,0.07276737689971924,704,-17.003495391304345,0.0,150.0
7384,14120,706,1,-2.1136622428894043,0.5091874599456787,0.0007,0.13277745246887207,0.03744512051343918,705,-17.003495391304345,0.0,150.0
7385,14140,707,1,-2.1097683906555176,0.047822099179029465,0.0007,0.8829813003540039,-0.09824549406766891,706,-17.003495391304345,0.0,150.0
7385,14160,708,1,-2.135150909423828,0.13861632347106934,0.0007,0.09445923566818237,-0.01782873645424843,707,-17.003495391304345,0.0,150.0
7386,14180,709,1,-2.10538911819458,0.04567623883485794,0.0007,0.5913529396057129,-0.3703565001487732,708,-17.003495391304345,0.0,150.0
7387,14200,710,1,-2.1177027225494385,0.23234005272388458,0.0007,-0.15214622020721436,0.2501516342163086,709,-17.003495391304345,0.0,150.0
7387,14220,711,1,-2.0801308155059814,0.15566697716712952,0.0007,-0.40201783180236816,0.38305649161338806,710,-17.003495391304345,0.0,150.0
7388,14240,712,1,-2.087557554244995,0.1328277587890625,0.0007,-0.27113473415374756,0.10802032798528671,711,-17.003495391304345,0.0,150.0
7388,14260,713,1,-2.0357565879821777,1.2626795768737793,0.0007,-0.05662834644317627,1.094011664390564,712,-17.003495391304345,0.0,150.0
7389,14280,714,1,-2.0370354652404785,0.8880507349967957,0.0007,0.004539668560028076,0.6930874586105347,713,-17.003495391304345,0.0,150.0
7390,14300,715,1,-2.0465664863586426,0.04616903141140938,0.0007,-0.3183234930038452,-0.38861703872680664,714,-17.003495391304345,0.0,150.0
7390,14320,716,1,-2.0479233264923096,0.048611246049404144,0.0007,-0.23848974704742432,-0.25714391469955444,715,-17.003495391304345,0.0,150.0
7391,14340,717,1,-2.054999589920044,0.16031718254089355,0.0007,-0.09997773170471191,-0.4384075105190277,716,-17.003495391304345,0.0,150.0
7391,14360,718,1,-2.0793373584747314,0.27328959107398987,0.0007,-0.03094637393951416,-0.33216187357902527,717,-17.003495391304345,0.0,150.0
7392,14380,719,1,-2.060184955596924,0.2215615063905716,0.0007,-0.029663801193237305,-0.31998950242996216,718,-17.003495391304345,0.0,150.0
7392,14400,720,1,-1.9986919164657593,0.3353117108345032,0.0007,0.009735405445098877,-0.013763499446213245,719,-17.047692510416667,0.0,150.0
7392,14420,721,1,-1.9845834970474243,1.0556905269622803,0.0007,0.007511913776397705,0.28431323170661926,720,-17.047692510416667,0.0,150.0
7392,14440,722,1,-1.9915411472320557,0.0673622116446495,0.0007,0.9262100458145142,-0.0033294528257101774,721,-17.047692510416667,0.0,150.0
7392,14460,723,1,-2.0091097354888916,0.05120839551091194,0.0007,0.9769500494003296,0.29231953620910645,722,-17.047692510416667,0.0,150.0
7393,14480,724,1,-2.0194473266601562,0.10640913248062134,0.0007,0.9651797413825989,0.3363468050956726,723,-17.047692510416667,0.0,150.0
7394,14500,725,1,-2.039005756378174,0.05147792771458626,0.0007,0.9859558939933777,-0.14977800846099854,724,-17.047692510416667,0.0,150.0
7394,14520,726,1,-2.039431095123291,0.300733745098114,0.0007,0.893296480178833,0.43014106154441833,725,-17.047692510416667,0.0,150.0
7395,14540,727,1,-1.999428153038025,0.24161040782928467,0.0007,0.9394778609275818,0.1097058430314064,726,-17.047692510416667,0.0,150.0
7396,14560,728,1,-2.0057365894317627,1.1579234600067139,0.0007,0.810308575630188,0.5345515608787537,727,-17.047692510416667,0.0,150.0
7397,14580,729,1,-2.003938674926758,0.07931641489267349,0.0007,0.9900271892547607,-0.22928071022033691,728,-17.047692510416667,0.0,150.0
7398,14600,730,1,-1.9478042125701904,0.6885532736778259,0.0007,0.9457764029502869,0.7777366638183594,729,-17.047692510416667,0.0,150.0
7399,14620,731,1,-1.9692089557647705,0.12238267809152603,0.0007,0.9931765198707581,0.49594026803970337,730,-17.047692510416667,0.0,150.0
7399,14640,732,1,-1.9863542318344116,0.3251604735851288,0.0007,0.9574041962623596,0.16457617282867432,731,-17.047692510416667,0.0,150.0
7400,14660,733,1,-2.0280466079711914,0.623294472694397,0.0007,0.836965024471283,0.41576114296913147,732,-17.047692510416667,0.0,150.0
7401,14680,734,1,-2.0160839557647705,0.21149036288261414,0.0007,0.966648519039154,-0.4360463619232178,733,-17.047692510416667,0.0,150.0
7402,14700,735,1,-2.010303020477295,1.3868907690048218,0.0007,0.8861777782440186,0.8513046503067017,734,-17.047692510416667,0.0,150.0
7402,14720,736,1,-2.015868663787842,0.3403152823448181,0.0007,0.9575825333595276,-0.0372888445854187,735,-17.047692510416667,0.0,150.0
7403,14740,737,1,-1.9631446599960327,0.3780335783958435,0.0007,0.9733131527900696,-0.8161789178848267,736,-17.047692510416667,0.0,150.0
7405,14760,738,1,-2.0048060417175293,0.47776326537132263,0.0007,0.9240802526473999,-0.3690694272518158,737,-17.047692510416667,0.0,150.0
7405,14780,739,1,-1.9960635900497437,0.20071879029273987,0.0007,0.9607555866241455,-0.393493115901947,738,-17.047692510416667,0.0,150.0
7406,14800,740,1,-1.9760534763336182,0.3705079257488251,0.0007,0.8994617462158203,-0.5415567755699158,739,-17.047692510416667,0.0,150.0
7408,14820,741,2,-1.9443004131317139,0.1656579226255417,0.0007,0.9715266823768616,-0.576820433139801,740,-17.047692510416667,0.0,150.0
7408,14840,742,2,-1.9583711624145508,0.24647793173789978,0.0007,0.6237915754318237,-0.04804051294922829,741,-17.047692510416667,0.0,150.0
7409,14860,743,2,-1.976902723312378,0.11424119770526886,0.0007,0.9479432702064514,-0.5732811689376831,742,-17.047692510416667,0.0,150.0
7410,14880,744,2,-1.969533920288086,0.13769248127937317,0.0007,-1.0475304126739502,-0.2606845200061798,743,-17.047692510416667,0.0,150.0
7410,14900,745,2,-2.001786470413208,0.024722222238779068,0.0007,0.027932703495025635,0.17719963192939758,744,-17.047692510416667,0.0,150.0
7411,14920,746,2,-2.0481021404266357,0.12660083174705505,0.0007,-1.2846794128417969,0.01691899262368679,745,-17.047692510416667,0.0,150.0
7412,14940,747,2,-2.0986340045928955,0.03188430517911911,0.0007,-0.3066380023956299,-0.18221916258335114,746,-17.047692510416667,0.0,150.0
7412,14960,748,2,-2.1261165142059326,0.038917362689971924,0.0007,-0.5448367595672607,-0.23275384306907654,747,-17.047692510416667,0.0,150.0
7413,14980,749,2,-2.1360716819763184,0.039300866425037384,0.0007,-0.3970344066619873,-0.21151983737945557,748,-17.047692510416667,0.0,150.0
7413,15000,750,2,-2.1309075355529785,0.022242773324251175,0.0007,-0.17080605030059814,-0.11209635436534882,749,-16.86666098,0.0,150.0
7414,15020,751,2,-2.157198429107666,0.021586041897535324,0.0007,-0.13874828815460205,-0.2585238516330719,750,-16.86666098,0.0,150.0
7414,15040,752,2,-2.127580404281616,0.12782426178455353,0.0007,0.885899543762207,-0.5683721899986267,751,-16.86666098,0.0,150.0
7415,15060,753,2,-2.1339359283447266,0.1013987809419632,0.0007,0.8377721309661865,-0.4681153893470764,752,-16.86666098,0.0,150.0
7415,15080,754,2,-2.1370978355407715,0.021133610978722572,0.0007,0.9352271556854248,0.10342993587255478,753,-16.86666098,0.0,150.0
7414,15100,755,2,-2.157437801361084,0.04059470444917679,0.0007,0.8933074474334717,-0.14503322541713715,754,-16.86666098,0.0,150.0
7411,15120,756,2,-2.1624135971069336,0.251427561044693,0.0007,0.03462529182434082,0.202301025390625,755,-16.86666098,0.0,150.0
7408,15140,757,2,-2.1510324478149414,0.7550550699234009,0.0007,0.24725019931793213,0.09683018922805786,756,-16.86666098,0.0,150.0
7407,15160,758,2,-2.155851364135742,0.055588312447071075,0.0007,0.9308985471725464,0.03389906510710716,757,-16.86666098,0.0,150.0
7406,15180,759,2,-2.1434166431427,0.18613369762897491,0.0007,0.916689395904541,0.48526090383529663,758,-16.86666098,0.0,150.0
7404,15200,760,2,-2.142721176147461,0.9746136665344238,0.0007,0.8148915767669678,1.0188748836517334,759,-16.86666098,0.0,150.0
7403,15220,761,2,-2.132688283920288,1.4736573696136475,0.0007,0.8448910713195801,0.6686961650848389,760,-16.86666098,0.0,150.0
7402,15240,762,2,-2.146266460418701,0.3133419156074524,0.0007,0.9677812457084656,0.5085663795471191,761,-16.86666098,0.0,150.0
7401,15260,763,2,-2.148740530014038,0.1335609406232834,0.0007,0.9870576858520508,0.1753411591053009,762,-16.86666098,0.0,150.0
7399,15280,764,2,-2.136382818222046,0.1451939344406128,0.0007,0.9904494881629944,0.456223726272583,763,-16.86666098,0.0,150.0
7395,15300,765,2,-2.1082377433776855,0.040080998092889786,0.0007,0.9960528612136841,-0.07809170335531235,764,-16.86666098,0.0,150.0
7386,15320,766,2,-2.0969161987304688,2.59539794921875,0.0007,0.4068739414215088,1.6011180877685547,765,-16.86666098,0.0,150.0
7382,15340,767,2,-2.0901589393615723,1.2779009342193604,0.0007,0.833458423614502,1.4894497394561768,766,-16.86666098,0.0,150.0
7382,15360,768,2,-2.0775277614593506,0.2668948173522949,0.0007,0.9632065892219543,0.1873149275779724,767,-16.86666098,0.0,150.0
7380,15380,769,2,-2.047823429107666,0.3880271315574646,0.0007,0.9626398682594299,-0.07322322577238083,768,-16.86666098,0.0,150.0
7379,15400,770,2,-2.005311965942383,3.071105480194092,0.0007,0.902149498462677,1.5507900714874268,769,-16.86666098,0.0,150.0
7379,15420,771,2,-2.030088186264038,0.2890312075614929,0.0007,0.985424816608429,-0.5210143327713013,770,-16.86666098,0.0,150.0
7378,15440,772,2,-2.041454553604126,0.4365364909172058,0.0007,0.9641592502593994,-0.7013223767280579,771,-16.86666098,0.0,150.0
7378,15460,773,2,-2.054481029510498,0.1139257401227951,0.0007,0.9845912456512451,-0.2606600821018219,772,-16.86666098,0.0,150.0
7377,15480,774,2,-2.051928758621216,0.16298814117908478,0.0007,0.952129065990448,-0.40744584798812866,773,-16.86666098,0.0,150.0
7372,15500,775,2,-2.056065082550049,0.10165898501873016,0.0007,0.9669741988182068,-0.504707396030426,774,-16.86666098,0.0,150.0
7364,15520,776,2,-2.0285630226135254,0.04667021706700325,0.0007,0.9400424361228943,-0.05085860937833786,775,-16.86666098,0.0,150.0
7362,15540,777,2,-2.048713207244873,0.11298380047082901,0.0007,0.7371787428855896,-0.3856608271598816,776,-16.86666098,0.0,150.0
7359,15560,778,2,-2.05908203125,0.8768874406814575,0.0007,-0.21514129638671875,0.7159076929092407,777,-16.86666098,0.0,150.0
7358,15580,779,2,-2.0605111122131348,0.6768425107002258,0.0007,0.030794262886047363,0.4306197166442871,778,-16.86666098,0.0,150.0
7356,15600,780,2,-2.1015572547912598,0.06760569661855698,0.0007,0.7196877002716064,-0.09938254207372665,779,-16.64196018,0.0,150.0
7356,15620,781,2,-2.0480921268463135,0.02805164083838463,0.0007,0.8807986378669739,-0.09287600219249725,780,-16.64196018,0.0,150.0
7356,15640,782,2,-2.00848126411438,0.049427930265665054,0.0007,0.878767728805542,-0.015818124637007713,781,-16.64196018,0.0,150.0
7357,15660,783,2,-2.047607898712158,0.1473766416311264,0.0007,0.8804492354393005,0.4389743208885193,782,-16.64196018,0.0,150.0
7357,15680,784,2,-2.051379919052124,0.37561845779418945,0.0007,0.8996895551681519,-0.9474109411239624,783,-16.64196018,0.0,150.0
7357,15700,785,2,-2.0641255378723145,0.21781377494335175,0.0007,0.8912941217422485,-0.45601528882980347,784,-16.64196018,0.0,150.0
7354,15720,786,2,-2.092571258544922,0.08857759088277817,0.0007,0.9328535795211792,-0.11927850544452667,785,-16.64196018,0.0,150.0
7352,15740,787,2,-2.128082752227783,0.3175828456878662,0.0007,0.8909857869148254,-0.17405220866203308,786,-16.64196018,0.0,150.0
7349,15760,788,2,-2.1662116050720215,0.35089197754859924,0.0007,0.9194169640541077,0.4433859884738922,787,-16.64196018,0.0,150.0
7347,15780,789,2,-2.1654953956604004,0.12364089488983154,0.0007,0.9782425761222839,-0.14021536707878113,788,-16.64196018,0.0,150.0
7345,15800,790,2,-2.1554131507873535,0.07204057276248932,0.0007,0.991195023059845,-0.00679741520434618,789,-16.64196018,0.0,150.0
7342,15820,791,2,-2.153078079223633,0.7202017903327942,0.0007,0.9328662753105164,0.6777559518814087,790,-16.64196018,0.0,150.0
7342,15840,792,2,-2.1476190090179443,0.16262781620025635,0.0007,0.9852655529975891,0.0786898136138916,791,-16.64196018,0.0,150.0
7342,15860,793,2,-2.1263575553894043,0.07839526236057281,0.0007,0.9947034120559692,-0.11903564631938934,792,-16.64196018,0.0,150.0
7341,15880,794,2,-2.1336774826049805,0.03386504575610161,0.0007,0.9982527494430542,-0.24915561079978943,793,-16.64196018,0.0,150.0
7340,15900,795,2,-2.1335158348083496,0.6813930869102478,0.0007,0.9135013818740845,0.7751672863960266,794,-16.64196018,0.0,150.0
7339,15920,796,2,-2.121809482574463,0.16324731707572937,0.0007,0.9729769229888916,-0.3115045428276062,795,-16.64196018,0.0,150.0
7339,15940,797,2,-2.1221022605895996,0.24586805701255798,0.0007,0.8968129754066467,-0.23106198012828827,796,-16.64196018,0.0,150.0
7339,15960,798,2,-2.1045804023742676,1.550658106803894,0.0007,-1.2247560024261475,0.30001914501190186,797,-16.64196018,0.0,150.0
7339,15980,799,2,-2.0134849548339844,0.19061166048049927,0.0007,0.426639199256897,-0.09601783752441406,798,-16.64196018,0.0,150.0
7339,16000,800,2,-1.9647133350372314,0.20756106078624725,0.0007,0.5860124826431274,-0.026093661785125732,799,-16.64196018,0.0,150.0
7339,16020,801,2,-1.933234453201294,0.27655526995658875,0.0007,0.3874756097793579,-0.20722493529319763,800,-16.64196018,0.0,150.0
7338,16040,802,2,-1.9555346965789795,0.08560875058174133,0.0007,0.8033424019813538,-0.14831413328647614,801,-16.64196018,0.0,150.0
7335,16060,803,2,-1.9862415790557861,0.14215412735939026,0.0007,0.7003881931304932,-0.33102765679359436,802,-16.64196018,0.0,150.0
7333,16080,804,2,-1.9666035175323486,0.12893368303775787,0.0007,0.6287906169891357,-0.11778546869754791,803,-16.64196018,0.0,150.0
7331,16100,805,2,-2.013219118118286,0.28619471192359924,0.0007,0.5243831276893616,-0.29085153341293335,804,-16.64196018,0.0,150.0
7329,16120,806,2,-2.0485024452209473,0.044582169502973557,0.0007,0.8620272874832153,-0.26182904839515686,805,-16.64196018,0.0,150.0
7326,16140,807,2,-2.087399959564209,0.1437056064605713,0.0007,0.6457293033599854,-0.48982763290405273,806,-16.64196018,0.0,150.0
7323,16160,808,2,-2.09675931930542,0.11428716033697128,0.0007,0.6175203323364258,-0.2908042371273041,807,-16.64196018,0.0,150.0
7319,16180,809,2,-2.1053824424743652,0.17477568984031677,0.0007,0.6119394898414612,-0.465360164642334,808,-16.64196018,0.0,150.0
7308,16200,810,2,-2.0909085273742676,0.11827117204666138,0.0007,0.4733806848526001,-0.20174360275268555,809,-16.611095960000004,0.0,150.0
7306,16220,811,2,-2.090815544128418,0.0613526925444603,0.0007,0.49593019485473633,-0.2835214138031006,810,-16.611095960000004,0.0,150.0
7292,16240,812,2,-2.124854326248169,0.026103386655449867,0.0007,0.8877562284469604,-0.02495310828089714,811,-16.611095960000004,0.0,150.0
7287,16260,813,2,-2.164977550506592,0.1726141721010208,0.0007,0.7089059352874756,-0.058259107172489166,812,-16.611095960000004,0.0,150.0
7280,16280,814,2,-2.1344714164733887,0.0787140503525734,0.0007,0.9309202432632446,0.04950817674398422,813,-16.611095960000004,0.0,150.0
7271,16300,815,2,-2.1363601684570312,0.23716828227043152,0.0007,0.9469784498214722,0.6893646121025085,814,-16.611095960000004,0.0,150.0
7266,16320,816,2,-2.1107332706451416,1.3354434967041016,0.0007,-0.3204861879348755,0.8498438000679016,815,-16.611095960000004,0.0,150.0
7263,16340,817,2,-2.0953502655029297,0.2747502624988556,0.0007,0.8761616349220276,0.028392378240823746,816,-16.611095960000004,0.0,150.0
7261,16360,818,2,-2.1021835803985596,0.08363565802574158,0.0007,0.9809198379516602,-0.12927329540252686,817,-16.611095960000004,0.0,150.0
7261,16380,819,2,-2.1030802726745605,0.074261873960495,0.0007,0.9877644181251526,-0.10040207952260971,818,-16.611095960000004,0.0,150.0
7256,16400,820,2,-2.111811399459839,0.06874608248472214,0.0007,0.9962748289108276,0.42984819412231445,819,-16.611095960000004,0.0,150.0
7253,16420,821,2,-2.1140570640563965,0.10302287340164185,0.0007,0.9880507588386536,-0.24451903998851776,820,-16.611095960000004,0.0,150.0
7252,16440,822,2,-2.111637592315674,0.2709523141384125,0.0007,0.9517245888710022,-0.6517173051834106,821,-16.611095960000004,0.0,150.0
7251,16460,823,2,-2.100947141647339,0.9506101608276367,0.0007,0.1792951226234436,0.7613672018051147,822,-16.611095960000004,0.0,150.0
7251,16480,824,2,-2.0978875160217285,0.054934341460466385,0.0007,0.9565306901931763,-0.29232436418533325,823,-16.611095960000004,0.0,150.0
7245,16500,825,2,-2.104828119277954,0.4431728422641754,0.0007,0.2900674343109131,0.2361718714237213,824,-16.611095960000004,0.0,150.0
7241,16520,826,2,-2.079110622406006,0.20574656128883362,0.0007,0.872426450252533,0.6962522268295288,825,-16.611095960000004,0.0,150.0
7231,16540,827,2,-2.0602431297302246,1.2441234588623047,0.0007,0.3429983854293823,1.124284029006958,826,-16.611095960000004,0.0,150.0
7226,16560,828,2,-2.071504831314087,0.05187593773007393,0.0007,0.9440099596977234,0.18236751854419708,827,-16.611095960000004,0.0,150.0
7225,16580,829,2,-2.093994140625,0.07163328677415848,0.0007,0.9324773550033569,0.05530594661831856,828,-16.611095960000004,0.0,150.0
7223,16600,830,2,-2.017056941986084,0.10783414542675018,0.0007,0.9100843667984009,-0.4843265116214752,829,-16.611095960000004,0.0,150.0
7220,16620,831,2,-2.007692575454712,0.47756728529930115,0.0007,0.3366813063621521,0.0527716763317585,830,-16.611095960000004,0.0,150.0
7214,16640,832,2,-1.9890234470367432,0.2186589539051056,0.0007,0.7846953868865967,-0.6930343508720398,831,-16.611095960000004,0.0,150.0
7212,16660,833,2,-1.9958007335662842,0.16662883758544922,0.0007,0.7883795499801636,-0.7728214859962463,832,-16.611095960000004,0.0,150.0
7210,16680,834,2,-1.9507668018341064,0.16047728061676025,0.0007,0.7573494911193848,-0.6457159519195557,833,-16.611095960000004,0.0,150.0
7208,16700,835,2,-1.9836374521255493,0.12947051227092743,0.0007,0.7571189403533936,-0.5346823930740356,834,-16.611095960000004,0.0,150.0
7208,16720,836,2,-2.0197815895080566,0.14756353199481964,0.0007,0.7393984794616699,-0.5930737257003784,835,-16.611095960000004,0.0,150.0
7208,16740,837,2,-2.0590415000915527,0.0657784566283226,0.0007,0.7093337178230286,-0.2970176339149475,836,-16.611095960000004,0.0,150.0
7208,16760,838,2,-2.066254138946533,0.04343629628419876,0.0007,0.747039794921875,-0.2763265073299408,837,-16.611095960000004,0.0,150.0
7208,16780,839,2,-2.0663020610809326,0.03254460170865059,0.0007,0.7550338506698608,-0.2401135414838791,838,-16.611095960000004,0.0,150.0
7207,16800,840,2,-2.0941648483276367,0.0304749496281147,0.0007,0.6756922006607056,-0.15949535369873047,839,-16.636364,0.0,150.0
7206,16820,841,2,-2.12153959274292,0.03625188022851944,0.0007,0.28597885370254517,-0.21924996376037598,840,-16.636364,0.0,150.0
7206,16840,842,2,-2.1312248706817627,0.14484253525733948,0.0007,0.8960376381874084,-0.1362466812133789,841,-16.636364,0.0,150.0
7206,16860,843,2,-2.1302692890167236,0.04910724610090256,0.0007,0.980233371257782,-0.017702648416161537,842,-16.636364,0.0,150.0
7206,16880,844,2,-2.1716816425323486,0.0382600799202919,0.0007,0.9869794249534607,0.22710847854614258,843,-16.636364,0.0,150.0
7206,16900,845,2,-2.1705291271209717,0.09180829674005508,0.0007,0.9712643027305603,-0.12017443031072617,844,-16.636364,0.0,150.0
7205,16920,846,2,-2.16961407661438,0.054784782230854034,0.0007,0.9696958661079407,0.12457279860973358,845,-16.636364,0.0,150.0
7203,16940,847,2,-2.1632978916168213,1.5220327377319336,0.0007,0.5206748247146606,1.2038005590438843,846,-16.636364,0.0,150.0
7199,16960,848,2,-2.16505765914917,0.3158996105194092,0.0007,0.9009602069854736,0.3598635494709015,847,-16.636364,0.0,150.0
7195,16980,849,2,-2.158991813659668,0.08973662555217743,0.0007,0.9733341336250305,0.1502152681350708,848,-16.636364,0.0,150.0
7193,17000,850,2,-2.1766433715820312,0.2772943079471588,0.0007,0.9192124605178833,-0.22490835189819336,849,-16.636364,0.0,150.0
7177,17020,851,2,-2.1704838275909424,0.2875247597694397,0.0007,0.9360570311546326,0.17984332144260406,850,-16.636364,0.0,150.0
7170,17040,852,2,-2.1716084480285645,0.03863925486803055,0.0007,0.9940437078475952,-0.23785431683063507,851,-16.636364,0.0,150.0
7165,17060,853,2,-2.168241024017334,0.05389903858304024,0.0007,0.9864539504051208,0.1614776849746704,852,-16.636364,0.0,150.0
7160,17080,854,2,-2.151587963104248,0.22687514126300812,0.0007,0.9674586057662964,0.3557511270046234,853,-16.636364,0.0,150.0
7154,17100,855,2,-2.140079975128174,0.3999101221561432,0.0007,0.9322653412818909,0.08118412643671036,854,-16.636364,0.0,150.0
7141,17120,856,2,-2.1334986686706543,0.13827942311763763,0.0007,0.9681223630905151,0.0012467264896258712,855,-16.636364,0.0,150.0
7137,17140,857,2,-2.148070812225342,0.523392915725708,0.0007,0.7986515760421753,0.6174705624580383,856,-16.636364,0.0,150.0
7133,17160,858,2,-2.148773193359375,0.15123605728149414,0.0007,0.9365850687026978,0.35483047366142273,857,-16.636364,0.0,150.0
7125,17180,859,2,-2.15079927444458,0.31761273741722107,0.0007,0.8715937733650208,0.4911804795265198,858,-16.636364,0.0,150.0
7119,17200,860,2,-2.137052059173584,0.11549141258001328,0.0007,0.9624680280685425,0.375926673412323,859,-16.636364,0.0,150.0
7112,17220,861,2,-2.1171319484710693,0.0729721412062645,0.0007,0.972240686416626,0.04471534118056297,860,-16.636364,0.0,150.0
7098,17240,862,2,-2.1009719371795654,0.016001563519239426,0.0007,0.9942131638526917,0.027799520641565323,861,-16.636364,0.0,150.0
7087,17260,863,2,-2.1194138526916504,0.6297694444656372,0.0007,0.7948020696640015,0.829224705696106,862,-16.636364,0.0,150.0
6890,17280,864,2,-2.1031558513641357,1.2955626249313354,0.0007,0.44691526889801025,0.8667577505111694,863,-16.636364,0.0,150.0
6856,17300,865,2,-2.091083526611328,0.1901198923587799,0.0007,0.9022420644760132,-0.09292645752429962,864,-16.636364,0.0,150.0
6845,17320,866,2,-2.0664381980895996,0.05538893863558769,0.0007,0.9710788726806641,-0.2641936242580414,865,-16.636364,0.0,150.0
6835,17340,867,2,-2.0696728229522705,0.04242406412959099,0.0007,0.969842791557312,-0.1864859163761139,866,-16.636364,0.0,150.0
6827,17360,868,2,-2.0713748931884766,0.4944271147251129,0.0007,0.4480200409889221,0.04127417132258415,867,-16.636364,0.0,150.0
6820,17380,869,2,-2.0146090984344482,0.06073136255145073,0.0007,0.9402434229850769,-0.35539862513542175,868,-16.636364,0.0,150.0
6815,17400,870,2,-2.017444133758545,0.13418400287628174,0.0007,0.8497313857078552,-0.43293556571006775,869,-16.51835813,0.0,150.0
6798,17420,871,2,-2.0425519943237305,0.13489606976509094,0.0007,0.78265780210495,-0.23639550805091858,870,-16.51835813,0.0,150.0
6783,17440,872,2,-2.143517017364502,0.04927996173501015,0.0007,0.9165805578231812,-0.0884522795677185,871,-16.51835813,0.0,150.0
6777,17460,873,2,-2.1624674797058105,0.07301634550094604,0.0007,0.9376411437988281,-0.22177696228027344,872,-16.51835813,0.0,150.0
6769,17480,874,2,-2.164644718170166,0.10787169635295868,0.0007,0.9432113170623779,-0.1649436354637146,873,-16.51835813,0.0,150.0
6765,17500,875,2,-2.162662982940674,0.5579088926315308,0.0007,0.8987751603126526,0.8856514692306519,874,-16.51835813,0.0,150.0
6764,17520,876,2,-2.1713485717773438,0.009786202572286129,0.0007,0.9976183176040649,0.05254751443862915,875,-16.51835813,0.0,150.0
6761,17540,877,2,-2.1822659969329834,0.0748007670044899,0.0007,0.9864698052406311,0.27630600333213806,876,-16.51835813,0.0,150.0
6757,17560,878,2,-2.1755008697509766,0.6960445046424866,0.0007,0.9078047275543213,0.9908879399299622,877,-16.51835813,0.0,150.0
6754,17580,879,2,-2.1765894889831543,0.3329525291919708,0.0007,0.9626197218894958,-0.2748285233974457,878,-16.51835813,0.0,150.0
6748,17600,880,2,-2.1751198768615723,0.0868537425994873,0.0007,0.9914870262145996,-0.09917981922626495,879,-16.51835813,0.0,150.0
6745,17620,881,2,-2.1748170852661133,0.23823106288909912,0.0007,0.9842216968536377,-0.4461120665073395,880,-16.51835813,0.0,150.0
6740,17640,882,2,-2.168640613555908,0.17156213521957397,0.0007,0.9883115887641907,-0.44312629103660583,881,-16.51835813,0.0,150.0
6736,17660,883,2,-2.1686387062072754,0.16164788603782654,0.0007,0.98442542552948,0.274584025144577,882,-16.51835813,0.0,150.0
6735,17680,884,2,-2.1700539588928223,0.26149868965148926,0.0007,0.9848787188529968,0.416565477848053,883,-16.51835813,0.0,150.0
6732,17700,885,2,-2.1633963584899902,0.543642520904541,0.0007,0.9733776450157166,0.3113485276699066,884,-16.51835813,0.0,150.0
6730,17720,886,2,-2.1598472595214844,0.8557868003845215,0.0007,0.9522787928581238,0.5210438966751099,885,-16.51835813,0.0,150.0
6728,17740,887,2,-2.1580302715301514,0.4640780985355377,0.0007,0.9844831824302673,0.6931482553482056,886,-16.51835813,0.0,150.0
6727,17760,888,2,-2.158540725708008,1.3406105041503906,0.0007,0.9685459733009338,0.9611504673957825,887,-16.51835813,0.0,150.0
6727,17780,889,2,-2.153388500213623,0.5205470323562622,0.0007,0.9940542578697205,-1.194244623184204,888,-16.51835813,0.0,150.0
6727,17800,890,2,-2.1527469158172607,0.06190835312008858,0.0007,0.9989692568778992,-0.4179840683937073,889,-16.51835813,0.0,150.0
6727,17820,891,2,-2.1354329586029053,0.08010154962539673,0.0007,0.9979447722434998,-0.486663281917572,890,-16.51835813,0.0,150.0
6720,17840,892,2,-2.1301631927490234,0.10580071061849594,0.0007,0.9965911507606506,-0.4111548066139221,891,-16.51835813,0.0,150.0
6717,17860,893,2,-2.134077787399292,0.14253416657447815,0.0007,0.989294171333313,0.2684309780597687,892,-16.51835813,0.0,150.0
6708,17880,894,2,-2.0995283126831055,0.15760868787765503,0.0007,0.9925134181976318,-0.5930915474891663,893,-16.51835813,0.0,150.0
6698,17900,895,2,-2.0997731685638428,0.2713285982608795,0.0007,0.9450185894966125,0.12310163676738739,894,-16.51835813,0.0,150.0
6692,17920,896,2,-2.1097185611724854,0.27162688970565796,0.0007,0.9246507883071899,0.4974181056022644,895,-16.51835813,0.0,150.0
6689,17940,897,2,-2.084846019744873,0.13276556134223938,0.0007,0.942704975605011,0.20053108036518097,896,-16.51835813,0.0,150.0
6671,17960,898,2,-2.0797886848449707,0.04184270650148392,0.0007,0.9770584106445312,-0.033747464418411255,897,-16.51835813,0.0,150.0
6666,17980,899,2,-2.0889391899108887,0.0639849305152893,0.0007,0.9725103378295898,-0.22800488770008087,898,-16.51835813,0.0,150.0
6662,18000,900,2,-2.0956931114196777,0.4488217830657959,0.0007,0.6584851741790771,0.3678901791572571,899,-16.35765887,0.0,150.0
6659,18020,901,2,-2.089235782623291,0.18753591179847717,0.0007,0.7850172519683838,0.047160010784864426,900,-16.35765887,0.0,150.0
6654,18040,902,2,-2.1335434913635254,0.15792518854141235,0.0007,0.8519308567047119,-0.6078939437866211,901,-16.35765887,0.0,150.0
6651,18060,903,2,-2.1377243995666504,0.05928970128297806,0.0007,0.5542084574699402,-0.04867091029882431,902,-16.35765887,0.0,150.0
6649,18080,904,2,-2.1594245433807373,0.11668433994054794,0.0007,0.42910027503967285,0.2206331491470337,903,-16.35765887,0.0,150.0
6648,18100,905,2,-2.1670572757720947,0.022636136040091515,0.0007,0.880780816078186,0.17398414015769958,904,-16.35765887,0.0,150.0
6644,18120,906,2,-2.162970781326294,0.1381559669971466,0.0007,0.8233364820480347,0.15358200669288635,905,-16.35765887,0.0,150.0
6636,18140,907,2,-2.1654410362243652,0.08209142833948135,0.0007,0.9560786485671997,0.3401201367378235,906,-16.35765887,0.0,150.0
6628,18160,908,2,-2.1711738109588623,0.024547314271330833,0.0007,0.9904357194900513,0.08471657335758209,907,-16.35765887,0.0,150.0
6624,18180,909,2,-2.1677138805389404,0.10336315631866455,0.0007,0.9893474578857422,0.5448721051216125,908,-16.35765887,0.0,150.0
6621,18200,910,2,-2.1597893238067627,0.16677579283714294,0.0007,0.9776207208633423,-0.2558121085166931,909,-16.35765887,0.0,150.0
6619,18220,911,2,-2.157961130142212,0.10946156829595566,0.0007,0.9898387789726257,0.3520847260951996,910,-16.35765887,0.0,150.0
6616,18240,912,2,-2.149087905883789,0.15633709728717804,0.0007,0.9879745841026306,0.22711047530174255,911,-16.35765887,0.0,150.0
6615,18260,913,2,-2.149232864379883,0.05243537575006485,0.0007,0.9968013763427734,-0.03868021070957184,912,-16.35765887,0.0,150.0
6615,18280,914,2,-2.1364970207214355,0.06455209106206894,0.0007,0.9969979524612427,-0.3989564776420593,913,-16.35765887,0.0,150.0
6615,18300,915,2,-2.1236534118652344,0.14020974934101105,0.0007,0.9801695346832275,-0.1795991063117981,914,-16.35765887,0.0,150.0
6615,18320,916,2,-2.1219515800476074,0.03907283395528793,0.0007,0.9927135705947876,0.06935183703899384,915,-16.35765887,0.0,150.0
6616,18340,917,2,-2.1074681282043457,1.752306580543518,0.0007,0.8717118501663208,1.4008638858795166,916,-16.35765887,0.0,150.0
6616,18360,918,2,-2.101088047027588,0.7770828008651733,0.0007,0.9387048482894897,0.30042338371276855,917,-16.35765887,0.0,150.0
6617,18380,919,2,-2.100641965866089,0.2960515022277832,0.0007,0.99173903465271,-0.977977454662323,918,-16.35765887,0.0,150.0
6617,18400,920,2,-2.097395658493042,0.9629098176956177,0.0007,0.9004064202308655,0.3034795820713043,919,-16.35765887,0.0,150.0
6617,18420,921,2,-2.103254795074463,0.6084766387939453,0.0007,0.9093832969665527,-0.18567681312561035,920,-16.35765887,0.0,150.0
6618,18440,922,2,-2.088104724884033,0.442317396402359,0.0007,0.860377311706543,-0.4853726029396057,921,-16.35765887,0.0,150.0
6619,18460,923,2,-2.0924620628356934,0.10536350309848785,0.0007,0.9745601415634155,-0.559150755405426,922,-16.35765887,0.0,150.0
6619,18480,924,2,-2.0953516960144043,0.06294543296098709,0.0007,0.9784824252128601,-0.4122156500816345,923,-16.35765887,0.0,150.0
6617,18500,925,2,-2.0998921394348145,0.17744390666484833,0.0007,0.849405825138092,0.074356310069561,924,-16.35765887,0.0,150.0
6601,18520,926,2,-2.1292667388916016,0.22312390804290771,0.0007,0.822577953338623,0.21340279281139374,925,-16.35765887,0.0,150.0
6598,18540,927,2,-2.1159262657165527,0.0680341050028801,0.0007,0.9284824728965759,-0.10882948338985443,926,-16.35765887,0.0,150.0
6595,18560,928,2,-2.1258840560913086,0.020753338932991028,0.0007,0.9748669862747192,-0.2049638032913208,927,-16.35765887,0.0,150.0
6593,18580,929,2,-2.1197967529296875,0.17532005906105042,0.0007,0.1524023413658142,-0.43081241846084595,928,-16.35765887,0.0,150.0
6590,18600,930,2,-2.112406015396118,0.06822854280471802,0.0007,0.4908733367919922,-0.12929369509220123,929,-16.3012561,0.0,150.0
6589,18620,931,2,-2.0723955631256104,0.15491735935211182,0.0007,0.726635217666626,-0.5952251553535461,930,-16.3012561,0.0,150.0
6588,18640,932,2,-2.1568241119384766,0.1765478253364563,0.0007,0.9519786238670349,-0.7396087050437927,931,-16.3012561,0.0,150.0
6588,18660,933,2,-2.156765937805176,0.12605786323547363,0.0007,0.9071172475814819,-0.47447219491004944,932,-16.3012561,0.0,150.0
6589,18680,934,2,-2.1567482948303223,0.049740277230739594,0.0007,0.9459213614463806,-0.2780056893825531,933,-16.3012561,0.0,150.0
6589,18700,935,2,-2.152043104171753,0.09228231757879257,0.0007,0.8909569978713989,-0.2848866879940033,934,-16.3012561,0.0,150.0
6589,18720,936,2,-2.1471056938171387,0.05068397521972656,0.0007,0.9257063865661621,0.004487765021622181,935,-16.3012561,0.0,150.0
6590,18740,937,2,-2.1403303146362305,0.3342457413673401,0.0007,0.8093106746673584,-0.3303185999393463,936,-16.3012561,0.0,150.0
6590,18760,938,2,-2.1450464725494385,0.25701650977134705,0.0007,0.8939299583435059,0.3647727370262146,937,-16.3012561,0.0,150.0
6589,18780,939,2,-2.125399112701416,0.06874056905508041,0.0007,0.9348621368408203,-0.13435325026512146,938,-16.3012561,0.0,150.0
6587,18800,940,2,-2.096311330795288,0.0446917787194252,0.0007,0.9176457524299622,-0.18566082417964935,939,-16.3012561,0.0,150.0
6585,18820,941,2,-2.087080717086792,1.1714990139007568,0.0007,-0.1630723476409912,0.8708442449569702,940,-16.3012561,0.0,150.0
6582,18840,942,2,-2.0721747875213623,0.07191421836614609,0.0007,0.6986952424049377,-0.0017085060244426131,941,-16.3012561,0.0,150.0
6581,18860,943,2,-2.023521900177002,1.0024805068969727,0.0007,-0.41981935501098633,1.1848957538604736,942,-16.3012561,0.0,150.0
6578,18880,944,2,-2.042119026184082,0.41525283455848694,0.0007,-0.07160282135009766,0.7533941268920898,943,-16.3012561,0.0,150.0
6577,18900,945,2,-2.047468662261963,0.24698218703269958,0.0007,-0.019461750984191895,0.4174785017967224,944,-16.3012561,0.0,150.0
6577,18920,946,2,-2.0199460983276367,0.04174249991774559,0.0007,0.34923529624938965,0.17052298784255981,945,-16.3012561,0.0,150.0
6577,18940,947,2,-2.0263710021972656,0.06319672614336014,0.0007,0.15682488679885864,0.20228001475334167,946,-16.3012561,0.0,150.0
6578,18960,948,2,-2.029564619064331,0.0297827310860157,0.0007,0.49818527698516846,0.213890939950943,947,-16.3012561,0.0,150.0
6573,18980,949,2,-2.0578677654266357,0.04802296310663223,0.0007,-0.047928571701049805,0.14150266349315643,948,-16.3012561,0.0,150.0
6568,19000,950,2,-2.0507137775421143,0.12082505226135254,0.0007,0.27774620056152344,0.22389693558216095,949,-16.3012561,0.0,150.0
6568,19020,951,2,-2.046351909637451,0.13753369450569153,0.0007,0.3900882601737976,-0.16006602346897125,950,-16.3012561,0.0,150.0
6567,19040,952,2,-2.0506746768951416,0.034227870404720306,0.0007,0.6271015405654907,-0.19447924196720123,951,-16.3012561,0.0,150.0
6567,19060,953,2,-2.0691215991973877,0.14660802483558655,0.0007,0.3267771601676941,0.05200822278857231,952,-16.3012561,0.0,150.0
6566,19080,954,2,-2.0426602363586426,0.05847365781664848,0.0007,0.1578872799873352,-0.32192283868789673,953,-16.3012561,0.0,150.0
6567,19100,955,2,-2.053882598876953,0.049808718264102936,0.0007,0.5053166747093201,-0.3702870011329651,954,-16.3012561,0.0,150.0
6567,19120,956,2,-2.048631191253662,0.03202291578054428,0.0007,0.39098817110061646,-0.18785838782787323,955,-16.3012561,0.0,150.0
6567,19140,957,2,-2.053438425064087,0.04557953029870987,0.0007,0.5326291918754578,-0.3825148940086365,956,-16.3012561,0.0,150.0
6567,19160,958,2,-2.060699701309204,0.013373032212257385,0.0007,-0.7482759952545166,-0.13856710493564606,957,-16.3012561,0.0,150.0
6566,19180,959,2,-2.075192451477051,0.033858735114336014,0.0007,0.2321372628211975,-0.11719541251659393,958,-16.3012561,0.0,150.0
6564,19200,960,2,-2.121915102005005,0.02566668950021267,0.0007,-0.27940833568573,-0.06106450408697128,959,-16.27570254,0.0,150.0
6559,19220,961,2,-2.151714324951172,0.02983880043029785,0.0007,-0.031149744987487793,-0.0989607721567154,960,-16.27570254,0.0,150.0
6552,19240,962,2,-2.16265869140625,0.3058156967163086,0.0007,0.7809761166572571,-0.5313704609870911,961,-16.27570254,0.0,150.0
6548,19260,963,2,-2.1641767024993896,0.14709919691085815,0.0007,0.9169543981552124,-0.19573408365249634,962,-16.27570254,0.0,150.0
6540,19280,964,2,-2.160094738006592,0.08434286713600159,0.0007,0.9639559388160706,-0.16655105352401733,963,-16.27570254,0.0,150.0
6531,19300,965,2,-2.1526663303375244,0.12362129986286163,0.0007,0.975662112236023,0.45268622040748596,964,-16.27570254,0.0,150.0
6526,19320,966,2,-2.1546413898468018,0.1797107458114624,0.0007,0.9747001528739929,0.3821656107902527,965,-16.27570254,0.0,150.0
6523,19340,967,2,-2.159180164337158,0.19318142533302307,0.0007,0.982904851436615,0.3387012481689453,966,-16.27570254,0.0,150.0
6520,19360,968,2,-2.157979965209961,0.1190742701292038,0.0007,0.9911898374557495,0.013645177707076073,967,-16.27570254,0.0,150.0
6519,19380,969,2,-2.162278175354004,0.07273955643177032,0.0007,0.9966980218887329,-0.332821249961853,968,-16.27570254,0.0,150.0
6515,19400,970,2,-2.1600465774536133,0.619573712348938,0.0007,0.9507077932357788,0.3574274182319641,969,-16.27570254,0.0,150.0
6513,19420,971,2,-2.159555673599243,0.4184635281562805,0.0007,0.9738180041313171,0.482802152633667,970,-16.27570254,0.0,150.0
6511,19440,972,2,-2.157252550125122,0.1990666687488556,0.0007,0.9839991331100464,-0.11935563385486603,971,-16.27570254,0.0,150.0
6509,19460,973,2,-2.1497132778167725,0.15799710154533386,0.0007,0.980005145072937,0.20421159267425537,972,-16.27570254,0.0,150.0
6506,19480,974,2,-2.139188289642334,0.3668454587459564,0.0007,0.9376764297485352,0.4572823643684387,973,-16.27570254,0.0,150.0
6505,19500,975,2,-2.133287191390991,0.7935781478881836,0.0007,0.889164388179779,0.8696016073226929,974,-16.27570254,0.0,150.0
6504,19520,976,3,-2.131615400314331,1.0778276920318604,0.0007,0.9243611693382263,0.9703230857849121,975,-16.27570254,0.0,150.0
6504,19540,977,3,-2.1385414600372314,0.03227638453245163,0.0007,0.9983425736427307,-0.2590814232826233,976,-16.27570254,0.0,150.0
6503,19560,978,3,-2.14402437210083,0.020534072071313858,0.0007,0.9967085123062134,0.012444468215107918,977,-16.27570254,0.0,150.0
6503,19580,979,3,-2.145867347717285,0.04142654314637184,0.0007,0.9886375665664673,0.0144218560308218,978,-16.27570254,0.0,150.0
6504,19600,980,3,-2.136082649230957,0.027531582862138748,0.0007,0.9933635592460632,0.07035551965236664,979,-16.27570254,0.0,150.0
6505,19620,981,3,-2.1341586112976074,0.5005300045013428,0.0007,0.7817946076393127,0.23687919974327087,980,-16.27570254,0.0,150.0
6505,19640,982,3,-2.106611728668213,3.6330161094665527,0.0007,0.10208189487457275,1.6759059429168701,981,-16.27570254,0.0,150.0
6506,19660,983,3,-2.08590030670166,0.7863885164260864,0.0007,0.757061243057251,0.7791612148284912,982,-16.27570254,0.0,150.0
6507,19680,984,3,-2.091006278991699,0.08388634026050568,0.0007,0.9705433249473572,-0.1552925705909729,983,-16.27570254,0.0,150.0
6508,19700,985,3,-2.0751099586486816,0.5482079386711121,0.0007,0.8928998708724976,0.1946193277835846,984,-16.27570254,0.0,150.0
6507,19720,986,3,-2.0892252922058105,0.0672193393111229,0.0007,0.9890767931938171,-0.35418224334716797,985,-16.27570254,0.0,150.0
6504,19740,987,3,-2.0751678943634033,0.14082226157188416,0.0007,0.965817928314209,-0.5136116147041321,986,-16.27570254,0.0,150.0
6501,19760,988,3,-2.062932252883911,0.5117694139480591,0.0007,0.7423385381698608,0.20476797223091125,987,-16.27570254,0.0,150.0
6499,19780,989,3,-2.049954891204834,0.1884971410036087,0.0007,0.8083991408348083,-0.08218682557344437,988,-16.27570254,0.0,150.0
6498,19800,990,3,-2.0477633476257324,0.1955728381872177,0.0007,0.8649276494979858,-0.3814655840396881,989,-16.232310899999998,0.0,150.0
6498,19820,991,3,-2.074465751647949,0.03162917122244835,0.0007,0.9831339716911316,-0.2851863205432892,990,-16.232310899999998,0.0,150.0
6495,19840,992,3,-2.1106200218200684,0.44616812467575073,0.0007,0.7512623071670532,-0.6361547708511353,991,-16.232310899999998,0.0,150.0
6493,19860,993,3,-2.0972976684570312,0.0969390943646431,0.0007,0.9685452580451965,-0.433908611536026,992,-16.232310899999998,0.0,150.0
6491,19880,994,3,-2.0962140560150146,0.05793449282646179,0.0007,0.9598972797393799,-0.22500939667224884,993,-16.232310899999998,0.0,150.0
6490,19900,995,3,-2.094613552093506,0.08322773873806,0.0007,0.9303061962127686,-0.17200303077697754,994,-16.232310899999998,0.0,150.0
6488,19920,996,3,-2.08294677734375,0.107976034283638,0.0007,0.7806113958358765,-0.22419226169586182,995,-16.232310899999998,0.0,150.0
6486,19940,997,3,-2.0889828205108643,0.10261937230825424,0.0007,0.12260687351226807,0.10913850367069244,996,-16.232310899999998,0.0,150.0
6482,19960,998,3,-2.104736328125,0.029961368069052696,0.0007,0.6854002475738525,0.10667947679758072,997,-16.232310899999998,0.0,150.0
6481,19980,999,3,-2.0955309867858887,0.07670191675424576,0.0007,0.5053721070289612,0.30453982949256897,998,-16.232310899999998,0.0,150.0
6481,20000,1000,3,-2.074693202972412,0.07977531105279922,0.0007,0.7672295570373535,0.08710572868585587,999,-16.232310899999998,0.0,150.0
6482,20020,1001,3,-2.0663180351257324,0.13262052834033966,0.0007,0.8285914659500122,0.32143259048461914,1000,-16.232310899999998,0.0,150.0
6482,20040,1002,3,-2.080660104751587,0.0433320477604866,0.0007,0.9156502485275269,0.11980010569095612,1001,-16.232310899999998,0.0,150.0
6483,20060,1003,3,-2.0834670066833496,0.08358479291200638,0.0007,0.9142887592315674,0.2812637686729431,1002,-16.232310899999998,0.0,150.0
6484,20080,1004,3,-2.084143877029419,0.22641849517822266,0.0007,0.7631347179412842,0.5314390063285828,1003,-16.232310899999998,0.0,150.0
6483,20100,1005,3,-2.100607395172119,0.17965775728225708,0.0007,0.8329498767852783,0.5496330857276917,1004,-16.232310899999998,0.0,150.0
6482,20120,1006,3,-2.089293956756592,0.35156533122062683,0.0007,0.6449485421180725,0.6337208151817322,1005,-16.232310899999998,0.0,150.0
6475,20140,1007,3,-2.0784544944763184,0.2931874394416809,0.0007,0.7923800945281982,0.596958339214325,1006,-16.232310899999998,0.0,150.0
6473,20160,1008,3,-2.0721938610076904,0.04814182594418526,0.0007,0.9735255837440491,-0.26246100664138794,1007,-16.232310899999998,0.0,150.0
6468,20180,1009,3,-2.1019668579101562,0.4558630585670471,0.0007,0.7488036155700684,0.48038721084594727,1008,-16.232310899999998,0.0,150.0
6462,20200,1010,3,-2.1031808853149414,0.10542019456624985,0.0007,0.9302663803100586,-0.1554313600063324,1009,-16.232310899999998,0.0,150.0
6456,20220,1011,3,-2.0769102573394775,0.08660679310560226,0.0007,0.9535279273986816,-0.2457808554172516,1010,-16.232310899999998,0.0,150.0
6454,20240,1012,3,-2.061264753341675,0.10121548175811768,0.0007,0.9601157307624817,-0.30073288083076477,1011,-16.232310899999998,0.0,150.0
6452,20260,1013,3,-2.0682342052459717,0.3493005931377411,0.0007,0.89503014087677,0.24927107989788055,1012,-16.232310899999998,0.0,150.0
6450,20280,1014,3,-2.0654385089874268,0.11489522457122803,0.0007,0.9826390743255615,-0.49676379561424255,1013,-16.232310899999998,0.0,150.0
6449,20300,1015,3,-2.0806405544281006,1.7866863012313843,0.0007,0.7784802913665771,0.5352994203567505,1014,-16.232310899999998,0.0,150.0
6449,20320,1016,3,-2.0616607666015625,0.2896738350391388,0.0007,0.9578725695610046,0.1395431011915207,1015,-16.232310899999998,0.0,150.0
6449,20340,1017,3,-2.0908234119415283,0.1081920638680458,0.0007,0.9854820966720581,0.10568009316921234,1016,-16.232310899999998,0.0,150.0
6444,20360,1018,3,-2.0863125324249268,1.9319711923599243,0.0007,0.9013327956199646,1.0299203395843506,1017,-16.232310899999998,0.0,150.0
6439,20380,1019,3,-2.088097095489502,0.05137588456273079,0.0007,0.9970319271087646,-0.2354288101196289,1018,-16.232310899999998,0.0,150.0
6434,20400,1020,3,-2.079770565032959,0.38188302516937256,0.0007,0.9787490367889404,-0.008812171407043934,1019,-16.15114527,0.0,150.0
6428,20420,1021,3,-2.0690927505493164,0.030606800690293312,0.0007,0.9984633326530457,-0.06575779616832733,1020,-16.15114527,0.0,150.0
6425,20440,1022,3,-2.081639051437378,0.4351852834224701,0.0007,0.88311368227005,-0.7551523447036743,1021,-16.15114527,0.0,150.0
6422,20460,1023,3,-2.0641109943389893,0.20268702507019043,0.0007,0.9607445001602173,-0.45571833848953247,1022,-16.15114527,0.0,150.0
6421,20480,1024,3,-2.0708823204040527,0.10395598411560059,0.0007,0.9763512015342712,-0.2706167697906494,1023,-16.15114527,0.0,150.0
6417,20500,1025,3,-2.0908336639404297,0.08466245234012604,0.0007,0.9694250226020813,0.01615476980805397,1024,-16.15114527,0.0,150.0
6414,20520,1026,3,-2.0967915058135986,0.01782839372754097,0.0007,0.9946799278259277,-0.06947560608386993,1025,-16.15114527,0.0,150.0
6413,20540,1027,3,-2.121476650238037,0.11761007457971573,0.0007,0.9661009311676025,-0.06511124968528748,1026,-16.15114527,0.0,150.0
6411,20560,1028,3,-2.112555980682373,0.1068820208311081,0.0007,0.971526026725769,0.05236886069178581,1027,-16.15114527,0.0,150.0
6411,20580,1029,3,-2.0726447105407715,0.1608557403087616,0.0007,0.9541438817977905,-0.020398929715156555,1028,-16.15114527,0.0,150.0
6406,20600,1030,3,-2.0645129680633545,0.10865645110607147,0.0007,0.9777314066886902,0.3336215615272522,1029,-16.15114527,0.0,150.0
6401,20620,1031,3,-2.0656256675720215,0.11474908888339996,0.0007,0.9801949262619019,-0.26091268658638,1030,-16.15114527,0.0,150.0
6399,20640,1032,3,-2.070922613143921,0.18872065842151642,0.0007,0.9719634056091309,0.39461660385131836,1031,-16.15114527,0.0,150.0
6397,20660,1033,3,-2.073012113571167,0.21801802515983582,0.0007,0.9824957251548767,-0.6090139150619507,1032,-16.15114527,0.0,150.0
6394,20680,1034,3,-2.053532123565674,1.4078518152236938,0.0007,0.9031107425689697,0.7858526110649109,1033,-16.15114527,0.0,150.0
6392,20700,1035,3,-2.0343422889709473,0.21127204596996307,0.0007,0.983889102935791,-0.010712874121963978,1034,-16.15114527,0.0,150.0
6392,20720,1036,3,-2.0649173259735107,0.24215655028820038,0.0007,0.9773070812225342,-0.16462388634681702,1035,-16.15114527,0.0,150.0
6391,20740,1037,3,-2.0724947452545166,0.1114196926355362,0.0007,0.9912459850311279,-0.3140093684196472,1036,-16.15114527,0.0,150.0
6391,20760,1038,3,-2.0966436862945557,0.161325603723526,0.0007,0.983397364616394,-0.25824418663978577,1037,-16.15114527,0.0,150.0
6391,20780,1039,3,-2.0938313007354736,0.08871282637119293,0.0007,0.9923006892204285,-0.20049019157886505,1038,-16.15114527,0.0,150.0
6390,20800,1040,3,-2.1067755222320557,0.07263195514678955,0.0007,0.9975360035896301,-0.4515627920627594,1039,-16.15114527,0.0,150.0
6384,20820,1041,3,-2.110261917114258,0.07287125289440155,0.0007,0.9929619431495667,-0.2373502254486084,1040,-16.15114527,0.0,150.0
6382,20840,1042,3,-2.1323769092559814,0.13897648453712463,0.0007,0.9879506230354309,-0.6138676404953003,1041,-16.15114527,0.0,150.0
6380,20860,1043,3,-2.130946397781372,0.3414437770843506,0.0007,0.9059808850288391,0.42912688851356506,1042,-16.15114527,0.0,150.0
6379,20880,1044,3,-2.1236164569854736,0.1305021196603775,0.0007,0.9532349705696106,0.108212411403656,1043,-16.15114527,0.0,150.0
6376,20900,1045,3,-2.0885627269744873,0.09358055889606476,0.0007,0.97248774766922,0.4668448567390442,1044,-16.15114527,0.0,150.0
6374,20920,1046,3,-2.0966715812683105,0.02600123919546604,0.0007,0.9901593923568726,-0.11023744195699692,1045,-16.15114527,0.0,150.0
6373,20940,1047,3,-2.1513538360595703,0.12845560908317566,0.0007,0.902950644493103,-0.30723732709884644,1046,-16.15114527,0.0,150.0
6373,20960,1048,3,-2.1513590812683105,0.042932044714689255,0.0007,0.9720556139945984,-0.33157461881637573,1047,-16.15114527,0.0,150.0
6372,20980,1049,3,-2.1416871547698975,0.020855803042650223,0.0007,0.9573867917060852,-0.03090595081448555,1048,-16.15114527,0.0,150.0
6371,21000,1050,3,-2.1575992107391357,0.036491893231868744,0.0007,0.8963890671730042,-0.15835288166999817,1049,-16.028075819999998,0.0,150.0
6371,21020,1051,3,-2.1636180877685547,0.011958134360611439,0.0007,0.9352003335952759,0.02119140699505806,1050,-16.028075819999998,0.0,150.0
6370,21040,1052,3,-2.179593801498413,0.06852193176746368,0.0007,0.9075908064842224,-0.19077840447425842,1051,-16.028075819999998,0.0,150.0
6368,21060,1053,3,-2.181039333343506,0.0896584540605545,0.0007,0.9356409311294556,-0.46458864212036133,1052,-16.028075819999998,0.0,150.0
6367,21080,1054,3,-2.1822457313537598,0.1112193837761879,0.0007,0.9229962229728699,-0.4614202082157135,1053,-16.028075819999998,0.0,150.0
6365,21100,1055,3,-2.1829285621643066,0.09673551470041275,0.0007,0.9317742586135864,-0.533109188079834,1054,-16.028075819999998,0.0,150.0
6364,21120,1056,3,-2.176130771636963,1.5633858442306519,0.0007,-1.4364960193634033,1.1202563047409058,1055,-16.028075819999998,0.0,150.0
6362,21140,1057,3,-2.1719794273376465,0.4038258194923401,0.0007,0.6145564317703247,0.5508705973625183,1056,-16.028075819999998,0.0,150.0
6360,21160,1058,3,-2.1700870990753174,0.0815168172121048,0.0007,0.8682267665863037,-0.10812173038721085,1057,-16.028075819999998,0.0,150.0
6359,21180,1059,3,-2.1500508785247803,0.27699536085128784,0.0007,0.7485675811767578,0.06846466660499573,1058,-16.028075819999998,0.0,150.0
6358,21200,1060,3,-2.148041248321533,0.30467742681503296,0.0007,0.8015400767326355,-0.050561774522066116,1059,-16.028075819999998,0.0,150.0
6356,21220,1061,3,-2.1196069717407227,0.37481608986854553,0.0007,0.8357352614402771,0.5067304968833923,1060,-16.028075819999998,0.0,150.0
6355,21240,1062,3,-2.1231865882873535,0.2262621819972992,0.0007,0.7683026194572449,0.2031618058681488,1061,-16.028075819999998,0.0,150.0
6355,21260,1063,3,-2.0826754570007324,1.6674339771270752,0.0007,-4.010411739349365,0.7897835969924927,1062,-16.028075819999998,0.0,150.0
6355,21280,1064,3,-2.1032891273498535,0.6968985795974731,0.0007,0.2055681347846985,0.6313631534576416,1063,-16.028075819999998,0.0,150.0
6356,21300,1065,3,-2.123539447784424,0.4850580096244812,0.0007,0.72499680519104,-0.1452912539243698,1064,-16.028075819999998,0.0,150.0
6356,21320,1066,3,-2.1304402351379395,0.3258539140224457,0.0007,0.7433072924613953,-0.002458631992340088,1065,-16.028075819999998,0.0,150.0
6356,21340,1067,3,-2.071547746658325,1.0749458074569702,0.0007,0.4626690149307251,0.8931158185005188,1066,-16.028075819999998,0.0,150.0
6356,21360,1068,3,-2.0700671672821045,2.4819674491882324,0.0007,0.13960391283035278,1.1076831817626953,1067,-16.028075819999998,0.0,150.0
6357,21380,1069,3,-2.0462567806243896,1.2483056783676147,0.0007,-3.1918768882751465,0.6090041399002075,1068,-16.028075819999998,0.0,150.0
6358,21400,1070,3,-2.016589641571045,0.5336660146713257,0.0007,0.528884768486023,-0.7575148344039917,1069,-16.028075819999998,0.0,150.0
6358,21420,1071,3,-2.0085413455963135,0.06155751273036003,0.0007,-0.15382957458496094,-0.060286056250333786,1070,-16.028075819999998,0.0,150.0
6359,21440,1072,3,-1.9731346368789673,0.1499101221561432,0.0007,0.14519774913787842,-0.4052015244960785,1071,-16.028075819999998,0.0,150.0
6359,21460,1073,3,-1.9423046112060547,0.15270563960075378,0.0007,-0.6387807130813599,-0.2183157205581665,1072,-16.028075819999998,0.0,150.0
6359,21480,1074,3,-1.9837135076522827,0.095405712723732,0.0007,-1.4548544883728027,-0.4054768979549408,1073,-16.028075819999998,0.0,150.0
6360,21500,1075,3,-1.9802906513214111,0.15345008671283722,0.0007,0.2932523488998413,-0.571814239025116,1074,-16.028075819999998,0.0,150.0
6360,21520,1076,3,-2.013671398162842,0.17154422402381897,0.0007,0.14966100454330444,-0.5426492691040039,1075,-16.028075819999998,0.0,150.0
6361,21540,1077,3,-2.016214370727539,0.12899938225746155,0.0007,0.023651957511901855,-0.26782914996147156,1076,-16.028075819999998,0.0,150.0
6362,21560,1078,3,-2.048607349395752,0.06417565047740936,0.0007,-0.05733370780944824,-0.32675325870513916,1077,-16.028075819999998,0.0,150.0
6363,21580,1079,3,-2.0540378093719482,0.03531980141997337,0.0007,-0.05904722213745117,-0.10451763868331909,1078,-16.028075819999998,0.0,150.0
6363,21600,1080,3,-2.1134426593780518,0.0477537140250206,0.0007,-0.01810765266418457,-0.305580198764801,1079,-15.93752991,0.0,150.0
6364,21620,1081,3,-2.1324527263641357,0.053399503231048584,0.0007,0.08676087856292725,-0.1643693745136261,1080,-15.93752991,0.0,150.0
6365,21640,1082,3,-2.0752522945404053,0.04603680223226547,0.0007,0.44768285751342773,0.07811406999826431,1081,-15.93752991,0.0,150.0
6366,21660,1083,3,-2.0873732566833496,0.028080392628908157,0.0007,0.7216302752494812,0.1195032149553299,1082,-15.93752991,0.0,150.0
6366,21680,1084,3,-2.1094424724578857,0.32307979464530945,0.0007,-0.29942023754119873,0.4372487962245941,1083,-15.93752991,0.0,150.0
6367,21700,1085,3,-2.107365131378174,0.09802454710006714,0.0007,0.613528311252594,-0.2046751081943512,1084,-15.93752991,0.0,150.0
6368,21720,1086,3,-2.1122848987579346,0.18689271807670593,0.0007,0.6236431002616882,0.004253131337463856,1085,-15.93752991,0.0,150.0
6369,21740,1087,3,-2.093796968460083,0.7733873128890991,0.0007,0.8146449327468872,1.5223472118377686,1086,-15.93752991,0.0,150.0
6370,21760,1088,3,-2.106060743331909,0.08025048673152924,0.0007,0.9534525871276855,-0.2511850893497467,1087,-15.93752991,0.0,150.0
6371,21780,1089,3,-2.083963632583618,0.22270968556404114,0.0007,0.9048835039138794,0.0019415616989135742,1088,-15.93752991,0.0,150.0
6372,21800,1090,3,-2.10567569732666,0.2603990435600281,0.0007,0.9342440962791443,-0.2517174780368805,1089,-15.93752991,0.0,150.0
6373,21820,1091,3,-2.1301369667053223,0.15169446170330048,0.0007,0.9737185835838318,-0.5113538503646851,1090,-15.93752991,0.0,150.0
6373,21840,1092,3,-2.137875556945801,0.5095329880714417,0.0007,0.92030930519104,0.888397216796875,1091,-15.93752991,0.0,150.0
6374,21860,1093,3,-2.116546154022217,0.6372828483581543,0.0007,0.8652523756027222,0.6948018074035645,1092,-15.93752991,0.0,150.0
6375,21880,1094,3,-2.1125245094299316,0.32443609833717346,0.0007,0.9465286731719971,0.6301546096801758,1093,-15.93752991,0.0,150.0
6376,21900,1095,3,-2.11063289642334,0.6338332295417786,0.0007,0.8826814889907837,-0.5730817914009094,1094,-15.93752991,0.0,150.0
6377,21920,1096,3,-2.1048545837402344,2.606715440750122,0.0007,0.32181644439697266,0.6917322874069214,1095,-15.93752991,0.0,150.0
6378,21940,1097,3,-2.1290035247802734,0.5059814453125,0.0007,0.9341559410095215,0.5123254656791687,1096,-15.93752991,0.0,150.0
6379,21960,1098,3,-2.124082088470459,0.46513891220092773,0.0007,0.9561988711357117,0.1627158224582672,1097,-15.93752991,0.0,150.0
6380,21980,1099,3,-2.124121904373169,3.514995574951172,0.0007,0.768576979637146,0.6742590665817261,1098,-15.93752991,0.0,150.0
6381,22000,1100,3,-2.111118793487549,1.7559840679168701,0.0007,0.8569897413253784,0.8082563281059265,1099,-15.93752991,0.0,150.0
6382,22020,1101,3,-2.0986874103546143,0.20245042443275452,0.0007,0.984099268913269,-0.05660486966371536,1100,-15.93752991,0.0,150.0
6383,22040,1102,3,-2.099682331085205,1.270728588104248,0.0007,0.9029874801635742,-0.2593459486961365,1101,-15.93752991,0.0,150.0
6384,22060,1103,3,-2.073742628097534,0.3597075045108795,0.0007,0.9889304637908936,-1.0760750770568848,1102,-15.93752991,0.0,150.0
6385,22080,1104,3,-2.080054759979248,0.13275761902332306,0.0007,0.9963333010673523,-0.6043342351913452,1103,-15.93752991,0.0,150.0
6385,22100,1105,3,-2.089019775390625,0.1028856411576271,0.0007,0.9947180151939392,-0.5690525770187378,1104,-15.93752991,0.0,150.0
6386,22120,1106,3,-2.07810640335083,0.09071356058120728,0.0007,0.9821032881736755,-0.3737267851829529,1105,-15.93752991,0.0,150.0
6387,22140,1107,3,-2.101755380630493,0.0800432339310646,0.0007,0.9880486726760864,-0.5167726278305054,1106,-15.93752991,0.0,150.0
6388,22160,1108,3,-2.102389335632324,0.07406391948461533,0.0007,0.9677708745002747,-0.34580859541893005,1107,-15.93752991,0.0,150.0
6389,22180,1109,3,-2.127044439315796,0.027826953679323196,0.0007,0.984939694404602,-0.223039910197258,1108,-15.93752991,0.0,150.0
6389,22200,1110,3,-2.139946699142456,0.026964550837874413,0.0007,0.956663966178894,-0.04285801574587822,1109,-15.767755670000003,0.0,150.0
6390,22220,1111,3,-2.152406692504883,0.06805188208818436,0.0007,0.9028381109237671,0.01858125440776348,1110,-15.767755670000003,0.0,150.0
6390,22240,1112,3,-2.131176710128784,0.12072880566120148,0.0007,0.9144136309623718,-0.035274334251880646,1111,-15.767755670000003,0.0,150.0
6391,22260,1113,3,-2.1473164558410645,0.1955125331878662,0.0007,0.9201199412345886,0.04308036342263222,1112,-15.767755670000003,0.0,150.0
6391,22280,1114,3,-2.1574177742004395,0.09456567466259003,0.0007,0.9765646457672119,-0.09792246669530869,1113,-15.767755670000003,0.0,150.0
6392,22300,1115,3,-2.1523334980010986,0.06072889640927315,0.0007,0.9895306825637817,-0.2109573632478714,1114,-15.767755670000003,0.0,150.0
6393,22320,1116,3,-2.140428066253662,0.054972775280475616,0.0007,0.993181586265564,-0.327120840549469,1115,-15.767755670000003,0.0,150.0
6394,22340,1117,3,-2.1408228874206543,0.7283544540405273,0.0007,0.8026108741760254,0.753128170967102,1116,-15.767755670000003,0.0,150.0
6395,22360,1118,3,-2.1478590965270996,0.3053548336029053,0.0007,0.9567562937736511,0.3357485830783844,1117,-15.767755670000003,0.0,150.0
6396,22380,1119,3,-2.1256227493286133,0.4336446225643158,0.0007,0.9629064798355103,0.574597179889679,1118,-15.767755670000003,0.0,150.0
6397,22400,1120,3,-2.115021228790283,0.3511161804199219,0.0007,0.9843454957008362,0.7380091547966003,1119,-15.767755670000003,0.0,150.0
6398,22420,1121,3,-2.135911464691162,0.43068599700927734,0.0007,0.9805077910423279,-0.7214258909225464,1120,-15.767755670000003,0.0,150.0
6398,22440,1122,3,-2.135190725326538,2.5906434059143066,0.0007,0.8182979226112366,1.4769216775894165,1121,-15.767755670000003,0.0,150.0
6399,22460,1123,3,-2.1376700401306152,0.14133736491203308,0.0007,0.9897779226303101,-0.21946784853935242,1122,-15.767755670000003,0.0,150.0
6400,22480,1124,3,-2.151787281036377,0.20094001293182373,0.0007,0.9856762886047363,-0.3789079487323761,1123,-15.767755670000003,0.0,150.0
6401,22500,1125,3,-2.149672031402588,0.31735092401504517,0.0007,0.9817983508110046,-0.6286786794662476,1124,-15.767755670000003,0.0,150.0
6402,22520,1126,3,-2.1421127319335938,0.11462406069040298,0.0007,0.991277813911438,0.20355889201164246,1125,-15.767755670000003,0.0,150.0
6403,22540,1127,3,-2.14013671875,0.1914283037185669,0.0007,0.9937722086906433,-0.6866046786308289,1126,-15.767755670000003,0.0,150.0
6404,22560,1128,3,-2.1279850006103516,0.20182085037231445,0.0007,0.9877551794052124,0.34572866559028625,1127,-15.767755670000003,0.0,150.0
6404,22580,1129,3,-2.1474406719207764,0.2796706557273865,0.0007,0.9875262379646301,-0.1208127960562706,1128,-15.767755670000003,0.0,150.0
6405,22600,1130,3,-2.1411070823669434,0.3799757957458496,0.0007,0.9835378527641296,0.4438522756099701,1129,-15.767755670000003,0.0,150.0
6406,22620,1131,3,-2.1330344676971436,0.7181499600410461,0.0007,0.9493612051010132,-0.05813100188970566,1130,-15.767755670000003,0.0,150.0
6407,22640,1132,3,-2.1307711601257324,0.18572817742824554,0.0007,0.9878223538398743,-0.6161767840385437,1131,-15.767755670000003,0.0,150.0
6408,22660,1133,3,-2.1377460956573486,0.1412324607372284,0.0007,0.9796392321586609,0.2791348993778229,1132,-15.767755670000003,0.0,150.0
6409,22680,1134,3,-2.145617723464966,0.1192796379327774,0.0007,0.9865521788597107,-0.3786579668521881,1133,-15.767755670000003,0.0,150.0
6409,22700,1135,3,-2.1585288047790527,0.09364869445562363,0.0007,0.9858624935150146,-0.08769385516643524,1134,-15.767755670000003,0.0,150.0
6410,22720,1136,3,-2.159447431564331,0.3218449056148529,0.0007,0.9761965274810791,0.2987728714942932,1135,-15.767755670000003,0.0,150.0
6410,22740,1137,3,-2.1669251918792725,1.2753331661224365,0.0007,0.9548187255859375,0.6198156476020813,1136,-15.767755670000003,0.0,150.0
6410,22760,1138,3,-2.166534900665283,0.5080537796020508,0.0007,0.9875098466873169,0.45499587059020996,1137,-15.767755670000003,0.0,150.0
6410,22780,1139,3,-2.1677193641662598,0.6643681526184082,0.0007,0.9845699071884155,-1.0622285604476929,1138,-15.767755670000003,0.0,150.0
6411,22800,1140,3,-2.168833017349243,0.48452624678611755,0.0007,0.9698547124862671,0.17560842633247375,1139,-15.4755137,0.0,150.0
6410,22820,1141,3,-2.174551010131836,0.10085781663656235,0.0007,0.994253396987915,-0.4593534469604492,1140,-15.4755137,0.0,150.0
6410,22840,1142,3,-2.166297197341919,0.031085193157196045,0.0007,0.9170629978179932,-0.1665215939283371,1141,-15.4755137,0.0,150.0
6410,22860,1143,3,-2.160661220550537,0.17437925934791565,0.0007,0.796749472618103,-0.10061927884817123,1142,-15.4755137,0.0,150.0
6411,22880,1144,3,-2.1675660610198975,0.119576096534729,0.0007,0.9051780700683594,-0.03937751054763794,1143,-15.4755137,0.0,150.0
6411,22900,1145,3,-2.1699886322021484,0.05691475421190262,0.0007,0.9822682738304138,0.3592912554740906,1144,-15.4755137,0.0,150.0
6412,22920,1146,3,-2.1709296703338623,0.037978850305080414,0.0007,0.9836025834083557,0.13869577646255493,1145,-15.4755137,0.0,150.0
6412,22940,1147,3,-2.1696038246154785,0.10557077825069427,0.0007,0.9681937098503113,-0.13649587333202362,1146,-15.4755137,0.0,150.0
6413,22960,1148,3,-2.1621153354644775,0.08375150710344315,0.0007,0.986136257648468,-0.37521448731422424,1147,-15.4755137,0.0,150.0
6413,22980,1149,3,-2.159597873687744,0.11471939086914062,0.0007,0.9675381779670715,0.03895057365298271,1148,-15.4755137,0.0,150.0
6414,23000,1150,3,-2.158393144607544,0.17222130298614502,0.0007,0.9625748991966248,-0.4768407344818115,1149,-15.4755137,0.0,150.0
6415,23020,1151,3,-2.1581578254699707,0.047701697796583176,0.0007,0.9806334376335144,-0.18545275926589966,1150,-15.4755137,0.0,150.0
6416,23040,1152,3,-2.158910036087036,0.1184241771697998,0.0007,0.916968822479248,-0.15816590189933777,1151,-15.4755137,0.0,150.0
6417,23060,1153,3,-2.1513218879699707,0.1404714286327362,0.0007,0.7573333978652954,-0.08994990587234497,1152,-15.4755137,0.0,150.0
6417,23080,1154,3,-2.152541399002075,0.1183263286948204,0.0007,0.7752442359924316,-0.4138880670070648,1153,-15.4755137,0.0,150.0
6417,23100,1155,3,-2.154940128326416,0.06654776632785797,0.0007,0.6260998249053955,-0.17477862536907196,1154,-15.4755137,0.0,150.0
6418,23120,1156,3,-2.129929304122925,1.322223424911499,0.0007,0.19782155752182007,1.539467692375183,1155,-15.4755137,0.0,150.0
6418,23140,1157,3,-2.132655143737793,0.02805599570274353,0.0007,0.9290462732315063,0.05158022791147232,1156,-15.4755137,0.0,150.0
6418,23160,1158,3,-2.096194267272949,0.055420536547899246,0.0007,0.8365553617477417,-0.3215695321559906,1157,-15.4755137,0.0,150.0
6419,23180,1159,3,-2.101529598236084,0.042417772114276886,0.0007,0.8503942489624023,-0.03182129189372063,1158,-15.4755137,0.0,150.0
6420,23200,1160,3,-2.1129250526428223,0.04678459092974663,0.0007,0.827897310256958,0.024206209927797318,1159,-15.4755137,0.0,150.0
6420,23220,1161,3,-2.0547969341278076,1.085841417312622,0.0007,-0.26879560947418213,1.1311299800872803,1160,-15.4755137,0.0,150.0
6421,23240,1162,3,-2.0670928955078125,0.14734752476215363,0.0007,-0.17412352561950684,0.2795322835445404,1161,-15.4755137,0.0,150.0
6422,23260,1163,3,-2.0803096294403076,0.739081859588623,0.0007,0.3688601851463318,0.8516983985900879,1162,-15.4755137,0.0,150.0
6423,23280,1164,3,-2.0702309608459473,2.2281134128570557,0.0007,0.22700583934783936,1.2050155401229858,1163,-15.4755137,0.0,150.0
6423,23300,1165,3,-2.0718884468078613,0.24515119194984436,0.0007,0.554449200630188,0.36213985085487366,1164,-15.4755137,0.0,150.0
6424,23320,1166,3,-2.046557903289795,0.1748926043510437,0.0007,0.4944654703140259,-0.24822214245796204,1165,-15.4755137,0.0,150.0
6425,23340,1167,3,-2.04756236076355,2.5274264812469482,0.0007,0.20801597833633423,1.9961868524551392,1166,-15.4755137,0.0,150.0
6426,23360,1168,3,-2.050016403198242,0.47937852144241333,0.0007,0.39160674810409546,0.5722428560256958,1167,-15.4755137,0.0,150.0
6426,23380,1169,3,-2.0219266414642334,2.2974119186401367,0.0007,-0.05109083652496338,1.013027548789978,1168,-15.4755137,0.0,150.0
6426,23400,1170,3,-1.985755205154419,0.13668343424797058,0.0007,0.36227983236312866,-0.05080892890691757,1169,-15.379877570000001,0.0,150.0
6427,23420,1171,3,-1.8849890232086182,0.9905076026916504,0.0007,0.264207124710083,0.2452501505613327,1170,-15.379877570000001,0.0,150.0
6427,23440,1172,3,-1.9872119426727295,0.24091997742652893,0.0007,0.8372378349304199,-0.16232642531394958,1171,-15.379877570000001,0.0,150.0
6427,23460,1173,3,-2.0412468910217285,0.13665664196014404,0.0007,0.9440838694572449,0.4833391308784485,1172,-15.379877570000001,0.0,150.0
6428,23480,1174,3,-2.0111582279205322,0.3287773132324219,0.0007,0.8992854952812195,0.09717830270528793,1173,-15.379877570000001,0.0,150.0
6428,23500,1175,3,-2.00593638420105,0.16334936022758484,0.0007,0.9682104587554932,0.3481966555118561,1174,-15.379877570000001,0.0,150.0
6428,23520,1176,3,-2.0049121379852295,0.1993052065372467,0.0007,0.9565397500991821,-0.06586854159832001,1175,-15.379877570000001,0.0,150.0
6427,23540,1177,3,-1.9571422338485718,0.1763068437576294,0.0007,0.9726267457008362,-0.30885928869247437,1176,-15.379877570000001,0.0,150.0
6427,23560,1178,3,-1.959735631942749,0.22438693046569824,0.0007,0.9825657606124878,-0.7121893763542175,1177,-15.379877570000001,0.0,150.0
6428,23580,1179,3,-1.9533287286758423,0.14665772020816803,0.0007,0.9716081023216248,-0.23258814215660095,1178,-15.379877570000001,0.0,150.0
6427,23600,1180,3,-2.018587589263916,0.08000876754522324,0.0007,0.9758561849594116,-0.1269361525774002,1179,-15.379877570000001,0.0,150.0
6426,23620,1181,3,-2.025486469268799,0.8886842727661133,0.0007,0.32668447494506836,0.2813192903995514,1180,-15.379877570000001,0.0,150.0
6427,23640,1182,3,-2.037222385406494,0.18198129534721375,0.0007,0.8816476464271545,0.4353176951408386,1181,-15.379877570000001,0.0,150.0
6427,23660,1183,3,-2.034337282180786,0.11862816661596298,0.0007,0.9442422986030579,0.4214108884334564,1182,-15.379877570000001,0.0,150.0
6428,23680,1184,3,-1.9957109689712524,0.0924704521894455,0.0007,0.9320914149284363,0.24996939301490784,1183,-15.379877570000001,0.0,150.0
6429,23700,1185,3,-1.9573959112167358,0.6008909344673157,0.0007,0.6431456804275513,0.8773585557937622,1184,-15.379877570000001,0.0,150.0
6429,23720,1186,3,-1.990783929824829,1.4143580198287964,0.0007,0.46396082639694214,0.6938620209693909,1185,-15.379877570000001,0.0,150.0
6429,23740,1187,3,-1.9117021560668945,0.8085209131240845,0.0007,0.6847376823425293,0.1672639548778534,1186,-15.379877570000001,0.0,150.0
6429,23760,1188,3,-1.8206344842910767,0.6465179324150085,0.0007,0.8048646450042725,0.301849901676178,1187,-15.379877570000001,0.0,150.0
6430,23780,1189,3,-1.9182533025741577,0.21461734175682068,0.0007,0.9380258321762085,-0.5668245553970337,1188,-15.379877570000001,0.0,150.0
6431,23800,1190,3,-1.9302564859390259,0.12245422601699829,0.0007,0.9332747459411621,-0.293855756521225,1189,-15.379877570000001,0.0,150.0
6431,23820,1191,3,-1.9412158727645874,0.2640722095966339,0.0007,0.8561326861381531,-0.2874903082847595,1190,-15.379877570000001,0.0,150.0
6432,23840,1192,3,-1.9214775562286377,0.1692964732646942,0.0007,0.9277055859565735,-0.45355725288391113,1191,-15.379877570000001,0.0,150.0
6433,23860,1193,3,-1.9091615676879883,0.1576746255159378,0.0007,0.9134134650230408,-0.31825435161590576,1192,-15.379877570000001,0.0,150.0
6434,23880,1194,3,-1.9178718328475952,0.4563662111759186,0.0007,0.671387791633606,-0.6806275248527527,1193,-15.379877570000001,0.0,150.0
6435,23900,1195,3,-2.02738881111145,0.2299966812133789,0.0007,0.800787091255188,-0.6509237885475159,1194,-15.379877570000001,0.0,150.0
6436,23920,1196,3,-2.0571579933166504,0.14811019599437714,0.0007,0.8544621467590332,-0.5959705114364624,1195,-15.379877570000001,0.0,150.0
6437,23940,1197,3,-2.0654053688049316,0.19712121784687042,0.0007,0.6651290059089661,-0.5777219533920288,1196,-15.379877570000001,0.0,150.0
6437,23960,1198,3,-2.09973406791687,0.15269039571285248,0.0007,0.5817536115646362,-0.6736354827880859,1197,-15.379877570000001,0.0,150.0
6438,23980,1199,3,-2.0914549827575684,0.10696180164813995,0.0007,-0.3374902009963989,-0.6193767189979553,1198,-15.379877570000001,0.0,150.0
6439,24000,1200,3,-2.107573986053467,0.16764290630817413,0.0007,-0.04625415802001953,-0.6552562713623047,1199,-15.536584980000002,0.0,150.0
6439,24020,1201,3,-2.1316001415252686,0.04469972103834152,0.0007,0.030415594577789307,-0.04041288420557976,1200,-15.536584980000002,0.0,150.0
6440,24040,1202,3,-2.145155668258667,0.09897127002477646,0.0007,0.9398685693740845,0.4046294093132019,1201,-15.536584980000002,0.0,150.0
6441,24060,1203,3,-2.1424949169158936,0.03368741273880005,0.0007,0.977441132068634,0.12830230593681335,1202,-15.536584980000002,0.0,150.0
6442,24080,1204,3,-2.1434075832366943,0.12370219081640244,0.0007,0.942396879196167,-0.43407291173934937,1203,-15.536584980000002,0.0,150.0
6443,24100,1205,3,-2.140159845352173,0.17446854710578918,0.0007,0.89039146900177,0.06377439200878143,1204,-15.536584980000002,0.0,150.0
6444,24120,1206,3,-2.1060729026794434,0.1344495266675949,0.0007,0.9592227935791016,-0.07553635537624359,1205,-15.536584980000002,0.0,150.0
6444,24140,1207,3,-2.102013349533081,0.022549910470843315,0.0007,0.995647132396698,0.0839289128780365,1206,-15.536584980000002,0.0,150.0
6442,24160,1208,3,-2.1123976707458496,1.3451924324035645,0.0007,0.8794469833374023,0.4684373736381531,1207,-15.536584980000002,0.0,150.0
6443,24180,1209,3,-2.0908215045928955,0.5104552507400513,0.0007,0.9660058617591858,0.060361288487911224,1208,-15.536584980000002,0.0,150.0
6444,24200,1210,3,-2.071237564086914,0.5896832942962646,0.0007,0.9824172854423523,-1.0143004655838013,1209,-15.536584980000002,0.0,150.0
6445,24220,1211,3,-2.0929877758026123,0.16778862476348877,0.0007,0.9968668222427368,-0.6838052868843079,1210,-15.536584980000002,0.0,150.0
6446,24240,1212,3,-2.1027674674987793,0.31795865297317505,0.0007,0.972907304763794,0.20831194519996643,1211,-15.536584980000002,0.0,150.0
6445,24260,1213,3,-2.09322190284729,0.17839989066123962,0.0007,0.988946259021759,0.47980397939682007,1212,-15.536584980000002,0.0,150.0
6445,24280,1214,3,-2.086458683013916,0.21667873859405518,0.0007,0.991793692111969,-0.7526715397834778,1213,-15.536584980000002,0.0,150.0
6445,24300,1215,3,-2.082672119140625,0.04384630173444748,0.0007,0.9958735704421997,-0.22288937866687775,1214,-15.536584980000002,0.0,150.0
6446,24320,1216,3,-2.106212854385376,0.3428863286972046,0.0007,0.9232416749000549,0.07166646420955658,1215,-15.536584980000002,0.0,150.0
6447,24340,1217,3,-2.0597946643829346,0.024416370317339897,0.0007,0.9919416308403015,-0.058346398174762726,1216,-15.536584980000002,0.0,150.0
6447,24360,1218,3,-2.0208067893981934,0.453879177570343,0.0007,0.6778659820556641,0.49966564774513245,1217,-15.536584980000002,0.0,150.0
6448,24380,1219,3,-2.0768749713897705,0.0716647058725357,0.0007,0.9229434728622437,-0.19187915325164795,1218,-15.536584980000002,0.0,150.0
6449,24400,1220,3,-2.09006667137146,0.03319406509399414,0.0007,0.9581183791160583,-0.2297305315732956,1219,-15.536584980000002,0.0,150.0
6449,24420,1221,3,-2.1090176105499268,0.06262372434139252,0.0007,0.8745366334915161,-0.3318663239479065,1220,-15.536584980000002,0.0,150.0
6449,24440,1222,3,-2.0915937423706055,0.027350256219506264,0.0007,0.896774172782898,0.03932250291109085,1221,-15.536584980000002,0.0,150.0
6450,24460,1223,3,-2.1184985637664795,0.058714598417282104,0.0007,0.8814446330070496,0.02330469898879528,1222,-15.536584980000002,0.0,150.0
6451,24480,1224,3,-2.108097791671753,0.10894365608692169,0.0007,0.8607031106948853,-0.10498200356960297,1223,-15.536584980000002,0.0,150.0
6452,24500,1225,3,-2.11879301071167,0.03642605245113373,0.0007,0.9256201982498169,-0.05819889158010483,1224,-15.536584980000002,0.0,150.0
6453,24520,1226,3,-2.1320621967315674,0.039559368044137955,0.0007,0.7666462063789368,-0.017809685319662094,1225,-15.536584980000002,0.0,150.0
6453,24540,1227,3,-2.127371311187744,0.05595170333981514,0.0007,0.7182414531707764,-0.18148104846477509,1226,-15.536584980000002,0.0,150.0
6454,24560,1228,3,-2.148369550704956,0.0545007660984993,0.0007,-0.41148626804351807,0.16633474826812744,1227,-15.536584980000002,0.0,150.0
6455,24580,1229,3,-2.1392977237701416,0.04317624121904373,0.0007,0.16800856590270996,-0.23005037009716034,1228,-15.536584980000002,0.0,150.0
6455,24600,1230,3,-2.160655975341797,0.07693500816822052,0.0007,-0.3562610149383545,0.17713092267513275,1229,-15.413843550000001,0.0,150.0
6454,24620,1231,3,-2.15191388130188,0.022717662155628204,0.0007,-0.7114415168762207,0.14938870072364807,1230,-15.413843550000001,0.0,150.0
6454,24640,1232,3,-2.140627384185791,0.3035726845264435,0.0007,0.6409198045730591,-0.5611903071403503,1231,-15.413843550000001,0.0,150.0
6452,24660,1233,3,-2.145049810409546,0.43925219774246216,0.0007,0.08918827772140503,0.8194544911384583,1232,-15.413843550000001,0.0,150.0
6451,24680,1234,3,-2.1443629264831543,0.13033172488212585,0.0007,0.8551672697067261,-0.5208803415298462,1233,-15.413843550000001,0.0,150.0
6451,24700,1235,3,-2.1461191177368164,0.07336510717868805,0.0007,0.8925180435180664,0.36072608828544617,1234,-15.413843550000001,0.0,150.0
6451,24720,1236,3,-2.142202854156494,0.0949288159608841,0.0007,0.838880717754364,-0.11201951652765274,1235,-15.413843550000001,0.0,150.0
6451,24740,1237,3,-2.1300406455993652,0.047796692699193954,0.0007,0.916856586933136,0.057799212634563446,1236,-15.413843550000001,0.0,150.0
6452,24760,1238,3,-2.1556694507598877,0.6432398557662964,0.0007,0.7424335479736328,0.8042308688163757,1237,-15.413843550000001,0.0,150.0
6452,24780,1239,3,-2.1519551277160645,0.24280650913715363,0.0007,0.9308772087097168,0.18539993464946747,1238,-15.413843550000001,0.0,150.0
6453,24800,1240,3,-2.1516878604888916,0.32495278120040894,0.0007,0.8629122376441956,-0.1464349627494812,1239,-15.413843550000001,0.0,150.0
6453,24820,1241,3,-2.165153980255127,0.11609382927417755,0.0007,0.9605037569999695,0.2624158561229706,1240,-15.413843550000001,0.0,150.0
6454,24840,1242,3,-2.157139539718628,0.05990226939320564,0.0007,0.9841129779815674,0.19629845023155212,1241,-15.413843550000001,0.0,150.0
6455,24860,1243,3,-2.161477565765381,0.23383298516273499,0.0007,0.933722972869873,-0.35270896553993225,1242,-15.413843550000001,0.0,150.0
6456,24880,1244,3,-2.1562576293945312,0.4983592927455902,0.0007,0.9138295650482178,0.8830978274345398,1243,-15.413843550000001,0.0,150.0
6456,24900,1245,3,-2.158869981765747,0.3859385848045349,0.0007,0.9544270634651184,0.7411562204360962,1244,-15.413843550000001,0.0,150.0
6457,24920,1246,3,-2.1595470905303955,0.09067988395690918,0.0007,0.9840413331985474,0.19490227103233337,1245,-15.413843550000001,0.0,150.0
6458,24940,1247,3,-2.164086103439331,0.056679029017686844,0.0007,0.990827202796936,0.13470253348350525,1246,-15.413843550000001,0.0,150.0
6458,24960,1248,3,-2.1588985919952393,0.09608875215053558,0.0007,0.9830412864685059,0.2534911632537842,1247,-15.413843550000001,0.0,150.0
6459,24980,1249,3,-2.1596741676330566,0.3680039048194885,0.0007,0.9757304191589355,0.9621483683586121,1248,-15.413843550000001,0.0,150.0
6446,25000,1250,3,-2.156848669052124,0.19707898795604706,0.0007,0.9795864820480347,-0.2695491909980774,1249,-15.413843550000001,0.0,150.0
6445,25020,1251,3,-2.1540138721466064,0.037715986371040344,0.0007,0.9956451654434204,0.1412663459777832,1250,-15.413843550000001,0.0,150.0
6445,25040,1252,3,-2.153038263320923,0.17483918368816376,0.0007,0.9883480668067932,0.5425626039505005,1251,-15.413843550000001,0.0,150.0
6446,25060,1253,3,-2.1411519050598145,0.22820493578910828,0.0007,0.9817579984664917,-0.08286415785551071,1252,-15.413843550000001,0.0,150.0
6446,25080,1254,3,-2.119753122329712,0.035395462065935135,0.0007,0.9970262050628662,-0.0046315668150782585,1253,-15.413843550000001,0.0,150.0
6447,25100,1255,3,-2.134519338607788,0.9626337885856628,0.0007,0.9294337034225464,0.8610604405403137,1254,-15.413843550000001,0.0,150.0
6448,25120,1256,3,-2.1258487701416016,0.17375192046165466,0.0007,0.9836965799331665,-0.1323428601026535,1255,-15.413843550000001,0.0,150.0
6446,25140,1257,3,-2.116612672805786,0.157070130109787,0.0007,0.9884200096130371,0.031745195388793945,1256,-15.413843550000001,0.0,150.0
6445,25160,1258,3,-2.102050542831421,0.2606077790260315,0.0007,0.99308180809021,-0.7970576286315918,1257,-15.413843550000001,0.0,150.0
6444,25180,1259,3,-2.1102306842803955,0.4438040852546692,0.0007,0.9756945967674255,-0.8707345128059387,1258,-15.413843550000001,0.0,150.0
6443,25200,1260,3,-2.1431984901428223,0.18936753273010254,0.0007,0.9842286705970764,-0.673265278339386,1259,-15.34544982,0.0,150.0
6444,25220,1261,3,-2.1425561904907227,0.030938157811760902,0.0007,0.9919795989990234,-0.17180135846138,1260,-15.34544982,0.0,150.0
6445,25240,1262,3,-2.091784954071045,0.09132631123065948,0.0007,0.9416823983192444,-0.4879388213157654,1261,-15.34544982,0.0,150.0
6445,25260,1263,3,-2.097317934036255,0.0868731290102005,0.0007,0.9104941487312317,-0.33494099974632263,1262,-15.34544982,0.0,150.0
6446,25280,1264,3,-2.078730344772339,1.7113239765167236,0.0007,0.5659008026123047,0.678838849067688,1263,-15.34544982,0.0,150.0
6447,25300,1265,3,-2.0747127532958984,0.0960921198129654,0.0007,0.9822074770927429,-0.2540992796421051,1264,-15.34544982,0.0,150.0
6447,25320,1266,3,-2.0894980430603027,0.24175167083740234,0.0007,0.9467212557792664,-0.039504773914813995,1265,-15.34544982,0.0,150.0
6447,25340,1267,3,-2.0759353637695312,0.11711277812719345,0.0007,0.9815582036972046,-0.101209357380867,1266,-15.34544982,0.0,150.0
6448,25360,1268,3,-2.097393274307251,0.11844257265329361,0.0007,0.9873232245445251,-0.2999092936515808,1267,-15.34544982,0.0,150.0
6449,25380,1269,3,-2.10963773727417,0.16638220846652985,0.0007,0.9891191720962524,-0.7076786756515503,1268,-15.34544982,0.0,150.0
6449,25400,1270,3,-2.0823588371276855,1.2929940223693848,0.0007,0.9187396168708801,1.4071893692016602,1269,-15.34544982,0.0,150.0
6450,25420,1271,3,-2.0492653846740723,1.0810587406158447,0.0007,0.7861874103546143,0.6363691687583923,1270,-15.34544982,0.0,150.0
6450,25440,1272,3,-2.085193157196045,0.10312750190496445,0.0007,0.9893530607223511,-0.6249669194221497,1271,-15.34544982,0.0,150.0
6450,25460,1273,3,-2.075927257537842,0.2936021685600281,0.0007,0.8705500364303589,0.18542519211769104,1272,-15.34544982,0.0,150.0
6451,25480,1274,3,-2.0695717334747314,1.805480718612671,0.0007,-0.9335492849349976,0.9005581140518188,1273,-15.34544982,0.0,150.0
6451,25500,1275,3,-2.0279200077056885,0.9870575070381165,0.0007,0.6598207950592041,0.8897290229797363,1274,-15.34544982,0.0,150.0
6452,25520,1276,3,-2.04241943359375,0.6865330934524536,0.0007,0.550215482711792,0.009102582931518555,1275,-15.34544982,0.0,150.0
6452,25540,1277,3,-1.9753248691558838,0.45737576484680176,0.0007,0.019034743309020996,-0.18364380300045013,1276,-15.34544982,0.0,150.0
6452,25560,1278,3,-1.9314380884170532,0.45628848671913147,0.0007,0.5699411034584045,0.3494466543197632,1277,-15.34544982,0.0,150.0
6452,25580,1279,3,-1.964411973953247,0.4487999379634857,0.0007,0.7491341829299927,0.6749120950698853,1278,-15.34544982,0.0,150.0
6453,25600,1280,3,-2.0040154457092285,0.2943987250328064,0.0007,0.7308394908905029,0.47697100043296814,1279,-15.34544982,0.0,150.0
6454,25620,1281,3,-1.948939561843872,0.2535390853881836,0.0007,0.8650584816932678,0.15217818319797516,1280,-15.34544982,0.0,150.0
6453,25640,1282,3,-1.9303327798843384,0.18125256896018982,0.0007,0.9188671112060547,-0.26081937551498413,1281,-15.34544982,0.0,150.0
6454,25660,1283,3,-1.9554002285003662,0.18810199201107025,0.0007,0.9372869729995728,-0.43465933203697205,1282,-15.34544982,0.0,150.0
6454,25680,1284,3,-1.9628719091415405,1.1736170053482056,0.0007,0.16479432582855225,0.406749963760376,1283,-15.34544982,0.0,150.0
6455,25700,1285,3,-2.018038511276245,0.07384660094976425,0.0007,0.9366331696510315,-0.3998551666736603,1284,-15.34544982,0.0,150.0
6456,25720,1286,3,-2.0557408332824707,0.07996474206447601,0.0007,0.7661749124526978,-0.13947774469852448,1285,-15.34544982,0.0,150.0
6457,25740,1287,3,-2.0723683834075928,0.08400864154100418,0.0007,0.44053030014038086,-0.398423969745636,1286,-15.34544982,0.0,150.0
6458,25760,1288,3,-2.0649592876434326,0.14133970439434052,0.0007,0.19376486539840698,-0.5829542279243469,1287,-15.34544982,0.0,150.0
6458,25780,1289,3,-2.0986971855163574,0.0502900555729866,0.0007,0.42225217819213867,-0.38430389761924744,1288,-15.34544982,0.0,150.0
6458,25800,1290,3,-2.122310161590576,0.0775490552186966,0.0007,-0.04155111312866211,-0.48735037446022034,1289,-15.184607839999998,0.0,150.0
6459,25820,1291,3,-2.1365418434143066,0.08786291629076004,0.0007,-0.24945855140686035,-0.37671297788619995,1290,-15.184607839999998,0.0,150.0
6459,25840,1292,4,-2.0615901947021484,0.055501215159893036,0.0007,0.7343105673789978,0.2157379388809204,1291,-15.184607839999998,0.0,150.0
6460,25860,1293,4,-2.057377576828003,0.26181289553642273,0.0007,-0.13255393505096436,0.0632752776145935,1292,-15.184607839999998,0.0,150.0
6460,25880,1294,4,-2.0909342765808105,0.09742714464664459,0.0007,0.7889366149902344,0.4582638144493103,1293,-15.184607839999998,0.0,150.0
6460,25900,1295,4,-2.08945369720459,0.28098055720329285,0.0007,-0.06065058708190918,-0.33294445276260376,1294,-15.184607839999998,0.0,150.0
6461,25920,1296,4,-2.09428071975708,0.3755122423171997,0.0007,0.5227644443511963,-0.020810747519135475,1295,-15.184607839999998,0.0,150.0
6461,25940,1297,4,-2.131991386413574,0.2004115879535675,0.0007,0.8521244525909424,0.27412036061286926,1296,-15.184607839999998,0.0,150.0
6462,25960,1298,4,-2.120964527130127,0.47610044479370117,0.0007,0.8601580858230591,0.6899319887161255,1297,-15.184607839999998,0.0,150.0
6462,25980,1299,4,-2.1207804679870605,0.12974123656749725,0.0007,0.9620218276977539,-0.2123684585094452,1298,-15.184607839999998,0.0,150.0
6463,26000,1300,4,-2.1149086952209473,0.12982551753520966,0.0007,0.9548510313034058,-0.2212846279144287,1299,-15.184607839999998,0.0,150.0
6464,26020,1301,4,-2.148789167404175,0.2618238031864166,0.0007,0.850322961807251,0.1699187159538269,1300,-15.184607839999998,0.0,150.0
6465,26040,1302,4,-2.150724411010742,0.6564215421676636,0.0007,0.11174780130386353,0.805390477180481,1301,-15.184607839999998,0.0,150.0
6466,26060,1303,4,-2.140143871307373,0.31951674818992615,0.0007,0.8482314944267273,0.26415297389030457,1302,-15.184607839999998,0.0,150.0
6465,26080,1304,4,-2.15781569480896,0.1211271733045578,0.0007,0.9534913301467896,0.2895871102809906,1303,-15.184607839999998,0.0,150.0
6466,26100,1305,4,-2.154517412185669,0.5851764678955078,0.0007,0.9022376537322998,-0.3663054406642914,1304,-15.184607839999998,0.0,150.0
6466,26120,1306,4,-2.107928991317749,0.8149484395980835,0.0007,0.9113538861274719,0.5158988833427429,1305,-15.184607839999998,0.0,150.0
6467,26140,1307,4,-2.1044256687164307,0.2503969967365265,0.0007,0.9777149558067322,0.2935529053211212,1306,-15.184607839999998,0.0,150.0
6468,26160,1308,4,-2.111027240753174,0.1587979644536972,0.0007,0.9897293448448181,-0.47043824195861816,1307,-15.184607839999998,0.0,150.0
6468,26180,1309,4,-2.1406960487365723,0.13485626876354218,0.0007,0.9820010662078857,-0.3729134202003479,1308,-15.184607839999998,0.0,150.0
6469,26200,1310,4,-2.1322498321533203,0.09945835173130035,0.0007,0.9749183654785156,-0.12034420669078827,1309,-15.184607839999998,0.0,150.0
6469,26220,1311,4,-2.142637252807617,0.060302674770355225,0.0007,0.9751283526420593,-0.07165952026844025,1310,-15.184607839999998,0.0,150.0
6468,26240,1312,4,-2.136737585067749,0.08888441324234009,0.0007,0.9752199649810791,0.40197643637657166,1311,-15.184607839999998,0.0,150.0
6468,26260,1313,4,-2.1321868896484375,2.8990111351013184,0.0007,0.1572403907775879,1.0241488218307495,1312,-15.184607839999998,0.0,150.0
6469,26280,1314,4,-2.116298198699951,0.0405716747045517,0.0007,0.9757171273231506,-0.1294880360364914,1313,-15.184607839999998,0.0,150.0
6470,26300,1315,4,-2.0946528911590576,3.7921714782714844,0.0007,0.48136740922927856,2.1557228565216064,1314,-15.184607839999998,0.0,150.0
6470,26320,1316,4,-2.104191541671753,0.3677124083042145,0.0007,0.826815128326416,-0.5902250409126282,1315,-15.184607839999998,0.0,150.0
6471,26340,1317,4,-2.1043896675109863,0.4823555052280426,0.0007,0.795093297958374,0.2060280740261078,1316,-15.184607839999998,0.0,150.0
6471,26360,1318,4,-2.1542770862579346,0.1529160887002945,0.0007,0.9431830048561096,-0.44024553894996643,1317,-15.184607839999998,0.0,150.0
6472,26380,1319,4,-2.154456853866577,0.6233358979225159,0.0007,0.7310011386871338,0.6311793327331543,1318,-15.184607839999998,0.0,150.0
6472,26400,1320,4,-2.1548573970794678,0.16938090324401855,0.0007,0.9293931126594543,-0.2713698446750641,1319,-15.22386085,0.0,150.0
6473,26420,1321,4,-2.158982276916504,0.09599349647760391,0.0007,0.9724733233451843,-0.43194645643234253,1320,-15.22386085,0.0,150.0
6474,26440,1322,4,-2.1271097660064697,0.32070308923721313,0.0007,0.9334725737571716,-0.9910106658935547,1321,-15.22386085,0.0,150.0
6475,26460,1323,4,-2.1369500160217285,0.2515712380409241,0.0007,0.7189399003982544,-0.24030646681785583,1322,-15.22386085,0.0,150.0
6476,26480,1324,4,-2.13234806060791,0.1179819256067276,0.0007,0.7841873168945312,-0.1666228324174881,1323,-15.22386085,0.0,150.0
6477,26500,1325,4,-2.125474452972412,0.17695598304271698,0.0007,0.3837244510650635,-0.0547991506755352,1324,-15.22386085,0.0,150.0
6478,26520,1326,4,-2.0866737365722656,0.36982452869415283,0.0007,0.2928670048713684,0.14808520674705505,1325,-15.22386085,0.0,150.0
6479,26540,1327,4,-2.0527420043945312,0.10928710550069809,0.0007,0.863092303276062,0.09205826371908188,1326,-15.22386085,0.0,150.0
6480,26560,1328,4,-2.056140899658203,0.1492018699645996,0.0007,0.9566165208816528,-0.6960157155990601,1327,-15.22386085,0.0,150.0
6481,26580,1329,4,-2.0664620399475098,0.3504416346549988,0.0007,0.8193788528442383,-0.4051457345485687,1328,-15.22386085,0.0,150.0
6481,26600,1330,4,-2.0577890872955322,0.46451497077941895,0.0007,0.8350921869277954,-0.5292196273803711,1329,-15.22386085,0.0,150.0
6482,26620,1331,4,-2.079272508621216,0.1923382580280304,0.0007,0.9364104270935059,-0.24140414595603943,1330,-15.22386085,0.0,150.0
6483,26640,1332,4,-2.0863471031188965,0.08320090919733047,0.0007,0.9605244398117065,0.11506650596857071,1331,-15.22386085,0.0,150.0
6484,26660,1333,4,-2.078159809112549,0.3033080995082855,0.0007,0.6996929049491882,-0.06164874881505966,1332,-15.22386085,0.0,150.0
6485,26680,1334,4,-2.063432216644287,0.10408015549182892,0.0007,0.846306562423706,0.08139406889677048,1333,-15.22386085,0.0,150.0
6486,26700,1335,4,-2.0813589096069336,2.328670024871826,0.0007,0.5016780495643616,1.4345815181732178,1334,-15.22386085,0.0,150.0
6487,26720,1336,4,-2.0693166255950928,0.33871787786483765,0.0007,0.8775506615638733,0.3022436499595642,1335,-15.22386085,0.0,150.0
6487,26740,1337,4,-2.060645341873169,0.06755255162715912,0.0007,0.9719759821891785,0.23458611965179443,1336,-15.22386085,0.0,150.0
6488,26760,1338,4,-2.0253918170928955,0.05430711433291435,0.0007,0.9731937646865845,0.108848437666893,1337,-15.22386085,0.0,150.0
6489,26780,1339,4,-2.0225729942321777,1.501326560974121,0.0007,0.2782614827156067,0.5470597743988037,1338,-15.22386085,0.0,150.0
6489,26800,1340,4,-2.0048296451568604,0.07422792166471481,0.0007,0.9758184552192688,-0.44652795791625977,1339,-15.22386085,0.0,150.0
6490,26820,1341,4,-2.010096311569214,0.07314974069595337,0.0007,0.9504737854003906,-0.2795270085334778,1340,-15.22386085,0.0,150.0
6490,26840,1342,4,-2.0026631355285645,0.3041173219680786,0.0007,0.6103069186210632,-0.6520527601242065,1341,-15.22386085,0.0,150.0
6491,26860,1343,4,-2.0264601707458496,0.12984716892242432,0.0007,0.7339059114456177,-0.46502357721328735,1342,-15.22386085,0.0,150.0
6491,26880,1344,4,-2.057860851287842,0.07818304002285004,0.0007,0.7249253988265991,-0.4374145567417145,1343,-15.22386085,0.0,150.0
6492,26900,1345,4,-2.0607171058654785,0.09832469373941422,0.0007,0.45425963401794434,-0.22911667823791504,1344,-15.22386085,0.0,150.0
6493,26920,1346,4,-2.03208589553833,0.06608134508132935,0.0007,0.4527823328971863,-0.33522114157676697,1345,-15.22386085,0.0,150.0
6494,26940,1347,4,-2.0493476390838623,0.03289685770869255,0.0007,0.4627571105957031,-0.22293119132518768,1346,-15.22386085,0.0,150.0
6495,26960,1348,4,-2.073991298675537,2.190385341644287,0.0007,-0.009525537490844727,0.8787077069282532,1347,-15.22386085,0.0,150.0
6496,26980,1349,4,-2.013357639312744,2.1164565086364746,0.0007,0.0015586018562316895,1.0267505645751953,1348,-15.22386085,0.0,150.0
6495,27000,1350,4,-2.071079730987549,0.13477759063243866,0.0007,0.1469515562057495,-0.6015378832817078,1349,-15.38179086,0.0,150.0
6496,27020,1351,4,-2.1131591796875,0.08168584853410721,0.0007,0.12051153182983398,-0.4201885163784027,1350,-15.38179086,0.0,150.0
6497,27040,1352,4,-2.0476906299591064,0.06742556393146515,0.0007,0.920202910900116,0.2779221534729004,1351,-15.38179086,0.0,150.0
6497,27060,1353,4,-2.0504021644592285,0.07588477432727814,0.0007,0.9279553294181824,0.022346317768096924,1352,-15.38179086,0.0,150.0
6498,27080,1354,4,-2.065662145614624,0.04711759090423584,0.0007,0.9696516394615173,0.07762590795755386,1353,-15.38179086,0.0,150.0
6499,27100,1355,4,-2.0320472717285156,0.22621366381645203,0.0007,0.8692514300346375,-0.06252346187829971,1354,-15.38179086,0.0,150.0
6499,27120,1356,4,-2.0186681747436523,1.5667414665222168,0.0007,0.38120490312576294,1.0123767852783203,1355,-15.38179086,0.0,150.0
6500,27140,1357,4,-2.041212797164917,0.1818045675754547,0.0007,0.940401017665863,0.34427013993263245,1356,-15.38179086,0.0,150.0
6500,27160,1358,4,-2.037940502166748,1.7448647022247314,0.0007,0.730521559715271,0.34664061665534973,1357,-15.38179086,0.0,150.0
6501,27180,1359,4,-2.0363669395446777,0.36933961510658264,0.0007,0.9450116157531738,0.31000667810440063,1358,-15.38179086,0.0,150.0
6502,27200,1360,4,-2.0368869304656982,0.7184852361679077,0.0007,0.8556232452392578,-0.2018219530582428,1359,-15.38179086,0.0,150.0
6502,27220,1361,4,-2.0596818923950195,0.5359911918640137,0.0007,0.6779895424842834,-0.520784318447113,1360,-15.38179086,0.0,150.0
6503,27240,1362,4,-2.075242519378662,0.21619562804698944,0.0007,0.7540344595909119,-0.21156582236289978,1361,-15.38179086,0.0,150.0
6503,27260,1363,4,-2.0747504234313965,0.15440040826797485,0.0007,0.692743182182312,-0.5677905082702637,1362,-15.38179086,0.0,150.0
6504,27280,1364,4,-2.060375213623047,0.21681320667266846,0.0007,0.1952947974205017,0.3267354965209961,1363,-15.38179086,0.0,150.0
6505,27300,1365,4,-2.047964096069336,1.5094231367111206,0.0007,0.35185420513153076,1.026482343673706,1364,-15.38179086,0.0,150.0
6504,27320,1366,4,-2.062070846557617,0.1019337922334671,0.0007,0.9419946074485779,-0.3682982921600342,1365,-15.38179086,0.0,150.0
6505,27340,1367,4,-2.087669610977173,0.2197234332561493,0.0007,0.7929580807685852,-0.37646910548210144,1366,-15.38179086,0.0,150.0
6505,27360,1368,4,-2.059030532836914,0.08389951288700104,0.0007,0.8985432982444763,-0.041565943509340286,1367,-15.38179086,0.0,150.0
6506,27380,1369,4,-2.0612380504608154,0.8795987367630005,0.0007,0.7078685760498047,0.7094613909721375,1368,-15.38179086,0.0,150.0
6506,27400,1370,4,-2.037205219268799,1.7063143253326416,0.0007,0.6856862306594849,0.8850674629211426,1369,-15.38179086,0.0,150.0
6506,27420,1371,4,-2.0219757556915283,0.5262372493743896,0.0007,0.8898639678955078,1.089192271232605,1370,-15.38179086,0.0,150.0
6505,27440,1372,4,-2.0677852630615234,0.33792048692703247,0.0007,0.901782751083374,-0.34619632363319397,1371,-15.38179086,0.0,150.0
6505,27460,1373,4,-2.1017117500305176,1.000565528869629,0.0007,0.8514847159385681,-0.5446978807449341,1372,-15.38179086,0.0,150.0
6506,27480,1374,4,-2.135190486907959,0.12672527134418488,0.0007,0.9822724461555481,-0.5629338026046753,1373,-15.38179086,0.0,150.0
6506,27500,1375,4,-2.119913339614868,0.11956199258565903,0.0007,0.9658908247947693,-0.029900526627898216,1374,-15.38179086,0.0,150.0
6506,27520,1376,4,-2.0912888050079346,0.20406338572502136,0.0007,0.9648701548576355,0.15387137234210968,1375,-15.38179086,0.0,150.0
6506,27540,1377,4,-2.0928122997283936,0.0914631113409996,0.0007,0.9918516278266907,-0.45480209589004517,1376,-15.38179086,0.0,150.0
6507,27560,1378,4,-2.1112141609191895,0.08163844048976898,0.0007,0.9823935627937317,-0.3606087863445282,1377,-15.38179086,0.0,150.0
6507,27580,1379,4,-2.121511936187744,0.19622065126895905,0.0007,0.9365109801292419,-0.6376930475234985,1378,-15.38179086,0.0,150.0
6507,27600,1380,4,-2.1344690322875977,0.13754059374332428,0.0007,0.64839106798172,-0.3637678027153015,1379,-15.038217920000001,0.0,150.0
6508,27620,1381,4,-2.154127836227417,0.04168695583939552,0.0007,0.804215669631958,-0.3371327817440033,1380,-15.038217920000001,0.0,150.0
6508,27640,1382,4,-2.0677402019500732,0.2540229260921478,0.0007,-0.16058039665222168,-0.39260831475257874,1381,-15.038217920000001,0.0,150.0
6509,27660,1383,4,-2.064976215362549,0.20298853516578674,0.0007,-0.11840319633483887,0.3581688404083252,1382,-15.038217920000001,0.0,150.0
6509,27680,1384,4,-2.092644214630127,0.2552544176578522,0.0007,0.7321447134017944,-0.8713194131851196,1383,-15.038217920000001,0.0,150.0
6510,27700,1385,4,-2.082542657852173,0.33285167813301086,0.0007,0.4643164277076721,-0.38821688294410706,1384,-15.038217920000001,0.0,150.0
6510,27720,1386,4,-2.072321653366089,0.24630677700042725,0.0007,0.7403145432472229,-0.7817978262901306,1385,-15.038217920000001,0.0,150.0
6511,27740,1387,4,-2.0662989616394043,0.29605650901794434,0.0007,-2.2829654216766357,-0.2536974847316742,1386,-15.038217920000001,0.0,150.0
6511,27760,1388,4,-2.0509088039398193,0.05441473796963692,0.0007,0.8243079781532288,-0.040275029838085175,1387,-15.038217920000001,0.0,150.0
6512,27780,1389,4,-2.0308592319488525,0.2143358439207077,0.0007,0.0059348344802856445,-0.4257836937904358,1388,-15.038217920000001,0.0,150.0
6513,27800,1390,4,-2.0390617847442627,0.040986981242895126,0.0007,0.6916571259498596,-0.2039816826581955,1389,-15.038217920000001,0.0,150.0
6513,27820,1391,4,-2.047029972076416,0.33987942337989807,0.0007,0.03558164834976196,0.3770517408847809,1390,-15.038217920000001,0.0,150.0
6514,27840,1392,4,-2.092726230621338,0.2094404697418213,0.0007,0.7307250499725342,0.5085157155990601,1391,-15.038217920000001,0.0,150.0
6515,27860,1393,4,-2.0631394386291504,0.21094170212745667,0.0007,0.2528111934661865,-0.47376561164855957,1392,-15.038217920000001,0.0,150.0
6516,27880,1394,4,-2.0910439491271973,0.5701109170913696,0.0007,-0.20016801357269287,0.10733793675899506,1393,-15.038217920000001,0.0,150.0
6516,27900,1395,4,-2.014313220977783,0.12797635793685913,0.0007,0.24576938152313232,-0.2581280469894409,1394,-15.038217920000001,0.0,150.0
6516,27920,1396,4,-2.0088393688201904,0.01958261802792549,0.0007,-0.3939507007598877,0.08985353261232376,1395,-15.038217920000001,0.0,150.0
6517,27940,1397,4,-2.071183443069458,0.9438769221305847,0.0007,0.04627799987792969,0.24229320883750916,1396,-15.038217920000001,0.0,150.0
6518,27960,1398,4,-2.07472825050354,0.2169562578201294,0.0007,0.18612492084503174,0.20743389427661896,1397,-15.038217920000001,0.0,150.0
6518,27980,1399,4,-2.096436023712158,0.787077009677887,0.0007,0.10971903800964355,0.4137762188911438,1398,-15.038217920000001,0.0,150.0
6519,28000,1400,4,-2.1136820316314697,0.5288784503936768,0.0007,0.034758031368255615,0.5709695219993591,1399,-15.038217920000001,0.0,150.0
6520,28020,1401,4,-2.0769524574279785,0.2854790687561035,0.0007,0.12194770574569702,0.4073506295681,1400,-15.038217920000001,0.0,150.0
6521,28040,1402,4,-2.0108063220977783,1.1350473165512085,0.0007,-0.07213497161865234,0.7807513475418091,1401,-15.038217920000001,0.0,150.0
6521,28060,1403,4,-1.9888149499893188,0.08884631097316742,0.0007,0.10708057880401611,-0.3248785138130188,1402,-15.038217920000001,0.0,150.0
6522,28080,1404,4,-2.066134452819824,0.10785293579101562,0.0007,0.010012209415435791,-0.11799414455890656,1403,-15.038217920000001,0.0,150.0
6523,28100,1405,4,-2.078507661819458,0.11496822535991669,0.0007,0.020706355571746826,-0.09986661374568939,1404,-15.038217920000001,0.0,150.0
6524,28120,1406,4,-2.0892107486724854,0.10754270851612091,0.0007,0.18115222454071045,0.05927471071481705,1405,-15.038217920000001,0.0,150.0
6524,28140,1407,4,-2.1207120418548584,0.10771818459033966,0.0007,0.16642707586288452,-0.13254784047603607,1406,-15.038217920000001,0.0,150.0
6525,28160,1408,4,-2.110334873199463,0.03831203654408455,0.0007,0.13703584671020508,-0.008172363042831421,1407,-15.038217920000001,0.0,150.0
6526,28180,1409,4,-2.1067967414855957,0.09517630189657211,0.0007,0.04437536001205444,0.31436964869499207,1408,-15.038217920000001,0.0,150.0
6525,28200,1410,4,-2.118839979171753,0.044901419430971146,0.0007,0.13410693407058716,0.1774469017982483,1409,-15.241750790000003,0.0,150.0
6526,28220,1411,4,-2.1119487285614014,0.13517704606056213,0.0007,0.12272310256958008,0.34954237937927246,1410,-15.241750790000003,0.0,150.0
6527,28240,1412,4,-2.1204912662506104,0.055564939975738525,0.0007,0.9403872489929199,0.280729740858078,1411,-15.241750790000003,0.0,150.0
6528,28260,1413,4,-2.1307926177978516,0.20929546654224396,0.0007,0.9329344034194946,0.6264795660972595,1412,-15.241750790000003,0.0,150.0
6529,28280,1414,4,-2.1286330223083496,0.36368775367736816,0.0007,0.8586961030960083,0.09859524667263031,1413,-15.241750790000003,0.0,150.0
6530,28300,1415,4,-2.127159595489502,0.1713533103466034,0.0007,0.8843996524810791,0.1793377697467804,1414,-15.241750790000003,0.0,150.0
6530,28320,1416,4,-2.122833728790283,0.11507295072078705,0.0007,0.83408522605896,0.10510065406560898,1415,-15.241750790000003,0.0,150.0
6531,28340,1417,4,-2.11531925201416,0.5851198434829712,0.0007,0.042224884033203125,0.9063423275947571,1416,-15.241750790000003,0.0,150.0
6531,28360,1418,4,-2.1201984882354736,0.19578024744987488,0.0007,0.8316532373428345,0.24173331260681152,1417,-15.241750790000003,0.0,150.0
6531,28380,1419,4,-2.1155312061309814,0.0785030946135521,0.0007,0.9289463758468628,-0.17750200629234314,1418,-15.241750790000003,0.0,150.0
6532,28400,1420,4,-2.124587297439575,0.037922486662864685,0.0007,0.9758965373039246,0.08471473306417465,1419,-15.241750790000003,0.0,150.0
6533,28420,1421,4,-2.132542371749878,0.11969659477472305,0.0007,0.971834659576416,-0.2975042164325714,1420,-15.241750790000003,0.0,150.0
6533,28440,1422,4,-2.1287896633148193,0.8096581697463989,0.0007,0.8625096678733826,0.5062664747238159,1421,-15.241750790000003,0.0,150.0
6534,28460,1423,4,-2.1173596382141113,0.20088720321655273,0.0007,0.965406060218811,0.17196102440357208,1422,-15.241750790000003,0.0,150.0
6534,28480,1424,4,-2.124799966812134,0.45765218138694763,0.0007,0.9347842931747437,-0.6168562173843384,1423,-15.241750790000003,0.0,150.0
6535,28500,1425,4,-2.1172776222229004,0.42038124799728394,0.0007,0.9526664614677429,0.6690077781677246,1424,-15.241750790000003,0.0,150.0
6536,28520,1426,4,-2.1184210777282715,1.1230251789093018,0.0007,0.9458824396133423,1.3456380367279053,1425,-15.241750790000003,0.0,150.0
6533,28540,1427,4,-2.1236331462860107,0.7996519804000854,0.0007,0.9576335549354553,0.33094289898872375,1426,-15.241750790000003,0.0,150.0
6533,28560,1428,4,-2.1147401332855225,0.8093134760856628,0.0007,0.9741349220275879,-1.2806789875030518,1427,-15.241750790000003,0.0,150.0
6534,28580,1429,4,-2.112297534942627,0.5556181073188782,0.0007,0.975494921207428,0.27781015634536743,1428,-15.241750790000003,0.0,150.0
6535,28600,1430,4,-2.1098129749298096,0.3660464286804199,0.0007,0.9886890053749084,-0.23304107785224915,1429,-15.241750790000003,0.0,150.0
6535,28620,1431,4,-2.1096599102020264,2.46308970451355,0.0007,0.9433262348175049,0.9785159826278687,1430,-15.241750790000003,0.0,150.0
6536,28640,1432,4,-2.1039230823516846,1.6734638214111328,0.0007,0.9721450209617615,-1.0068215131759644,1431,-15.241750790000003,0.0,150.0
6537,28660,1433,4,-2.1074795722961426,1.033193826675415,0.0007,0.980229914188385,0.7498845458030701,1432,-15.241750790000003,0.0,150.0
6538,28680,1434,4,-2.0945236682891846,1.9390590190887451,0.0007,0.9672303199768066,-1.6732780933380127,1433,-15.241750790000003,0.0,150.0
6538,28700,1435,4,-2.0997190475463867,0.37209779024124146,0.0007,0.991775393486023,-0.6338651776313782,1434,-15.241750790000003,0.0,150.0
6539,28720,1436,4,-2.0930075645446777,0.26151183247566223,0.0007,0.9968672394752502,-0.7536043524742126,1435,-15.241750790000003,0.0,150.0
6539,28740,1437,4,-2.0964510440826416,0.21894016861915588,0.0007,0.9955267310142517,-0.631457507610321,1436,-15.241750790000003,0.0,150.0
6540,28760,1438,4,-2.096102476119995,0.3434906303882599,0.0007,0.9829386472702026,0.5133348107337952,1437,-15.241750790000003,0.0,150.0
6541,28780,1439,4,-2.085294246673584,0.03641900047659874,0.0007,0.9981757402420044,0.02950609102845192,1438,-15.241750790000003,0.0,150.0
6541,28800,1440,4,-2.070619821548462,0.5303049087524414,0.0007,0.9463348984718323,0.011636078357696533,1439,-14.97041177,0.0,150.0
6542,28820,1441,4,-2.053297996520996,0.20092269778251648,0.0007,0.9664940237998962,0.12962520122528076,1440,-14.97041177,0.0,150.0
6542,28840,1442,4,-1.9945013523101807,0.12043343484401703,0.0007,0.8149706721305847,-0.4629277288913727,1441,-14.97041177,0.0,150.0
6543,28860,1443,4,-2.0130953788757324,0.17792877554893494,0.0007,0.70295649766922,-0.4901769161224365,1442,-14.97041177,0.0,150.0
6544,28880,1444,4,-2.0234062671661377,0.862592339515686,0.0007,0.6524420380592346,1.3082969188690186,1443,-14.97041177,0.0,150.0
6545,28900,1445,4,-2.035210132598877,0.16483916342258453,0.0007,0.8941537141799927,-0.06536046415567398,1444,-14.97041177,0.0,150.0
6545,28920,1446,4,-2.0697615146636963,0.930946946144104,0.0007,0.4832320809364319,0.7433741092681885,1445,-14.97041177,0.0,150.0
6546,28940,1447,4,-2.0860037803649902,0.0862470492720604,0.0007,0.9526670575141907,-0.03639451786875725,1446,-14.97041177,0.0,150.0
6547,28960,1448,4,-2.092714786529541,0.21393811702728271,0.0007,0.8181527853012085,0.3877323567867279,1447,-14.97041177,0.0,150.0
6547,28980,1449,4,-2.104468822479248,0.08764450252056122,0.0007,0.9429099559783936,0.3124200403690338,1448,-14.97041177,0.0,150.0
6547,29000,1450,4,-2.1184070110321045,0.14927171170711517,0.0007,0.8750669956207275,-0.18514816462993622,1449,-14.97041177,0.0,150.0
6548,29020,1451,4,-2.115318536758423,0.36360058188438416,0.0007,0.8487103581428528,-0.7593175172805786,1450,-14.97041177,0.0,150.0
6549,29040,1452,4,-2.1047604084014893,0.2936992347240448,0.0007,0.881883442401886,-0.6284553408622742,1451,-14.97041177,0.0,150.0
6550,29060,1453,4,-2.1126961708068848,0.3242056667804718,0.0007,0.9076659679412842,0.0998259037733078,1452,-14.97041177,0.0,150.0
6550,29080,1454,4,-2.093203067779541,1.5704090595245361,0.0007,0.7558647394180298,0.31748849153518677,1453,-14.97041177,0.0,150.0
6550,29100,1455,4,-2.122194766998291,0.07931090146303177,0.0007,0.9916836619377136,-0.39126259088516235,1454,-14.97041177,0.0,150.0
6551,29120,1456,4,-2.1219658851623535,0.9740153551101685,0.0007,0.7788443565368652,0.7759571075439453,1455,-14.97041177,0.0,150.0
6552,29140,1457,4,-2.0837416648864746,0.4953251779079437,0.0007,0.7373006343841553,-0.1790764480829239,1456,-14.97041177,0.0,150.0
6552,29160,1458,4,-2.106715202331543,0.3516260087490082,0.0007,0.772635281085968,0.24861133098602295,1457,-14.97041177,0.0,150.0
6553,29180,1459,4,-2.072296619415283,0.2479570358991623,0.0007,0.8699223399162292,-0.08541059494018555,1458,-14.97041177,0.0,150.0
6553,29200,1460,4,-2.0716567039489746,0.3492565453052521,0.0007,0.887630045413971,0.2137952744960785,1459,-14.97041177,0.0,150.0
6554,29220,1461,4,-2.086610794067383,0.16821971535682678,0.0007,0.9547403454780579,-0.1169617772102356,1460,-14.97041177,0.0,150.0
6554,29240,1462,4,-2.125535488128662,0.09235962480306625,0.0007,0.9868682622909546,-0.41922301054000854,1461,-14.97041177,0.0,150.0
6555,29260,1463,4,-2.126417398452759,0.04908086732029915,0.0007,0.98589688539505,-0.0032664895989000797,1462,-14.97041177,0.0,150.0
6555,29280,1464,4,-2.138392686843872,0.10516991466283798,0.0007,0.9829143285751343,-0.3839038014411926,1463,-14.97041177,0.0,150.0
6556,29300,1465,4,-2.133936882019043,0.04625799506902695,0.0007,0.9884910583496094,-0.17468148469924927,1464,-14.97041177,0.0,150.0
6557,29320,1466,4,-2.161799907684326,0.19027885794639587,0.0007,0.9411464929580688,-0.7061434388160706,1465,-14.97041177,0.0,150.0
6557,29340,1467,4,-2.1601881980895996,0.06351570039987564,0.0007,0.955003559589386,-0.29682719707489014,1466,-14.97041177,0.0,150.0
6557,29360,1468,4,-2.1584649085998535,0.023838285356760025,0.0007,0.9724400043487549,-0.11561993509531021,1467,-14.97041177,0.0,150.0
6558,29380,1469,4,-2.160304307937622,0.058450330048799515,0.0007,0.8745941519737244,-0.15572640299797058,1468,-14.97041177,0.0,150.0
6558,29400,1470,4,-2.1591885089874268,0.030839165672659874,0.0007,0.9386647343635559,-0.2710733413696289,1469,-14.946897609999999,0.0,150.0
6559,29420,1471,4,-2.1631927490234375,0.025840502232313156,0.0007,0.9090355038642883,-0.1340419352054596,1470,-14.946897609999999,0.0,150.0
6560,29440,1472,4,-2.135955810546875,0.2798153758049011,0.0007,0.6795257329940796,-0.5863962173461914,1471,-14.946897609999999,0.0,150.0
6560,29460,1473,4,-2.136789321899414,0.11242282390594482,0.0007,0.8962423801422119,-0.4197853207588196,1472,-14.946897609999999,0.0,150.0
6561,29480,1474,4,-2.1444640159606934,0.2273457944393158,0.0007,0.8975649476051331,-0.9188848733901978,1473,-14.946897609999999,0.0,150.0
6561,29500,1475,4,-2.145200252532959,0.05547506362199783,0.0007,0.9184731245040894,-0.2623554468154907,1474,-14.946897609999999,0.0,150.0
6562,29520,1476,4,-2.1529548168182373,0.11045767366886139,0.0007,0.862067699432373,-0.5040298700332642,1475,-14.946897609999999,0.0,150.0
6562,29540,1477,4,-2.1524665355682373,0.20647816359996796,0.0007,0.7475287914276123,0.4588099420070648,1476,-14.946897609999999,0.0,150.0
6563,29560,1478,4,-2.1549816131591797,0.04596206545829773,0.0007,0.9316445589065552,-0.24558600783348083,1477,-14.946897609999999,0.0,150.0
6564,29580,1479,4,-2.1588666439056396,0.1044883131980896,0.0007,0.4755004048347473,-0.02201833762228489,1478,-14.946897609999999,0.0,150.0
6564,29600,1480,4,-2.1536502838134766,0.03149102255702019,0.0007,0.9215328693389893,0.28833404183387756,1479,-14.946897609999999,0.0,150.0
6565,29620,1481,4,-2.1498184204101562,0.8772901296615601,0.0007,-0.06851482391357422,1.1056745052337646,1480,-14.946897609999999,0.0,150.0
6566,29640,1482,4,-2.128247022628784,0.6308974027633667,0.0007,-0.12797331809997559,0.8579597473144531,1481,-14.946897609999999,0.0,150.0
6567,29660,1483,4,-2.129136562347412,0.7487105131149292,0.0007,-0.13356149196624756,0.8722571134567261,1482,-14.946897609999999,0.0,150.0
6567,29680,1484,4,-2.143918752670288,0.10517418384552002,0.0007,0.24524980783462524,0.10104717314243317,1483,-14.946897609999999,0.0,150.0
6568,29700,1485,4,-2.099600076675415,0.839152455329895,0.0007,0.09461331367492676,0.9009683728218079,1484,-14.946897609999999,0.0,150.0
6568,29720,1486,4,-2.1186397075653076,0.7775295376777649,0.0007,0.30144739151000977,0.6514307856559753,1485,-14.946897609999999,0.0,150.0
6569,29740,1487,4,-2.1035969257354736,0.07862503826618195,0.0007,0.3931087255477905,0.24487558007240295,1486,-14.946897609999999,0.0,150.0
6570,29760,1488,4,-2.0768826007843018,0.4993010461330414,0.0007,0.3842732310295105,0.5126641392707825,1487,-14.946897609999999,0.0,150.0
6571,29780,1489,4,-2.0451016426086426,0.6668683886528015,0.0007,0.18242478370666504,0.95160311460495,1488,-14.946897609999999,0.0,150.0
6571,29800,1490,4,-2.0390896797180176,1.077870488166809,0.0007,-0.006125688552856445,1.0467562675476074,1489,-14.946897609999999,0.0,150.0
6572,29820,1491,4,-2.0429227352142334,0.09361504018306732,0.0007,-0.24793791770935059,0.34048399329185486,1490,-14.946897609999999,0.0,150.0
6573,29840,1492,4,-2.0275659561157227,0.6817894577980042,0.0007,0.012193799018859863,0.1466427594423294,1491,-14.946897609999999,0.0,150.0
6574,29860,1493,4,-2.0104782581329346,0.058274127542972565,0.0007,-0.008693575859069824,0.008498023264110088,1492,-14.946897609999999,0.0,150.0
6574,29880,1494,4,-2.074759006500244,0.5463439226150513,0.0007,0.06663107872009277,0.6157231330871582,1493,-14.946897609999999,0.0,150.0
6575,29900,1495,4,-2.1153602600097656,1.3620487451553345,0.0007,0.1292797327041626,0.4399603009223938,1494,-14.946897609999999,0.0,150.0
6576,29920,1496,4,-2.081620693206787,0.3653803765773773,0.0007,0.4131265878677368,-0.1329312026500702,1495,-14.946897609999999,0.0,150.0
6577,29940,1497,4,-2.0330278873443604,0.09790009260177612,0.0007,0.6879420876502991,-0.04245319217443466,1496,-14.946897609999999,0.0,150.0
6577,29960,1498,4,-2.1215837001800537,0.08538367599248886,0.0007,0.7691317200660706,0.11934294551610947,1497,-14.946897609999999,0.0,150.0
6578,29980,1499,4,-2.127617120742798,0.02524343505501747,0.0007,0.915719747543335,-0.10023931413888931,1498,-14.946897609999999,0.0,150.0
6578,30000,1500,4,-2.1529502868652344,0.012462533079087734,0.0007,0.9224331974983215,0.0077954246662557125,1499,-15.099149630000001,0.0,150.0
6578,30020,1501,4,-2.157473564147949,0.04244128242135048,0.0007,0.5941412448883057,0.1469331681728363,1500,-15.099149630000001,0.0,150.0
6579,30040,1502,4,-2.0180535316467285,0.16706152260303497,0.0007,0.6893607974052429,0.6524034142494202,1501,-15.099149630000001,0.0,150.0
6579,30060,1503,4,-2.0516629219055176,0.2917529344558716,0.0007,0.7981898784637451,0.38826778531074524,1502,-15.099149630000001,0.0,150.0
6579,30080,1504,4,-2.0487489700317383,0.11325051635503769,0.0007,0.9486469030380249,-0.18179216980934143,1503,-15.099149630000001,0.0,150.0
6579,30100,1505,4,-2.0017428398132324,0.06984229385852814,0.0007,0.976847767829895,-0.13850991427898407,1504,-15.099149630000001,0.0,150.0
6580,30120,1506,4,-2.037932872772217,0.06485851109027863,0.0007,0.9882265329360962,-0.3162625730037689,1505,-15.099149630000001,0.0,150.0
6581,30140,1507,4,-2.0573692321777344,0.1804310381412506,0.0007,0.9427824020385742,0.386431485414505,1506,-15.099149630000001,0.0,150.0
6580,30160,1508,4,-2.07334041595459,0.6920726895332336,0.0007,0.2523725628852844,0.21542644500732422,1507,-15.099149630000001,0.0,150.0
6581,30180,1509,4,-2.08656644821167,1.0867708921432495,0.0007,0.07455682754516602,0.9948676824569702,1508,-15.099149630000001,0.0,150.0
6581,30200,1510,4,-2.0756514072418213,0.344992071390152,0.0007,0.7990281581878662,0.3574768900871277,1509,-15.099149630000001,0.0,150.0
6582,30220,1511,4,-2.0950355529785156,0.15431836247444153,0.0007,0.8326290845870972,0.1979134976863861,1510,-15.099149630000001,0.0,150.0
6582,30240,1512,4,-2.0294220447540283,0.2018098086118698,0.0007,0.487610399723053,0.3078419268131256,1511,-15.099149630000001,0.0,150.0
6582,30260,1513,4,-2.026585340499878,0.6176602840423584,0.0007,0.26646703481674194,0.3538905382156372,1512,-15.099149630000001,0.0,150.0
6582,30280,1514,4,-2.0241904258728027,0.14712457358837128,0.0007,0.8596278429031372,-0.11715389788150787,1513,-15.099149630000001,0.0,150.0
6581,30300,1515,4,-2.0622477531433105,0.1312001496553421,0.0007,0.9673652648925781,-0.6012496948242188,1514,-15.099149630000001,0.0,150.0
6582,30320,1516,4,-2.097233295440674,0.09768640995025635,0.0007,0.8996034264564514,-0.16086030006408691,1515,-15.099149630000001,0.0,150.0
6580,30340,1517,4,-2.152475357055664,0.027923699468374252,0.0007,0.9629657864570618,-0.050470076501369476,1516,-15.099149630000001,0.0,150.0
6581,30360,1518,4,-2.155780792236328,0.02550838328897953,0.0007,0.9736068844795227,-0.09616143256425858,1517,-15.099149630000001,0.0,150.0
6580,30380,1519,4,-2.143310546875,0.16145120561122894,0.0007,0.6979961395263672,-0.2210204303264618,1518,-15.099149630000001,0.0,150.0
6580,30400,1520,4,-2.159942626953125,0.8706853985786438,0.0007,0.05553019046783447,0.753503143787384,1519,-15.099149630000001,0.0,150.0
6581,30420,1521,4,-2.150536298751831,0.07945597171783447,0.0007,0.8132292032241821,-0.4492329955101013,1520,-15.099149630000001,0.0,150.0
6581,30440,1522,4,-2.129462480545044,0.20892862975597382,0.0007,0.435934841632843,-0.3699686825275421,1521,-15.099149630000001,0.0,150.0
6582,30460,1523,4,-2.089423656463623,0.6981960535049438,0.0007,0.3205336928367615,0.8184806108474731,1522,-15.099149630000001,0.0,150.0
6582,30480,1524,4,-2.1236300468444824,0.11437951028347015,0.0007,0.6010719537734985,-0.2441495954990387,1523,-15.099149630000001,0.0,150.0
6583,30500,1525,4,-2.087305784225464,0.05251816660165787,0.0007,0.7263335585594177,-0.29372167587280273,1524,-15.099149630000001,0.0,150.0
6583,30520,1526,4,-2.094297409057617,0.054681502282619476,0.0007,0.6085517406463623,0.0458143949508667,1525,-15.099149630000001,0.0,150.0
6584,30540,1527,4,-2.081585645675659,0.2615596354007721,0.0007,0.4253990650177002,-0.22332224249839783,1526,-15.099149630000001,0.0,150.0
6585,30560,1528,4,-2.1050620079040527,0.17637190222740173,0.0007,0.30004268884658813,-0.7293263673782349,1527,-15.099149630000001,0.0,150.0
6585,30580,1529,4,-2.096362590789795,0.162192702293396,0.0007,0.3175548315048218,-0.6312200427055359,1528,-15.099149630000001,0.0,150.0
6585,30600,1530,4,-2.109498977661133,0.1894698292016983,0.0007,-0.11214327812194824,-0.5510628819465637,1529,-15.35589313,0.0,150.0
6586,30620,1531,4,-2.1449530124664307,0.10253600776195526,0.0007,0.13968533277511597,-0.4899342656135559,1530,-15.35589313,0.0,150.0
6587,30640,1532,4,-1.968463659286499,0.06892745941877365,0.0007,0.728843629360199,-0.12276557832956314,1531,-15.35589313,0.0,150.0
6587,30660,1533,4,-1.9609702825546265,0.1295989602804184,0.0007,0.7917625308036804,0.08064787834882736,1532,-15.35589313,0.0,150.0
6588,30680,1534,4,-2.0655531883239746,0.04628891125321388,0.0007,0.9453107118606567,-0.2206820547580719,1533,-15.35589313,0.0,150.0
6588,30700,1535,4,-2.0655252933502197,0.08976078033447266,0.0007,0.9060830473899841,0.2730310559272766,1534,-15.35589313,0.0,150.0
6589,30720,1536,4,-2.0862135887145996,0.4354989528656006,0.0007,0.855018138885498,0.9280456304550171,1535,-15.35589313,0.0,150.0
6589,30740,1537,4,-2.09747314453125,0.17094078660011292,0.0007,0.9374854564666748,0.25349417328834534,1536,-15.35589313,0.0,150.0
6590,30760,1538,4,-2.0821008682250977,0.2582099139690399,0.0007,0.8726220726966858,-0.10755427181720734,1537,-15.35589313,0.0,150.0
6590,30780,1539,4,-2.100477457046509,0.3015567660331726,0.0007,0.8405286073684692,0.4721357822418213,1538,-15.35589313,0.0,150.0
6591,30800,1540,4,-2.104295253753662,0.3810752034187317,0.0007,0.8921545147895813,0.08470393717288971,1539,-15.35589313,0.0,150.0
6591,30820,1541,4,-2.0934081077575684,0.2392556220293045,0.0007,0.9667062163352966,0.5356506705284119,1540,-15.35589313,0.0,150.0
6591,30840,1542,4,-2.0816683769226074,0.2038445770740509,0.0007,0.9471900463104248,-0.10946749150753021,1541,-15.35589313,0.0,150.0
6592,30860,1543,4,-2.128145694732666,0.2185053825378418,0.0007,0.9629670977592468,-0.45689576864242554,1542,-15.35589313,0.0,150.0
6593,30880,1544,4,-2.1300148963928223,0.014212479814887047,0.0007,0.9962896108627319,-0.010307729244232178,1543,-15.35589313,0.0,150.0
6593,30900,1545,4,-2.1325531005859375,0.35219183564186096,0.0007,0.9587491750717163,0.23478016257286072,1544,-15.35589313,0.0,150.0
6594,30920,1546,4,-2.128267526626587,0.3043873906135559,0.0007,0.9571549892425537,-0.5145646333694458,1545,-15.35589313,0.0,150.0
6594,30940,1547,4,-2.128632068634033,0.21480445563793182,0.0007,0.9663076400756836,-0.2602495849132538,1546,-15.35589313,0.0,150.0
6595,30960,1548,4,-2.156038761138916,0.33324456214904785,0.0007,0.9247428774833679,-0.017662178725004196,1547,-15.35589313,0.0,150.0
6596,30980,1549,4,-2.118684768676758,2.972623825073242,0.0007,-1.2098393440246582,2.0939855575561523,1548,-15.35589313,0.0,150.0
6596,31000,1550,4,-2.1122593879699707,4.153813362121582,0.0007,0.09570831060409546,1.199103593826294,1549,-15.35589313,0.0,150.0
6597,31020,1551,4,-2.0990195274353027,1.4241421222686768,0.0007,0.3786610960960388,0.10599184036254883,1550,-15.35589313,0.0,150.0
6597,31040,1552,4,-2.0708842277526855,0.46143150329589844,0.0007,0.3829401731491089,0.4316031038761139,1551,-15.35589313,0.0,150.0
6598,31060,1553,4,-2.0883822441101074,1.0571625232696533,0.0007,0.6716164946556091,0.579161524772644,1552,-15.35589313,0.0,150.0
6598,31080,1554,4,-2.0689501762390137,0.8016970753669739,0.0007,0.7263989448547363,0.5133200883865356,1553,-15.35589313,0.0,150.0
6599,31100,1555,4,-2.0858442783355713,0.25496751070022583,0.0007,0.8088709115982056,-0.019603610038757324,1554,-15.35589313,0.0,150.0
6600,31120,1556,4,-1.9907363653182983,0.4631573557853699,0.0007,0.7934406399726868,-0.11048843711614609,1555,-15.35589313,0.0,150.0
6600,31140,1557,4,-2.033926486968994,0.8964455723762512,0.0007,0.2533087730407715,-0.08401741832494736,1556,-15.35589313,0.0,150.0
6601,31160,1558,4,-2.022374391555786,0.1691587269306183,0.0007,0.8653571009635925,-0.0635606199502945,1557,-15.35589313,0.0,150.0
6602,31180,1559,4,-1.9832370281219482,0.23673725128173828,0.0007,0.7966718673706055,-0.1411847025156021,1558,-15.35589313,0.0,150.0
6602,31200,1560,4,-2.0409905910491943,0.15634384751319885,0.0007,0.8371415734291077,-0.2965976893901825,1559,-15.16262891,0.0,150.0
6603,31220,1561,4,-2.0651631355285645,0.2770250737667084,0.0007,0.7532361745834351,0.09948127716779709,1560,-15.16262891,0.0,150.0
6603,31240,1562,4,-1.9361629486083984,0.11293281614780426,0.0007,0.9518796801567078,-0.34988898038864136,1561,-15.16262891,0.0,150.0
6604,31260,1563,4,-1.9526684284210205,0.2268427610397339,0.0007,0.915916383266449,0.10741543769836426,1562,-15.16262891,0.0,150.0
6605,31280,1564,4,-1.9623199701309204,0.2667432427406311,0.0007,0.9367379546165466,-0.23000741004943848,1563,-15.16262891,0.0,150.0
6606,31300,1565,4,-1.9695346355438232,0.46199655532836914,0.0007,0.8256604671478271,0.10396373271942139,1564,-15.16262891,0.0,150.0
6606,31320,1566,4,-1.9266818761825562,0.2946830689907074,0.0007,0.9321163892745972,0.4371010661125183,1565,-15.16262891,0.0,150.0
6607,31340,1567,4,-1.9292999505996704,0.46071290969848633,0.0007,0.9431658983230591,0.3456399440765381,1566,-15.16262891,0.0,150.0
6608,31360,1568,4,-1.9527263641357422,0.2433570921421051,0.0007,0.9848852753639221,-0.7604900002479553,1567,-15.16262891,0.0,150.0
6608,31380,1569,4,-1.9448707103729248,0.2669439911842346,0.0007,0.9721477031707764,0.020644033327698708,1568,-15.16262891,0.0,150.0
6609,31400,1570,4,-1.9445472955703735,0.16656199097633362,0.0007,0.9931410551071167,-0.6624058485031128,1569,-15.16262891,0.0,150.0
6610,31420,1571,4,-1.9485044479370117,1.0597255229949951,0.0007,0.9479691982269287,-1.6770786046981812,1570,-15.16262891,0.0,150.0
6610,31440,1572,4,-1.9234554767608643,2.2836880683898926,0.0007,0.05303752422332764,1.0045942068099976,1571,-15.16262891,0.0,150.0
6611,31460,1573,4,-1.9603677988052368,3.333941698074341,0.0007,0.6321516633033752,2.0505740642547607,1572,-15.16262891,0.0,150.0
6612,31480,1574,4,-1.9912919998168945,0.09832396358251572,0.0007,0.9820860624313354,0.1961757391691208,1573,-15.16262891,0.0,150.0
6613,31500,1575,4,-1.988909125328064,0.28852128982543945,0.0007,0.9554924368858337,-0.14393624663352966,1574,-15.16262891,0.0,150.0
6613,31520,1576,4,-1.8856691122055054,0.2666091322898865,0.0007,0.9675600528717041,-0.4843622148036957,1575,-15.16262891,0.0,150.0
6614,31540,1577,4,-1.8623771667480469,0.2798006534576416,0.0007,0.9626429080963135,-0.3884069323539734,1576,-15.16262891,0.0,150.0
6615,31560,1578,4,-1.8802953958511353,0.2061576098203659,0.0007,0.9923686385154724,-0.8826322555541992,1577,-15.16262891,0.0,150.0
6616,31580,1579,4,-1.9722483158111572,0.29380303621292114,0.0007,0.9488077759742737,-0.9173296093940735,1578,-15.16262891,0.0,150.0
6616,31600,1580,4,-1.9366194009780884,0.3996267318725586,0.0007,0.8616671562194824,-0.3998776972293854,1579,-15.16262891,0.0,150.0
6617,31620,1581,4,-1.9959447383880615,0.11927174031734467,0.0007,0.9732109904289246,-0.5479118227958679,1580,-15.16262891,0.0,150.0
6618,31640,1582,4,-2.0140061378479004,0.2218208611011505,0.0007,0.9205264449119568,-0.7670878171920776,1581,-15.16262891,0.0,150.0
6618,31660,1583,4,-2.078315019607544,0.1285666674375534,0.0007,0.6926887035369873,-0.5329042077064514,1582,-15.16262891,0.0,150.0
6619,31680,1584,4,-2.053596019744873,0.10558724403381348,0.0007,0.612055242061615,-0.41898661851882935,1583,-15.16262891,0.0,150.0
6620,31700,1585,4,-2.0229859352111816,0.06706440448760986,0.0007,0.6515390872955322,-0.3365926742553711,1584,-15.16262891,0.0,150.0
6620,31720,1586,4,-2.0444228649139404,0.20192304253578186,0.0007,-0.9368839263916016,-0.6612022519111633,1585,-15.16262891,0.0,150.0
6621,31740,1587,4,-2.082153797149658,0.1524946391582489,0.0007,0.05183297395706177,-0.6430232524871826,1586,-15.16262891,0.0,150.0
6621,31760,1588,4,-2.1094722747802734,0.05956246331334114,0.0007,-0.1907728910446167,-0.40954941511154175,1587,-15.16262891,0.0,150.0
6622,31780,1589,4,-2.1368825435638428,0.058529723435640335,0.0007,-0.3111945390701294,-0.32755616307258606,1588,-15.16262891,0.0,150.0
6622,31800,1590,4,-2.1560771465301514,0.04272669181227684,0.0007,-0.20213627815246582,-0.35273364186286926,1589,-15.318409310000002,0.0,150.0
6622,31820,1591,4,-2.1510257720947266,0.09020576626062393,0.0007,-0.173173189163208,-0.4729267954826355,1590,-15.318409310000002,0.0,150.0
6622,31840,1592,4,-2.013993740081787,0.10948904603719711,0.0007,-0.25460267066955566,0.08333136141300201,1591,-15.318409310000002,0.0,150.0
6623,31860,1593,4,-2.066524028778076,0.1492343693971634,0.0007,0.5143608450889587,-0.4176865518093109,1592,-15.318409310000002,0.0,150.0
6623,31880,1594,4,-2.078007221221924,0.05685235932469368,0.0007,0.5710625648498535,0.05456157773733139,1593,-15.318409310000002,0.0,150.0
6624,31900,1595,4,-2.080836057662964,0.5486307740211487,0.0007,0.30020076036453247,0.9930461645126343,1594,-15.318409310000002,0.0,150.0
6625,31920,1596,4,-2.083625555038452,2.772939443588257,0.0007,0.4584783911705017,2.3888766765594482,1595,-15.318409310000002,0.0,150.0
6625,31940,1597,4,-2.0792319774627686,1.87003493309021,0.0007,0.49144142866134644,1.5134296417236328,1596,-15.318409310000002,0.0,150.0
6626,31960,1598,4,-2.104526996612549,0.07009562104940414,0.0007,0.9715089201927185,-0.3319319486618042,1597,-15.318409310000002,0.0,150.0
6625,31980,1599,4,-2.1213340759277344,0.2052202671766281,0.0007,0.9280839562416077,-0.6225007772445679,1598,-15.318409310000002,0.0,150.0
6626,32000,1600,4,-2.1205763816833496,0.6388002634048462,0.0007,0.65038001537323,-0.009726643562316895,1599,-15.318409310000002,0.0,150.0
6627,32020,1601,4,-2.0567309856414795,2.9435644149780273,0.0007,0.0140761137008667,1.8460508584976196,1600,-15.318409310000002,0.0,150.0
6627,32040,1602,4,-2.075209379196167,0.5818941593170166,0.0007,0.803766131401062,0.3688211143016815,1601,-15.318409310000002,0.0,150.0
6628,32060,1603,4,-2.0627851486206055,1.818834662437439,0.0007,0.753781795501709,1.3136042356491089,1602,-15.318409310000002,0.0,150.0
6628,32080,1604,4,-2.0704684257507324,0.40783214569091797,0.0007,0.9145693778991699,0.47596031427383423,1603,-15.318409310000002,0.0,150.0
6628,32100,1605,4,-2.0824337005615234,0.8966808319091797,0.0007,0.9050780534744263,-1.5397316217422485,1604,-15.318409310000002,0.0,150.0
6629,32120,1606,4,-2.0988476276397705,0.22032704949378967,0.0007,0.939292848110199,-0.04594162851572037,1605,-15.318409310000002,0.0,150.0
6630,32140,1607,4,-2.0714099407196045,0.06279756128787994,0.0007,0.9871190190315247,-0.3428729176521301,1606,-15.318409310000002,0.0,150.0
6630,32160,1608,4,-2.023153066635132,1.0812962055206299,0.0007,0.8852858543395996,1.553445816040039,1607,-15.318409310000002,0.0,150.0
6631,32180,1609,4,-1.9968582391738892,1.6234712600708008,0.0007,0.551189661026001,1.1624089479446411,1608,-15.318409310000002,0.0,150.0
6632,32200,1610,4,-2.0525147914886475,0.2808758616447449,0.0007,0.8893457651138306,0.031538259238004684,1609,-15.318409310000002,0.0,150.0
6632,32220,1611,4,-2.0275588035583496,0.9944526553153992,0.0007,0.6522466540336609,0.23872002959251404,1610,-15.318409310000002,0.0,150.0
6632,32240,1612,4,-2.1008944511413574,1.1213966608047485,0.0007,0.6163883209228516,-1.3843743801116943,1611,-15.318409310000002,0.0,150.0
6633,32260,1613,4,-2.1585121154785156,0.2892325818538666,0.0007,0.8675174117088318,-0.660791277885437,1612,-15.318409310000002,0.0,150.0
6634,32280,1614,4,-2.164423704147339,0.08292989432811737,0.0007,0.8335926532745361,-0.408863365650177,1613,-15.318409310000002,0.0,150.0
6634,32300,1615,4,-2.158196210861206,0.8108816146850586,0.0007,-0.25622987747192383,0.19459332525730133,1614,-15.318409310000002,0.0,150.0
6635,32320,1616,4,-2.1196279525756836,0.09792882204055786,0.0007,0.504873514175415,-0.5164836049079895,1615,-15.318409310000002,0.0,150.0
6635,32340,1617,4,-2.110603094100952,0.06082163006067276,0.0007,0.6228702068328857,-0.3138955533504486,1616,-15.318409310000002,0.0,150.0
6636,32360,1618,4,-2.090365171432495,0.028771495446562767,0.0007,0.4686432480812073,-0.09557224065065384,1617,-15.318409310000002,0.0,150.0
6637,32380,1619,4,-2.0562472343444824,0.014458524994552135,0.0007,0.2545502781867981,0.03551066294312477,1618,-15.318409310000002,0.0,150.0
6637,32400,1620,4,-2.0782790184020996,0.05006660148501396,0.0007,0.40476226806640625,-0.3574126362800598,1619,-15.18669609,0.0,150.0
6638,32420,1621,4,-2.0951874256134033,0.0277674850076437,0.0007,0.5117764472961426,0.03430141508579254,1620,-15.18669609,0.0,150.0
6639,32440,1622,4,-2.0208091735839844,0.028912585228681564,0.0007,0.9758689403533936,0.22960475087165833,1621,-15.18669609,0.0,150.0
6640,32460,1623,4,-2.046025037765503,0.16126248240470886,0.0007,0.9155120849609375,-0.382199227809906,1622,-15.18669609,0.0,150.0
6640,32480,1624,4,-2.061551094055176,0.03984194993972778,0.0007,0.9826450347900391,-0.028116196393966675,1623,-15.18669609,0.0,150.0
6641,32500,1625,4,-2.0509002208709717,0.6153209209442139,0.0007,0.9185791015625,-0.5814993381500244,1624,-15.18669609,0.0,150.0
6642,32520,1626,4,-2.0590553283691406,0.2661098837852478,0.0007,0.9764558672904968,-0.5391108393669128,1625,-15.18669609,0.0,150.0
6642,32540,1627,4,-2.075594902038574,0.05233929306268692,0.0007,0.9952283501625061,-0.12320990860462189,1626,-15.18669609,0.0,150.0
6642,32560,1628,4,-2.0940842628479004,0.1546996533870697,0.0007,0.9845028519630432,-0.03591091185808182,1627,-15.18669609,0.0,150.0
6643,32580,1629,4,-2.085811138153076,0.060639191418886185,0.0007,0.9943214058876038,-0.23569746315479279,1628,-15.18669609,0.0,150.0
6643,32600,1630,4,-2.1034610271453857,0.1985497921705246,0.0007,0.980089008808136,0.37894612550735474,1629,-15.18669609,0.0,150.0
6644,32620,1631,4,-2.0918803215026855,1.3269459009170532,0.0007,0.8016489744186401,0.6386090517044067,1630,-15.18669609,0.0,150.0
6644,32640,1632,4,-2.1073715686798096,0.0568775050342083,0.0007,0.9902353882789612,-0.08689893782138824,1631,-15.18669609,0.0,150.0
6644,32660,1633,4,-2.0883889198303223,1.6547534465789795,0.0007,0.8617274761199951,0.7698959112167358,1632,-15.18669609,0.0,150.0
6645,32680,1634,4,-2.0932631492614746,0.32519230246543884,0.0007,0.9742740988731384,0.13896438479423523,1633,-15.18669609,0.0,150.0
6646,32700,1635,4,-2.031649351119995,2.229912281036377,0.0007,0.9117060303688049,1.7938909530639648,1634,-15.18669609,0.0,150.0
6646,32720,1636,4,-2.035853147506714,1.3676189184188843,0.0007,0.9580630660057068,1.5308183431625366,1635,-15.18669609,0.0,150.0
6647,32740,1637,4,-2.039576292037964,0.11655068397521973,0.0007,0.993864119052887,0.1500546634197235,1636,-15.18669609,0.0,150.0
6647,32760,1638,4,-2.0886008739471436,0.14399389922618866,0.0007,0.9936302304267883,-0.1942199021577835,1637,-15.18669609,0.0,150.0
6648,32780,1639,4,-2.1347715854644775,0.15518487989902496,0.0007,0.9913828372955322,0.18018099665641785,1638,-15.18669609,0.0,150.0
6648,32800,1640,4,-2.0843729972839355,0.2271316796541214,0.0007,0.9929101467132568,-0.6224124431610107,1639,-15.18669609,0.0,150.0
6649,32820,1641,4,-2.0487852096557617,0.39795607328414917,0.0007,0.9611660838127136,-0.18428266048431396,1640,-15.18669609,0.0,150.0
6649,32840,1642,4,-2.109708786010742,0.42548704147338867,0.0007,0.8477576971054077,-0.357115775346756,1641,-15.18669609,0.0,150.0
6650,32860,1643,4,-2.1338093280792236,0.16645416617393494,0.0007,0.839107871055603,-0.044894739985466,1642,-15.18669609,0.0,150.0
6650,32880,1644,4,-2.133948802947998,0.6498686075210571,0.0007,0.48111969232559204,0.8058017492294312,1643,-15.18669609,0.0,150.0
6651,32900,1645,4,-2.10302472114563,0.06796462833881378,0.0007,0.8438127040863037,-0.11706139147281647,1644,-15.18669609,0.0,150.0
6651,32920,1646,4,-2.133254289627075,0.046444427222013474,0.0007,0.8611060976982117,0.2341347485780716,1645,-15.18669609,0.0,150.0
6652,32940,1647,4,-2.13661789894104,0.017053883522748947,0.0007,0.8801351189613342,0.02317180670797825,1646,-15.18669609,0.0,150.0
6652,32960,1648,4,-2.1448516845703125,0.028331482782959938,0.0007,0.8627625703811646,0.1699347048997879,1647,-15.18669609,0.0,150.0
6653,32980,1649,4,-2.146926164627075,0.04933004453778267,0.0007,0.6963673830032349,-0.07392729073762894,1648,-15.18669609,0.0,150.0
6653,33000,1650,4,-2.1466901302337646,0.014174769632518291,0.0007,0.6763250827789307,0.08075984567403793,1649,-15.31457659,0.0,150.0
6654,33020,1651,4,-2.1483614444732666,0.004835404455661774,0.0007,0.8731874227523804,0.02325074002146721,1650,-15.31457659,0.0,150.0
6654,33040,1652,4,-2.062077283859253,0.16281470656394958,0.0007,0.9515920877456665,0.7384780049324036,1651,-15.31457659,0.0,150.0
6655,33060,1653,4,-2.0774495601654053,0.5758441090583801,0.0007,0.9504260420799255,-1.3731915950775146,1652,-15.31457659,0.0,150.0
6656,33080,1654,4,-2.0833733081817627,0.14414134621620178,0.0007,0.8270388841629028,0.0007252097129821777,1653,-15.31457659,0.0,150.0
6656,33100,1655,4,-2.091416835784912,0.08345779776573181,0.0007,0.9248301982879639,-0.0744665265083313,1654,-15.31457659,0.0,150.0
6657,33120,1656,4,-2.0831668376922607,0.13328048586845398,0.0007,0.9328546524047852,0.3350975513458252,1655,-15.31457659,0.0,150.0
6657,33140,1657,4,-2.0905048847198486,0.39265331625938416,0.0007,0.8609915375709534,0.41054290533065796,1656,-15.31457659,0.0,150.0
6658,33160,1658,4,-2.089616298675537,0.18265266716480255,0.0007,0.9447262287139893,-0.43132156133651733,1657,-15.31457659,0.0,150.0
6659,33180,1659,4,-2.0932295322418213,0.23006761074066162,0.0007,0.9329171180725098,-0.8402615785598755,1658,-15.31457659,0.0,150.0
6660,33200,1660,4,-2.0975823402404785,0.02576807141304016,0.0007,0.9745966196060181,0.07516290247440338,1659,-15.31457659,0.0,150.0
6660,33220,1661,4,-2.09635853767395,0.71941077709198,0.0007,0.7482483386993408,0.6209641695022583,1660,-15.31457659,0.0,150.0
6661,33240,1662,4,-2.0835843086242676,0.28181156516075134,0.0007,0.7646713852882385,-0.11443310976028442,1661,-15.31457659,0.0,150.0
6662,33260,1663,4,-2.0580391883850098,0.6293022632598877,0.0007,-1.3866169452667236,-0.5768738389015198,1662,-15.31457659,0.0,150.0
6662,33280,1664,4,-2.0776314735412598,0.41503530740737915,0.0007,0.14509081840515137,0.7434377670288086,1663,-15.31457659,0.0,150.0
6663,33300,1665,4,-2.0950980186462402,0.531225323677063,0.0007,0.654638946056366,0.6601510047912598,1664,-15.31457659,0.0,150.0
6664,33320,1666,4,-2.1167378425598145,0.12335721403360367,0.0007,0.9179821014404297,-0.43884772062301636,1665,-15.31457659,0.0,150.0
6665,33340,1667,5,-2.115001678466797,0.20072194933891296,0.0007,0.788698136806488,0.027354836463928223,1666,-15.31457659,0.0,150.0
6665,33360,1668,5,-2.1017134189605713,0.11701488494873047,0.0007,0.7950479984283447,-0.24016007781028748,1667,-15.31457659,0.0,150.0
6666,33380,1669,5,-2.0655550956726074,0.049801893532276154,0.0007,0.9007313847541809,-0.08131571114063263,1668,-15.31457659,0.0,150.0
6667,33400,1670,5,-2.1167614459991455,0.443861722946167,0.0007,0.3758634924888611,-0.004780888557434082,1669,-15.31457659,0.0,150.0
6667,33420,1671,5,-2.09586763381958,0.6475206613540649,0.0007,0.49258196353912354,0.7244942784309387,1670,-15.31457659,0.0,150.0
6668,33440,1672,5,-2.082441806793213,1.3348051309585571,0.0007,0.4407147169113159,1.008732795715332,1671,-15.31457659,0.0,150.0
6668,33460,1673,5,-2.0957932472229004,0.7385439276695251,0.0007,-0.22765564918518066,0.7248887419700623,1672,-15.31457659,0.0,150.0
6669,33480,1674,5,-2.0421669483184814,0.9525569081306458,0.0007,-0.434562087059021,0.6461412310600281,1673,-15.31457659,0.0,150.0
6670,33500,1675,5,-2.0381581783294678,0.1205994114279747,0.0007,-0.35386109352111816,-0.023754751309752464,1674,-15.31457659,0.0,150.0
6669,33520,1676,5,-2.0727808475494385,0.9533378481864929,0.0007,-0.2209639549255371,0.9085050821304321,1675,-15.31457659,0.0,150.0
6670,33540,1677,5,-2.110013484954834,0.20011425018310547,0.0007,-0.15993738174438477,-0.012740927748382092,1676,-15.31457659,0.0,150.0
6670,33560,1678,5,-2.061312437057495,0.19598868489265442,0.0007,0.008862793445587158,0.01237668376415968,1677,-15.31457659,0.0,150.0
6670,33580,1679,5,-2.1030330657958984,0.08202914148569107,0.0007,0.18060755729675293,-0.1275269091129303,1678,-15.31457659,0.0,150.0
6670,33600,1680,5,-2.1320316791534424,0.053981512784957886,0.0007,-0.014736652374267578,-0.2930402159690857,1679,-15.23313162,0.0,150.0
6671,33620,1681,5,-2.138522148132324,0.060939572751522064,0.0007,0.010203659534454346,-0.33022287487983704,1680,-15.23313162,0.0,150.0
6671,33640,1682,5,-1.8773059844970703,0.07533714920282364,0.0007,0.8887008428573608,0.2541629672050476,1681,-15.23313162,0.0,150.0
6672,33660,1683,5,-1.902635931968689,0.35428935289382935,0.0007,0.9043476581573486,0.9871783256530762,1682,-15.23313162,0.0,150.0
6672,33680,1684,5,-1.8770248889923096,0.22291655838489532,0.0007,0.5667794942855835,-0.009954559616744518,1683,-15.23313162,0.0,150.0
6672,33700,1685,5,-1.846824288368225,0.3447333872318268,0.0007,0.7485271692276001,0.09196291863918304,1684,-15.23313162,0.0,150.0
6672,33720,1686,5,-1.9184541702270508,0.18571476638317108,0.0007,0.9540115594863892,-0.4151455760002136,1685,-15.23313162,0.0,150.0
6673,33740,1687,5,-1.9482914209365845,0.7698506116867065,0.0007,0.7369889616966248,0.6611211895942688,1686,-15.23313162,0.0,150.0
6674,33760,1688,5,-1.9578132629394531,2.9234962463378906,0.0007,0.7052695751190186,1.7001482248306274,1687,-15.23313162,0.0,150.0
6674,33780,1689,5,-1.9553909301757812,0.7908740639686584,0.0007,0.8788100481033325,-0.17570707201957703,1688,-15.23313162,0.0,150.0
6675,33800,1690,5,-2.019803285598755,0.28393974900245667,0.0007,0.9633252024650574,-0.44436508417129517,1689,-15.23313162,0.0,150.0
6675,33820,1691,5,-2.0442230701446533,0.7746206521987915,0.0007,0.941567063331604,0.9583011865615845,1690,-15.23313162,0.0,150.0
6676,33840,1692,5,-2.041518449783325,0.05818843096494675,0.0007,0.9961845874786377,0.18735788762569427,1691,-15.23313162,0.0,150.0
6676,33860,1693,5,-2.054438352584839,0.0640462189912796,0.0007,0.996914267539978,-0.10079016536474228,1692,-15.23313162,0.0,150.0
6676,33880,1694,5,-2.07661509513855,0.12539073824882507,0.0007,0.9940993189811707,0.13844412565231323,1693,-15.23313162,0.0,150.0
6677,33900,1695,5,-2.090710163116455,0.1463916152715683,0.0007,0.9965335726737976,-0.3962530493736267,1694,-15.23313162,0.0,150.0
6677,33920,1696,5,-2.0944981575012207,0.02485216036438942,0.0007,0.9990857839584351,-0.05691533535718918,1695,-15.23313162,0.0,150.0
6678,33940,1697,5,-2.0918257236480713,0.17620117962360382,0.0007,0.9955535531044006,-0.1470170021057129,1696,-15.23313162,0.0,150.0
6679,33960,1698,5,-2.1346960067749023,0.0902004987001419,0.0007,0.9979825615882874,0.21625442802906036,1697,-15.23313162,0.0,150.0
6679,33980,1699,5,-2.1301093101501465,0.25277432799339294,0.0007,0.9978389739990234,-0.8574610948562622,1698,-15.23313162,0.0,150.0
6680,34000,1700,5,-2.1338019371032715,0.19126282632350922,0.0007,0.996556282043457,-0.41317734122276306,1699,-15.23313162,0.0,150.0
6681,34020,1701,5,-2.113320827484131,0.1411149948835373,0.0007,0.9958928823471069,0.04343230649828911,1700,-15.23313162,0.0,150.0
6682,34040,1702,5,-2.10676908493042,0.04529760777950287,0.0007,0.9991047978401184,-0.05816598981618881,1701,-15.23313162,0.0,150.0
6682,34060,1703,5,-2.1230220794677734,0.08727364242076874,0.0007,0.9997370839118958,-0.5571810603141785,1702,-15.23313162,0.0,150.0
6683,34080,1704,5,-2.1358389854431152,0.06514345854520798,0.0007,0.9988692998886108,0.1323850154876709,1703,-15.23313162,0.0,150.0
6684,34100,1705,5,-2.1472949981689453,0.14183616638183594,0.0007,0.9978320598602295,-0.08142100274562836,1704,-15.23313162,0.0,150.0
6684,34120,1706,5,-2.157132148742676,0.06171822547912598,0.0007,0.9986081719398499,-0.021705633029341698,1705,-15.23313162,0.0,150.0
6685,34140,1707,5,-2.160559892654419,0.03806427866220474,0.0007,0.9992474913597107,0.2639278769493103,1706,-15.23313162,0.0,150.0
6686,34160,1708,5,-2.149470806121826,0.45741328597068787,0.0007,0.9875529408454895,-0.5572853088378906,1707,-15.23313162,0.0,150.0
6686,34180,1709,5,-2.133863687515259,0.17057475447654724,0.0007,0.9938947558403015,-0.5189288854598999,1708,-15.23313162,0.0,150.0
6687,34200,1710,5,-2.1229426860809326,0.04183303564786911,0.0007,0.9964923858642578,-0.12803710997104645,1709,-14.790056090000002,0.01,150.0
6687,34220,1711,5,-2.123173475265503,4.649755477905273,0.0007,0.82292640209198,2.5358283519744873,1710,-14.790056090000002,0.01,150.0
6688,34240,1712,5,-2.0736615657806396,0.1101914495229721,0.0007,0.6110038161277771,-0.41594886779785156,1711,-14.790056090000002,0.01,150.0
6689,34260,1713,5,-2.0855250358581543,0.9357244372367859,0.0007,0.4733830690383911,0.4569416046142578,1712,-14.790056090000002,0.01,150.0
6689,34280,1714,5,-2.0890605449676514,0.20722182095050812,0.0007,0.9460927248001099,0.44380101561546326,1713,-14.790056090000002,0.01,150.0
6690,34300,1715,5,-2.099799633026123,0.09738485515117645,0.0007,0.9796606302261353,0.23638001084327698,1714,-14.790056090000002,0.01,150.0
6689,34320,1716,5,-2.1148765087127686,0.9142047166824341,0.0007,0.9044309258460999,-0.6753915548324585,1715,-14.790056090000002,0.01,150.0
6689,34340,1717,5,-2.104915142059326,0.6437610387802124,0.0007,0.9627771377563477,-1.1954519748687744,1716,-14.790056090000002,0.01,150.0
6689,34360,1718,5,-2.09382963180542,3.4496383666992188,0.0007,0.6430544853210449,1.058423399925232,1717,-14.790056090000002,0.01,150.0
6689,34380,1719,5,-2.1034140586853027,0.1601148396730423,0.0007,0.9856143593788147,-0.41371431946754456,1718,-14.790056090000002,0.01,150.0
6690,34400,1720,5,-2.112436294555664,0.3447748124599457,0.0007,0.952634871006012,-0.07466481626033783,1719,-14.790056090000002,0.01,150.0
6690,34420,1721,5,-2.1135380268096924,0.24408340454101562,0.0007,0.9700301289558411,-0.19014805555343628,1720,-14.790056090000002,0.01,150.0
6691,34440,1722,5,-2.1008808612823486,1.0844414234161377,0.0007,0.8550463318824768,1.1913026571273804,1721,-14.790056090000002,0.01,150.0
6691,34460,1723,5,-2.114732027053833,1.3262852430343628,0.0007,0.6176789999008179,0.9291368722915649,1722,-14.790056090000002,0.01,150.0
6692,34480,1724,5,-2.118401050567627,0.09526587277650833,0.0007,0.9805916547775269,-0.23944446444511414,1723,-14.790056090000002,0.01,150.0
6692,34500,1725,5,-2.120196580886841,0.6636708378791809,0.0007,0.8170048594474792,0.3965885043144226,1724,-14.790056090000002,0.01,150.0
6692,34520,1726,5,-2.1105704307556152,0.3236449360847473,0.0007,0.9531790614128113,0.8387044668197632,1725,-14.790056090000002,0.01,150.0
6693,34540,1727,5,-2.0720295906066895,0.41622066497802734,0.0007,0.9130387306213379,0.6901646256446838,1726,-14.790056090000002,0.01,150.0
6693,34560,1728,5,-2.0693671703338623,0.3233165144920349,0.0007,0.9479588270187378,-0.17069371044635773,1727,-14.790056090000002,0.01,150.0
6694,34580,1729,5,-2.0777320861816406,0.9073585271835327,0.0007,0.9227725863456726,-0.08364184200763702,1728,-14.790056090000002,0.01,150.0
6694,34600,1730,5,-2.0662004947662354,0.8009783029556274,0.0007,0.9650779962539673,0.4717811644077301,1729,-14.790056090000002,0.01,150.0
6695,34620,1731,5,-2.0780539512634277,0.3886427879333496,0.0007,0.9876806735992432,-0.6134527325630188,1730,-14.790056090000002,0.01,150.0
6695,34640,1732,5,-2.116570472717285,1.087699294090271,0.0007,0.9330222606658936,1.030041217803955,1731,-14.790056090000002,0.01,150.0
6695,34660,1733,5,-2.0642924308776855,2.3785557746887207,0.0007,0.7012853622436523,0.7498838901519775,1732,-14.790056090000002,0.01,150.0
6696,34680,1734,5,-2.062413215637207,0.5115963816642761,0.0007,0.9362016320228577,0.2976585030555725,1733,-14.790056090000002,0.01,150.0
6696,34700,1735,5,-2.019500732421875,3.630147933959961,0.0007,0.7398724555969238,2.02484393119812,1734,-14.790056090000002,0.01,150.0
6697,34720,1736,5,-2.0622189044952393,0.1763569563627243,0.0007,0.9896474480628967,-0.46087709069252014,1735,-14.790056090000002,0.01,150.0
6698,34740,1737,5,-2.0663933753967285,0.23271310329437256,0.0007,0.9856593012809753,-0.6600163578987122,1736,-14.790056090000002,0.01,150.0
6698,34760,1738,5,-2.072847604751587,0.6816987991333008,0.0007,0.9378087520599365,-0.021198391914367676,1737,-14.790056090000002,0.01,150.0
6699,34780,1739,5,-2.083240509033203,0.257545530796051,0.0007,0.9779787659645081,-0.38215187191963196,1738,-14.790056090000002,0.01,150.0
6699,34800,1740,5,-2.045515537261963,0.107129767537117,0.0007,0.9911795258522034,-0.47372061014175415,1739,-14.386353880000003,0.01,150.0
6700,34820,1741,5,-2.0749003887176514,0.19927215576171875,0.0007,0.9604283571243286,-0.41820764541625977,1740,-14.386353880000003,0.01,150.0
6700,34840,1742,5,-1.9365885257720947,0.441415011882782,0.0007,0.45770591497421265,-0.9554001092910767,1741,-14.386353880000003,0.01,150.0
6701,34860,1743,5,-1.9497623443603516,0.5811887979507446,0.0007,0.624839186668396,-1.0910003185272217,1742,-14.386353880000003,0.01,150.0
6702,34880,1744,5,-1.9654375314712524,0.912824809551239,0.0007,-0.15411674976348877,-1.508151888847351,1743,-14.386353880000003,0.01,150.0
6702,34900,1745,5,-1.942850112915039,0.865155816078186,0.0007,0.5682311058044434,-0.15757130086421967,1744,-14.386353880000003,0.01,150.0
6703,34920,1746,5,-1.9772026538848877,0.06427782773971558,0.0007,0.9683021306991577,0.2535395324230194,1745,-14.386353880000003,0.01,150.0
6703,34940,1747,5,-1.992868185043335,0.18285949528217316,0.0007,0.943916380405426,-0.22170507907867432,1746,-14.386353880000003,0.01,150.0
6704,34960,1748,5,-1.9957611560821533,0.23413190245628357,0.0007,0.864303708076477,0.028707319870591164,1747,-14.386353880000003,0.01,150.0
6705,34980,1749,5,-1.9863395690917969,1.8439676761627197,0.0007,-3.924899101257324,1.3139915466308594,1748,-14.386353880000003,0.01,150.0
6705,35000,1750,5,-2.00844144821167,0.3276558518409729,0.0007,-0.1609196662902832,-0.3257066309452057,1749,-14.386353880000003,0.01,150.0
6706,35020,1751,5,-1.9945380687713623,1.666263222694397,0.0007,0.3658686876296997,0.8675140142440796,1750,-14.386353880000003,0.01,150.0
6706,35040,1752,5,-2.0277655124664307,0.09812752902507782,0.0007,0.8420984745025635,0.03622286766767502,1751,-14.386353880000003,0.01,150.0
6706,35060,1753,5,-2.0916574001312256,0.7088821530342102,0.0007,0.6129283905029297,1.3076826333999634,1752,-14.386353880000003,0.01,150.0
6707,35080,1754,5,-2.0733702182769775,0.30666452646255493,0.0007,0.7315506935119629,-0.12801764905452728,1753,-14.386353880000003,0.01,150.0
6708,35100,1755,5,-2.0380234718322754,0.11203818023204803,0.0007,0.9045972228050232,-0.14671754837036133,1754,-14.386353880000003,0.01,150.0
6708,35120,1756,5,-2.0617268085479736,0.8313496708869934,0.0007,0.044471681118011475,0.05878103896975517,1755,-14.386353880000003,0.01,150.0
6708,35140,1757,5,-2.0624566078186035,1.3347963094711304,0.0007,0.5510324239730835,0.29260239005088806,1756,-14.386353880000003,0.01,150.0
6709,35160,1758,5,-2.0192840099334717,0.20467503368854523,0.0007,0.9622787833213806,-0.9045903086662292,1757,-14.386353880000003,0.01,150.0
6709,35180,1759,5,-2.0077567100524902,0.9478393793106079,0.0007,0.7095494270324707,-0.0011083483695983887,1758,-14.386353880000003,0.01,150.0
6710,35200,1760,5,-1.9744322299957275,0.28476572036743164,0.0007,0.7989763617515564,-0.6483930945396423,1759,-14.386353880000003,0.01,150.0
6710,35220,1761,5,-2.0061373710632324,0.05748060345649719,0.0007,0.9102590680122375,-0.39126095175743103,1760,-14.386353880000003,0.01,150.0
6711,35240,1762,5,-1.952143907546997,0.050479691475629807,0.0007,0.7717194557189941,-0.16328540444374084,1761,-14.386353880000003,0.01,150.0
6711,35260,1763,5,-2.021200180053711,0.05205896496772766,0.0007,0.6657301783561707,-0.20242401957511902,1762,-14.386353880000003,0.01,150.0
6712,35280,1764,5,-2.0728039741516113,0.0816265195608139,0.0007,-0.3504972457885742,0.11745953559875488,1763,-14.386353880000003,0.01,150.0
6712,35300,1765,5,-2.0961575508117676,0.045382410287857056,0.0007,-0.29470252990722656,-0.08622947335243225,1764,-14.386353880000003,0.01,150.0
6713,35320,1766,5,-2.111414909362793,0.03345862030982971,0.0007,-0.29798710346221924,-0.35860443115234375,1765,-14.386353880000003,0.01,150.0
6713,35340,1767,5,-2.114133358001709,0.42240357398986816,0.0007,-0.003736257553100586,0.6602559089660645,1766,-14.386353880000003,0.01,150.0
6714,35360,1768,5,-2.1034698486328125,0.48366618156433105,0.0007,0.013985931873321533,0.720724880695343,1767,-14.386353880000003,0.01,150.0
6714,35380,1769,5,-2.103882312774658,0.023621588945388794,0.0007,-0.2684227228164673,-0.0474184975028038,1768,-14.386353880000003,0.01,150.0
6715,35400,1770,5,-2.0779573917388916,0.011799940839409828,0.0007,-0.24177777767181396,0.0028103007934987545,1769,-14.381772219999998,0.01,150.0
6715,35420,1771,5,-2.085362434387207,0.06145738437771797,0.0007,0.04662233591079712,0.09100238978862762,1770,-14.381772219999998,0.01,150.0
6716,35440,1772,5,-1.8789198398590088,0.3720683157444,0.0007,0.3928605318069458,0.3949581980705261,1771,-14.381772219999998,0.01,150.0
6716,35460,1773,5,-1.8574504852294922,0.47150665521621704,0.0007,0.4773852229118347,0.7287667393684387,1772,-14.381772219999998,0.01,150.0
6717,35480,1774,5,-1.887712836265564,0.15147764980793,0.0007,0.7568086981773376,0.20198504626750946,1773,-14.381772219999998,0.01,150.0
6717,35500,1775,5,-1.8916442394256592,0.7833603024482727,0.0007,-1.9762320518493652,0.09804028272628784,1774,-14.381772219999998,0.01,150.0
6718,35520,1776,5,-1.9442476034164429,1.2060270309448242,0.0007,-0.2100813388824463,0.813132107257843,1775,-14.381772219999998,0.01,150.0
6718,35540,1777,5,-1.9656047821044922,0.6693525314331055,0.0007,0.7121872305870056,0.8085156679153442,1776,-14.381772219999998,0.01,150.0
6719,35560,1778,5,-1.9545269012451172,0.674496054649353,0.0007,0.7804227471351624,0.3723475933074951,1777,-14.381772219999998,0.01,150.0
6720,35580,1779,5,-1.9442145824432373,1.5285998582839966,0.0007,0.8341944813728333,-0.1103302463889122,1778,-14.381772219999998,0.01,150.0
6720,35600,1780,5,-1.902519941329956,0.5020459890365601,0.0007,0.9722591638565063,-0.3063715100288391,1779,-14.381772219999998,0.01,150.0
6721,35620,1781,5,-1.963451623916626,0.3358524739742279,0.0007,0.9879550933837891,-0.5637321472167969,1780,-14.381772219999998,0.01,150.0
6722,35640,1782,5,-1.9969854354858398,0.3392484784126282,0.0007,0.985378623008728,-0.7453094720840454,1781,-14.381772219999998,0.01,150.0
6722,35660,1783,5,-2.0351593494415283,0.17358970642089844,0.0007,0.980405330657959,-0.28602176904678345,1782,-14.381772219999998,0.01,150.0
6723,35680,1784,5,-2.0123636722564697,0.16080239415168762,0.0007,0.9884365200996399,-0.5741074681282043,1783,-14.381772219999998,0.01,150.0
6724,35700,1785,5,-2.0390844345092773,0.40394729375839233,0.0007,0.8699197173118591,0.38997653126716614,1784,-14.381772219999998,0.01,150.0
6724,35720,1786,5,-2.025587797164917,0.21011027693748474,0.0007,0.9417847990989685,-0.37957945466041565,1785,-14.381772219999998,0.01,150.0
6725,35740,1787,5,-2.0130701065063477,0.07999571412801743,0.0007,0.9802936315536499,-0.29051780700683594,1786,-14.381772219999998,0.01,150.0
6725,35760,1788,5,-2.0445327758789062,0.04082820564508438,0.0007,0.9851177930831909,0.11270980536937714,1787,-14.381772219999998,0.01,150.0
6726,35780,1789,5,-2.0757505893707275,0.04508106783032417,0.0007,0.9868670105934143,-0.0062324851751327515,1788,-14.381772219999998,0.01,150.0
6727,35800,1790,5,-2.1016032695770264,0.05525199696421623,0.0007,0.9923780560493469,0.29687589406967163,1789,-14.381772219999998,0.01,150.0
6727,35820,1791,5,-2.0921006202697754,0.9185740351676941,0.0007,0.9542783498764038,1.300307273864746,1790,-14.381772219999998,0.01,150.0
6728,35840,1792,5,-2.0045456886291504,0.29546841979026794,0.0007,0.9771729707717896,-0.10417245328426361,1791,-14.381772219999998,0.01,150.0
6729,35860,1793,5,-2.066580295562744,0.12915441393852234,0.0007,0.9816797971725464,-0.1424124538898468,1792,-14.381772219999998,0.01,150.0
6729,35880,1794,5,-2.0855236053466797,0.07682310044765472,0.0007,0.9924054741859436,0.39202526211738586,1793,-14.381772219999998,0.01,150.0
6730,35900,1795,5,-2.0891659259796143,0.01614111289381981,0.0007,0.9978877902030945,0.02583794668316841,1794,-14.381772219999998,0.01,150.0
6731,35920,1796,5,-2.056342363357544,0.233200341463089,0.0007,0.9780614972114563,-0.2034926861524582,1795,-14.381772219999998,0.01,150.0
6731,35940,1797,5,-2.0859813690185547,0.10429754108190536,0.0007,0.9843354225158691,-0.09564270824193954,1796,-14.381772219999998,0.01,150.0
6732,35960,1798,5,-2.086069107055664,0.08877579867839813,0.0007,0.9929245710372925,-0.5372817516326904,1797,-14.381772219999998,0.01,150.0
6733,35980,1799,5,-2.0870182514190674,0.1140994057059288,0.0007,0.952464759349823,0.20291385054588318,1798,-14.381772219999998,0.01,150.0
6733,36000,1800,5,-2.1015892028808594,0.07011276483535767,0.0007,0.975797176361084,-0.28960785269737244,1799,-14.101482580000003,0.01,150.0
6733,36020,1801,5,-2.0937552452087402,0.5264387726783752,0.0007,0.6026878356933594,0.5362061262130737,1800,-14.101482580000003,0.01,150.0
6733,36040,1802,5,-2.035571575164795,0.09338100254535675,0.0007,0.9714599251747131,-0.3402751088142395,1801,-14.101482580000003,0.01,150.0
6734,36060,1803,5,-2.0617315769195557,0.1488892287015915,0.0007,0.9124250411987305,-0.07950839400291443,1802,-14.101482580000003,0.01,150.0
6734,36080,1804,5,-2.067096471786499,0.6197764277458191,0.0007,0.9303109645843506,1.4036552906036377,1803,-14.101482580000003,0.01,150.0
6735,36100,1805,5,-2.0542521476745605,0.46705883741378784,0.0007,0.9270464181900024,0.28407159447669983,1804,-14.101482580000003,0.01,150.0
6735,36120,1806,5,-2.083935022354126,0.6064794659614563,0.0007,0.9105027914047241,0.14789867401123047,1805,-14.101482580000003,0.01,150.0
6736,36140,1807,5,-2.0862510204315186,0.6235249042510986,0.0007,0.9340560436248779,0.14186327159404755,1806,-14.101482580000003,0.01,150.0
6736,36160,1808,5,-2.095302104949951,0.3582608103752136,0.0007,0.9862462878227234,-0.6631142497062683,1807,-14.101482580000003,0.01,150.0
6737,36180,1809,5,-2.1180217266082764,0.08326642215251923,0.0007,0.9956335425376892,-0.12147665023803711,1808,-14.101482580000003,0.01,150.0
6737,36200,1810,5,-2.102569818496704,0.04694780707359314,0.0007,0.9983285069465637,-0.0809643492102623,1809,-14.101482580000003,0.01,150.0
6738,36220,1811,5,-2.143658399581909,0.12561027705669403,0.0007,0.9966387748718262,0.26664090156555176,1810,-14.101482580000003,0.01,150.0
6738,36240,1812,5,-2.1327550411224365,0.3380228579044342,0.0007,0.9914107918739319,0.08253554254770279,1811,-14.101482580000003,0.01,150.0
6739,36260,1813,5,-2.1563074588775635,0.07532567530870438,0.0007,0.9979469776153564,0.03426849842071533,1812,-14.101482580000003,0.01,150.0
6739,36280,1814,5,-2.158295154571533,0.45279383659362793,0.0007,0.9914347529411316,0.5602728128433228,1813,-14.101482580000003,0.01,150.0
6740,36300,1815,5,-2.133190393447876,1.4773043394088745,0.0007,0.9611644148826599,0.8970773816108704,1814,-14.101482580000003,0.01,150.0
6740,36320,1816,5,-2.1222565174102783,0.1252748668193817,0.0007,0.9963734149932861,0.07940982282161713,1815,-14.101482580000003,0.01,150.0
6741,36340,1817,5,-2.136115550994873,1.1200932264328003,0.0007,0.9745842218399048,0.8130208849906921,1816,-14.101482580000003,0.01,150.0
6741,36360,1818,5,-2.1331236362457275,0.9218965768814087,0.0007,0.9774856567382812,0.32297247648239136,1817,-14.101482580000003,0.01,150.0
6742,36380,1819,5,-2.1435351371765137,0.12526686489582062,0.0007,0.9968439936637878,-0.05627540498971939,1818,-14.101482580000003,0.01,150.0
6742,36400,1820,5,-2.1046650409698486,0.28960981965065,0.0007,0.9952278137207031,-0.5178653001785278,1819,-14.101482580000003,0.01,150.0
6743,36420,1821,5,-2.1273791790008545,0.18183495104312897,0.0007,0.9968171715736389,-0.12442320585250854,1820,-14.101482580000003,0.01,150.0
6743,36440,1822,5,-2.1370205879211426,0.15857373178005219,0.0007,0.9976833462715149,-0.41395634412765503,1821,-14.101482580000003,0.01,150.0
6744,36460,1823,5,-2.1336159706115723,0.2046688348054886,0.0007,0.9984514117240906,-0.7594797611236572,1822,-14.101482580000003,0.01,150.0
6744,36480,1824,5,-2.129876136779785,0.12627103924751282,0.0007,0.9983308911323547,-0.5348190665245056,1823,-14.101482580000003,0.01,150.0
6744,36500,1825,5,-2.1199634075164795,0.06485222280025482,0.0007,0.9981849789619446,-0.2812817692756653,1824,-14.101482580000003,0.01,150.0
6745,36520,1826,5,-2.110776901245117,0.09908607602119446,0.0007,0.9961158633232117,-0.2784245014190674,1825,-14.101482580000003,0.01,150.0
6745,36540,1827,5,-2.1158945560455322,0.5131627321243286,0.0007,0.958657443523407,0.4560016989707947,1826,-14.101482580000003,0.01,150.0
6744,36560,1828,5,-2.1198530197143555,0.18029063940048218,0.0007,0.9830188155174255,-0.2811358571052551,1827,-14.101482580000003,0.01,150.0
6744,36580,1829,5,-2.112452745437622,0.11492659896612167,0.0007,0.9888255596160889,-0.27574366331100464,1828,-14.101482580000003,0.01,150.0
6744,36600,1830,5,-2.119739532470703,0.1195257306098938,0.0007,0.9935985207557678,-0.6293476819992065,1829,-13.82911174,0.02,150.0
6745,36620,1831,5,-2.0999767780303955,5.023068428039551,0.0007,0.7481765151023865,1.7817703485488892,1830,-13.82911174,0.02,150.0
6745,36640,1832,5,-1.9079164266586304,0.7214640974998474,0.0007,0.7440884709358215,-1.1143603324890137,1831,-13.82911174,0.02,150.0
6745,36660,1833,5,-1.9147751331329346,0.1128530278801918,0.0007,0.948882520198822,-0.4293139576911926,1832,-13.82911174,0.02,150.0
6746,36680,1834,5,-1.9462785720825195,0.45726388692855835,0.0007,0.8679728507995605,-0.3105147182941437,1833,-13.82911174,0.02,150.0
6746,36700,1835,5,-2.012402296066284,0.16421160101890564,0.0007,0.9487488865852356,-0.2776198983192444,1834,-13.82911174,0.02,150.0
6746,36720,1836,5,-1.970123052597046,0.044169455766677856,0.0007,0.9851338267326355,0.05153679847717285,1835,-13.82911174,0.02,150.0
6747,36740,1837,5,-2.0278191566467285,0.05907886475324631,0.0007,0.9846372008323669,0.12212526798248291,1836,-13.82911174,0.02,150.0
6747,36760,1838,5,-2.0499072074890137,0.14375658333301544,0.0007,0.9790412187576294,-0.5265544652938843,1837,-13.82911174,0.02,150.0
6748,36780,1839,5,-2.056889057159424,0.18921199440956116,0.0007,0.9777628779411316,0.6165271997451782,1838,-13.82911174,0.02,150.0
6748,36800,1840,5,-2.05637264251709,0.09144879877567291,0.0007,0.985875129699707,0.12985029816627502,1839,-13.82911174,0.02,150.0
6749,36820,1841,5,-2.080054759979248,0.5776764154434204,0.0007,0.9475882053375244,1.0407116413116455,1840,-13.82911174,0.02,150.0
6749,36840,1842,5,-2.082674264907837,0.026930317282676697,0.0007,0.9970114231109619,0.09077919274568558,1841,-13.82911174,0.02,150.0
6749,36860,1843,5,-2.1280903816223145,0.06451676040887833,0.0007,0.9923272132873535,-0.05552002042531967,1842,-13.82911174,0.02,150.0
6694,36880,1844,5,-2.1517043113708496,1.0153334140777588,0.0007,0.8799728155136108,1.201798439025879,1843,-13.82911174,0.02,150.0
6689,36900,1845,5,-2.159663438796997,0.15451522171497345,0.0007,0.9800193905830383,-0.06561992317438126,1844,-13.82911174,0.02,150.0
6686,36920,1846,5,-2.1402037143707275,0.21892018616199493,0.0007,0.9725667834281921,-0.06546317040920258,1845,-13.82911174,0.02,150.0
6686,36940,1847,5,-2.1151814460754395,0.1280062049627304,0.0007,0.9856799244880676,0.2240026891231537,1846,-13.82911174,0.02,150.0
6686,36960,1848,5,-2.1108603477478027,0.037232138216495514,0.0007,0.9969046115875244,-0.1852286159992218,1847,-13.82911174,0.02,150.0
6686,36980,1849,5,-2.14026141166687,0.10019419342279434,0.0007,0.9880315065383911,-0.12326893955469131,1848,-13.82911174,0.02,150.0
6687,37000,1850,5,-2.1520087718963623,0.1198882907629013,0.0007,0.9747239351272583,-0.29073694348335266,1849,-13.82911174,0.02,150.0
6687,37020,1851,5,-2.151585340499878,0.04103315621614456,0.0007,0.9899672269821167,-0.278459757566452,1850,-13.82911174,0.02,150.0
6688,37040,1852,5,-2.148836612701416,0.12011148780584335,0.0007,0.9717513918876648,-0.5617597699165344,1851,-13.82911174,0.02,150.0
6688,37060,1853,5,-2.1637680530548096,0.056828029453754425,0.0007,0.9691157341003418,-0.32617416977882385,1852,-13.82911174,0.02,150.0
6688,37080,1854,5,-2.1594913005828857,0.26115721464157104,0.0007,0.313448965549469,0.30445045232772827,1853,-13.82911174,0.02,150.0
6689,37100,1855,5,-2.1513030529022217,0.038325078785419464,0.0007,0.8425135612487793,0.02633005939424038,1854,-13.82911174,0.02,150.0
6689,37120,1856,5,-2.134397029876709,0.030563239008188248,0.0007,0.8970771431922913,-0.11712463200092316,1855,-13.82911174,0.02,150.0
6689,37140,1857,5,-2.1280758380889893,1.3186171054840088,0.0007,-0.22469425201416016,1.228635549545288,1856,-13.82911174,0.02,150.0
6690,37160,1858,5,-2.15099835395813,0.04854365065693855,0.0007,0.8892198801040649,-0.19749344885349274,1857,-13.82911174,0.02,150.0
6690,37180,1859,5,-2.148745536804199,0.411590576171875,0.0007,0.31100040674209595,0.578566312789917,1858,-13.82911174,0.02,150.0
6690,37200,1860,5,-2.136399745941162,0.6458237171173096,0.0007,0.22777074575424194,0.50589519739151,1859,-14.012331249999999,0.02,150.0
6691,37220,1861,5,-2.1277124881744385,0.05293770879507065,0.0007,0.8840099573135376,-0.0758301168680191,1860,-14.012331249999999,0.02,150.0
6691,37240,1862,5,-2.0099270343780518,0.8623180389404297,0.0007,0.4103674292564392,-1.2957890033721924,1861,-14.012331249999999,0.02,150.0
6691,37260,1863,5,-2.022026300430298,0.12477614730596542,0.0007,0.7634096145629883,0.16660508513450623,1862,-14.012331249999999,0.02,150.0
6691,37280,1864,5,-2.0551304817199707,0.18282809853553772,0.0007,0.791682779788971,-0.05654531717300415,1863,-14.012331249999999,0.02,150.0
6691,37300,1865,5,-2.0849151611328125,0.04484567418694496,0.0007,0.9703071117401123,-0.2839909493923187,1864,-14.012331249999999,0.02,150.0
6691,37320,1866,5,-2.091886043548584,0.3330371081829071,0.0007,0.14796006679534912,0.6178356409072876,1865,-14.012331249999999,0.02,150.0
6691,37340,1867,5,-2.0874133110046387,1.6830759048461914,0.0007,0.5801041722297668,1.1823946237564087,1866,-14.012331249999999,0.02,150.0
6692,37360,1868,5,-2.0978310108184814,0.5401116609573364,0.0007,0.12853223085403442,-0.44651108980178833,1867,-14.012331249999999,0.02,150.0
6692,37380,1869,5,-2.0946946144104004,1.0739666223526,0.0007,0.6189491748809814,1.3561818599700928,1868,-14.012331249999999,0.02,150.0
6693,37400,1870,5,-2.1043241024017334,0.1875946819782257,0.0007,0.9088437557220459,-0.604525625705719,1869,-14.012331249999999,0.02,150.0
6693,37420,1871,5,-2.1113104820251465,0.1612202376127243,0.0007,0.9160422682762146,0.2209967076778412,1870,-14.012331249999999,0.02,150.0
6692,37440,1872,5,-2.1249775886535645,0.045873887836933136,0.0007,0.9841957092285156,-0.25462135672569275,1871,-14.012331249999999,0.02,150.0
6693,37460,1873,5,-2.123889446258545,2.036820888519287,0.0007,0.3843492865562439,1.709205985069275,1872,-14.012331249999999,0.02,150.0
6693,37480,1874,5,-2.1474194526672363,0.1328183114528656,0.0007,0.9478906393051147,-0.2689133286476135,1873,-14.012331249999999,0.02,150.0
6694,37500,1875,5,-2.1519596576690674,0.20854954421520233,0.0007,0.9367415308952332,-0.03378501534461975,1874,-14.012331249999999,0.02,150.0
6694,37520,1876,5,-2.16228985786438,0.3067469596862793,0.0007,0.9614108204841614,0.7558289766311646,1875,-14.012331249999999,0.02,150.0
6695,37540,1877,5,-2.1517043113708496,0.05911799520254135,0.0007,0.987001895904541,-0.18933771550655365,1876,-14.012331249999999,0.02,150.0
6695,37560,1878,5,-2.1607067584991455,1.0709421634674072,0.0007,0.5566366910934448,0.6914747953414917,1877,-14.012331249999999,0.02,150.0
6695,37580,1879,5,-2.1576743125915527,0.8409147262573242,0.0007,0.784842848777771,0.5782284736633301,1878,-14.012331249999999,0.02,150.0
6696,37600,1880,5,-2.150995969772339,0.04363245517015457,0.0007,0.989316463470459,-0.29357606172561646,1879,-14.012331249999999,0.02,150.0
6696,37620,1881,5,-2.118814468383789,0.5046364068984985,0.0007,0.683070182800293,0.4584349989891052,1880,-14.012331249999999,0.02,150.0
6697,37640,1882,5,-2.1368308067321777,1.0876432657241821,0.0007,0.07437342405319214,0.9810657501220703,1881,-14.012331249999999,0.02,150.0
6697,37660,1883,5,-2.158097743988037,0.06385256350040436,0.0007,0.9123212099075317,-0.01240626536309719,1882,-14.012331249999999,0.02,150.0
6698,37680,1884,5,-2.1205790042877197,0.9920397996902466,0.0007,0.18401581048965454,0.8882694244384766,1883,-14.012331249999999,0.02,150.0
6698,37700,1885,5,-2.095627546310425,0.03490908816456795,0.0007,0.8211234211921692,0.0017121076816692948,1884,-14.012331249999999,0.02,150.0
6698,37720,1886,5,-2.135627031326294,0.0535038597881794,0.0007,0.7987838983535767,-0.2127726972103119,1885,-14.012331249999999,0.02,150.0
6699,37740,1887,5,-2.1581828594207764,0.7531082034111023,0.0007,-0.11600375175476074,0.8385284543037415,1886,-14.012331249999999,0.02,150.0
6699,37760,1888,5,-2.151397228240967,0.47616705298423767,0.0007,-0.31998538970947266,0.4406217634677887,1887,-14.012331249999999,0.02,150.0
6700,37780,1889,5,-2.1701548099517822,0.015244534239172935,0.0007,0.6423302888870239,-0.20961466431617737,1888,-14.012331249999999,0.02,150.0
6700,37800,1890,5,-2.1636996269226074,0.04144623875617981,0.0007,-0.41293060779571533,-0.3085446059703827,1889,-14.118229909999998,0.02,150.0
6701,37820,1891,5,-2.162349224090576,0.03999783471226692,0.0007,-0.3028479814529419,-0.343880832195282,1890,-14.118229909999998,0.02,150.0
6701,37840,1892,5,-2.0757546424865723,0.06321027129888535,0.0007,0.944443941116333,-0.20744426548480988,1891,-14.118229909999998,0.02,150.0
6701,37860,1893,5,-2.085130214691162,0.07960100471973419,0.0007,0.9342418313026428,-0.03799855336546898,1892,-14.118229909999998,0.02,150.0
6701,37880,1894,5,-2.100090742111206,0.1301872879266739,0.0007,0.9471365213394165,0.48275041580200195,1893,-14.118229909999998,0.02,150.0
6702,37900,1895,5,-2.1087496280670166,0.13497844338417053,0.0007,0.9624204039573669,0.09912659227848053,1894,-14.118229909999998,0.02,150.0
6703,37920,1896,5,-2.1031618118286133,0.10391640663146973,0.0007,0.9768027067184448,0.02343193255364895,1895,-14.118229909999998,0.02,150.0
6703,37940,1897,5,-2.0899200439453125,0.26822561025619507,0.0007,0.973606288433075,0.839311957359314,1896,-14.118229909999998,0.02,150.0
6704,37960,1898,5,-2.102726459503174,0.105028435587883,0.0007,0.9790892004966736,-0.25736936926841736,1897,-14.118229909999998,0.02,150.0
6704,37980,1899,5,-2.0854618549346924,0.2783970236778259,0.0007,0.9001494646072388,0.28502655029296875,1898,-14.118229909999998,0.02,150.0
6705,38000,1900,5,-2.0896942615509033,0.14232854545116425,0.0007,0.9723412394523621,-0.351065069437027,1899,-14.118229909999998,0.02,150.0
6705,38020,1901,5,-2.1111366748809814,0.09564754366874695,0.0007,0.9778499603271484,0.05652067810297012,1900,-14.118229909999998,0.02,150.0
6706,38040,1902,5,-2.13104248046875,0.11236324161291122,0.0007,0.9762881994247437,0.26299843192100525,1901,-14.118229909999998,0.02,150.0
6706,38060,1903,5,-2.1301867961883545,0.5102106928825378,0.0007,0.8396595120429993,0.13248644769191742,1902,-14.118229909999998,0.02,150.0
6707,38080,1904,5,-2.1291308403015137,0.5027706027030945,0.0007,0.9351742267608643,0.7106561660766602,1903,-14.118229909999998,0.02,150.0
6707,38100,1905,5,-2.128295421600342,0.12027217447757721,0.0007,0.9839566349983215,-0.057825446128845215,1904,-14.118229909999998,0.02,150.0
6708,38120,1906,5,-2.1303067207336426,0.2954584062099457,0.0007,0.9708257913589478,0.2097780406475067,1905,-14.118229909999998,0.02,150.0
6708,38140,1907,5,-2.115410804748535,0.14716027677059174,0.0007,0.9825401306152344,-0.11234354972839355,1906,-14.118229909999998,0.02,150.0
6709,38160,1908,5,-2.1050961017608643,0.592636227607727,0.0007,0.9416771531105042,0.464454710483551,1907,-14.118229909999998,0.02,150.0
6709,38180,1909,5,-2.1150975227355957,0.17054061591625214,0.0007,0.9844179749488831,-0.006672305054962635,1908,-14.118229909999998,0.02,150.0
6709,38200,1910,5,-2.1156258583068848,0.3569404184818268,0.0007,0.9784932732582092,0.528340220451355,1909,-14.118229909999998,0.02,150.0
6710,38220,1911,5,-2.134511947631836,0.26572123169898987,0.0007,0.9788059592247009,0.1839311718940735,1910,-14.118229909999998,0.02,150.0
6710,38240,1912,5,-2.145526885986328,0.047973670065402985,0.0007,0.9960372447967529,-0.10565263032913208,1911,-14.118229909999998,0.02,150.0
6711,38260,1913,5,-2.141890048980713,0.11066336929798126,0.0007,0.9940504431724548,0.3066250681877136,1912,-14.118229909999998,0.02,150.0
6711,38280,1914,5,-2.143820285797119,0.18915143609046936,0.0007,0.9882955551147461,-0.02606307901442051,1913,-14.118229909999998,0.02,150.0
6712,38300,1915,5,-2.12272572517395,0.07067432254552841,0.0007,0.9978737235069275,-0.42230144143104553,1914,-14.118229909999998,0.02,150.0
6713,38320,1916,5,-2.1435706615448,0.11449036747217178,0.0007,0.9907405972480774,-0.3443235158920288,1915,-14.118229909999998,0.02,150.0
6713,38340,1917,5,-2.159606456756592,0.5743159651756287,0.0007,0.9146528244018555,0.4661688804626465,1916,-14.118229909999998,0.02,150.0
6713,38360,1918,5,-2.1546828746795654,0.26475000381469727,0.0007,0.9625404477119446,0.012267339043319225,1917,-14.118229909999998,0.02,150.0
6714,38380,1919,5,-2.130199909210205,0.3655547499656677,0.0007,0.9582892656326294,0.653960108757019,1918,-14.118229909999998,0.02,150.0
6714,38400,1920,5,-2.1144206523895264,1.4831750392913818,0.0007,0.8082740306854248,0.7671085596084595,1919,-13.99589173,0.02,150.0
6714,38420,1921,5,-2.130279541015625,0.06045737862586975,0.0007,0.9903818964958191,-0.24688419699668884,1920,-13.99589173,0.02,150.0
6715,38440,1922,5,-2.0903773307800293,0.21367809176445007,0.0007,0.9064248204231262,-0.6991111040115356,1921,-13.99589173,0.02,150.0
6715,38460,1923,5,-2.098064422607422,0.10566655546426773,0.0007,0.8849964141845703,0.1726648360490799,1922,-13.99589173,0.02,150.0
6716,38480,1924,5,-2.1117751598358154,0.21082410216331482,0.0007,0.9344577789306641,-0.6584153175354004,1923,-13.99589173,0.02,150.0
6717,38500,1925,5,-2.1255080699920654,0.10734492540359497,0.0007,0.9482491612434387,0.10889456421136856,1924,-13.99589173,0.02,150.0
6717,38520,1926,5,-2.13744854927063,0.4302300810813904,0.0007,0.90339195728302,0.39691632986068726,1925,-13.99589173,0.02,150.0
6718,38540,1927,5,-2.1315817832946777,0.49087318778038025,0.0007,0.9209304451942444,-0.569362998008728,1926,-13.99589173,0.02,150.0
6718,38560,1928,5,-2.128256320953369,1.1060631275177002,0.0007,0.8017770648002625,1.3486738204956055,1927,-13.99589173,0.02,150.0
6719,38580,1929,5,-2.105872631072998,0.17203982174396515,0.0007,0.9560109972953796,-0.3495897352695465,1928,-13.99589173,0.02,150.0
6719,38600,1930,5,-2.091120481491089,0.12299609184265137,0.0007,0.9737939238548279,-0.3472035825252533,1929,-13.99589173,0.02,150.0
6720,38620,1931,5,-2.090272903442383,1.3526862859725952,0.0007,0.5993258953094482,0.6295602321624756,1930,-13.99589173,0.02,150.0
6720,38640,1932,5,-2.0516340732574463,0.30031830072402954,0.0007,0.9401003122329712,0.19146813452243805,1931,-13.99589173,0.02,150.0
6721,38660,1933,5,-2.043762683868408,0.1220165267586708,0.0007,0.9772568941116333,-0.1474556177854538,1932,-13.99589173,0.02,150.0
6721,38680,1934,5,-2.009207010269165,0.42958545684814453,0.0007,0.9554591774940491,0.37993770837783813,1933,-13.99589173,0.02,150.0
6722,38700,1935,5,-1.9826481342315674,0.4964381754398346,0.0007,0.9610761404037476,0.5911961793899536,1934,-13.99589173,0.02,150.0
6722,38720,1936,5,-2.0642457008361816,1.692548155784607,0.0007,0.8211520314216614,0.6940289735794067,1935,-13.99589173,0.02,150.0
6723,38740,1937,5,-2.0915260314941406,0.1514354646205902,0.0007,0.9928061962127686,-0.6060113906860352,1936,-13.99589173,0.02,150.0
6723,38760,1938,5,-2.112168550491333,1.550879716873169,0.0007,0.9257956743240356,1.1498668193817139,1937,-13.99589173,0.02,150.0
6724,38780,1939,5,-2.1056885719299316,0.23479922115802765,0.0007,0.9892380833625793,-0.6415977478027344,1938,-13.99589173,0.02,150.0
6725,38800,1940,5,-2.1121158599853516,0.15223196148872375,0.0007,0.9830213785171509,-0.2516188621520996,1939,-13.99589173,0.02,150.0
6725,38820,1941,5,-2.087002992630005,1.0811282396316528,0.0007,0.729758620262146,0.16178908944129944,1940,-13.99589173,0.02,150.0
6726,38840,1942,5,-2.033087968826294,0.7540159821510315,0.0007,0.7822325825691223,0.3640452027320862,1941,-13.99589173,0.02,150.0
6726,38860,1943,5,-2.0734574794769287,0.1921505481004715,0.0007,0.9307949542999268,-0.38836774230003357,1942,-13.99589173,0.02,150.0
6727,38880,1944,5,-2.0904324054718018,0.2273796796798706,0.0007,0.8189188241958618,0.11814101785421371,1943,-13.99589173,0.02,150.0
6727,38900,1945,5,-2.051823854446411,0.19540511071681976,0.0007,0.8725789785385132,-0.30566567182540894,1944,-13.99589173,0.02,150.0
6728,38920,1946,5,-2.004422426223755,0.7511107325553894,0.0007,0.49156296253204346,-0.11175272613763809,1945,-13.99589173,0.02,150.0
6729,38940,1947,5,-1.9780795574188232,0.059750936925411224,0.0007,0.9742684364318848,-0.4704683721065521,1946,-13.99589173,0.02,150.0
6729,38960,1948,5,-1.9954551458358765,0.061373792588710785,0.0007,0.9342176914215088,-0.3500450551509857,1947,-13.99589173,0.02,150.0
6730,38980,1949,5,-2.0462520122528076,0.23393182456493378,0.0007,0.47026026248931885,0.29790687561035156,1948,-13.99589173,0.02,150.0
6730,39000,1950,5,-2.0520339012145996,0.04509216547012329,0.0007,0.8130581974983215,-0.2996601164340973,1949,-13.52692232,0.02,150.0
6731,39020,1951,5,-2.0127358436584473,0.1955261528491974,0.0007,0.03774183988571167,0.22734467685222626,1950,-13.52692232,0.02,150.0
6732,39040,1952,5,-2.0763540267944336,0.08373688161373138,0.0007,0.8480461835861206,0.2716158330440521,1951,-13.52692232,0.02,150.0
6732,39060,1953,5,-2.0839526653289795,0.8392041325569153,0.0007,-0.9911662340164185,0.5859158635139465,1952,-13.52692232,0.02,150.0
6732,39080,1954,5,-2.0912318229675293,0.10514891147613525,0.0007,0.5246505737304688,-0.10343644767999649,1953,-13.52692232,0.02,150.0
6733,39100,1955,5,-2.046416997909546,0.12463514506816864,0.0007,0.7806483507156372,-0.28386759757995605,1954,-13.52692232,0.02,150.0
6733,39120,1956,5,-2.0154309272766113,0.1571994125843048,0.0007,0.7805867195129395,-0.19791986048221588,1955,-13.52692232,0.02,150.0
6734,39140,1957,5,-2.0088164806365967,0.046152062714099884,0.0007,0.9550396203994751,-0.00855659693479538,1956,-13.52692232,0.02,150.0
6734,39160,1958,5,-2.086310863494873,0.01591506227850914,0.0007,0.9924077391624451,0.14947882294654846,1957,-13.52692232,0.02,150.0
6735,39180,1959,5,-2.109307050704956,0.2986716628074646,0.0007,0.8935791254043579,-0.2759096026420593,1958,-13.52692232,0.02,150.0
6735,39200,1960,5,-2.113779306411743,0.2403968870639801,0.0007,0.8927604556083679,0.3997231721878052,1959,-13.52692232,0.02,150.0
6736,39220,1961,5,-2.1184329986572266,0.18063130974769592,0.0007,0.9382742047309875,-0.3333077132701874,1960,-13.52692232,0.02,150.0
6736,39240,1962,5,-2.1278319358825684,0.1583612710237503,0.0007,0.9753530025482178,-0.6168333888053894,1961,-13.52692232,0.02,150.0
6737,39260,1963,5,-2.115990161895752,2.5438528060913086,0.0007,-5.795979976654053,0.9000867605209351,1962,-13.52692232,0.02,150.0
6737,39280,1964,5,-2.1118288040161133,0.15675513446331024,0.0007,0.47541284561157227,-0.3906157910823822,1963,-13.52692232,0.02,150.0
6738,39300,1965,5,-2.128427505493164,0.953121542930603,0.0007,0.5630203485488892,0.8545516133308411,1964,-13.52692232,0.02,150.0
6739,39320,1966,5,-2.0781822204589844,0.2920237183570862,0.0007,0.9507243633270264,-0.8403295278549194,1965,-13.52692232,0.02,150.0
6739,39340,1967,5,-2.0960350036621094,0.4006332457065582,0.0007,0.9408521056175232,-0.976245105266571,1966,-13.52692232,0.02,150.0
6740,39360,1968,5,-2.1183276176452637,0.14217671751976013,0.0007,0.9768938422203064,-0.5354591012001038,1967,-13.52692232,0.02,150.0
6740,39380,1969,5,-2.1054959297180176,0.2981959283351898,0.0007,0.9292968511581421,0.05521588772535324,1968,-13.52692232,0.02,150.0
6741,39400,1970,5,-2.090219497680664,1.6924054622650146,0.0007,0.8832706809043884,0.8214836120605469,1969,-13.52692232,0.02,150.0
6741,39420,1971,5,-2.0956997871398926,0.2480473518371582,0.0007,0.9782716631889343,0.13325996696949005,1970,-13.52692232,0.02,150.0
6742,39440,1972,5,-2.1248939037323,0.0728110522031784,0.0007,0.9925162196159363,0.024024218320846558,1971,-13.52692232,0.02,150.0
6743,39460,1973,5,-2.1188743114471436,0.7177380323410034,0.0007,0.9536710381507874,0.7988604307174683,1972,-13.52692232,0.02,150.0
6743,39480,1974,5,-2.0610523223876953,0.860009491443634,0.0007,0.9529445171356201,0.5190024375915527,1973,-13.52692232,0.02,150.0
6744,39500,1975,5,-2.059234142303467,0.5365657806396484,0.0007,0.9614622592926025,0.5518471002578735,1974,-13.52692232,0.02,150.0
6744,39520,1976,5,-2.13718581199646,0.010830307379364967,0.0007,0.9994732737541199,-0.15472471714019775,1975,-13.52692232,0.02,150.0
6745,39540,1977,5,-2.1360249519348145,0.05502685159444809,0.0007,0.9956146478652954,0.27713921666145325,1976,-13.52692232,0.02,150.0
6745,39560,1978,5,-2.117814540863037,1.7708053588867188,0.0007,0.832586407661438,1.334660530090332,1977,-13.52692232,0.02,150.0
6746,39580,1979,5,-2.141852617263794,0.0968567281961441,0.0007,0.9874218702316284,-0.1399986296892166,1978,-13.52692232,0.02,150.0
6746,39600,1980,5,-2.1333818435668945,3.2583987712860107,0.0007,0.6448630094528198,1.591378927230835,1979,-13.20838195,0.02,150.0
6747,39620,1981,5,-2.133727788925171,0.06955660879611969,0.0007,0.9864034652709961,-0.09102406352758408,1980,-13.20838195,0.02,150.0
6747,39640,1982,5,-2.065788745880127,0.35163941979408264,0.0007,0.4871532917022705,-0.46579113602638245,1981,-13.20838195,0.02,150.0
6748,39660,1983,5,-2.101351022720337,0.14207205176353455,0.0007,0.9168492555618286,-0.522341787815094,1982,-13.20838195,0.02,150.0
6748,39680,1984,5,-2.11405611038208,0.13361777365207672,0.0007,0.9246917963027954,-0.42473167181015015,1983,-13.20838195,0.02,150.0
6749,39700,1985,5,-2.133842945098877,0.10054752975702286,0.0007,0.925104022026062,-0.43377700448036194,1984,-13.20838195,0.02,150.0
6750,39720,1986,5,-2.1458919048309326,0.2199847400188446,0.0007,0.8490302562713623,-0.39439326524734497,1985,-13.20838195,0.02,150.0
6750,39740,1987,5,-2.0928680896759033,0.10142169147729874,0.0007,0.9215555191040039,-0.14917412400245667,1986,-13.20838195,0.02,150.0
6751,39760,1988,5,-2.094477415084839,0.10232321172952652,0.0007,0.9543885588645935,-0.3967053294181824,1987,-13.20838195,0.02,150.0
6752,39780,1989,5,-2.124528169631958,0.028624797239899635,0.0007,0.9696511030197144,-0.20273426175117493,1988,-13.20838195,0.02,150.0
6752,39800,1990,5,-2.145928382873535,0.037775229662656784,0.0007,0.9399503469467163,0.14666488766670227,1989,-13.20838195,0.02,150.0
6753,39820,1991,5,-2.1560726165771484,0.01890387013554573,0.0007,0.9838106632232666,-0.1943480372428894,1990,-13.20838195,0.02,150.0
6753,39840,1992,5,-2.1519007682800293,0.2529219090938568,0.0007,-0.11082017421722412,0.6344069242477417,1991,-13.20838195,0.02,150.0
6754,39860,1993,5,-2.1157476902008057,0.29406052827835083,0.0007,-1.1881077289581299,0.2974620461463928,1992,-13.20838195,0.02,150.0
6754,39880,1994,5,-2.116284132003784,0.0404147207736969,0.0007,-0.19763219356536865,0.2485991269350052,1993,-13.20838195,0.02,150.0
6755,39900,1995,5,-2.1339659690856934,0.37738603353500366,0.0007,0.07951229810714722,0.6297916769981384,1994,-13.20838195,0.02,150.0
6755,39920,1996,5,-2.112602710723877,0.12502464652061462,0.0007,0.4962921142578125,-0.15045702457427979,1995,-13.20838195,0.02,150.0
6755,39940,1997,5,-2.1167540550231934,0.12538771331310272,0.0007,0.7393413782119751,0.3035587668418884,1996,-13.20838195,0.02,150.0
6755,39960,1998,5,-2.0794129371643066,0.09825123101472855,0.0007,0.6951100826263428,0.0765528455376625,1997,-13.20838195,0.02,150.0
6756,39980,1999,5,-2.0410475730895996,0.9615880846977234,0.0007,0.36026710271835327,0.8978389501571655,1998,-13.20838195,0.02,150.0
6756,40000,2000,5,-2.0739150047302246,1.099391222000122,0.0007,0.0701913833618164,0.868029773235321,1999,-13.20838195,0.02,150.0
6756,40020,2001,5,-2.021757125854492,1.866485834121704,0.0007,0.442266047000885,1.4605227708816528,2000,-13.20838195,0.02,150.0
6757,40040,2002,5,-2.024780511856079,1.468553900718689,0.0007,0.580786943435669,0.6522501111030579,2001,-13.20838195,0.02,150.0
6757,40060,2003,5,-2.006899356842041,1.8029873371124268,0.0007,0.49329912662506104,0.9134858846664429,2002,-13.20838195,0.02,150.0
6758,40080,2004,5,-1.9172890186309814,0.4491370618343353,0.0007,0.7538700103759766,-0.08840958774089813,2003,-13.20838195,0.02,150.0
6759,40100,2005,5,-1.9948999881744385,1.2070772647857666,0.0007,0.7042925357818604,0.8134046792984009,2004,-13.20838195,0.02,150.0
6759,40120,2006,5,-1.9516509771347046,0.5756560564041138,0.0007,0.767268180847168,0.25233277678489685,2005,-13.20838195,0.02,150.0
6758,40140,2007,5,-2.044590473175049,0.24442486464977264,0.0007,0.8788660764694214,-0.4039101004600525,2006,-13.20838195,0.02,150.0
6758,40160,2008,5,-1.9323348999023438,0.12283442914485931,0.0007,0.8957289457321167,-0.1004491001367569,2007,-13.20838195,0.02,150.0
6759,40180,2009,5,-2.0324289798736572,0.3632771372795105,0.0007,0.6166537404060364,0.1313512772321701,2008,-13.20838195,0.02,150.0
6759,40200,2010,5,-2.0476512908935547,0.14207126200199127,0.0007,0.7990981340408325,-0.14756518602371216,2009,-13.304065720000004,0.02,150.0
6760,40220,2011,5,-2.009459972381592,0.05197296291589737,0.0007,0.9412074685096741,-0.3061595559120178,2010,-13.304065720000004,0.02,150.0
6761,40240,2012,5,-2.126549005508423,0.17401523888111115,0.0007,0.6803002953529358,0.1232474073767662,2011,-13.304065720000004,0.02,150.0
6761,40260,2013,5,-2.075472354888916,0.25451064109802246,0.0007,0.8890534043312073,0.7503020167350769,2012,-13.304065720000004,0.02,150.0
6761,40280,2014,5,-2.0667059421539307,0.11686595529317856,0.0007,0.921607255935669,-0.04515814408659935,2013,-13.304065720000004,0.02,150.0
6762,40300,2015,5,-1.8889055252075195,0.10964669287204742,0.0007,0.95994633436203,-0.08318567276000977,2014,-13.304065720000004,0.02,150.0
6762,40320,2016,5,-1.8970333337783813,0.33800196647644043,0.0007,0.9336810111999512,0.45300450921058655,2015,-13.304065720000004,0.02,150.0
6763,40340,2017,5,-1.8871400356292725,0.42871928215026855,0.0007,0.9408921003341675,0.0687623992562294,2016,-13.304065720000004,0.02,150.0
6764,40360,2018,5,-1.9366801977157593,0.2995770573616028,0.0007,0.9800556898117065,-0.5951071977615356,2017,-13.304065720000004,0.02,150.0
6764,40380,2019,5,-1.9522302150726318,0.11183643341064453,0.0007,0.9912893772125244,-0.29991766810417175,2018,-13.304065720000004,0.02,150.0
6765,40400,2020,5,-1.9174690246582031,0.22745516896247864,0.0007,0.9856606721878052,-0.5047744512557983,2019,-13.304065720000004,0.02,150.0
6765,40420,2021,5,-2.001476287841797,0.8546074628829956,0.0007,0.9410322904586792,0.5339685678482056,2020,-13.304065720000004,0.02,150.0
6766,40440,2022,5,-1.9763453006744385,1.1125338077545166,0.0007,0.9367661476135254,0.913425624370575,2021,-13.304065720000004,0.02,150.0
6766,40460,2023,5,-2.017650604248047,0.06444712728261948,0.0007,0.9965402483940125,-0.11448071897029877,2022,-13.304065720000004,0.02,150.0
6767,40480,2024,5,-2.075270175933838,0.3162001669406891,0.0007,0.9863706827163696,0.39880532026290894,2023,-13.304065720000004,0.02,150.0
6768,40500,2025,5,-2.087635040283203,0.626895546913147,0.0007,0.970879316329956,-0.04832781106233597,2024,-13.304065720000004,0.02,150.0
6768,40520,2026,5,-2.030409812927246,0.6431390047073364,0.0007,0.9702495336532593,0.5146713256835938,2025,-13.304065720000004,0.02,150.0
6769,40540,2027,5,-2.1136257648468018,0.23690061271190643,0.0007,0.9908441305160522,-0.09257867187261581,2026,-13.304065720000004,0.02,150.0
6770,40560,2028,5,-1.9988467693328857,0.5067435503005981,0.0007,0.9900562167167664,-1.0418627262115479,2027,-13.304065720000004,0.02,150.0
6770,40580,2029,5,-2.059063673019409,0.6317136287689209,0.0007,0.9872986674308777,-1.2702717781066895,2028,-13.304065720000004,0.02,150.0
6771,40600,2030,5,-2.039724111557007,0.6778973937034607,0.0007,0.9707496762275696,-1.1559654474258423,2029,-13.304065720000004,0.02,150.0
6771,40620,2031,5,-2.04573392868042,0.25761228799819946,0.0007,0.9820421934127808,-0.6544693112373352,2030,-13.304065720000004,0.02,150.0
6772,40640,2032,6,-2.0303196907043457,0.3743240535259247,0.0007,0.9389150738716125,-0.6388811469078064,2031,-13.304065720000004,0.02,150.0
6772,40660,2033,6,-2.0483415126800537,0.14792409539222717,0.0007,0.9795539975166321,-0.4694407880306244,2032,-13.304065720000004,0.02,150.0
6773,40680,2034,6,-2.0608444213867188,0.1306113749742508,0.0007,0.9788327813148499,-0.5853932499885559,2033,-13.304065720000004,0.02,150.0
6773,40700,2035,6,-2.048748254776001,0.10761643946170807,0.0007,0.9502812027931213,-0.4121425747871399,2034,-13.304065720000004,0.02,150.0
6774,40720,2036,6,-2.0411267280578613,0.10015261173248291,0.0007,0.8824659585952759,-0.3232625126838684,2035,-13.304065720000004,0.02,150.0
6775,40740,2037,6,-2.077378511428833,0.17168445885181427,0.0007,0.2687875032424927,-0.5765082240104675,2036,-13.304065720000004,0.02,150.0
6775,40760,2038,6,-2.118494749069214,0.05492403358221054,0.0007,0.509366512298584,-0.2363404780626297,2037,-13.304065720000004,0.02,150.0
6776,40780,2039,6,-2.123731851577759,0.07301902025938034,0.0007,0.6275240182876587,-0.47054630517959595,2038,-13.304065720000004,0.02,150.0
6776,40800,2040,6,-2.1319220066070557,0.028795132413506508,0.0007,0.41458678245544434,-0.06762254238128662,2039,-13.402911020000001,0.02,150.0
6777,40820,2041,6,-2.124255418777466,0.06546704471111298,0.0007,0.3933223485946655,-0.17265096306800842,2040,-13.402911020000001,0.02,150.0
6777,40840,2042,6,-2.1321229934692383,0.22627153992652893,0.0007,0.9468076825141907,-0.69093918800354,2041,-13.402911020000001,0.02,150.0
6778,40860,2043,6,-2.1382319927215576,0.19692252576351166,0.0007,0.9395530819892883,-0.6181802153587341,2042,-13.402911020000001,0.02,150.0
6777,40880,2044,6,-2.141388416290283,0.3138490319252014,0.0007,0.7425586581230164,0.4941483438014984,2043,-13.402911020000001,0.02,150.0
6778,40900,2045,6,-2.147874116897583,0.2879858911037445,0.0007,0.8693232536315918,0.019748806953430176,2044,-13.402911020000001,0.02,150.0
6778,40920,2046,6,-2.138728618621826,0.1832905113697052,0.0007,0.9406733512878418,0.2284020483493805,2045,-13.402911020000001,0.02,150.0
6778,40940,2047,6,-2.134300947189331,0.04668920114636421,0.0007,0.9833571314811707,0.05796406418085098,2046,-13.402911020000001,0.02,150.0
6778,40960,2048,6,-2.0794339179992676,2.174149990081787,0.0007,0.7730540037155151,1.7981230020523071,2047,-13.402911020000001,0.02,150.0
6779,40980,2049,6,-2.110168933868408,0.4185571074485779,0.0007,0.9042931199073792,0.4510385990142822,2048,-13.402911020000001,0.02,150.0
6779,41000,2050,6,-2.056090831756592,0.5389107465744019,0.0007,0.8840975761413574,0.09834664314985275,2049,-13.402911020000001,0.02,150.0
6779,41020,2051,6,-2.100851535797119,0.2722456455230713,0.0007,0.9479030966758728,-0.3781517446041107,2050,-13.402911020000001,0.02,150.0
6780,41040,2052,6,-2.054971218109131,1.032117247581482,0.0007,0.8764956593513489,1.2247400283813477,2051,-13.402911020000001,0.02,150.0
6780,41060,2053,6,-2.0671987533569336,0.3661970794200897,0.0007,0.9550462365150452,-0.7494653463363647,2052,-13.402911020000001,0.02,150.0
6781,41080,2054,6,-2.0880286693573,0.14718756079673767,0.0007,0.9858837127685547,-0.5344845652580261,2053,-13.402911020000001,0.02,150.0
6781,41100,2055,6,-2.1149330139160156,0.06132246181368828,0.0007,0.9829789400100708,-0.171735018491745,2054,-13.402911020000001,0.02,150.0
6781,41120,2056,6,-2.1522936820983887,0.5306130051612854,0.0007,0.6788633465766907,0.5268605947494507,2055,-13.402911020000001,0.02,150.0
6781,41140,2057,6,-2.151724100112915,0.22576062381267548,0.0007,0.9065371155738831,0.19094040989875793,2056,-13.402911020000001,0.02,150.0
6781,41160,2058,6,-2.121995449066162,0.05145486444234848,0.0007,0.975917637348175,-0.14851327240467072,2057,-13.402911020000001,0.02,150.0
6780,41180,2059,6,-2.124894142150879,0.8460068702697754,0.0007,0.5286381244659424,0.9917608499526978,2058,-13.402911020000001,0.02,150.0
6780,41200,2060,6,-2.099724292755127,0.05813164636492729,0.0007,0.9588273763656616,-0.06119220331311226,2059,-13.402911020000001,0.02,150.0
6779,41220,2061,6,-2.0556416511535645,0.03233182057738304,0.0007,0.9755556583404541,-0.0780438780784607,2060,-13.402911020000001,0.02,150.0
6778,41240,2062,6,-1.9780956506729126,0.23852777481079102,0.0007,0.9216347932815552,0.6439411044120789,2061,-13.402911020000001,0.02,150.0
6777,41260,2063,6,-1.9865776300430298,0.08112544566392899,0.0007,0.9642663598060608,-0.3362497389316559,2062,-13.402911020000001,0.02,150.0
6776,41280,2064,6,-2.032599687576294,0.08101335912942886,0.0007,0.939762532711029,-0.09860990196466446,2063,-13.402911020000001,0.02,150.0
6775,41300,2065,6,-1.9913488626480103,0.049491189420223236,0.0007,0.9656454920768738,-0.21199306845664978,2064,-13.402911020000001,0.02,150.0
6775,41320,2066,6,-2.069640874862671,0.08023791015148163,0.0007,0.9020588397979736,-0.44842344522476196,2065,-13.402911020000001,0.02,150.0
6774,41340,2067,6,-2.091785430908203,0.012280261144042015,0.0007,0.9546704292297363,-0.16394278407096863,2066,-13.402911020000001,0.02,150.0
6773,41360,2068,6,-2.0497984886169434,0.03572766110301018,0.0007,0.7236796617507935,-0.11373815685510635,2067,-13.402911020000001,0.02,150.0
6773,41380,2069,6,-2.037339448928833,0.03530650958418846,0.0007,0.7550980448722839,-0.1101633682847023,2068,-13.402911020000001,0.02,150.0
6772,41400,2070,6,-2.0398294925689697,0.01632387563586235,0.0007,0.7528080940246582,-0.11362274736166,2069,-13.533705670000002,0.02,150.0
6771,41420,2071,6,-2.0752949714660645,0.054247379302978516,0.0007,0.6003246307373047,-0.429450124502182,2070,-13.533705670000002,0.02,150.0
6770,41440,2072,6,-1.9695122241973877,0.1660989224910736,0.0007,0.808705747127533,0.4824041426181793,2071,-13.533705670000002,0.02,150.0
6770,41460,2073,6,-2.0032341480255127,0.5529828071594238,0.0007,0.5608279705047607,-0.17005664110183716,2072,-13.533705670000002,0.02,150.0
6769,41480,2074,6,-2.0513675212860107,0.07498268038034439,0.0007,0.966887354850769,-0.3094891905784607,2073,-13.533705670000002,0.02,150.0
6769,41500,2075,6,-2.0411651134490967,0.12791791558265686,0.0007,0.950403094291687,0.09422681480646133,2074,-13.533705670000002,0.02,150.0
6769,41520,2076,6,-2.0349323749542236,0.1357100009918213,0.0007,0.9768956899642944,-0.29354023933410645,2075,-13.533705670000002,0.02,150.0
6768,41540,2077,6,-2.0791618824005127,0.12972809374332428,0.0007,0.9836308360099792,0.3870809078216553,2076,-13.533705670000002,0.02,150.0
6769,41560,2078,6,-2.059976100921631,1.7009214162826538,0.0007,0.8167753219604492,1.296958565711975,2077,-13.533705670000002,0.02,150.0
6769,41580,2079,6,-2.042031764984131,1.9601993560791016,0.0007,0.6281194090843201,1.6679455041885376,2078,-13.533705670000002,0.02,150.0
6769,41600,2080,6,-2.0150485038757324,0.1461559385061264,0.0007,0.9791313409805298,-0.3083944320678711,2079,-13.533705670000002,0.02,150.0
6770,41620,2081,6,-2.0486302375793457,0.5036243200302124,0.0007,0.9521202445030212,0.9129894971847534,2080,-13.533705670000002,0.02,150.0
6770,41640,2082,6,-2.10724139213562,2.2136120796203613,0.0007,-0.48668813705444336,0.33523720502853394,2081,-13.533705670000002,0.02,150.0
6770,41660,2083,6,-2.036092758178711,0.5146700143814087,0.0007,0.9007295966148376,1.0727112293243408,2082,-13.533705670000002,0.02,150.0
6770,41680,2084,6,-2.017676830291748,0.8789354562759399,0.0007,0.8604605197906494,0.5747137665748596,2083,-13.533705670000002,0.02,150.0
6770,41700,2085,6,-2.0683162212371826,0.20602233707904816,0.0007,0.9767706990242004,0.32997989654541016,2084,-13.533705670000002,0.02,150.0
6770,41720,2086,6,-1.9922288656234741,1.2305673360824585,0.0007,0.7678725123405457,-0.0850338488817215,2085,-13.533705670000002,0.02,150.0
6771,41740,2087,6,-1.8594038486480713,0.16240432858467102,0.0007,0.977317750453949,-0.19703194499015808,2086,-13.533705670000002,0.02,150.0
6771,41760,2088,6,-1.960532784461975,0.17646120488643646,0.0007,0.977412760257721,0.03584996610879898,2087,-13.533705670000002,0.02,150.0
6771,41780,2089,6,-1.9556910991668701,0.2355055809020996,0.0007,0.9847849011421204,0.33466729521751404,2088,-13.533705670000002,0.02,150.0
6772,41800,2090,6,-1.8815772533416748,0.6352421641349792,0.0007,0.9828546047210693,-0.99774569272995,2089,-13.533705670000002,0.02,150.0
6772,41820,2091,6,-1.8847872018814087,0.16886234283447266,0.0007,0.9967799186706543,-0.5606368780136108,2090,-13.533705670000002,0.02,150.0
6773,41840,2092,6,-1.9220120906829834,0.1113683357834816,0.0007,0.9957880973815918,-0.11443422734737396,2091,-13.533705670000002,0.02,150.0
6773,41860,2093,6,-1.9136759042739868,0.0984480232000351,0.0007,0.9989174008369446,-0.4630276560783386,2092,-13.533705670000002,0.02,150.0
6773,41880,2094,6,-1.8929706811904907,0.05438782647252083,0.0007,0.9979811906814575,-0.051451675593853,2093,-13.533705670000002,0.02,150.0
6774,41900,2095,6,-1.9251701831817627,0.07816248387098312,0.0007,0.9966525435447693,0.23276805877685547,2094,-13.533705670000002,0.02,150.0
6774,41920,2096,6,-1.9669139385223389,0.1458955705165863,0.0007,0.9935122132301331,-0.2862863540649414,2095,-13.533705670000002,0.02,150.0
6775,41940,2097,6,-1.9720847606658936,0.08103249967098236,0.0007,0.9952518939971924,0.16404476761817932,2096,-13.533705670000002,0.02,150.0
6775,41960,2098,6,-2.018311023712158,0.23331864178180695,0.0007,0.986823320388794,0.2114442139863968,2097,-13.533705670000002,0.02,150.0
6776,41980,2099,6,-2.077390670776367,0.16747134923934937,0.0007,0.987308144569397,-0.065984807908535,2098,-13.533705670000002,0.02,150.0
6776,42000,2100,6,-2.1016714572906494,0.07289231568574905,0.0007,0.9923335909843445,-0.066351518034935,2099,-13.02315242,0.02,150.0
6776,42020,2101,6,-2.0971217155456543,0.16300027072429657,0.0007,0.9720467329025269,-0.15577596426010132,2100,-13.02315242,0.02,150.0
6777,42040,2102,6,-2.074444532394409,0.15286165475845337,0.0007,0.49612295627593994,-0.3947497308254242,2101,-13.02315242,0.02,150.0
6777,42060,2103,6,-2.0971267223358154,0.2812195420265198,0.0007,0.25788962841033936,-0.5897870659828186,2102,-13.02315242,0.02,150.0
6778,42080,2104,6,-2.1118521690368652,0.15367628633975983,0.0007,0.6086333990097046,-0.28881698846817017,2103,-13.02315242,0.02,150.0
6778,42100,2105,6,-2.124025583267212,0.2741694450378418,0.0007,0.292036771774292,0.13073256611824036,2104,-13.02315242,0.02,150.0
6779,42120,2106,6,-2.097172260284424,0.5737984776496887,0.0007,0.6857985258102417,0.7211638689041138,2105,-13.02315242,0.02,150.0
6779,42140,2107,6,-2.1178832054138184,0.06129519268870354,0.0007,0.9633155465126038,-0.15042811632156372,2106,-13.02315242,0.02,150.0
6779,42160,2108,6,-2.1420891284942627,0.2516370713710785,0.0007,0.9066611528396606,0.02641012705862522,2107,-13.02315242,0.02,150.0
6780,42180,2109,6,-2.0984559059143066,3.623009204864502,0.0007,-0.156752347946167,1.084193468093872,2108,-13.02315242,0.02,150.0
6780,42200,2110,6,-2.1390655040740967,0.18007847666740417,0.0007,0.9671570658683777,-0.7287894487380981,2109,-13.02315242,0.02,150.0
6781,42220,2111,6,-2.1440799236297607,0.22317150235176086,0.0007,0.8397904634475708,-0.014022791758179665,2110,-13.02315242,0.02,150.0
6781,42240,2112,6,-2.093179225921631,0.09443269670009613,0.0007,0.7434250712394714,0.07957877218723297,2111,-13.02315242,0.02,150.0
6782,42260,2113,6,-2.0651938915252686,0.1242932677268982,0.0007,-0.019755005836486816,-0.02066519297659397,2112,-13.02315242,0.02,150.0
6782,42280,2114,6,-2.1119329929351807,0.12646710872650146,0.0007,0.7218348979949951,0.37323325872421265,2113,-13.02315242,0.02,150.0
6783,42300,2115,6,-2.054105758666992,0.16744057834148407,0.0007,0.20964652299880981,0.00508476048707962,2114,-13.02315242,0.02,150.0
6783,42320,2116,6,-1.9069818258285522,0.6692678332328796,0.0007,-0.43087315559387207,1.1980249881744385,2115,-13.02315242,0.02,150.0
6784,42340,2117,6,-1.9135627746582031,1.265851616859436,0.0007,0.3833833336830139,1.075439214706421,2116,-13.02315242,0.02,150.0
6784,42360,2118,6,-1.9681923389434814,0.5964582562446594,0.0007,-0.21941137313842773,0.5404911041259766,2117,-13.02315242,0.02,150.0
6785,42380,2119,6,-2.0113797187805176,0.10531891882419586,0.0007,0.5990611910820007,0.17309604585170746,2118,-13.02315242,0.02,150.0
6785,42400,2120,6,-1.9704921245574951,0.4200673997402191,0.0007,0.5039215087890625,0.3588995933532715,2119,-13.02315242,0.02,150.0
6785,42420,2121,6,-1.9713197946548462,0.15158937871456146,0.0007,-2.829937696456909,0.03318048641085625,2120,-13.02315242,0.02,150.0
6786,42440,2122,6,-2.013692855834961,0.1252397894859314,0.0007,0.29331719875335693,-0.4925173819065094,2121,-13.02315242,0.02,150.0
6786,42460,2123,6,-2.06360125541687,0.2627153992652893,0.0007,-1.416214942932129,-0.48184338212013245,2122,-13.02315242,0.02,150.0
6787,42480,2124,6,-2.087214708328247,0.3163549304008484,0.0007,-0.6523882150650024,-0.6396700739860535,2123,-13.02315242,0.02,150.0
6787,42500,2125,6,-2.1169965267181396,0.10497095435857773,0.0007,0.02107185125350952,-0.5581740736961365,2124,-13.02315242,0.02,150.0
6788,42520,2126,6,-2.10652494430542,0.16233240067958832,0.0007,0.012396097183227539,-0.5879306793212891,2125,-13.02315242,0.02,150.0
6788,42540,2127,6,-2.0819578170776367,0.24226105213165283,0.0007,0.021932005882263184,-0.23185424506664276,2126,-13.02315242,0.02,150.0
6789,42560,2128,6,-2.067141056060791,0.13237780332565308,0.0007,0.1706046462059021,-0.4885953962802887,2127,-13.02315242,0.02,150.0
6789,42580,2129,6,-1.9950348138809204,0.08931942284107208,0.0007,0.13510912656784058,-0.23111438751220703,2128,-13.02315242,0.02,150.0
6789,42600,2130,6,-2.082183599472046,0.04687768593430519,0.0007,0.10589748620986938,-0.24929185211658478,2129,-13.278967200000002,0.02,150.0
6789,42620,2131,6,-2.124537706375122,0.09408681094646454,0.0007,0.19690662622451782,-0.18829329311847687,2130,-13.278967200000002,0.02,150.0
6790,42640,2132,6,-2.0262629985809326,0.0571587011218071,0.0007,0.766975998878479,-0.2981981635093689,2131,-13.278967200000002,0.02,150.0
6790,42660,2133,6,-2.0674328804016113,0.1626768410205841,0.0007,0.7068287134170532,0.4477948248386383,2132,-13.278967200000002,0.02,150.0
6791,42680,2134,6,-2.0702157020568848,0.0385139063000679,0.0007,0.952488362789154,-0.3022375702857971,2133,-13.278967200000002,0.02,150.0
6791,42700,2135,6,-2.096036434173584,0.06360114365816116,0.0007,0.9483329653739929,0.4040701985359192,2134,-13.278967200000002,0.02,150.0
6792,42720,2136,6,-2.1014914512634277,0.10602861642837524,0.0007,0.888863205909729,0.3380657136440277,2135,-13.278967200000002,0.02,150.0
6792,42740,2137,6,-2.11803936958313,0.18695376813411713,0.0007,0.7718260884284973,0.042605359107255936,2136,-13.278967200000002,0.02,150.0
6792,42760,2138,6,-2.1084206104278564,0.5851961970329285,0.0007,-0.646735429763794,0.5480207204818726,2137,-13.278967200000002,0.02,150.0
6793,42780,2139,6,-2.110149621963501,0.37518349289894104,0.0007,0.8282195329666138,-0.2607235014438629,2138,-13.278967200000002,0.02,150.0
6793,42800,2140,6,-2.1222000122070312,2.997544765472412,0.0007,-2.8561277389526367,1.5922069549560547,2139,-13.278967200000002,0.02,150.0
6794,42820,2141,6,-2.117631435394287,1.0853182077407837,0.0007,0.6372151970863342,-0.3964367210865021,2140,-13.278967200000002,0.02,150.0
6794,42840,2142,6,-2.107567310333252,0.5572362542152405,0.0007,0.9054519534111023,-1.1348028182983398,2141,-13.278967200000002,0.02,150.0
6795,42860,2143,6,-2.1131997108459473,0.5054066777229309,0.0007,0.5652700662612915,-0.4271969795227051,2142,-13.278967200000002,0.02,150.0
6795,42880,2144,6,-2.081712245941162,0.22246210277080536,0.0007,0.887721836566925,-0.7127547264099121,2143,-13.278967200000002,0.02,150.0
6795,42900,2145,6,-2.0981879234313965,0.15933111310005188,0.0007,0.8813279867172241,-0.37775564193725586,2144,-13.278967200000002,0.02,150.0
6796,42920,2146,6,-2.0781259536743164,0.13346868753433228,0.0007,0.8635658025741577,-0.34451860189437866,2145,-13.278967200000002,0.02,150.0
6796,42940,2147,6,-2.0076851844787598,1.9259192943572998,0.0007,0.4994441270828247,1.4618027210235596,2146,-13.278967200000002,0.02,150.0
6797,42960,2148,6,-2.06095814704895,1.0584532022476196,0.0007,0.7220417857170105,0.41857069730758667,2147,-13.278967200000002,0.02,150.0
6797,42980,2149,6,-2.088858127593994,0.31975990533828735,0.0007,0.9139271974563599,0.5274799466133118,2148,-13.278967200000002,0.02,150.0
6798,43000,2150,6,-2.031931161880493,1.6332508325576782,0.0007,0.8157995939254761,1.334337592124939,2149,-13.278967200000002,0.02,150.0
6798,43020,2151,6,-2.0421550273895264,0.6807593107223511,0.0007,0.8520545959472656,0.8234211206436157,2150,-13.278967200000002,0.02,150.0
6799,43040,2152,6,-2.098923921585083,0.18071043491363525,0.0007,0.9466168284416199,0.28356969356536865,2151,-13.278967200000002,0.02,150.0
6799,43060,2153,6,-2.118325710296631,0.09680932760238647,0.0007,0.9668514132499695,-0.29328811168670654,2152,-13.278967200000002,0.02,150.0
6800,43080,2154,6,-2.1100172996520996,0.31788742542266846,0.0007,0.6441011428833008,0.0924386978149414,2153,-13.278967200000002,0.02,150.0
6800,43100,2155,6,-2.081801414489746,1.0174846649169922,0.0007,-0.40002012252807617,0.6966403722763062,2154,-13.278967200000002,0.02,150.0
6801,43120,2156,6,-1.99844229221344,0.21325597167015076,0.0007,0.3398393392562866,0.1777832806110382,2155,-13.278967200000002,0.02,150.0
6801,43140,2157,6,-2.0614209175109863,0.21805410087108612,0.0007,0.2618046998977661,-0.17878589034080505,2156,-13.278967200000002,0.02,150.0
6802,43160,2158,6,-1.9491004943847656,0.08338440954685211,0.0007,0.4875805974006653,0.16367313265800476,2157,-13.278967200000002,0.02,150.0
6802,43180,2159,6,-1.9671218395233154,0.256754606962204,0.0007,0.07454162836074829,0.21466036140918732,2158,-13.278967200000002,0.02,150.0
6802,43200,2160,6,-1.9844146966934204,0.01653779111802578,0.0007,0.6391832828521729,0.09019356220960617,2159,-12.948329039999999,0.02,150.0
6803,43220,2161,6,-1.9984729290008545,0.004518389701843262,0.0007,0.8395978808403015,0.08568708598613739,2160,-12.948329039999999,0.02,150.0
6803,43240,2162,6,-1.9335578680038452,0.14536979794502258,0.0007,0.8509040474891663,0.25129836797714233,2161,-12.948329039999999,0.02,150.0
6803,43260,2163,6,-1.9431731700897217,0.07901155948638916,0.0007,0.9573720693588257,-0.03348973020911217,2162,-12.948329039999999,0.02,150.0
6804,43280,2164,6,-1.997947335243225,0.3501962125301361,0.0007,0.9314314723014832,-0.4783870279788971,2163,-12.948329039999999,0.02,150.0
6804,43300,2165,6,-2.0273022651672363,0.08788545429706573,0.0007,0.9881195425987244,-0.39113402366638184,2164,-12.948329039999999,0.02,150.0
6805,43320,2166,6,-2.0588958263397217,0.07725675404071808,0.0007,0.9812232851982117,0.26667895913124084,2165,-12.948329039999999,0.02,150.0
6805,43340,2167,6,-2.061223268508911,0.1475004404783249,0.0007,0.952451229095459,-0.22151441872119904,2166,-12.948329039999999,0.02,150.0
6806,43360,2168,6,-2.0678486824035645,0.4345279633998871,0.0007,0.7954686880111694,0.7058910131454468,2167,-12.948329039999999,0.02,150.0
6806,43380,2169,6,-2.0273871421813965,1.1905934810638428,0.0007,-0.014063596725463867,0.9578120112419128,2168,-12.948329039999999,0.02,150.0
6807,43400,2170,6,-1.9789073467254639,2.221907138824463,0.0007,-1.5218157768249512,1.6879180669784546,2169,-12.948329039999999,0.02,150.0
6807,43420,2171,6,-2.0367789268493652,0.1973603218793869,0.0007,0.06270921230316162,0.24236460030078888,2170,-12.948329039999999,0.02,150.0
6808,43440,2172,6,-2.0868964195251465,0.9830009341239929,0.0007,-0.036675214767456055,0.7203773260116577,2171,-12.948329039999999,0.02,150.0
6808,43460,2173,6,-2.1013526916503906,0.24144181609153748,0.0007,0.763085663318634,0.1529449224472046,2172,-12.948329039999999,0.02,150.0
6809,43480,2174,6,-1.931823492050171,0.4762883186340332,0.0007,0.6815454959869385,0.06583058834075928,2173,-12.948329039999999,0.02,150.0
6809,43500,2175,6,-2.017346143722534,0.3441748321056366,0.0007,0.8712823987007141,-0.4552474617958069,2174,-12.948329039999999,0.02,150.0
6809,43520,2176,6,-2.022625207901001,0.5970333218574524,0.0007,0.7039331197738647,0.2646043300628662,2175,-12.948329039999999,0.02,150.0
6810,43540,2177,6,-2.073472499847412,0.30518120527267456,0.0007,0.8626034259796143,-0.1698794960975647,2176,-12.948329039999999,0.02,150.0
6810,43560,2178,6,-2.1048812866210938,0.4318338930606842,0.0007,0.935560941696167,-1.2193384170532227,2177,-12.948329039999999,0.02,150.0
6810,43580,2179,6,-2.1212000846862793,0.21838848292827606,0.0007,0.9687641859054565,-0.7993249893188477,2178,-12.948329039999999,0.02,150.0
6810,43600,2180,6,-2.1120877265930176,0.1382812112569809,0.0007,0.9655202627182007,-0.5805861353874207,2179,-12.948329039999999,0.02,150.0
6810,43620,2181,6,-2.117114305496216,0.25005045533180237,0.0007,0.930610179901123,-0.8017114400863647,2180,-12.948329039999999,0.02,150.0
6810,43640,2182,6,-2.0901618003845215,0.15895797312259674,0.0007,0.8934398889541626,-0.4811074137687683,2181,-12.948329039999999,0.02,150.0
6809,43660,2183,6,-2.0678679943084717,0.15315158665180206,0.0007,0.8834841847419739,-0.4445333480834961,2182,-12.948329039999999,0.02,150.0
6809,43680,2184,6,-2.0507521629333496,0.09764071553945541,0.0007,0.6203421950340271,-0.06988700479269028,2183,-12.948329039999999,0.02,150.0
6809,43700,2185,6,-1.9821617603302002,0.04079417139291763,0.0007,0.8482515811920166,0.005944365169852972,2184,-12.948329039999999,0.02,150.0
6808,43720,2186,6,-2.012305736541748,0.11019861698150635,0.0007,0.8120174407958984,-0.3087800145149231,2185,-12.948329039999999,0.02,150.0
6808,43740,2187,6,-1.9965158700942993,0.0935894101858139,0.0007,0.8107848167419434,-0.5100379586219788,2186,-12.948329039999999,0.02,150.0
6809,43760,2188,6,-1.994482398033142,0.08995532989501953,0.0007,0.7661250829696655,-0.42980021238327026,2187,-12.948329039999999,0.02,150.0
6809,43780,2189,6,-2.0294573307037354,0.04634213075041771,0.0007,0.9065172672271729,-0.3792751431465149,2188,-12.948329039999999,0.02,150.0
6809,43800,2190,6,-2.051543712615967,0.02345658279955387,0.0007,0.7640459537506104,-0.0828172117471695,2189,-13.446916620000001,0.02,150.0
6810,43820,2191,6,-2.084049701690674,0.04958527535200119,0.0007,0.4128832221031189,-0.039568942040205,2190,-13.446916620000001,0.02,150.0
6810,43840,2192,6,-1.986127257347107,0.2774760127067566,0.0007,0.6955156326293945,-0.6965216398239136,2191,-13.446916620000001,0.02,150.0
6811,43860,2193,6,-1.977412462234497,0.09412936121225357,0.0007,0.8512397408485413,-0.332003653049469,2192,-13.446916620000001,0.02,150.0
6811,43880,2194,6,-2.0241596698760986,0.09152984619140625,0.0007,0.8445709943771362,-0.26120835542678833,2193,-13.446916620000001,0.02,150.0
6812,43900,2195,6,-2.047828197479248,0.13382843136787415,0.0007,0.7552294731140137,0.15651758015155792,2194,-13.446916620000001,0.02,150.0
6812,43920,2196,6,-2.0450100898742676,0.20662319660186768,0.0007,0.8509738445281982,0.511073648929596,2195,-13.446916620000001,0.02,150.0
6813,43940,2197,6,-2.010373830795288,0.6090661883354187,0.0007,0.813480019569397,0.29241061210632324,2196,-13.446916620000001,0.02,150.0
6813,43960,2198,6,-2.014310121536255,0.2256903201341629,0.0007,0.9675920009613037,0.7354117631912231,2197,-13.446916620000001,0.02,150.0
6814,43980,2199,6,-1.9927036762237549,0.6029766798019409,0.0007,0.8772625923156738,0.9855473637580872,2198,-13.446916620000001,0.02,150.0
6814,44000,2200,6,-2.0049593448638916,0.109249547123909,0.0007,0.9721758365631104,0.08411112427711487,2199,-13.446916620000001,0.02,150.0
6814,44020,2201,6,-2.0411293506622314,0.4232119619846344,0.0007,0.9450891613960266,0.18688856065273285,2200,-13.446916620000001,0.02,150.0
6815,44040,2202,6,-1.9992759227752686,2.548672676086426,0.0007,0.9033189415931702,2.005833387374878,2201,-13.446916620000001,0.02,150.0
6815,44060,2203,6,-2.034862995147705,0.3647647202014923,0.0007,0.97966468334198,-0.1048179417848587,2202,-13.446916620000001,0.02,150.0
6816,44080,2204,6,-2.0967936515808105,0.40196162462234497,0.0007,0.9814977049827576,0.16078323125839233,2203,-13.446916620000001,0.02,150.0
6816,44100,2205,6,-2.088165760040283,0.7690860033035278,0.0007,0.9889310598373413,1.440090537071228,2204,-13.446916620000001,0.02,150.0
6817,44120,2206,6,-2.0889079570770264,0.36174851655960083,0.0007,0.9911542534828186,-0.4033529758453369,2205,-13.446916620000001,0.02,150.0
6817,44140,2207,6,-2.031787395477295,2.7862677574157715,0.0007,0.9618175625801086,2.421957015991211,2206,-13.446916620000001,0.02,150.0
6818,44160,2208,6,-2.050506114959717,1.9373185634613037,0.0007,0.9612352848052979,0.6469995379447937,2207,-13.446916620000001,0.02,150.0
6818,44180,2209,6,-2.1127965450286865,0.35478726029396057,0.0007,0.9960723519325256,-0.8713529706001282,2208,-13.446916620000001,0.02,150.0
6818,44200,2210,6,-2.05914306640625,0.48783382773399353,0.0007,0.9908110499382019,0.6890667676925659,2209,-13.446916620000001,0.02,150.0
6819,44220,2211,6,-2.092844247817993,0.2614148259162903,0.0007,0.9962778687477112,-0.672270655632019,2210,-13.446916620000001,0.02,150.0
6819,44240,2212,6,-2.056414842605591,0.36015981435775757,0.0007,0.9904841184616089,0.2739291489124298,2211,-13.446916620000001,0.02,150.0
6820,44260,2213,6,-2.1020984649658203,0.11183951050043106,0.0007,0.9978128671646118,-0.4583705961704254,2212,-13.446916620000001,0.02,150.0
6820,44280,2214,6,-2.0807688236236572,0.11424293369054794,0.0007,0.9981398582458496,-0.4824356436729431,2213,-13.446916620000001,0.02,150.0
6821,44300,2215,6,-2.0598549842834473,0.768038272857666,0.0007,0.9627720713615417,0.3463064134120941,2214,-13.446916620000001,0.02,150.0
6821,44320,2216,6,-2.0883967876434326,0.07325341552495956,0.0007,0.9972208738327026,-0.32432985305786133,2215,-13.446916620000001,0.02,150.0
6822,44340,2217,6,-2.1241869926452637,0.07429860532283783,0.0007,0.9956719279289246,-0.20956048369407654,2216,-13.446916620000001,0.02,150.0
6822,44360,2218,6,-2.0534145832061768,0.1760941594839096,0.0007,0.9886714816093445,-0.1700167953968048,2217,-13.446916620000001,0.02,150.0
6823,44380,2219,6,-2.034188985824585,0.2029411792755127,0.0007,0.986076295375824,-0.44508248567581177,2218,-13.446916620000001,0.02,150.0
6823,44400,2220,6,-2.05118989944458,0.07625273615121841,0.0007,0.9949970841407776,-0.3893589973449707,2219,-13.168948269999998,0.02,150.0
6823,44420,2221,6,-2.0254950523376465,0.08302616328001022,0.0007,0.9917870759963989,-0.27522167563438416,2220,-13.168948269999998,0.02,150.0
6823,44440,2222,6,-2.0739035606384277,0.07754245400428772,0.0007,0.9553816318511963,-0.30119386315345764,2221,-13.168948269999998,0.02,150.0
6824,44460,2223,6,-2.0767781734466553,0.13241903483867645,0.0007,0.8924499750137329,-0.4353180527687073,2222,-13.168948269999998,0.02,150.0
6825,44480,2224,6,-2.1066982746124268,0.31119900941848755,0.0007,0.13568782806396484,-0.6311566233634949,2223,-13.168948269999998,0.02,150.0
6825,44500,2225,6,-2.1169886589050293,0.09248799830675125,0.0007,0.8334599137306213,0.061420269310474396,2224,-13.168948269999998,0.02,150.0
6826,44520,2226,6,-2.0980873107910156,0.06471936404705048,0.0007,0.9792436957359314,0.42773836851119995,2225,-13.168948269999998,0.02,150.0
6826,44540,2227,6,-2.1152594089508057,0.08706619590520859,0.0007,0.9701293706893921,0.10667058080434799,2226,-13.168948269999998,0.02,150.0
6827,44560,2228,6,-2.1225905418395996,0.33354100584983826,0.0007,0.9328659772872925,0.09801554679870605,2227,-13.168948269999998,0.02,150.0
6827,44580,2229,6,-2.0964367389678955,0.8608919978141785,0.0007,0.8704239726066589,0.7785025835037231,2228,-13.168948269999998,0.02,150.0
6828,44600,2230,6,-2.118870496749878,0.18767039477825165,0.0007,0.9835079908370972,-0.6353867053985596,2229,-13.168948269999998,0.02,150.0
6828,44620,2231,6,-2.134256362915039,0.06315632164478302,0.0007,0.9907301664352417,-0.15791957080364227,2230,-13.168948269999998,0.02,150.0
6829,44640,2232,6,-2.1283743381500244,0.06632082164287567,0.0007,0.992764413356781,-0.23873667418956757,2231,-13.168948269999998,0.02,150.0
6829,44660,2233,6,-2.124655246734619,0.0724361464381218,0.0007,0.9958180785179138,-0.4664473533630371,2232,-13.168948269999998,0.02,150.0
6830,44680,2234,6,-2.0941500663757324,0.04594633728265762,0.0007,0.9894312620162964,-0.05141700059175491,2233,-13.168948269999998,0.02,150.0
6830,44700,2235,6,-2.0081002712249756,0.7532153725624084,0.0007,0.7104871273040771,0.29770809412002563,2234,-13.168948269999998,0.02,150.0
6830,44720,2236,6,-1.992661714553833,0.07877509295940399,0.0007,0.943433940410614,0.186129629611969,2235,-13.168948269999998,0.02,150.0
6831,44740,2237,6,-1.9813998937606812,0.10470002889633179,0.0007,0.9080235362052917,0.19080376625061035,2236,-13.168948269999998,0.02,150.0
6831,44760,2238,6,-2.033703088760376,0.1707083135843277,0.0007,0.8962817192077637,0.05211756378412247,2237,-13.168948269999998,0.02,150.0
6832,44780,2239,6,-2.0533814430236816,0.19008177518844604,0.0007,0.7084574699401855,-0.3481706976890564,2238,-13.168948269999998,0.02,150.0
6832,44800,2240,6,-2.091798782348633,0.05910709500312805,0.0007,0.7126767635345459,-0.048162855207920074,2239,-13.168948269999998,0.02,150.0
6833,44820,2241,6,-2.1169486045837402,0.13028497993946075,0.0007,0.21183866262435913,-0.06711030006408691,2240,-13.168948269999998,0.02,150.0
6833,44840,2242,6,-2.084594249725342,1.4608616828918457,0.0007,-0.13461899757385254,0.999191403388977,2241,-13.168948269999998,0.02,150.0
6834,44860,2243,6,-2.0557072162628174,0.17817892134189606,0.0007,-0.2738614082336426,0.40835246443748474,2242,-13.168948269999998,0.02,150.0
6834,44880,2244,6,-2.0736262798309326,0.0175924152135849,0.0007,0.2167087197303772,0.0575469508767128,2243,-13.168948269999998,0.02,150.0
6834,44900,2245,6,-2.0393595695495605,0.1126570850610733,0.0007,-0.20817744731903076,0.058587800711393356,2244,-13.168948269999998,0.02,150.0
6834,44920,2246,6,-2.0677149295806885,0.038464657962322235,0.0007,-0.49818313121795654,-0.1449771374464035,2245,-13.168948269999998,0.02,150.0
6835,44940,2247,6,-2.0885140895843506,0.03122253343462944,0.0007,0.041721999645233154,0.08466322720050812,2246,-13.168948269999998,0.02,150.0
6835,44960,2248,6,-2.049694061279297,0.02154211513698101,0.0007,-0.015376567840576172,-0.010982900857925415,2247,-13.168948269999998,0.02,150.0
6836,44980,2249,6,-2.0744729042053223,0.02651778981089592,0.0007,-0.022035837173461914,0.13646428287029266,2248,-13.168948269999998,0.02,150.0
6836,45000,2250,6,-2.0866432189941406,0.032888226211071014,0.0007,-0.08837223052978516,0.017670264467597008,2249,-13.40488531,0.02,150.0
6836,45020,2251,6,-2.1267542839050293,0.12758156657218933,0.0007,-0.019942283630371094,-0.21611957252025604,2250,-13.40488531,0.02,150.0
6837,45040,2252,6,-2.073213577270508,0.1366107016801834,0.0007,0.7646619081497192,0.14983618259429932,2251,-13.40488531,0.02,150.0
6837,45060,2253,6,-2.1105542182922363,0.1976907104253769,0.0007,0.9443325400352478,-0.7644304037094116,2252,-13.40488531,0.02,150.0
6838,45080,2254,6,-2.111927032470703,0.1867639720439911,0.0007,0.8420126438140869,-0.02414574660360813,2253,-13.40488531,0.02,150.0
6838,45100,2255,6,-2.1243350505828857,0.09282596409320831,0.0007,0.944131076335907,0.032870154827833176,2254,-13.40488531,0.02,150.0
6839,45120,2256,6,-2.1438210010528564,0.23653535544872284,0.0007,0.9279599189758301,0.4519142508506775,2255,-13.40488531,0.02,150.0
6839,45140,2257,6,-2.156034469604492,0.09063275903463364,0.0007,0.9727926850318909,-0.2691746950149536,2256,-13.40488531,0.02,150.0
6840,45160,2258,6,-2.1349985599517822,0.07802358269691467,0.0007,0.9694650769233704,-0.17090599238872528,2257,-13.40488531,0.02,150.0
6841,45180,2259,6,-2.1213574409484863,0.33373406529426575,0.0007,0.8769229054450989,0.5975335240364075,2258,-13.40488531,0.02,150.0
6841,45200,2260,6,-2.1245510578155518,0.24612419307231903,0.0007,0.9632308483123779,0.8530235290527344,2259,-13.40488531,0.02,150.0
6842,45220,2261,6,-2.124384641647339,0.26930364966392517,0.0007,0.8341078162193298,0.3153271973133087,2260,-13.40488531,0.02,150.0
6842,45240,2262,6,-2.0807297229766846,3.4819114208221436,0.0007,0.5264554023742676,2.1818830966949463,2261,-13.40488531,0.02,150.0
6842,45260,2263,6,-2.1185975074768066,4.020122528076172,0.0007,0.5816619992256165,2.0049257278442383,2262,-13.40488531,0.02,150.0
6843,45280,2264,6,-2.127727746963501,0.6577392816543579,0.0007,0.9127762913703918,1.1108200550079346,2263,-13.40488531,0.02,150.0
6843,45300,2265,6,-2.134052038192749,1.9255001544952393,0.0007,0.8709980249404907,0.7225066423416138,2264,-13.40488531,0.02,150.0
6844,45320,2266,6,-2.139782428741455,0.16790349781513214,0.0007,0.9967795014381409,-0.7512643337249756,2265,-13.40488531,0.02,150.0
6844,45340,2267,6,-2.136760950088501,0.19176122546195984,0.0007,0.9843541383743286,-0.0929514616727829,2266,-13.40488531,0.02,150.0
6844,45360,2268,6,-2.1395764350891113,1.665822982788086,0.0007,0.8353077173233032,0.46787381172180176,2267,-13.40488531,0.02,150.0
6845,45380,2269,6,-2.139702558517456,0.42796841263771057,0.0007,0.951885998249054,-0.3848225474357605,2268,-13.40488531,0.02,150.0
6845,45400,2270,6,-2.1224260330200195,0.4557505249977112,0.0007,0.8861033916473389,-0.3523111045360565,2269,-13.40488531,0.02,150.0
6845,45420,2271,6,-2.1360599994659424,0.4044947028160095,0.0007,0.8187741041183472,-0.6849679946899414,2270,-13.40488531,0.02,150.0
6845,45440,2272,6,-2.142580509185791,0.1259201318025589,0.0007,0.8887030482292175,-0.21900761127471924,2271,-13.40488531,0.02,150.0
6845,45460,2273,6,-2.1279149055480957,0.2333991527557373,0.0007,0.1187816858291626,0.16427263617515564,2272,-13.40488531,0.02,150.0
6845,45480,2274,6,-2.1245388984680176,0.03904028981924057,0.0007,0.7518308162689209,-0.28249701857566833,2273,-13.40488531,0.02,150.0
6846,45500,2275,6,-2.1129066944122314,0.11341215670108795,0.0007,-0.02988898754119873,-0.01413015741854906,2274,-13.40488531,0.02,150.0
6845,45520,2276,6,-2.073136806488037,0.02748284861445427,0.0007,-0.6956814527511597,0.07981616258621216,2275,-13.40488531,0.02,150.0
6845,45540,2277,6,-2.106055498123169,0.2930942177772522,0.0007,0.052075326442718506,0.33499473333358765,2276,-13.40488531,0.02,150.0
6845,45560,2278,6,-2.102849245071411,0.07393070310354233,0.0007,0.032013535499572754,-0.4270628094673157,2277,-13.40488531,0.02,150.0
6845,45580,2279,6,-2.1151225566864014,0.016368506476283073,0.0007,-0.25448036193847656,-0.07676622271537781,2278,-13.40488531,0.02,150.0
6844,45600,2280,6,-2.1000468730926514,0.05731745809316635,0.0007,-0.19865763187408447,-0.3590523898601532,2279,-13.237727600000001,0.02,150.0
6843,45620,2281,6,-2.1093087196350098,0.059664011001586914,0.0007,0.031292617321014404,-0.08203907310962677,2280,-13.237727600000001,0.02,150.0
6843,45640,2282,6,-2.0250818729400635,0.2054395228624344,0.0007,0.8116594552993774,-0.11390934139490128,2281,-13.237727600000001,0.02,150.0
6842,45660,2283,6,-1.9672445058822632,0.1321837157011032,0.0007,0.8931697607040405,-0.3038949966430664,2282,-13.237727600000001,0.02,150.0
6840,45680,2284,6,-1.9612560272216797,0.047250859439373016,0.0007,0.9712682962417603,0.16720442473888397,2283,-13.237727600000001,0.02,150.0
6833,45700,2285,6,-2.0194430351257324,0.16053560376167297,0.0007,0.9612514972686768,-0.5973258018493652,2284,-13.237727600000001,0.02,150.0
6830,45720,2286,6,-2.0419793128967285,0.33059993386268616,0.0007,0.7831178903579712,0.31184443831443787,2285,-13.237727600000001,0.02,150.0
6829,45740,2287,6,-2.0257933139801025,0.13476422429084778,0.0007,0.974087119102478,0.5886590480804443,2286,-13.237727600000001,0.02,150.0
6827,45760,2288,6,-2.035256862640381,0.40455326437950134,0.0007,0.9043053388595581,-0.7418627142906189,2287,-13.237727600000001,0.02,150.0
6826,45780,2289,6,-2.0591416358947754,0.2470913678407669,0.0007,0.8990440964698792,-0.2412300556898117,2288,-13.237727600000001,0.02,150.0
6824,45800,2290,6,-2.056074619293213,0.17492994666099548,0.0007,0.8988431692123413,0.12248840183019638,2289,-13.237727600000001,0.02,150.0
6823,45820,2291,6,-2.050896644592285,0.35056307911872864,0.0007,0.7860704064369202,0.38914239406585693,2290,-13.237727600000001,0.02,150.0
6822,45840,2292,6,-2.003910541534424,0.07962661981582642,0.0007,0.9801980257034302,0.4323323369026184,2291,-13.237727600000001,0.02,150.0
6821,45860,2293,6,-2.038491725921631,0.2633081078529358,0.0007,0.916763186454773,0.4758574068546295,2292,-13.237727600000001,0.02,150.0
6821,45880,2294,6,-2.0016417503356934,1.7410968542099,0.0007,0.7874928116798401,1.134368896484375,2293,-13.237727600000001,0.02,150.0
6821,45900,2295,6,-1.9859130382537842,0.18307842314243317,0.0007,0.9611355066299438,0.10276173055171967,2294,-13.237727600000001,0.02,150.0
6821,45920,2296,6,-1.9376840591430664,0.2117273062467575,0.0007,0.9621096849441528,-0.10541360080242157,2295,-13.237727600000001,0.02,150.0
6820,45940,2297,6,-1.9704927206039429,0.037119973450899124,0.0007,0.9934811592102051,-0.10724610090255737,2296,-13.237727600000001,0.02,150.0
6820,45960,2298,6,-2.0482096672058105,0.1342076063156128,0.0007,0.9695839881896973,0.32950225472450256,2297,-13.237727600000001,0.02,150.0
6820,45980,2299,6,-1.9758869409561157,0.1512315422296524,0.0007,0.9621980786323547,-0.20428936183452606,2298,-13.237727600000001,0.02,150.0
6820,46000,2300,6,-2.089228868484497,0.09649310261011124,0.0007,0.9705199599266052,-0.5170103907585144,2299,-13.237727600000001,0.02,150.0
6820,46020,2301,6,-2.0195257663726807,0.152796670794487,0.0007,0.8599138259887695,0.09223015606403351,2300,-13.237727600000001,0.02,150.0
6820,46040,2302,6,-2.011420965194702,0.04292849823832512,0.0007,0.9813920855522156,-0.28991320729255676,2301,-13.237727600000001,0.02,150.0
6820,46060,2303,6,-2.0359489917755127,0.028756994754076004,0.0007,0.9606878161430359,-0.19112034142017365,2302,-13.237727600000001,0.02,150.0
6820,46080,2304,6,-2.0426864624023438,0.041906628757715225,0.0007,0.8286030292510986,-0.23067057132720947,2303,-13.237727600000001,0.02,150.0
6820,46100,2305,6,-2.0123181343078613,0.033641267567873,0.0007,0.8323941230773926,-0.15298624336719513,2304,-13.237727600000001,0.02,150.0
6820,46120,2306,6,-2.0833282470703125,0.02609196864068508,0.0007,0.8594821691513062,-0.2849870026111603,2305,-13.237727600000001,0.02,150.0
6820,46140,2307,6,-2.1190271377563477,0.05303378775715828,0.0007,0.5712796449661255,-0.14187142252922058,2306,-13.237727600000001,0.02,150.0
6820,46160,2308,6,-2.110626697540283,0.008969651535153389,0.0007,0.7065504789352417,0.024743854999542236,2307,-13.237727600000001,0.02,150.0
6821,46180,2309,6,-2.109971523284912,0.01604171097278595,0.0007,0.7882492542266846,-0.1942131668329239,2308,-13.237727600000001,0.02,150.0
6821,46200,2310,6,-2.1167232990264893,0.018601788207888603,0.0007,0.7197338342666626,-0.21431675553321838,2309,-13.55795021,0.02,150.0
6821,46220,2311,6,-2.1114792823791504,0.009070268832147121,0.0007,0.45634448528289795,-0.06386563181877136,2310,-13.55795021,0.02,150.0
6822,46240,2312,6,-2.0649642944335938,0.12478842586278915,0.0007,0.9066275954246521,0.4785025119781494,2311,-13.55795021,0.02,150.0
6822,46260,2313,6,-2.074416399002075,0.38394805788993835,0.0007,0.8616607785224915,-0.8424951434135437,2312,-13.55795021,0.02,150.0
6822,46280,2314,6,-2.0862579345703125,0.25190964341163635,0.0007,0.9109981060028076,0.22778430581092834,2313,-13.55795021,0.02,150.0
6823,46300,2315,6,-2.0718917846679688,0.11937178671360016,0.0007,0.9746738076210022,-0.15518184006214142,2314,-13.55795021,0.02,150.0
6823,46320,2316,6,-2.063382863998413,0.2412557601928711,0.0007,0.9674715399742126,0.31705331802368164,2315,-13.55795021,0.02,150.0
6823,46340,2317,6,-2.1066291332244873,0.2520730495452881,0.0007,0.9774786233901978,-0.12106984853744507,2316,-13.55795021,0.02,150.0
6824,46360,2318,6,-2.08263897895813,0.4454290270805359,0.0007,0.9758926033973694,0.22676832973957062,2317,-13.55795021,0.02,150.0
6824,46380,2319,6,-2.1130173206329346,0.3544990122318268,0.0007,0.9912726879119873,0.5698708295822144,2318,-13.55795021,0.02,150.0
6824,46400,2320,6,-2.1281845569610596,0.10982825607061386,0.0007,0.9966852068901062,0.24214725196361542,2319,-13.55795021,0.02,150.0
6825,46420,2321,6,-2.1630420684814453,1.0070571899414062,0.0007,0.9816839098930359,0.568158745765686,2320,-13.55795021,0.02,150.0
6825,46440,2322,6,-2.172194004058838,0.21895352005958557,0.0007,0.9965114593505859,-0.321577787399292,2321,-13.55795021,0.02,150.0
6826,46460,2323,6,-2.1711885929107666,0.07002164423465729,0.0007,0.9984708428382874,-0.1260436773300171,2322,-13.55795021,0.02,150.0
6826,46480,2324,6,-2.1590816974639893,0.12081271409988403,0.0007,0.9991297721862793,0.635392427444458,2323,-13.55795021,0.02,150.0
6827,46500,2325,6,-2.1146152019500732,2.8461952209472656,0.0007,0.9632378220558167,1.7064481973648071,2324,-13.55795021,0.02,150.0
6827,46520,2326,6,-2.13417387008667,0.5589770078659058,0.0007,0.992841899394989,0.5391007661819458,2325,-13.55795021,0.02,150.0
6827,46540,2327,6,-2.13779616355896,0.07845525443553925,0.0007,0.9991036057472229,-0.2877415716648102,2326,-13.55795021,0.02,150.0
6828,46560,2328,6,-2.1298718452453613,0.08445334434509277,0.0007,0.9983529448509216,-0.10300304740667343,2327,-13.55795021,0.02,150.0
6828,46580,2329,6,-2.1424951553344727,0.5604010820388794,0.0007,0.9932685494422913,1.0727427005767822,2328,-13.55795021,0.02,150.0
6829,46600,2330,6,-2.105689764022827,0.23416638374328613,0.0007,0.9946852326393127,0.08520157635211945,2329,-13.55795021,0.02,150.0
6829,46620,2331,6,-2.137397050857544,0.4866378903388977,0.0007,0.9891034960746765,0.643271803855896,2330,-13.55795021,0.02,150.0
6829,46640,2332,6,-2.1282029151916504,0.09350878745317459,0.0007,0.997816264629364,-0.2199670523405075,2331,-13.55795021,0.02,150.0
6830,46660,2333,6,-2.1020514965057373,0.7314813137054443,0.0007,0.9795117378234863,0.23420119285583496,2332,-13.55795021,0.02,150.0
6830,46680,2334,6,-2.1300547122955322,0.5504008531570435,0.0007,0.9928012490272522,1.1081043481826782,2333,-13.55795021,0.02,150.0
6831,46700,2335,6,-2.06115984916687,1.096832275390625,0.0007,0.9867667555809021,1.1818879842758179,2334,-13.55795021,0.02,150.0
6831,46720,2336,6,-2.0346717834472656,0.18925568461418152,0.0007,0.99810791015625,-0.6125627756118774,2335,-13.55795021,0.02,150.0
6832,46740,2337,6,-2.0534088611602783,5.212445259094238,0.0007,0.9382482767105103,2.8900182247161865,2336,-13.55795021,0.02,150.0
6832,46760,2338,6,-2.1178314685821533,0.1505134254693985,0.0007,0.997427761554718,-0.3789908289909363,2337,-13.55795021,0.02,150.0
6832,46780,2339,6,-2.100806474685669,0.10947021096944809,0.0007,0.9975267052650452,-0.030902866274118423,2338,-13.55795021,0.02,150.0
6833,46800,2340,6,-2.1234097480773926,0.1033913642168045,0.0007,0.9976688027381897,-0.27657660841941833,2339,-12.768125340000001,0.04,150.0
6833,46820,2341,6,-2.0834295749664307,10.964507102966309,0.0007,0.9137253761291504,5.299933910369873,2340,-12.768125340000001,0.04,150.0
6833,46840,2342,6,-2.0330851078033447,0.125043123960495,0.0007,0.9188640713691711,-0.14512614905834198,2341,-12.768125340000001,0.04,150.0
6834,46860,2343,6,-2.0369300842285156,0.13371647894382477,0.0007,0.9606118202209473,-0.27322250604629517,2342,-12.768125340000001,0.04,150.0
6834,46880,2344,6,-2.0675392150878906,0.30527442693710327,0.0007,0.9302822947502136,-0.2758100628852844,2343,-12.768125340000001,0.04,150.0
6835,46900,2345,6,-2.063950538635254,0.25138014554977417,0.0007,0.9632676839828491,-0.6447703242301941,2344,-12.768125340000001,0.04,150.0
6835,46920,2346,6,-2.08689284324646,0.538117527961731,0.0007,0.869215726852417,0.5928622484207153,2345,-12.768125340000001,0.04,150.0
6835,46940,2347,6,-2.0885772705078125,0.9445099830627441,0.0007,0.8764403462409973,-0.3233115077018738,2346,-12.768125340000001,0.04,150.0
6836,46960,2348,6,-2.1059536933898926,0.2047993689775467,0.0007,0.9888274669647217,-0.6727530360221863,2347,-12.768125340000001,0.04,150.0
6836,46980,2349,6,-2.1202492713928223,0.2726280093193054,0.0007,0.9877186417579651,-0.6769722700119019,2348,-12.768125340000001,0.04,150.0
6837,47000,2350,6,-2.1289916038513184,0.20811478793621063,0.0007,0.9889681935310364,-0.5741710662841797,2349,-12.768125340000001,0.04,150.0
6837,47020,2351,6,-2.1208391189575195,0.2037598341703415,0.0007,0.988849401473999,-0.569750189781189,2350,-12.768125340000001,0.04,150.0
6837,47040,2352,6,-2.1122326850891113,0.09173861145973206,0.0007,0.9918892979621887,0.130476176738739,2351,-12.768125340000001,0.04,150.0
6838,47060,2353,6,-2.1232848167419434,0.17865535616874695,0.0007,0.9887410998344421,0.4526495337486267,2352,-12.768125340000001,0.04,150.0
6838,47080,2354,6,-2.053434371948242,1.0939035415649414,0.0007,0.9496865272521973,1.5378363132476807,2353,-12.768125340000001,0.04,150.0
6839,47100,2355,6,-2.130679130554199,0.14404988288879395,0.0007,0.9941662549972534,-0.5332522988319397,2354,-12.768125340000001,0.04,150.0
6839,47120,2356,6,-2.1389594078063965,1.6095209121704102,0.0007,0.9201997518539429,1.3174253702163696,2355,-12.768125340000001,0.04,150.0
6839,47140,2357,6,-2.1414601802825928,0.3533465266227722,0.0007,0.9816480875015259,0.4047146439552307,2356,-12.768125340000001,0.04,150.0
6840,47160,2358,6,-2.125441551208496,1.1010196208953857,0.0007,0.9460819959640503,1.100446105003357,2357,-12.768125340000001,0.04,150.0
6840,47180,2359,6,-2.138392448425293,0.0415600910782814,0.0007,0.997363269329071,0.05790911987423897,2358,-12.768125340000001,0.04,150.0
6840,47200,2360,6,-2.1299924850463867,0.15490999817848206,0.0007,0.9933590888977051,-0.41576582193374634,2359,-12.768125340000001,0.04,150.0
6841,47220,2361,6,-2.1188888549804688,4.076787948608398,0.0007,0.815632164478302,1.516181230545044,2360,-12.768125340000001,0.04,150.0
6841,47240,2362,6,-2.0751142501831055,3.0672073364257812,0.0007,0.8948891758918762,1.4521862268447876,2361,-12.768125340000001,0.04,150.0
6842,47260,2363,6,-2.0829529762268066,0.054053742438554764,0.0007,0.9973225593566895,0.05822203680872917,2362,-12.768125340000001,0.04,150.0
6842,47280,2364,6,-2.085845947265625,1.7769396305084229,0.0007,0.9336183667182922,1.0945806503295898,2363,-12.768125340000001,0.04,150.0
6842,47300,2365,6,-2.1147685050964355,1.4555861949920654,0.0007,0.9423452019691467,1.4736982583999634,2364,-12.768125340000001,0.04,150.0
6843,47320,2366,6,-2.063450336456299,0.22802340984344482,0.0007,0.9916120767593384,0.536450207233429,2365,-12.768125340000001,0.04,150.0
6843,47340,2367,6,-2.0861573219299316,1.8092243671417236,0.0007,0.9623384475708008,1.8024232387542725,2366,-12.768125340000001,0.04,150.0
6844,47360,2368,6,-2.0381197929382324,0.26576852798461914,0.0007,0.9918490052223206,0.23498272895812988,2367,-12.768125340000001,0.04,150.0
6844,47380,2369,6,-2.0802602767944336,0.35505837202072144,0.0007,0.989905059337616,0.45743894577026367,2368,-12.768125340000001,0.04,150.0
6844,47400,2370,6,-2.0260515213012695,1.6291946172714233,0.0007,0.9571745991706848,1.9620739221572876,2369,-12.537849029999997,0.04,150.0
6844,47420,2371,6,-2.0375888347625732,0.10896805673837662,0.0007,0.9969949126243591,0.41949862241744995,2370,-12.537849029999997,0.04,150.0
6845,47440,2372,6,-2.0170340538024902,0.8268314599990845,0.0007,0.3233413100242615,-0.4270557463169098,2371,-12.537849029999997,0.04,150.0
6845,47460,2373,6,-2.0411460399627686,0.1910184621810913,0.0007,0.9278473258018494,-0.6712780594825745,2372,-12.537849029999997,0.04,150.0
6845,47480,2374,6,-2.048213243484497,0.09081446379423141,0.0007,0.9248988628387451,-0.18676312267780304,2373,-12.537849029999997,0.04,150.0
6846,47500,2375,6,-2.0353593826293945,0.19495119154453278,0.0007,0.9238568544387817,-0.5164885520935059,2374,-12.537849029999997,0.04,150.0
6846,47520,2376,6,-2.014005184173584,0.7649523615837097,0.0007,0.8404935002326965,-0.24869637191295624,2375,-12.537849029999997,0.04,150.0
6846,47540,2377,6,-1.960458755493164,0.4624444842338562,0.0007,0.9024851322174072,-0.015613222494721413,2376,-12.537849029999997,0.04,150.0
6846,47560,2378,6,-1.939380407333374,0.18800675868988037,0.0007,0.9810386300086975,-0.6140763163566589,2377,-12.537849029999997,0.04,150.0
6847,47580,2379,6,-1.8841270208358765,0.09210919588804245,0.0007,0.9881955981254578,-0.10957473516464233,2378,-12.537849029999997,0.04,150.0
6847,47600,2380,6,-1.9467341899871826,0.28200069069862366,0.0007,0.9465247988700867,-0.09399523586034775,2379,-12.537849029999997,0.04,150.0
6847,47620,2381,6,-2.014647960662842,0.17276307940483093,0.0007,0.9822872877120972,-0.5264208316802979,2380,-12.537849029999997,0.04,150.0
6847,47640,2382,6,-2.094707489013672,0.23178823292255402,0.0007,0.8774264454841614,-0.04428393393754959,2381,-12.537849029999997,0.04,150.0
6847,47660,2383,6,-2.0966429710388184,0.5929096341133118,0.0007,0.8185933232307434,0.7488937377929688,2382,-12.537849029999997,0.04,150.0
6848,47680,2384,6,-2.1027889251708984,0.11993272602558136,0.0007,0.9559973478317261,0.1955854594707489,2383,-12.537849029999997,0.04,150.0
6848,47700,2385,6,-2.0997915267944336,1.9159011840820312,0.0007,0.38667184114456177,0.9559230804443359,2384,-12.537849029999997,0.04,150.0
6848,47720,2386,6,-2.0455403327941895,0.0926288366317749,0.0007,0.929729700088501,-0.12751802802085876,2385,-12.537849029999997,0.04,150.0
6849,47740,2387,6,-2.0729470252990723,0.5720868706703186,0.0007,0.4264727830886841,-0.4918385446071625,2386,-12.537849029999997,0.04,150.0
6849,47760,2388,6,-2.032341241836548,0.3311645984649658,0.0007,0.77786785364151,-0.25954827666282654,2387,-12.537849029999997,0.04,150.0
6849,47780,2389,6,-2.071028709411621,0.15689809620380402,0.0007,0.9684945344924927,-0.6072231531143188,2388,-12.537849029999997,0.04,150.0
6849,47800,2390,6,-2.0862488746643066,0.2652615010738373,0.0007,0.8060925602912903,-0.4755028784275055,2389,-12.537849029999997,0.04,150.0
6850,47820,2391,6,-2.115940570831299,0.3004422187805176,0.0007,0.7312299013137817,0.03447677567601204,2390,-12.537849029999997,0.04,150.0
6850,47840,2392,6,-2.134779453277588,0.27637606859207153,0.0007,0.7610540390014648,0.3386616110801697,2391,-12.537849029999997,0.04,150.0
6850,47860,2393,6,-2.104005813598633,0.13419635593891144,0.0007,0.8797400593757629,-0.4164600372314453,2392,-12.537849029999997,0.04,150.0
6851,47880,2394,6,-2.0998997688293457,0.17579403519630432,0.0007,0.6688587665557861,0.08540238440036774,2393,-12.537849029999997,0.04,150.0
6851,47900,2395,6,-2.1192784309387207,0.22216522693634033,0.0007,0.5779937505722046,0.047864288091659546,2394,-12.537849029999997,0.04,150.0
6850,47920,2396,6,-2.101909637451172,0.1286444365978241,0.0007,0.6817024946212769,0.033174436539411545,2395,-12.537849029999997,0.04,150.0
6850,47940,2397,6,-2.0831379890441895,0.04158191755414009,0.0007,0.8936414122581482,-0.20738112926483154,2396,-12.537849029999997,0.04,150.0
6850,47960,2398,7,-2.103520631790161,0.030129332095384598,0.0007,0.9023078083992004,-0.2145361453294754,2397,-12.537849029999997,0.04,150.0
6849,47980,2399,7,-2.1215503215789795,0.061020493507385254,0.0007,0.7552869319915771,-0.40841466188430786,2398,-12.537849029999997,0.04,150.0
6848,48000,2400,7,-2.134563446044922,0.003201694693416357,0.0007,0.9341773986816406,0.06057001277804375,2399,-12.757096220000001,0.04,150.0
6846,48020,2401,7,-2.140207290649414,0.011841373518109322,0.0007,0.8008161783218384,-0.1386619359254837,2400,-12.757096220000001,0.04,150.0
6846,48040,2402,7,-2.0342230796813965,0.18626177310943604,0.0007,0.8449642658233643,0.6709805727005005,2401,-12.757096220000001,0.04,150.0
6845,48060,2403,7,-2.0689499378204346,0.23823189735412598,0.0007,0.712654173374176,0.7273948788642883,2402,-12.757096220000001,0.04,150.0
6841,48080,2404,7,-2.089430332183838,0.14053696393966675,0.0007,0.855593204498291,0.3146124482154846,2403,-12.757096220000001,0.04,150.0
6839,48100,2405,7,-2.1057910919189453,0.4556763768196106,0.0007,0.8724101781845093,1.0081050395965576,2404,-12.757096220000001,0.04,150.0
6837,48120,2406,7,-2.1077215671539307,0.411903440952301,0.0007,0.7299221754074097,0.010316753759980202,2405,-12.757096220000001,0.04,150.0
6837,48140,2407,7,-2.128852128982544,0.2718845307826996,0.0007,0.6344215869903564,-0.2787450850009918,2406,-12.757096220000001,0.04,150.0
6837,48160,2408,7,-2.1307032108306885,0.12134973704814911,0.0007,0.897344172000885,0.10731716454029083,2407,-12.757096220000001,0.04,150.0
6837,48180,2409,7,-2.1278953552246094,0.1518927365541458,0.0007,0.9379733204841614,-0.49504971504211426,2408,-12.757096220000001,0.04,150.0
6837,48200,2410,7,-2.1324429512023926,0.11458933353424072,0.0007,0.9334155917167664,-0.030203651636838913,2409,-12.757096220000001,0.04,150.0
6837,48220,2411,7,-2.101114273071289,0.12120256572961807,0.0007,0.9619594216346741,-0.2529153525829315,2410,-12.757096220000001,0.04,150.0
6837,48240,2412,7,-2.096665620803833,3.312304735183716,0.0007,0.7500935792922974,2.096374034881592,2411,-12.757096220000001,0.04,150.0
6837,48260,2413,7,-2.1027004718780518,0.30025777220726013,0.0007,0.9776454567909241,-0.8149240612983704,2412,-12.757096220000001,0.04,150.0
6837,48280,2414,7,-2.11279296875,0.23056845366954803,0.0007,0.9734994769096375,-0.2509482800960541,2413,-12.757096220000001,0.04,150.0
6837,48300,2415,7,-2.0935044288635254,0.7906605005264282,0.0007,0.9415967464447021,-1.1949610710144043,2414,-12.757096220000001,0.04,150.0
6837,48320,2416,7,-2.0560052394866943,0.245307058095932,0.0007,0.975124180316925,0.16549548506736755,2415,-12.757096220000001,0.04,150.0
6838,48340,2417,7,-2.0938475131988525,1.0223417282104492,0.0007,0.8797734975814819,0.35387057065963745,2416,-12.757096220000001,0.04,150.0
6838,48360,2418,7,-2.1096582412719727,0.6114501953125,0.0007,0.9595068097114563,-0.6198121309280396,2417,-12.757096220000001,0.04,150.0
6838,48380,2419,7,-2.1101200580596924,0.11907126754522324,0.0007,0.9896820187568665,-0.06494863331317902,2418,-12.757096220000001,0.04,150.0
6838,48400,2420,7,-2.075407028198242,1.0799319744110107,0.0007,0.8942837715148926,-0.317153662443161,2419,-12.757096220000001,0.04,150.0
6839,48420,2421,7,-2.044203281402588,2.0511608123779297,0.0007,0.8171576261520386,1.7531143426895142,2420,-12.757096220000001,0.04,150.0
6839,48440,2422,7,-2.1216723918914795,1.3079681396484375,0.0007,0.8172370791435242,0.7949509620666504,2421,-12.757096220000001,0.04,150.0
6839,48460,2423,7,-2.1273727416992188,0.09118078649044037,0.0007,0.9901379346847534,-0.011142129078507423,2422,-12.757096220000001,0.04,150.0
6840,48480,2424,7,-2.0628020763397217,0.5917141437530518,0.0007,0.9585835337638855,0.14431193470954895,2423,-12.757096220000001,0.04,150.0
6840,48500,2425,7,-1.9915549755096436,0.410587877035141,0.0007,0.9737964272499084,0.5317994952201843,2424,-12.757096220000001,0.04,150.0
6840,48520,2426,7,-1.9999644756317139,0.1415075957775116,0.0007,0.994635283946991,-0.5800126791000366,2425,-12.757096220000001,0.04,150.0
6840,48540,2427,7,-1.9581950902938843,0.2669716477394104,0.0007,0.987930417060852,-0.5632325410842896,2426,-12.757096220000001,0.04,150.0
6840,48560,2428,7,-2.02008318901062,0.2578731179237366,0.0007,0.9630231261253357,-0.0013286054600030184,2427,-12.757096220000001,0.04,150.0
6840,48580,2429,7,-2.0464134216308594,0.11695097386837006,0.0007,0.9838016033172607,0.41483816504478455,2428,-12.757096220000001,0.04,150.0
6840,48600,2430,7,-2.0911927223205566,0.14254164695739746,0.0007,0.9835593700408936,-0.533486008644104,2429,-12.319563440000001,0.05,150.0
6840,48620,2431,7,-2.0858161449432373,9.05763053894043,0.0007,0.6238545179367065,2.878225803375244,2430,-12.319563440000001,0.05,150.0
6840,48640,2432,7,-2.060643434524536,0.1359080821275711,0.0007,0.5337700843811035,-0.21957287192344666,2431,-12.319563440000001,0.05,150.0
6840,48660,2433,7,-2.0566020011901855,0.029669243842363358,0.0007,0.8913748264312744,-0.033242322504520416,2432,-12.319563440000001,0.05,150.0
6840,48680,2434,7,-2.0946552753448486,0.07681334763765335,0.0007,0.9192826151847839,-0.4618632197380066,2433,-12.319563440000001,0.05,150.0
6840,48700,2435,7,-2.115410566329956,0.09539522230625153,0.0007,0.9044527411460876,-0.4160098433494568,2434,-12.319563440000001,0.05,150.0
6841,48720,2436,7,-2.098845958709717,0.6075176000595093,0.0007,0.7408041954040527,0.2205936163663864,2435,-12.319563440000001,0.05,150.0
6841,48740,2437,7,-2.109600782394409,0.07796628773212433,0.0007,0.9835032820701599,-0.4666672348976135,2436,-12.319563440000001,0.05,150.0
6842,48760,2438,7,-2.1037557125091553,0.15760275721549988,0.0007,0.9472724795341492,-0.3197178244590759,2437,-12.319563440000001,0.05,150.0
6842,48780,2439,7,-2.101916790008545,2.8009157180786133,0.0007,0.7186317443847656,1.371955156326294,2438,-12.319563440000001,0.05,150.0
6842,48800,2440,7,-2.118068218231201,0.0948435515165329,0.0007,0.9861862659454346,0.2553749680519104,2439,-12.319563440000001,0.05,150.0
6843,48820,2441,7,-2.1467647552490234,0.2839946150779724,0.0007,0.9545024633407593,0.01885353960096836,2440,-12.319563440000001,0.05,150.0
6843,48840,2442,7,-2.108362913131714,1.4980757236480713,0.0007,0.7329955101013184,1.2562147378921509,2441,-12.319563440000001,0.05,150.0
6843,48860,2443,7,-2.11149525642395,0.28757885098457336,0.0007,0.9586596488952637,-0.5079932808876038,2442,-12.319563440000001,0.05,150.0
6844,48880,2444,7,-2.083644151687622,1.1537262201309204,0.0007,0.6634904146194458,0.4315922260284424,2443,-12.319563440000001,0.05,150.0
6844,48900,2445,7,-2.066302537918091,0.21856239438056946,0.0007,0.9571166634559631,-0.3424772620201111,2444,-12.319563440000001,0.05,150.0
6844,48920,2446,7,-2.053461790084839,4.158878326416016,0.0007,0.3633025288581848,2.360703945159912,2445,-12.319563440000001,0.05,150.0
6845,48940,2447,7,-2.133449077606201,0.29854992032051086,0.0007,0.9371674060821533,-0.1821986436843872,2446,-12.319563440000001,0.05,150.0
6845,48960,2448,7,-2.070814609527588,0.43851834535598755,0.0007,0.8811860680580139,0.19465330243110657,2447,-12.319563440000001,0.05,150.0
6845,48980,2449,7,-2.118913412094116,0.0715257003903389,0.0007,0.9844462275505066,0.11827900260686874,2448,-12.319563440000001,0.05,150.0
6846,49000,2450,7,-2.115999221801758,0.4883602559566498,0.0007,0.9490187168121338,0.09893813729286194,2449,-12.319563440000001,0.05,150.0
6846,49020,2451,7,-2.0944385528564453,0.07289277017116547,0.0007,0.9932291507720947,-0.2747995853424072,2450,-12.319563440000001,0.05,150.0
6846,49040,2452,7,-2.1125423908233643,0.19029320776462555,0.0007,0.9816097617149353,-0.6518336534500122,2451,-12.319563440000001,0.05,150.0
6847,49060,2453,7,-2.0934014320373535,0.09804262965917587,0.0007,0.9792678356170654,-0.22238567471504211,2452,-12.319563440000001,0.05,150.0
6847,49080,2454,7,-2.080075979232788,0.03018786571919918,0.0007,0.9926857352256775,-0.21405422687530518,2453,-12.319563440000001,0.05,150.0
6847,49100,2455,7,-2.0837464332580566,0.037907667458057404,0.0007,0.9807972311973572,-0.17690280079841614,2454,-12.319563440000001,0.05,150.0
6848,49120,2456,7,-2.1142170429229736,1.9590680599212646,0.0007,0.2282102108001709,1.111040472984314,2455,-12.319563440000001,0.05,150.0
6848,49140,2457,7,-2.109201431274414,0.028262391686439514,0.0007,0.9776939749717712,0.1717931032180786,2456,-12.319563440000001,0.05,150.0
6848,49160,2458,7,-2.0602059364318848,0.2138255387544632,0.0007,0.9199464321136475,0.5963931083679199,2457,-12.319563440000001,0.05,150.0
6849,49180,2459,7,-2.0811493396759033,0.4723493158817291,0.0007,0.6634871959686279,0.23735415935516357,2458,-12.319563440000001,0.05,150.0
6849,49200,2460,7,-2.005025863647461,0.6857872009277344,0.0007,0.6930882930755615,0.7066985964775085,2459,-12.375638950000003,0.04,150.0
6849,49220,2461,7,-1.964471459388733,0.11638452857732773,0.0007,0.945708155632019,-0.33961737155914307,2460,-12.375638950000003,0.04,150.0
6849,49240,2462,7,-2.0193450450897217,0.22188642621040344,0.0007,0.8093428611755371,-0.27760446071624756,2461,-12.375638950000003,0.04,150.0
6849,49260,2463,7,-2.070195198059082,0.11880692094564438,0.0007,0.9418119192123413,-0.05705375596880913,2462,-12.375638950000003,0.04,150.0
6850,49280,2464,7,-2.0531725883483887,0.5495123863220215,0.0007,0.9021040201187134,1.0947074890136719,2463,-12.375638950000003,0.04,150.0
6850,49300,2465,7,-2.063077211380005,0.14499589800834656,0.0007,0.9865491986274719,0.6375342607498169,2464,-12.375638950000003,0.04,150.0
6850,49320,2466,7,-2.0404820442199707,2.0526185035705566,0.0007,0.7990005612373352,1.013510823249817,2465,-12.375638950000003,0.04,150.0
6851,49340,2467,7,-2.063473701477051,0.21037618815898895,0.0007,0.9773387312889099,-0.4103173613548279,2466,-12.375638950000003,0.04,150.0
6851,49360,2468,7,-2.0592041015625,1.5526145696640015,0.0007,0.5405498743057251,-0.056119225919246674,2467,-12.375638950000003,0.04,150.0
6851,49380,2469,7,-2.104052782058716,0.5539008975028992,0.0007,0.9127174615859985,-0.2807331085205078,2468,-12.375638950000003,0.04,150.0
6852,49400,2470,7,-2.084226608276367,0.32393893599510193,0.0007,0.972269594669342,-0.5742429494857788,2469,-12.375638950000003,0.04,150.0
6852,49420,2471,7,-2.060612201690674,0.3709784150123596,0.0007,0.9702675938606262,0.08320000022649765,2470,-12.375638950000003,0.04,150.0
6852,49440,2472,7,-2.07214093208313,0.7384111881256104,0.0007,0.9514795541763306,0.3723314106464386,2471,-12.375638950000003,0.04,150.0
6853,49460,2473,7,-2.040116786956787,3.4381957054138184,0.0007,0.7860187888145447,2.2473201751708984,2472,-12.375638950000003,0.04,150.0
6853,49480,2474,7,-2.0530569553375244,1.1245654821395874,0.0007,0.9178252220153809,0.8630965948104858,2473,-12.375638950000003,0.04,150.0
6854,49500,2475,7,-2.1192445755004883,0.042810335755348206,0.0007,0.9967416524887085,0.04587385803461075,2474,-12.375638950000003,0.04,150.0
6854,49520,2476,7,-2.0545809268951416,0.33505767583847046,0.0007,0.9818909168243408,-0.663133442401886,2475,-12.375638950000003,0.04,150.0
6854,49540,2477,7,-2.022029399871826,0.9200795888900757,0.0007,0.9575013518333435,1.100050926208496,2476,-12.375638950000003,0.04,150.0
6854,49560,2478,7,-2.034816265106201,0.18527013063430786,0.0007,0.9967184662818909,-0.6527179479598999,2477,-12.375638950000003,0.04,150.0
6854,49580,2479,7,-2.0492653846740723,0.08077070862054825,0.0007,0.9940986037254333,-0.06336525827646255,2478,-12.375638950000003,0.04,150.0
6855,49600,2480,7,-1.9861843585968018,0.3274458348751068,0.0007,0.9786790609359741,-0.2523079514503479,2479,-12.375638950000003,0.04,150.0
6855,49620,2481,7,-1.9471549987792969,0.24775847792625427,0.0007,0.98601895570755,-0.05275864154100418,2480,-12.375638950000003,0.04,150.0
6855,49640,2482,7,-2.0195939540863037,0.14627431333065033,0.0007,0.9964397549629211,-0.6017948389053345,2481,-12.375638950000003,0.04,150.0
6855,49660,2483,7,-2.0065298080444336,0.06593386083841324,0.0007,0.9967864155769348,-0.3094996511936188,2482,-12.375638950000003,0.04,150.0
6855,49680,2484,7,-2.003882646560669,0.09509042650461197,0.0007,0.992461085319519,0.1526421308517456,2483,-12.375638950000003,0.04,150.0
6855,49700,2485,7,-1.9885154962539673,0.059470079839229584,0.0007,0.9969923496246338,-0.29887714982032776,2484,-12.375638950000003,0.04,150.0
6855,49720,2486,7,-1.975428819656372,0.720704197883606,0.0007,0.9639708995819092,0.6446922421455383,2485,-12.375638950000003,0.04,150.0
6855,49740,2487,7,-2.0308306217193604,0.05406912416219711,0.0007,0.9960813522338867,-0.1514352560043335,2486,-12.375638950000003,0.04,150.0
6854,49760,2488,7,-1.9686439037322998,0.05549175292253494,0.0007,0.996323823928833,-0.2917177379131317,2487,-12.375638950000003,0.04,150.0
6853,49780,2489,7,-2.0597054958343506,0.08814138174057007,0.0007,0.9965246915817261,-0.5148793458938599,2488,-12.375638950000003,0.04,150.0
6852,49800,2490,7,-2.061882495880127,0.16606397926807404,0.0007,0.9907482862472534,-0.6356992721557617,2489,-12.606115849999998,0.04,150.0
6850,49820,2491,7,-2.0660321712493896,0.07917635142803192,0.0007,0.9738123416900635,-0.10386361926794052,2490,-12.606115849999998,0.04,150.0
6849,49840,2492,7,-2.0575709342956543,0.19759245216846466,0.0007,0.8648680448532104,-0.5137082934379578,2491,-12.606115849999998,0.04,150.0
6848,49860,2493,7,-2.073090076446533,0.14647652208805084,0.0007,0.9394314289093018,-0.3871883153915405,2492,-12.606115849999998,0.04,150.0
6846,49880,2494,7,-2.0303497314453125,0.5550699830055237,0.0007,0.32111793756484985,-0.043580569326877594,2493,-12.606115849999998,0.04,150.0
6845,49900,2495,7,-2.023653507232666,0.2214338481426239,0.0007,0.7530550360679626,0.3684389293193817,2494,-12.606115849999998,0.04,150.0
6845,49920,2496,7,-2.067335844039917,0.4213465750217438,0.0007,0.722889244556427,0.40217095613479614,2495,-12.606115849999998,0.04,150.0
6844,49940,2497,7,-2.052570343017578,2.413113832473755,0.0007,0.5898407697677612,1.6957982778549194,2496,-12.606115849999998,0.04,150.0
6844,49960,2498,7,-2.1166775226593018,0.05588766932487488,0.0007,0.9820839166641235,-0.005518662743270397,2497,-12.606115849999998,0.04,150.0
6844,49980,2499,7,-2.1074347496032715,0.07684086263179779,0.0007,0.9810814261436462,-0.22758527100086212,2498,-12.606115849999998,0.04,150.0
6838,50000,2500,7,-2.0970098972320557,0.1993674784898758,0.0007,0.9195528030395508,-0.24461348354816437,2499,-12.606115849999998,0.04,150.0
6838,50020,2501,7,-2.049149751663208,0.158408522605896,0.0007,0.9075514078140259,0.12983694672584534,2500,-12.606115849999998,0.04,150.0
6838,50040,2502,7,-2.0940513610839844,0.809597373008728,0.0007,0.6837202906608582,0.5494785308837891,2501,-12.606115849999998,0.04,150.0
6839,50060,2503,7,-2.1059858798980713,0.5983939170837402,0.0007,0.8997512459754944,0.7935956716537476,2502,-12.606115849999998,0.04,150.0
6839,50080,2504,7,-2.1348471641540527,0.1258825659751892,0.0007,0.9785183072090149,-0.1637815684080124,2503,-12.606115849999998,0.04,150.0
6839,50100,2505,7,-2.063903331756592,0.30830034613609314,0.0007,0.9542117118835449,-0.22378477454185486,2504,-12.606115849999998,0.04,150.0
6839,50120,2506,7,-2.123840808868408,0.15345890820026398,0.0007,0.9794002175331116,-0.21940751373767853,2505,-12.606115849999998,0.04,150.0
6840,50140,2507,7,-2.1323490142822266,0.24121589958667755,0.0007,0.9759041666984558,-0.2532641291618347,2506,-12.606115849999998,0.04,150.0
6840,50160,2508,7,-2.048184871673584,0.4102579653263092,0.0007,0.9638808965682983,-0.7358745336532593,2507,-12.606115849999998,0.04,150.0
6840,50180,2509,7,-2.109696865081787,3.013655424118042,0.0007,0.8699867129325867,2.0859973430633545,2508,-12.606115849999998,0.04,150.0
6841,50200,2510,7,-2.0924363136291504,0.33041802048683167,0.0007,0.9823687076568604,0.58930504322052,2509,-12.606115849999998,0.04,150.0
6841,50220,2511,7,-2.06693434715271,1.9933292865753174,0.0007,0.776565432548523,0.8510701060295105,2510,-12.606115849999998,0.04,150.0
6841,50240,2512,7,-2.121128797531128,0.38891372084617615,0.0007,0.9114903211593628,0.22266510128974915,2511,-12.606115849999998,0.04,150.0
6841,50260,2513,7,-2.1113076210021973,0.12433280050754547,0.0007,0.9491111636161804,-0.07966116815805435,2512,-12.606115849999998,0.04,150.0
6842,50280,2514,7,-2.047077178955078,0.02301287278532982,0.0007,0.9924323558807373,-0.17909404635429382,2513,-12.606115849999998,0.04,150.0
6842,50300,2515,7,-2.1029505729675293,0.3955046534538269,0.0007,0.582373857498169,0.25881606340408325,2514,-12.606115849999998,0.04,150.0
6842,50320,2516,7,-2.0557658672332764,0.11532764136791229,0.0007,0.7881753444671631,0.13933755457401276,2515,-12.606115849999998,0.04,150.0
6843,50340,2517,7,-1.9776344299316406,0.12600037455558777,0.0007,0.8908275961875916,-0.1961994767189026,2516,-12.606115849999998,0.04,150.0
6843,50360,2518,7,-2.08026123046875,0.08763542026281357,0.0007,0.8563040494918823,0.3207587003707886,2517,-12.606115849999998,0.04,150.0
6843,50380,2519,7,-2.050841808319092,0.06382886320352554,0.0007,0.8938594460487366,-0.061279334127902985,2518,-12.606115849999998,0.04,150.0
6844,50400,2520,7,-1.9901376962661743,0.0920892283320427,0.0007,0.8310023546218872,-0.011879188008606434,2519,-12.34788286,0.04,150.0
6844,50420,2521,7,-2.11517596244812,0.041962020099163055,0.0007,0.9117037057876587,0.029571127146482468,2520,-12.34788286,0.04,150.0
6844,50440,2522,7,-1.9704481363296509,0.08139023929834366,0.0007,0.8970478177070618,0.029473310336470604,2521,-12.34788286,0.04,150.0
6845,50460,2523,7,-2.002227783203125,0.20546309649944305,0.0007,0.8905132412910461,-0.3296193778514862,2522,-12.34788286,0.04,150.0
6845,50480,2524,7,-2.055893659591675,1.1361161470413208,0.0007,0.7058711051940918,0.35433128476142883,2523,-12.34788286,0.04,150.0
6845,50500,2525,7,-2.0817770957946777,0.9245215654373169,0.0007,0.595090925693512,-0.1304437667131424,2524,-12.34788286,0.04,150.0
6845,50520,2526,7,-2.0838470458984375,0.14520271122455597,0.0007,0.9523366689682007,-0.03180569410324097,2525,-12.34788286,0.04,150.0
6845,50540,2527,7,-2.0732390880584717,1.3248180150985718,0.0007,-0.42335402965545654,0.5496723055839539,2526,-12.34788286,0.04,150.0
6844,50560,2528,7,-2.1342930793762207,0.2900601923465729,0.0007,0.898444414138794,-0.580490231513977,2527,-12.34788286,0.04,150.0
6842,50580,2529,7,-2.124927043914795,0.8399426341056824,0.0007,0.8688638806343079,-0.6211227774620056,2528,-12.34788286,0.04,150.0
6842,50600,2530,7,-2.123669147491455,0.19707557559013367,0.0007,0.9740655422210693,-0.3217805325984955,2529,-12.34788286,0.04,150.0
6841,50620,2531,7,-2.1090400218963623,0.7228554487228394,0.0007,0.9342934489250183,0.998790442943573,2530,-12.34788286,0.04,150.0
6841,50640,2532,7,-2.0730080604553223,0.2197771519422531,0.0007,0.9852864146232605,0.45296233892440796,2531,-12.34788286,0.04,150.0
6841,50660,2533,7,-2.0955746173858643,0.2012745589017868,0.0007,0.9934072494506836,-0.5189232230186462,2532,-12.34788286,0.04,150.0
6842,50680,2534,7,-2.1328680515289307,0.28409343957901,0.0007,0.986291766166687,0.19933298230171204,2533,-12.34788286,0.04,150.0
6842,50700,2535,7,-2.0185041427612305,1.8251724243164062,0.0007,0.9424463510513306,1.3476831912994385,2534,-12.34788286,0.04,150.0
6842,50720,2536,7,-2.1167755126953125,0.20714811980724335,0.0007,0.9937252402305603,0.34523025155067444,2535,-12.34788286,0.04,150.0
6842,50740,2537,7,-2.0982086658477783,1.65705144405365,0.0007,0.9655126929283142,1.3069010972976685,2536,-12.34788286,0.04,150.0
6843,50760,2538,7,-2.0998291969299316,0.06223709508776665,0.0007,0.9982205033302307,-0.024978145956993103,2537,-12.34788286,0.04,150.0
6843,50780,2539,7,-2.1037330627441406,0.13376757502555847,0.0007,0.9981895089149475,-0.4344388544559479,2538,-12.34788286,0.04,150.0
6843,50800,2540,7,-2.0929863452911377,1.7703955173492432,0.0007,0.9755387306213379,0.9661281704902649,2539,-12.34788286,0.04,150.0
6843,50820,2541,7,-2.018977165222168,1.9096260070800781,0.0007,0.9794609546661377,1.5565071105957031,2540,-12.34788286,0.04,150.0
6844,50840,2542,7,-2.0535240173339844,0.6396826505661011,0.0007,0.990741491317749,-0.10079135745763779,2541,-12.34788286,0.04,150.0
6844,50860,2543,7,-1.9395122528076172,0.8475344777107239,0.0007,0.9875834584236145,0.3721107840538025,2542,-12.34788286,0.04,150.0
6844,50880,2544,7,-1.9469544887542725,0.8275104761123657,0.0007,0.9872994422912598,-0.42073845863342285,2543,-12.34788286,0.04,150.0
6845,50900,2545,7,-1.8420034646987915,0.14731661975383759,0.0007,0.9992121458053589,-0.5112791657447815,2544,-12.34788286,0.04,150.0
6845,50920,2546,7,-1.8668473958969116,0.15181295573711395,0.0007,0.9986233115196228,-0.4929696023464203,2545,-12.34788286,0.04,150.0
6846,50940,2547,7,-1.8054279088974,0.08526798337697983,0.0007,0.9988350868225098,-0.19371603429317474,2546,-12.34788286,0.04,150.0
6846,50960,2548,7,-1.8396542072296143,0.02962639555335045,0.0007,0.9996339082717896,-0.17122997343540192,2547,-12.34788286,0.04,150.0
6846,50980,2549,7,-1.8460700511932373,0.0945008397102356,0.0007,0.9991083741188049,-0.4106198251247406,2548,-12.34788286,0.04,150.0
6847,51000,2550,7,-1.8725852966308594,0.07087647914886475,0.0007,0.9988133311271667,-0.33639243245124817,2549,-12.22867195,0.05,150.0
6847,51020,2551,7,-1.9388774633407593,5.646137237548828,0.0007,0.9092074632644653,2.0594916343688965,2550,-12.22867195,0.05,150.0
6847,51040,2552,7,-1.9637691974639893,0.6458151936531067,0.0007,0.8139879703521729,-1.1364465951919556,2551,-12.22867195,0.05,150.0
6848,51060,2553,7,-1.9862571954727173,0.40206846594810486,0.0007,0.8702947497367859,-0.6586092114448547,2552,-12.22867195,0.05,150.0
6848,51080,2554,7,-2.0059146881103516,0.25244516134262085,0.0007,0.8941439986228943,-0.3382565379142761,2553,-12.22867195,0.05,150.0
6849,51100,2555,7,-1.9646530151367188,0.37767544388771057,0.0007,0.7627568244934082,0.32137566804885864,2554,-12.22867195,0.05,150.0
6849,51120,2556,7,-1.9716876745224,0.38381272554397583,0.0007,0.6556769609451294,-0.49870428442955017,2555,-12.22867195,0.05,150.0
6849,51140,2557,7,-1.966131567955017,0.5875061750411987,0.0007,0.2517796754837036,-0.030964970588684082,2556,-12.22867195,0.05,150.0
6850,51160,2558,7,-1.8099552392959595,0.2816874384880066,0.0007,0.6406543850898743,-0.8474523425102234,2557,-12.22867195,0.05,150.0
6850,51180,2559,7,-1.8118207454681396,0.05165333300828934,0.0007,0.8750649690628052,-0.14538657665252686,2558,-12.22867195,0.05,150.0
6850,51200,2560,7,-1.9113340377807617,0.3808705508708954,0.0007,0.47079020738601685,0.4969889521598816,2559,-12.22867195,0.05,150.0
6851,51220,2561,7,-1.9837839603424072,0.05568888038396835,0.0007,0.8160665035247803,-0.09167342633008957,2560,-12.22867195,0.05,150.0
6851,51240,2562,7,-1.9470306634902954,1.445294737815857,0.0007,0.28473031520843506,1.081057071685791,2561,-12.22867195,0.05,150.0
6851,51260,2563,7,-1.954872727394104,0.12859638035297394,0.0007,0.8796193599700928,-0.10132493078708649,2562,-12.22867195,0.05,150.0
6852,51280,2564,7,-2.0129103660583496,0.16295941174030304,0.0007,0.8776293992996216,0.4996282458305359,2563,-12.22867195,0.05,150.0
6852,51300,2565,7,-1.9438724517822266,0.8303159475326538,0.0007,-10.52077865600586,-0.011832082644104958,2564,-12.22867195,0.05,150.0
6852,51320,2566,7,-1.9104297161102295,0.18806228041648865,0.0007,0.6955698728561401,-0.6136883497238159,2565,-12.22867195,0.05,150.0
6852,51340,2567,7,-1.836374044418335,0.07806515693664551,0.0007,0.9338515400886536,-0.4334372580051422,2566,-12.22867195,0.05,150.0
6853,51360,2568,7,-1.81682550907135,0.15036262571811676,0.0007,0.6123933792114258,-0.2552414834499359,2567,-12.22867195,0.05,150.0
6853,51380,2569,7,-1.8568817377090454,0.0934157744050026,0.0007,0.4208472967147827,-0.143748939037323,2568,-12.22867195,0.05,150.0
6853,51400,2570,7,-1.8715050220489502,1.4024332761764526,0.0007,-0.24886631965637207,0.6266535520553589,2569,-12.22867195,0.05,150.0
6854,51420,2571,7,-1.8818031549453735,0.0893990620970726,0.0007,-0.4580352306365967,-0.06147041171789169,2570,-12.22867195,0.05,150.0
6854,51440,2572,7,-1.894415259361267,0.06049486994743347,0.0007,-1.5441184043884277,0.05279197543859482,2571,-12.22867195,0.05,150.0
6854,51460,2573,7,-1.8689111471176147,0.1655552238225937,0.0007,-0.06291091442108154,0.2673265337944031,2572,-12.22867195,0.05,150.0
6855,51480,2574,7,-1.9661662578582764,0.031457819044589996,0.0007,-0.042301177978515625,0.13939280807971954,2573,-12.22867195,0.05,150.0
6855,51500,2575,7,-2.0137863159179688,0.04299125447869301,0.0007,0.19212740659713745,0.32068318128585815,2574,-12.22867195,0.05,150.0
6855,51520,2576,7,-1.9871094226837158,0.04437638074159622,0.0007,0.1607804298400879,0.3394416570663452,2575,-12.22867195,0.05,150.0
6856,51540,2577,7,-2.07871675491333,0.03907103091478348,0.0007,0.23689019680023193,0.21577247977256775,2576,-12.22867195,0.05,150.0
6856,51560,2578,7,-2.124553918838501,0.10029198229312897,0.0007,0.14181900024414062,0.5378135442733765,2577,-12.22867195,0.05,150.0
6856,51580,2579,7,-2.1201624870300293,0.07807400822639465,0.0007,0.16453105211257935,0.423565149307251,2578,-12.22867195,0.05,150.0
6856,51600,2580,7,-2.1345202922821045,0.03466569632291794,0.0007,0.0851481556892395,0.36424413323402405,2579,-12.56093276,0.04,150.0
6857,51620,2581,7,-2.1331820487976074,0.04067657142877579,0.0007,0.29718488454818726,0.38233694434165955,2580,-12.56093276,0.04,150.0
6857,51640,2582,7,-1.9513013362884521,0.24200192093849182,0.0007,0.8435289263725281,0.4328904151916504,2581,-12.56093276,0.04,150.0
6857,51660,2583,7,-1.9638652801513672,0.534320056438446,0.0007,0.6532410383224487,0.6709727644920349,2582,-12.56093276,0.04,150.0
6858,51680,2584,7,-1.9808136224746704,0.1880805343389511,0.0007,0.9044322371482849,0.055707693099975586,2583,-12.56093276,0.04,150.0
6858,51700,2585,7,-2.0095043182373047,0.1586584895849228,0.0007,0.9189540147781372,0.20268075168132782,2584,-12.56093276,0.04,150.0
6858,51720,2586,7,-2.030393123626709,0.038319457322359085,0.0007,0.9802842140197754,0.08601211756467819,2585,-12.56093276,0.04,150.0
6858,51740,2587,7,-2.045020580291748,0.3733731806278229,0.0007,0.6288825273513794,0.4284425377845764,2586,-12.56093276,0.04,150.0
6857,51760,2588,7,-1.9768364429473877,0.25389689207077026,0.0007,0.8731284141540527,-0.28133124113082886,2587,-12.56093276,0.04,150.0
6857,51780,2589,7,-1.898922324180603,0.7124181985855103,0.0007,0.8720976710319519,-1.0567814111709595,2588,-12.56093276,0.04,150.0
6857,51800,2590,7,-2.040435791015625,0.3054426312446594,0.0007,0.9440472722053528,0.37194493412971497,2589,-12.56093276,0.04,150.0
6858,51820,2591,7,-2.0236310958862305,0.2939452528953552,0.0007,0.9534959197044373,-0.07807381451129913,2590,-12.56093276,0.04,150.0
6857,51840,2592,7,-2.08086895942688,0.18750086426734924,0.0007,0.9728406667709351,-0.48259323835372925,2591,-12.56093276,0.04,150.0
6857,51860,2593,7,-2.126537799835205,0.5740657448768616,0.0007,0.9257345795631409,-1.2611863613128662,2592,-12.56093276,0.04,150.0
6857,51880,2594,7,-2.128702402114868,0.18022027611732483,0.0007,0.9431625604629517,-0.4867286682128906,2593,-12.56093276,0.04,150.0
6857,51900,2595,7,-2.092421054840088,0.14028480648994446,0.0007,0.8713998794555664,-0.23808839917182922,2594,-12.56093276,0.04,150.0
6857,51920,2596,7,-2.0934762954711914,2.0937087535858154,0.0007,-0.08923101425170898,1.5064809322357178,2595,-12.56093276,0.04,150.0
6856,51940,2597,7,-2.1229641437530518,0.130695641040802,0.0007,0.8490663766860962,0.08655248582363129,2596,-12.56093276,0.04,150.0
6856,51960,2598,7,-2.076475143432617,0.23433081805706024,0.0007,0.8778432011604309,-0.6381250619888306,2597,-12.56093276,0.04,150.0
6856,51980,2599,7,-2.061359405517578,1.8895881175994873,0.0007,-0.11180031299591064,0.6536669731140137,2598,-12.56093276,0.04,150.0
6856,52000,2600,7,-2.029970645904541,0.3157518804073334,0.0007,0.20419925451278687,0.2696922719478607,2599,-12.56093276,0.04,150.0
6855,52020,2601,7,-2.039787769317627,0.396182119846344,0.0007,-1.4089536666870117,0.1609094887971878,2600,-12.56093276,0.04,150.0
6854,52040,2602,7,-2.0996811389923096,0.05790194123983383,0.0007,0.9105070233345032,-0.13408270478248596,2601,-12.56093276,0.04,150.0
6853,52060,2603,7,-2.091087579727173,0.2643699645996094,0.0007,0.7454879879951477,-0.619408905506134,2602,-12.56093276,0.04,150.0
6853,52080,2604,7,-2.0834169387817383,0.12289915233850479,0.0007,0.9305965304374695,-0.6467882394790649,2603,-12.56093276,0.04,150.0
6851,52100,2605,7,-2.0546622276306152,0.06293943524360657,0.0007,0.8368581533432007,-0.020226597785949707,2604,-12.56093276,0.04,150.0
6851,52120,2606,7,-2.090160846710205,0.14646099507808685,0.0007,0.8615795373916626,-0.5920823216438293,2605,-12.56093276,0.04,150.0
6850,52140,2607,7,-2.103372097015381,0.07887030392885208,0.0007,0.6223757266998291,-0.22187885642051697,2606,-12.56093276,0.04,150.0
6850,52160,2608,7,-2.0927391052246094,0.1856919229030609,0.0007,0.1011359691619873,-0.45954233407974243,2607,-12.56093276,0.04,150.0
6850,52180,2609,7,-2.109966993331909,0.6785104870796204,0.0007,-0.02385389804840088,0.6443711519241333,2608,-12.56093276,0.04,150.0
6850,52200,2610,7,-2.1286118030548096,0.1553424894809723,0.0007,0.014028668403625488,0.30917349457740784,2609,-12.40668148,0.04,150.0
6850,52220,2611,7,-2.114633083343506,0.06664885580539703,0.0007,0.5559526085853577,-0.35280293226242065,2610,-12.40668148,0.04,150.0
6850,52240,2612,7,-2.0338006019592285,0.10696642100811005,0.0007,0.8280967473983765,-0.2733558714389801,2611,-12.40668148,0.04,150.0
6851,52260,2613,7,-2.0779659748077393,0.10889779031276703,0.0007,0.9077351093292236,0.5134178400039673,2612,-12.40668148,0.04,150.0
6851,52280,2614,7,-2.090773344039917,0.2184028923511505,0.0007,0.8432137966156006,0.4796128273010254,2613,-12.40668148,0.04,150.0
6851,52300,2615,7,-2.1093671321868896,0.16255918145179749,0.0007,0.886146068572998,-0.32055720686912537,2614,-12.40668148,0.04,150.0
6851,52320,2616,7,-2.092057943344116,0.11988570541143417,0.0007,0.9316295981407166,-0.4602854251861572,2615,-12.40668148,0.04,150.0
6852,52340,2617,7,-2.0950980186462402,0.321967214345932,0.0007,0.3497316837310791,0.05028095096349716,2616,-12.40668148,0.04,150.0
6852,52360,2618,7,-2.084108829498291,0.6353806257247925,0.0007,0.5093659162521362,1.0388048887252808,2617,-12.40668148,0.04,150.0
6852,52380,2619,7,-2.1102471351623535,0.1924608200788498,0.0007,0.7715320587158203,-0.6589721441268921,2618,-12.40668148,0.04,150.0
6853,52400,2620,7,-2.127126693725586,0.09327076375484467,0.0007,0.537986159324646,0.33068981766700745,2619,-12.40668148,0.04,150.0
6853,52420,2621,7,-2.116426467895508,0.1478111743927002,0.0007,0.17907029390335083,-0.3300648331642151,2620,-12.40668148,0.04,150.0
6852,52440,2622,7,-2.0977566242218018,0.10065603256225586,0.0007,0.758842945098877,0.18126603960990906,2621,-12.40668148,0.04,150.0
6852,52460,2623,7,-2.0918707847595215,0.30886104702949524,0.0007,0.7863681316375732,0.3851124048233032,2622,-12.40668148,0.04,150.0
6853,52480,2624,7,-2.131157398223877,0.10819900035858154,0.0007,0.6574184894561768,-0.004752022214233875,2623,-12.40668148,0.04,150.0
6853,52500,2625,7,-2.097075939178467,0.16347509622573853,0.0007,0.8046746253967285,0.27696913480758667,2624,-12.40668148,0.04,150.0
6853,52520,2626,7,-2.0361626148223877,2.109804391860962,0.0007,0.5839855670928955,1.5744383335113525,2625,-12.40668148,0.04,150.0
6853,52540,2627,7,-2.102046489715576,0.4057106077671051,0.0007,0.8828660845756531,0.5204858183860779,2626,-12.40668148,0.04,150.0
6853,52560,2628,7,-2.094026803970337,1.704176902770996,0.0007,0.6801897883415222,1.1256295442581177,2627,-12.40668148,0.04,150.0
6854,52580,2629,7,-2.0365099906921387,2.80735182762146,0.0007,0.657720148563385,1.7178716659545898,2628,-12.40668148,0.04,150.0
6854,52600,2630,7,-2.0579233169555664,1.1530394554138184,0.0007,0.7969687581062317,1.4245685338974,2629,-12.40668148,0.04,150.0
6854,52620,2631,7,-1.9940122365951538,1.6731277704238892,0.0007,0.7779790163040161,1.1420724391937256,2630,-12.40668148,0.04,150.0
6855,52640,2632,7,-2.1005940437316895,0.5921074151992798,0.0007,0.9290134906768799,0.48549962043762207,2631,-12.40668148,0.04,150.0
6855,52660,2633,7,-2.1028170585632324,0.17096532881259918,0.0007,0.9772448539733887,-0.21811845898628235,2632,-12.40668148,0.04,150.0
6855,52680,2634,7,-2.079080104827881,0.10696695744991302,0.0007,0.9910964369773865,-0.3358820378780365,2633,-12.40668148,0.04,150.0
6856,52700,2635,7,-2.0733821392059326,0.17197497189044952,0.0007,0.9863505959510803,-0.6315755844116211,2634,-12.40668148,0.04,150.0
6856,52720,2636,7,-2.005638599395752,0.6027132272720337,0.0007,0.9353010654449463,-1.1114457845687866,2635,-12.40668148,0.04,150.0
6856,52740,2637,7,-1.968783974647522,0.3468644917011261,0.0007,0.9259247779846191,-0.8180616497993469,2636,-12.40668148,0.04,150.0
6856,52760,2638,7,-2.046185255050659,0.1457512378692627,0.0007,0.8701249957084656,-0.4848080575466156,2637,-12.40668148,0.04,150.0
6857,52780,2639,7,-2.0772125720977783,0.1678777039051056,0.0007,0.39818787574768066,-0.4223083555698395,2638,-12.40668148,0.04,150.0
6856,52800,2640,7,-2.0194623470306396,0.47745299339294434,0.0007,0.1642146110534668,0.197467640042305,2639,-12.16945849,0.04,150.0
6857,52820,2641,7,-2.0760903358459473,0.06015622615814209,0.0007,0.7027239799499512,-0.1803184449672699,2640,-12.16945849,0.04,150.0
6857,52840,2642,7,-1.9597423076629639,0.07353280484676361,0.0007,0.9423168897628784,-0.016105884686112404,2641,-12.16945849,0.04,150.0
6857,52860,2643,7,-1.9590778350830078,0.2751413881778717,0.0007,0.9279683828353882,0.33698365092277527,2642,-12.16945849,0.04,150.0
6856,52880,2644,7,-1.9419543743133545,0.3047802448272705,0.0007,0.9563343524932861,-0.4605255722999573,2643,-12.16945849,0.04,150.0
6856,52900,2645,7,-2.008330821990967,0.5658332705497742,0.0007,0.9333592653274536,-0.3428789973258972,2644,-12.16945849,0.04,150.0
6856,52920,2646,7,-2.029698133468628,0.2801491320133209,0.0007,0.9716718196868896,0.29426172375679016,2645,-12.16945849,0.04,150.0
6855,52940,2647,7,-2.0236093997955322,0.7184430360794067,0.0007,0.9550611972808838,-0.8400474786758423,2646,-12.16945849,0.04,150.0
6855,52960,2648,7,-2.0394740104675293,2.699852705001831,0.0007,0.7708835601806641,0.9238321185112,2647,-12.16945849,0.04,150.0
6855,52980,2649,7,-2.0489964485168457,1.1126800775527954,0.0007,0.9362164735794067,0.16567428410053253,2648,-12.16945849,0.04,150.0
6854,53000,2650,7,-2.0393619537353516,0.3032822012901306,0.0007,0.9874465465545654,0.5087002515792847,2649,-12.16945849,0.04,150.0
6854,53020,2651,7,-1.9995752573013306,0.550571084022522,0.0007,0.9821240305900574,-0.8606795072555542,2650,-12.16945849,0.04,150.0
6854,53040,2652,7,-2.047299861907959,0.22652725875377655,0.0007,0.988210141658783,0.23040921986103058,2651,-12.16945849,0.04,150.0
6853,53060,2653,7,-2.0168161392211914,0.8318551182746887,0.0007,0.9431763887405396,-0.3741398751735687,2652,-12.16945849,0.04,150.0
6853,53080,2654,7,-2.0611839294433594,0.8660133481025696,0.0007,0.9424581527709961,0.029138099402189255,2653,-12.16945849,0.04,150.0
6853,53100,2655,7,-2.0683932304382324,0.7367581129074097,0.0007,0.9838721752166748,-1.5087604522705078,2654,-12.16945849,0.04,150.0
6854,53120,2656,7,-2.044783115386963,0.41287684440612793,0.0007,0.975021481513977,-0.30136269330978394,2655,-12.16945849,0.04,150.0
6854,53140,2657,7,-2.047950267791748,0.41823992133140564,0.0007,0.9816532135009766,-0.7303227186203003,2656,-12.16945849,0.04,150.0
6854,53160,2658,7,-2.0448989868164062,0.282114177942276,0.0007,0.9869537353515625,-0.2664879858493805,2657,-12.16945849,0.04,150.0
6854,53180,2659,7,-2.131221294403076,0.9968298077583313,0.0007,0.9722698330879211,1.047927737236023,2658,-12.16945849,0.04,150.0
6855,53200,2660,7,-2.0408291816711426,0.23816978931427002,0.0007,0.9935870170593262,-0.16192153096199036,2659,-12.16945849,0.04,150.0
6855,53220,2661,7,-2.131225109100342,0.9406323432922363,0.0007,0.9769061803817749,0.9197368621826172,2660,-12.16945849,0.04,150.0
6855,53240,2662,7,-2.1225085258483887,0.6618472337722778,0.0007,0.9829810261726379,0.3289666771888733,2661,-12.16945849,0.04,150.0
6856,53260,2663,7,-2.1163103580474854,0.6892547607421875,0.0007,0.9750232696533203,-0.03403625637292862,2662,-12.16945849,0.04,150.0
6856,53280,2664,7,-2.067354202270508,0.20462612807750702,0.0007,0.9923811554908752,0.2530975937843323,2663,-12.16945849,0.04,150.0
6856,53300,2665,7,-2.0772814750671387,0.3699321150779724,0.0007,0.9872252941131592,0.06344632804393768,2664,-12.16945849,0.04,150.0
6856,53320,2666,7,-2.050948143005371,0.14576102793216705,0.0007,0.9973739385604858,-0.5933150053024292,2665,-12.16945849,0.04,150.0
6857,53340,2667,7,-1.998318076133728,1.6164519786834717,0.0007,0.9254528880119324,1.2136449813842773,2666,-12.16945849,0.04,150.0
6857,53360,2668,7,-2.037398099899292,0.4290653169155121,0.0007,0.9743369817733765,-0.6512729525566101,2667,-12.16945849,0.04,150.0
6857,53380,2669,7,-2.0712742805480957,0.8909164667129517,0.0007,0.9266319870948792,0.307377427816391,2668,-12.16945849,0.04,150.0
6858,53400,2670,7,-1.9643713235855103,0.032751768827438354,0.0007,0.9973670244216919,-0.1544315069913864,2669,-12.132499160000002,0.04,150.0
6858,53420,2671,7,-1.882089614868164,0.1289370059967041,0.0007,0.9864113926887512,-0.34752196073532104,2670,-12.132499160000002,0.04,150.0
6858,53440,2672,7,-1.9341704845428467,0.1431395560503006,0.0007,0.8862038850784302,-0.04351606220006943,2671,-12.132499160000002,0.04,150.0
6859,53460,2673,7,-1.9829314947128296,0.15512268245220184,0.0007,0.8785561323165894,0.3909524083137512,2672,-12.132499160000002,0.04,150.0
6859,53480,2674,7,-1.9751008749008179,0.106472909450531,0.0007,0.9542574882507324,-0.5798565745353699,2673,-12.132499160000002,0.04,150.0
6859,53500,2675,7,-2.0100276470184326,0.16605129837989807,0.0007,0.922419011592865,0.3422790765762329,2674,-12.132499160000002,0.04,150.0
6860,53520,2676,7,-2.0299928188323975,0.22239108383655548,0.0007,0.9483857750892639,-0.39866775274276733,2675,-12.132499160000002,0.04,150.0
6860,53540,2677,7,-2.0473856925964355,0.08213452994823456,0.0007,0.963972270488739,-0.039733242243528366,2676,-12.132499160000002,0.04,150.0
6860,53560,2678,7,-2.0927999019622803,0.11504052579402924,0.0007,0.9810163378715515,0.5687961578369141,2677,-12.132499160000002,0.04,150.0
6860,53580,2679,7,-2.1028823852539062,0.15937547385692596,0.0007,0.9669175744056702,0.3360879719257355,2678,-12.132499160000002,0.04,150.0
6861,53600,2680,7,-2.102123260498047,0.6149703860282898,0.0007,0.9198150038719177,0.34803804755210876,2679,-12.132499160000002,0.04,150.0
6861,53620,2681,7,-2.1031620502471924,0.16575093567371368,0.0007,0.9839234948158264,-0.07735209167003632,2680,-12.132499160000002,0.04,150.0
6861,53640,2682,7,-2.102853298187256,0.3042808771133423,0.0007,0.9868395924568176,-0.6801670789718628,2681,-12.132499160000002,0.04,150.0
6862,53660,2683,7,-2.1098504066467285,0.1944502592086792,0.0007,0.985467791557312,-0.39228391647338867,2682,-12.132499160000002,0.04,150.0
6862,53680,2684,7,-2.0834269523620605,0.07159380614757538,0.0007,0.9933964610099792,-0.15828189253807068,2683,-12.132499160000002,0.04,150.0
6862,53700,2685,7,-2.040292263031006,2.7605807781219482,0.0007,0.8751664161682129,1.7180912494659424,2684,-12.132499160000002,0.04,150.0
6863,53720,2686,7,-2.024462938308716,0.19071725010871887,0.0007,0.9838497042655945,0.3140367567539215,2685,-12.132499160000002,0.04,150.0
6863,53740,2687,7,-1.986140489578247,0.14163418114185333,0.0007,0.988692045211792,-0.47392335534095764,2686,-12.132499160000002,0.04,150.0
6863,53760,2688,7,-1.9645788669586182,0.5556575655937195,0.0007,0.8715064525604248,0.7270017862319946,2687,-12.132499160000002,0.04,150.0
6864,53780,2689,7,-2.050963878631592,0.23711784183979034,0.0007,0.9498504400253296,-0.5982309579849243,2688,-12.132499160000002,0.04,150.0
6864,53800,2690,7,-2.079979181289673,0.9360077977180481,0.0007,0.42936646938323975,1.0070948600769043,2689,-12.132499160000002,0.04,150.0
6864,53820,2691,7,-1.9316365718841553,0.10448155552148819,0.0007,0.9683772325515747,-0.42668819427490234,2690,-12.132499160000002,0.04,150.0
6865,53840,2692,7,-2.0319628715515137,0.2197333574295044,0.0007,0.6760473847389221,-0.35015201568603516,2691,-12.132499160000002,0.04,150.0
6865,53860,2693,7,-2.0120487213134766,0.5373257398605347,0.0007,0.11898171901702881,0.15791933238506317,2692,-12.132499160000002,0.04,150.0
6865,53880,2694,7,-2.049215793609619,0.45988041162490845,0.0007,0.06806480884552002,-0.06544804573059082,2693,-12.132499160000002,0.04,150.0
6866,53900,2695,7,-1.9377294778823853,0.019337894394993782,0.0007,0.7641046047210693,-0.16551484167575836,2694,-12.132499160000002,0.04,150.0
6866,53920,2696,7,-1.974422812461853,0.05080542713403702,0.0007,0.5867555141448975,-0.13721582293510437,2695,-12.132499160000002,0.04,150.0
6866,53940,2697,7,-2.014181613922119,0.0780615359544754,0.0007,0.4151790142059326,0.12324272096157074,2696,-12.132499160000002,0.04,150.0
6866,53960,2698,7,-2.0067195892333984,0.21417737007141113,0.0007,0.2736419439315796,0.4174257218837738,2697,-12.132499160000002,0.04,150.0
6866,53980,2699,7,-2.013820171356201,0.7148504257202148,0.0007,0.12515485286712646,0.8116401433944702,2698,-12.132499160000002,0.04,150.0
6866,54000,2700,7,-2.0077996253967285,0.3753816485404968,0.0007,0.2317882776260376,0.5648148655891418,2699,-12.361912519999997,0.04,150.0
6866,54020,2701,7,-2.084153890609741,0.03651869297027588,0.0007,0.5671252012252808,0.14275404810905457,2700,-12.361912519999997,0.04,150.0
6866,54040,2702,7,-1.971742868423462,0.2927091419696808,0.0007,0.6540979146957397,0.7929299473762512,2701,-12.361912519999997,0.04,150.0
6867,54060,2703,7,-2.006218671798706,0.1929030418395996,0.0007,0.9044322967529297,0.09516850858926773,2702,-12.361912519999997,0.04,150.0
6867,54080,2704,7,-2.0135388374328613,0.22063203155994415,0.0007,0.9446619749069214,0.5359092950820923,2703,-12.361912519999997,0.04,150.0
6867,54100,2705,7,-2.011133909225464,0.7678969502449036,0.0007,0.5230382680892944,0.3597807288169861,2704,-12.361912519999997,0.04,150.0
6867,54120,2706,7,-2.0385100841522217,0.24483004212379456,0.0007,0.9022430777549744,-0.1936868280172348,2705,-12.361912519999997,0.04,150.0
6868,54140,2707,7,-1.9765615463256836,0.30734431743621826,0.0007,0.9146009087562561,0.3093678951263428,2706,-12.361912519999997,0.04,150.0
6868,54160,2708,7,-2.083869457244873,0.38184061646461487,0.0007,0.9271125793457031,-0.5276104211807251,2707,-12.361912519999997,0.04,150.0
6869,54180,2709,7,-2.0611395835876465,0.5003647804260254,0.0007,0.9010534882545471,-0.41603198647499084,2708,-12.361912519999997,0.04,150.0
6869,54200,2710,7,-2.05254864692688,1.1233991384506226,0.0007,0.7868507504463196,0.1863078474998474,2709,-12.361912519999997,0.04,150.0
6869,54220,2711,7,-2.089799404144287,0.3383287191390991,0.0007,0.9561321139335632,-0.12654322385787964,2710,-12.361912519999997,0.04,150.0
6869,54240,2712,7,-2.1315770149230957,0.2475273311138153,0.0007,0.9906051754951477,-0.7781945466995239,2711,-12.361912519999997,0.04,150.0
6870,54260,2713,7,-2.0970253944396973,1.4933421611785889,0.0007,0.911651074886322,0.5877574682235718,2712,-12.361912519999997,0.04,150.0
6870,54280,2714,7,-2.0010457038879395,0.8970926403999329,0.0007,0.972679853439331,1.0017778873443604,2713,-12.361912519999997,0.04,150.0
6870,54300,2715,7,-2.0324292182922363,0.21149155497550964,0.0007,0.994458794593811,-0.5271655321121216,2714,-12.361912519999997,0.04,150.0
6871,54320,2716,7,-2.0541775226593018,0.1082431823015213,0.0007,0.9979470372200012,-0.5591022968292236,2715,-12.361912519999997,0.04,150.0
6871,54340,2717,7,-2.027700424194336,2.5196096897125244,0.0007,0.9140810966491699,1.5121829509735107,2716,-12.361912519999997,0.04,150.0
6871,54360,2718,7,-2.04191255569458,4.125500202178955,0.0007,0.8563083410263062,1.8397881984710693,2717,-12.361912519999997,0.04,150.0
6871,54380,2719,7,-2.015174150466919,0.26440244913101196,0.0007,0.9907194375991821,-0.43334856629371643,2718,-12.361912519999997,0.04,150.0
6872,54400,2720,7,-1.9502089023590088,3.3673834800720215,0.0007,0.9361780285835266,1.3098307847976685,2719,-12.361912519999997,0.04,150.0
6872,54420,2721,7,-1.9694236516952515,0.12232436239719391,0.0007,0.9978575110435486,-0.30825504660606384,2720,-12.361912519999997,0.04,150.0
6872,54440,2722,7,-1.9341747760772705,0.1254204958677292,0.0007,0.998403787612915,-0.5705425143241882,2721,-12.361912519999997,0.04,150.0
6872,54460,2723,7,-1.901943564414978,0.060903362929821014,0.0007,0.997905433177948,-0.32673847675323486,2722,-12.361912519999997,0.04,150.0
6873,54480,2724,7,-1.9795554876327515,1.2146228551864624,0.0007,0.9421434998512268,1.0042150020599365,2723,-12.361912519999997,0.04,150.0
6873,54500,2725,7,-1.9759571552276611,0.17840270698070526,0.0007,0.9887501001358032,-0.2831045687198639,2724,-12.361912519999997,0.04,150.0
6873,54520,2726,7,-1.9733909368515015,0.21231389045715332,0.0007,0.9907835721969604,0.4136437773704529,2725,-12.361912519999997,0.04,150.0
6874,54540,2727,7,-1.9506289958953857,0.04811779409646988,0.0007,0.998903214931488,-0.3063752353191376,2726,-12.361912519999997,0.04,150.0
6874,54560,2728,7,-1.8684661388397217,0.3990584909915924,0.0007,0.9822617173194885,0.29679811000823975,2727,-12.361912519999997,0.04,150.0
6874,54580,2729,7,-1.8122224807739258,0.11584562063217163,0.0007,0.9964842796325684,-0.12924166023731232,2728,-12.361912519999997,0.04,150.0
6874,54600,2730,7,-1.869866967201233,0.05599319189786911,0.0007,0.9993250370025635,-0.28627052903175354,2729,-12.27370419,0.05,150.0
6875,54620,2731,7,-1.8606446981430054,5.881315231323242,0.0007,0.9221352934837341,1.904646635055542,2730,-12.27370419,0.05,150.0
6875,54640,2732,7,-2.024784564971924,0.05566582828760147,0.0007,0.9262650012969971,-0.30947455763816833,2731,-12.27370419,0.05,150.0
6875,54660,2733,7,-2.051973819732666,0.504761815071106,0.0007,0.646710991859436,0.4233204424381256,2732,-12.27370419,0.05,150.0
6875,54680,2734,7,-2.0565128326416016,0.4284172058105469,0.0007,0.8818184733390808,-0.013872670941054821,2733,-12.27370419,0.05,150.0
6876,54700,2735,7,-2.084738254547119,0.792028546333313,0.0007,0.8964839577674866,-1.3365519046783447,2734,-12.27370419,0.05,150.0
6876,54720,2736,7,-2.0393736362457275,0.3044157028198242,0.0007,0.8793554902076721,0.37170422077178955,2735,-12.27370419,0.05,150.0
6876,54740,2737,7,-2.033111572265625,0.1582174152135849,0.0007,0.9276619553565979,-0.48307162523269653,2736,-12.27370419,0.05,150.0
6876,54760,2738,7,-2.0671699047088623,0.48978614807128906,0.0007,0.8670111894607544,-0.5566784143447876,2737,-12.27370419,0.05,150.0
6877,54780,2739,7,-2.0591113567352295,0.6977417469024658,0.0007,0.8834913372993469,-1.0065500736236572,2738,-12.27370419,0.05,150.0
6877,54800,2740,7,-2.043980598449707,0.983648955821991,0.0007,0.8482497930526733,-0.3382948040962219,2739,-12.27370419,0.05,150.0
6877,54820,2741,7,-1.8921887874603271,0.31247183680534363,0.0007,0.9520739912986755,0.4820082187652588,2740,-12.27370419,0.05,150.0
6878,54840,2742,7,-2.085655927658081,0.5660673379898071,0.0007,0.9519001841545105,0.368837833404541,2741,-12.27370419,0.05,150.0
6878,54860,2743,7,-2.050067901611328,0.9522953033447266,0.0007,0.96333247423172,-1.4338874816894531,2742,-12.27370419,0.05,150.0
6878,54880,2744,7,-2.0477054119110107,1.145424723625183,0.0007,0.7954003214836121,0.38759467005729675,2743,-12.27370419,0.05,150.0
6879,54900,2745,7,-2.052818775177002,1.1633518934249878,0.0007,0.8952595591545105,0.4085691571235657,2744,-12.27370419,0.05,150.0
6879,54920,2746,7,-2.0584473609924316,0.8782941699028015,0.0007,0.942394495010376,-0.13253366947174072,2745,-12.27370419,0.05,150.0
6879,54940,2747,7,-1.9559745788574219,1.5353755950927734,0.0007,0.773642361164093,-0.24377994239330292,2746,-12.27370419,0.05,150.0
6879,54960,2748,7,-1.8459932804107666,0.7816572189331055,0.0007,0.7881028652191162,-0.3402132987976074,2747,-12.27370419,0.05,150.0
6880,54980,2749,7,-1.9339923858642578,0.4882121980190277,0.0007,0.9050478935241699,0.4087000787258148,2748,-12.27370419,0.05,150.0
6880,55000,2750,7,-1.9952201843261719,0.25957420468330383,0.0007,0.948264479637146,-0.34782925248146057,2749,-12.27370419,0.05,150.0
6880,55020,2751,7,-1.958448052406311,0.2770940959453583,0.0007,0.9255995154380798,-0.6381037831306458,2750,-12.27370419,0.05,150.0
6881,55040,2752,7,-2.012723445892334,1.6555509567260742,0.0007,0.5552113056182861,0.8659377098083496,2751,-12.27370419,0.05,150.0
6881,55060,2753,8,-2.0159192085266113,1.1231842041015625,0.0007,0.8039803504943848,1.2692086696624756,2752,-12.27370419,0.05,150.0
6881,55080,2754,8,-1.9367434978485107,0.16782605648040771,0.0007,0.9491764903068542,-0.7036077976226807,2753,-12.27370419,0.05,150.0
6882,55100,2755,8,-1.9774154424667358,0.1640808880329132,0.0007,0.1707562804222107,-0.5329424142837524,2754,-12.27370419,0.05,150.0
6882,55120,2756,8,-2.0231964588165283,0.06984733045101166,0.0007,0.7198302745819092,-0.39718082547187805,2755,-12.27370419,0.05,150.0
6882,55140,2757,8,-2.0699877738952637,0.059762515127658844,0.0007,0.06956785917282104,-0.35905200242996216,2756,-12.27370419,0.05,150.0
6883,55160,2758,8,-2.037421703338623,0.01704130694270134,0.0007,0.09059691429138184,0.08453357219696045,2757,-12.27370419,0.05,150.0
6883,55180,2759,8,-2.009300708770752,0.02152676321566105,0.0007,-0.5060598850250244,-0.05339545011520386,2758,-12.27370419,0.05,150.0
6883,55200,2760,8,-2.0878021717071533,0.02156929485499859,0.0007,0.5196177363395691,-0.06926148384809494,2759,-12.153576569999998,0.05,150.0
6883,55220,2761,8,-2.109388828277588,0.014900872483849525,0.0007,0.5483954548835754,-0.02569042146205902,2760,-12.153576569999998,0.05,150.0
6884,55240,2762,8,-1.8524833917617798,0.24366793036460876,0.0007,0.8139304518699646,0.3071750998497009,2761,-12.153576569999998,0.05,150.0
6884,55260,2763,8,-1.9254100322723389,0.7259362936019897,0.0007,0.8166381120681763,-0.6029715538024902,2762,-12.153576569999998,0.05,150.0
6884,55280,2764,8,-2.0000224113464355,0.2600480318069458,0.0007,0.953156590461731,-0.5084091424942017,2763,-12.153576569999998,0.05,150.0
6885,55300,2765,8,-2.0527420043945312,0.06840138137340546,0.0007,0.9847264885902405,0.04540707916021347,2764,-12.153576569999998,0.05,150.0
6885,55320,2766,8,-2.0277187824249268,0.3964541554450989,0.0007,0.9106422662734985,0.1285698264837265,2765,-12.153576569999998,0.05,150.0
6886,55340,2767,8,-2.029949188232422,0.29318171739578247,0.0007,0.9542403817176819,-0.3984648883342743,2766,-12.153576569999998,0.05,150.0
6886,55360,2768,8,-2.0368027687072754,0.6111835241317749,0.0007,0.8173162341117859,0.49541646242141724,2767,-12.153576569999998,0.05,150.0
6886,55380,2769,8,-2.0103862285614014,1.6951916217803955,0.0007,0.1028779149055481,0.679085373878479,2768,-12.153576569999998,0.05,150.0
6887,55400,2770,8,-2.085500478744507,0.2381281852722168,0.0007,0.9029471278190613,-0.5267787575721741,2769,-12.153576569999998,0.05,150.0
6887,55420,2771,8,-2.1002087593078613,0.29732123017311096,0.0007,0.9049887657165527,0.4496101438999176,2770,-12.153576569999998,0.05,150.0
6887,55440,2772,8,-2.1066792011260986,0.1569129228591919,0.0007,0.9496086835861206,-0.16104522347450256,2771,-12.153576569999998,0.05,150.0
6888,55460,2773,8,-1.9918245077133179,0.10184917598962784,0.0007,0.9760237336158752,-0.42000293731689453,2772,-12.153576569999998,0.05,150.0
6888,55480,2774,8,-2.064668655395508,0.4093453884124756,0.0007,0.9085521101951599,0.6026986837387085,2773,-12.153576569999998,0.05,150.0
6888,55500,2775,8,-2.0870728492736816,0.10827594995498657,0.0007,0.9678155183792114,-0.22476749122142792,2774,-12.153576569999998,0.05,150.0
6888,55520,2776,8,-2.082059383392334,2.3798012733459473,0.0007,0.7445445656776428,1.3865007162094116,2775,-12.153576569999998,0.05,150.0
6889,55540,2777,8,-2.099287271499634,0.05582428723573685,0.0007,0.9915809035301208,-0.26286524534225464,2776,-12.153576569999998,0.05,150.0
6889,55560,2778,8,-2.102186679840088,0.19462257623672485,0.0007,0.9524564743041992,0.18914327025413513,2777,-12.153576569999998,0.05,150.0
6889,55580,2779,8,-2.0506393909454346,0.8674772381782532,0.0007,0.9014456868171692,0.26231464743614197,2778,-12.153576569999998,0.05,150.0
6890,55600,2780,8,-2.093078136444092,0.2938099205493927,0.0007,0.9711750745773315,-0.358137309551239,2779,-12.153576569999998,0.05,150.0
6890,55620,2781,8,-2.1061794757843018,0.9080894589424133,0.0007,0.846404492855072,0.4762158989906311,2780,-12.153576569999998,0.05,150.0
6890,55640,2782,8,-2.078404664993286,0.1093088760972023,0.0007,0.98312908411026,0.16908809542655945,2781,-12.153576569999998,0.05,150.0
6891,55660,2783,8,-2.103476047515869,0.5896075963973999,0.0007,0.8646586537361145,0.31598931550979614,2782,-12.153576569999998,0.05,150.0
6891,55680,2784,8,-2.083319902420044,0.10027589648962021,0.0007,0.9459030628204346,0.16811612248420715,2783,-12.153576569999998,0.05,150.0
6891,55700,2785,8,-2.0866503715515137,0.08283005654811859,0.0007,0.8843299150466919,-0.0757700502872467,2784,-12.153576569999998,0.05,150.0
6892,55720,2786,8,-2.0696768760681152,0.14863033592700958,0.0007,-0.8896617889404297,-0.505255937576294,2785,-12.153576569999998,0.05,150.0
6892,55740,2787,8,-2.108952045440674,0.03620556741952896,0.0007,0.37158048152923584,-0.18285708129405975,2786,-12.153576569999998,0.05,150.0
6892,55760,2788,8,-2.0728282928466797,0.06619532406330109,0.0007,0.22807317972183228,0.2827836871147156,2787,-12.153576569999998,0.05,150.0
6892,55780,2789,8,-2.099721908569336,0.065420962870121,0.0007,0.24123811721801758,-0.02046499215066433,2788,-12.153576569999998,0.05,150.0
6892,55800,2790,8,-2.1399054527282715,0.23862218856811523,0.0007,-0.011516094207763672,0.3209690451622009,2789,-11.87147618,0.05,150.0
6893,55820,2791,8,-2.086026668548584,0.4152320325374603,0.0007,0.07506728172302246,0.5212646722793579,2790,-11.87147618,0.05,150.0
6893,55840,2792,8,-1.8836456537246704,0.08960208296775818,0.0007,0.8999232649803162,0.2561342120170593,2791,-11.87147618,0.05,150.0
6893,55860,2793,8,-1.940219521522522,0.06761379539966583,0.0007,0.879896342754364,-0.20763501524925232,2792,-11.87147618,0.05,150.0
6894,55880,2794,8,-1.9582016468048096,0.18910525739192963,0.0007,-0.1747664213180542,-0.08694703876972198,2793,-11.87147618,0.05,150.0
6894,55900,2795,8,-1.7103748321533203,0.3889898359775543,0.0007,0.7235007286071777,-0.8499536514282227,2794,-11.87147618,0.05,150.0
6894,55920,2796,8,-1.77230703830719,0.4254634976387024,0.0007,0.5112033486366272,-0.4877658486366272,2795,-11.87147618,0.05,150.0
6895,55940,2797,8,-1.8680137395858765,0.23876464366912842,0.0007,0.8191169500350952,-0.30978450179100037,2796,-11.87147618,0.05,150.0
6895,55960,2798,8,-2.0133659839630127,0.21300062537193298,0.0007,0.8805965185165405,0.1769568920135498,2797,-11.87147618,0.05,150.0
6895,55980,2799,8,-2.1162166595458984,0.07737097889184952,0.0007,0.974608302116394,0.055555593222379684,2798,-11.87147618,0.05,150.0
6895,56000,2800,8,-2.113508701324463,0.061845771968364716,0.0007,0.9900223612785339,0.17120102047920227,2799,-11.87147618,0.05,150.0
6896,56020,2801,8,-2.104722261428833,0.14288440346717834,0.0007,0.9863055944442749,-0.2008332908153534,2800,-11.87147618,0.05,150.0
6896,56040,2802,8,-2.1270592212677,0.06768640130758286,0.0007,0.9954172372817993,0.16848993301391602,2801,-11.87147618,0.05,150.0
6896,56060,2803,8,-2.134826183319092,0.04365410655736923,0.0007,0.9989149570465088,0.30245906114578247,2802,-11.87147618,0.05,150.0
6897,56080,2804,8,-2.1224682331085205,0.019871097058057785,0.0007,0.9991515874862671,0.042802877724170685,2803,-11.87147618,0.05,150.0
6897,56100,2805,8,-2.073411226272583,0.5987762212753296,0.0007,0.9669084548950195,0.03567814826965332,2804,-11.87147618,0.05,150.0
6897,56120,2806,8,-2.1002819538116455,0.9857403635978699,0.0007,0.9653024077415466,0.8032945394515991,2805,-11.87147618,0.05,150.0
6898,56140,2807,8,-2.0928165912628174,1.2269213199615479,0.0007,0.9749041795730591,1.178539514541626,2806,-11.87147618,0.05,150.0
6898,56160,2808,8,-1.9433460235595703,0.5559640526771545,0.0007,0.9801374077796936,-0.25616490840911865,2807,-11.87147618,0.05,150.0
6898,56180,2809,8,-1.9836652278900146,0.5362826585769653,0.0007,0.9597280621528625,-0.23183569312095642,2808,-11.87147618,0.05,150.0
6899,56200,2810,8,-2.0133776664733887,0.5684319734573364,0.0007,0.9156164526939392,0.6019720435142517,2809,-11.87147618,0.05,150.0
6899,56220,2811,8,-1.9532005786895752,0.09440990537405014,0.0007,0.9739668369293213,-0.06329932063817978,2810,-11.87147618,0.05,150.0
6899,56240,2812,8,-1.962810754776001,0.2987702786922455,0.0007,0.8414679169654846,0.5664414167404175,2811,-11.87147618,0.05,150.0
6900,56260,2813,8,-1.9363899230957031,3.0438809394836426,0.0007,0.35896384716033936,1.397434115409851,2812,-11.87147618,0.05,150.0
6900,56280,2814,8,-1.910241723060608,0.08942531049251556,0.0007,0.9382364749908447,-0.011938601732254028,2813,-11.87147618,0.05,150.0
6900,56300,2815,8,-1.715488076210022,0.12633949518203735,0.0007,0.8028799295425415,-0.04361733794212341,2814,-11.87147618,0.05,150.0
6901,56320,2816,8,-1.7685569524765015,0.11941225826740265,0.0007,0.6401849985122681,0.0664830207824707,2815,-11.87147618,0.05,150.0
6901,56340,2817,8,-1.8875198364257812,0.09873934835195541,0.0007,0.22548305988311768,0.12152222543954849,2816,-11.87147618,0.05,150.0
6901,56360,2818,8,-2.0257389545440674,0.004143177531659603,0.0007,0.9602785110473633,-0.034271009266376495,2817,-11.87147618,0.05,150.0
6902,56380,2819,8,-2.057614326477051,0.007624480873346329,0.0007,0.9388161301612854,-0.046759556978940964,2818,-11.87147618,0.05,150.0
6902,56400,2820,8,-2.07962965965271,0.020519275218248367,0.0007,0.815265417098999,0.12236058712005615,2819,-11.83845887,0.05,150.0
6902,56420,2821,8,-2.087465763092041,0.02916022576391697,0.0007,0.8392764329910278,0.023480381816625595,2820,-11.83845887,0.05,150.0
6902,56440,2822,8,-1.8342567682266235,0.31960612535476685,0.0007,0.7763961553573608,-0.6756271123886108,2821,-11.83845887,0.05,150.0
6903,56460,2823,8,-1.9401499032974243,0.4016287326812744,0.0007,-3.078108310699463,0.13404878973960876,2822,-11.83845887,0.05,150.0
6903,56480,2824,8,-1.9894132614135742,0.41557055711746216,0.0007,0.38276225328445435,-0.7335604429244995,2823,-11.83845887,0.05,150.0
6903,56500,2825,8,-2.057562828063965,3.220714569091797,0.0007,0.5568994879722595,1.2364641427993774,2824,-11.83845887,0.05,150.0
6904,56520,2826,8,-2.0689823627471924,0.45030078291893005,0.0007,0.9024046063423157,-0.8345576524734497,2825,-11.83845887,0.05,150.0
6904,56540,2827,8,-2.0887157917022705,0.1346791684627533,0.0007,0.955459713935852,-0.35054290294647217,2826,-11.83845887,0.05,150.0
6905,56560,2828,8,-2.0851831436157227,0.14770734310150146,0.0007,0.961894690990448,-0.6445690393447876,2827,-11.83845887,0.05,150.0
6905,56580,2829,8,-2.074455738067627,0.7587522268295288,0.0007,0.7588751316070557,0.4054141938686371,2828,-11.83845887,0.05,150.0
6905,56600,2830,8,-2.0628514289855957,0.6827366948127747,0.0007,0.7239869832992554,0.3735446333885193,2829,-11.83845887,0.05,150.0
6906,56620,2831,8,-2.0430209636688232,1.4309844970703125,0.0007,0.747747540473938,1.2656276226043701,2830,-11.83845887,0.05,150.0
6906,56640,2832,8,-2.0449700355529785,0.12383823096752167,0.0007,0.9482215046882629,0.02119618095457554,2831,-11.83845887,0.05,150.0
6906,56660,2833,8,-2.0514798164367676,0.07786047458648682,0.0007,0.9532362818717957,-0.16123123466968536,2832,-11.83845887,0.05,150.0
6906,56680,2834,8,-2.039764881134033,0.7151532769203186,0.0007,-0.4265930652618408,0.6814296841621399,2833,-11.83845887,0.05,150.0
6907,56700,2835,8,-2.024413585662842,1.712969422340393,0.0007,0.6206951141357422,1.076591968536377,2834,-11.83845887,0.05,150.0
6907,56720,2836,8,-2.063004493713379,2.228832244873047,0.0007,0.6668521165847778,1.4128563404083252,2835,-11.83845887,0.05,150.0
6908,56740,2837,8,-2.090324878692627,0.10957495868206024,0.0007,0.9677975177764893,-0.14989206194877625,2836,-11.83845887,0.05,150.0
6908,56760,2838,8,-2.0602266788482666,0.41947564482688904,0.0007,0.8345456719398499,-0.15302035212516785,2837,-11.83845887,0.05,150.0
6908,56780,2839,8,-2.0840086936950684,0.08093749731779099,0.0007,0.937138020992279,0.04051515460014343,2838,-11.83845887,0.05,150.0
6909,56800,2840,8,-2.102477550506592,0.3048117756843567,0.0007,0.7341932058334351,0.1941390484571457,2839,-11.83845887,0.05,150.0
6909,56820,2841,8,-2.008631944656372,1.1460188627243042,0.0007,0.6487870216369629,0.7666543126106262,2840,-11.83845887,0.05,150.0
6909,56840,2842,8,-2.056476593017578,2.6803126335144043,0.0007,-0.2834510803222656,1.4208496809005737,2841,-11.83845887,0.05,150.0
6910,56860,2843,8,-1.9541807174682617,0.8480948209762573,0.0007,0.7335295677185059,1.1299816370010376,2842,-11.83845887,0.05,150.0
6910,56880,2844,8,-1.8620471954345703,3.694680690765381,0.0007,-0.5161315202713013,1.8357025384902954,2843,-11.83845887,0.05,150.0
6910,56900,2845,8,-1.883195161819458,0.03489527106285095,0.0007,0.9281449913978577,0.16964533925056458,2844,-11.83845887,0.05,150.0
6911,56920,2846,8,-1.9433424472808838,0.5060914158821106,0.0007,0.20271426439285278,-0.14780831336975098,2845,-11.83845887,0.05,150.0
6911,56940,2847,8,-2.026325225830078,0.09800465404987335,0.0007,0.6989480257034302,-0.030355041846632957,2846,-11.83845887,0.05,150.0
6911,56960,2848,8,-1.9859228134155273,0.05004354566335678,0.0007,0.7943241596221924,-0.18953049182891846,2847,-11.83845887,0.05,150.0
6912,56980,2849,8,-2.043851375579834,0.09391497075557709,0.0007,0.7546818256378174,-0.09250855445861816,2848,-11.83845887,0.05,150.0
6912,57000,2850,8,-2.052119731903076,0.33604103326797485,0.0007,0.36439085006713867,0.22234293818473816,2849,-11.859117619999996,0.05,150.0
6912,57020,2851,8,-2.0259881019592285,0.36339467763900757,0.0007,0.1718299388885498,0.40116676688194275,2850,-11.859117619999996,0.05,150.0
6912,57040,2852,8,-1.9454952478408813,0.0336952731013298,0.0007,0.9433034062385559,0.10083270072937012,2851,-11.859117619999996,0.05,150.0
6913,57060,2853,8,-2.0044853687286377,0.16585597395896912,0.0007,0.9154347777366638,-0.18128496408462524,2852,-11.859117619999996,0.05,150.0
6913,57080,2854,8,-1.9476935863494873,0.30131787061691284,0.0007,0.9444334506988525,0.5317229628562927,2853,-11.859117619999996,0.05,150.0
6913,57100,2855,8,-2.0262699127197266,0.054849423468112946,0.0007,0.9927739500999451,-0.25618502497673035,2854,-11.859117619999996,0.05,150.0
6914,57120,2856,8,-2.0620360374450684,0.19282422959804535,0.0007,0.9616127014160156,0.031529296189546585,2855,-11.859117619999996,0.05,150.0
6914,57140,2857,8,-2.0874276161193848,0.1448734551668167,0.0007,0.9760816097259521,-0.4513322710990906,2856,-11.859117619999996,0.05,150.0
6915,57160,2858,8,-2.041762113571167,1.097293496131897,0.0007,0.6979235410690308,0.7303282618522644,2857,-11.859117619999996,0.05,150.0
6915,57180,2859,8,-2.051111936569214,0.240207239985466,0.0007,0.9397298097610474,-0.4156562387943268,2858,-11.859117619999996,0.05,150.0
6915,57200,2860,8,-2.043147563934326,0.14749076962471008,0.0007,0.9583331346511841,0.2567934989929199,2859,-11.859117619999996,0.05,150.0
6915,57220,2861,8,-2.056640386581421,0.1726687103509903,0.0007,0.9610581398010254,0.08155427873134613,2860,-11.859117619999996,0.05,150.0
6916,57240,2862,8,-2.061767816543579,0.2762041389942169,0.0007,0.9152196645736694,-0.19682621955871582,2861,-11.859117619999996,0.05,150.0
6916,57260,2863,8,-2.0386645793914795,0.14218038320541382,0.0007,0.9609519243240356,0.0026500702369958162,2862,-11.859117619999996,0.05,150.0
6916,57280,2864,8,-2.0262374877929688,1.6480598449707031,0.0007,0.855701744556427,0.7238605618476868,2863,-11.859117619999996,0.05,150.0
6917,57300,2865,8,-2.066981792449951,0.3267713785171509,0.0007,0.9769457578659058,0.3118317723274231,2864,-11.859117619999996,0.05,150.0
6917,57320,2866,8,-2.037783622741699,1.8002163171768188,0.0007,0.7830657958984375,0.5302015542984009,2865,-11.859117619999996,0.05,150.0
6917,57340,2867,8,-2.0173327922821045,1.3368405103683472,0.0007,0.48494720458984375,-0.12357404083013535,2866,-11.859117619999996,0.05,150.0
6917,57360,2868,8,-2.0378451347351074,0.7346261739730835,0.0007,0.7085060477256775,0.8894354104995728,2867,-11.859117619999996,0.05,150.0
6918,57380,2869,8,-2.0607142448425293,1.8374134302139282,0.0007,-0.20604467391967773,0.7365770936012268,2868,-11.859117619999996,0.05,150.0
6918,57400,2870,8,-1.9423553943634033,2.7799012660980225,0.0007,0.46556246280670166,1.0986311435699463,2869,-11.859117619999996,0.05,150.0
6918,57420,2871,8,-1.9036953449249268,0.31928887963294983,0.0007,0.9309144020080566,-0.7862946391105652,2870,-11.859117619999996,0.05,150.0
6919,57440,2872,8,-1.8868598937988281,0.28611475229263306,0.0007,0.8514962792396545,-0.5054253339767456,2871,-11.859117619999996,0.05,150.0
6919,57460,2873,8,-1.9263725280761719,0.18168461322784424,0.0007,0.9322595596313477,-0.668753445148468,2872,-11.859117619999996,0.05,150.0
6919,57480,2874,8,-1.8223316669464111,0.24551722407341003,0.0007,0.8115482330322266,-0.030032342299818993,2873,-11.859117619999996,0.05,150.0
6920,57500,2875,8,-1.7222388982772827,0.20013153553009033,0.0007,0.8408560156822205,-0.4825196862220764,2874,-11.859117619999996,0.05,150.0
6920,57520,2876,8,-1.778580904006958,0.10450448095798492,0.0007,0.8866563439369202,-0.11732473224401474,2875,-11.859117619999996,0.05,150.0
6920,57540,2877,8,-1.8974525928497314,0.05790983512997627,0.0007,0.9335042238235474,-0.34190693497657776,2876,-11.859117619999996,0.05,150.0
6921,57560,2878,8,-2.025214910507202,0.05927131325006485,0.0007,0.8684876561164856,-0.22719642519950867,2877,-11.859117619999996,0.05,150.0
6921,57580,2879,8,-2.0082790851593018,0.04207653924822807,0.0007,0.8037266135215759,-0.04641132801771164,2878,-11.859117619999996,0.05,150.0
6921,57600,2880,8,-2.066683769226074,0.052414365112781525,0.0007,0.8378912806510925,-0.35564154386520386,2879,-11.50597244,0.05,150.0
6921,57620,2881,8,-1.9911257028579712,0.09596632421016693,0.0007,0.6361942291259766,-0.3688855767250061,2880,-11.50597244,0.05,150.0
6921,57640,2882,8,-1.9792438745498657,0.5472042560577393,0.0007,0.8005086183547974,-0.9539797902107239,2881,-11.50597244,0.05,150.0
6921,57660,2883,8,-1.9995101690292358,0.2811439633369446,0.0007,0.8175342679023743,-0.5760993361473083,2882,-11.50597244,0.05,150.0
6921,57680,2884,8,-1.9952380657196045,0.1138143539428711,0.0007,0.9081617593765259,0.09256071597337723,2883,-11.50597244,0.05,150.0
6921,57700,2885,8,-1.9989484548568726,0.3018287122249603,0.0007,0.813345193862915,-0.026466894894838333,2884,-11.50597244,0.05,150.0
6921,57720,2886,8,-1.939630150794983,0.15705053508281708,0.0007,0.978527843952179,-0.5821310877799988,2885,-11.50597244,0.05,150.0
6921,57740,2887,8,-2.0000357627868652,0.07332440465688705,0.0007,0.963787853717804,-0.1248546615242958,2886,-11.50597244,0.05,150.0
6921,57760,2888,8,-2.0799176692962646,0.4316982328891754,0.0007,0.7777677774429321,0.4062029719352722,2887,-11.50597244,0.05,150.0
6921,57780,2889,8,-1.9807981252670288,0.09916015714406967,0.0007,0.9432789087295532,0.010338837280869484,2888,-11.50597244,0.05,150.0
6921,57800,2890,8,-2.0537822246551514,0.09121101349592209,0.0007,0.9683146476745605,0.19304656982421875,2889,-11.50597244,0.05,150.0
6921,57820,2891,8,-2.060241937637329,0.17839209735393524,0.0007,0.956448495388031,-0.4514557421207428,2890,-11.50597244,0.05,150.0
6922,57840,2892,8,-2.0380396842956543,0.26599058508872986,0.0007,0.9127871990203857,-0.3314683735370636,2891,-11.50597244,0.05,150.0
6921,57860,2893,8,-2.07319712638855,0.5001652240753174,0.0007,0.860690712928772,0.7378978133201599,2892,-11.50597244,0.05,150.0
6921,57880,2894,8,-2.016573429107666,1.4052797555923462,0.0007,0.23194050788879395,1.731646180152893,2893,-11.50597244,0.05,150.0
6921,57900,2895,8,-2.0134928226470947,1.4626023769378662,0.0007,0.5839195251464844,0.8032499551773071,2894,-11.50597244,0.05,150.0
6922,57920,2896,8,-2.085111379623413,0.13124142587184906,0.0007,0.9385307431221008,0.38649362325668335,2895,-11.50597244,0.05,150.0
6922,57940,2897,8,-2.032719373703003,0.03461547940969467,0.0007,0.9872890710830688,-0.23642082512378693,2896,-11.50597244,0.05,150.0
6922,57960,2898,8,-2.034392833709717,0.7135995626449585,0.0007,0.8121539354324341,1.106489896774292,2897,-11.50597244,0.05,150.0
6922,57980,2899,8,-1.9238300323486328,0.3082229495048523,0.0007,0.8697916269302368,0.04157702997326851,2898,-11.50597244,0.05,150.0
6922,58000,2900,8,-1.975272536277771,0.16781406104564667,0.0007,0.9554908275604248,0.4651563763618469,2899,-11.50597244,0.05,150.0
6923,58020,2901,8,-2.021559238433838,0.1363377422094345,0.0007,0.938143789768219,-0.35140615701675415,2900,-11.50597244,0.05,150.0
6923,58040,2902,8,-2.0127692222595215,1.146789789199829,0.0007,0.7729358077049255,0.4395093321800232,2901,-11.50597244,0.05,150.0
6923,58060,2903,8,-2.0862936973571777,0.09069207310676575,0.0007,0.9743260145187378,0.3902546465396881,2902,-11.50597244,0.05,150.0
6923,58080,2904,8,-2.018651247024536,0.0959506630897522,0.0007,0.9525291919708252,-0.3463286757469177,2903,-11.50597244,0.05,150.0
6923,58100,2905,8,-2.0816643238067627,0.1857040673494339,0.0007,0.47275835275650024,-0.15917083621025085,2904,-11.50597244,0.05,150.0
6923,58120,2906,8,-2.0622951984405518,0.05037752911448479,0.0007,0.835672914981842,-0.3038782477378845,2905,-11.50597244,0.05,150.0
6923,58140,2907,8,-2.045880079269409,0.09862704575061798,0.0007,-2.007918119430542,-0.1834392100572586,2906,-11.50597244,0.05,150.0
6923,58160,2908,8,-2.0629403591156006,0.06942500174045563,0.0007,-0.2327287197113037,-0.3279690444469452,2907,-11.50597244,0.05,150.0
6924,58180,2909,8,-1.9705206155776978,0.11152023077011108,0.0007,-0.15206480026245117,-0.03130783885717392,2908,-11.50597244,0.05,150.0
6924,58200,2910,8,-2.0145676136016846,0.05761226266622543,0.0007,0.09941375255584717,-0.16261954605579376,2909,-11.626216910000004,0.05,150.0
6924,58220,2911,8,-2.0294737815856934,0.05612028390169144,0.0007,0.2948359251022339,-0.27227848768234253,2910,-11.626216910000004,0.05,150.0
6924,58240,2912,8,-1.9017835855484009,0.39877697825431824,0.0007,0.8966575264930725,-0.4437062740325928,2911,-11.626216910000004,0.05,150.0
6924,58260,2913,8,-1.8976593017578125,0.9376223683357239,0.0007,0.8929088711738586,1.2324408292770386,2912,-11.626216910000004,0.05,150.0
6924,58280,2914,8,-1.9272143840789795,0.1180351972579956,0.0007,0.9846222400665283,0.36712461709976196,2913,-11.626216910000004,0.05,150.0
6925,58300,2915,8,-1.9405549764633179,0.45235538482666016,0.0007,0.9009226560592651,-0.12838312983512878,2914,-11.626216910000004,0.05,150.0
6925,58320,2916,8,-1.8030163049697876,1.3342148065567017,0.0007,0.6673517823219299,1.4808248281478882,2915,-11.626216910000004,0.05,150.0
6925,58340,2917,8,-2.021613597869873,0.0652678832411766,0.0007,0.9870489835739136,0.29941874742507935,2916,-11.626216910000004,0.05,150.0
6925,58360,2918,8,-2.0002622604370117,0.43326807022094727,0.0007,0.8783488273620605,0.3792220652103424,2917,-11.626216910000004,0.05,150.0
6925,58380,2919,8,-2.0185985565185547,1.4248301982879639,0.0007,0.6176849603652954,0.8886896967887878,2918,-11.626216910000004,0.05,150.0
6925,58400,2920,8,-2.0170185565948486,1.2393629550933838,0.0007,0.7626585364341736,0.6177951693534851,2919,-11.626216910000004,0.05,150.0
6925,58420,2921,8,-1.9997237920761108,0.4505350589752197,0.0007,0.9500592350959778,-0.2919831871986389,2920,-11.626216910000004,0.05,150.0
6925,58440,2922,8,-2.0286333560943604,0.5598841905593872,0.0007,0.9611337780952454,0.25983914732933044,2921,-11.626216910000004,0.05,150.0
6926,58460,2923,8,-2.078577995300293,0.587121844291687,0.0007,0.9762045741081238,-0.4601363241672516,2922,-11.626216910000004,0.05,150.0
6926,58480,2924,8,-2.0669009685516357,0.479605495929718,0.0007,0.9890753626823425,0.7535717487335205,2923,-11.626216910000004,0.05,150.0
6926,58500,2925,8,-2.0373573303222656,0.8699122667312622,0.0007,0.981598973274231,-0.5755525827407837,2924,-11.626216910000004,0.05,150.0
6927,58520,2926,8,-2.0363311767578125,0.7980632781982422,0.0007,0.9864506721496582,-0.13995151221752167,2925,-11.626216910000004,0.05,150.0
6927,58540,2927,8,-2.0234386920928955,0.2618488073348999,0.0007,0.9983240365982056,-0.8117146492004395,2926,-11.626216910000004,0.05,150.0
6927,58560,2928,8,-2.018641710281372,0.5952416658401489,0.0007,0.9934086799621582,-0.9012433886528015,2927,-11.626216910000004,0.05,150.0
6927,58580,2929,8,-2.0544872283935547,0.6947705149650574,0.0007,0.9934033155441284,-1.1818773746490479,2928,-11.626216910000004,0.05,150.0
6928,58600,2930,8,-2.089268207550049,1.2330135107040405,0.0007,0.9760909676551819,0.7960032224655151,2929,-11.626216910000004,0.05,150.0
6928,58620,2931,8,-2.1004247665405273,0.6734362840652466,0.0007,0.9882150292396545,0.4381953179836273,2930,-11.626216910000004,0.05,150.0
6928,58640,2932,8,-2.1017134189605713,0.5899379849433899,0.0007,0.9919261932373047,0.6983945369720459,2931,-11.626216910000004,0.05,150.0
6929,58660,2933,8,-2.007847547531128,0.12306735664606094,0.0007,0.9981109499931335,0.005064073018729687,2932,-11.626216910000004,0.05,150.0
6929,58680,2934,8,-2.0618655681610107,0.15881535410881042,0.0007,0.9976339936256409,0.16253717243671417,2933,-11.626216910000004,0.05,150.0
6929,58700,2935,8,-2.013754367828369,0.45239418745040894,0.0007,0.9941419959068298,-0.10598449409008026,2934,-11.626216910000004,0.05,150.0
6929,58720,2936,8,-2.0596938133239746,0.10398159176111221,0.0007,0.9983710050582886,-0.18740813434123993,2935,-11.626216910000004,0.05,150.0
6930,58740,2937,8,-2.085883140563965,0.07892969995737076,0.0007,0.9994052648544312,-0.37724724411964417,2936,-11.626216910000004,0.05,150.0
6930,58760,2938,8,-2.0751452445983887,0.09753139317035675,0.0007,0.9991653561592102,-0.4851299226284027,2937,-11.626216910000004,0.05,150.0
6931,58780,2939,8,-2.012596845626831,0.2168899029493332,0.0007,0.9949620962142944,-0.15067356824874878,2938,-11.626216910000004,0.05,150.0
6931,58800,2940,8,-2.020547389984131,0.1563345044851303,0.0007,0.9973131418228149,-0.16922684013843536,2939,-11.167166450000003,0.06,150.0
6931,58820,2941,8,-2.053917407989502,5.732836723327637,0.0007,0.9531248807907104,1.6860878467559814,2940,-11.167166450000003,0.06,150.0
6931,58840,2942,8,-2.016517162322998,0.9792858362197876,0.0007,0.008065223693847656,-1.3219358921051025,2941,-11.167166450000003,0.06,150.0
6932,58860,2943,8,-2.0436758995056152,0.33368462324142456,0.0007,0.23022562265396118,-0.8543751835823059,2942,-11.167166450000003,0.06,150.0
6932,58880,2944,8,-2.022693395614624,0.46506601572036743,0.0007,0.4387625455856323,-0.4915889799594879,2943,-11.167166450000003,0.06,150.0
6932,58900,2945,8,-1.977735161781311,0.7388738989830017,0.0007,0.7781223654747009,-0.33964425325393677,2944,-11.167166450000003,0.06,150.0
6932,58920,2946,8,-1.9867194890975952,0.579367458820343,0.0007,0.9549404978752136,-1.3944947719573975,2945,-11.167166450000003,0.06,150.0
6933,58940,2947,8,-2.0048813819885254,0.2514727711677551,0.0007,0.9421873092651367,-0.7425786852836609,2946,-11.167166450000003,0.06,150.0
6933,58960,2948,8,-1.9860528707504272,0.11935961246490479,0.0007,0.9339634776115417,-0.39783257246017456,2947,-11.167166450000003,0.06,150.0
6933,58980,2949,8,-2.0415592193603516,0.22918686270713806,0.0007,0.8974546194076538,0.6876401901245117,2948,-11.167166450000003,0.06,150.0
6934,59000,2950,8,-2.0338079929351807,1.7067464590072632,0.0007,0.6942776441574097,1.2343699932098389,2949,-11.167166450000003,0.06,150.0
6934,59020,2951,8,-2.043691635131836,0.2604559063911438,0.0007,0.8412265181541443,0.22169514000415802,2950,-11.167166450000003,0.06,150.0
6934,59040,2952,8,-1.9842369556427002,0.8357949256896973,0.0007,0.46071577072143555,-0.5187780261039734,2951,-11.167166450000003,0.06,150.0
6935,59060,2953,8,-1.8519271612167358,4.524964332580566,0.0007,0.6711121797561646,2.499716281890869,2952,-11.167166450000003,0.06,150.0
6935,59080,2954,8,-1.9321718215942383,0.26219022274017334,0.0007,0.9294646382331848,0.1275903433561325,2953,-11.167166450000003,0.06,150.0
6935,59100,2955,8,-1.9348236322402954,0.6033897399902344,0.0007,0.8801607489585876,0.5297160148620605,2954,-11.167166450000003,0.06,150.0
6936,59120,2956,8,-2.0013511180877686,0.5830890536308289,0.0007,0.9009528756141663,0.6244074702262878,2955,-11.167166450000003,0.06,150.0
6936,59140,2957,8,-1.9840891361236572,0.8995969891548157,0.0007,0.8911057710647583,0.8171235918998718,2956,-11.167166450000003,0.06,150.0
6936,59160,2958,8,-2.0105977058410645,1.0004684925079346,0.0007,0.8355480432510376,1.162207841873169,2957,-11.167166450000003,0.06,150.0
6936,59180,2959,8,-2.0248913764953613,0.4874000549316406,0.0007,0.9309531450271606,0.433964341878891,2958,-11.167166450000003,0.06,150.0
6936,59200,2960,8,-2.0276451110839844,0.6265774965286255,0.0007,0.9773783683776855,-1.3904989957809448,2959,-11.167166450000003,0.06,150.0
6937,59220,2961,8,-2.011953115463257,4.7641191482543945,0.0007,0.5840378999710083,0.04105982929468155,2960,-11.167166450000003,0.06,150.0
6937,59240,2962,8,-1.9975614547729492,0.2163277566432953,0.0007,0.9843896627426147,-0.7010470628738403,2961,-11.167166450000003,0.06,150.0
6937,59260,2963,8,-1.9970619678497314,0.2450486719608307,0.0007,0.9770934581756592,-0.5943670272827148,2962,-11.167166450000003,0.06,150.0
6938,59280,2964,8,-1.987591028213501,0.1467370092868805,0.0007,0.9656975269317627,-0.3589666485786438,2963,-11.167166450000003,0.06,150.0
6938,59300,2965,8,-2.01769757270813,0.27850407361984253,0.0007,0.9335973262786865,-0.43645134568214417,2964,-11.167166450000003,0.06,150.0
6938,59320,2966,8,-2.0676698684692383,0.06669998168945312,0.0007,0.9828274250030518,-0.3816850781440735,2965,-11.167166450000003,0.06,150.0
6939,59340,2967,8,-1.9956432580947876,0.031215209513902664,0.0007,0.9767175316810608,-0.09928502142429352,2966,-11.167166450000003,0.06,150.0
6939,59360,2968,8,-1.9410006999969482,0.08169426023960114,0.0007,0.9536011219024658,-0.3221209645271301,2967,-11.167166450000003,0.06,150.0
6939,59380,2969,8,-2.0294458866119385,0.08545056730508804,0.0007,0.9362674951553345,-0.23631460964679718,2968,-11.167166450000003,0.06,150.0
6939,59400,2970,8,-2.077463388442993,0.05599527806043625,0.0007,0.9523108601570129,-0.32523053884506226,2969,-11.16845775,0.06,150.0
6940,59420,2971,8,-2.0767440795898438,0.0777982696890831,0.0007,0.8794667720794678,-0.1588367223739624,2970,-11.16845775,0.06,150.0
6940,59440,2972,8,-1.914598822593689,0.8219053149223328,0.0007,0.7309296131134033,0.32239601016044617,2971,-11.16845775,0.06,150.0
6940,59460,2973,8,-1.939551591873169,0.6054245233535767,0.0007,0.46729958057403564,-0.004514032509177923,2972,-11.16845775,0.06,150.0
6941,59480,2974,8,-1.9641116857528687,0.40572595596313477,0.0007,0.8588162660598755,-0.853803813457489,2973,-11.16845775,0.06,150.0
6941,59500,2975,8,-2.0074658393859863,0.1440669596195221,0.0007,0.8646109104156494,-0.13050855696201324,2974,-11.16845775,0.06,150.0
6941,59520,2976,8,-1.9393246173858643,0.18396958708763123,0.0007,0.8875656723976135,-0.6148897409439087,2975,-11.16845775,0.06,150.0
6941,59540,2977,8,-1.8657478094100952,0.6494447588920593,0.0007,0.8233891129493713,0.4367980360984802,2976,-11.16845775,0.06,150.0
6941,59560,2978,8,-1.8708257675170898,0.7299907207489014,0.0007,0.8423589468002319,1.0002632141113281,2977,-11.16845775,0.06,150.0
6942,59580,2979,8,-1.951308250427246,0.5660662055015564,0.0007,0.8713347911834717,0.5397226214408875,2978,-11.16845775,0.06,150.0
6942,59600,2980,8,-1.9462779760360718,0.19804325699806213,0.0007,0.9878512024879456,-0.7964444160461426,2979,-11.16845775,0.06,150.0
6942,59620,2981,8,-1.9967689514160156,0.31485795974731445,0.0007,0.9450828433036804,0.5452562570571899,2980,-11.16845775,0.06,150.0
6943,59640,2982,8,-1.9956905841827393,0.4141593873500824,0.0007,0.9504426717758179,-0.1247347965836525,2981,-11.16845775,0.06,150.0
6943,59660,2983,8,-1.9540112018585205,0.3156169056892395,0.0007,0.9679499268531799,-0.00323127512820065,2982,-11.16845775,0.06,150.0
6943,59680,2984,8,-1.8899471759796143,0.12638813257217407,0.0007,0.9927254319190979,0.28541263937950134,2983,-11.16845775,0.06,150.0
6944,59700,2985,8,-1.9803884029388428,0.43867865204811096,0.0007,0.9802718162536621,0.3807903528213501,2984,-11.16845775,0.06,150.0
6944,59720,2986,8,-2.02787709236145,5.112079620361328,0.0007,0.86180180311203,2.4436447620391846,2985,-11.16845775,0.06,150.0
6944,59740,2987,8,-1.953338623046875,0.3006841838359833,0.0007,0.9904443621635437,0.05518098920583725,2986,-11.16845775,0.06,150.0
6944,59760,2988,8,-2.0411086082458496,0.3129923939704895,0.0007,0.9957930445671082,-0.9130072593688965,2987,-11.16845775,0.06,150.0
6944,59780,2989,8,-1.990281105041504,0.42605772614479065,0.0007,0.984754204750061,-0.27306824922561646,2988,-11.16845775,0.06,150.0
6944,59800,2990,8,-1.9286448955535889,0.40772947669029236,0.0007,0.983810544013977,-0.44613274931907654,2989,-11.16845775,0.06,150.0
6944,59820,2991,8,-1.9206836223602295,0.7475368976593018,0.0007,0.9565672874450684,-0.3402805030345917,2990,-11.16845775,0.06,150.0
6944,59840,2992,8,-1.867468237876892,0.43172580003738403,0.0007,0.9721426367759705,0.14358071982860565,2991,-11.16845775,0.06,150.0
6944,59860,2993,8,-1.893283486366272,0.17885181307792664,0.0007,0.9969156980514526,-0.5634781718254089,2992,-11.16845775,0.06,150.0
6944,59880,2994,8,-1.9233369827270508,0.4354695677757263,0.0007,0.9690026640892029,0.43615812063217163,2993,-11.16845775,0.06,150.0
6944,59900,2995,8,-1.9429782629013062,1.1389148235321045,0.0007,0.9030117392539978,-0.29002895951271057,2994,-11.16845775,0.06,150.0
6944,59920,2996,8,-1.9207204580307007,0.5948843955993652,0.0007,0.9059935808181763,-0.647417426109314,2995,-11.16845775,0.06,150.0
6944,59940,2997,8,-1.9530366659164429,0.7554853558540344,0.0007,0.6582249999046326,-0.9727285504341125,2996,-11.16845775,0.06,150.0
6944,59960,2998,8,-2.0867080688476562,0.09795083850622177,0.0007,0.8156068921089172,-0.20663507282733917,2997,-11.16845775,0.06,150.0
6944,59980,2999,8,-2.0605051517486572,0.05703551322221756,0.0007,0.8942813277244568,-0.39302581548690796,2998,-11.16845775,0.06,150.0
6943,60000,3000,8,-2.0762648582458496,0.016149412840604782,0.0007,0.8421043157577515,-0.0892382487654686,2999,-10.65401073,0.06,150.0
6943,60020,3001,8,-2.1204476356506348,0.02228270098567009,0.0007,0.6114704608917236,-0.05989960581064224,3000,-10.65401073,0.06,150.0
6943,60040,3002,8,-1.892890214920044,0.13199862837791443,0.0007,0.807125985622406,0.30832141637802124,3001,-10.65401073,0.06,150.0
6944,60060,3003,8,-1.9211883544921875,0.581737220287323,0.0007,0.7740193605422974,-1.1144031286239624,3002,-10.65401073,0.06,150.0
6944,60080,3004,8,-1.9669338464736938,0.1713598668575287,0.0007,0.7740288376808167,-0.3804413676261902,3003,-10.65401073,0.06,150.0
6944,60100,3005,8,-1.9886751174926758,0.5104385614395142,0.0007,0.7371988296508789,-0.5195199251174927,3004,-10.65401073,0.06,150.0
6944,60120,3006,8,-1.9417011737823486,0.6722265481948853,0.0007,0.8481513261795044,0.8194276690483093,3005,-10.65401073,0.06,150.0
6943,60140,3007,8,-2.028141498565674,0.6552864909172058,0.0007,0.8908562660217285,0.495028018951416,3006,-10.65401073,0.06,150.0
6944,60160,3008,8,-2.0166163444519043,0.22813884913921356,0.0007,0.9766613841056824,-0.5967611074447632,3007,-10.65401073,0.06,150.0
6944,60180,3009,8,-2.0645172595977783,0.4724557399749756,0.0007,0.9471797943115234,0.5110689401626587,3008,-10.65401073,0.06,150.0
6943,60200,3010,8,-2.0756099224090576,0.46994543075561523,0.0007,0.9600582718849182,-0.3707839548587799,3009,-10.65401073,0.06,150.0
6943,60220,3011,8,-2.0829575061798096,1.6745942831039429,0.0007,0.5768345594406128,-1.153766393661499,3010,-10.65401073,0.06,150.0
6942,60240,3012,8,-2.069777011871338,0.8231304883956909,0.0007,-0.06567597389221191,-0.008172417059540749,3011,-10.65401073,0.06,150.0
6943,60260,3013,8,-2.106369733810425,0.3623071312904358,0.0007,0.7485321760177612,-0.5728873014450073,3012,-10.65401073,0.06,150.0
6943,60280,3014,8,-2.0879292488098145,0.6771676540374756,0.0007,0.6749464273452759,0.5356879234313965,3013,-10.65401073,0.06,150.0
6943,60300,3015,8,-2.0632822513580322,0.22346320748329163,0.0007,0.839731752872467,-0.12309219688177109,3014,-10.65401073,0.06,150.0
6943,60320,3016,8,-2.059342861175537,0.024336207658052444,0.0007,0.9739738702774048,0.04392128065228462,3015,-10.65401073,0.06,150.0
6943,60340,3017,8,-2.0819644927978516,0.1072162389755249,0.0007,0.8703421354293823,-0.05040737986564636,3016,-10.65401073,0.06,150.0
6943,60360,3018,8,-2.005547046661377,0.14790835976600647,0.0007,0.8508574962615967,0.261479914188385,3017,-10.65401073,0.06,150.0
6943,60380,3019,8,-1.9928562641143799,2.1691112518310547,0.0007,0.5790536403656006,1.9619133472442627,3018,-10.65401073,0.06,150.0
6943,60400,3020,8,-2.012613296508789,0.17025449872016907,0.0007,0.9216781854629517,-0.0969533771276474,3019,-10.65401073,0.06,150.0
6943,60420,3021,8,-1.9537591934204102,0.1242518201470375,0.0007,0.9530136585235596,-0.6045576930046082,3020,-10.65401073,0.06,150.0
6944,60440,3022,8,-2.012371778488159,0.07289332151412964,0.0007,0.8244650363922119,0.10533557832241058,3021,-10.65401073,0.06,150.0
6944,60460,3023,8,-2.059845209121704,0.06995296478271484,0.0007,0.5293514728546143,-0.33994966745376587,3022,-10.65401073,0.06,150.0
6944,60480,3024,8,-2.053699493408203,0.0196137223392725,0.0007,0.5459346175193787,-0.1356690675020218,3023,-10.65401073,0.06,150.0
6944,60500,3025,8,-2.0855331420898438,0.15895186364650726,0.0007,-0.20767879486083984,-0.09515383094549179,3024,-10.65401073,0.06,150.0
6945,60520,3026,8,-2.0386343002319336,0.04471602663397789,0.0007,0.12429636716842651,0.08079153299331665,3025,-10.65401073,0.06,150.0
6945,60540,3027,8,-2.038846492767334,0.128067284822464,0.0007,-0.030957341194152832,0.294313907623291,3026,-10.65401073,0.06,150.0
6945,60560,3028,8,-2.0905497074127197,0.4099859595298767,0.0007,0.09290909767150879,0.2585280239582062,3027,-10.65401073,0.06,150.0
6945,60580,3029,8,-1.9385013580322266,1.8981506824493408,0.0007,0.004306614398956299,1.9142345190048218,3028,-10.65401073,0.06,150.0
6945,60600,3030,8,-1.9723460674285889,0.22508111596107483,0.0007,0.09403175115585327,0.1172109842300415,3029,-10.61434346,0.06,150.0
6946,60620,3031,8,-1.944032073020935,0.887967586517334,0.0007,-0.015389084815979004,0.6839130520820618,3030,-10.61434346,0.06,150.0
6946,60640,3032,8,-1.8354012966156006,0.31346431374549866,0.0007,0.895405650138855,-0.5535742044448853,3031,-10.61434346,0.06,150.0
6946,60660,3033,8,-1.9186617136001587,0.16832441091537476,0.0007,0.9452121257781982,-0.40788620710372925,3032,-10.61434346,0.06,150.0
6946,60680,3034,8,-1.8223686218261719,1.0021514892578125,0.0007,0.42052292823791504,0.53400719165802,3033,-10.61434346,0.06,150.0
6947,60700,3035,8,-1.8429081439971924,0.2783021628856659,0.0007,0.8892271518707275,0.322751522064209,3034,-10.61434346,0.06,150.0
6947,60720,3036,8,-1.8776553869247437,0.7879436612129211,0.0007,0.33559125661849976,0.6511271595954895,3035,-10.61434346,0.06,150.0
6947,60740,3037,8,-1.900043249130249,0.6194828152656555,0.0007,0.6379393935203552,0.9039366841316223,3036,-10.61434346,0.06,150.0
6948,60760,3038,8,-1.918081283569336,0.4971768856048584,0.0007,0.8288995027542114,-0.06276936829090118,3037,-10.61434346,0.06,150.0
6948,60780,3039,8,-1.9805686473846436,0.3828097879886627,0.0007,0.9050008654594421,0.4997665286064148,3038,-10.61434346,0.06,150.0
6948,60800,3040,8,-1.9447818994522095,0.49097728729248047,0.0007,0.8132415413856506,-0.3917255401611328,3039,-10.61434346,0.06,150.0
6949,60820,3041,8,-2.0473856925964355,0.3105092942714691,0.0007,0.9525685906410217,-0.8498128652572632,3040,-10.61434346,0.06,150.0
6949,60840,3042,8,-2.0761826038360596,0.2572922110557556,0.0007,0.9161972403526306,-0.6705788969993591,3041,-10.61434346,0.06,150.0
6949,60860,3043,8,-2.0652859210968018,0.260583758354187,0.0007,0.7328521013259888,-0.39926543831825256,3042,-10.61434346,0.06,150.0
6949,60880,3044,8,-1.9173129796981812,1.0768301486968994,0.0007,0.49933183193206787,0.6937539577484131,3043,-10.61434346,0.06,150.0
6949,60900,3045,8,-1.8568956851959229,7.211392402648926,0.0007,-0.39361679553985596,3.523003339767456,3044,-10.61434346,0.06,150.0
6950,60920,3046,8,-1.94873046875,1.4022325277328491,0.0007,-0.6652175188064575,0.6615985035896301,3045,-10.61434346,0.06,150.0
6950,60940,3047,8,-1.9693429470062256,1.0266520977020264,0.0007,0.12463605403900146,0.7687610387802124,3046,-10.61434346,0.06,150.0
6950,60960,3048,8,-1.9518158435821533,0.36186105012893677,0.0007,0.49200958013534546,0.42281073331832886,3047,-10.61434346,0.06,150.0
6950,60980,3049,8,-2.004870891571045,0.28675222396850586,0.0007,0.5884369015693665,-0.33825454115867615,3048,-10.61434346,0.06,150.0
6951,61000,3050,8,-2.059727191925049,0.30332908034324646,0.0007,0.28560036420822144,-0.5826988220214844,3049,-10.61434346,0.06,150.0
6951,61020,3051,8,-2.0355629920959473,0.47159823775291443,0.0007,0.7660799026489258,-1.153991937637329,3050,-10.61434346,0.06,150.0
6951,61040,3052,8,-2.097280502319336,0.022864723578095436,0.0007,0.963417112827301,-0.11998047679662704,3051,-10.61434346,0.06,150.0
6951,61060,3053,8,-2.0907280445098877,0.08495427668094635,0.0007,0.8310583829879761,-0.15830941498279572,3052,-10.61434346,0.06,150.0
6952,61080,3054,8,-2.0822951793670654,0.11460815370082855,0.0007,0.7192379236221313,0.1088794618844986,3053,-10.61434346,0.06,150.0
6952,61100,3055,8,-2.085444688796997,0.09650127589702606,0.0007,0.6954231858253479,-0.35059434175491333,3054,-10.61434346,0.06,150.0
6952,61120,3056,8,-2.035527229309082,0.01918889209628105,0.0007,0.7003445625305176,-0.0007081985240802169,3055,-10.61434346,0.06,150.0
6952,61140,3057,8,-2.09480357170105,0.08897973597049713,0.0007,0.4598679542541504,0.08268755674362183,3056,-10.61434346,0.06,150.0
6953,61160,3058,8,-2.1022653579711914,0.0414515845477581,0.0007,0.41738855838775635,-0.011926615610718727,3057,-10.61434346,0.06,150.0
6953,61180,3059,8,-2.1190216541290283,0.05141603946685791,0.0007,0.25716835260391235,0.025971660390496254,3058,-10.61434346,0.06,150.0
6953,61200,3060,8,-2.0967888832092285,0.026173103600740433,0.0007,0.3061408996582031,0.019582584500312805,3059,-10.22844195,0.06,150.0
6953,61220,3061,8,-2.085782527923584,0.009996019303798676,0.0007,0.42319291830062866,-0.13202141225337982,3060,-10.22844195,0.06,150.0
6953,61240,3062,8,-1.8355093002319336,0.04558879882097244,0.0007,0.8630173206329346,0.0778033584356308,3061,-10.22844195,0.06,150.0
6954,61260,3063,8,-1.9075927734375,0.23287877440452576,0.0007,0.673818826675415,-0.3996412754058838,3062,-10.22844195,0.06,150.0
6954,61280,3064,8,-1.9421565532684326,0.1208076924085617,0.0007,0.8714712858200073,-0.31257519125938416,3063,-10.22844195,0.06,150.0
6954,61300,3065,8,-1.9761531352996826,0.2051360309123993,0.0007,0.8494018316268921,0.2568645477294922,3064,-10.22844195,0.06,150.0
6954,61320,3066,8,-2.096662998199463,0.23229332268238068,0.0007,0.9452097415924072,-0.6248219609260559,3065,-10.22844195,0.06,150.0
6955,61340,3067,8,-2.060581922531128,0.372981458902359,0.0007,0.9151704907417297,-0.9060012698173523,3066,-10.22844195,0.06,150.0
6955,61360,3068,8,-2.075406551361084,0.8085767030715942,0.0007,0.8724347949028015,-0.6588555574417114,3067,-10.22844195,0.06,150.0
6955,61380,3069,8,-2.0970635414123535,1.9947868585586548,0.0007,0.7066056728363037,1.6369928121566772,3068,-10.22844195,0.06,150.0
6955,61400,3070,8,-2.0717854499816895,0.973434567451477,0.0007,0.81132572889328,0.9548853039741516,3069,-10.22844195,0.06,150.0
6955,61420,3071,8,-2.0188982486724854,0.5033631324768066,0.0007,0.8769983053207397,0.36171913146972656,3070,-10.22844195,0.06,150.0
6956,61440,3072,8,-2.0412209033966064,0.510163426399231,0.0007,0.9262992739677429,0.15739354491233826,3071,-10.22844195,0.06,150.0
6956,61460,3073,8,-2.097346782684326,0.8311634063720703,0.0007,0.8741471767425537,0.3710097372531891,3072,-10.22844195,0.06,150.0
6956,61480,3074,8,-2.051795244216919,0.5850625038146973,0.0007,0.9183117747306824,0.2564220428466797,3073,-10.22844195,0.06,150.0
6956,61500,3075,8,-2.060520648956299,0.14592017233371735,0.0007,0.9844539761543274,0.21021708846092224,3074,-10.22844195,0.06,150.0
6956,61520,3076,8,-2.0208077430725098,1.6505358219146729,0.0007,0.775184154510498,1.5941985845565796,3075,-10.22844195,0.06,150.0
6957,61540,3077,8,-2.0354418754577637,1.5083318948745728,0.0007,0.8898215293884277,0.5884513854980469,3076,-10.22844195,0.06,150.0
6957,61560,3078,8,-1.992405652999878,2.532604932785034,0.0007,0.8676129579544067,1.8752167224884033,3077,-10.22844195,0.06,150.0
6957,61580,3079,8,-2.074739933013916,0.27444517612457275,0.0007,0.9844017624855042,-0.7112048864364624,3078,-10.22844195,0.06,150.0
6957,61600,3080,8,-2.0975661277770996,0.2355913668870926,0.0007,0.9837634563446045,0.5519453287124634,3079,-10.22844195,0.06,150.0
6957,61620,3081,8,-2.0880649089813232,0.4461434781551361,0.0007,0.9260948896408081,-0.3180427551269531,3080,-10.22844195,0.06,150.0
6957,61640,3082,8,-2.0786681175231934,0.21170277893543243,0.0007,0.9383987188339233,0.09686049073934555,3081,-10.22844195,0.06,150.0
6958,61660,3083,8,-2.0733747482299805,0.8652908205986023,0.0007,0.7832847237586975,0.7832008600234985,3082,-10.22844195,0.06,150.0
6958,61680,3084,8,-1.982252836227417,0.8479568362236023,0.0007,0.824579656124115,0.5172950029373169,3083,-10.22844195,0.06,150.0
6958,61700,3085,8,-2.0269227027893066,1.3999139070510864,0.0007,0.8312304615974426,1.4336612224578857,3084,-10.22844195,0.06,150.0
6958,61720,3086,8,-1.9569768905639648,3.28495717048645,0.0007,0.7229384183883667,2.656061887741089,3085,-10.22844195,0.06,150.0
6958,61740,3087,8,-2.123230457305908,0.5323017835617065,0.0007,0.9256126284599304,0.5680595636367798,3086,-10.22844195,0.06,150.0
6958,61760,3088,8,-1.970507025718689,0.27794164419174194,0.0007,0.9613593220710754,0.23216891288757324,3087,-10.22844195,0.06,150.0
6958,61780,3089,8,-1.9428808689117432,0.22643156349658966,0.0007,0.9642741084098816,0.2227584421634674,3088,-10.22844195,0.06,150.0
6957,61800,3090,8,-1.9594719409942627,0.18415340781211853,0.0007,0.9614369869232178,-0.24189011752605438,3089,-10.23626649,0.04,150.0
6957,61820,3091,8,-1.9958328008651733,0.07152538001537323,0.0007,0.9840152859687805,0.1858510822057724,3090,-10.23626649,0.04,150.0
6957,61840,3092,8,-1.9147250652313232,0.059560567140579224,0.0007,0.9284712076187134,0.1910482943058014,3091,-10.23626649,0.04,150.0
6957,61860,3093,8,-1.9871536493301392,0.16922780871391296,0.0007,0.8919979929924011,-0.31763553619384766,3092,-10.23626649,0.04,150.0
6957,61880,3094,8,-2.0443692207336426,0.16970765590667725,0.0007,0.9134270548820496,-0.4602557122707367,3093,-10.23626649,0.04,150.0
6957,61900,3095,8,-2.0459976196289062,0.05049409344792366,0.0007,0.980904757976532,-0.3278307318687439,3094,-10.23626649,0.04,150.0
6957,61920,3096,8,-2.0168585777282715,0.07472963631153107,0.0007,0.953758955001831,-0.2858029007911682,3095,-10.23626649,0.04,150.0
6957,61940,3097,8,-1.9903285503387451,0.31865525245666504,0.0007,0.8820468187332153,0.4815538823604584,3096,-10.23626649,0.04,150.0
6957,61960,3098,8,-1.8985488414764404,3.0852084159851074,0.0007,0.66182541847229,1.9633891582489014,3097,-10.23626649,0.04,150.0
6957,61980,3099,8,-1.9733225107192993,0.5660625696182251,0.0007,0.935575008392334,0.6434348225593567,3098,-10.23626649,0.04,150.0
6957,62000,3100,8,-2.0021705627441406,0.2891351580619812,0.0007,0.9691361784934998,0.1730295717716217,3099,-10.23626649,0.04,150.0
6956,62020,3101,8,-2.0704665184020996,0.18801239132881165,0.0007,0.9930341839790344,-0.7410966157913208,3100,-10.23626649,0.04,150.0
6957,62040,3102,8,-2.090708017349243,0.4071443974971771,0.0007,0.9565423727035522,-0.3981955945491791,3101,-10.23626649,0.04,150.0
6957,62060,3103,8,-2.0716006755828857,0.40446916222572327,0.0007,0.9587588310241699,0.4677167534828186,3102,-10.23626649,0.04,150.0
6956,62080,3104,8,-1.9458351135253906,7.46591329574585,0.0007,0.768022358417511,3.344618558883667,3103,-10.23626649,0.04,150.0
6956,62100,3105,8,-1.9757308959960938,0.34763041138648987,0.0007,0.988180935382843,0.6818346381187439,3104,-10.23626649,0.04,150.0
6956,62120,3106,8,-1.9768558740615845,0.5833956003189087,0.0007,0.971571147441864,-0.09498181939125061,3105,-10.23626649,0.04,150.0
6956,62140,3107,8,-2.018904685974121,0.30241790413856506,0.0007,0.9816502928733826,0.015038621611893177,3106,-10.23626649,0.04,150.0
6956,62160,3108,8,-2.0505948066711426,0.1122201457619667,0.0007,0.9914148449897766,-0.2788373529911041,3107,-10.23626649,0.04,150.0
6956,62180,3109,8,-2.058384656906128,0.0548221692442894,0.0007,0.9942843317985535,-0.07890434563159943,3108,-10.23626649,0.04,150.0
6955,62200,3110,8,-2.057626247406006,0.04799221083521843,0.0007,0.9945687651634216,-0.05817268043756485,3109,-10.23626649,0.04,150.0
6955,62220,3111,8,-2.050678014755249,0.16567912697792053,0.0007,0.9781811237335205,-0.2955150008201599,3110,-10.23626649,0.04,150.0
6955,62240,3112,8,-1.9676992893218994,0.24309960007667542,0.0007,0.972560703754425,-0.6151047348976135,3111,-10.23626649,0.04,150.0
6955,62260,3113,8,-2.0214152336120605,0.09036684036254883,0.0007,0.9797515869140625,-0.2189292013645172,3112,-10.23626649,0.04,150.0
6954,62280,3114,8,-2.0787243843078613,0.08022017776966095,0.0007,0.9691452980041504,-0.22284987568855286,3113,-10.23626649,0.04,150.0
6953,62300,3115,8,-2.0722479820251465,0.0943131223320961,0.0007,0.9531800150871277,0.3326103687286377,3114,-10.23626649,0.04,150.0
6953,62320,3116,8,-2.036463975906372,0.10512522608041763,0.0007,0.9265126585960388,-0.31236061453819275,3115,-10.23626649,0.04,150.0
6953,62340,3117,8,-2.0296263694763184,0.02802410162985325,0.0007,0.9901618957519531,-0.31406959891319275,3116,-10.23626649,0.04,150.0
6953,62360,3118,8,-1.955246925354004,1.4010076522827148,0.0007,0.30894529819488525,0.8310888409614563,3117,-10.23626649,0.04,150.0
6953,62380,3119,8,-2.0105717182159424,0.29536205530166626,0.0007,0.621489942073822,-0.17333045601844788,3118,-10.23626649,0.04,150.0
6952,62400,3120,8,-1.8610748052597046,0.2670077681541443,0.0007,0.6759376525878906,0.029213767498731613,3119,-10.441186339999996,0.04,150.0
6951,62420,3121,8,-2.020803213119507,0.0630791187286377,0.0007,0.9052215814590454,-0.2362237274646759,3120,-10.441186339999996,0.04,150.0
6951,62440,3122,8,-1.7048667669296265,0.08411009609699249,0.0007,0.8573445677757263,0.22735318541526794,3121,-10.441186339999996,0.04,150.0
6951,62460,3123,8,-1.8639053106307983,0.11519001424312592,0.0007,0.917719841003418,-0.4097701609134674,3122,-10.441186339999996,0.04,150.0
6951,62480,3124,8,-1.8077201843261719,0.3017679750919342,0.0007,0.7633754014968872,0.05902888625860214,3123,-10.441186339999996,0.04,150.0
6951,62500,3125,8,-1.887521743774414,0.3053453862667084,0.0007,0.916850209236145,-0.5077770948410034,3124,-10.441186339999996,0.04,150.0
6951,62520,3126,8,-1.8572044372558594,0.41210120916366577,0.0007,0.899008572101593,0.4796516001224518,3125,-10.441186339999996,0.04,150.0
6950,62540,3127,8,-1.9666084051132202,1.12514066696167,0.0007,0.8959921002388,1.0888835191726685,3126,-10.441186339999996,0.04,150.0
6950,62560,3128,9,-1.9507780075073242,0.6204181909561157,0.0007,0.957901656627655,0.011156117543578148,3127,-10.441186339999996,0.04,150.0
6950,62580,3129,9,-2.055589437484741,1.3826546669006348,0.0007,0.9428896903991699,1.3778332471847534,3128,-10.441186339999996,0.04,150.0
6950,62600,3130,9,-1.9687519073486328,1.4606291055679321,0.0007,0.9492746591567993,0.5910805463790894,3129,-10.441186339999996,0.04,150.0
6950,62620,3131,9,-2.0411953926086426,1.1440200805664062,0.0007,0.9684205651283264,0.5283697843551636,3130,-10.441186339999996,0.04,150.0
6950,62640,3132,9,-2.07969069480896,0.31279316544532776,0.0007,0.9941560626029968,0.39680808782577515,3131,-10.441186339999996,0.04,150.0
6950,62660,3133,9,-1.9412895441055298,0.6850388646125793,0.0007,0.9895667433738708,0.13443560898303986,3132,-10.441186339999996,0.04,150.0
6949,62680,3134,9,-2.031306743621826,0.26608341932296753,0.0007,0.9969100952148438,-0.5006700754165649,3133,-10.441186339999996,0.04,150.0
6949,62700,3135,9,-1.9922866821289062,0.4509986937046051,0.0007,0.9942384362220764,-0.8719135522842407,3134,-10.441186339999996,0.04,150.0
6949,62720,3136,9,-2.055263042449951,0.1734861135482788,0.0007,0.9964480400085449,0.12437465041875839,3135,-10.441186339999996,0.04,150.0
6949,62740,3137,9,-1.8378221988677979,0.3847754895687103,0.0007,0.9946250319480896,-0.5954376459121704,3136,-10.441186339999996,0.04,150.0
6949,62760,3138,9,-1.844639539718628,0.5358577966690063,0.0007,0.9936920404434204,-1.0554652214050293,3137,-10.441186339999996,0.04,150.0
6948,62780,3139,9,-1.8779582977294922,0.1331503540277481,0.0007,0.9970254898071289,-0.40268412232398987,3138,-10.441186339999996,0.04,150.0
6948,62800,3140,9,-1.8828332424163818,0.1736709624528885,0.0007,0.9943414926528931,-0.27967023849487305,3139,-10.441186339999996,0.04,150.0
6948,62820,3141,9,-1.9473607540130615,0.816351056098938,0.0007,0.9715923070907593,0.2622665762901306,3140,-10.441186339999996,0.04,150.0
6948,62840,3142,9,-1.8224632740020752,0.15532273054122925,0.0007,0.9952405095100403,-0.1984948217868805,3141,-10.441186339999996,0.04,150.0
6948,62860,3143,9,-1.91741943359375,0.3091857433319092,0.0007,0.9857755303382874,-0.3712189197540283,3142,-10.441186339999996,0.04,150.0
6948,62880,3144,9,-1.9876539707183838,0.23378486931324005,0.0007,0.981468677520752,0.15716880559921265,3143,-10.441186339999996,0.04,150.0
6947,62900,3145,9,-1.9216701984405518,1.8450050354003906,0.0007,0.6432451605796814,-0.09220677614212036,3144,-10.441186339999996,0.04,150.0
6947,62920,3146,9,-1.8610175848007202,0.325035959482193,0.0007,0.944053053855896,-0.43367084860801697,3145,-10.441186339999996,0.04,150.0
6947,62940,3147,9,-1.8883171081542969,0.5698518753051758,0.0007,0.8246272206306458,-0.5248265862464905,3146,-10.441186339999996,0.04,150.0
6947,62960,3148,9,-1.927703619003296,0.6915816068649292,0.0007,-0.2712118625640869,-0.09904474020004272,3147,-10.441186339999996,0.04,150.0
6947,62980,3149,9,-1.9334224462509155,0.07030686736106873,0.0007,0.877313494682312,-0.009192380122840405,3148,-10.441186339999996,0.04,150.0
6947,63000,3150,9,-1.9236431121826172,0.11359953880310059,0.0007,0.6746750473976135,-0.22035148739814758,3149,-10.00385432,0.04,150.0
6947,63020,3151,9,-1.8344876766204834,0.40071502327919006,0.0007,-0.8645875453948975,0.22619549930095673,3150,-10.00385432,0.04,150.0
6947,63040,3152,9,-1.8995115756988525,0.4068325161933899,0.0007,0.6343419551849365,-0.08847250789403915,3151,-10.00385432,0.04,150.0
6946,63060,3153,9,-1.8662760257720947,2.4506072998046875,0.0007,-2.415130615234375,0.5751089453697205,3152,-10.00385432,0.04,150.0
6946,63080,3154,9,-1.8935153484344482,0.9522102475166321,0.0007,0.42936354875564575,-1.1646463871002197,3153,-10.00385432,0.04,150.0
6946,63100,3155,9,-1.8812955617904663,0.2140696942806244,0.0007,0.8922576904296875,-0.04023947939276695,3154,-10.00385432,0.04,150.0
6946,63120,3156,9,-1.9436445236206055,0.2918739914894104,0.0007,0.8697991371154785,0.22309227287769318,3155,-10.00385432,0.04,150.0
6945,63140,3157,9,-2.0389881134033203,0.5258154273033142,0.0007,0.9052993059158325,-0.7836867570877075,3156,-10.00385432,0.04,150.0
6944,63160,3158,9,-1.923356294631958,2.8591461181640625,0.0007,0.766845703125,0.9643368721008301,3157,-10.00385432,0.04,150.0
6943,63180,3159,9,-2.0732574462890625,0.9997867345809937,0.0007,0.9570853114128113,-1.4755535125732422,3158,-10.00385432,0.04,150.0
6942,63200,3160,9,-1.998443841934204,0.6381562948226929,0.0007,0.8706777095794678,-0.779220461845398,3159,-10.00385432,0.04,150.0
6942,63220,3161,9,-2.1031458377838135,0.0771125927567482,0.0007,0.9891601204872131,-0.451810747385025,3160,-10.00385432,0.04,150.0
6942,63240,3162,9,-2.0777297019958496,0.8111414909362793,0.0007,0.3275451064109802,0.7174876928329468,3161,-10.00385432,0.04,150.0
6942,63260,3163,9,-2.0902247428894043,0.18504872918128967,0.0007,0.9162989258766174,0.3728795051574707,3162,-10.00385432,0.04,150.0
6941,63280,3164,9,-2.092385768890381,0.04782713204622269,0.0007,0.9794431924819946,-0.01068449579179287,3163,-10.00385432,0.04,150.0
6941,63300,3165,9,-2.1042075157165527,2.551478147506714,0.0007,0.48680412769317627,1.5973013639450073,3164,-10.00385432,0.04,150.0
6940,63320,3166,9,-2.0791127681732178,0.9024679064750671,0.0007,0.7460290193557739,1.1916922330856323,3165,-10.00385432,0.04,150.0
6939,63340,3167,9,-2.0408713817596436,0.37277039885520935,0.0007,0.8521398901939392,0.3930571675300598,3166,-10.00385432,0.04,150.0
6938,63360,3168,9,-1.9761241674423218,1.3152978420257568,0.0007,0.7334153652191162,1.1738587617874146,3167,-10.00385432,0.04,150.0
6938,63380,3169,9,-2.0635101795196533,0.4942883551120758,0.0007,0.7664951682090759,0.3979964256286621,3168,-10.00385432,0.04,150.0
6937,63400,3170,9,-1.9336564540863037,2.6538500785827637,0.0007,0.44118833541870117,1.2386252880096436,3169,-10.00385432,0.04,150.0
6936,63420,3171,9,-2.041377305984497,1.6519381999969482,0.0007,0.7073452472686768,1.5594637393951416,3170,-10.00385432,0.04,150.0
6936,63440,3172,9,-1.991694688796997,1.4354008436203003,0.0007,0.6259043216705322,1.2643007040023804,3171,-10.00385432,0.04,150.0
6935,63460,3173,9,-2.0407891273498535,0.4943675994873047,0.0007,0.8879522085189819,0.06387070566415787,3172,-10.00385432,0.04,150.0
6935,63480,3174,9,-2.0263638496398926,0.12854158878326416,0.0007,0.9785377383232117,-0.5197054147720337,3173,-10.00385432,0.04,150.0
6933,63500,3175,9,-2.0524039268493652,0.2696729600429535,0.0007,0.9115037322044373,-0.0168633870780468,3174,-10.00385432,0.04,150.0
6933,63520,3176,9,-1.9606993198394775,0.06409712135791779,0.0007,0.9762978553771973,-0.06177457422018051,3175,-10.00385432,0.04,150.0
6933,63540,3177,9,-1.9511759281158447,0.04316670447587967,0.0007,0.9862220287322998,-0.1879235953092575,3176,-10.00385432,0.04,150.0
6933,63560,3178,9,-2.0364601612091064,0.37966880202293396,0.0007,0.8890661597251892,0.17545683681964874,3177,-10.00385432,0.04,150.0
6932,63580,3179,9,-2.031085968017578,0.12197849899530411,0.0007,0.9788062572479248,-0.48503798246383667,3178,-10.00385432,0.04,150.0
6931,63600,3180,9,-2.0373177528381348,0.18279260396957397,0.0007,0.9396454691886902,-0.6508864760398865,3179,-10.33568165,0.03,150.0
6930,63620,3181,9,-2.055149793624878,0.07996773719787598,0.0007,0.9710949063301086,-0.4876607060432434,3180,-10.33568165,0.03,150.0
6929,63640,3182,9,-1.8011398315429688,0.6147235035896301,0.0007,0.4342471957206726,0.6242760419845581,3181,-10.33568165,0.03,150.0
6929,63660,3183,9,-1.9020583629608154,0.22370073199272156,0.0007,0.888589084148407,0.10240676254034042,3182,-10.33568165,0.03,150.0
6928,63680,3184,9,-2.0824406147003174,0.4453756809234619,0.0007,0.7048219442367554,-0.037810247391462326,3183,-10.33568165,0.03,150.0
6927,63700,3185,9,-2.079936981201172,0.06942074000835419,0.0007,0.9571738243103027,0.09559564292430878,3184,-10.33568165,0.03,150.0
6927,63720,3186,9,-2.005692958831787,0.42488232254981995,0.0007,0.8376154899597168,-0.08729598671197891,3185,-10.33568165,0.03,150.0
6926,63740,3187,9,-2.015791893005371,0.7255412340164185,0.0007,0.9139611721038818,-0.14237765967845917,3186,-10.33568165,0.03,150.0
6926,63760,3188,9,-2.084282636642456,0.3946799635887146,0.0007,0.9779627323150635,-0.9823026657104492,3187,-10.33568165,0.03,150.0
6925,63780,3189,9,-2.0869202613830566,0.1718473881483078,0.0007,0.986311674118042,-0.3834809362888336,3188,-10.33568165,0.03,150.0
6925,63800,3190,9,-2.0668864250183105,0.9102141261100769,0.0007,0.9354829788208008,1.000753402709961,3189,-10.33568165,0.03,150.0
6925,63820,3191,9,-1.9116500616073608,1.3063993453979492,0.0007,0.9125858545303345,0.6962038278579712,3190,-10.33568165,0.03,150.0
6923,63840,3192,9,-1.9403749704360962,0.7830642461776733,0.0007,0.957164466381073,0.0909956619143486,3191,-10.33568165,0.03,150.0
6922,63860,3193,9,-1.8631349802017212,2.529186248779297,0.0007,0.8903512954711914,1.0380725860595703,3192,-10.33568165,0.03,150.0
6921,63880,3194,9,-2.02264142036438,0.17919452488422394,0.0007,0.9910876750946045,-0.3197533190250397,3193,-10.33568165,0.03,150.0
6920,63900,3195,9,-2.0007691383361816,0.5266379117965698,0.0007,0.9626523852348328,-0.23482616245746613,3194,-10.33568165,0.03,150.0
6920,63920,3196,9,-1.9987599849700928,1.0284751653671265,0.0007,0.9388231635093689,0.8756376504898071,3195,-10.33568165,0.03,150.0
6919,63940,3197,9,-1.9930469989776611,0.25157421827316284,0.0007,0.9775516986846924,-0.1411537230014801,3196,-10.33568165,0.03,150.0
6918,63960,3198,9,-1.9448444843292236,1.6311010122299194,0.0007,0.6750506162643433,0.5743952989578247,3197,-10.33568165,0.03,150.0
6918,63980,3199,9,-2.0663528442382812,0.41848164796829224,0.0007,0.9305416345596313,0.3800862431526184,3198,-10.33568165,0.03,150.0
6917,64000,3200,9,-2.013093948364258,0.043780289590358734,0.0007,0.9921806454658508,0.053928207606077194,3199,-10.33568165,0.03,150.0
6916,64020,3201,9,-2.128262758255005,0.03927885368466377,0.0007,0.9930321574211121,-0.11056115478277206,3200,-10.33568165,0.03,150.0
6916,64040,3202,9,-2.059298515319824,0.046165842562913895,0.0007,0.991932213306427,0.20897622406482697,3201,-10.33568165,0.03,150.0
6915,64060,3203,9,-2.0487914085388184,0.2768242359161377,0.0007,0.924761176109314,0.43953123688697815,3202,-10.33568165,0.03,150.0
6915,64080,3204,9,-2.123661756515503,0.14913567900657654,0.0007,0.9479146599769592,-0.062139011919498444,3203,-10.33568165,0.03,150.0
6915,64100,3205,9,-2.132648229598999,0.028375301510095596,0.0007,0.9898990988731384,-0.10512299835681915,3204,-10.33568165,0.03,150.0
6915,64120,3206,9,-2.1000099182128906,0.15420809388160706,0.0007,0.9773790240287781,0.6612337231636047,3205,-10.33568165,0.03,150.0
6915,64140,3207,9,-1.8692162036895752,3.0746512413024902,0.0007,0.7536656856536865,1.733548879623413,3206,-10.33568165,0.03,150.0
6914,64160,3208,9,-1.933760404586792,2.044459104537964,0.0007,0.8436036705970764,1.4731534719467163,3207,-10.33568165,0.03,150.0
6914,64180,3209,9,-2.0068576335906982,0.12574467062950134,0.0007,0.9833594560623169,0.1803080141544342,3208,-10.33568165,0.03,150.0
6913,64200,3210,9,-2.032209873199463,0.18371379375457764,0.0007,0.9714401364326477,-0.12179907411336899,3209,-10.06915884,0.03,150.0
6912,64220,3211,9,-1.9773330688476562,0.12998929619789124,0.0007,0.9764197468757629,-0.18561938405036926,3210,-10.06915884,0.03,150.0
6912,64240,3212,9,-1.9479306936264038,0.16316363215446472,0.0007,0.8639354705810547,-0.463909387588501,3211,-10.06915884,0.03,150.0
6911,64260,3213,9,-1.9989697933197021,0.22047924995422363,0.0007,0.8272009491920471,-0.6595495939254761,3212,-10.06915884,0.03,150.0
6911,64280,3214,9,-2.0462756156921387,0.09297513216733932,0.0007,0.8063008785247803,-0.17833510041236877,3213,-10.06915884,0.03,150.0
6910,64300,3215,9,-1.916924238204956,0.0890619307756424,0.0007,0.8073614835739136,-0.295027494430542,3214,-10.06915884,0.03,150.0
6909,64320,3216,9,-1.9902305603027344,0.5667824745178223,0.0007,-0.046730995178222656,0.4292367994785309,3215,-10.06915884,0.03,150.0
6909,64340,3217,9,-1.952153205871582,0.34305572509765625,0.0007,0.6095139980316162,0.19012996554374695,3216,-10.06915884,0.03,150.0
6908,64360,3218,9,-1.9117095470428467,0.3723662495613098,0.0007,0.7676699161529541,-0.34112972021102905,3217,-10.06915884,0.03,150.0
6908,64380,3219,9,-1.9433927536010742,0.19622798264026642,0.0007,0.8482949137687683,0.2023172825574875,3218,-10.06915884,0.03,150.0
6907,64400,3220,9,-2.0533604621887207,0.450343519449234,0.0007,0.8353941440582275,0.16038213670253754,3219,-10.06915884,0.03,150.0
6907,64420,3221,9,-2.0247950553894043,0.28575292229652405,0.0007,0.9408650994300842,-0.7994378209114075,3220,-10.06915884,0.03,150.0
6906,64440,3222,9,-2.012331485748291,0.27813583612442017,0.0007,0.9194314479827881,0.22868618369102478,3221,-10.06915884,0.03,150.0
6905,64460,3223,9,-2.0452396869659424,0.3869169056415558,0.0007,0.9110692739486694,0.3100169599056244,3222,-10.06915884,0.03,150.0
6905,64480,3224,9,-2.0553736686706543,1.1550321578979492,0.0007,0.6731579303741455,0.5211107134819031,3223,-10.06915884,0.03,150.0
6904,64500,3225,9,-2.086275100708008,0.2674110233783722,0.0007,0.9141067862510681,-0.3563992381095886,3224,-10.06915884,0.03,150.0
6904,64520,3226,9,-2.111172914505005,0.08422080427408218,0.0007,0.9590222239494324,-0.2723786234855652,3225,-10.06915884,0.03,150.0
6904,64540,3227,9,-2.021730422973633,0.3048744797706604,0.0007,0.7207326889038086,0.351683109998703,3226,-10.06915884,0.03,150.0
6903,64560,3228,9,-1.9383385181427002,1.720537543296814,0.0007,0.6085523366928101,0.9694741368293762,3227,-10.06915884,0.03,150.0
6903,64580,3229,9,-1.8213059902191162,1.6336815357208252,0.0007,0.7088241577148438,1.721130132675171,3228,-10.06915884,0.03,150.0
6903,64600,3230,9,-1.9607105255126953,0.27209943532943726,0.0007,0.8794994354248047,-0.5339242815971375,3229,-10.06915884,0.03,150.0
6903,64620,3231,9,-1.8582048416137695,0.4033624231815338,0.0007,0.5771913528442383,-0.07508198916912079,3230,-10.06915884,0.03,150.0
6902,64640,3232,9,-1.9260578155517578,0.15102165937423706,0.0007,0.960043728351593,-0.719382643699646,3231,-10.06915884,0.03,150.0
6901,64660,3233,9,-1.8787132501602173,0.19063571095466614,0.0007,0.8965858221054077,-0.7061525583267212,3232,-10.06915884,0.03,150.0
6901,64680,3234,9,-1.9390490055084229,0.06027533859014511,0.0007,0.9278360605239868,-0.3508724272251129,3233,-10.06915884,0.03,150.0
6900,64700,3235,9,-1.9624459743499756,0.06531570851802826,0.0007,0.6850355863571167,-0.27462849020957947,3234,-10.06915884,0.03,150.0
6899,64720,3236,9,-2.0567007064819336,0.6322943568229675,0.0007,0.28694403171539307,0.5580365061759949,3235,-10.06915884,0.03,150.0
6899,64740,3237,9,-2.083956480026245,0.018925918266177177,0.0007,0.9136940836906433,-0.20974984765052795,3236,-10.06915884,0.03,150.0
6898,64760,3238,9,-2.110616445541382,0.005877022631466389,0.0007,0.821427583694458,-0.05529024451971054,3237,-10.06915884,0.03,150.0
6898,64780,3239,9,-2.111175537109375,0.03743213042616844,0.0007,0.06523656845092773,-0.24442550539970398,3238,-10.06915884,0.03,150.0
6897,64800,3240,9,-2.118915557861328,0.539189875125885,0.0007,0.15070801973342896,0.41819214820861816,3239,-10.36747564,0.03,150.0
6895,64820,3241,9,-2.0905845165252686,0.012972624972462654,0.0007,0.222528338432312,-0.029807576909661293,3240,-10.36747564,0.03,150.0
6894,64840,3242,9,-1.895430326461792,0.08261827379465103,0.0007,0.8100536465644836,-0.12380868196487427,3241,-10.36747564,0.03,150.0
6892,64860,3243,9,-1.8881736993789673,0.045164626091718674,0.0007,0.9261710047721863,-0.03183151036500931,3242,-10.36747564,0.03,150.0
6891,64880,3244,9,-1.9273313283920288,0.17154428362846375,0.0007,0.8165584802627563,0.26138338446617126,3243,-10.36747564,0.03,150.0
6890,64900,3245,9,-1.9069626331329346,0.09897693246603012,0.0007,0.9129828214645386,0.16908033192157745,3244,-10.36747564,0.03,150.0
6890,64920,3246,9,-1.9478447437286377,0.40700358152389526,0.0007,0.8089615106582642,-0.5308170318603516,3245,-10.36747564,0.03,150.0
6888,64940,3247,9,-2.025991439819336,0.2662448287010193,0.0007,0.9133878350257874,-0.05205801874399185,3246,-10.36747564,0.03,150.0
6886,64960,3248,9,-2.0043909549713135,0.08654963225126266,0.0007,0.985258162021637,-0.34724539518356323,3247,-10.36747564,0.03,150.0
6886,64980,3249,9,-2.0298099517822266,0.062460482120513916,0.0007,0.9826176762580872,0.11145173013210297,3248,-10.36747564,0.03,150.0
6886,65000,3250,9,-1.9943878650665283,0.1596640646457672,0.0007,0.9640951752662659,0.17563191056251526,3249,-10.36747564,0.03,150.0
6885,65020,3251,9,-1.9201055765151978,2.4596164226531982,0.0007,0.3204309940338135,1.3483625650405884,3250,-10.36747564,0.03,150.0
6885,65040,3252,9,-2.0135302543640137,0.05743805319070816,0.0007,0.9834553599357605,-0.2611187696456909,3251,-10.36747564,0.03,150.0
6884,65060,3253,9,-2.0080032348632812,0.08556316047906876,0.0007,0.9598285555839539,-0.14185765385627747,3252,-10.36747564,0.03,150.0
6883,65080,3254,9,-1.9074127674102783,1.0918784141540527,0.0007,0.5009709596633911,0.6583226323127747,3253,-10.36747564,0.03,150.0
6882,65100,3255,9,-1.8227863311767578,2.8280556201934814,0.0007,0.7352860569953918,1.6704976558685303,3254,-10.36747564,0.03,150.0
6882,65120,3256,9,-1.909529447555542,0.41804036498069763,0.0007,0.9541736841201782,0.564540684223175,3255,-10.36747564,0.03,150.0
6881,65140,3257,9,-1.9164177179336548,0.3697798252105713,0.0007,0.9614031910896301,-0.6707763671875,3256,-10.36747564,0.03,150.0
6879,65160,3258,9,-1.9497648477554321,0.2180887907743454,0.0007,0.9757529497146606,0.3840716779232025,3257,-10.36747564,0.03,150.0
6878,65180,3259,9,-2.061558485031128,0.14284931123256683,0.0007,0.9821081161499023,-0.4207988381385803,3258,-10.36747564,0.03,150.0
6878,65200,3260,9,-2.0770328044891357,0.10100764036178589,0.0007,0.9837027192115784,-0.18107517063617706,3259,-10.36747564,0.03,150.0
6877,65220,3261,9,-2.1072187423706055,0.09011391550302505,0.0007,0.9799256920814514,0.0840025320649147,3260,-10.36747564,0.03,150.0
6876,65240,3262,9,-2.0665841102600098,0.13258138298988342,0.0007,0.9667859673500061,0.11548382043838501,3261,-10.36747564,0.03,150.0
6876,65260,3263,9,-2.0503361225128174,0.09966631233692169,0.0007,0.9850146770477295,-0.3718080520629883,3262,-10.36747564,0.03,150.0
6876,65280,3264,9,-1.9016014337539673,2.005458354949951,0.0007,0.6898981332778931,1.417564868927002,3263,-10.36747564,0.03,150.0
6875,65300,3265,9,-1.9794375896453857,0.1277453452348709,0.0007,0.9293460249900818,-0.2052888423204422,3264,-10.36747564,0.03,150.0
6875,65320,3266,9,-1.9813899993896484,0.17612865567207336,0.0007,0.7758995890617371,-0.5346457362174988,3265,-10.36747564,0.03,150.0
6875,65340,3267,9,-2.0012593269348145,0.19070109724998474,0.0007,0.5913740396499634,0.09955687820911407,3266,-10.36747564,0.03,150.0
6874,65360,3268,9,-1.851959228515625,0.2585711181163788,0.0007,-0.1658308506011963,-0.4121696352958679,3267,-10.36747564,0.03,150.0
6874,65380,3269,9,-1.8739080429077148,0.3418068587779999,0.0007,0.03720158338546753,0.04399919882416725,3268,-10.36747564,0.03,150.0
6873,65400,3270,9,-1.886358618736267,1.7630374431610107,0.0007,0.15942001342773438,0.7654030323028564,3269,-10.29303684,0.03,150.0
6872,65420,3271,9,-1.9198421239852905,0.08744188398122787,0.0007,0.44570744037628174,-0.11310937255620956,3270,-10.29303684,0.03,150.0
6870,65440,3272,9,-1.84343683719635,0.09696397930383682,0.0007,0.8600543737411499,0.10296878963708878,3271,-10.29303684,0.03,150.0
6870,65460,3273,9,-1.8356002569198608,0.14228036999702454,0.0007,0.9022279381752014,-0.4598497450351715,3272,-10.29303684,0.03,150.0
6869,65480,3274,9,-1.7535817623138428,0.6411959528923035,0.0007,0.5646767616271973,0.44143757224082947,3273,-10.29303684,0.03,150.0
6869,65500,3275,9,-1.9499927759170532,0.3740254342556,0.0007,0.9044470191001892,-0.9536092877388,3274,-10.29303684,0.03,150.0
6869,65520,3276,9,-1.9928462505340576,0.055226124823093414,0.0007,0.9798800349235535,-0.33710384368896484,3275,-10.29303684,0.03,150.0
6869,65540,3277,9,-2.026467800140381,0.19043339788913727,0.0007,0.9290581941604614,-0.48729830980300903,3276,-10.29303684,0.03,150.0
6868,65560,3278,9,-1.9992923736572266,0.06346959620714188,0.0007,0.9686271548271179,-0.039001546800136566,3277,-10.29303684,0.03,150.0
6868,65580,3279,9,-1.9406483173370361,0.39489683508872986,0.0007,0.9332259297370911,0.5580663681030273,3278,-10.29303684,0.03,150.0
6868,65600,3280,9,-1.890596628189087,1.0880193710327148,0.0007,0.777963399887085,0.9419012069702148,3279,-10.29303684,0.03,150.0
6868,65620,3281,9,-1.9584038257598877,0.11954966932535172,0.0007,0.9787752628326416,-0.48997554183006287,3280,-10.29303684,0.03,150.0
6867,65640,3282,9,-1.9646040201187134,0.16825547814369202,0.0007,0.966774046421051,-0.570330798625946,3281,-10.29303684,0.03,150.0
6867,65660,3283,9,-1.923444151878357,0.6594975590705872,0.0007,0.804210364818573,0.09048327058553696,3282,-10.29303684,0.03,150.0
6867,65680,3284,9,-1.8498691320419312,1.123725414276123,0.0007,0.6795493364334106,-0.011572575196623802,3283,-10.29303684,0.03,150.0
6866,65700,3285,9,-1.828635573387146,2.2801501750946045,0.0007,0.6088513135910034,1.0774377584457397,3284,-10.29303684,0.03,150.0
6866,65720,3286,9,-1.7289539575576782,1.7738018035888672,0.0007,0.25361168384552,0.5587812066078186,3285,-10.29303684,0.03,150.0
6866,65740,3287,9,-1.8444147109985352,0.04230998083949089,0.0007,0.9792917370796204,0.21291813254356384,3286,-10.29303684,0.03,150.0
6865,65760,3288,9,-1.6802377700805664,0.28180480003356934,0.0007,0.7649122476577759,-0.3153782784938812,3287,-10.29303684,0.03,150.0
6865,65780,3289,9,-1.8572648763656616,0.30406156182289124,0.0007,-0.0032923221588134766,0.2197980433702469,3288,-10.29303684,0.03,150.0
6864,65800,3290,9,-1.9023942947387695,0.1926889717578888,0.0007,0.5981203317642212,0.08845971524715424,3289,-10.29303684,0.03,150.0
6864,65820,3291,9,-2.036445140838623,0.178604394197464,0.0007,0.8465399742126465,-0.5252856612205505,3290,-10.29303684,0.03,150.0
6862,65840,3292,9,-2.080427885055542,0.025127828121185303,0.0007,0.9226253032684326,-0.17015869915485382,3291,-10.29303684,0.03,150.0
6862,65860,3293,9,-2.078740119934082,0.10845164954662323,0.0007,0.593014657497406,0.010767912492156029,3292,-10.29303684,0.03,150.0
6861,65880,3294,9,-2.1198582649230957,0.03578287363052368,0.0007,0.8139151930809021,0.015249785967171192,3293,-10.29303684,0.03,150.0
6860,65900,3295,9,-2.114168643951416,0.04262258857488632,0.0007,0.5465497970581055,-0.10504274070262909,3294,-10.29303684,0.03,150.0
6858,65920,3296,9,-2.141974449157715,0.007308794651180506,0.0007,0.8347476124763489,0.03569355979561806,3295,-10.29303684,0.03,150.0
6857,65940,3297,9,-2.151332378387451,0.01449437253177166,0.0007,0.890454888343811,0.1806589514017105,3296,-10.29303684,0.03,150.0
6856,65960,3298,9,-2.1519980430603027,0.0030928757041692734,0.0007,0.9436981678009033,-0.02815425395965576,3297,-10.29303684,0.03,150.0
6856,65980,3299,9,-2.142815351486206,0.04881954938173294,0.0007,0.7632107734680176,0.3091592490673065,3298,-10.29303684,0.03,150.0
6855,66000,3300,9,-2.131605625152588,0.04065581411123276,0.0007,0.8516058325767517,0.3345390856266022,3299,-10.52887074,0.02,150.0
6854,66020,3301,9,-2.103909969329834,0.00904313288629055,0.0007,0.9035030007362366,0.08892090618610382,3300,-10.52887074,0.02,150.0
6854,66040,3302,9,-1.8598932027816772,0.15539999306201935,0.0007,0.6714560985565186,0.4274120330810547,3301,-10.52887074,0.02,150.0
6852,66060,3303,9,-1.9783544540405273,0.09760800004005432,0.0007,0.9269121289253235,-0.403337299823761,3302,-10.52887074,0.02,150.0
6851,66080,3304,9,-2.004182815551758,0.14117437601089478,0.0007,0.9281306266784668,-0.13982360064983368,3303,-10.52887074,0.02,150.0
6851,66100,3305,9,-2.057941436767578,1.3692296743392944,0.0007,0.7394603490829468,1.1924512386322021,3304,-10.52887074,0.02,150.0
6850,66120,3306,9,-1.976027488708496,0.5438681840896606,0.0007,0.919888436794281,0.31475159525871277,3305,-10.52887074,0.02,150.0
6850,66140,3307,9,-2.0425870418548584,1.144809365272522,0.0007,0.9226643443107605,-0.30776476860046387,3306,-10.52887074,0.02,150.0
6849,66160,3308,9,-2.040733575820923,0.12872378528118134,0.0007,0.9914786219596863,-0.16466283798217773,3307,-10.52887074,0.02,150.0
6849,66180,3309,9,-2.00321102142334,0.5679159164428711,0.0007,0.9672392010688782,-0.6026527285575867,3308,-10.52887074,0.02,150.0
6849,66200,3310,9,-2.0809457302093506,0.2096898853778839,0.0007,0.9893850088119507,-0.3468036651611328,3309,-10.52887074,0.02,150.0
6848,66220,3311,9,-2.104896068572998,0.03793242573738098,0.0007,0.9989528656005859,-0.2848391532897949,3310,-10.52887074,0.02,150.0
6848,66240,3312,9,-2.090578317642212,0.1309465914964676,0.0007,0.9936009049415588,-0.15945294499397278,3311,-10.52887074,0.02,150.0
6847,66260,3313,9,-2.11896014213562,0.1161971241235733,0.0007,0.9950470924377441,0.1380043476819992,3312,-10.52887074,0.02,150.0
6846,66280,3314,9,-2.111788034439087,0.35882967710494995,0.0007,0.985709547996521,0.3916699290275574,3313,-10.52887074,0.02,150.0
6845,66300,3315,9,-2.1117591857910156,0.49098196625709534,0.0007,0.9763203263282776,0.47262850403785706,3314,-10.52887074,0.02,150.0
6844,66320,3316,9,-2.0214109420776367,0.4212743639945984,0.0007,0.975841224193573,-0.26670584082603455,3315,-10.52887074,0.02,150.0
6843,66340,3317,9,-2.1034393310546875,0.4100280702114105,0.0007,0.972696840763092,0.47332173585891724,3316,-10.52887074,0.02,150.0
6842,66360,3318,9,-2.1030220985412598,0.39047178626060486,0.0007,0.9668779969215393,0.04572901874780655,3317,-10.52887074,0.02,150.0
6841,66380,3319,9,-2.0415115356445312,0.20215639472007751,0.0007,0.9811087846755981,0.37146300077438354,3318,-10.52887074,0.02,150.0
6840,66400,3320,9,-1.9215589761734009,1.4901422262191772,0.0007,0.8884215950965881,0.6938603520393372,3319,-10.52887074,0.02,150.0
6839,66420,3321,9,-1.9185428619384766,0.3370346128940582,0.0007,0.9758845567703247,0.29231294989585876,3320,-10.52887074,0.02,150.0
6839,66440,3322,9,-1.8979278802871704,0.18297079205513,0.0007,0.9888514280319214,0.5435640215873718,3321,-10.52887074,0.02,150.0
6839,66460,3323,9,-1.9170105457305908,0.07174327969551086,0.0007,0.9944171905517578,0.03876747936010361,3322,-10.52887074,0.02,150.0
6838,66480,3324,9,-2.0036253929138184,0.23623748123645782,0.0007,0.9916250109672546,-0.7561939358711243,3323,-10.52887074,0.02,150.0
6838,66500,3325,9,-2.005542755126953,0.02567753754556179,0.0007,0.9975169897079468,-0.05991178750991821,3324,-10.52887074,0.02,150.0
6837,66520,3326,9,-2.0658130645751953,0.06951086223125458,0.0007,0.9929592609405518,0.03238461911678314,3325,-10.52887074,0.02,150.0
6836,66540,3327,9,-2.036421298980713,0.028121527284383774,0.0007,0.9978193044662476,0.17016816139221191,3326,-10.52887074,0.02,150.0
6835,66560,3328,9,-2.0007762908935547,0.28348639607429504,0.0007,0.9835777282714844,0.2814771234989166,3327,-10.52887074,0.02,150.0
6835,66580,3329,9,-2.0425286293029785,0.5866813659667969,0.0007,0.9595109224319458,-0.2706792950630188,3328,-10.52887074,0.02,150.0
6834,66600,3330,9,-1.9745376110076904,0.2235686480998993,0.0007,0.9839063286781311,-0.18851396441459656,3329,-10.03301507,0.03,150.0
6833,66620,3331,9,-2.036050796508789,5.950379371643066,0.0007,0.8162263631820679,2.83450984954834,3330,-10.03301507,0.03,150.0
6833,66640,3332,9,-1.9156583547592163,0.34056368470191956,0.0007,0.9062516689300537,-0.9155240058898926,3331,-10.03301507,0.03,150.0
6832,66660,3333,9,-1.9542090892791748,0.16177582740783691,0.0007,0.8354713916778564,0.03528963774442673,3332,-10.03301507,0.03,150.0
6832,66680,3334,9,-1.9541218280792236,0.6421491503715515,0.0007,0.031907498836517334,0.6506115794181824,3333,-10.03301507,0.03,150.0
6831,66700,3335,9,-2.014756679534912,0.2772083580493927,0.0007,0.8899094462394714,-0.572555422782898,3334,-10.03301507,0.03,150.0
6831,66720,3336,9,-2.012282371520996,0.4218173921108246,0.0007,0.8963420391082764,0.34868043661117554,3335,-10.03301507,0.03,150.0
6831,66740,3337,9,-2.044393539428711,0.17598628997802734,0.0007,0.9677444696426392,-0.42254573106765747,3336,-10.03301507,0.03,150.0
6830,66760,3338,9,-2.0306506156921387,0.1364014595746994,0.0007,0.9561017751693726,0.3208583891391754,3337,-10.03301507,0.03,150.0
6830,66780,3339,9,-1.9745718240737915,1.5270860195159912,0.0007,0.7991586923599243,0.5265833139419556,3338,-10.03301507,0.03,150.0
6830,66800,3340,9,-2.06416654586792,0.1408403366804123,0.0007,0.9923429489135742,-0.5615894198417664,3339,-10.03301507,0.03,150.0
6829,66820,3341,9,-2.040451765060425,2.677384614944458,0.0007,-0.01299583911895752,1.3679898977279663,3340,-10.03301507,0.03,150.0
6829,66840,3342,9,-2.0640311241149902,0.4003125727176666,0.0007,0.9516237378120422,-1.1551954746246338,3341,-10.03301507,0.03,150.0
6829,66860,3343,9,-2.0791525840759277,0.23666496574878693,0.0007,0.9026589393615723,-0.12167800962924957,3342,-10.03301507,0.03,150.0
6828,66880,3344,9,-2.034109115600586,2.4316518306732178,0.0007,0.7255350947380066,0.557735800743103,3343,-10.03301507,0.03,150.0
6828,66900,3345,9,-2.0823326110839844,0.22623860836029053,0.0007,0.9545863270759583,-0.2683199942111969,3344,-10.03301507,0.03,150.0
6828,66920,3346,9,-2.0104055404663086,0.82353276014328,0.0007,0.6583077311515808,0.24232308566570282,3345,-10.03301507,0.03,150.0
6827,66940,3347,9,-2.0080082416534424,0.24810704588890076,0.0007,0.8513175249099731,-0.1415260285139084,3346,-10.03301507,0.03,150.0
6827,66960,3348,9,-2.0523784160614014,0.39363279938697815,0.0007,0.822306752204895,0.24402770400047302,3347,-10.03301507,0.03,150.0
6826,66980,3349,9,-2.031938076019287,0.3969363570213318,0.0007,0.8695228099822998,-0.8956884145736694,3348,-10.03301507,0.03,150.0
6826,67000,3350,9,-2.0415751934051514,0.11301132291555405,0.0007,0.9232810139656067,-0.18179957568645477,3349,-10.03301507,0.03,150.0
6825,67020,3351,9,-2.0354597568511963,1.6181957721710205,0.0007,0.4907427430152893,1.5911762714385986,3350,-10.03301507,0.03,150.0
6824,67040,3352,9,-2.067899227142334,2.0578417778015137,0.0007,0.7009859085083008,0.09267331659793854,3351,-10.03301507,0.03,150.0
6823,67060,3353,9,-2.064117908477783,0.3381049633026123,0.0007,0.9446604251861572,0.5003186464309692,3352,-10.03301507,0.03,150.0
6823,67080,3354,9,-2.073045492172241,0.3412618339061737,0.0007,0.9373084902763367,-0.12189223617315292,3353,-10.03301507,0.03,150.0
6822,67100,3355,9,-2.042018413543701,2.8443214893341064,0.0007,0.48436635732650757,1.1132627725601196,3354,-10.03301507,0.03,150.0
6821,67120,3356,9,-1.9601223468780518,0.14130325615406036,0.0007,0.9659060835838318,-0.05486420914530754,3355,-10.03301507,0.03,150.0
6821,67140,3357,9,-1.9984325170516968,1.044880986213684,0.0007,0.8874790668487549,0.9163001179695129,3356,-10.03301507,0.03,150.0
6821,67160,3358,9,-1.9972388744354248,0.984784722328186,0.0007,0.8859912753105164,0.914402186870575,3357,-10.03301507,0.03,150.0
6820,67180,3359,9,-2.0092265605926514,0.7507935762405396,0.0007,0.8409868478775024,0.4675629138946533,3358,-10.03301507,0.03,150.0
6820,67200,3360,9,-1.977583646774292,0.2479960173368454,0.0007,0.9535230398178101,-0.5195549130439758,3359,-9.64939484,0.03,150.0
6819,67220,3361,9,-1.9783827066421509,0.46473509073257446,0.0007,0.8637447357177734,0.016327153891324997,3360,-9.64939484,0.03,150.0
6819,67240,3362,9,-1.7742652893066406,0.13279381394386292,0.0007,0.9217470288276672,-0.41822999715805054,3361,-9.64939484,0.03,150.0
6818,67260,3363,9,-1.8380210399627686,0.024810250848531723,0.0007,0.9824138283729553,-0.1657601296901703,3362,-9.64939484,0.03,150.0
6818,67280,3364,9,-1.8742786645889282,0.05616378039121628,0.0007,0.9674049019813538,-0.07686518132686615,3363,-9.64939484,0.03,150.0
6818,67300,3365,9,-1.8492209911346436,0.1582551747560501,0.0007,0.9502578377723694,0.18356850743293762,3364,-9.64939484,0.03,150.0
6817,67320,3366,9,-1.956380844116211,0.3767046332359314,0.0007,0.8895685076713562,-0.21800093352794647,3365,-9.64939484,0.03,150.0
6817,67340,3367,9,-1.9836581945419312,0.1035783514380455,0.0007,0.9836485385894775,0.4566287100315094,3366,-9.64939484,0.03,150.0
6817,67360,3368,9,-2.0266635417938232,0.10117685794830322,0.0007,0.972649335861206,-0.11313758045434952,3367,-9.64939484,0.03,150.0
6817,67380,3369,9,-2.0755953788757324,0.09270820766687393,0.0007,0.9686997532844543,-0.07422685623168945,3368,-9.64939484,0.03,150.0
6816,67400,3370,9,-2.0922927856445312,0.08022395521402359,0.0007,0.9581795930862427,-0.18954110145568848,3369,-9.64939484,0.03,150.0
6816,67420,3371,9,-2.042482376098633,0.07243482023477554,0.0007,0.9588682055473328,-0.14271387457847595,3370,-9.64939484,0.03,150.0
6816,67440,3372,9,-1.93862783908844,1.1696841716766357,0.0007,0.6579113006591797,1.2790815830230713,3371,-9.64939484,0.03,150.0
6815,67460,3373,9,-1.895085334777832,0.4749245047569275,0.0007,0.8758564591407776,0.7718614935874939,3372,-9.64939484,0.03,150.0
6815,67480,3374,9,-1.9090442657470703,0.2870118021965027,0.0007,0.8216278553009033,0.11581804603338242,3373,-9.64939484,0.03,150.0
6814,67500,3375,9,-1.8693233728408813,0.08035112917423248,0.0007,0.9293081164360046,-0.11310891062021255,3374,-9.64939484,0.03,150.0
6814,67520,3376,9,-1.9295375347137451,1.758423089981079,0.0007,0.6552932262420654,1.207336664199829,3375,-9.64939484,0.03,150.0
6812,67540,3377,9,-2.0122945308685303,0.07305560261011124,0.0007,0.9580908417701721,-0.10259872674942017,3376,-9.64939484,0.03,150.0
6811,67560,3378,9,-1.9854934215545654,0.4557713568210602,0.0007,0.6659741997718811,-0.05204901844263077,3377,-9.64939484,0.03,150.0
6809,67580,3379,9,-2.0198991298675537,0.1951242834329605,0.0007,0.94090336561203,-0.618299126625061,3378,-9.64939484,0.03,150.0
6807,67600,3380,9,-2.0601437091827393,0.09649898111820221,0.0007,0.9592939019203186,-0.17187269032001495,3379,-9.64939484,0.03,150.0
6805,67620,3381,9,-2.0313782691955566,2.0313239097595215,0.0007,0.7577546834945679,0.538456916809082,3380,-9.64939484,0.03,150.0
6798,67640,3382,9,-2.052919387817383,0.11844198405742645,0.0007,0.9822144508361816,-0.3644270598888397,3381,-9.64939484,0.03,150.0
6791,67660,3383,9,-1.9482276439666748,0.459146648645401,0.0007,0.9310215711593628,-0.4069327712059021,3382,-9.64939484,0.03,150.0
6783,67680,3384,9,-2.043374538421631,0.12567929923534393,0.0007,0.974583625793457,-0.008752602152526379,3383,-9.64939484,0.03,150.0
6781,67700,3385,9,-1.9474750757217407,0.332815021276474,0.0007,0.9691957235336304,-0.7728433609008789,3384,-9.64939484,0.03,150.0
6780,67720,3386,9,-1.99236261844635,0.22174207866191864,0.0007,0.9680846333503723,-0.7647982835769653,3385,-9.64939484,0.03,150.0
6779,67740,3387,9,-2.0163400173187256,0.20582716166973114,0.0007,0.9329972267150879,-0.6401373147964478,3386,-9.64939484,0.03,150.0
6778,67760,3388,9,-2.0010364055633545,0.13633942604064941,0.0007,0.9424097537994385,-0.5025601387023926,3387,-9.64939484,0.03,150.0
6777,67780,3389,10,-2.046529769897461,0.18615838885307312,0.0007,0.8656357526779175,-0.6747719645500183,3388,-9.64939484,0.03,150.0
6776,67800,3390,10,-2.0384135246276855,0.22528669238090515,0.0007,0.7921278476715088,-0.654410719871521,3389,-9.96376684,0.03,150.0
6776,67820,3391,10,-2.0579588413238525,0.05236755684018135,0.0007,0.8861253261566162,-0.3431827127933502,3390,-9.96376684,0.03,150.0
6776,67840,3392,10,-1.9764492511749268,0.13746324181556702,0.0007,0.870528519153595,0.3511340916156769,3391,-9.96376684,0.03,150.0
6776,67860,3393,10,-1.9976475238800049,0.4936977028846741,0.0007,0.7109570503234863,-0.6588656306266785,3392,-9.96376684,0.03,150.0
6776,67880,3394,10,-2.0354182720184326,0.34361007809638977,0.0007,0.8129698038101196,-0.48708534240722656,3393,-9.96376684,0.03,150.0
6776,67900,3395,10,-1.9667936563491821,0.18316234648227692,0.0007,0.9275076389312744,0.3314603269100189,3394,-9.96376684,0.03,150.0
6776,67920,3396,10,-2.009185791015625,1.3249971866607666,0.0007,0.6423550844192505,0.7844980955123901,3395,-9.96376684,0.03,150.0
6776,67940,3397,10,-2.087001085281372,0.10524376481771469,0.0007,0.9685882925987244,0.23045280575752258,3396,-9.96376684,0.03,150.0
6776,67960,3398,10,-2.0727264881134033,0.24577093124389648,0.0007,0.9166535139083862,0.2019682675600052,3397,-9.96376684,0.03,150.0
6776,67980,3399,10,-1.9941234588623047,0.3035217821598053,0.0007,0.8913080096244812,-0.3855021893978119,3398,-9.96376684,0.03,150.0
6775,68000,3400,10,-2.079080104827881,0.20014750957489014,0.0007,0.9324591159820557,-0.15176497399806976,3399,-9.96376684,0.03,150.0
6775,68020,3401,10,-2.0870347023010254,0.755471408367157,0.0007,0.8144258856773376,-0.0538741834461689,3400,-9.96376684,0.03,150.0
6774,68040,3402,10,-1.9289329051971436,2.201077699661255,0.0007,0.4801488518714905,1.207500696182251,3401,-9.96376684,0.03,150.0
6774,68060,3403,10,-2.0328500270843506,0.12673403322696686,0.0007,0.9586409330368042,-0.12462003529071808,3402,-9.96376684,0.03,150.0
6774,68080,3404,10,-1.9229862689971924,0.3080767095088959,0.0007,0.9307101964950562,0.08190286159515381,3403,-9.96376684,0.03,150.0
6773,68100,3405,10,-1.9889503717422485,1.2528873682022095,0.0007,0.7039769887924194,-1.279012680053711,3404,-9.96376684,0.03,150.0
6773,68120,3406,10,-1.9452502727508545,0.5326446890830994,0.0007,0.8767719268798828,-0.2935802936553955,3405,-9.96376684,0.03,150.0
6774,68140,3407,10,-1.913985013961792,1.7313692569732666,0.0007,0.8213555812835693,0.49240589141845703,3406,-9.96376684,0.03,150.0
6774,68160,3408,10,-1.8734744787216187,0.7974509000778198,0.0007,0.9426523447036743,1.1467139720916748,3407,-9.96376684,0.03,150.0
6774,68180,3409,10,-1.8276755809783936,2.6251156330108643,0.0007,0.7105705142021179,1.014216423034668,3408,-9.96376684,0.03,150.0
6774,68200,3410,10,-1.9797576665878296,0.30030277371406555,0.0007,0.9787023663520813,-0.7965835332870483,3409,-9.96376684,0.03,150.0
6774,68220,3411,10,-2.0467605590820312,0.4501447081565857,0.0007,0.8628804683685303,0.40209975838661194,3410,-9.96376684,0.03,150.0
6774,68240,3412,10,-1.953362226486206,0.9820563197135925,0.0007,0.8616400361061096,0.7732521891593933,3411,-9.96376684,0.03,150.0
6774,68260,3413,10,-1.8175137042999268,0.3190237581729889,0.0007,0.9290934205055237,0.2709982991218567,3412,-9.96376684,0.03,150.0
6775,68280,3414,10,-1.8175733089447021,0.19315047562122345,0.0007,0.9826023578643799,-0.6131317019462585,3413,-9.96376684,0.03,150.0
6775,68300,3415,10,-1.8377578258514404,0.19662609696388245,0.0007,0.9483060836791992,-0.430781751871109,3414,-9.96376684,0.03,150.0
6775,68320,3416,10,-1.8666900396347046,0.15784013271331787,0.0007,0.9175407886505127,-0.11768040806055069,3415,-9.96376684,0.03,150.0
6775,68340,3417,10,-1.8908977508544922,0.27622947096824646,0.0007,0.8087632656097412,-0.43933409452438354,3416,-9.96376684,0.03,150.0
6775,68360,3418,10,-1.9681965112686157,0.1498091220855713,0.0007,0.904023289680481,-0.5165930986404419,3417,-9.96376684,0.03,150.0
6775,68380,3419,10,-1.983729600906372,0.0726233497262001,0.0007,0.9135914444923401,-0.15707097947597504,3418,-9.96376684,0.03,150.0
6775,68400,3420,10,-1.984454870223999,0.035227932035923004,0.0007,0.971908450126648,-0.023757178336381912,3419,-9.89610801,0.03,150.0
6776,68420,3421,10,-2.0765159130096436,0.03968137875199318,0.0007,0.9800000786781311,0.000847832125145942,3420,-9.89610801,0.03,150.0
6776,68440,3422,10,-1.8678184747695923,0.0276307575404644,0.0007,0.9150627851486206,0.11583040654659271,3421,-9.89610801,0.03,150.0
6776,68460,3423,10,-1.9685741662979126,0.20999307930469513,0.0007,0.8162825107574463,0.08036913722753525,3422,-9.89610801,0.03,150.0
6776,68480,3424,10,-2.023048162460327,0.24245421588420868,0.0007,0.6827329397201538,-0.05735515430569649,3423,-9.89610801,0.03,150.0
6776,68500,3425,10,-2.013087749481201,0.25559064745903015,0.0007,0.32135510444641113,0.2771291434764862,3424,-9.89610801,0.03,150.0
6777,68520,3426,10,-2.030843496322632,0.23721635341644287,0.0007,0.8416575193405151,-0.519472599029541,3425,-9.89610801,0.03,150.0
6777,68540,3427,10,-2.0570731163024902,0.47068414092063904,0.0007,0.5091361999511719,-1.1589841842651367,3426,-9.89610801,0.03,150.0
6777,68560,3428,10,-2.034855365753174,0.1168217882514,0.0007,0.870402455329895,-0.5931941270828247,3427,-9.89610801,0.03,150.0
6777,68580,3429,10,-2.0432610511779785,0.22867445647716522,0.0007,0.7178773880004883,-0.603994607925415,3428,-9.89610801,0.03,150.0
6777,68600,3430,10,-2.0166819095611572,0.7047362923622131,0.0007,0.643403172492981,1.0842735767364502,3429,-9.89610801,0.03,150.0
6777,68620,3431,10,-1.9387409687042236,3.3866474628448486,0.0007,-1.0400965213775635,1.184631109237671,3430,-9.89610801,0.03,150.0
6777,68640,3432,10,-1.9867891073226929,0.5070486664772034,0.0007,0.5442383289337158,-0.05770821124315262,3431,-9.89610801,0.03,150.0
6777,68660,3433,10,-2.0278470516204834,0.39522260427474976,0.0007,0.7835921049118042,-0.15079642832279205,3432,-9.89610801,0.03,150.0
6778,68680,3434,10,-2.0148911476135254,0.4483036994934082,0.0007,0.7469239234924316,-0.6443074345588684,3433,-9.89610801,0.03,150.0
6777,68700,3435,10,-2.003145933151245,0.34751421213150024,0.0007,0.8821508884429932,0.23138432204723358,3434,-9.89610801,0.03,150.0
6777,68720,3436,10,-1.9554736614227295,2.010458469390869,0.0007,0.834895670413971,0.321419894695282,3435,-9.89610801,0.03,150.0
6777,68740,3437,10,-2.0867197513580322,0.5293949246406555,0.0007,0.9480108022689819,-0.41699329018592834,3436,-9.89610801,0.03,150.0
6776,68760,3438,10,-1.952999472618103,0.43317708373069763,0.0007,0.9670075178146362,0.15690448880195618,3437,-9.89610801,0.03,150.0
6776,68780,3439,10,-1.9902875423431396,0.643001139163971,0.0007,0.9626035094261169,0.3659507930278778,3438,-9.89610801,0.03,150.0
6776,68800,3440,10,-2.0414879322052,0.2049035131931305,0.0007,0.9881208539009094,-0.5730985403060913,3439,-9.89610801,0.03,150.0
6776,68820,3441,10,-2.0770175457000732,0.5834037065505981,0.0007,0.9051135182380676,0.10511370003223419,3440,-9.89610801,0.03,150.0
6776,68840,3442,10,-2.033263683319092,0.6987311840057373,0.0007,0.9078633189201355,1.0709141492843628,3441,-9.89610801,0.03,150.0
6776,68860,3443,10,-2.0555920600891113,2.3421361446380615,0.0007,-0.13187706470489502,1.0626239776611328,3442,-9.89610801,0.03,150.0
6776,68880,3444,10,-2.111590623855591,0.26797357201576233,0.0007,0.8634927272796631,0.5079267024993896,3443,-9.89610801,0.03,150.0
6776,68900,3445,10,-2.0689001083374023,3.5396876335144043,0.0007,0.5541911125183105,2.0564868450164795,3444,-9.89610801,0.03,150.0
6776,68920,3446,10,-2.05728816986084,0.3149070143699646,0.0007,0.9265711307525635,-0.7595293521881104,3445,-9.89610801,0.03,150.0
6776,68940,3447,10,-1.9783719778060913,0.22029733657836914,0.0007,0.9014222025871277,-0.15691931545734406,3446,-9.89610801,0.03,150.0
6776,68960,3448,10,-2.0313191413879395,0.2744237780570984,0.0007,0.7555239796638489,-0.7562372088432312,3447,-9.89610801,0.03,150.0
6776,68980,3449,10,-2.0023422241210938,0.22300362586975098,0.0007,-0.481533408164978,-0.5712493062019348,3448,-9.89610801,0.03,150.0
6776,69000,3450,10,-1.9608268737792969,0.18849530816078186,0.0007,0.08309239149093628,-0.6321955323219299,3449,-9.636364769999998,0.03,150.0
6776,69020,3451,10,-1.9374462366104126,0.30709415674209595,0.0007,-0.4823418855667114,-0.35154107213020325,3450,-9.636364769999998,0.03,150.0
6777,69040,3452,10,-1.7270946502685547,0.20522460341453552,0.0007,0.7058761119842529,0.3982063829898834,3451,-9.636364769999998,0.03,150.0
6777,69060,3453,10,-1.8181288242340088,0.0899856686592102,0.0007,0.6621041893959045,0.22577789425849915,3452,-9.636364769999998,0.03,150.0
6776,69080,3454,10,-1.9846737384796143,0.04517018049955368,0.0007,0.9522073864936829,-0.3379851281642914,3453,-9.636364769999998,0.03,150.0
6776,69100,3455,10,-2.001321315765381,0.1553981751203537,0.0007,0.6691315174102783,-0.07411009818315506,3454,-9.636364769999998,0.03,150.0
6776,69120,3456,10,-2.074526309967041,0.28409260511398315,0.0007,0.8110836148262024,0.1535729020833969,3455,-9.636364769999998,0.03,150.0
6776,69140,3457,10,-1.9823267459869385,0.45004647970199585,0.0007,0.8999710083007812,0.10761427879333496,3456,-9.636364769999998,0.03,150.0
6776,69160,3458,10,-2.081085681915283,0.706892192363739,0.0007,0.9294192790985107,0.4247949719429016,3457,-9.636364769999998,0.03,150.0
6776,69180,3459,10,-2.017099380493164,0.8926354646682739,0.0007,0.9637218713760376,-1.2781022787094116,3458,-9.636364769999998,0.03,150.0
6776,69200,3460,10,-2.0442605018615723,0.5488502979278564,0.0007,0.9804697632789612,-0.8252935409545898,3459,-9.636364769999998,0.03,150.0
6775,69220,3461,10,-2.049786329269409,0.3613569140434265,0.0007,0.9902867674827576,-0.6214577555656433,3460,-9.636364769999998,0.03,150.0
6774,69240,3462,10,-2.0709104537963867,0.2975832521915436,0.0007,0.9906703233718872,-0.3923427164554596,3461,-9.636364769999998,0.03,150.0
6772,69260,3463,10,-2.0778517723083496,0.24464671313762665,0.0007,0.9927923083305359,0.06743743270635605,3462,-9.636364769999998,0.03,150.0
6771,69280,3464,10,-2.058314561843872,0.6011285781860352,0.0007,0.9880940914154053,0.09725834429264069,3463,-9.636364769999998,0.03,150.0
6770,69300,3465,10,-2.0060670375823975,1.857975721359253,0.0007,0.9782558679580688,0.8987760543823242,3464,-9.636364769999998,0.03,150.0
6770,69320,3466,10,-2.0679547786712646,0.2120136022567749,0.0007,0.9986076354980469,-0.6419679522514343,3465,-9.636364769999998,0.03,150.0
6769,69340,3467,10,-2.0656251907348633,0.05114835500717163,0.0007,0.9994654059410095,-0.2815558612346649,3466,-9.636364769999998,0.03,150.0
6769,69360,3468,10,-1.9034236669540405,0.6165110468864441,0.0007,0.9913659691810608,0.5695856213569641,3467,-9.636364769999998,0.03,150.0
6769,69380,3469,10,-1.818033218383789,0.8497552871704102,0.0007,0.9871644377708435,0.5868778824806213,3468,-9.636364769999998,0.03,150.0
6769,69400,3470,10,-2.0429418087005615,0.04771753400564194,0.0007,0.9996147155761719,-0.35334983468055725,3469,-9.636364769999998,0.03,150.0
6769,69420,3471,10,-2.016125440597534,0.1510584056377411,0.0007,0.9982882738113403,-0.5428919196128845,3470,-9.636364769999998,0.03,150.0
6769,69440,3472,10,-2.0094692707061768,1.6290782690048218,0.0007,0.9659983515739441,1.566924810409546,3471,-9.636364769999998,0.03,150.0
6769,69460,3473,10,-1.981830358505249,0.44055303931236267,0.0007,0.9902541637420654,-0.16504129767417908,3472,-9.636364769999998,0.03,150.0
6769,69480,3474,10,-2.0538089275360107,0.22367462515830994,0.0007,0.9945687651634216,0.2871790826320648,3473,-9.636364769999998,0.03,150.0
6769,69500,3475,10,-2.0695624351501465,1.8733127117156982,0.0007,0.926138162612915,0.028115153312683105,3474,-9.636364769999998,0.03,150.0
6769,69520,3476,10,-2.0452499389648438,1.1995750665664673,0.0007,0.928795576095581,0.8112164735794067,3475,-9.636364769999998,0.03,150.0
6769,69540,3477,10,-1.992714285850525,0.7259387969970703,0.0007,0.933171272277832,-0.6699939966201782,3476,-9.636364769999998,0.03,150.0
6769,69560,3478,10,-1.8937504291534424,0.3901035785675049,0.0007,0.9593237638473511,0.20285990834236145,3477,-9.636364769999998,0.03,150.0
6769,69580,3479,10,-1.9642432928085327,1.5692863464355469,0.0007,0.8431898355484009,0.6379622220993042,3478,-9.636364769999998,0.03,150.0
6769,69600,3480,10,-1.7430404424667358,0.4831329882144928,0.0007,0.9628410935401917,0.4762522578239441,3479,-9.504367120000001,0.03,150.0
6770,69620,3481,10,-1.6807928085327148,6.966036796569824,0.0007,0.818722665309906,2.0861012935638428,3480,-9.504367120000001,0.03,150.0
6770,69640,3482,10,-1.844501256942749,0.6244221925735474,0.0007,0.7666618227958679,0.6427297592163086,3481,-9.504367120000001,0.03,150.0
6770,69660,3483,10,-1.8315956592559814,0.647341251373291,0.0007,0.6497238874435425,-0.8851447105407715,3482,-9.504367120000001,0.03,150.0
6770,69680,3484,10,-1.863219976425171,0.3833327293395996,0.0007,0.8963219523429871,-1.061682939529419,3483,-9.504367120000001,0.03,150.0
6770,69700,3485,10,-1.8762178421020508,0.8635364770889282,0.0007,-0.35008561611175537,-0.8788741827011108,3484,-9.504367120000001,0.03,150.0
6770,69720,3486,10,-1.8655014038085938,0.19012396037578583,0.0007,0.8030991554260254,-0.5124545097351074,3485,-9.504367120000001,0.03,150.0
6770,69740,3487,10,-1.9295680522918701,0.2764051556587219,0.0007,0.7955734133720398,-0.3188121020793915,3486,-9.504367120000001,0.03,150.0
6770,69760,3488,10,-1.9274946451187134,0.3311956524848938,0.0007,0.8057997822761536,0.6703744530677795,3487,-9.504367120000001,0.03,150.0
6770,69780,3489,10,-1.9936805963516235,0.4042794108390808,0.0007,0.8952921628952026,0.710712730884552,3488,-9.504367120000001,0.03,150.0
6770,69800,3490,10,-1.9428619146347046,0.7095001339912415,0.0007,0.8469734191894531,-0.09302761405706406,3489,-9.504367120000001,0.03,150.0
6771,69820,3491,10,-1.928320288658142,0.35819095373153687,0.0007,0.9656176567077637,-0.8133842349052429,3490,-9.504367120000001,0.03,150.0
6771,69840,3492,10,-1.991363525390625,0.3749910295009613,0.0007,0.9630041122436523,0.23847198486328125,3491,-9.504367120000001,0.03,150.0
6771,69860,3493,10,-1.8696343898773193,1.7951666116714478,0.0007,0.9287965893745422,1.9566198587417603,3492,-9.504367120000001,0.03,150.0
6771,69880,3494,10,-1.9981886148452759,1.284070372581482,0.0007,0.9364386796951294,0.927172839641571,3493,-9.504367120000001,0.03,150.0
6772,69900,3495,10,-1.9981253147125244,0.3586706221103668,0.0007,0.9745975136756897,0.14014747738838196,3494,-9.504367120000001,0.03,150.0
6772,69920,3496,10,-1.8410860300064087,6.796185493469238,0.0007,0.7755781412124634,3.2990784645080566,3495,-9.504367120000001,0.03,150.0
6772,69940,3497,10,-1.9914579391479492,0.9203095436096191,0.0007,0.9758464694023132,0.8172462582588196,3496,-9.504367120000001,0.03,150.0
6772,69960,3498,10,-1.8590492010116577,1.4733549356460571,0.0007,0.950910210609436,-1.0413892269134521,3497,-9.504367120000001,0.03,150.0
6772,69980,3499,10,-1.8280029296875,1.592077374458313,0.0007,0.9049100279808044,0.0063439845107495785,3498,-9.504367120000001,0.03,150.0
6773,70000,3500,10,-1.9090955257415771,1.0359948873519897,0.0007,0.9248237609863281,0.017429685220122337,3499,-9.504367120000001,0.03,150.0
6773,70020,3501,10,-1.9524589776992798,0.28038617968559265,0.0007,0.9868496060371399,-0.8200039863586426,3500,-9.504367120000001,0.03,150.0
6773,70040,3502,10,-1.9033880233764648,0.5936641693115234,0.0007,0.916000247001648,-0.7655830979347229,3501,-9.504367120000001,0.03,150.0
6773,70060,3503,10,-1.835694670677185,0.3343628942966461,0.0007,0.8945542573928833,-0.5801854133605957,3502,-9.504367120000001,0.03,150.0
6774,70080,3504,10,-1.8621848821640015,1.384159803390503,0.0007,0.6879442930221558,1.0616416931152344,3503,-9.504367120000001,0.03,150.0
6773,70100,3505,10,-1.955521821975708,0.2639130651950836,0.0007,0.8925683498382568,-0.3347287178039551,3504,-9.504367120000001,0.03,150.0
6774,70120,3506,10,-1.998815894126892,0.20271477103233337,0.0007,0.8416767120361328,-0.4463486075401306,3505,-9.504367120000001,0.03,150.0
6774,70140,3507,10,-1.989699363708496,0.1495557725429535,0.0007,0.8663045763969421,-0.6358298063278198,3506,-9.504367120000001,0.03,150.0
6774,70160,3508,10,-2.007460832595825,0.2480643093585968,0.0007,0.5082066059112549,0.09833989292383194,3507,-9.504367120000001,0.03,150.0
6774,70180,3509,10,-2.0779001712799072,0.037752605974674225,0.0007,0.7799850106239319,-0.07930487394332886,3508,-9.504367120000001,0.03,150.0
6774,70200,3510,10,-2.0269217491149902,0.07010839134454727,0.0007,0.7370874881744385,-0.43089160323143005,3509,-9.58408759,0.03,150.0
6774,70220,3511,10,-2.036686420440674,0.07372123003005981,0.0007,0.500342845916748,-0.4821227192878723,3510,-9.58408759,0.03,150.0
6774,70240,3512,10,-1.8181655406951904,0.7616541385650635,0.0007,0.6364622116088867,0.5237722396850586,3511,-9.58408759,0.03,150.0
6774,70260,3513,10,-1.8804877996444702,0.2870420515537262,0.0007,0.9012072086334229,-0.7620928287506104,3512,-9.58408759,0.03,150.0
6774,70280,3514,10,-1.932744026184082,0.0905458927154541,0.0007,0.966076672077179,-0.31358665227890015,3513,-9.58408759,0.03,150.0
6774,70300,3515,10,-2.0078530311584473,0.15021772682666779,0.0007,0.9788483381271362,0.5951086282730103,3514,-9.58408759,0.03,150.0
6774,70320,3516,10,-2.052293300628662,0.6419743299484253,0.0007,0.42759376764297485,0.23404845595359802,3515,-9.58408759,0.03,150.0
6775,70340,3517,10,-1.9635299444198608,0.44785648584365845,0.0007,0.6986827850341797,-0.13511930406093597,3516,-9.58408759,0.03,150.0
6775,70360,3518,10,-2.032876491546631,0.2488386183977127,0.0007,0.9106061458587646,-0.5636722445487976,3517,-9.58408759,0.03,150.0
6775,70380,3519,10,-2.0439422130584717,2.04447078704834,0.0007,0.5051584839820862,0.5925748348236084,3518,-9.58408759,0.03,150.0
6775,70400,3520,10,-1.9969139099121094,0.11141769587993622,0.0007,0.9837993383407593,-0.3829260468482971,3519,-9.58408759,0.03,150.0
6776,70420,3521,10,-1.9910656213760376,0.722685694694519,0.0007,0.8463950157165527,-0.3868722915649414,3520,-9.58408759,0.03,150.0
6776,70440,3522,10,-2.022139072418213,0.5325437784194946,0.0007,0.9121154546737671,-0.7343342900276184,3521,-9.58408759,0.03,150.0
6776,70460,3523,10,-2.0558695793151855,0.1529396027326584,0.0007,0.9721987247467041,-0.4004178047180176,3522,-9.58408759,0.03,150.0
6776,70480,3524,10,-2.0205094814300537,1.134454607963562,0.0007,0.4241098165512085,0.8139941096305847,3523,-9.58408759,0.03,150.0
6777,70500,3525,10,-1.859165906906128,0.10698191821575165,0.0007,0.9448078870773315,-0.10786287486553192,3524,-9.58408759,0.03,150.0
6777,70520,3526,10,-1.6764848232269287,0.6598943471908569,0.0007,0.6685839891433716,0.35858964920043945,3525,-9.58408759,0.03,150.0
6777,70540,3527,10,-1.782271385192871,0.06424039602279663,0.0007,0.9574233293533325,-0.11990527808666229,3526,-9.58408759,0.03,150.0
6777,70560,3528,10,-1.6040916442871094,0.7493550181388855,0.0007,0.619911789894104,0.7101656794548035,3527,-9.58408759,0.03,150.0
6777,70580,3529,10,-1.7687431573867798,0.07198090851306915,0.0007,0.9381235837936401,0.015150601044297218,3528,-9.58408759,0.03,150.0
6778,70600,3530,10,-2.017315149307251,0.01298392005264759,0.0007,0.9800615310668945,-0.030023682862520218,3529,-9.58408759,0.03,150.0
6778,70620,3531,10,-2.0484931468963623,1.3989052772521973,0.0007,0.5986367464065552,1.3661574125289917,3530,-9.58408759,0.03,150.0
6778,70640,3532,10,-1.992100477218628,0.735826849937439,0.0007,-0.5409640073776245,0.804172694683075,3531,-9.58408759,0.03,150.0
6778,70660,3533,10,-1.927583932876587,0.10405562818050385,0.0007,0.8231489062309265,-0.3947606086730957,3532,-9.58408759,0.03,150.0
6779,70680,3534,10,-1.8207387924194336,0.07686905562877655,0.0007,0.7851806282997131,-0.24229972064495087,3533,-9.58408759,0.03,150.0
6779,70700,3535,10,-1.7648580074310303,0.028594916686415672,0.0007,0.8868749737739563,-0.2084336280822754,3534,-9.58408759,0.03,150.0
6779,70720,3536,10,-1.8778566122055054,0.0424572117626667,0.0007,0.8316913843154907,-0.2264018952846527,3535,-9.58408759,0.03,150.0
6779,70740,3537,10,-1.9354991912841797,0.02952423132956028,0.0007,0.7770249843597412,-0.09556980431079865,3536,-9.58408759,0.03,150.0
6779,70760,3538,10,-2.0714035034179688,0.0426015704870224,0.0007,0.6927171945571899,-0.0013447061646729708,3537,-9.58408759,0.03,150.0
6780,70780,3539,10,-1.974377989768982,0.08352704346179962,0.0007,0.6520571708679199,0.03589697554707527,3538,-9.58408759,0.03,150.0
6780,70800,3540,10,-1.8407299518585205,0.046347033232450485,0.0007,0.7583050727844238,0.11775772273540497,3539,-9.71710054,0.03,150.0
6780,70820,3541,10,-1.9887813329696655,0.0652368813753128,0.0007,0.7933459281921387,0.20605695247650146,3540,-9.71710054,0.03,150.0
6780,70840,3542,10,-1.9443542957305908,0.10659436881542206,0.0007,0.9193134903907776,0.15527348220348358,3541,-9.71710054,0.03,150.0
6780,70860,3543,10,-2.0204660892486572,0.2439803183078766,0.0007,0.8307709693908691,-0.006708383560180664,3542,-9.71710054,0.03,150.0
6780,70880,3544,10,-1.9401251077651978,0.4379638135433197,0.0007,0.5413281917572021,0.13253390789031982,3543,-9.71710054,0.03,150.0
6780,70900,3545,10,-1.9240868091583252,0.31723931431770325,0.0007,0.8636059761047363,-0.9667549133300781,3544,-9.71710054,0.03,150.0
6780,70920,3546,10,-2.0277225971221924,0.12053439766168594,0.0007,0.9207733869552612,-0.3347158133983612,3545,-9.71710054,0.03,150.0
6780,70940,3547,10,-2.05273175239563,0.17096957564353943,0.0007,0.932167649269104,0.5142940282821655,3546,-9.71710054,0.03,150.0
6780,70960,3548,10,-1.9464540481567383,2.839812994003296,0.0007,0.41412484645843506,1.4827371835708618,3547,-9.71710054,0.03,150.0
6780,70980,3549,10,-2.0736382007598877,0.3352771997451782,0.0007,0.9430702924728394,-0.6670078635215759,3548,-9.71710054,0.03,150.0
6780,71000,3550,10,-2.0491831302642822,0.5328999161720276,0.0007,0.857729971408844,0.7466880679130554,3549,-9.71710054,0.03,150.0
6780,71020,3551,10,-1.9082626104354858,5.07663631439209,0.0007,0.6342741250991821,2.745643138885498,3550,-9.71710054,0.03,150.0
6780,71040,3552,10,-2.098578691482544,0.15286578238010406,0.0007,0.9829431772232056,-0.43238455057144165,3551,-9.71710054,0.03,150.0
6780,71060,3553,10,-2.0707316398620605,0.19231125712394714,0.0007,0.9897941946983337,-0.8237631916999817,3552,-9.71710054,0.03,150.0
6780,71080,3554,10,-1.9995996952056885,1.3765699863433838,0.0007,0.8623820543289185,0.851547122001648,3553,-9.71710054,0.03,150.0
6781,71100,3555,10,-2.0897486209869385,0.7958616018295288,0.0007,0.9063318967819214,-0.21241989731788635,3554,-9.71710054,0.03,150.0
6781,71120,3556,10,-2.0612218379974365,0.8476893305778503,0.0007,0.864970326423645,0.025301659479737282,3555,-9.71710054,0.03,150.0
6781,71140,3557,10,-2.0706028938293457,0.7803692817687988,0.0007,0.8781620264053345,0.4689405560493469,3556,-9.71710054,0.03,150.0
6780,71160,3558,10,-2.066978693008423,0.7152630090713501,0.0007,0.9598761200904846,1.0817791223526,3557,-9.71710054,0.03,150.0
6780,71180,3559,10,-2.113097667694092,0.25318437814712524,0.0007,0.979753851890564,-0.6702910661697388,3558,-9.71710054,0.03,150.0
6781,71200,3560,10,-2.0719106197357178,0.07136261463165283,0.0007,0.9864832162857056,-0.15528878569602966,3559,-9.71710054,0.03,150.0
6781,71220,3561,10,-2.0543994903564453,1.4919404983520508,0.0007,0.7933356761932373,0.8616417646408081,3560,-9.71710054,0.03,150.0
6781,71240,3562,10,-2.053946018218994,0.26055076718330383,0.0007,0.957755446434021,0.38217592239379883,3561,-9.71710054,0.03,150.0
6781,71260,3563,10,-2.044330358505249,0.10216261446475983,0.0007,0.9750267267227173,0.0010100543731823564,3562,-9.71710054,0.03,150.0
6781,71280,3564,10,-1.9519736766815186,0.14707496762275696,0.0007,0.9678789377212524,0.3237017095088959,3563,-9.71710054,0.03,150.0
6781,71300,3565,10,-2.0181210041046143,0.21882247924804688,0.0007,0.9460867643356323,0.12808623909950256,3564,-9.71710054,0.03,150.0
6781,71320,3566,10,-2.0605194568634033,0.05422165244817734,0.0007,0.989569902420044,0.022884152829647064,3565,-9.71710054,0.03,150.0
6781,71340,3567,10,-1.83340322971344,0.060644764453172684,0.0007,0.9923157095909119,-0.14864584803581238,3566,-9.71710054,0.03,150.0
6781,71360,3568,10,-1.9401295185089111,0.11960522830486298,0.0007,0.9869848489761353,0.1694336086511612,3567,-9.71710054,0.03,150.0
6781,71380,3569,10,-1.84385085105896,0.07227043807506561,0.0007,0.9982094168663025,-0.341732382774353,3568,-9.71710054,0.03,150.0
6781,71400,3570,10,-1.8719093799591064,0.025111475959420204,0.0007,0.9974068403244019,-0.18631026148796082,3569,-9.46273946,0.03,150.0
6781,71420,3571,10,-1.9616695642471313,0.01752561330795288,0.0007,0.9972069263458252,0.15898087620735168,3570,-9.46273946,0.03,150.0
6781,71440,3572,10,-1.7385187149047852,0.2937263548374176,0.0007,0.869970977306366,-0.4681600034236908,3571,-9.46273946,0.03,150.0
6781,71460,3573,10,-1.8433382511138916,0.05394100397825241,0.0007,0.9617098569869995,0.08118040859699249,3572,-9.46273946,0.03,150.0
6781,71480,3574,10,-1.8798729181289673,0.1768782138824463,0.0007,0.9552474021911621,-0.48338788747787476,3573,-9.46273946,0.03,150.0
6781,71500,3575,10,-1.9137084484100342,0.24220852553844452,0.0007,0.9424629807472229,-0.4713326096534729,3574,-9.46273946,0.03,150.0
6781,71520,3576,10,-1.8810441493988037,0.21233436465263367,0.0007,0.9217593669891357,0.09546568989753723,3575,-9.46273946,0.03,150.0
6782,71540,3577,10,-1.9476655721664429,0.11166757345199585,0.0007,0.9556443691253662,0.24558405578136444,3576,-9.46273946,0.03,150.0
6782,71560,3578,10,-1.8767246007919312,0.7311935424804688,0.0007,0.7955541610717773,0.7623581886291504,3577,-9.46273946,0.03,150.0
6782,71580,3579,10,-2.0023622512817383,0.41040879487991333,0.0007,0.878733217716217,-0.5558151006698608,3578,-9.46273946,0.03,150.0
6782,71600,3580,10,-1.8798625469207764,1.917639970779419,0.0007,0.7739002108573914,1.1112295389175415,3579,-9.46273946,0.03,150.0
6782,71620,3581,10,-1.834607481956482,0.5042067766189575,0.0007,0.8435149192810059,0.4503401219844818,3580,-9.46273946,0.03,150.0
6782,71640,3582,10,-2.0051050186157227,0.6538517475128174,0.0007,0.18387562036514282,-0.34892162680625916,3581,-9.46273946,0.03,150.0
6782,71660,3583,10,-1.81719172000885,2.0588481426239014,0.0007,0.5080070495605469,2.0965442657470703,3582,-9.46273946,0.03,150.0
6782,71680,3584,10,-1.8458030223846436,0.9059792757034302,0.0007,0.3664841055870056,0.716183066368103,3583,-9.46273946,0.03,150.0
6782,71700,3585,10,-1.9682070016860962,0.7968102693557739,0.0007,-0.7828942537307739,0.7290834188461304,3584,-9.46273946,0.03,150.0
6781,71720,3586,10,-1.982039451599121,2.467039108276367,0.0007,0.2638395428657532,1.0938235521316528,3585,-9.46273946,0.03,150.0
6782,71740,3587,10,-2.0429294109344482,0.3994935154914856,0.0007,0.8963198065757751,0.849331259727478,3586,-9.46273946,0.03,150.0
6782,71760,3588,10,-2.0704751014709473,0.3593422472476959,0.0007,0.8425449132919312,-0.6838254928588867,3587,-9.46273946,0.03,150.0
6782,71780,3589,10,-2.077531337738037,0.19395574927330017,0.0007,0.9302008748054504,-0.5729420781135559,3588,-9.46273946,0.03,150.0
6782,71800,3590,10,-2.0666236877441406,0.21639326214790344,0.0007,0.8429130911827087,-0.6490227580070496,3589,-9.46273946,0.03,150.0
6782,71820,3591,10,-1.8590776920318604,2.5786495208740234,0.0007,0.2685621380805969,1.2276886701583862,3590,-9.46273946,0.03,150.0
6782,71840,3592,10,-1.9335315227508545,1.3210134506225586,0.0007,0.7249991297721863,0.5700044631958008,3591,-9.46273946,0.03,150.0
6783,71860,3593,10,-2.0116701126098633,1.6745961904525757,0.0007,0.6259555220603943,0.32951459288597107,3592,-9.46273946,0.03,150.0
6783,71880,3594,10,-2.047430992126465,0.37334927916526794,0.0007,0.37850356101989746,-0.2960692048072815,3593,-9.46273946,0.03,150.0
6783,71900,3595,10,-1.9111664295196533,0.32077813148498535,0.0007,0.7005090713500977,0.04578442499041557,3594,-9.46273946,0.03,150.0
6783,71920,3596,10,-1.7790542840957642,0.4920175075531006,0.0007,0.6256723403930664,-0.03268442675471306,3595,-9.46273946,0.03,150.0
6783,71940,3597,10,-1.7979357242584229,0.7367898225784302,0.0007,0.4111829400062561,-1.3924672603607178,3596,-9.46273946,0.03,150.0
6783,71960,3598,10,-1.8288863897323608,0.2332397997379303,0.0007,0.2665286660194397,-0.7031292915344238,3597,-9.46273946,0.03,150.0
6784,71980,3599,10,-1.772940993309021,0.2123578041791916,0.0007,0.37620288133621216,-0.42661142349243164,3598,-9.46273946,0.03,150.0
6784,72000,3600,10,-1.826234221458435,0.07770572602748871,0.0007,0.7212073802947998,-0.2317839413881302,3599,-9.589534109999999,0.03,150.0
6784,72020,3601,10,-1.9288222789764404,0.09228233247995377,0.0007,0.4416249990463257,-0.37952131032943726,3600,-9.589534109999999,0.03,150.0
6784,72040,3602,10,-1.7718034982681274,0.16473960876464844,0.0007,0.41502559185028076,-0.22822746634483337,3601,-9.589534109999999,0.03,150.0
6784,72060,3603,10,-1.8623441457748413,0.6612787246704102,0.0007,0.25932466983795166,1.1320195198059082,3602,-9.589534109999999,0.03,150.0
6784,72080,3604,10,-1.8442907333374023,0.27513518929481506,0.0007,0.33099472522735596,-0.45004183053970337,3603,-9.589534109999999,0.03,150.0
6784,72100,3605,10,-1.9569976329803467,0.38431301712989807,0.0007,0.2604665160179138,-0.05962296575307846,3604,-9.589534109999999,0.03,150.0
6785,72120,3606,10,-1.9620269536972046,0.2714858651161194,0.0007,0.8383385539054871,-0.765851616859436,3605,-9.589534109999999,0.03,150.0
6785,72140,3607,10,-1.9773075580596924,0.11077436059713364,0.0007,0.8375954627990723,0.20825476944446564,3606,-9.589534109999999,0.03,150.0
6785,72160,3608,10,-1.9377104043960571,0.33869877457618713,0.0007,0.4775158762931824,-0.42102521657943726,3607,-9.589534109999999,0.03,150.0
6785,72180,3609,10,-2.008246898651123,0.3152081072330475,0.0007,0.5303674936294556,0.33719268441200256,3608,-9.589534109999999,0.03,150.0
6786,72200,3610,10,-1.9587539434432983,0.8102342486381531,0.0007,0.5434283018112183,0.21607176959514618,3609,-9.589534109999999,0.03,150.0
6786,72220,3611,10,-1.9790198802947998,0.792509913444519,0.0007,-0.5034500360488892,0.17927305400371552,3610,-9.589534109999999,0.03,150.0
6786,72240,3612,10,-1.9809105396270752,0.26426416635513306,0.0007,0.8330644369125366,0.030196476727724075,3611,-9.589534109999999,0.03,150.0
6786,72260,3613,10,-1.7795759439468384,0.105613112449646,0.0007,0.95329749584198,-0.28104865550994873,3612,-9.589534109999999,0.03,150.0
6787,72280,3614,10,-1.9639613628387451,0.8486367464065552,0.0007,0.46584373712539673,-0.10075151920318604,3613,-9.589534109999999,0.03,150.0
6787,72300,3615,10,-1.9893687963485718,0.1955258995294571,0.0007,0.8456816673278809,-0.11966611444950104,3614,-9.589534109999999,0.03,150.0
6787,72320,3616,10,-1.9814144372940063,0.25234663486480713,0.0007,0.8773179054260254,-0.4334987699985504,3615,-9.589534109999999,0.03,150.0
6787,72340,3617,10,-1.9617382287979126,2.5891363620758057,0.0007,0.6929348707199097,1.0245048999786377,3616,-9.589534109999999,0.03,150.0
6787,72360,3618,10,-2.018970251083374,0.9780435562133789,0.0007,0.7365829944610596,0.1578230857849121,3617,-9.589534109999999,0.03,150.0
6788,72380,3619,10,-1.7701213359832764,1.5537052154541016,0.0007,0.7376092672348022,0.7009650468826294,3618,-9.589534109999999,0.03,150.0
6788,72400,3620,10,-1.8032820224761963,1.8294082880020142,0.0007,0.6705089807510376,1.3012311458587646,3619,-9.589534109999999,0.03,150.0
6788,72420,3621,10,-1.8984591960906982,0.22452712059020996,0.0007,0.9025848507881165,0.07659898698329926,3620,-9.589534109999999,0.03,150.0
6788,72440,3622,10,-1.8799183368682861,0.19668547809123993,0.0007,0.951514720916748,-0.44661134481430054,3621,-9.589534109999999,0.03,150.0
6788,72460,3623,10,-1.9163239002227783,0.46244102716445923,0.0007,0.8759347200393677,-0.9911004900932312,3622,-9.589534109999999,0.03,150.0
6789,72480,3624,10,-1.9768531322479248,0.14620162546634674,0.0007,0.936542809009552,-0.420623779296875,3623,-9.589534109999999,0.03,150.0
6789,72500,3625,10,-2.0341200828552246,0.20962341129779816,0.0007,0.8359882831573486,-0.6376720070838928,3624,-9.589534109999999,0.03,150.0
6789,72520,3626,10,-2.075687885284424,0.06988056749105453,0.0007,0.8530699014663696,-0.32384008169174194,3625,-9.589534109999999,0.03,150.0
6789,72540,3627,10,-2.079343318939209,0.1264808475971222,0.0007,0.4739629626274109,-0.19952160120010376,3626,-9.589534109999999,0.03,150.0
6790,72560,3628,10,-2.0379574298858643,0.7056854963302612,0.0007,0.1960461139678955,0.08147670328617096,3627,-9.589534109999999,0.03,150.0
6790,72580,3629,10,-2.024517297744751,0.32671236991882324,0.0007,0.4115055203437805,-0.10249922424554825,3628,-9.589534109999999,0.03,150.0
6790,72600,3630,10,-1.9281647205352783,0.13985547423362732,0.0007,0.6543843746185303,-0.2591097950935364,3629,-9.75633099,0.03,150.0
6790,72620,3631,10,-1.8860595226287842,1.3846304416656494,0.0007,0.2074311375617981,0.09965667873620987,3630,-9.75633099,0.03,150.0
6790,72640,3632,10,-1.7846076488494873,0.12167525291442871,0.0007,0.7974284291267395,-0.08979083597660065,3631,-9.75633099,0.03,150.0
6790,72660,3633,10,-1.9142032861709595,0.15902414917945862,0.0007,0.8613007068634033,-0.13262127339839935,3632,-9.75633099,0.03,150.0
6791,72680,3634,10,-2.023502826690674,0.04892311617732048,0.0007,0.9733456969261169,-0.21019867062568665,3633,-9.75633099,0.03,150.0
6791,72700,3635,10,-2.0737242698669434,0.05741063505411148,0.0007,0.9705389738082886,0.10688813030719757,3634,-9.75633099,0.03,150.0
6791,72720,3636,10,-2.019958734512329,0.18216367065906525,0.0007,0.9219498634338379,-0.0911521166563034,3635,-9.75633099,0.03,150.0
6791,72740,3637,10,-2.0350215435028076,0.09909310191869736,0.0007,0.93620365858078,0.028695132583379745,3636,-9.75633099,0.03,150.0
6791,72760,3638,10,-1.9120290279388428,2.012256383895874,0.0007,-1.7769815921783447,1.398949146270752,3637,-9.75633099,0.03,150.0
6791,72780,3639,10,-2.0425784587860107,0.288195937871933,0.0007,0.8284206986427307,0.4123903214931488,3638,-9.75633099,0.03,150.0
6792,72800,3640,10,-1.9102131128311157,0.3692514896392822,0.0007,0.8608909845352173,0.3895813822746277,3639,-9.75633099,0.03,150.0
6792,72820,3641,10,-2.0770931243896484,0.21771517395973206,0.0007,0.8881654143333435,-0.3148064613342285,3640,-9.75633099,0.03,150.0
6792,72840,3642,10,-2.030909538269043,0.7604354619979858,0.0007,0.7600421905517578,0.6589757204055786,3641,-9.75633099,0.03,150.0
6791,72860,3643,10,-2.05600643157959,0.8006035089492798,0.0007,0.8756806254386902,0.8308259844779968,3642,-9.75633099,0.03,150.0
6792,72880,3644,10,-2.0519356727600098,1.3994642496109009,0.0007,0.8245656490325928,1.185767412185669,3643,-9.75633099,0.03,150.0
6791,72900,3645,10,-2.0588772296905518,0.5953387022018433,0.0007,0.9399446845054626,-0.5834397077560425,3644,-9.75633099,0.03,150.0
6792,72920,3646,10,-2.0219225883483887,1.1926991939544678,0.0007,0.9141348004341125,0.45263996720314026,3645,-9.75633099,0.03,150.0
6792,72940,3647,10,-2.088258981704712,1.1583372354507446,0.0007,0.9194534420967102,-1.4487875699996948,3646,-9.75633099,0.03,150.0
6792,72960,3648,10,-2.0520153045654297,1.1270707845687866,0.0007,0.8912234306335449,0.9258828163146973,3647,-9.75633099,0.03,150.0
6792,72980,3649,10,-1.9842817783355713,1.4142543077468872,0.0007,0.8374142050743103,0.9816569089889526,3648,-9.75633099,0.03,150.0
6792,73000,3650,10,-2.0563254356384277,0.639590859413147,0.0007,0.9252289533615112,-0.7363020777702332,3649,-9.75633099,0.03,150.0
6792,73020,3651,10,-2.063603639602661,0.4192098081111908,0.0007,0.9644012451171875,-0.8530004620552063,3650,-9.75633099,0.03,150.0
6792,73040,3652,10,-2.0360493659973145,0.3714759051799774,0.0007,0.935997724533081,-0.5119739174842834,3651,-9.75633099,0.03,150.0
6792,73060,3653,10,-2.032838821411133,2.044508457183838,0.0007,0.6058273315429688,0.0971948653459549,3652,-9.75633099,0.03,150.0
6792,73080,3654,10,-2.0129661560058594,0.29108119010925293,0.0007,0.9012986421585083,-0.33697620034217834,3653,-9.75633099,0.03,150.0
6792,73100,3655,10,-2.01122784614563,0.3088762164115906,0.0007,0.8956781625747681,-0.43226879835128784,3654,-9.75633099,0.03,150.0
6792,73120,3656,10,-2.01078724861145,0.17834711074829102,0.0007,0.9097769856452942,-0.6700670123100281,3655,-9.75633099,0.03,150.0
6792,73140,3657,10,-1.9926502704620361,0.47544822096824646,0.0007,0.7782988548278809,-0.33869463205337524,3656,-9.75633099,0.03,150.0
6792,73160,3658,10,-2.049561023712158,0.6518632769584656,0.0007,0.8000885248184204,0.3450504243373871,3657,-9.75633099,0.03,150.0
6792,73180,3659,10,-1.9023205041885376,0.49244600534439087,0.0007,0.8714211583137512,0.2227579653263092,3658,-9.75633099,0.03,150.0
6792,73200,3660,10,-1.9017480611801147,0.09972787648439407,0.0007,0.9776238203048706,-0.4269217848777771,3659,-9.575542919999998,0.03,150.0
6792,73220,3661,10,-1.878118872642517,0.14778538048267365,0.0007,0.963690459728241,-0.49327191710472107,3660,-9.575542919999998,0.03,150.0
6792,73240,3662,10,-1.7360031604766846,0.2174140214920044,0.0007,0.8856477737426758,-0.04981635510921478,3661,-9.575542919999998,0.03,150.0
6792,73260,3663,10,-1.7722362279891968,0.171695277094841,0.0007,0.9479695558547974,0.17998754978179932,3662,-9.575542919999998,0.03,150.0
6792,73280,3664,10,-1.846655249595642,0.298762708902359,0.0007,0.954305112361908,-0.05633655935525894,3663,-9.575542919999998,0.03,150.0
6792,73300,3665,10,-1.7920986413955688,0.5398073196411133,0.0007,0.9354792833328247,0.22134658694267273,3664,-9.575542919999998,0.03,150.0
6792,73320,3666,10,-1.883506417274475,0.12846088409423828,0.0007,0.9914814233779907,-0.2483563870191574,3665,-9.575542919999998,0.03,150.0
6792,73340,3667,10,-1.9967477321624756,0.7710457444190979,0.0007,0.9094000458717346,0.00790393352508545,3666,-9.575542919999998,0.03,150.0
6792,73360,3668,10,-1.8496322631835938,2.598226308822632,0.0007,0.7874529361724854,1.8856379985809326,3667,-9.575542919999998,0.03,150.0
6792,73380,3669,10,-1.8399919271469116,1.1314811706542969,0.0007,0.9365577697753906,1.4052855968475342,3668,-9.575542919999998,0.03,150.0
6792,73400,3670,10,-1.8835716247558594,0.9686530232429504,0.0007,0.9280459880828857,-0.26624083518981934,3669,-9.575542919999998,0.03,150.0
6792,73420,3671,10,-1.962833046913147,3.8070082664489746,0.0007,0.15585649013519287,0.21129994094371796,3670,-9.575542919999998,0.03,150.0
6793,73440,3672,10,-1.9834762811660767,2.1916439533233643,0.0007,0.023529648780822754,0.22934043407440186,3671,-9.575542919999998,0.03,150.0
6793,73460,3673,10,-2.0527215003967285,0.46433156728744507,0.0007,0.8320780992507935,-0.2987741231918335,3672,-9.575542919999998,0.03,150.0
6793,73480,3674,10,-1.9885776042938232,1.2979036569595337,0.0007,-0.37146079540252686,0.6455039978027344,3673,-9.575542919999998,0.03,150.0
6793,73500,3675,10,-1.9016015529632568,0.1759338527917862,0.0007,0.8749212026596069,-0.11878244578838348,3674,-9.575542919999998,0.03,150.0
6793,73520,3676,10,-1.9946765899658203,0.5181786417961121,0.0007,0.7620985507965088,0.38854530453681946,3675,-9.575542919999998,0.03,150.0
6793,73540,3677,10,-1.9341328144073486,0.39745593070983887,0.0007,0.9508728981018066,-1.1845661401748657,3676,-9.575542919999998,0.03,150.0
6793,73560,3678,10,-2.0065245628356934,0.22602376341819763,0.0007,0.9590703248977661,-0.48262864351272583,3677,-9.575542919999998,0.03,150.0
6793,73580,3679,10,-2.000129222869873,0.47738116979599,0.0007,0.9398055076599121,0.24567660689353943,3678,-9.575542919999998,0.03,150.0
6793,73600,3680,10,-1.9424127340316772,0.5522759556770325,0.0007,0.9611066579818726,-0.8507569432258606,3679,-9.575542919999998,0.03,150.0
6793,73620,3681,10,-1.8529125452041626,0.36032968759536743,0.0007,0.9881539344787598,-0.7884730100631714,3680,-9.575542919999998,0.03,150.0
6793,73640,3682,10,-1.8572089672088623,2.0226871967315674,0.0007,0.8801661133766174,0.6511610746383667,3681,-9.575542919999998,0.03,150.0
6793,73660,3683,10,-1.8626861572265625,3.295443058013916,0.0007,0.8494713306427002,0.9210211038589478,3682,-9.575542919999998,0.03,150.0
6793,73680,3684,10,-1.8832690715789795,0.42013224959373474,0.0007,0.9851569533348083,-0.7469145059585571,3683,-9.575542919999998,0.03,150.0
6793,73700,3685,10,-1.9158929586410522,1.8081344366073608,0.0007,0.9019358158111572,-0.14118064939975739,3684,-9.575542919999998,0.03,150.0
6794,73720,3686,10,-1.8873698711395264,0.3719526529312134,0.0007,0.9876306653022766,-0.8028579950332642,3685,-9.575542919999998,0.03,150.0
6794,73740,3687,10,-1.9314934015274048,1.6682922840118408,0.0007,0.690178394317627,-1.9578489065170288,3686,-9.575542919999998,0.03,150.0
6794,73760,3688,10,-1.9525467157363892,0.40557974576950073,0.0007,0.8358185291290283,-0.7596116662025452,3687,-9.575542919999998,0.03,150.0
6794,73780,3689,10,-1.9932918548583984,0.18705224990844727,0.0007,0.854370653629303,-0.4912826120853424,3688,-9.575542919999998,0.03,150.0
6794,73800,3690,10,-2.017294406890869,0.21988901495933533,0.0007,0.15944510698318481,-0.5686900019645691,3689,-9.75684583,0.02,150.0
6794,73820,3691,10,-1.996442437171936,0.6320931315422058,0.0007,0.039682984352111816,-0.3399892747402191,3690,-9.75684583,0.02,150.0
6795,73840,3692,10,-1.7914562225341797,0.11879271268844604,0.0007,0.8251349329948425,0.14005045592784882,3691,-9.75684583,0.02,150.0
6795,73860,3693,10,-1.866713285446167,0.39689841866493225,0.0007,0.8313606381416321,0.2739567756652832,3692,-9.75684583,0.02,150.0
6795,73880,3694,10,-1.987400770187378,0.6433151960372925,0.0007,0.9386462569236755,-1.378359317779541,3693,-9.75684583,0.02,150.0
6795,73900,3695,10,-1.9778028726577759,0.254626601934433,0.0007,0.9363045692443848,-0.10656388103961945,3694,-9.75684583,0.02,150.0
6795,73920,3696,10,-1.90239679813385,0.08828925341367722,0.0007,0.987129271030426,-0.11094250530004501,3695,-9.75684583,0.02,150.0
6796,73940,3697,10,-1.9966604709625244,0.17839691042900085,0.0007,0.9798150062561035,0.27545347809791565,3696,-9.75684583,0.02,150.0
6796,73960,3698,10,-1.9566882848739624,1.3777905702590942,0.0007,0.891982913017273,1.3798679113388062,3697,-9.75684583,0.02,150.0
6796,73980,3699,10,-1.908735990524292,0.7455202341079712,0.0007,0.9211774468421936,0.04500454664230347,3698,-9.75684583,0.02,150.0
6796,74000,3700,10,-1.9581153392791748,0.33853575587272644,0.0007,0.9633907675743103,-0.810664176940918,3699,-9.75684583,0.02,150.0
6797,74020,3701,10,-1.9773426055908203,0.6371406316757202,0.0007,0.8933796286582947,-0.5099778175354004,3700,-9.75684583,0.02,150.0
6797,74040,3702,10,-1.9886795282363892,0.7368918657302856,0.0007,0.8447989225387573,-1.0328938961029053,3701,-9.75684583,0.02,150.0
6797,74060,3703,10,-1.8835418224334717,0.6880139112472534,0.0007,0.8778866529464722,-0.180754616856575,3702,-9.75684583,0.02,150.0
6797,74080,3704,10,-1.9522165060043335,0.16052861511707306,0.0007,0.9713914394378662,-0.16837434470653534,3703,-9.75684583,0.02,150.0
6797,74100,3705,10,-1.9647562503814697,1.4988962411880493,0.0007,0.10158562660217285,0.5648193359375,3704,-9.75684583,0.02,150.0
6798,74120,3706,10,-1.918678879737854,1.3009674549102783,0.0007,0.6207103729248047,-0.18014760315418243,3705,-9.75684583,0.02,150.0
6798,74140,3707,10,-1.8779178857803345,0.5464452505111694,0.0007,0.9153463244438171,-0.4755282402038574,3706,-9.75684583,0.02,150.0
6798,74160,3708,10,-1.8634376525878906,0.49429720640182495,0.0007,0.9351610541343689,0.17264635860919952,3707,-9.75684583,0.02,150.0
6798,74180,3709,10,-1.8970483541488647,0.46081557869911194,0.0007,0.9607563018798828,-0.7479458451271057,3708,-9.75684583,0.02,150.0
6799,74200,3710,10,-1.9659315347671509,0.09267251193523407,0.0007,0.99178546667099,-0.3461094796657562,3709,-9.75684583,0.02,150.0
6799,74220,3711,10,-1.95464289188385,0.254142701625824,0.0007,0.960818886756897,0.37982648611068726,3710,-9.75684583,0.02,150.0
6799,74240,3712,10,-1.8722269535064697,4.351580619812012,0.0007,0.8435254693031311,2.7008979320526123,3711,-9.75684583,0.02,150.0
6799,74260,3713,10,-2.013402223587036,1.1008155345916748,0.0007,0.8277853727340698,-0.13883598148822784,3712,-9.75684583,0.02,150.0
6799,74280,3714,10,-2.044407367706299,0.44511085748672485,0.0007,0.9211028218269348,0.2965092658996582,3713,-9.75684583,0.02,150.0
6800,74300,3715,10,-2.0527915954589844,0.2971140444278717,0.0007,0.9371665120124817,-0.5662915110588074,3714,-9.75684583,0.02,150.0
6800,74320,3716,10,-1.9985815286636353,0.11581587791442871,0.0007,0.9543952345848083,0.22190351784229279,3715,-9.75684583,0.02,150.0
6800,74340,3717,10,-2.000500440597534,1.1605294942855835,0.0007,0.6017774343490601,0.7184090614318848,3716,-9.75684583,0.02,150.0
6800,74360,3718,10,-1.9864193201065063,0.5240883231163025,0.0007,0.6876293420791626,-0.12769998610019684,3717,-9.75684583,0.02,150.0
6801,74380,3719,10,-1.875576376914978,1.2988040447235107,0.0007,0.04408729076385498,0.4117129445075989,3718,-9.75684583,0.02,150.0
6801,74400,3720,10,-1.787639856338501,0.6082465648651123,0.0007,0.3477088212966919,0.017833327874541283,3719,-9.52073929,0.02,150.0
6801,74420,3721,10,-1.819014310836792,0.47028985619544983,0.0007,0.3904218077659607,0.008096945472061634,3720,-9.52073929,0.02,150.0
6801,74440,3722,10,-1.8644065856933594,0.4492759108543396,0.0007,0.47646862268447876,-0.6194923520088196,3721,-9.52073929,0.02,150.0
6801,74460,3723,10,-1.8450863361358643,0.11678297817707062,0.0007,0.5561515092849731,0.01874430850148201,3722,-9.52073929,0.02,150.0
6801,74480,3724,10,-1.953987717628479,0.08397897332906723,0.0007,0.8568741679191589,0.14112496376037598,3723,-9.52073929,0.02,150.0
6801,74500,3725,10,-2.031126022338867,0.15141664445400238,0.0007,0.8846604824066162,-0.36374929547309875,3724,-9.52073929,0.02,150.0
6801,74520,3726,10,-2.056334972381592,0.06860952079296112,0.0007,0.8826677203178406,0.03298860043287277,3725,-9.52073929,0.02,150.0
6802,74540,3727,10,-2.0210635662078857,0.1024971604347229,0.0007,0.9120661616325378,0.005939030554145575,3726,-9.52073929,0.02,150.0
6802,74560,3728,10,-1.991418480873108,1.31683349609375,0.0007,-2.5211024284362793,0.7999826669692993,3727,-9.52073929,0.02,150.0
6802,74580,3729,10,-2.030498504638672,0.246285080909729,0.0007,0.5280252695083618,0.21692344546318054,3728,-9.52073929,0.02,150.0
6802,74600,3730,10,-2.0500454902648926,0.31484323740005493,0.0007,0.8214008808135986,0.23573029041290283,3729,-9.52073929,0.02,150.0
6802,74620,3731,10,-2.0298609733581543,0.38678401708602905,0.0007,0.8758907318115234,-0.49478721618652344,3730,-9.52073929,0.02,150.0
6803,74640,3732,10,-2.006549119949341,0.5083773732185364,0.0007,0.9060015678405762,0.5052709579467773,3731,-9.52073929,0.02,150.0
6802,74660,3733,10,-1.9222877025604248,0.8129860758781433,0.0007,0.9119055271148682,-0.013850653544068336,3732,-9.52073929,0.02,150.0
6802,74680,3734,10,-1.8861331939697266,0.3829490840435028,0.0007,0.9567685723304749,0.47385653853416443,3733,-9.52073929,0.02,150.0
6803,74700,3735,10,-2.00036883354187,0.1540084183216095,0.0007,0.9856001138687134,0.34141379594802856,3734,-9.52073929,0.02,150.0
6803,74720,3736,10,-1.9889732599258423,1.0878673791885376,0.0007,0.8197312355041504,0.5375712513923645,3735,-9.52073929,0.02,150.0
6803,74740,3737,10,-1.8577091693878174,0.46608370542526245,0.0007,0.9040266275405884,0.3433656096458435,3736,-9.52073929,0.02,150.0
6803,74760,3738,10,-1.9225208759307861,0.192854642868042,0.0007,0.9723753333091736,-0.47366657853126526,3737,-9.52073929,0.02,150.0
6803,74780,3739,10,-1.9665555953979492,0.17589442431926727,0.0007,0.9368062019348145,0.16064679622650146,3738,-9.52073929,0.02,150.0
6803,74800,3740,10,-1.883025884628296,1.755202054977417,0.0007,0.826643168926239,1.1642441749572754,3739,-9.52073929,0.02,150.0
6803,74820,3741,10,-1.8825172185897827,0.42366448044776917,0.0007,0.951087236404419,0.5626804828643799,3740,-9.52073929,0.02,150.0
6803,74840,3742,11,-1.7561229467391968,0.25983503460884094,0.0007,0.9673916101455688,0.30467721819877625,3741,-9.52073929,0.02,150.0
6803,74860,3743,11,-1.7520519495010376,0.11383460462093353,0.0007,0.9891985654830933,-0.3796958029270172,3742,-9.52073929,0.02,150.0
6803,74880,3744,11,-1.7395597696304321,0.03624744713306427,0.0007,0.991786777973175,0.005808073095977306,3743,-9.52073929,0.02,150.0
6803,74900,3745,11,-1.800387978553772,0.6213662624359131,0.0007,0.7782276272773743,-0.5144517421722412,3744,-9.52073929,0.02,150.0
6803,74920,3746,11,-1.8579447269439697,0.10059614479541779,0.0007,0.9323372840881348,0.047008365392684937,3745,-9.52073929,0.02,150.0
6804,74940,3747,11,-1.907358169555664,0.10936365276575089,0.0007,0.9246668815612793,-0.4117858409881592,3746,-9.52073929,0.02,150.0
6804,74960,3748,11,-1.969592809677124,0.3569558262825012,0.0007,0.4089421033859253,0.026305396109819412,3747,-9.52073929,0.02,150.0
6804,74980,3749,11,-1.805320143699646,0.06604223698377609,0.0007,0.8284919857978821,-0.12386498600244522,3748,-9.52073929,0.02,150.0
6799,75000,3750,11,-1.854379415512085,0.04423205927014351,0.0007,0.8182896375656128,-0.2188090831041336,3749,-9.56163001,0.02,150.0
6799,75020,3751,11,-1.921420693397522,0.04560180753469467,0.0007,0.6366618871688843,-0.047193318605422974,3750,-9.56163001,0.02,150.0
6800,75040,3752,11,-1.70021653175354,0.13284562528133392,0.0007,0.8130934834480286,-0.12808096408843994,3751,-9.56163001,0.02,150.0
6800,75060,3753,11,-1.7621549367904663,0.06738387048244476,0.0007,0.9371635913848877,0.07207600027322769,3752,-9.56163001,0.02,150.0
6800,75080,3754,11,-1.8119480609893799,0.617901086807251,0.0007,0.0591159462928772,0.5431218147277832,3753,-9.56163001,0.02,150.0
6800,75100,3755,11,-1.8599669933319092,0.22669048607349396,0.0007,0.6524706482887268,-0.34511205554008484,3754,-9.56163001,0.02,150.0
6800,75120,3756,11,-1.9268553256988525,0.19401685893535614,0.0007,0.8185867071151733,-0.3511880040168762,3755,-9.56163001,0.02,150.0
6801,75140,3757,11,-1.8849868774414062,0.6146609783172607,0.0007,0.6882107257843018,0.2769585847854614,3756,-9.56163001,0.02,150.0
6801,75160,3758,11,-1.9204708337783813,0.35622507333755493,0.0007,0.8472850918769836,0.19724370539188385,3757,-9.56163001,0.02,150.0
6801,75180,3759,11,-2.0153985023498535,0.5762812495231628,0.0007,0.878314733505249,-0.21842865645885468,3758,-9.56163001,0.02,150.0
6801,75200,3760,11,-2.0008528232574463,1.285746455192566,0.0007,0.8578898906707764,0.7183725833892822,3759,-9.56163001,0.02,150.0
6801,75220,3761,11,-2.108506441116333,0.23206067085266113,0.0007,0.9870426058769226,-0.7398923635482788,3760,-9.56163001,0.02,150.0
6801,75240,3762,11,-2.097909450531006,0.7470458745956421,0.0007,0.9158785939216614,1.119726538658142,3761,-9.56163001,0.02,150.0
6802,75260,3763,11,-1.8506139516830444,2.473602056503296,0.0007,0.6915257573127747,1.4977515935897827,3762,-9.56163001,0.02,150.0
6802,75280,3764,11,-1.9344971179962158,1.3788764476776123,0.0007,0.8641944527626038,0.9102508425712585,3763,-9.56163001,0.02,150.0
6802,75300,3765,11,-1.9422458410263062,0.8726627230644226,0.0007,0.7876933813095093,0.12168564647436142,3764,-9.56163001,0.02,150.0
6802,75320,3766,11,-2.0979831218719482,0.34262940287590027,0.0007,0.9570481181144714,-0.8244425058364868,3765,-9.56163001,0.02,150.0
6803,75340,3767,11,-2.0743021965026855,0.8390410542488098,0.0007,0.4863157868385315,0.17537996172904968,3766,-9.56163001,0.02,150.0
6803,75360,3768,11,-1.9178966283798218,0.5189238786697388,0.0007,0.8063294291496277,-0.2688029706478119,3767,-9.56163001,0.02,150.0
6803,75380,3769,11,-1.9662094116210938,1.6912463903427124,0.0007,0.8422903418540955,0.20025941729545593,3768,-9.56163001,0.02,150.0
6803,75400,3770,11,-2.009546995162964,0.5327702164649963,0.0007,0.9515190124511719,-0.0016417086590081453,3769,-9.56163001,0.02,150.0
6804,75420,3771,11,-1.9387366771697998,0.6714273691177368,0.0007,0.9705677032470703,-1.389508843421936,3770,-9.56163001,0.02,150.0
6804,75440,3772,11,-2.012214183807373,1.1198898553848267,0.0007,0.8783963322639465,-0.14336085319519043,3771,-9.56163001,0.02,150.0
6804,75460,3773,11,-2.024190902709961,0.3735063672065735,0.0007,0.9516617655754089,0.07421761751174927,3772,-9.56163001,0.02,150.0
6805,75480,3774,11,-1.968915581703186,0.4689759314060211,0.0007,0.9638665318489075,-0.990386962890625,3773,-9.56163001,0.02,150.0
6805,75500,3775,11,-1.899431586265564,0.3939824104309082,0.0007,0.9498732089996338,0.5411621332168579,3774,-9.56163001,0.02,150.0
6805,75520,3776,11,-1.8067009449005127,1.292432188987732,0.0007,0.7431394457817078,0.2028619796037674,3775,-9.56163001,0.02,150.0
6805,75540,3777,11,-1.8833930492401123,0.3547855615615845,0.0007,0.8488105535507202,-0.3854452669620514,3776,-9.56163001,0.02,150.0
6806,75560,3778,11,-1.8217605352401733,0.16213929653167725,0.0007,0.8833968043327332,-0.46290358901023865,3777,-9.56163001,0.02,150.0
6806,75580,3779,11,-1.8209768533706665,0.10300508886575699,0.0007,0.9056321382522583,-0.473611444234848,3778,-9.56163001,0.02,150.0
6806,75600,3780,11,-1.8279476165771484,0.15154962241649628,0.0007,-0.024776220321655273,-0.3085585832595825,3779,-9.26645471,0.02,150.0
6806,75620,3781,11,-1.948641061782837,0.03687051311135292,0.0007,0.14666783809661865,-0.11984758079051971,3780,-9.26645471,0.02,150.0
6806,75640,3782,11,-1.7452903985977173,0.12373807281255722,0.0007,0.8152709603309631,-0.35157474875450134,3781,-9.26645471,0.02,150.0
6806,75660,3783,11,-1.8012211322784424,0.37381860613822937,0.0007,0.570654034614563,0.5217292308807373,3782,-9.26645471,0.02,150.0
6806,75680,3784,11,-1.9349292516708374,0.11781883239746094,0.0007,0.7125985622406006,-0.04181680828332901,3783,-9.26645471,0.02,150.0
6806,75700,3785,11,-1.9810107946395874,0.2096325159072876,0.0007,0.7992774844169617,0.41088858246803284,3784,-9.26645471,0.02,150.0
6806,75720,3786,11,-1.9505417346954346,2.071104049682617,0.0007,0.6257178783416748,0.7896150350570679,3785,-9.26645471,0.02,150.0
6807,75740,3787,11,-1.9232330322265625,0.7020118236541748,0.0007,0.8662983775138855,0.6401969194412231,3786,-9.26645471,0.02,150.0
6807,75760,3788,11,-1.988613486289978,0.15552321076393127,0.0007,0.9776796102523804,0.3394586443901062,3787,-9.26645471,0.02,150.0
6807,75780,3789,11,-1.9708726406097412,0.1813732087612152,0.0007,0.9792923331260681,0.4481426179409027,3788,-9.26645471,0.02,150.0
6807,75800,3790,11,-2.082970380783081,0.24661102890968323,0.0007,0.9790266156196594,-0.3109799027442932,3789,-9.26645471,0.02,150.0
6807,75820,3791,11,-2.061807155609131,0.058200884610414505,0.0007,0.9947861433029175,0.13355843722820282,3790,-9.26645471,0.02,150.0
6807,75840,3792,11,-2.0444095134735107,0.19347721338272095,0.0007,0.9877545237541199,-0.15167617797851562,3791,-9.26645471,0.02,150.0
6807,75860,3793,11,-2.0679550170898438,0.3928925096988678,0.0007,0.9922904372215271,-1.0982599258422852,3792,-9.26645471,0.02,150.0
6806,75880,3794,11,-2.107151508331299,0.48550358414649963,0.0007,0.9433050155639648,-0.3909282982349396,3793,-9.26645471,0.02,150.0
6805,75900,3795,11,-2.0456554889678955,4.086237907409668,0.0007,-9.776213645935059,0.5824734568595886,3794,-9.26645471,0.02,150.0
6803,75920,3796,11,-2.034891128540039,0.6895760297775269,0.0007,-2.092449903488159,-1.2124154567718506,3795,-9.26645471,0.02,150.0
6800,75940,3797,11,-2.015648603439331,0.9251378774642944,0.0007,0.0745496153831482,0.47719016671180725,3796,-9.26645471,0.02,150.0
6798,75960,3798,11,-2.04141902923584,2.0024685859680176,0.0007,0.5120292901992798,-1.4380968809127808,3797,-9.26645471,0.02,150.0
6798,75980,3799,11,-2.000387668609619,1.2276732921600342,0.0007,0.8266693949699402,-0.4906674921512604,3798,-9.26645471,0.02,150.0
6798,76000,3800,11,-1.9796918630599976,1.491848111152649,0.0007,0.8736367225646973,-0.39197367429733276,3799,-9.26645471,0.02,150.0
6799,76020,3801,11,-2.0224108695983887,0.40759339928627014,0.0007,0.9777917265892029,-0.713650107383728,3800,-9.26645471,0.02,150.0
6799,76040,3802,11,-2.0668630599975586,0.8473108410835266,0.0007,0.9193965792655945,0.32549765706062317,3801,-9.26645471,0.02,150.0
6799,76060,3803,11,-2.006655693054199,0.487711101770401,0.0007,0.9375331401824951,-0.3432033956050873,3802,-9.26645471,0.02,150.0
6799,76080,3804,11,-1.957461953163147,1.982314109802246,0.0007,0.5089520812034607,0.3878602385520935,3803,-9.26645471,0.02,150.0
6799,76100,3805,11,-1.7648723125457764,0.30905160307884216,0.0007,0.912182092666626,-0.43983691930770874,3804,-9.26645471,0.02,150.0
6799,76120,3806,11,-1.831041693687439,0.10873998701572418,0.0007,0.9595993161201477,-0.19437114894390106,3805,-9.26645471,0.02,150.0
6799,76140,3807,11,-1.8408466577529907,0.08192935585975647,0.0007,0.9843955636024475,-0.3698178827762604,3806,-9.26645471,0.02,150.0
6799,76160,3808,11,-1.876939058303833,0.15569663047790527,0.0007,0.935762882232666,-0.26214471459388733,3807,-9.26645471,0.02,150.0
6799,76180,3809,11,-1.9305684566497803,0.19331786036491394,0.0007,0.9494487047195435,-0.7166543006896973,3808,-9.26645471,0.02,150.0
6799,76200,3810,11,-1.9097070693969727,0.21598434448242188,0.0007,0.9251148104667664,-0.6815670728683472,3809,-9.149335,0.02,150.0
6798,76220,3811,11,-1.9145567417144775,0.11820590496063232,0.0007,0.8863626718521118,-0.5135688781738281,3810,-9.149335,0.02,150.0
6798,76240,3812,11,-1.8310390710830688,0.17330577969551086,0.0007,0.9276520609855652,-0.07015762478113174,3811,-9.149335,0.02,150.0
6798,76260,3813,11,-1.9277540445327759,0.28644001483917236,0.0007,0.9624581336975098,-0.8191973567008972,3812,-9.149335,0.02,150.0
6799,76280,3814,11,-1.9856674671173096,0.1528598964214325,0.0007,0.969841480255127,0.213999941945076,3813,-9.149335,0.02,150.0
6799,76300,3815,11,-2.0165963172912598,1.4022722244262695,0.0007,0.7146196365356445,0.3957938551902771,3814,-9.149335,0.02,150.0
6799,76320,3816,11,-2.019566059112549,0.4922122359275818,0.0007,0.9055889844894409,-0.06609034538269043,3815,-9.149335,0.02,150.0
6799,76340,3817,11,-2.061758518218994,0.35548025369644165,0.0007,0.9668962359428406,-0.491241455078125,3816,-9.149335,0.02,150.0
6799,76360,3818,11,-2.009572982788086,0.634662389755249,0.0007,0.9281098246574402,-0.14323610067367554,3817,-9.149335,0.02,150.0
6799,76380,3819,11,-2.0209405422210693,1.7725765705108643,0.0007,0.909602165222168,-0.08197250962257385,3818,-9.149335,0.02,150.0
6800,76400,3820,11,-2.0102837085723877,0.3014848530292511,0.0007,0.9877310395240784,0.18034259974956512,3819,-9.149335,0.02,150.0
6800,76420,3821,11,-2.0948894023895264,0.3521498441696167,0.0007,0.9911653995513916,-0.7155545949935913,3820,-9.149335,0.02,150.0
6800,76440,3822,11,-2.0139496326446533,1.8166141510009766,0.0007,0.9360364079475403,0.3866286277770996,3821,-9.149335,0.02,150.0
6800,76460,3823,11,-1.8844585418701172,2.0044407844543457,0.0007,0.9347585439682007,0.8449944257736206,3822,-9.149335,0.02,150.0
6801,76480,3824,11,-2.018235206604004,0.6176184415817261,0.0007,0.9710760116577148,-0.2844906747341156,3823,-9.149335,0.02,150.0
6801,76500,3825,11,-2.0662739276885986,0.5181379914283752,0.0007,0.9756784439086914,0.549519419670105,3824,-9.149335,0.02,150.0
6801,76520,3826,11,-2.00457763671875,0.41665658354759216,0.0007,0.9676631689071655,0.07674763351678848,3825,-9.149335,0.02,150.0
6801,76540,3827,11,-1.9897960424423218,0.5933172106742859,0.0007,0.9307911396026611,0.3460003733634949,3826,-9.149335,0.02,150.0
6802,76560,3828,11,-1.957885503768921,0.1291562020778656,0.0007,0.9777828454971313,-0.0011609196662902832,3827,-9.149335,0.02,150.0
6802,76580,3829,11,-1.980656385421753,1.539921760559082,0.0007,0.5210363864898682,1.3225746154785156,3828,-9.149335,0.02,150.0
6802,76600,3830,11,-1.9336841106414795,0.36533814668655396,0.0007,0.8952082991600037,0.6047106385231018,3829,-9.149335,0.02,150.0
6802,76620,3831,11,-1.7585242986679077,2.278918504714966,0.0007,0.8342810869216919,0.9259632229804993,3830,-9.149335,0.02,150.0
6803,76640,3832,11,-1.938437819480896,0.48522481322288513,0.0007,0.9677596092224121,0.5666735172271729,3831,-9.149335,0.02,150.0
6803,76660,3833,11,-1.8047046661376953,0.48966866731643677,0.0007,0.9726077318191528,0.10546933114528656,3832,-9.149335,0.02,150.0
6803,76680,3834,11,-1.8670800924301147,0.19428804516792297,0.0007,0.9955487251281738,-0.6383180618286133,3833,-9.149335,0.02,150.0
6803,76700,3835,11,-1.9241138696670532,0.23058779537677765,0.0007,0.9769912362098694,-0.38177919387817383,3834,-9.149335,0.02,150.0
6804,76720,3836,11,-1.8510181903839111,0.24288925528526306,0.0007,0.9524991512298584,-0.3182738721370697,3835,-9.149335,0.02,150.0
6804,76740,3837,11,-1.8634967803955078,0.5917216539382935,0.0007,0.8963013291358948,0.0721898004412651,3836,-9.149335,0.02,150.0
6804,76760,3838,11,-1.906673789024353,0.1921236366033554,0.0007,0.9608827233314514,-0.39438724517822266,3837,-9.149335,0.02,150.0
6804,76780,3839,11,-1.9568650722503662,0.1459464132785797,0.0007,0.9538971781730652,0.18443702161312103,3838,-9.149335,0.02,150.0
6804,76800,3840,11,-1.9118461608886719,0.15371805429458618,0.0007,0.9785313010215759,-0.5027300119400024,3839,-9.44603271,0.02,150.0
6804,76820,3841,11,-1.9540691375732422,0.08493487536907196,0.0007,0.9610999822616577,-0.22605052590370178,3840,-9.44603271,0.02,150.0
6805,76840,3842,11,-1.8089838027954102,1.0640008449554443,0.0007,0.470192551612854,-0.5734149217605591,3841,-9.44603271,0.02,150.0
6805,76860,3843,11,-1.8351303339004517,0.09092292189598083,0.0007,0.9449434876441956,-0.20161938667297363,3842,-9.44603271,0.02,150.0
6805,76880,3844,11,-1.9801762104034424,0.41973429918289185,0.0007,0.8810343742370605,0.3694279193878174,3843,-9.44603271,0.02,150.0
6805,76900,3845,11,-2.002959728240967,0.20460906624794006,0.0007,0.9314788579940796,-0.3566698431968689,3844,-9.44603271,0.02,150.0
6806,76920,3846,11,-2.0406861305236816,0.30139878392219543,0.0007,0.8868663907051086,-0.08166898041963577,3845,-9.44603271,0.02,150.0
6806,76940,3847,11,-2.034623622894287,1.2978217601776123,0.0007,0.7447948455810547,1.135473370552063,3846,-9.44603271,0.02,150.0
6806,76960,3848,11,-2.090388059616089,0.7076754570007324,0.0007,0.8822979927062988,0.5630160570144653,3847,-9.44603271,0.02,150.0
6806,76980,3849,11,-1.9868476390838623,0.7263747453689575,0.0007,0.9363224506378174,-0.25148969888687134,3848,-9.44603271,0.02,150.0
6807,77000,3850,11,-2.0238418579101562,0.19081762433052063,0.0007,0.9877801537513733,0.025362655520439148,3849,-9.44603271,0.02,150.0
6807,77020,3851,11,-2.055414915084839,1.0222456455230713,0.0007,0.9591518640518188,0.717933714389801,3850,-9.44603271,0.02,150.0
6807,77040,3852,11,-1.9959094524383545,4.228663921356201,0.0007,0.8859534859657288,1.9472322463989258,3851,-9.44603271,0.02,150.0
6807,77060,3853,11,-2.0203583240509033,0.32429349422454834,0.0007,0.9938551187515259,-0.8360940217971802,3852,-9.44603271,0.02,150.0
6807,77080,3854,11,-2.044210910797119,0.278593510389328,0.0007,0.9928701519966125,-0.12046660482883453,3853,-9.44603271,0.02,150.0
6807,77100,3855,11,-2.078958034515381,0.299868643283844,0.0007,0.9961766004562378,-0.7273038029670715,3854,-9.44603271,0.02,150.0
6808,77120,3856,11,-2.044853448867798,1.942221999168396,0.0007,0.9615051746368408,1.2405774593353271,3855,-9.44603271,0.02,150.0
6808,77140,3857,11,-2.0083141326904297,0.15928933024406433,0.0007,0.9981400966644287,-0.6208285093307495,3856,-9.44603271,0.02,150.0
6808,77160,3858,11,-2.0147390365600586,0.09890139102935791,0.0007,0.9975929856300354,0.17247827351093292,3857,-9.44603271,0.02,150.0
6808,77180,3859,11,-1.9468557834625244,0.49618250131607056,0.0007,0.993598222732544,0.8266814351081848,3858,-9.44603271,0.02,150.0
6808,77200,3860,11,-1.8778196573257446,2.9842329025268555,0.0007,0.9528035521507263,1.2416884899139404,3859,-9.44603271,0.02,150.0
6808,77220,3861,11,-1.9384949207305908,1.5567915439605713,0.0007,0.9772526025772095,1.2677918672561646,3860,-9.44603271,0.02,150.0
6808,77240,3862,11,-1.9772536754608154,0.34420251846313477,0.0007,0.9974908828735352,-0.9376398324966431,3861,-9.44603271,0.02,150.0
6809,77260,3863,11,-1.9611736536026,0.40415897965431213,0.0007,0.9888224601745605,-0.1562131941318512,3862,-9.44603271,0.02,150.0
6809,77280,3864,11,-1.9931066036224365,0.12770643830299377,0.0007,0.9976958632469177,-0.419816255569458,3863,-9.44603271,0.02,150.0
6809,77300,3865,11,-2.008995532989502,0.129680797457695,0.0007,0.9976481199264526,-0.45502814650535583,3864,-9.44603271,0.02,150.0
6809,77320,3866,11,-2.0597245693206787,0.0240164902061224,0.0007,0.9992798566818237,-0.17575639486312866,3865,-9.44603271,0.02,150.0
6809,77340,3867,11,-1.9684785604476929,0.20639634132385254,0.0007,0.9885317087173462,-0.13119235634803772,3866,-9.44603271,0.02,150.0
6809,77360,3868,11,-2.019789934158325,0.06636214256286621,0.0007,0.995787501335144,0.23815472424030304,3867,-9.44603271,0.02,150.0
6810,77380,3869,11,-2.010098934173584,0.24313083291053772,0.0007,0.9817906022071838,0.34269410371780396,3868,-9.44603271,0.02,150.0
6810,77400,3870,11,-2.007627248764038,2.412062168121338,0.0007,0.912533700466156,1.4301761388778687,3869,-9.304353469999999,0.03,150.0
6810,77420,3871,11,-2.0511090755462646,5.371232509613037,0.0007,0.9045170545578003,2.2876639366149902,3870,-9.304353469999999,0.03,150.0
6810,77440,3872,11,-1.751441240310669,0.2335403710603714,0.0007,0.7821656465530396,-0.5151216387748718,3871,-9.304353469999999,0.03,150.0
6809,77460,3873,11,-1.7726280689239502,0.26240280270576477,0.0007,0.7742964625358582,-0.043304700404405594,3872,-9.304353469999999,0.03,150.0
6810,77480,3874,11,-1.7834504842758179,0.052145104855298996,0.0007,0.9740481972694397,-0.2171550989151001,3873,-9.304353469999999,0.03,150.0
6810,77500,3875,11,-1.8268814086914062,1.356708288192749,0.0007,-1.2424159049987793,-0.27267447113990784,3874,-9.304353469999999,0.03,150.0
6810,77520,3876,11,-1.8184349536895752,0.6207467317581177,0.0007,0.7380504608154297,-0.61954265832901,3875,-9.304353469999999,0.03,150.0
6810,77540,3877,11,-1.887245535850525,0.288932740688324,0.0007,0.9524341821670532,-0.8489232063293457,3876,-9.304353469999999,0.03,150.0
6810,77560,3878,11,-1.9207046031951904,0.25585418939590454,0.0007,0.9367326498031616,-0.503953754901886,3877,-9.304353469999999,0.03,150.0
6810,77580,3879,11,-1.9610545635223389,1.068320870399475,0.0007,0.8578523993492126,0.02676539495587349,3878,-9.304353469999999,0.03,150.0
6810,77600,3880,11,-1.8926528692245483,0.23017792403697968,0.0007,0.9891812205314636,-0.7797847390174866,3879,-9.304353469999999,0.03,150.0
6810,77620,3881,11,-1.9670991897583008,0.13135656714439392,0.0007,0.9842653274536133,-0.23963579535484314,3880,-9.304353469999999,0.03,150.0
6810,77640,3882,11,-1.8894567489624023,0.840584933757782,0.0007,0.9106696248054504,0.889607310295105,3881,-9.304353469999999,0.03,150.0
6810,77660,3883,11,-1.8301544189453125,1.4275729656219482,0.0007,0.93565833568573,1.7169803380966187,3882,-9.304353469999999,0.03,150.0
6810,77680,3884,11,-1.7642834186553955,1.6873815059661865,0.0007,0.8494693636894226,1.0718071460723877,3883,-9.304353469999999,0.03,150.0
6810,77700,3885,11,-1.7429773807525635,0.7796536684036255,0.0007,0.9417563080787659,0.3889239430427551,3884,-9.304353469999999,0.03,150.0
6810,77720,3886,11,-1.7907121181488037,0.5312186479568481,0.0007,0.9682211875915527,-0.9135372042655945,3885,-9.304353469999999,0.03,150.0
6810,77740,3887,11,-1.7818498611450195,0.553413987159729,0.0007,0.9390423893928528,0.31334009766578674,3886,-9.304353469999999,0.03,150.0
6810,77760,3888,11,-1.7291691303253174,0.30576324462890625,0.0007,0.9699741005897522,-0.2167581021785736,3887,-9.304353469999999,0.03,150.0
6810,77780,3889,11,-1.8668991327285767,0.1823614090681076,0.0007,0.9819358587265015,-0.3176508843898773,3888,-9.304353469999999,0.03,150.0
6811,77800,3890,11,-1.89211106300354,0.3427940011024475,0.0007,0.9524567127227783,-0.01642109826207161,3889,-9.304353469999999,0.03,150.0
6811,77820,3891,11,-1.9742587804794312,0.21731407940387726,0.0007,0.9834169745445251,-0.6513956785202026,3890,-9.304353469999999,0.03,150.0
6811,77840,3892,11,-1.9131606817245483,0.20318427681922913,0.0007,0.9662344455718994,-0.6380012035369873,3891,-9.304353469999999,0.03,150.0
6811,77860,3893,11,-1.9800989627838135,0.11366574466228485,0.0007,0.9215529561042786,-0.053682200610637665,3892,-9.304353469999999,0.03,150.0
6811,77880,3894,11,-1.9420379400253296,0.14963819086551666,0.0007,0.8813691735267639,-0.23444446921348572,3893,-9.304353469999999,0.03,150.0
6811,77900,3895,11,-1.9565114974975586,0.11693577468395233,0.0007,0.9047561287879944,-0.40280547738075256,3894,-9.304353469999999,0.03,150.0
6812,77920,3896,11,-2.01684308052063,0.056630779057741165,0.0007,0.8936216235160828,-0.2904638648033142,3895,-9.304353469999999,0.03,150.0
6812,77940,3897,11,-2.0409486293792725,0.0076059335842728615,0.0007,0.9685366749763489,-0.10175721347332001,3896,-9.304353469999999,0.03,150.0
6812,77960,3898,11,-2.007270097732544,0.029346097260713577,0.0007,0.18321079015731812,-0.007368686608970165,3897,-9.304353469999999,0.03,150.0
6812,77980,3899,11,-1.9990211725234985,0.010244457982480526,0.0007,0.8080979585647583,-0.03669071942567825,3898,-9.304353469999999,0.03,150.0
6812,78000,3900,11,-1.9625170230865479,0.01698296144604683,0.0007,0.6116085648536682,0.08056892454624176,3899,-9.6374911,0.03,150.0
6812,78020,3901,11,-2.0310821533203125,0.009852483868598938,0.0007,0.7500617504119873,0.07062418758869171,3900,-9.6374911,0.03,150.0
6812,78040,3902,11,-1.563832402229309,0.06680523604154587,0.0007,0.8038617372512817,0.022683104500174522,3901,-9.6374911,0.03,150.0
6812,78060,3903,11,-1.7201488018035889,1.151044249534607,0.0007,0.5176492929458618,9.03010368347168e-05,3902,-9.6374911,0.03,150.0
6813,78080,3904,11,-1.8314294815063477,0.3580380976200104,0.0007,0.9386991858482361,-0.5469733476638794,3903,-9.6374911,0.03,150.0
6813,78100,3905,11,-1.990699052810669,0.18580646812915802,0.0007,0.976408064365387,-0.5014598965644836,3904,-9.6374911,0.03,150.0
6813,78120,3906,11,-2.038327932357788,0.12497484683990479,0.0007,0.9708778262138367,0.29043063521385193,3905,-9.6374911,0.03,150.0
6813,78140,3907,11,-2.0462307929992676,0.4157680869102478,0.0007,0.9724954962730408,-1.078685998916626,3906,-9.6374911,0.03,150.0
6813,78160,3908,11,-2.0712618827819824,0.3644082248210907,0.0007,0.9634135961532593,0.2869425415992737,3907,-9.6374911,0.03,150.0
6814,78180,3909,11,-1.9919912815093994,1.6145219802856445,0.0007,0.8217064142227173,0.46476373076438904,3908,-9.6374911,0.03,150.0
6814,78200,3910,11,-2.0257036685943604,0.18738120794296265,0.0007,0.9775722026824951,-0.2880646586418152,3909,-9.6374911,0.03,150.0
6814,78220,3911,11,-1.8764431476593018,7.189263820648193,0.0007,0.7633876204490662,2.382453441619873,3910,-9.6374911,0.03,150.0
6814,78240,3912,11,-1.8893406391143799,4.198492527008057,0.0007,0.9188777804374695,2.666947841644287,3911,-9.6374911,0.03,150.0
6814,78260,3913,11,-1.9717490673065186,0.6023442149162292,0.0007,0.9911357164382935,-1.243845820426941,3912,-9.6374911,0.03,150.0
6815,78280,3914,11,-1.9129714965820312,2.847693920135498,0.0007,0.6765080094337463,0.0160825252532959,3913,-9.6374911,0.03,150.0
6815,78300,3915,11,-1.9208751916885376,0.4366859793663025,0.0007,0.962440550327301,-0.11703138053417206,3914,-9.6374911,0.03,150.0
6815,78320,3916,11,-1.8612638711929321,0.529812216758728,0.0007,0.9672970771789551,0.1457730233669281,3915,-9.6374911,0.03,150.0
6815,78340,3917,11,-1.9239740371704102,2.7998905181884766,0.0007,0.9276795983314514,1.5799906253814697,3916,-9.6374911,0.03,150.0
6815,78360,3918,11,-1.9618549346923828,1.7078845500946045,0.0007,0.9566730856895447,0.9226110577583313,3917,-9.6374911,0.03,150.0
6815,78380,3919,11,-1.9364372491836548,0.3090646266937256,0.0007,0.9915927648544312,-0.43285512924194336,3918,-9.6374911,0.03,150.0
6816,78400,3920,11,-1.9178879261016846,1.779758095741272,0.0007,0.8847874999046326,0.8393330574035645,3919,-9.6374911,0.03,150.0
6816,78420,3921,11,-2.0013482570648193,1.852927565574646,0.0007,0.8555813431739807,-0.7315291166305542,3920,-9.6374911,0.03,150.0
6816,78440,3922,11,-1.8744350671768188,1.3344544172286987,0.0007,0.9211483001708984,1.588413953781128,3921,-9.6374911,0.03,150.0
6816,78460,3923,11,-2.036426544189453,1.6630048751831055,0.0007,0.9102896451950073,0.8339992761611938,3922,-9.6374911,0.03,150.0
6817,78480,3924,11,-2.024726152420044,0.4430919587612152,0.0007,0.9782602190971375,0.3044399321079254,3923,-9.6374911,0.03,150.0
6817,78500,3925,11,-1.9620128870010376,2.79415225982666,0.0007,0.7720434069633484,0.8728116154670715,3924,-9.6374911,0.03,150.0
6817,78520,3926,11,-2.0115771293640137,0.6382066011428833,0.0007,0.9276553392410278,-0.5478655695915222,3925,-9.6374911,0.03,150.0
6817,78540,3927,11,-1.9604740142822266,0.7286307215690613,0.0007,0.875784695148468,-0.8686209917068481,3926,-9.6374911,0.03,150.0
6817,78560,3928,11,-1.9703689813613892,0.23498699069023132,0.0007,0.8682971000671387,-0.22636660933494568,3927,-9.6374911,0.03,150.0
6818,78580,3929,11,-1.9382461309432983,0.5556893348693848,0.0007,0.6477003693580627,0.37502485513687134,3928,-9.6374911,0.03,150.0
6818,78600,3930,11,-1.914453148841858,0.0797312781214714,0.0007,0.8583321571350098,-0.1237407699227333,3929,-9.29240334,0.03,150.0
6818,78620,3931,11,-1.887276291847229,0.026456177234649658,0.0007,0.8866299986839294,0.05772150680422783,3930,-9.29240334,0.03,150.0
6818,78640,3932,11,-1.7119487524032593,0.38284391164779663,0.0007,-2.3630356788635254,0.20451855659484863,3931,-9.29240334,0.03,150.0
6818,78660,3933,11,-1.7834856510162354,0.05239752680063248,0.0007,0.7340214252471924,0.021401550620794296,3932,-9.29240334,0.03,150.0
6819,78680,3934,11,-1.8287814855575562,0.17002154886722565,0.0007,0.36336642503738403,-0.4704768657684326,3933,-9.29240334,0.03,150.0
6819,78700,3935,11,-1.8790037631988525,0.11605466902256012,0.0007,0.22870534658432007,0.1865743100643158,3934,-9.29240334,0.03,150.0
6819,78720,3936,11,-1.7980667352676392,0.7221576571464539,0.0007,0.21825122833251953,-0.007566934917122126,3935,-9.29240334,0.03,150.0
6819,78740,3937,11,-1.9951317310333252,0.5175639390945435,0.0007,0.9128770232200623,-1.2132413387298584,3936,-9.29240334,0.03,150.0
6819,78760,3938,11,-2.0801477432250977,0.29487329721450806,0.0007,0.9615593552589417,-0.8947168588638306,3937,-9.29240334,0.03,150.0
6820,78780,3939,11,-2.0566015243530273,0.20596101880073547,0.0007,0.9649861454963684,-0.710241436958313,3938,-9.29240334,0.03,150.0
6820,78800,3940,11,-2.0335943698883057,0.6413401961326599,0.0007,0.07877427339553833,0.07043398916721344,3939,-9.29240334,0.03,150.0
6820,78820,3941,11,-2.046037197113037,0.0682278648018837,0.0007,0.9632814526557922,-0.3103799819946289,3940,-9.29240334,0.03,150.0
6820,78840,3942,11,-2.036454200744629,0.13218507170677185,0.0007,0.9087249636650085,-0.07173213362693787,3941,-9.29240334,0.03,150.0
6820,78860,3943,11,-2.015728712081909,0.07913936674594879,0.0007,0.9663137793540955,0.10533952713012695,3942,-9.29240334,0.03,150.0
6821,78880,3944,11,-2.0028367042541504,0.04803914949297905,0.0007,0.9873568415641785,0.07238796353340149,3943,-9.29240334,0.03,150.0
6821,78900,3945,11,-1.9088027477264404,1.1159664392471313,0.0007,0.8698133826255798,1.2133638858795166,3944,-9.29240334,0.03,150.0
6821,78920,3946,11,-1.965492606163025,1.5213086605072021,0.0007,0.5766949653625488,0.8214212656021118,3945,-9.29240334,0.03,150.0
6821,78940,3947,11,-1.8965680599212646,1.0575001239776611,0.0007,0.8840702772140503,0.7887361645698547,3946,-9.29240334,0.03,150.0
6821,78960,3948,11,-1.8310298919677734,1.7579002380371094,0.0007,0.861541211605072,1.0590946674346924,3947,-9.29240334,0.03,150.0
6821,78980,3949,11,-1.952042818069458,2.3689398765563965,0.0007,0.8633815050125122,1.171240210533142,3948,-9.29240334,0.03,150.0
6821,79000,3950,11,-2.0185482501983643,0.1103808730840683,0.0007,0.9861087203025818,-0.01730617880821228,3949,-9.29240334,0.03,150.0
6822,79020,3951,11,-1.9498355388641357,2.3016109466552734,0.0007,0.8241532444953918,0.20504455268383026,3950,-9.29240334,0.03,150.0
6822,79040,3952,11,-1.9610013961791992,0.986866295337677,0.0007,0.9384629130363464,0.3553873300552368,3951,-9.29240334,0.03,150.0
6822,79060,3953,11,-2.0331315994262695,0.25048911571502686,0.0007,0.9951369762420654,-0.8541854023933411,3952,-9.29240334,0.03,150.0
6822,79080,3954,11,-2.0117461681365967,0.4875689446926117,0.0007,0.9500447511672974,-0.9308227300643921,3953,-9.29240334,0.03,150.0
6822,79100,3955,11,-1.994927167892456,0.18010082840919495,0.0007,0.9586477279663086,-0.6931308507919312,3954,-9.29240334,0.03,150.0
6822,79120,3956,11,-2.0146799087524414,0.12095483392477036,0.0007,0.89252769947052,-0.3229004740715027,3955,-9.29240334,0.03,150.0
6823,79140,3957,11,-2.0531978607177734,0.6406831741333008,0.0007,0.3701987862586975,0.3625187575817108,3956,-9.29240334,0.03,150.0
6823,79160,3958,11,-2.040374755859375,0.10421172529459,0.0007,0.08912396430969238,-0.15395720303058624,3957,-9.29240334,0.03,150.0
6823,79180,3959,11,-2.0770039558410645,0.030464377254247665,0.0007,-0.43784141540527344,-0.16917280852794647,3958,-9.29240334,0.03,150.0
6823,79200,3960,11,-2.0480241775512695,0.3454805314540863,0.0007,-0.5792849063873291,0.47218257188796997,3959,-9.573960210000003,0.03,150.0
6823,79220,3961,11,-1.9273993968963623,0.27923011779785156,0.0007,-0.24637126922607422,0.4583224356174469,3960,-9.573960210000003,0.03,150.0
6823,79240,3962,11,-1.7284564971923828,0.10013862699270248,0.0007,0.8787959218025208,0.392913281917572,3961,-9.573960210000003,0.03,150.0
6823,79260,3963,11,-1.7842334508895874,0.6523072719573975,0.0007,0.6956687569618225,0.4405266344547272,3962,-9.573960210000003,0.03,150.0
6823,79280,3964,11,-1.8409605026245117,0.4332755506038666,0.0007,0.6577625274658203,0.6904975771903992,3963,-9.573960210000003,0.03,150.0
6822,79300,3965,11,-1.8566102981567383,2.9000706672668457,0.0007,-0.07650768756866455,0.7082507014274597,3964,-9.573960210000003,0.03,150.0
6822,79320,3966,11,-1.956281065940857,0.1715490072965622,0.0007,0.9182145595550537,-0.2854161858558655,3965,-9.573960210000003,0.03,150.0
6822,79340,3967,11,-1.9208652973175049,0.11164877563714981,0.0007,0.9698390364646912,-0.4039931297302246,3966,-9.573960210000003,0.03,150.0
6823,79360,3968,11,-1.8865172863006592,1.0228431224822998,0.0007,0.703616738319397,0.4106675982475281,3967,-9.573960210000003,0.03,150.0
6823,79380,3969,11,-1.7708923816680908,0.9175227284431458,0.0007,0.8072516918182373,-0.13165327906608582,3968,-9.573960210000003,0.03,150.0
6823,79400,3970,11,-1.843422293663025,1.3877052068710327,0.0007,0.8696994781494141,0.07262732833623886,3969,-9.573960210000003,0.03,150.0
6823,79420,3971,11,-1.9093353748321533,1.6926323175430298,0.0007,0.8944939970970154,0.4000243544578552,3970,-9.573960210000003,0.03,150.0
6823,79440,3972,11,-1.8602533340454102,0.6285368204116821,0.0007,0.9697065353393555,0.6813985109329224,3971,-9.573960210000003,0.03,150.0
6823,79460,3973,11,-1.9564876556396484,0.9359442591667175,0.0007,0.9558874368667603,-1.168081521987915,3972,-9.573960210000003,0.03,150.0
6823,79480,3974,11,-1.9534432888031006,1.9325977563858032,0.0007,0.8353647589683533,0.08951817452907562,3973,-9.573960210000003,0.03,150.0
6823,79500,3975,11,-1.962479829788208,0.1375870257616043,0.0007,0.9893581867218018,-0.24733757972717285,3974,-9.573960210000003,0.03,150.0
6823,79520,3976,11,-1.9247726202011108,0.487534761428833,0.0007,0.9833256602287292,-1.069178581237793,3975,-9.573960210000003,0.03,150.0
6823,79540,3977,11,-1.8961455821990967,1.9912331104278564,0.0007,0.8538444638252258,-0.029680490493774414,3976,-9.573960210000003,0.03,150.0
6823,79560,3978,11,-1.8363220691680908,0.5184057950973511,0.0007,0.9569808840751648,0.011043233796954155,3977,-9.573960210000003,0.03,150.0
6823,79580,3979,11,-1.9431642293930054,0.5439297556877136,0.0007,0.9707047343254089,-0.7664627432823181,3978,-9.573960210000003,0.03,150.0
6824,79600,3980,11,-1.9149175882339478,0.19246315956115723,0.0007,0.9802200794219971,-0.042389024049043655,3979,-9.573960210000003,0.03,150.0
6824,79620,3981,11,-1.8246110677719116,0.45116323232650757,0.0007,0.9351311922073364,-0.15535053610801697,3980,-9.573960210000003,0.03,150.0
6824,79640,3982,11,-1.7748298645019531,0.08161924034357071,0.0007,0.9928867816925049,-0.33681368827819824,3981,-9.573960210000003,0.03,150.0
6824,79660,3983,11,-1.8090856075286865,0.16086192429065704,0.0007,0.9757555723190308,-0.5873683094978333,3982,-9.573960210000003,0.03,150.0
6824,79680,3984,11,-1.881511926651001,0.12528930604457855,0.0007,0.8789692521095276,-0.377594530582428,3983,-9.573960210000003,0.03,150.0
6824,79700,3985,11,-1.8872385025024414,0.08954713493585587,0.0007,0.8531308770179749,-0.4207140803337097,3984,-9.573960210000003,0.03,150.0
6825,79720,3986,11,-1.7699172496795654,0.03489668294787407,0.0007,0.8481504917144775,-0.07017617672681808,3985,-9.573960210000003,0.03,150.0
6825,79740,3987,11,-1.9102157354354858,0.1491735875606537,0.0007,0.6792551279067993,-0.5314537286758423,3986,-9.573960210000003,0.03,150.0
6825,79760,3988,11,-1.948582410812378,0.10872413963079453,0.0007,0.47755736112594604,-0.5751924514770508,3987,-9.573960210000003,0.03,150.0
6825,79780,3989,11,-1.9468164443969727,0.09204177558422089,0.0007,0.5274419784545898,-0.5288072824478149,3988,-9.573960210000003,0.03,150.0
6825,79800,3990,11,-1.8726348876953125,0.11103896796703339,0.0007,0.187261164188385,-0.4726340174674988,3989,-9.443887750000002,0.03,150.0
6825,79820,3991,11,-1.8490501642227173,0.11784069240093231,0.0007,-0.09374785423278809,-0.2548986077308655,3990,-9.443887750000002,0.03,150.0
6826,79840,3992,11,-1.797340989112854,0.9301114082336426,0.0007,0.2707487940788269,0.1475185602903366,3991,-9.443887750000002,0.03,150.0
6825,79860,3993,11,-1.8857805728912354,0.22460229694843292,0.0007,0.90617835521698,0.21357960999011993,3992,-9.443887750000002,0.03,150.0
6826,79880,3994,11,-1.9418634176254272,0.48446646332740784,0.0007,0.951180636882782,-0.9941892623901367,3993,-9.443887750000002,0.03,150.0
6826,79900,3995,11,-1.961488962173462,2.299163341522217,0.0007,-0.5564228296279907,0.9159656763076782,3994,-9.443887750000002,0.03,150.0
6826,79920,3996,11,-2.006340980529785,1.791155457496643,0.0007,0.2653006911277771,0.8908950686454773,3995,-9.443887750000002,0.03,150.0
6826,79940,3997,11,-1.8199856281280518,1.0343128442764282,0.0007,0.7690189480781555,0.011242997832596302,3996,-9.443887750000002,0.03,150.0
6826,79960,3998,11,-1.934006929397583,1.5717957019805908,0.0007,0.7679531574249268,-1.4912750720977783,3997,-9.443887750000002,0.03,150.0
6826,79980,3999,11,-1.9332774877548218,0.36086758971214294,0.0007,0.9364563822746277,-0.5775285959243774,3998,-9.443887750000002,0.03,150.0
6826,80000,4000,11,-1.9570772647857666,0.691055178642273,0.0007,0.9180263876914978,0.5339037179946899,3999,-9.443887750000002,0.03,150.0
6826,80020,4001,11,-1.9651142358779907,0.7346004843711853,0.0007,0.9719378352165222,-1.5331385135650635,4000,-9.443887750000002,0.03,150.0
6826,80040,4002,11,-1.9945831298828125,1.0691981315612793,0.0007,0.935843288898468,-1.434418797492981,4001,-9.443887750000002,0.03,150.0
6826,80060,4003,11,-1.9484713077545166,0.350151926279068,0.0007,0.9621883630752563,-0.43868288397789,4002,-9.443887750000002,0.03,150.0
6826,80080,4004,11,-1.8180837631225586,0.13397017121315002,0.0007,0.9808171987533569,-0.14469832181930542,4003,-9.443887750000002,0.03,150.0
6826,80100,4005,11,-1.7912709712982178,1.9052116870880127,0.0007,0.8948121666908264,1.193333387374878,4004,-9.443887750000002,0.03,150.0
6827,80120,4006,11,-1.8441616296768188,0.39770978689193726,0.0007,0.9686755537986755,0.4200323522090912,4005,-9.443887750000002,0.03,150.0
6827,80140,4007,11,-1.860303282737732,5.269454002380371,0.0007,0.8011283874511719,1.8587703704833984,4006,-9.443887750000002,0.03,150.0
6827,80160,4008,11,-1.812673568725586,1.8011200428009033,0.0007,0.8720412850379944,1.113434076309204,4007,-9.443887750000002,0.03,150.0
6827,80180,4009,11,-1.8712034225463867,0.6527177095413208,0.0007,0.946356475353241,0.5266501307487488,4008,-9.443887750000002,0.03,150.0
6827,80200,4010,11,-1.9435752630233765,0.37138909101486206,0.0007,0.9850965738296509,0.7422484159469604,4009,-9.443887750000002,0.03,150.0
6828,80220,4011,11,-1.8934742212295532,4.014632225036621,0.0007,0.8745182156562805,1.8992061614990234,4010,-9.443887750000002,0.03,150.0
6828,80240,4012,11,-1.9530928134918213,1.2435139417648315,0.0007,0.9597672820091248,-1.1793733835220337,4011,-9.443887750000002,0.03,150.0
6828,80260,4013,11,-1.933046579360962,1.0506880283355713,0.0007,0.9404454827308655,0.3749043345451355,4012,-9.443887750000002,0.03,150.0
6828,80280,4014,11,-1.9153831005096436,0.5450409650802612,0.0007,0.9702873229980469,-0.6886249780654907,4013,-9.443887750000002,0.03,150.0
6828,80300,4015,11,-1.9691845178604126,0.39647576212882996,0.0007,0.9613958597183228,-0.6250730752944946,4014,-9.443887750000002,0.03,150.0
6828,80320,4016,11,-1.9680057764053345,0.12397700548171997,0.0007,0.9791997075080872,-0.1020675078034401,4015,-9.443887750000002,0.03,150.0
6829,80340,4017,11,-1.8952839374542236,0.3728291392326355,0.0007,0.9088334441184998,-0.27299147844314575,4016,-9.443887750000002,0.03,150.0
6829,80360,4018,11,-1.9688047170639038,0.207462340593338,0.0007,0.9407795667648315,-0.33764106035232544,4017,-9.443887750000002,0.03,150.0
6829,80380,4019,11,-1.9867589473724365,2.738615036010742,0.0007,0.7676020860671997,1.64224374294281,4018,-9.443887750000002,0.03,150.0
6829,80400,4020,11,-1.9920732975006104,0.14473137259483337,0.0007,0.9759111404418945,-0.42827820777893066,4019,-9.19559883,0.03,150.0
6829,80420,4021,11,-1.9513095617294312,0.21920840442180634,0.0007,0.9336020946502686,0.24694029986858368,4020,-9.19559883,0.03,150.0
6829,80440,4022,11,-1.747423768043518,0.5050539374351501,0.0007,0.9182634949684143,-0.42495959997177124,4021,-9.19559883,0.03,150.0
6830,80460,4023,11,-1.7870666980743408,0.13135413825511932,0.0007,0.9797847270965576,-0.3535754084587097,4022,-9.19559883,0.03,150.0
6830,80480,4024,11,-1.7876126766204834,0.46768975257873535,0.0007,0.8956707119941711,-0.6968402862548828,4023,-9.19559883,0.03,150.0
6830,80500,4025,11,-1.8101056814193726,0.6866388916969299,0.0007,0.9107552170753479,0.010907369665801525,4024,-9.19559883,0.03,150.0
6830,80520,4026,11,-1.7590084075927734,0.5961577296257019,0.0007,0.9067952036857605,-0.0013020395999774337,4025,-9.19559883,0.03,150.0
6831,80540,4027,11,-1.7743690013885498,1.9407398700714111,0.0007,0.5129260420799255,1.135590672492981,4026,-9.19559883,0.03,150.0
6831,80560,4028,11,-1.9247010946273804,0.3656759262084961,0.0007,0.9737591743469238,-0.9725757837295532,4027,-9.19559883,0.03,150.0
6831,80580,4029,11,-2.009347438812256,0.15250679850578308,0.0007,0.9693204760551453,-0.04337448626756668,4028,-9.19559883,0.03,150.0
6831,80600,4030,11,-2.07096529006958,0.17562443017959595,0.0007,0.9830776453018188,-0.5837406516075134,4029,-9.19559883,0.03,150.0
6832,80620,4031,11,-2.0546810626983643,0.5777490139007568,0.0007,0.9441567659378052,0.9327415227890015,4030,-9.19559883,0.03,150.0
6832,80640,4032,11,-1.950230360031128,1.6240161657333374,0.0007,0.7941385507583618,1.3274829387664795,4031,-9.19559883,0.03,150.0
6832,80660,4033,11,-2.007504940032959,0.44689100980758667,0.0007,0.9642165303230286,0.7880560755729675,4032,-9.19559883,0.03,150.0
6832,80680,4034,11,-1.9852676391601562,2.4787542819976807,0.0007,0.7818893194198608,0.6912461519241333,4033,-9.19559883,0.03,150.0
6832,80700,4035,11,-2.051187515258789,0.9767802953720093,0.0007,0.9293340444564819,0.33474764227867126,4034,-9.19559883,0.03,150.0
6832,80720,4036,11,-2.0097644329071045,0.5188229084014893,0.0007,0.9583387970924377,0.44062843918800354,4035,-9.19559883,0.03,150.0
6833,80740,4037,11,-1.9771900177001953,1.5723975896835327,0.0007,0.9337611794471741,0.8196315765380859,4036,-9.19559883,0.03,150.0
6833,80760,4038,11,-1.9249470233917236,1.3384668827056885,0.0007,0.9612995982170105,0.8397976160049438,4037,-9.19559883,0.03,150.0
6833,80780,4039,11,-1.9364334344863892,0.23307612538337708,0.0007,0.9895926713943481,0.14868919551372528,4038,-9.19559883,0.03,150.0
6833,80800,4040,11,-1.913045883178711,2.5042643547058105,0.0007,0.8688503503799438,1.1363338232040405,4039,-9.19559883,0.03,150.0
6833,80820,4041,11,-1.9444385766983032,0.19181093573570251,0.0007,0.9904947876930237,-0.16341367363929749,4040,-9.19559883,0.03,150.0
6834,80840,4042,11,-1.8556759357452393,0.6295396089553833,0.0007,0.972877562046051,0.32474973797798157,4041,-9.19559883,0.03,150.0
6834,80860,4043,11,-1.8767321109771729,3.295893907546997,0.0007,0.9335368871688843,1.4376857280731201,4042,-9.19559883,0.03,150.0
6834,80880,4044,11,-1.8741161823272705,0.2547801434993744,0.0007,0.9957708120346069,-0.7735533714294434,4043,-9.19559883,0.03,150.0
6834,80900,4045,11,-1.866324782371521,0.3094848096370697,0.0007,0.9906500577926636,0.2472505271434784,4044,-9.19559883,0.03,150.0
6835,80920,4046,11,-1.908502221107483,1.030848741531372,0.0007,0.9779657125473022,0.5240708589553833,4045,-9.19559883,0.03,150.0
6835,80940,4047,11,-1.8399169445037842,1.0907119512557983,0.0007,0.9866371154785156,-1.3785772323608398,4046,-9.19559883,0.03,150.0
6835,80960,4048,11,-1.94831120967865,0.565300703048706,0.0007,0.9790770411491394,-0.6412291526794434,4047,-9.19559883,0.03,150.0
6835,80980,4049,11,-2.022214651107788,0.12494607269763947,0.0007,0.9939078688621521,-0.4112958014011383,4048,-9.19559883,0.03,150.0
6835,81000,4050,11,-1.948617935180664,0.8013893365859985,0.0007,0.9386383295059204,0.0586276538670063,4049,-8.89016198,0.04,150.0
6836,81020,4051,11,-1.7877248525619507,5.688276290893555,0.0007,0.862812876701355,1.8266490697860718,4050,-8.89016198,0.04,150.0
6836,81040,4052,11,-1.642216682434082,0.1066366583108902,0.0007,0.9510995149612427,0.3689626157283783,4051,-8.89016198,0.04,150.0
6836,81060,4053,11,-1.7091131210327148,0.7367039918899536,0.0007,0.8548439145088196,-0.3549899160861969,4052,-8.89016198,0.04,150.0
6836,81080,4054,11,-1.8024003505706787,0.6158245205879211,0.0007,0.9571136236190796,-0.6672979593276978,4053,-8.89016198,0.04,150.0
6836,81100,4055,11,-1.853332281112671,0.42857056856155396,0.0007,0.9761254787445068,-0.6219010353088379,4054,-8.89016198,0.04,150.0
6837,81120,4056,11,-1.8519700765609741,0.18717385828495026,0.0007,0.9855260252952576,-0.11398382484912872,4055,-8.89016198,0.04,150.0
6837,81140,4057,11,-1.8454053401947021,0.5565508604049683,0.0007,0.9820846915245056,-1.0262069702148438,4056,-8.89016198,0.04,150.0
6837,81160,4058,11,-1.9192819595336914,0.08410553634166718,0.0007,0.9974217414855957,-0.2993406653404236,4057,-8.89016198,0.04,150.0
6837,81180,4059,11,-1.9343496561050415,0.363518625497818,0.0007,0.986847996711731,0.4957599639892578,4058,-8.89016198,0.04,150.0
6837,81200,4060,11,-1.9935871362686157,0.563780665397644,0.0007,0.9866140484809875,-0.9812246561050415,4059,-8.89016198,0.04,150.0
6838,81220,4061,11,-1.9558451175689697,0.8010231256484985,0.0007,0.9688736200332642,-0.045601725578308105,4060,-8.89016198,0.04,150.0
6838,81240,4062,11,-1.929813027381897,1.2886172533035278,0.0007,0.9240326881408691,0.4995163083076477,4061,-8.89016198,0.04,150.0
6838,81260,4063,11,-1.993906021118164,1.7653229236602783,0.0007,0.876257598400116,1.100677490234375,4062,-8.89016198,0.04,150.0
6838,81280,4064,11,-1.9426389932632446,0.2646889090538025,0.0007,0.9825404286384583,-0.183730348944664,4063,-8.89016198,0.04,150.0
6839,81300,4065,11,-1.9287166595458984,1.0373499393463135,0.0007,0.9066371321678162,0.3501726984977722,4064,-8.89016198,0.04,150.0
6839,81320,4066,11,-1.9760828018188477,0.6328873038291931,0.0007,0.9332700967788696,-0.4827606678009033,4065,-8.89016198,0.04,150.0
6839,81340,4067,11,-2.0165324211120605,0.645147979259491,0.0007,0.9298471808433533,0.5011378526687622,4066,-8.89016198,0.04,150.0
6839,81360,4068,11,-2.0278358459472656,0.36144113540649414,0.0007,0.9550424218177795,-0.4596073627471924,4067,-8.89016198,0.04,150.0
6839,81380,4069,11,-1.9203513860702515,0.17975452542304993,0.0007,0.9812055826187134,-0.6247920393943787,4068,-8.89016198,0.04,150.0
6840,81400,4070,11,-1.9170392751693726,1.2772232294082642,0.0007,0.4992905259132385,0.5260657668113708,4069,-8.89016198,0.04,150.0
6840,81420,4071,11,-1.8260307312011719,0.1460953652858734,0.0007,0.9364320635795593,-0.1737617701292038,4070,-8.89016198,0.04,150.0
6840,81440,4072,11,-1.8334407806396484,0.3128474950790405,0.0007,0.9162436723709106,-0.3249088227748871,4071,-8.89016198,0.04,150.0
6840,81460,4073,11,-1.85866379737854,0.7908971309661865,0.0007,0.9049389958381653,-0.6209425330162048,4072,-8.89016198,0.04,150.0
6841,81480,4074,11,-1.8654733896255493,0.6010547876358032,0.0007,0.9385724067687988,-0.13458895683288574,4073,-8.89016198,0.04,150.0
6841,81500,4075,11,-1.8031060695648193,0.3812614679336548,0.0007,0.9713491797447205,-0.2998248338699341,4074,-8.89016198,0.04,150.0
6841,81520,4076,11,-1.9126113653182983,0.22577908635139465,0.0007,0.9889349937438965,-0.6052497625350952,4075,-8.89016198,0.04,150.0
6841,81540,4077,11,-2.007237195968628,0.20827369391918182,0.0007,0.9744245409965515,-0.2106887549161911,4076,-8.89016198,0.04,150.0
6842,81560,4078,11,-1.9984252452850342,0.12649866938591003,0.0007,0.987964391708374,-0.37752312421798706,4077,-8.89016198,0.04,150.0
6842,81580,4079,11,-1.964709997177124,4.094409942626953,0.0007,0.8197846412658691,1.9190717935562134,4078,-8.89016198,0.04,150.0
6842,81600,4080,11,-1.8889949321746826,0.22453173995018005,0.0007,0.9902137517929077,-0.11160888522863388,4079,-9.25268861,0.03,150.0
6842,81620,4081,11,-1.906427025794983,0.22114606201648712,0.0007,0.9912933707237244,-0.014530444517731667,4080,-9.25268861,0.03,150.0
6842,81640,4082,11,-1.625239610671997,0.09931661933660507,0.0007,0.7357466816902161,-0.030075490474700928,4081,-9.25268861,0.03,150.0
6843,81660,4083,11,-1.759956955909729,0.23842096328735352,0.0007,0.7552210688591003,-0.16798102855682373,4082,-9.25268861,0.03,150.0
6843,81680,4084,11,-1.7720781564712524,0.24177856743335724,0.0007,0.8916871547698975,-0.2524421513080597,4083,-9.25268861,0.03,150.0
6843,81700,4085,11,-1.553072214126587,0.25656718015670776,0.0007,0.9386561512947083,0.5442506074905396,4084,-9.25268861,0.03,150.0
6843,81720,4086,11,-1.768658995628357,0.2962054908275604,0.0007,0.9077894687652588,-0.1657394915819168,4085,-9.25268861,0.03,150.0
6844,81740,4087,11,-1.9855232238769531,0.06801764667034149,0.0007,0.985089123249054,-0.2461213618516922,4086,-9.25268861,0.03,150.0
6844,81760,4088,11,-1.9863322973251343,0.045170169323682785,0.0007,0.9921202659606934,-0.10426302999258041,4087,-9.25268861,0.03,150.0
6844,81780,4089,11,-1.9081637859344482,1.8977439403533936,0.0007,0.8584107160568237,1.5260114669799805,4088,-9.25268861,0.03,150.0
6844,81800,4090,11,-1.870226263999939,0.20204779505729675,0.0007,0.9693022966384888,-0.22822611033916473,4089,-9.25268861,0.03,150.0
6844,81820,4091,11,-1.933082938194275,1.4714094400405884,0.0007,0.9156348705291748,1.9391313791275024,4090,-9.25268861,0.03,150.0
6844,81840,4092,11,-1.7438182830810547,1.167880654335022,0.0007,0.8224090337753296,-0.12535806000232697,4091,-9.25268861,0.03,150.0
6845,81860,4093,11,-1.8816769123077393,1.4088866710662842,0.0007,0.7855668067932129,0.1380586326122284,4092,-9.25268861,0.03,150.0
6845,81880,4094,11,-1.9185336828231812,0.3726704716682434,0.0007,0.971968412399292,-0.6537529230117798,4093,-9.25268861,0.03,150.0
6845,81900,4095,11,-1.9193140268325806,0.2158224880695343,0.0007,0.9839970469474792,-0.45026320219039917,4094,-9.25268861,0.03,150.0
6845,81920,4096,11,-1.9661369323730469,0.18137164413928986,0.0007,0.9879444241523743,0.3408847749233246,4095,-9.25268861,0.03,150.0
6846,81940,4097,11,-1.8082587718963623,0.2557346820831299,0.0007,0.9815552234649658,0.3296622633934021,4096,-9.25268861,0.03,150.0
6846,81960,4098,11,-1.7637237310409546,2.9896085262298584,0.0007,0.9394114017486572,2.155488967895508,4097,-9.25268861,0.03,150.0
6846,81980,4099,11,-1.6140556335449219,0.3127809464931488,0.0007,0.9868433475494385,-0.5194987058639526,4098,-9.25268861,0.03,150.0
6846,82000,4100,11,-1.6950232982635498,0.336669385433197,0.0007,0.9788027405738831,-0.2912626266479492,4099,-9.25268861,0.03,150.0
6846,82020,4101,11,-1.6847915649414062,0.301460862159729,0.0007,0.984291136264801,-0.491528183221817,4100,-9.25268861,0.03,150.0
6846,82040,4102,11,-1.6473411321640015,0.5562142729759216,0.0007,0.9137762188911438,-0.7058882713317871,4101,-9.25268861,0.03,150.0
6847,82060,4103,11,-1.6492655277252197,0.24904628098011017,0.0007,0.9621018767356873,-0.32731184363365173,4102,-9.25268861,0.03,150.0
6847,82080,4104,11,-1.6042253971099854,0.26813721656799316,0.0007,0.952165424823761,-0.2057000696659088,4103,-9.25268861,0.03,150.0
6847,82100,4105,11,-1.656148910522461,0.30588802695274353,0.0007,0.9250891208648682,-0.6075432896614075,4104,-9.25268861,0.03,150.0
6847,82120,4106,11,-1.5559991598129272,0.0518084280192852,0.0007,0.9621844291687012,-0.040073785930871964,4105,-9.25268861,0.03,150.0
6847,82140,4107,11,-1.7292187213897705,0.058407723903656006,0.0007,0.9564304947853088,-0.22711825370788574,4106,-9.25268861,0.03,150.0
6847,82160,4108,11,-1.8722435235977173,0.09633432328701019,0.0007,0.6104021072387695,-0.3985697627067566,4107,-9.25268861,0.03,150.0
6847,82180,4109,12,-1.8797489404678345,0.04866708815097809,0.0007,0.3002084493637085,-0.06281697750091553,4108,-9.25268861,0.03,150.0
6847,82200,4110,12,-1.8983463048934937,0.22605852782726288,0.0007,-0.1893242597579956,0.2786472737789154,4109,-9.562240790000002,0.03,150.0
6847,82220,4111,12,-1.968149185180664,0.08713411539793015,0.0007,-0.46295106410980225,0.27905893325805664,4110,-9.562240790000002,0.03,150.0
6848,82240,4112,12,-1.6921062469482422,0.3232671618461609,0.0007,0.5186418294906616,0.5874045491218567,4111,-9.562240790000002,0.03,150.0
6848,82260,4113,12,-1.7364581823349,0.10708652436733246,0.0007,0.7912604212760925,0.2577623724937439,4112,-9.562240790000002,0.03,150.0
6848,82280,4114,12,-1.8098407983779907,0.4066562056541443,0.0007,0.7959907054901123,0.08277931064367294,4113,-9.562240790000002,0.03,150.0
6848,82300,4115,12,-1.9387352466583252,0.9520050287246704,0.0007,-0.31978321075439453,0.6483489274978638,4114,-9.562240790000002,0.03,150.0
6849,82320,4116,12,-1.9682893753051758,0.4339888095855713,0.0007,0.5758558511734009,0.28045743703842163,4115,-9.562240790000002,0.03,150.0
6849,82340,4117,12,-1.97773015499115,0.6439234018325806,0.0007,0.8310452699661255,-1.0975234508514404,4116,-9.562240790000002,0.03,150.0
6849,82360,4118,12,-1.9290626049041748,1.805434226989746,0.0007,0.30417323112487793,0.17523996531963348,4117,-9.562240790000002,0.03,150.0
6849,82380,4119,12,-1.9006595611572266,0.9629471898078918,0.0007,0.8405437469482422,0.5467090606689453,4118,-9.562240790000002,0.03,150.0
6849,82400,4120,12,-1.7737115621566772,9.111268997192383,0.0007,0.30666935443878174,2.888505220413208,4119,-9.562240790000002,0.03,150.0
6849,82420,4121,12,-1.8401473760604858,0.9331094622612,0.0007,0.9150335788726807,0.01529240608215332,4120,-9.562240790000002,0.03,150.0
6849,82440,4122,12,-1.8557205200195312,1.5758702754974365,0.0007,0.8229663968086243,-0.8721917867660522,4121,-9.562240790000002,0.03,150.0
6849,82460,4123,12,-1.9980968236923218,1.6793266534805298,0.0007,0.9591614603996277,-1.7991340160369873,4122,-9.562240790000002,0.03,150.0
6850,82480,4124,12,-2.0265679359436035,1.113312840461731,0.0007,0.9369834065437317,0.98485267162323,4123,-9.562240790000002,0.03,150.0
6850,82500,4125,12,-1.9007381200790405,1.2412145137786865,0.0007,0.957676351070404,-0.47120290994644165,4124,-9.562240790000002,0.03,150.0
6850,82520,4126,12,-1.9717187881469727,0.8412511944770813,0.0007,0.9778031706809998,-0.9626463055610657,4125,-9.562240790000002,0.03,150.0
6850,82540,4127,12,-1.9931423664093018,1.084899663925171,0.0007,0.9481882452964783,0.27798962593078613,4126,-9.562240790000002,0.03,150.0
6850,82560,4128,12,-2.012334108352661,0.6381489634513855,0.0007,0.9730974435806274,0.08041008561849594,4127,-9.562240790000002,0.03,150.0
6851,82580,4129,12,-1.977146863937378,0.546626627445221,0.0007,0.9771795272827148,0.21086783707141876,4128,-9.562240790000002,0.03,150.0
6851,82600,4130,12,-2.0237793922424316,3.6838316917419434,0.0007,0.8212288618087769,2.140920639038086,4129,-9.562240790000002,0.03,150.0
6851,82620,4131,12,-2.060831069946289,1.2557320594787598,0.0007,0.878791868686676,0.2527671456336975,4130,-9.562240790000002,0.03,150.0
6851,82640,4132,12,-1.9184744358062744,0.7745639681816101,0.0007,0.9430298805236816,0.8342716097831726,4131,-9.562240790000002,0.03,150.0
6851,82660,4133,12,-1.8364837169647217,0.9529458284378052,0.0007,0.882136881351471,0.020430976524949074,4132,-9.562240790000002,0.03,150.0
6852,82680,4134,12,-1.980729341506958,0.30949944257736206,0.0007,0.9704908728599548,-0.7890409231185913,4133,-9.562240790000002,0.03,150.0
6852,82700,4135,12,-1.9014400243759155,0.603519082069397,0.0007,0.9351292848587036,0.7125495672225952,4134,-9.562240790000002,0.03,150.0
6852,82720,4136,12,-1.8593266010284424,0.2878982722759247,0.0007,0.9486280083656311,-0.019214004278182983,4135,-9.562240790000002,0.03,150.0
6852,82740,4137,12,-1.9582992792129517,0.10305856168270111,0.0007,0.9737898707389832,-0.17283180356025696,4136,-9.562240790000002,0.03,150.0
6852,82760,4138,12,-2.0360941886901855,0.06739293038845062,0.0007,0.97903972864151,0.06105339527130127,4137,-9.562240790000002,0.03,150.0
6852,82780,4139,12,-2.02453875541687,0.061008937656879425,0.0007,0.9816389679908752,-0.2404395043849945,4138,-9.562240790000002,0.03,150.0
6852,82800,4140,12,-1.9949764013290405,0.5075811147689819,0.0007,0.836742103099823,0.42604923248291016,4139,-8.990244180000001,0.03,150.0
6853,82820,4141,12,-2.021324634552002,0.034386105835437775,0.0007,0.9760072827339172,0.07983644306659698,4140,-8.990244180000001,0.03,150.0
6853,82840,4142,12,-1.5911448001861572,0.030250072479248047,0.0007,0.7731040716171265,-0.01722954958677292,4141,-8.990244180000001,0.03,150.0
6853,82860,4143,12,-1.5584614276885986,0.1706905961036682,0.0007,0.7508836984634399,-0.4432815611362457,4142,-8.990244180000001,0.03,150.0
6853,82880,4144,12,-1.7448387145996094,0.25253185629844666,0.0007,0.7624824047088623,-0.37633806467056274,4143,-8.990244180000001,0.03,150.0
6854,82900,4145,12,-1.8136240243911743,0.24217745661735535,0.0007,0.9228488206863403,-0.6901839971542358,4144,-8.990244180000001,0.03,150.0
6854,82920,4146,12,-1.8459560871124268,1.523403286933899,0.0007,0.6221861839294434,1.3239898681640625,4145,-8.990244180000001,0.03,150.0
6854,82940,4147,12,-1.9487102031707764,0.8235146403312683,0.0007,0.8559401035308838,-0.01412858348339796,4146,-8.990244180000001,0.03,150.0
6854,82960,4148,12,-2.0159964561462402,0.40540775656700134,0.0007,0.971394419670105,-0.8916090130805969,4147,-8.990244180000001,0.03,150.0
6854,82980,4149,12,-1.8676105737686157,0.39112573862075806,0.0007,0.873528242111206,-0.3039981722831726,4148,-8.990244180000001,0.03,150.0
6854,83000,4150,12,-1.756998062133789,1.0958449840545654,0.0007,0.4726752042770386,0.45913323760032654,4149,-8.990244180000001,0.03,150.0
6854,83020,4151,12,-1.9071836471557617,0.25283288955688477,0.0007,0.7221806049346924,-0.5833386778831482,4150,-8.990244180000001,0.03,150.0
6854,83040,4152,12,-1.8638979196548462,0.7566717863082886,0.0007,-0.5316646099090576,0.5265135765075684,4151,-8.990244180000001,0.03,150.0
6854,83060,4153,12,-1.913511872291565,0.468475341796875,0.0007,-0.3885079622268677,-0.04331778734922409,4152,-8.990244180000001,0.03,150.0
6855,83080,4154,12,-1.9623034000396729,0.30166545510292053,0.0007,0.6201232671737671,0.3113819658756256,4153,-8.990244180000001,0.03,150.0
6855,83100,4155,12,-1.9036247730255127,0.13133659958839417,0.0007,0.8978523015975952,0.04130488261580467,4154,-8.990244180000001,0.03,150.0
6855,83120,4156,12,-2.025643825531006,2.6385397911071777,0.0007,-0.1308993101119995,0.2968694269657135,4155,-8.990244180000001,0.03,150.0
6855,83140,4157,12,-1.9582267999649048,0.4363679885864258,0.0007,0.7894896864891052,-0.08069249242544174,4156,-8.990244180000001,0.03,150.0
6855,83160,4158,12,-1.9288829565048218,3.414870023727417,0.0007,0.6414456367492676,2.163789749145508,4157,-8.990244180000001,0.03,150.0
6855,83180,4159,12,-1.9634819030761719,2.1695990562438965,0.0007,0.4056551456451416,0.45571011304855347,4158,-8.990244180000001,0.03,150.0
6855,83200,4160,12,-2.0001492500305176,1.4775824546813965,0.0007,0.76761394739151,0.8359830975532532,4159,-8.990244180000001,0.03,150.0
6855,83220,4161,12,-1.98876953125,3.706066608428955,0.0007,0.3348248600959778,1.6537501811981201,4160,-8.990244180000001,0.03,150.0
6856,83240,4162,12,-2.0242130756378174,0.2448839247226715,0.0007,0.9060156941413879,-0.48384538292884827,4161,-8.990244180000001,0.03,150.0
6856,83260,4163,12,-1.992701768875122,1.504673719406128,0.0007,0.6278940439224243,-0.5036777853965759,4162,-8.990244180000001,0.03,150.0
6856,83280,4164,12,-1.9488942623138428,0.5360932946205139,0.0007,0.8592817187309265,-0.2539302408695221,4163,-8.990244180000001,0.03,150.0
6856,83300,4165,12,-1.8589468002319336,0.4702232778072357,0.0007,0.5836846828460693,-0.025639623403549194,4164,-8.990244180000001,0.03,150.0
6856,83320,4166,12,-2.0190062522888184,0.23097284138202667,0.0007,0.8824228048324585,-0.7746343016624451,4165,-8.990244180000001,0.03,150.0
6856,83340,4167,12,-1.9941284656524658,0.5096964836120605,0.0007,0.410355806350708,-1.1219160556793213,4166,-8.990244180000001,0.03,150.0
6856,83360,4168,12,-2.050658941268921,0.07822640240192413,0.0007,0.7606915831565857,-0.45296716690063477,4167,-8.990244180000001,0.03,150.0
6856,83380,4169,12,-2.081751585006714,0.15648460388183594,0.0007,0.0033910274505615234,-0.42479926347732544,4168,-8.990244180000001,0.03,150.0
6856,83400,4170,12,-2.097449779510498,0.01129627414047718,0.0007,0.6585515737533569,-0.1430436074733734,4169,-9.03727248,0.03,150.0
6857,83420,4171,12,-2.0846691131591797,0.05780933424830437,0.0007,0.2872700095176697,-0.1477234810590744,4170,-9.03727248,0.03,150.0
6856,83440,4172,12,-1.6503328084945679,0.2958449423313141,0.0007,0.6685539484024048,-0.2027442753314972,4171,-9.03727248,0.03,150.0
6857,83460,4173,12,-1.7937628030776978,0.13803453743457794,0.0007,0.9137976169586182,0.10032065212726593,4172,-9.03727248,0.03,150.0
6857,83480,4174,12,-1.6589425802230835,0.7611076235771179,0.0007,0.7424812912940979,-0.6359860301017761,4173,-9.03727248,0.03,150.0
6857,83500,4175,12,-1.6182304620742798,1.1963456869125366,0.0007,0.04939138889312744,-0.08086205273866653,4174,-9.03727248,0.03,150.0
6857,83520,4176,12,-1.7619473934173584,1.086595058441162,0.0007,0.7227163314819336,0.7296243906021118,4175,-9.03727248,0.03,150.0
6857,83540,4177,12,-1.6547143459320068,0.1390954852104187,0.0007,0.9693406224250793,-0.22975429892539978,4176,-9.03727248,0.03,150.0
6858,83560,4178,12,-1.8905929327011108,0.4474948048591614,0.0007,0.9217329025268555,-0.05661212280392647,4177,-9.03727248,0.03,150.0
6858,83580,4179,12,-1.9030948877334595,0.6637717485427856,0.0007,0.959132730960846,-0.8547700643539429,4178,-9.03727248,0.03,150.0
6858,83600,4180,12,-1.931661605834961,0.46451061964035034,0.0007,0.9704995155334473,0.21989254653453827,4179,-9.03727248,0.03,150.0
6858,83620,4181,12,-1.9320135116577148,0.3485502600669861,0.0007,0.9794559478759766,0.44747084379196167,4180,-9.03727248,0.03,150.0
6858,83640,4182,12,-2.011124849319458,0.8692570924758911,0.0007,0.9676881432533264,1.0474046468734741,4181,-9.03727248,0.03,150.0
6858,83660,4183,12,-1.9019577503204346,0.07651238143444061,0.0007,0.996814489364624,0.12011991441249847,4182,-9.03727248,0.03,150.0
6859,83680,4184,12,-2.0279033184051514,0.3097967803478241,0.0007,0.9895844459533691,0.3196284770965576,4183,-9.03727248,0.03,150.0
6859,83700,4185,12,-1.9707130193710327,0.14529886841773987,0.0007,0.9960411190986633,-0.09314323961734772,4184,-9.03727248,0.03,150.0
6859,83720,4186,12,-2.0154061317443848,0.6723722219467163,0.0007,0.9870467185974121,0.48887938261032104,4185,-9.03727248,0.03,150.0
6859,83740,4187,12,-1.9769935607910156,0.36368465423583984,0.0007,0.9960436820983887,-0.9154874682426453,4186,-9.03727248,0.03,150.0
6859,83760,4188,12,-2.000535249710083,0.3030688762664795,0.0007,0.9977625608444214,-0.98725426197052,4187,-9.03727248,0.03,150.0
6860,83780,4189,12,-1.935402512550354,0.8200048208236694,0.0007,0.9794049859046936,0.4355885982513428,4188,-9.03727248,0.03,150.0
6860,83800,4190,12,-1.980261206626892,0.3733948767185211,0.0007,0.9901019930839539,-0.2224101722240448,4189,-9.03727248,0.03,150.0
6860,83820,4191,12,-1.89862060546875,1.0747137069702148,0.0007,0.9835928678512573,-1.1454631090164185,4190,-9.03727248,0.03,150.0
6860,83840,4192,12,-1.926093339920044,0.5649651288986206,0.0007,0.9858542680740356,-0.05646974965929985,4191,-9.03727248,0.03,150.0
6860,83860,4193,12,-1.9442857503890991,0.13951744139194489,0.0007,0.997503399848938,-0.29704582691192627,4192,-9.03727248,0.03,150.0
6860,83880,4194,12,-2.0294814109802246,1.6334168910980225,0.0007,0.9357972145080566,-0.9974569082260132,4193,-9.03727248,0.03,150.0
6861,83900,4195,12,-1.9464349746704102,0.635515570640564,0.0007,0.9259454607963562,-0.5560592412948608,4194,-9.03727248,0.03,150.0
6861,83920,4196,12,-1.942016363143921,0.128381609916687,0.0007,0.9798145890235901,-0.07065875828266144,4195,-9.03727248,0.03,150.0
6861,83940,4197,12,-1.9406607151031494,0.2666672468185425,0.0007,0.956453263759613,-0.37625980377197266,4196,-9.03727248,0.03,150.0
6861,83960,4198,12,-1.8792731761932373,0.2215786874294281,0.0007,0.8341925740242004,-0.17147135734558105,4197,-9.03727248,0.03,150.0
6861,83980,4199,12,-1.9058653116226196,0.06778723001480103,0.0007,0.8122735023498535,0.1269981414079666,4198,-9.03727248,0.03,150.0
6861,84000,4200,12,-1.8681179285049438,0.04852772504091263,0.0007,0.7122496962547302,0.11195877939462662,4199,-9.201819940000002,0.03,150.0
6862,84020,4201,12,-1.9748642444610596,0.05365035682916641,0.0007,0.7153161764144897,0.10793089866638184,4200,-9.201819940000002,0.03,150.0
6862,84040,4202,12,-1.6203352212905884,0.17203453183174133,0.0007,-1.244654655456543,-0.32945767045021057,4201,-9.201819940000002,0.03,150.0
6862,84060,4203,12,-1.7626559734344482,0.16319480538368225,0.0007,0.15738868713378906,0.28925448656082153,4202,-9.201819940000002,0.03,150.0
6862,84080,4204,12,-1.8726654052734375,0.22923727333545685,0.0007,0.7941747307777405,-0.6569129824638367,4203,-9.201819940000002,0.03,150.0
6862,84100,4205,12,-1.9566524028778076,0.3556230664253235,0.0007,0.7306556701660156,0.16815121471881866,4204,-9.201819940000002,0.03,150.0
6863,84120,4206,12,-1.9856746196746826,0.8311893343925476,0.0007,0.6851755380630493,0.7891970872879028,4205,-9.201819940000002,0.03,150.0
6863,84140,4207,12,-1.9552996158599854,0.5715349912643433,0.0007,0.8805747032165527,-0.1877976953983307,4206,-9.201819940000002,0.03,150.0
6863,84160,4208,12,-1.8996034860610962,0.25105831027030945,0.0007,0.9683471322059631,-0.4875262677669525,4207,-9.201819940000002,0.03,150.0
6863,84180,4209,12,-1.9352061748504639,3.4153988361358643,0.0007,0.6590304374694824,1.8119611740112305,4208,-9.201819940000002,0.03,150.0
6863,84200,4210,12,-1.9640743732452393,1.5261077880859375,0.0007,0.8144236207008362,1.5505633354187012,4209,-9.201819940000002,0.03,150.0
6864,84220,4211,12,-1.8350894451141357,2.248682737350464,0.0007,0.7670745849609375,1.484525442123413,4210,-9.201819940000002,0.03,150.0
6864,84240,4212,12,-1.8535960912704468,1.1813100576400757,0.0007,0.906710147857666,1.1033365726470947,4211,-9.201819940000002,0.03,150.0
6864,84260,4213,12,-1.961435317993164,0.5370532274246216,0.0007,0.9471370577812195,0.5443638563156128,4212,-9.201819940000002,0.03,150.0
6864,84280,4214,12,-1.968811273574829,0.30899983644485474,0.0007,0.9726399779319763,-0.3892020583152771,4213,-9.201819940000002,0.03,150.0
6864,84300,4215,12,-1.833702802658081,1.4722728729248047,0.0007,0.9330439567565918,0.1671248972415924,4214,-9.201819940000002,0.03,150.0
6864,84320,4216,12,-1.8928829431533813,1.0181773900985718,0.0007,0.962372362613678,0.04431312158703804,4215,-9.201819940000002,0.03,150.0
6864,84340,4217,12,-1.868704080581665,0.6307157874107361,0.0007,0.9891629815101624,-0.7125244736671448,4216,-9.201819940000002,0.03,150.0
6864,84360,4218,12,-1.903202772140503,0.5405551791191101,0.0007,0.9922118782997131,-0.7218431830406189,4217,-9.201819940000002,0.03,150.0
6863,84380,4219,12,-2.010225534439087,0.5613960027694702,0.0007,0.9908257722854614,0.4032050669193268,4218,-9.201819940000002,0.03,150.0
6863,84400,4220,12,-2.0027692317962646,0.0447642058134079,0.0007,0.9992572665214539,0.06431762874126434,4219,-9.201819940000002,0.03,150.0
6862,84420,4221,12,-1.9621680974960327,0.8170388340950012,0.0007,0.9874388575553894,0.7969177961349487,4220,-9.201819940000002,0.03,150.0
6861,84440,4222,12,-1.9654953479766846,0.2826082706451416,0.0007,0.996016800403595,-0.6087908744812012,4221,-9.201819940000002,0.03,150.0
6861,84460,4223,12,-1.9678093194961548,0.06839562207460403,0.0007,0.9991835355758667,-0.25282666087150574,4222,-9.201819940000002,0.03,150.0
6860,84480,4224,12,-1.9863907098770142,1.5742579698562622,0.0007,0.9814087748527527,0.945962131023407,4223,-9.201819940000002,0.03,150.0
6860,84500,4225,12,-1.9025646448135376,2.6743528842926025,0.0007,0.9624557495117188,1.1817296743392944,4224,-9.201819940000002,0.03,150.0
6860,84520,4226,12,-1.8867324590682983,0.15123572945594788,0.0007,0.9979745745658875,-0.21594306826591492,4225,-9.201819940000002,0.03,150.0
6860,84540,4227,12,-1.8981990814208984,1.2209111452102661,0.0007,0.9796370267868042,0.8601420521736145,4226,-9.201819940000002,0.03,150.0
6860,84560,4228,12,-1.8799736499786377,0.28837817907333374,0.0007,0.9953780174255371,-0.2753940224647522,4227,-9.201819940000002,0.03,150.0
6860,84580,4229,12,-1.9235527515411377,0.14057676494121552,0.0007,0.9980803728103638,0.28588375449180603,4228,-9.201819940000002,0.03,150.0
6860,84600,4230,12,-1.8405749797821045,4.576744079589844,0.0007,0.9433924555778503,0.6387828588485718,4229,-8.843084439999998,0.04,150.0
6860,84620,4231,12,-1.8604609966278076,15.26105785369873,0.0007,0.9462357759475708,4.215423107147217,4230,-8.843084439999998,0.04,150.0
6860,84640,4232,12,-1.635938048362732,0.46618223190307617,0.0007,0.3006296157836914,-0.32409220933914185,4231,-8.843084439999998,0.04,150.0
6860,84660,4233,12,-1.7619829177856445,0.3247486650943756,0.0007,0.7685085535049438,-0.4009692668914795,4232,-8.843084439999998,0.04,150.0
6860,84680,4234,12,-1.8757625818252563,0.6162315607070923,0.0007,0.6992983818054199,-0.12420761585235596,4233,-8.843084439999998,0.04,150.0
6860,84700,4235,12,-1.8771708011627197,1.007155179977417,0.0007,0.8481433391571045,-1.1546759605407715,4234,-8.843084439999998,0.04,150.0
6861,84720,4236,12,-1.8768965005874634,0.13782253861427307,0.0007,0.9669527411460876,-0.2724235951900482,4235,-8.843084439999998,0.04,150.0
6861,84740,4237,12,-1.7761814594268799,2.0817806720733643,0.0007,0.5830432176589966,0.8218418955802917,4236,-8.843084439999998,0.04,150.0
6861,84760,4238,12,-1.821722388267517,0.39447054266929626,0.0007,0.9441396594047546,-0.2492339164018631,4237,-8.843084439999998,0.04,150.0
6861,84780,4239,12,-1.9166854619979858,1.2255258560180664,0.0007,0.9525831341743469,1.6869786977767944,4238,-8.843084439999998,0.04,150.0
6861,84800,4240,12,-1.9142316579818726,0.7445229291915894,0.0007,0.9386733770370483,0.5036093592643738,4239,-8.843084439999998,0.04,150.0
6861,84820,4241,12,-2.067837953567505,0.3173189163208008,0.0007,0.9691511392593384,0.20082882046699524,4240,-8.843084439999998,0.04,150.0
6862,84840,4242,12,-1.9356063604354858,0.29804667830467224,0.0007,0.9784570336341858,0.040835797786712646,4241,-8.843084439999998,0.04,150.0
6862,84860,4243,12,-2.0295047760009766,0.11806178092956543,0.0007,0.9927048087120056,0.08919380605220795,4242,-8.843084439999998,0.04,150.0
6862,84880,4244,12,-1.9788700342178345,1.7187188863754272,0.0007,0.82991623878479,0.4576084017753601,4243,-8.843084439999998,0.04,150.0
6862,84900,4245,12,-2.0496087074279785,3.627922773361206,0.0007,0.5045596361160278,1.2887611389160156,4244,-8.843084439999998,0.04,150.0
6862,84920,4246,12,-1.941733717918396,0.945285439491272,0.0007,0.9297345280647278,1.4348499774932861,4245,-8.843084439999998,0.04,150.0
6862,84940,4247,12,-1.9239238500595093,0.7511206269264221,0.0007,0.819327712059021,-0.22337469458580017,4246,-8.843084439999998,0.04,150.0
6863,84960,4248,12,-1.9580186605453491,0.8100520968437195,0.0007,0.9321978688240051,-0.8820972442626953,4247,-8.843084439999998,0.04,150.0
6863,84980,4249,12,-1.9773356914520264,1.8210515975952148,0.0007,0.8667072057723999,-0.6156249046325684,4248,-8.843084439999998,0.04,150.0
6863,85000,4250,12,-1.766476035118103,0.3585548996925354,0.0007,0.9832292199134827,-0.4237093925476074,4249,-8.843084439999998,0.04,150.0
6863,85020,4251,12,-1.8916752338409424,2.5839991569519043,0.0007,0.9256383180618286,1.0888782739639282,4250,-8.843084439999998,0.04,150.0
6863,85040,4252,12,-1.925044298171997,3.9189846515655518,0.0007,0.9169924855232239,-0.36536911129951477,4251,-8.843084439999998,0.04,150.0
6863,85060,4253,12,-1.8963543176651,0.9628852605819702,0.0007,0.9847779870033264,0.05802052095532417,4252,-8.843084439999998,0.04,150.0
6864,85080,4254,12,-1.8537209033966064,1.2213671207427979,0.0007,0.9903279542922974,-1.4332062005996704,4253,-8.843084439999998,0.04,150.0
6864,85100,4255,12,-1.9586759805679321,0.8514960408210754,0.0007,0.9928154945373535,-1.0795700550079346,4254,-8.843084439999998,0.04,150.0
6864,85120,4256,12,-1.9630314111709595,0.976318359375,0.0007,0.9884032607078552,-1.229628562927246,4255,-8.843084439999998,0.04,150.0
6864,85140,4257,12,-1.9097602367401123,0.773478627204895,0.0007,0.9838700890541077,-0.03232651948928833,4256,-8.843084439999998,0.04,150.0
6865,85160,4258,12,-1.9277818202972412,0.647527813911438,0.0007,0.9880050420761108,-0.9814759492874146,4257,-8.843084439999998,0.04,150.0
6865,85180,4259,12,-1.9524524211883545,0.15528836846351624,0.0007,0.9960963129997253,-0.5582451820373535,4258,-8.843084439999998,0.04,150.0
6864,85200,4260,12,-1.9927536249160767,0.6824246644973755,0.0007,0.9731757044792175,-1.0093348026275635,4259,-8.232718219999999,0.05,150.0
6864,85220,4261,12,-1.932750940322876,8.184575080871582,0.0007,0.8226098418235779,2.8555426597595215,4260,-8.232718219999999,0.05,150.0
6864,85240,4262,12,-1.6821142435073853,0.2517012357711792,0.0007,0.9210500717163086,-0.4629301130771637,4261,-8.232718219999999,0.05,150.0
6864,85260,4263,12,-1.6839683055877686,0.6017438173294067,0.0007,0.8383435010910034,-0.31227055191993713,4262,-8.232718219999999,0.05,150.0
6865,85280,4264,12,-1.6590220928192139,0.656994640827179,0.0007,0.9231377243995667,-1.0232250690460205,4263,-8.232718219999999,0.05,150.0
6864,85300,4265,12,-1.7668688297271729,0.657284140586853,0.0007,0.9471054077148438,-0.7251961827278137,4264,-8.232718219999999,0.05,150.0
6864,85320,4266,12,-1.8179839849472046,0.5090212821960449,0.0007,0.9615834355354309,-0.6064270734786987,4265,-8.232718219999999,0.05,150.0
6864,85340,4267,12,-1.8766794204711914,0.4829353392124176,0.0007,0.9596191048622131,-0.36242204904556274,4266,-8.232718219999999,0.05,150.0
6865,85360,4268,12,-1.8394016027450562,2.0305027961730957,0.0007,0.8442689776420593,0.834810733795166,4267,-8.232718219999999,0.05,150.0
6865,85380,4269,12,-1.6898009777069092,5.281130790710449,0.0007,0.6391918659210205,2.185770034790039,4268,-8.232718219999999,0.05,150.0
6864,85400,4270,12,-1.8862483501434326,0.17483419179916382,0.0007,0.9894475936889648,0.4639996588230133,4269,-8.232718219999999,0.05,150.0
6864,85420,4271,12,-1.8190851211547852,1.5755685567855835,0.0007,0.9287108778953552,0.5715312957763672,4270,-8.232718219999999,0.05,150.0
6864,85440,4272,12,-1.9401862621307373,0.4141249656677246,0.0007,0.9915205240249634,0.8577557802200317,4271,-8.232718219999999,0.05,150.0
6864,85460,4273,12,-1.8637502193450928,1.2822422981262207,0.0007,0.9423889517784119,0.869946300983429,4272,-8.232718219999999,0.05,150.0
6864,85480,4274,12,-1.8726211786270142,0.3659047484397888,0.0007,0.987930417060852,-0.6200658679008484,4273,-8.232718219999999,0.05,150.0
6864,85500,4275,12,-1.9305298328399658,0.6026817560195923,0.0007,0.980364203453064,-1.0411808490753174,4274,-8.232718219999999,0.05,150.0
6864,85520,4276,12,-1.8985008001327515,0.4105951189994812,0.0007,0.9755651354789734,-0.11595454066991806,4275,-8.232718219999999,0.05,150.0
6864,85540,4277,12,-1.877934217453003,0.16033634543418884,0.0007,0.991152822971344,-0.22413699328899384,4276,-8.232718219999999,0.05,150.0
6863,85560,4278,12,-1.896005630493164,0.3008608818054199,0.0007,0.9794071316719055,-0.4615812301635742,4277,-8.232718219999999,0.05,150.0
6863,85580,4279,12,-1.898482084274292,1.8003051280975342,0.0007,0.9058974981307983,1.160884141921997,4278,-8.232718219999999,0.05,150.0
6863,85600,4280,12,-1.8410581350326538,3.6561279296875,0.0007,0.9133331775665283,2.022408962249756,4279,-8.232718219999999,0.05,150.0
6863,85620,4281,12,-1.7646806240081787,0.828630805015564,0.0007,0.9819701910018921,0.7104960680007935,4280,-8.232718219999999,0.05,150.0
6863,85640,4282,12,-1.805633783340454,0.2666926980018616,0.0007,0.9913523197174072,-0.23100046813488007,4281,-8.232718219999999,0.05,150.0
6863,85660,4283,12,-1.790005087852478,0.14345388114452362,0.0007,0.9950237274169922,-0.2658678889274597,4282,-8.232718219999999,0.05,150.0
6863,85680,4284,12,-1.8157217502593994,0.09325412660837173,0.0007,0.9943019151687622,-0.16150404512882233,4283,-8.232718219999999,0.05,150.0
6863,85700,4285,12,-1.792446494102478,0.27781715989112854,0.0007,0.9659034013748169,0.2958429455757141,4284,-8.232718219999999,0.05,150.0
6863,85720,4286,12,-1.7792625427246094,2.048092842102051,0.0007,0.5918088555335999,1.7646782398223877,4285,-8.232718219999999,0.05,150.0
6864,85740,4287,12,-1.9833145141601562,0.7499333620071411,0.0007,0.8358166217803955,0.7688073515892029,4286,-8.232718219999999,0.05,150.0
6864,85760,4288,12,-1.919643759727478,0.43125754594802856,0.0007,0.900878369808197,0.6268633604049683,4287,-8.232718219999999,0.05,150.0
6864,85780,4289,12,-1.9821834564208984,0.09347748756408691,0.0007,0.9831303954124451,0.3787834942340851,4288,-8.232718219999999,0.05,150.0
6864,85800,4290,12,-2.0491440296173096,0.3823471665382385,0.0007,0.9099666476249695,-0.6891259551048279,4289,-7.905524309999999,0.05,150.0
6864,85820,4291,12,-1.9842720031738281,0.1418391764163971,0.0007,0.9595062136650085,0.1091756671667099,4290,-7.905524309999999,0.05,150.0
6864,85840,4292,12,-1.7076714038848877,0.48844021558761597,0.0007,-0.3429182767868042,0.049738239496946335,4291,-7.905524309999999,0.05,150.0
6864,85860,4293,12,-1.73516845703125,0.3697764575481415,0.0007,0.5039347410202026,0.7194312214851379,4292,-7.905524309999999,0.05,150.0
6865,85880,4294,12,-1.7870304584503174,0.24436244368553162,0.0007,0.796957790851593,-0.5476719737052917,4293,-7.905524309999999,0.05,150.0
6865,85900,4295,12,-1.9586718082427979,0.05251441150903702,0.0007,0.9410167932510376,-0.17404769361019135,4294,-7.905524309999999,0.05,150.0
6865,85920,4296,12,-1.8772623538970947,0.9302878379821777,0.0007,-0.06715047359466553,0.9097631573677063,4295,-7.905524309999999,0.05,150.0
6865,85940,4297,12,-1.831194281578064,3.1061384677886963,0.0007,0.37508541345596313,1.8549697399139404,4296,-7.905524309999999,0.05,150.0
6866,85960,4298,12,-1.9340150356292725,1.4663505554199219,0.0007,-0.35041797161102295,1.1926703453063965,4297,-7.905524309999999,0.05,150.0
6866,85980,4299,12,-1.9699456691741943,0.2877563536167145,0.0007,0.77544105052948,-0.8286274671554565,4298,-7.905524309999999,0.05,150.0
6866,86000,4300,12,-2.0054666996002197,0.343914657831192,0.0007,0.23692399263381958,0.1588563621044159,4299,-7.905524309999999,0.05,150.0
6866,86020,4301,12,-1.8234660625457764,1.3368343114852905,0.0007,0.7757088541984558,-0.2956174612045288,4300,-7.905524309999999,0.05,150.0
6866,86040,4302,12,-1.831006646156311,0.4234120845794678,0.0007,0.9433504343032837,-0.001987013267353177,4301,-7.905524309999999,0.05,150.0
6867,86060,4303,12,-1.94716477394104,0.38500213623046875,0.0007,0.9222339391708374,0.3671341836452484,4302,-7.905524309999999,0.05,150.0
6867,86080,4304,12,-1.8989970684051514,1.803423523902893,0.0007,-0.1284501552581787,1.1134765148162842,4303,-7.905524309999999,0.05,150.0
6867,86100,4305,12,-1.9661670923233032,0.30759912729263306,0.0007,0.7411069869995117,-0.5954935550689697,4304,-7.905524309999999,0.05,150.0
6867,86120,4306,12,-2.011274814605713,0.9331299066543579,0.0007,-0.9156028032302856,0.01442080456763506,4305,-7.905524309999999,0.05,150.0
6867,86140,4307,12,-1.9585161209106445,1.6300357580184937,0.0007,0.46355724334716797,-1.0157665014266968,4306,-7.905524309999999,0.05,150.0
6868,86160,4308,12,-1.9867795705795288,0.7528299689292908,0.0007,0.888529360294342,-0.9026714563369751,4307,-7.905524309999999,0.05,150.0
6868,86180,4309,12,-1.9149322509765625,0.7641542553901672,0.0007,0.9429075121879578,-1.0875777006149292,4308,-7.905524309999999,0.05,150.0
6868,86200,4310,12,-1.8656482696533203,1.168188452720642,0.0007,0.9236063957214355,0.4387318193912506,4309,-7.905524309999999,0.05,150.0
6868,86220,4311,12,-1.928088903427124,1.2460325956344604,0.0007,0.92842698097229,0.5534313917160034,4310,-7.905524309999999,0.05,150.0
6869,86240,4312,12,-1.9844722747802734,1.1761506795883179,0.0007,0.9143240451812744,0.3878403306007385,4311,-7.905524309999999,0.05,150.0
6869,86260,4313,12,-1.8684399127960205,2.092665195465088,0.0007,0.6082092523574829,0.30642884969711304,4312,-7.905524309999999,0.05,150.0
6869,86280,4314,12,-1.8350813388824463,0.4295988082885742,0.0007,0.9614811539649963,-0.9661922454833984,4313,-7.905524309999999,0.05,150.0
6869,86300,4315,12,-1.799989104270935,0.36308011412620544,0.0007,0.9321151375770569,-0.7683907747268677,4314,-7.905524309999999,0.05,150.0
6869,86320,4316,12,-1.7633453607559204,0.22124627232551575,0.0007,0.9455279111862183,-0.22281542420387268,4315,-7.905524309999999,0.05,150.0
6870,86340,4317,12,-1.9425532817840576,0.2283286601305008,0.0007,0.8096378445625305,-0.5061005353927612,4316,-7.905524309999999,0.05,150.0
6870,86360,4318,12,-1.9597200155258179,0.09257828444242477,0.0007,0.8315281867980957,-0.0029269098304212093,4317,-7.905524309999999,0.05,150.0
6870,86380,4319,12,-1.953386664390564,0.06941204518079758,0.0007,0.8511892557144165,0.06879089027643204,4318,-7.905524309999999,0.05,150.0
6870,86400,4320,12,-1.9518613815307617,0.08893170207738876,0.0007,0.864112377166748,0.3681994080543518,4319,-7.743528200000001,0.05,150.0
6870,86420,4321,12,-1.9800617694854736,0.11805454641580582,0.0007,0.6201145648956299,-0.05448849871754646,4320,-7.743528200000001,0.05,150.0
6870,86440,4322,12,-1.6350078582763672,0.47313910722732544,0.0007,-1.6001627445220947,0.19037513434886932,4321,-7.743528200000001,0.05,150.0
6871,86460,4323,12,-1.7080357074737549,1.4026390314102173,0.0007,-0.2694293260574341,0.7336498498916626,4322,-7.743528200000001,0.05,150.0
6871,86480,4324,12,-1.815879464149475,0.24111521244049072,0.0007,0.7915923595428467,-0.25250980257987976,4323,-7.743528200000001,0.05,150.0
6871,86500,4325,12,-1.7539770603179932,0.18328379094600677,0.0007,0.912787675857544,-0.21881654858589172,4324,-7.743528200000001,0.05,150.0
6870,86520,4326,12,-1.9227451086044312,0.47369569540023804,0.0007,0.7555375099182129,-0.04708284139633179,4325,-7.743528200000001,0.05,150.0
6871,86540,4327,12,-2.013984203338623,0.3252726197242737,0.0007,0.9064675569534302,-0.1680019199848175,4326,-7.743528200000001,0.05,150.0
6871,86560,4328,12,-1.935760498046875,0.10280165821313858,0.0007,0.9650741219520569,-0.26784634590148926,4327,-7.743528200000001,0.05,150.0
6871,86580,4329,12,-1.8478705883026123,0.44213351607322693,0.0007,0.8507181406021118,0.43592071533203125,4328,-7.743528200000001,0.05,150.0
6871,86600,4330,12,-1.812514066696167,0.8654991984367371,0.0007,0.8399802446365356,0.38992175459861755,4329,-7.743528200000001,0.05,150.0
6871,86620,4331,12,-1.9928184747695923,0.7841302752494812,0.0007,0.7140794992446899,0.638018012046814,4330,-7.743528200000001,0.05,150.0
6872,86640,4332,12,-1.8689426183700562,0.9624840617179871,0.0007,-0.37426817417144775,0.8490384817123413,4331,-7.743528200000001,0.05,150.0
6872,86660,4333,12,-1.9971832036972046,0.17061857879161835,0.0007,0.8246102333068848,-0.1322426050901413,4332,-7.743528200000001,0.05,150.0
6872,86680,4334,12,-1.9849437475204468,0.678613543510437,0.0007,0.7702111601829529,0.7462955713272095,4333,-7.743528200000001,0.05,150.0
6872,86700,4335,12,-1.9214107990264893,0.5494405031204224,0.0007,0.5412125587463379,-0.8062008023262024,4334,-7.743528200000001,0.05,150.0
6872,86720,4336,12,-1.8893591165542603,1.066554069519043,0.0007,0.49966078996658325,0.12171383202075958,4335,-7.743528200000001,0.05,150.0
6872,86740,4337,12,-2.002331018447876,0.41454583406448364,0.0007,0.7218023538589478,-0.48041248321533203,4336,-7.743528200000001,0.05,150.0
6871,86760,4338,12,-1.8956222534179688,0.36755886673927307,0.0007,0.7020189762115479,0.175408273935318,4337,-7.743528200000001,0.05,150.0
6872,86780,4339,12,-1.8320634365081787,0.5526734590530396,0.0007,0.8785219788551331,-0.9836076498031616,4338,-7.743528200000001,0.05,150.0
6872,86800,4340,12,-1.91461980342865,0.3310726583003998,0.0007,0.5797488689422607,-0.2167949229478836,4339,-7.743528200000001,0.05,150.0
6872,86820,4341,12,-1.811779260635376,4.8058180809021,0.0007,-0.9524940252304077,1.7438970804214478,4340,-7.743528200000001,0.05,150.0
6872,86840,4342,12,-1.7638752460479736,0.6216932535171509,0.0007,0.34821176528930664,0.272628515958786,4341,-7.743528200000001,0.05,150.0
6872,86860,4343,12,-1.7837963104248047,0.504297137260437,0.0007,0.7100850939750671,0.4022905230522156,4342,-7.743528200000001,0.05,150.0
6873,86880,4344,12,-1.7588297128677368,0.3598136007785797,0.0007,0.8768337965011597,-0.6495505571365356,4343,-7.743528200000001,0.05,150.0
6873,86900,4345,12,-1.636003851890564,0.10909365117549896,0.0007,0.9298319816589355,-0.29907113313674927,4344,-7.743528200000001,0.05,150.0
6873,86920,4346,12,-1.7063791751861572,0.13282625377178192,0.0007,0.9406926035881042,-0.5251579284667969,4345,-7.743528200000001,0.05,150.0
6873,86940,4347,12,-1.8297399282455444,0.12974947690963745,0.0007,0.9271840453147888,-0.32975080609321594,4346,-7.743528200000001,0.05,150.0
6873,86960,4348,12,-1.9768060445785522,0.08736476302146912,0.0007,0.7690920233726501,0.07323430478572845,4347,-7.743528200000001,0.05,150.0
6873,86980,4349,12,-1.7977170944213867,0.038768470287323,0.0007,0.8964296579360962,-0.021641423925757408,4348,-7.743528200000001,0.05,150.0
6873,87000,4350,12,-1.8705461025238037,0.03387736901640892,0.0007,0.8841071128845215,-0.003637883113697171,4349,-7.58788894,0.05,150.0
6873,87020,4351,12,-1.9582405090332031,0.9149346351623535,0.0007,0.2547570466995239,0.7095250487327576,4350,-7.58788894,0.05,150.0
6874,87040,4352,12,-1.6782519817352295,0.35156160593032837,0.0007,0.42586541175842285,-0.44454798102378845,4351,-7.58788894,0.05,150.0
6874,87060,4353,12,-1.820054054260254,0.43248850107192993,0.0007,0.6109226942062378,-0.3922716975212097,4352,-7.58788894,0.05,150.0
6874,87080,4354,12,-1.8213789463043213,1.0844628810882568,0.0007,-3.9202656745910645,0.3175216317176819,4353,-7.58788894,0.05,150.0
6874,87100,4355,12,-1.9233334064483643,1.2417142391204834,0.0007,0.35491234064102173,-0.6107684373855591,4354,-7.58788894,0.05,150.0
6874,87120,4356,12,-1.821810007095337,0.12876570224761963,0.0007,0.9324427843093872,-0.14070972800254822,4355,-7.58788894,0.05,150.0
6874,87140,4357,12,-1.816406011581421,1.7254184484481812,0.0007,0.8028964400291443,0.3018191456794739,4356,-7.58788894,0.05,150.0
6875,87160,4358,12,-1.8110014200210571,0.7486212849617004,0.0007,0.9435533881187439,-0.5515081286430359,4357,-7.58788894,0.05,150.0
6875,87180,4359,12,-1.8889706134796143,0.3672194480895996,0.0007,0.9819296002388,-0.6094048619270325,4358,-7.58788894,0.05,150.0
6875,87200,4360,12,-1.8985164165496826,0.5276539325714111,0.0007,0.9763170480728149,0.4883910119533539,4359,-7.58788894,0.05,150.0
6875,87220,4361,12,-1.9541651010513306,0.16954362392425537,0.0007,0.9940559267997742,-0.5171226859092712,4360,-7.58788894,0.05,150.0
6875,87240,4362,12,-1.9250656366348267,4.333977699279785,0.0007,0.869294285774231,2.203584671020508,4361,-7.58788894,0.05,150.0
6876,87260,4363,12,-1.8632256984710693,2.417438507080078,0.0007,0.9642949104309082,1.2435743808746338,4362,-7.58788894,0.05,150.0
6876,87280,4364,12,-1.7945373058319092,1.5823396444320679,0.0007,0.9743247032165527,0.9587115049362183,4363,-7.58788894,0.05,150.0
6876,87300,4365,12,-1.9389393329620361,0.12547191977500916,0.0007,0.9978392124176025,0.22198398411273956,4364,-7.58788894,0.05,150.0
6876,87320,4366,12,-1.873998999595642,0.667197585105896,0.0007,0.9907450675964355,0.8037140965461731,4365,-7.58788894,0.05,150.0
6876,87340,4367,12,-1.9548914432525635,0.2964526116847992,0.0007,0.9961354732513428,0.4717140197753906,4366,-7.58788894,0.05,150.0
6876,87360,4368,12,-1.9419338703155518,0.03359458968043327,0.0007,0.9997530579566956,-0.1963743269443512,4367,-7.58788894,0.05,150.0
6876,87380,4369,12,-2.033964157104492,0.09400490671396255,0.0007,0.9983401298522949,-0.06316938251256943,4368,-7.58788894,0.05,150.0
6876,87400,4370,12,-2.0455849170684814,0.013379344716668129,0.0007,0.9997862577438354,0.10954800993204117,4369,-7.58788894,0.05,150.0
6875,87420,4371,12,-1.9437980651855469,1.8597478866577148,0.0007,0.9712692499160767,1.5111761093139648,4370,-7.58788894,0.05,150.0
6875,87440,4372,12,-1.870436668395996,4.6131672859191895,0.0007,0.9664233326911926,2.9506821632385254,4371,-7.58788894,0.05,150.0
6872,87460,4373,12,-1.9382375478744507,1.913913369178772,0.0007,0.9843410849571228,1.731309175491333,4372,-7.58788894,0.05,150.0
6872,87480,4374,12,-2.0132102966308594,0.46956759691238403,0.0007,0.9958352446556091,0.6697770953178406,4373,-7.58788894,0.05,150.0
6871,87500,4375,12,-1.8797069787979126,0.13566239178180695,0.0007,0.998258650302887,-0.1769595444202423,4374,-7.58788894,0.05,150.0
6871,87520,4376,12,-1.881421685218811,0.2664760947227478,0.0007,0.9962839484214783,-0.07559691369533539,4375,-7.58788894,0.05,150.0
6871,87540,4377,12,-1.8963305950164795,1.5550687313079834,0.0007,0.9827677011489868,0.9681320190429688,4376,-7.58788894,0.05,150.0
6871,87560,4378,12,-1.9481801986694336,0.09939724206924438,0.0007,0.9985690712928772,-0.036603283137083054,4377,-7.58788894,0.05,150.0
6871,87580,4379,12,-1.9681659936904907,1.5992841720581055,0.0007,0.9717638492584229,1.0134527683258057,4378,-7.58788894,0.05,150.0
6871,87600,4380,12,-1.8469053506851196,0.12819774448871613,0.0007,0.9973695874214172,-0.10365215688943863,4379,-7.0635032299999985,0.06,150.0
6871,87620,4381,12,-1.8787508010864258,5.123431205749512,0.0007,0.95114666223526,2.5176403522491455,4380,-7.0635032299999985,0.06,150.0
6871,87640,4382,12,-1.760740041732788,0.1595926731824875,0.0007,-0.7057452201843262,0.008919036015868187,4381,-7.0635032299999985,0.06,150.0
6871,87660,4383,12,-1.7831413745880127,0.056052595376968384,0.0007,0.620195746421814,-0.3158784806728363,4382,-7.0635032299999985,0.06,150.0
6872,87680,4384,12,-1.8193895816802979,1.8198140859603882,0.0007,0.36738312244415283,0.18937167525291443,4383,-7.0635032299999985,0.06,150.0
6872,87700,4385,12,-2.0276050567626953,0.3036232590675354,0.0007,0.937641441822052,-0.6692870259284973,4384,-7.0635032299999985,0.06,150.0
6872,87720,4386,12,-1.8819729089736938,0.4940449297428131,0.0007,0.558132529258728,-0.04842240735888481,4385,-7.0635032299999985,0.06,150.0
6872,87740,4387,12,-1.874632477760315,2.254094362258911,0.0007,0.5281082391738892,0.1700897514820099,4386,-7.0635032299999985,0.06,150.0
6872,87760,4388,12,-1.8370304107666016,0.5419669151306152,0.0007,0.8056647181510925,0.7247315049171448,4387,-7.0635032299999985,0.06,150.0
6872,87780,4389,12,-1.905421257019043,3.1034061908721924,0.0007,-0.8027288913726807,0.33457112312316895,4388,-7.0635032299999985,0.06,150.0
6872,87800,4390,12,-1.9470131397247314,1.2957215309143066,0.0007,0.7755722999572754,-0.4530826508998871,4389,-7.0635032299999985,0.06,150.0
6872,87820,4391,12,-1.9253184795379639,0.6982458233833313,0.0007,0.9121689796447754,-0.4992428719997406,4390,-7.0635032299999985,0.06,150.0
6872,87840,4392,12,-1.8145803213119507,1.0171611309051514,0.0007,0.9640854597091675,-1.4309015274047852,4391,-7.0635032299999985,0.06,150.0
6873,87860,4393,12,-1.8955180644989014,2.1140241622924805,0.0007,-0.12756383419036865,0.6078006625175476,4392,-7.0635032299999985,0.06,150.0
6873,87880,4394,12,-1.9058196544647217,0.5890376567840576,0.0007,0.8063079118728638,0.36454296112060547,4393,-7.0635032299999985,0.06,150.0
6873,87900,4395,12,-1.8782551288604736,0.635121762752533,0.0007,0.8390805721282959,-0.46053868532180786,4394,-7.0635032299999985,0.06,150.0
6873,87920,4396,12,-1.9670982360839844,0.4065020680427551,0.0007,0.9438723921775818,-1.0167162418365479,4395,-7.0635032299999985,0.06,150.0
6873,87940,4397,12,-1.9032272100448608,0.15703852474689484,0.0007,0.9665097594261169,-0.48551464080810547,4396,-7.0635032299999985,0.06,150.0
6873,87960,4398,12,-1.8618113994598389,0.283963143825531,0.0007,0.8516933917999268,-0.7278845310211182,4397,-7.0635032299999985,0.06,150.0
6873,87980,4399,12,-1.8600208759307861,0.27870669960975647,0.0007,0.7268561124801636,0.25507837533950806,4398,-7.0635032299999985,0.06,150.0
6874,88000,4400,12,-1.9080705642700195,1.481555700302124,0.0007,-1.2128384113311768,0.9133602380752563,4399,-7.0635032299999985,0.06,150.0
6874,88020,4401,12,-1.9790881872177124,0.8835281133651733,0.0007,-2.681520462036133,0.7071476578712463,4400,-7.0635032299999985,0.06,150.0
6874,88040,4402,12,-2.0161705017089844,0.6268082857131958,0.0007,0.5246126055717468,0.3707645833492279,4401,-7.0635032299999985,0.06,150.0
6874,88060,4403,12,-1.8763186931610107,0.8196355700492859,0.0007,0.5853399634361267,1.0389474630355835,4402,-7.0635032299999985,0.06,150.0
6874,88080,4404,12,-1.7853729724884033,3.758533000946045,0.0007,0.5350842475891113,1.8467897176742554,4403,-7.0635032299999985,0.06,150.0
6874,88100,4405,12,-1.898893117904663,0.14352640509605408,0.0007,0.9455081224441528,0.22244969010353088,4404,-7.0635032299999985,0.06,150.0
6875,88120,4406,12,-1.7262731790542603,0.49000972509384155,0.0007,0.9082813262939453,0.5101664066314697,4405,-7.0635032299999985,0.06,150.0
6875,88140,4407,12,-1.9209388494491577,0.28458619117736816,0.0007,0.9409613609313965,-0.726140022277832,4406,-7.0635032299999985,0.06,150.0
6875,88160,4408,12,-1.9992080926895142,0.1449955403804779,0.0007,0.9396452903747559,-0.60454261302948,4407,-7.0635032299999985,0.06,150.0
6875,88180,4409,12,-2.002912998199463,0.14775729179382324,0.0007,0.6700341105461121,-0.28517359495162964,4408,-7.0635032299999985,0.06,150.0
6875,88200,4410,12,-1.9517978429794312,0.028501372784376144,0.0007,0.8715221285820007,-0.0657985657453537,4409,-6.8647954900000006,0.06,150.0
6874,88220,4411,12,-1.98965585231781,0.011315862648189068,0.0007,0.9308604001998901,0.03087904118001461,4410,-6.8647954900000006,0.06,150.0
6874,88240,4412,12,-1.7265487909317017,0.1159479171037674,0.0007,0.5879272222518921,0.013520179316401482,4411,-6.8647954900000006,0.06,150.0
6874,88260,4413,12,-1.7721859216690063,0.5765506625175476,0.0007,0.7474808692932129,-1.0080238580703735,4412,-6.8647954900000006,0.06,150.0
6873,88280,4414,12,-1.9471590518951416,0.2915460467338562,0.0007,0.9013391733169556,-0.5572037696838379,4413,-6.8647954900000006,0.06,150.0
6873,88300,4415,12,-1.9823427200317383,0.514919102191925,0.0007,0.852100133895874,-0.7450110912322998,4414,-6.8647954900000006,0.06,150.0
6873,88320,4416,12,-1.895727515220642,0.7947359085083008,0.0007,0.8240216970443726,0.011335337534546852,4415,-6.8647954900000006,0.06,150.0
6873,88340,4417,12,-1.922196388244629,0.16979534924030304,0.0007,0.9749389290809631,-0.11341835558414459,4416,-6.8647954900000006,0.06,150.0
6873,88360,4418,12,-1.933472990989685,3.736079454421997,0.0007,0.7211757898330688,1.3312649726867676,4417,-6.8647954900000006,0.06,150.0
6873,88380,4419,12,-1.9536149501800537,0.11702685058116913,0.0007,0.9899942874908447,0.22480884194374084,4418,-6.8647954900000006,0.06,150.0
6873,88400,4420,12,-1.9817993640899658,0.7184745073318481,0.0007,0.9685831069946289,-0.9267797470092773,4419,-6.8647954900000006,0.06,150.0
6873,88420,4421,12,-1.8686542510986328,0.8009503483772278,0.0007,0.9476538300514221,-0.28647634387016296,4420,-6.8647954900000006,0.06,150.0
6873,88440,4422,12,-1.9487545490264893,0.6645255088806152,0.0007,0.9729556441307068,0.773971676826477,4421,-6.8647954900000006,0.06,150.0
6873,88460,4423,12,-1.8608248233795166,1.1688368320465088,0.0007,0.9328746795654297,-1.1497528553009033,4422,-6.8647954900000006,0.06,150.0
6873,88480,4424,12,-1.8440080881118774,0.4878087043762207,0.0007,0.9461578130722046,-0.05667543411254883,4423,-6.8647954900000006,0.06,150.0
6873,88500,4425,12,-1.9535934925079346,0.32577019929885864,0.0007,0.9431643486022949,0.11316052824258804,4424,-6.8647954900000006,0.06,150.0
6873,88520,4426,12,-1.9122722148895264,3.2348849773406982,0.0007,0.7754820585250854,1.4007349014282227,4425,-6.8647954900000006,0.06,150.0
6873,88540,4427,12,-1.8898242712020874,1.2001349925994873,0.0007,0.6927402019500732,-0.2929975390434265,4426,-6.8647954900000006,0.06,150.0
6873,88560,4428,12,-1.9081169366836548,1.9119583368301392,0.0007,0.8737112879753113,1.0279099941253662,4427,-6.8647954900000006,0.06,150.0
6873,88580,4429,12,-1.938848853111267,0.36713671684265137,0.0007,0.9408090710639954,-0.2212684601545334,4428,-6.8647954900000006,0.06,150.0
6873,88600,4430,12,-1.8410122394561768,3.9452080726623535,0.0007,0.6340924501419067,1.419886827468872,4429,-6.8647954900000006,0.06,150.0
6873,88620,4431,12,-1.9472625255584717,1.4097659587860107,0.0007,0.8837786912918091,0.44270914793014526,4430,-6.8647954900000006,0.06,150.0
6873,88640,4432,12,-2.0147085189819336,0.7089883685112,0.0007,0.9518141150474548,-0.10842813551425934,4431,-6.8647954900000006,0.06,150.0
6873,88660,4433,12,-1.9651870727539062,0.8856961131095886,0.0007,0.9643806219100952,0.8822239637374878,4432,-6.8647954900000006,0.06,150.0
6873,88680,4434,12,-1.951026201248169,0.8128095865249634,0.0007,0.9339861273765564,0.3071962893009186,4433,-6.8647954900000006,0.06,150.0
6873,88700,4435,12,-1.9638046026229858,2.313723087310791,0.0007,0.9248178005218506,1.4368172883987427,4434,-6.8647954900000006,0.06,150.0
6873,88720,4436,12,-1.9504226446151733,0.22786426544189453,0.0007,0.990126371383667,-0.6624090671539307,4435,-6.8647954900000006,0.06,150.0
6873,88740,4437,12,-1.9371941089630127,0.45770731568336487,0.0007,0.9307488203048706,-0.3662140965461731,4436,-6.8647954900000006,0.06,150.0
6873,88760,4438,12,-1.9279887676239014,0.4286830425262451,0.0007,0.9294610023498535,0.4086623191833496,4437,-6.8647954900000006,0.06,150.0
6873,88780,4439,12,-1.8855127096176147,0.08709949254989624,0.0007,0.9799981713294983,0.06340526044368744,4438,-6.8647954900000006,0.06,150.0
6873,88800,4440,12,-1.9270433187484741,0.6330822110176086,0.0007,0.9120898246765137,0.3526807725429535,4439,-6.461311310000002,0.07,150.0
6874,88820,4441,12,-1.9144160747528076,9.956576347351074,0.0007,0.7193193435668945,3.0637831687927246,4440,-6.461311310000002,0.07,150.0
6874,88840,4442,12,-1.6210944652557373,0.20846399664878845,0.0007,0.7032510042190552,-0.5459035634994507,4441,-6.461311310000002,0.07,150.0
6874,88860,4443,12,-1.7276169061660767,0.07254264503717422,0.0007,0.8222100138664246,-0.26078373193740845,4442,-6.461311310000002,0.07,150.0
6874,88880,4444,12,-1.8261945247650146,0.07206504046916962,0.0007,0.7903638482093811,-0.18260261416435242,4443,-6.461311310000002,0.07,150.0
6874,88900,4445,12,-1.8489320278167725,0.22280588746070862,0.0007,-0.9209132194519043,-0.3543671667575836,4444,-6.461311310000002,0.07,150.0
6874,88920,4446,12,-1.7744112014770508,1.3837286233901978,0.0007,0.1173086166381836,1.1570554971694946,4445,-6.461311310000002,0.07,150.0
6875,88940,4447,12,-1.9097636938095093,0.7803503274917603,0.0007,0.8018051385879517,0.6380078196525574,4446,-6.461311310000002,0.07,150.0
6875,88960,4448,12,-1.7757549285888672,1.0386351346969604,0.0007,0.6685335040092468,0.13467438519001007,4447,-6.461311310000002,0.07,150.0
6875,88980,4449,12,-1.76338791847229,0.2097538411617279,0.0007,0.940281093120575,-0.1393972635269165,4448,-6.461311310000002,0.07,150.0
6875,89000,4450,12,-1.7592827081680298,2.1095101833343506,0.0007,0.7598221302032471,0.4180070757865906,4449,-6.461311310000002,0.07,150.0
6875,89020,4451,12,-1.5609585046768188,4.164828300476074,0.0007,0.7984553575515747,1.9149792194366455,4450,-6.461311310000002,0.07,150.0
6876,89040,4452,12,-1.7643219232559204,4.228845119476318,0.0007,0.25088411569595337,0.6228474378585815,4451,-6.461311310000002,0.07,150.0
6876,89060,4453,12,-1.8463032245635986,0.4941108822822571,0.0007,0.9506666660308838,0.47892141342163086,4452,-6.461311310000002,0.07,150.0
6876,89080,4454,12,-1.727831482887268,0.8724687695503235,0.0007,0.8976679444313049,0.328249990940094,4453,-6.461311310000002,0.07,150.0
6876,89100,4455,12,-1.9396312236785889,0.7120151519775391,0.0007,0.9105862379074097,-0.746614933013916,4454,-6.461311310000002,0.07,150.0
6876,89120,4456,12,-1.8641515970230103,0.8540606498718262,0.0007,0.8986207842826843,0.09858132898807526,4455,-6.461311310000002,0.07,150.0
6876,89140,4457,12,-1.798941969871521,0.7552114129066467,0.0007,0.9276599884033203,-1.3208858966827393,4456,-6.461311310000002,0.07,150.0
6876,89160,4458,12,-1.6705377101898193,0.7848240733146667,0.0007,0.8857730031013489,0.22147497534751892,4457,-6.461311310000002,0.07,150.0
6877,89180,4459,12,-1.7097867727279663,0.35313621163368225,0.0007,0.9636564254760742,0.3737218976020813,4458,-6.461311310000002,0.07,150.0
6877,89200,4460,12,-1.787440538406372,1.0538547039031982,0.0007,0.8901026248931885,-0.7204350233078003,4459,-6.461311310000002,0.07,150.0
6877,89220,4461,12,-1.7422723770141602,0.6644079685211182,0.0007,0.9476505517959595,-0.9486308097839355,4460,-6.461311310000002,0.07,150.0
6877,89240,4462,12,-1.7075258493423462,0.3621889650821686,0.0007,0.9602118730545044,-0.21430930495262146,4461,-6.461311310000002,0.07,150.0
6877,89260,4463,12,-1.6662696599960327,1.4276845455169678,0.0007,0.8362081050872803,-0.09056583046913147,4462,-6.461311310000002,0.07,150.0
6877,89280,4464,12,-1.807928442955017,0.25391876697540283,0.0007,0.9780466556549072,-0.7982794046401978,4463,-6.461311310000002,0.07,150.0
6877,89300,4465,12,-1.6590858697891235,0.7897614240646362,0.0007,0.9154621362686157,0.19841787219047546,4464,-6.461311310000002,0.07,150.0
6877,89320,4466,12,-1.657981514930725,0.28318852186203003,0.0007,0.9709253311157227,-0.10720648616552353,4465,-6.461311310000002,0.07,150.0
6877,89340,4467,12,-1.7073945999145508,0.9877750277519226,0.0007,0.9056212902069092,-0.08583569526672363,4466,-6.461311310000002,0.07,150.0
6877,89360,4468,12,-1.9006160497665405,0.18241198360919952,0.0007,0.98475581407547,-0.6258724927902222,4467,-6.461311310000002,0.07,150.0
6877,89380,4469,12,-1.741060495376587,0.463294118642807,0.0007,0.9488564729690552,-0.22330351173877716,4468,-6.461311310000002,0.07,150.0
6877,89400,4470,12,-1.862831473350525,1.4703452587127686,0.0007,0.8944770097732544,0.47414630651474,4469,-6.43462986,0.07,150.0
6877,89420,4471,13,-1.9151866436004639,0.37431105971336365,0.0007,0.9700401425361633,-0.4022551476955414,4470,-6.43462986,0.07,150.0
6877,89440,4472,13,-1.6243606805801392,0.4264189302921295,0.0007,0.4558543562889099,0.45345935225486755,4471,-6.43462986,0.07,150.0
6877,89460,4473,13,-1.6518291234970093,0.2928411662578583,0.0007,0.5319262742996216,-0.6487513780593872,4472,-6.43462986,0.07,150.0
6877,89480,4474,13,-1.723697304725647,0.3030697703361511,0.0007,0.6984728574752808,-0.3040447533130646,4473,-6.43462986,0.07,150.0
6878,89500,4475,13,-1.7339826822280884,0.13494853675365448,0.0007,0.9107346534729004,-0.3182559013366699,4474,-6.43462986,0.07,150.0
6878,89520,4476,13,-1.6213163137435913,3.035473346710205,0.0007,0.5231510400772095,1.2702991962432861,4475,-6.43462986,0.07,150.0
6878,89540,4477,13,-1.6462968587875366,0.866479218006134,0.0007,0.5688819885253906,1.014365553855896,4476,-6.43462986,0.07,150.0
6878,89560,4478,13,-1.8795292377471924,1.0796053409576416,0.0007,0.6961778402328491,0.5122084617614746,4477,-6.43462986,0.07,150.0
6878,89580,4479,13,-1.816685438156128,2.633737325668335,0.0007,0.5825661420822144,1.4106550216674805,4478,-6.43462986,0.07,150.0
6879,89600,4480,13,-1.9142948389053345,0.3565678000450134,0.0007,0.8547872304916382,0.145986869931221,4479,-6.43462986,0.07,150.0
6879,89620,4481,13,-1.8991918563842773,0.33885329961776733,0.0007,0.9119312763214111,-0.5103666186332703,4480,-6.43462986,0.07,150.0
6879,89640,4482,13,-1.862945318222046,3.191493034362793,0.0007,0.53658127784729,0.9107723236083984,4481,-6.43462986,0.07,150.0
6879,89660,4483,13,-1.7086822986602783,0.36634233593940735,0.0007,0.9541247487068176,-0.1934453248977661,4482,-6.43462986,0.07,150.0
6879,89680,4484,13,-1.7432498931884766,2.680786609649658,0.0007,0.894982635974884,0.15923821926116943,4483,-6.43462986,0.07,150.0
6879,89700,4485,13,-1.7297515869140625,2.0620930194854736,0.0007,0.8947498202323914,0.1001477837562561,4484,-6.43462986,0.07,150.0
6879,89720,4486,13,-1.681954026222229,0.8454839587211609,0.0007,0.9448758959770203,0.28425338864326477,4485,-6.43462986,0.07,150.0
6880,89740,4487,13,-1.850282907485962,0.7535174489021301,0.0007,0.9708755016326904,-0.7984884977340698,4486,-6.43462986,0.07,150.0
6880,89760,4488,13,-1.8333896398544312,0.6598661541938782,0.0007,0.9696478247642517,-0.3148849904537201,4487,-6.43462986,0.07,150.0
6880,89780,4489,13,-1.570268988609314,2.106323719024658,0.0007,0.8946122527122498,0.14058418571949005,4488,-6.43462986,0.07,150.0
6880,89800,4490,13,-1.54324209690094,0.9805048108100891,0.0007,0.9554221630096436,-0.7124803066253662,4489,-6.43462986,0.07,150.0
6880,89820,4491,13,-1.586071252822876,0.9936138391494751,0.0007,0.9503881931304932,-0.4533158838748932,4490,-6.43462986,0.07,150.0
6880,89840,4492,13,-1.7248363494873047,1.770216703414917,0.0007,0.903327226638794,-0.7281829714775085,4491,-6.43462986,0.07,150.0
6880,89860,4493,13,-1.7237735986709595,0.720055341720581,0.0007,0.9664936065673828,-0.38322338461875916,4492,-6.43462986,0.07,150.0
6881,89880,4494,13,-1.7586147785186768,0.3738929331302643,0.0007,0.9850677251815796,-0.6216251850128174,4493,-6.43462986,0.07,150.0
6881,89900,4495,13,-1.7016748189926147,0.25773900747299194,0.0007,0.9946719408035278,-0.7018202543258667,4494,-6.43462986,0.07,150.0
6881,89920,4496,13,-1.7750927209854126,0.10077594220638275,0.0007,0.9960271120071411,-0.4260489344596863,4495,-6.43462986,0.07,150.0
6881,89940,4497,13,-1.702606201171875,1.1935182809829712,0.0007,0.9559531807899475,0.34613722562789917,4496,-6.43462986,0.07,150.0
6881,89960,4498,13,-1.7111774682998657,0.2094079554080963,0.0007,0.996019184589386,-0.697857141494751,4497,-6.43462986,0.07,150.0
6882,89980,4499,13,-1.7853752374649048,0.049079302698373795,0.0007,0.9984563589096069,-0.3407798409461975,4498,-6.43462986,0.07,150.0
6881,90000,4500,13,-1.876469612121582,0.11596908420324326,0.0007,0.9952406883239746,-0.3823680281639099,4499,-6.27678372,0.07,150.0
6882,90020,4501,13,-1.8677037954330444,0.07022431492805481,0.0007,0.9939253926277161,-0.03642548993229866,4500,-6.27678372,0.07,150.0
6882,90040,4502,13,-1.5510590076446533,0.10984744876623154,0.0007,0.8502721786499023,0.17512786388397217,4501,-6.27678372,0.07,150.0
6882,90060,4503,13,-1.7427597045898438,0.2431807816028595,0.0007,0.799891471862793,-0.09290360659360886,4502,-6.27678372,0.07,150.0
6882,90080,4504,13,-1.6837348937988281,1.0014147758483887,0.0007,0.18527626991271973,0.620834469795227,4503,-6.27678372,0.07,150.0
6882,90100,4505,13,-1.8577144145965576,0.40811601281166077,0.0007,0.8525049090385437,-0.10834697633981705,4504,-6.27678372,0.07,150.0
6882,90120,4506,13,-1.902457594871521,0.3672697842121124,0.0007,0.9464161992073059,-0.7315464019775391,4505,-6.27678372,0.07,150.0
6883,90140,4507,13,-1.9029258489608765,0.10701682418584824,0.0007,0.9806227684020996,-0.1873171180486679,4506,-6.27678372,0.07,150.0
6883,90160,4508,13,-1.8761008977890015,0.6680457592010498,0.0007,0.9430006742477417,-0.828355610370636,4507,-6.27678372,0.07,150.0
6883,90180,4509,13,-1.9396369457244873,0.1801917850971222,0.0007,0.9810211062431335,-0.21221216022968292,4508,-6.27678372,0.07,150.0
6883,90200,4510,13,-1.909846544265747,0.36138710379600525,0.0007,0.955986738204956,-0.36751577258110046,4509,-6.27678372,0.07,150.0
6883,90220,4511,13,-1.9295284748077393,0.39010024070739746,0.0007,0.9728168249130249,-0.5556422472000122,4510,-6.27678372,0.07,150.0
6884,90240,4512,13,-1.9920017719268799,0.20479056239128113,0.0007,0.9889557361602783,-0.44537559151649475,4511,-6.27678372,0.07,150.0
6884,90260,4513,13,-1.981260061264038,0.15932467579841614,0.0007,0.9961250424385071,-0.630872905254364,4512,-6.27678372,0.07,150.0
6884,90280,4514,13,-1.9181257486343384,0.5504907369613647,0.0007,0.9817913770675659,-0.38429075479507446,4513,-6.27678372,0.07,150.0
6884,90300,4515,13,-1.9435888528823853,0.33362680673599243,0.0007,0.9864220023155212,0.01447529811412096,4514,-6.27678372,0.07,150.0
6884,90320,4516,13,-1.787236213684082,3.343651294708252,0.0007,0.884960412979126,0.9220238924026489,4515,-6.27678372,0.07,150.0
6885,90340,4517,13,-1.7939043045043945,2.5346317291259766,0.0007,0.918279767036438,1.760034203529358,4516,-6.27678372,0.07,150.0
6885,90360,4518,13,-1.8480983972549438,0.1995237171649933,0.0007,0.9932131767272949,0.21715044975280762,4517,-6.27678372,0.07,150.0
6885,90380,4519,13,-1.7685127258300781,1.2677462100982666,0.0007,0.9682733416557312,1.045168161392212,4518,-6.27678372,0.07,150.0
6885,90400,4520,13,-1.8799766302108765,0.12918314337730408,0.0007,0.9955620169639587,0.02671327069401741,4519,-6.27678372,0.07,150.0
6885,90420,4521,13,-1.8577611446380615,0.43665164709091187,0.0007,0.9875370860099792,-0.7647683620452881,4520,-6.27678372,0.07,150.0
6886,90440,4522,13,-1.7643238306045532,2.0390663146972656,0.0007,0.9598351716995239,0.6304114460945129,4521,-6.27678372,0.07,150.0
6886,90460,4523,13,-1.7971599102020264,0.08973850309848785,0.0007,0.9984994530677795,-0.2188796103000641,4522,-6.27678372,0.07,150.0
6886,90480,4524,13,-1.9006679058074951,0.020813798531889915,0.0007,0.9996846318244934,0.21361728012561798,4523,-6.27678372,0.07,150.0
6886,90500,4525,13,-1.9815267324447632,0.2510855793952942,0.0007,0.9948902726173401,0.3366576135158539,4524,-6.27678372,0.07,150.0
6886,90520,4526,13,-1.9105546474456787,0.41807761788368225,0.0007,0.9908244609832764,0.2044060230255127,4525,-6.27678372,0.07,150.0
6887,90540,4527,13,-1.7984340190887451,0.07459813356399536,0.0007,0.9984501004219055,0.20237907767295837,4526,-6.27678372,0.07,150.0
6887,90560,4528,13,-1.8200098276138306,0.1371758133172989,0.0007,0.9985038042068481,0.5356730222702026,4527,-6.27678372,0.07,150.0
6887,90580,4529,13,-1.792397141456604,0.030451929196715355,0.0007,0.9994443655014038,0.0936782956123352,4528,-6.27678372,0.07,150.0
6887,90600,4530,13,-1.867783546447754,0.06882759183645248,0.0007,0.9987983107566833,-0.028637271374464035,4529,-6.284200700000001,0.08,150.0
6887,90620,4531,13,-1.9199196100234985,5.749890327453613,0.0007,0.9493914246559143,2.1723971366882324,4530,-6.284200700000001,0.08,150.0
6887,90640,4532,13,-1.6120163202285767,0.3565179705619812,0.0007,0.8178945183753967,-0.7367115020751953,4531,-6.284200700000001,0.08,150.0
6887,90660,4533,13,-1.6739521026611328,0.0796220451593399,0.0007,0.9463774561882019,-0.013580746948719025,4532,-6.284200700000001,0.08,150.0
6887,90680,4534,13,-1.7169170379638672,1.2076152563095093,0.0007,0.7249503135681152,0.2610197961330414,4533,-6.284200700000001,0.08,150.0
6887,90700,4535,13,-1.7272542715072632,0.12106554210186005,0.0007,0.9776231646537781,-0.40739455819129944,4534,-6.284200700000001,0.08,150.0
6888,90720,4536,13,-1.8971935510635376,0.31688037514686584,0.0007,0.9495760202407837,-0.42052561044692993,4535,-6.284200700000001,0.08,150.0
6888,90740,4537,13,-1.8575233221054077,1.9095968008041382,0.0007,0.7487583160400391,0.4195033013820648,4536,-6.284200700000001,0.08,150.0
6888,90760,4538,13,-1.9686464071273804,0.9295841455459595,0.0007,0.9569934010505676,-1.489729881286621,4537,-6.284200700000001,0.08,150.0
6888,90780,4539,13,-1.9320474863052368,4.976539611816406,0.0007,0.8043450117111206,1.926439881324768,4538,-6.284200700000001,0.08,150.0
6889,90800,4540,13,-1.8388798236846924,0.5615315437316895,0.0007,0.9796406626701355,-0.42658719420433044,4539,-6.284200700000001,0.08,150.0
6889,90820,4541,13,-1.8558307886123657,1.2165257930755615,0.0007,0.9528782963752747,-0.5381118655204773,4540,-6.284200700000001,0.08,150.0
6889,90840,4542,13,-1.5847489833831787,6.128537178039551,0.0007,0.8611007928848267,3.072798252105713,4541,-6.284200700000001,0.08,150.0
6889,90860,4543,13,-1.7437362670898438,2.127636194229126,0.0007,0.8961491584777832,1.3443191051483154,4542,-6.284200700000001,0.08,150.0
6889,90880,4544,13,-1.7112452983856201,0.596236526966095,0.0007,0.9849880337715149,-0.8949779272079468,4543,-6.284200700000001,0.08,150.0
6890,90900,4545,13,-1.732208490371704,0.6567498445510864,0.0007,0.9774002432823181,-0.9898452758789062,4544,-6.284200700000001,0.08,150.0
6890,90920,4546,13,-1.7574975490570068,2.1182117462158203,0.0007,0.9400126338005066,-0.24273085594177246,4545,-6.284200700000001,0.08,150.0
6890,90940,4547,13,-1.811913251876831,0.4177846908569336,0.0007,0.9873819351196289,0.030327092856168747,4546,-6.284200700000001,0.08,150.0
6890,90960,4548,13,-1.8226165771484375,3.8047118186950684,0.0007,0.8364800810813904,1.50728440284729,4547,-6.284200700000001,0.08,150.0
6890,90980,4549,13,-1.7236502170562744,7.432823181152344,0.0007,0.869407594203949,1.5414209365844727,4548,-6.284200700000001,0.08,150.0
6891,91000,4550,13,-1.8824630975723267,0.4474855363368988,0.0007,0.9886440634727478,-0.4811999797821045,4549,-6.284200700000001,0.08,150.0
6891,91020,4551,13,-1.866986870765686,0.5335716009140015,0.0007,0.9839678406715393,-0.3014830946922302,4550,-6.284200700000001,0.08,150.0
6891,91040,4552,13,-1.8430248498916626,1.599381685256958,0.0007,0.9586467742919922,0.6531810164451599,4551,-6.284200700000001,0.08,150.0
6891,91060,4553,13,-1.895573377609253,0.21980781853199005,0.0007,0.995118260383606,-0.21052320301532745,4552,-6.284200700000001,0.08,150.0
6891,91080,4554,13,-1.6886184215545654,0.18467381596565247,0.0007,0.9957833290100098,-0.11496907472610474,4553,-6.284200700000001,0.08,150.0
6892,91100,4555,13,-1.8421995639801025,0.11824344098567963,0.0007,0.9990529417991638,-0.5316236615180969,4554,-6.284200700000001,0.08,150.0
6892,91120,4556,13,-1.9142177104949951,0.11415548622608185,0.0007,0.9970899820327759,0.13057489693164825,4555,-6.284200700000001,0.08,150.0
6892,91140,4557,13,-1.8630287647247314,0.7884615659713745,0.0007,0.9835279583930969,-0.7581443190574646,4556,-6.284200700000001,0.08,150.0
6892,91160,4558,13,-1.8495471477508545,0.275755912065506,0.0007,0.9950637221336365,-0.5674248337745667,4557,-6.284200700000001,0.08,150.0
6893,91180,4559,13,-1.765220284461975,0.14776389300823212,0.0007,0.995154857635498,-0.009676843881607056,4558,-6.284200700000001,0.08,150.0
6893,91200,4560,13,-1.736402153968811,0.12487177550792694,0.0007,0.9950039386749268,-0.1094089150428772,4559,-6.123541640000001,0.09,150.0
6893,91220,4561,13,-1.6852824687957764,6.2489914894104,0.0007,0.895624041557312,1.914355993270874,4560,-6.123541640000001,0.09,150.0
6893,91240,4562,13,-1.6887843608856201,0.04987185448408127,0.0007,0.9582376480102539,-0.31365957856178284,4561,-6.123541640000001,0.09,150.0
6893,91260,4563,13,-1.7967500686645508,0.07787185907363892,0.0007,0.9507094621658325,0.23633210361003876,4562,-6.123541640000001,0.09,150.0
6893,91280,4564,13,-1.8991219997406006,0.4665258824825287,0.0007,0.8893988728523254,0.22782084345817566,4563,-6.123541640000001,0.09,150.0
6893,91300,4565,13,-1.8450615406036377,0.2108631134033203,0.0007,0.9772371649742126,-0.6260814666748047,4564,-6.123541640000001,0.09,150.0
6894,91320,4566,13,-1.9275354146957397,0.9005066752433777,0.0007,0.8593507409095764,0.6679519414901733,4565,-6.123541640000001,0.09,150.0
6894,91340,4567,13,-1.9901149272918701,0.6644570827484131,0.0007,0.9175001382827759,-1.052689790725708,4566,-6.123541640000001,0.09,150.0
6894,91360,4568,13,-1.9616267681121826,0.2250743806362152,0.0007,0.9781081080436707,-0.597845733165741,4567,-6.123541640000001,0.09,150.0
6894,91380,4569,13,-1.879066824913025,0.6046835780143738,0.0007,0.9610955715179443,-1.026695728302002,4568,-6.123541640000001,0.09,150.0
6894,91400,4570,13,-1.900014877319336,0.37580886483192444,0.0007,0.9807984232902527,-1.0129013061523438,4569,-6.123541640000001,0.09,150.0
6895,91420,4571,13,-1.810420274734497,7.183477878570557,0.0007,0.4256414771080017,0.4236435890197754,4570,-6.123541640000001,0.09,150.0
6895,91440,4572,13,-1.8947908878326416,1.9217541217803955,0.0007,0.753278911113739,-0.3530946969985962,4571,-6.123541640000001,0.09,150.0
6895,91460,4573,13,-1.8012783527374268,0.23472194373607635,0.0007,0.9752317070960999,-0.4033406376838684,4572,-6.123541640000001,0.09,150.0
6895,91480,4574,13,-1.8550307750701904,3.1874074935913086,0.0007,0.7596763372421265,1.2686008214950562,4573,-6.123541640000001,0.09,150.0
6895,91500,4575,13,-1.884742021560669,1.9886071681976318,0.0007,0.8000861406326294,0.6184449791908264,4574,-6.123541640000001,0.09,150.0
6895,91520,4576,13,-1.8927662372589111,3.4358839988708496,0.0007,0.45371824502944946,0.6091938018798828,4575,-6.123541640000001,0.09,150.0
6896,91540,4577,13,-1.8527624607086182,0.5267719030380249,0.0007,0.938412070274353,0.3943420946598053,4576,-6.123541640000001,0.09,150.0
6896,91560,4578,13,-1.81967031955719,0.4267231822013855,0.0007,0.9624195694923401,0.24977989494800568,4577,-6.123541640000001,0.09,150.0
6896,91580,4579,13,-1.8245067596435547,1.1606930494308472,0.0007,0.9336649179458618,0.3725222945213318,4578,-6.123541640000001,0.09,150.0
6896,91600,4580,13,-1.9026639461517334,0.3708796501159668,0.0007,0.9850366115570068,-1.0437694787979126,4579,-6.123541640000001,0.09,150.0
6896,91620,4581,13,-1.8711469173431396,0.2563515305519104,0.0007,0.9793298244476318,-0.5146776437759399,4580,-6.123541640000001,0.09,150.0
6896,91640,4582,13,-1.7808763980865479,1.2228950262069702,0.0007,0.8951330184936523,-0.4217551350593567,4581,-6.123541640000001,0.09,150.0
6897,91660,4583,13,-1.8713417053222656,0.7702078223228455,0.0007,0.9412481188774109,0.11929430812597275,4582,-6.123541640000001,0.09,150.0
6897,91680,4584,13,-1.8291269540786743,0.8092948794364929,0.0007,0.9470005631446838,0.8596444129943848,4583,-6.123541640000001,0.09,150.0
6897,91700,4585,13,-1.6219189167022705,0.45838290452957153,0.0007,0.9766621589660645,-0.6285229921340942,4584,-6.123541640000001,0.09,150.0
6897,91720,4586,13,-1.7288169860839844,0.642227828502655,0.0007,0.8570101261138916,-0.4390185475349426,4585,-6.123541640000001,0.09,150.0
6897,91740,4587,13,-1.7202422618865967,0.31955626606941223,0.0007,0.8837924003601074,-0.5359610319137573,4586,-6.123541640000001,0.09,150.0
6897,91760,4588,13,-1.6911115646362305,0.1740787774324417,0.0007,0.8239591717720032,-0.354221373796463,4587,-6.123541640000001,0.09,150.0
6897,91780,4589,13,-1.8145759105682373,0.05677691847085953,0.0007,0.9081764221191406,-0.19929593801498413,4588,-6.123541640000001,0.09,150.0
6897,91800,4590,13,-1.9149366617202759,0.016751915216445923,0.0007,0.8991970419883728,0.05277782678604126,4589,-6.014559439999999,0.09,150.0
6897,91820,4591,13,-1.9343955516815186,0.0267470832914114,0.0007,0.7233603000640869,0.01825227402150631,4590,-6.014559439999999,0.09,150.0
6897,91840,4592,13,-1.6309181451797485,0.09682687371969223,0.0007,0.20542192459106445,0.32201987504959106,4591,-6.014559439999999,0.09,150.0
6897,91860,4593,13,-1.7372153997421265,1.3050334453582764,0.0007,0.1718495488166809,0.4989330768585205,4592,-6.014559439999999,0.09,150.0
6897,91880,4594,13,-1.8645803928375244,0.6159785985946655,0.0007,0.6159195899963379,-0.6246510744094849,4593,-6.014559439999999,0.09,150.0
6897,91900,4595,13,-1.8574596643447876,0.9815980792045593,0.0007,0.8208811283111572,-1.7011276483535767,4594,-6.014559439999999,0.09,150.0
6897,91920,4596,13,-1.8195111751556396,1.1593037843704224,0.0007,0.8661253452301025,-0.14667749404907227,4595,-6.014559439999999,0.09,150.0
6897,91940,4597,13,-1.9479602575302124,0.8056052923202515,0.0007,0.9105615615844727,-1.1976587772369385,4596,-6.014559439999999,0.09,150.0
6897,91960,4598,13,-1.8883273601531982,0.5229128003120422,0.0007,0.9137113690376282,-0.6862530708312988,4597,-6.014559439999999,0.09,150.0
6897,91980,4599,13,-1.842834234237671,0.39571136236190796,0.0007,0.9348215460777283,-0.34203916788101196,4598,-6.014559439999999,0.09,150.0
6897,92000,4600,13,-1.6834617853164673,0.4214511513710022,0.0007,0.9715558886528015,-1.036380648612976,4599,-6.014559439999999,0.09,150.0
6897,92020,4601,13,-1.8076989650726318,0.4385327696800232,0.0007,0.9485118985176086,0.5001708269119263,4600,-6.014559439999999,0.09,150.0
6897,92040,4602,13,-1.8473268747329712,1.3562630414962769,0.0007,0.9104228019714355,-0.01592044159770012,4601,-6.014559439999999,0.09,150.0
6897,92060,4603,13,-1.6870838403701782,1.2445642948150635,0.0007,0.9047347903251648,0.5779708623886108,4602,-6.014559439999999,0.09,150.0
6898,92080,4604,13,-1.8442537784576416,0.09809400886297226,0.0007,0.992007315158844,0.07768049836158752,4603,-6.014559439999999,0.09,150.0
6898,92100,4605,13,-1.8558547496795654,0.29833686351776123,0.0007,0.9782083034515381,0.18548932671546936,4604,-6.014559439999999,0.09,150.0
6898,92120,4606,13,-1.723352074623108,0.25639066100120544,0.0007,0.9861251711845398,0.49870187044143677,4605,-6.014559439999999,0.09,150.0
6898,92140,4607,13,-1.67107355594635,1.777764916419983,0.0007,0.9611992835998535,1.4864401817321777,4606,-6.014559439999999,0.09,150.0
6898,92160,4608,13,-1.9333689212799072,2.7570292949676514,0.0007,0.782575249671936,0.8854202032089233,4607,-6.014559439999999,0.09,150.0
6898,92180,4609,13,-1.8439687490463257,0.2570245862007141,0.0007,0.9657965302467346,-0.42749395966529846,4608,-6.014559439999999,0.09,150.0
6899,92200,4610,13,-1.7258923053741455,0.07437865436077118,0.0007,0.984653890132904,-0.043406110256910324,4609,-6.014559439999999,0.09,150.0
6899,92220,4611,13,-1.8480780124664307,0.10792038589715958,0.0007,0.9730334877967834,-0.07214212417602539,4610,-6.014559439999999,0.09,150.0
6899,92240,4612,13,-1.8372071981430054,0.2465263158082962,0.0007,0.904639482498169,0.09312160313129425,4611,-6.014559439999999,0.09,150.0
6899,92260,4613,13,-1.782107949256897,0.1066722720861435,0.0007,0.9395811557769775,-0.299985408782959,4612,-6.014559439999999,0.09,150.0
6899,92280,4614,13,-1.8507007360458374,0.19851192831993103,0.0007,0.706403374671936,-0.026887470856308937,4613,-6.014559439999999,0.09,150.0
6899,92300,4615,13,-1.9476547241210938,0.09323076158761978,0.0007,0.8974112272262573,-0.34304749965667725,4614,-6.014559439999999,0.09,150.0
6900,92320,4616,13,-1.8408384323120117,0.13536326587200165,0.0007,0.8295800685882568,-0.20330095291137695,4615,-6.014559439999999,0.09,150.0
6900,92340,4617,13,-1.856656789779663,0.07617273926734924,0.0007,0.9138826131820679,-0.37000226974487305,4616,-6.014559439999999,0.09,150.0
6900,92360,4618,13,-1.8845407962799072,0.07629039883613586,0.0007,0.7933881282806396,-0.3502359986305237,4617,-6.014559439999999,0.09,150.0
6900,92380,4619,13,-1.9164161682128906,0.026038657873868942,0.0007,0.7930711507797241,-0.15404808521270752,4618,-6.014559439999999,0.09,150.0
6900,92400,4620,13,-1.972696304321289,0.06253209710121155,0.0007,0.5468952655792236,-0.2982650697231293,4619,-6.33043466,0.08,150.0
6900,92420,4621,13,-1.8529914617538452,0.07227133959531784,0.0007,0.5131717324256897,-0.011346185579895973,4620,-6.33043466,0.08,150.0
6901,92440,4622,13,-1.7672706842422485,0.42103585600852966,0.0007,0.595953106880188,-0.05074049159884453,4621,-6.33043466,0.08,150.0
6901,92460,4623,13,-1.8279540538787842,0.6650568246841431,0.0007,0.829796552658081,-1.2027661800384521,4622,-6.33043466,0.08,150.0
6901,92480,4624,13,-1.865095853805542,0.3355185389518738,0.0007,0.8859336376190186,-0.4916170537471771,4623,-6.33043466,0.08,150.0
6901,92500,4625,13,-1.9241745471954346,0.3129030168056488,0.0007,0.9587239027023315,-1.022750973701477,4624,-6.33043466,0.08,150.0
6901,92520,4626,13,-1.9383494853973389,0.039008889347314835,0.0007,0.9835119843482971,-0.11314382404088974,4625,-6.33043466,0.08,150.0
6901,92540,4627,13,-1.9221837520599365,0.5337730646133423,0.0007,0.7211121320724487,0.7471825480461121,4626,-6.33043466,0.08,150.0
6902,92560,4628,13,-1.7669378519058228,0.52839195728302,0.0007,0.8894456624984741,0.30345436930656433,4627,-6.33043466,0.08,150.0
6902,92580,4629,13,-1.8474315404891968,0.5590780973434448,0.0007,0.8100222945213318,-0.283963143825531,4628,-6.33043466,0.08,150.0
6902,92600,4630,13,-1.862752914428711,1.2609366178512573,0.0007,0.7602947950363159,0.5232787132263184,4629,-6.33043466,0.08,150.0
6902,92620,4631,13,-1.8092933893203735,2.482119083404541,0.0007,0.7406909465789795,0.737866997718811,4630,-6.33043466,0.08,150.0
6902,92640,4632,13,-1.8082205057144165,2.1407580375671387,0.0007,0.8369446396827698,1.1266396045684814,4631,-6.33043466,0.08,150.0
6903,92660,4633,13,-1.8643029928207397,2.2614872455596924,0.0007,0.6568899154663086,1.0733973979949951,4632,-6.33043466,0.08,150.0
6903,92680,4634,13,-1.7200568914413452,0.431654155254364,0.0007,0.9471265077590942,0.12102577835321426,4633,-6.33043466,0.08,150.0
6903,92700,4635,13,-1.867804765701294,0.5322697758674622,0.0007,0.954095184803009,0.00348491664044559,4634,-6.33043466,0.08,150.0
6903,92720,4636,13,-1.8864856958389282,1.5804884433746338,0.0007,0.844534158706665,0.04760012775659561,4635,-6.33043466,0.08,150.0
6903,92740,4637,13,-1.777916669845581,0.2077336311340332,0.0007,0.979903519153595,-0.13480596244335175,4636,-6.33043466,0.08,150.0
6903,92760,4638,13,-1.8804872035980225,0.1482684314250946,0.0007,0.9860996603965759,-0.31241142749786377,4637,-6.33043466,0.08,150.0
6904,92780,4639,13,-1.8932201862335205,0.2597331404685974,0.0007,0.9644195437431335,-0.4187101423740387,4638,-6.33043466,0.08,150.0
6904,92800,4640,13,-1.8513658046722412,0.7735270857810974,0.0007,0.8016270399093628,0.10545329004526138,4639,-6.33043466,0.08,150.0
6904,92820,4641,13,-1.8132305145263672,0.10864708572626114,0.0007,0.9593524932861328,-0.1402420550584793,4640,-6.33043466,0.08,150.0
6904,92840,4642,13,-1.808790922164917,1.6059293746948242,0.0007,0.6695582866668701,1.515636920928955,4641,-6.33043466,0.08,150.0
6905,92860,4643,13,-1.7862427234649658,0.11927733570337296,0.0007,0.9342866539955139,-0.3309376537799835,4642,-6.33043466,0.08,150.0
6905,92880,4644,13,-1.8047775030136108,0.11997348070144653,0.0007,0.9115252494812012,-0.03795952349901199,4643,-6.33043466,0.08,150.0
6905,92900,4645,13,-1.7341909408569336,0.6927495002746582,0.0007,0.7813864350318909,0.9566702842712402,4644,-6.33043466,0.08,150.0
6905,92920,4646,13,-1.8012851476669312,0.4253910481929779,0.0007,0.6686487197875977,0.6919227838516235,4645,-6.33043466,0.08,150.0
6905,92940,4647,13,-1.8707618713378906,0.11273117363452911,0.0007,0.9111875891685486,-0.06352023780345917,4646,-6.33043466,0.08,150.0
6905,92960,4648,13,-1.7541223764419556,0.7795295715332031,0.0007,0.29243797063827515,0.3102577328681946,4647,-6.33043466,0.08,150.0
6906,92980,4649,13,-1.8455337285995483,0.26140838861465454,0.0007,0.639723539352417,0.19611679017543793,4648,-6.33043466,0.08,150.0
6906,93000,4650,13,-1.8365939855575562,0.08594278991222382,0.0007,0.7138504981994629,-0.2630079686641693,4649,-6.01011806,0.08,150.0
6906,93020,4651,13,-1.8825385570526123,0.1219811663031578,0.0007,0.6491185426712036,0.07769054919481277,4650,-6.01011806,0.08,150.0
6906,93040,4652,13,-1.6130990982055664,0.5864261388778687,0.0007,0.34338927268981934,0.06057649850845337,4651,-6.01011806,0.08,150.0
6906,93060,4653,13,-1.744012475013733,0.8895288705825806,0.0007,0.6462277173995972,-0.514338493347168,4652,-6.01011806,0.08,150.0
6906,93080,4654,13,-1.8756511211395264,0.5083407163619995,0.0007,0.8727049827575684,-0.9402815103530884,4653,-6.01011806,0.08,150.0
6906,93100,4655,13,-1.811187744140625,1.4590070247650146,0.0007,0.7817546129226685,-0.21061000227928162,4654,-6.01011806,0.08,150.0
6906,93120,4656,13,-1.723956823348999,0.72685307264328,0.0007,0.9653255343437195,-1.1131258010864258,4655,-6.01011806,0.08,150.0
6907,93140,4657,13,-1.8542076349258423,0.3899247944355011,0.0007,0.956990122795105,0.499868780374527,4656,-6.01011806,0.08,150.0
6907,93160,4658,13,-1.599151611328125,1.9447113275527954,0.0007,0.9002184867858887,1.3809535503387451,4657,-6.01011806,0.08,150.0
6907,93180,4659,13,-1.7787078619003296,0.38877302408218384,0.0007,0.9643542766571045,0.033968932926654816,4658,-6.01011806,0.08,150.0
6907,93200,4660,13,-1.8453452587127686,0.13109344244003296,0.0007,0.9918946623802185,-0.3488565981388092,4659,-6.01011806,0.08,150.0
6907,93220,4661,13,-1.7776813507080078,0.37765759229660034,0.0007,0.9592936038970947,0.06565546989440918,4660,-6.01011806,0.08,150.0
6907,93240,4662,13,-1.8327829837799072,1.9216153621673584,0.0007,0.9085868000984192,1.0703151226043701,4661,-6.01011806,0.08,150.0
6908,93260,4663,13,-1.579993486404419,7.637507438659668,0.0007,0.8053685426712036,2.635674238204956,4662,-6.01011806,0.08,150.0
6908,93280,4664,13,-1.7707401514053345,0.32319074869155884,0.0007,0.9862306118011475,0.43203163146972656,4663,-6.01011806,0.08,150.0
6908,93300,4665,13,-1.6724519729614258,1.2045438289642334,0.0007,0.9505863189697266,0.6644260287284851,4664,-6.01011806,0.08,150.0
6908,93320,4666,13,-1.84811532497406,0.29379215836524963,0.0007,0.9873102903366089,-0.4433179497718811,4665,-6.01011806,0.08,150.0
6908,93340,4667,13,-1.7483606338500977,1.2699074745178223,0.0007,0.9449228048324585,0.32575827836990356,4666,-6.01011806,0.08,150.0
6908,93360,4668,13,-1.8604847192764282,0.40536338090896606,0.0007,0.9864186644554138,-0.7649469375610352,4667,-6.01011806,0.08,150.0
6908,93380,4669,13,-1.8264262676239014,0.14916081726551056,0.0007,0.9870073199272156,0.005553555674850941,4668,-6.01011806,0.08,150.0
6909,93400,4670,13,-1.8380439281463623,0.6082788705825806,0.0007,0.9093643426895142,0.4454732835292816,4669,-6.01011806,0.08,150.0
6909,93420,4671,13,-1.4407927989959717,0.2103690356016159,0.0007,0.9525585174560547,-0.11192715167999268,4670,-6.01011806,0.08,150.0
6909,93440,4672,13,-1.5194560289382935,0.15297582745552063,0.0007,0.9728351831436157,-0.5223249197006226,4671,-6.01011806,0.08,150.0
6909,93460,4673,13,-1.6064811944961548,0.1598997712135315,0.0007,0.9441221356391907,0.5875083208084106,4672,-6.01011806,0.08,150.0
6909,93480,4674,13,-1.5703760385513306,0.13565924763679504,0.0007,0.9471319913864136,-0.2255912721157074,4673,-6.01011806,0.08,150.0
6909,93500,4675,13,-1.6397168636322021,0.033078812062740326,0.0007,0.9850656986236572,-0.1873987913131714,4674,-6.01011806,0.08,150.0
6909,93520,4676,13,-1.6898781061172485,0.024314623326063156,0.0007,0.9735354781150818,0.005021998193114996,4675,-6.01011806,0.08,150.0
6910,93540,4677,13,-1.8390159606933594,0.17724834382534027,0.0007,0.870634913444519,-0.15412960946559906,4676,-6.01011806,0.08,150.0
6910,93560,4678,13,-1.7725541591644287,0.2532060742378235,0.0007,0.8792077302932739,0.18792876601219177,4677,-6.01011806,0.08,150.0
6910,93580,4679,13,-1.7725480794906616,0.029737362638115883,0.0007,0.9876917600631714,-0.22436697781085968,4678,-6.01011806,0.08,150.0
6910,93600,4680,13,-1.9687751531600952,0.04610692709684372,0.0007,0.9660142660140991,-0.004314488265663385,4679,-6.19699452,0.08,150.0
6910,93620,4681,13,-1.9240154027938843,0.04628864675760269,0.0007,0.9759334921836853,0.17020346224308014,4680,-6.19699452,0.08,150.0
6910,93640,4682,13,-1.633837103843689,0.03260364383459091,0.0007,0.9511092901229858,-0.027862215414643288,4681,-6.19699452,0.08,150.0
6910,93660,4683,13,-1.7667688131332397,0.1271342784166336,0.0007,0.9276080131530762,-0.37504181265830994,4682,-6.19699452,0.08,150.0
6910,93680,4684,13,-1.8863023519515991,0.31612563133239746,0.0007,0.8658090829849243,0.06590644270181656,4683,-6.19699452,0.08,150.0
6910,93700,4685,13,-1.8885692358016968,0.3426794111728668,0.0007,0.9291791319847107,-0.08934111893177032,4684,-6.19699452,0.08,150.0
6911,93720,4686,13,-1.76835036277771,0.4469057023525238,0.0007,0.9609792232513428,-1.159917950630188,4685,-6.19699452,0.08,150.0
6911,93740,4687,13,-1.787562370300293,0.946154773235321,0.0007,0.9021498560905457,0.998051643371582,4686,-6.19699452,0.08,150.0
6911,93760,4688,13,-1.930050253868103,0.03316197544336319,0.0007,0.9957870841026306,0.05505446717143059,4687,-6.19699452,0.08,150.0
6911,93780,4689,13,-1.9536492824554443,0.27470141649246216,0.0007,0.9807367324829102,-0.6690158247947693,4688,-6.19699452,0.08,150.0
6911,93800,4690,13,-1.9675776958465576,0.2037719041109085,0.0007,0.9640864133834839,-0.28109681606292725,4689,-6.19699452,0.08,150.0
6911,93820,4691,13,-1.9641069173812866,0.3730001151561737,0.0007,0.8418632745742798,-0.08791011571884155,4690,-6.19699452,0.08,150.0
6912,93840,4692,13,-1.8804104328155518,0.36203283071517944,0.0007,0.8238570094108582,0.3237723708152771,4691,-6.19699452,0.08,150.0
6912,93860,4693,13,-1.8832852840423584,2.175031900405884,0.0007,0.5616312026977539,0.9735349416732788,4692,-6.19699452,0.08,150.0
6912,93880,4694,13,-1.9415686130523682,0.2224927395582199,0.0007,0.8051209449768066,-0.3359855115413666,4693,-6.19699452,0.08,150.0
6912,93900,4695,13,-1.9373819828033447,0.39627963304519653,0.0007,0.734920084476471,0.46335873007774353,4694,-6.19699452,0.08,150.0
6912,93920,4696,13,-2.0163512229919434,0.34083133935928345,0.0007,0.7948143482208252,0.29071754217147827,4695,-6.19699452,0.08,150.0
6912,93940,4697,13,-1.8651340007781982,0.5293247699737549,0.0007,0.8201248049736023,0.7897415161132812,4696,-6.19699452,0.08,150.0
6913,93960,4698,13,-1.937477707862854,1.6020128726959229,0.0007,0.24537962675094604,0.9132210612297058,4697,-6.19699452,0.08,150.0
6913,93980,4699,13,-1.8191026449203491,0.9610492587089539,0.0007,0.7842479944229126,0.061591386795043945,4698,-6.19699452,0.08,150.0
6913,94000,4700,13,-1.7643213272094727,0.42029476165771484,0.0007,0.8983403444290161,0.05068783834576607,4699,-6.19699452,0.08,150.0
6913,94020,4701,13,-1.7893314361572266,0.37443414330482483,0.0007,0.9192999005317688,-0.20010116696357727,4700,-6.19699452,0.08,150.0
6913,94040,4702,13,-1.8294174671173096,2.1856610774993896,0.0007,0.6856142282485962,1.6403089761734009,4701,-6.19699452,0.08,150.0
6914,94060,4703,13,-1.8137325048446655,0.206783726811409,0.0007,0.9898706078529358,-0.5836087465286255,4702,-6.19699452,0.08,150.0
6914,94080,4704,13,-1.8718702793121338,0.49233442544937134,0.0007,0.9617718458175659,-0.8044604063034058,4703,-6.19699452,0.08,150.0
6914,94100,4705,13,-1.9444382190704346,0.37919920682907104,0.0007,0.882829487323761,0.0033104598987847567,4704,-6.19699452,0.08,150.0
6914,94120,4706,13,-1.9930427074432373,0.09428557008504868,0.0007,0.9755881428718567,-0.32689303159713745,4705,-6.19699452,0.08,150.0
6914,94140,4707,13,-1.9635121822357178,0.05472997575998306,0.0007,0.9837321639060974,-0.3043840825557709,4706,-6.19699452,0.08,150.0
6914,94160,4708,13,-1.929437279701233,0.05532430484890938,0.0007,0.9646663665771484,-0.2807396948337555,4707,-6.19699452,0.08,150.0
6914,94180,4709,13,-1.9051014184951782,0.09498955309391022,0.0007,0.6942887902259827,-0.15989157557487488,4708,-6.19699452,0.08,150.0
6914,94200,4710,13,-1.8261051177978516,0.07488860189914703,0.0007,0.39591771364212036,-0.1420472413301468,4709,-6.16722683,0.08,150.0
6915,94220,4711,13,-1.8645073175430298,0.08384343981742859,0.0007,0.2577686905860901,-0.19092126190662384,4710,-6.16722683,0.08,150.0
6915,94240,4712,13,-1.566727876663208,0.511320173740387,0.0007,0.5739926695823669,0.24202923476696014,4711,-6.16722683,0.08,150.0
6915,94260,4713,13,-1.6179615259170532,0.7162361145019531,0.0007,0.7038192749023438,-0.8649542927742004,4712,-6.16722683,0.08,150.0
6915,94280,4714,13,-1.7615209817886353,0.15764044225215912,0.0007,0.9489107131958008,-0.2744956314563751,4713,-6.16722683,0.08,150.0
6915,94300,4715,13,-1.8417707681655884,0.5957198143005371,0.0007,0.7235227823257446,-0.09534375369548798,4714,-6.16722683,0.08,150.0
6915,94320,4716,13,-1.7810271978378296,0.24529242515563965,0.0007,0.8331995010375977,-0.05280008912086487,4715,-6.16722683,0.08,150.0
6915,94340,4717,13,-1.8712546825408936,0.269265353679657,0.0007,0.8908281326293945,-0.4326268136501312,4716,-6.16722683,0.08,150.0
6916,94360,4718,13,-1.9047214984893799,0.4768804609775543,0.0007,0.6019730567932129,0.32251468300819397,4717,-6.16722683,0.08,150.0
6916,94380,4719,13,-1.8196210861206055,1.8816840648651123,0.0007,0.3052343726158142,0.8571649789810181,4718,-6.16722683,0.08,150.0
6916,94400,4720,13,-1.902215600013733,0.28532591462135315,0.0007,0.9239668250083923,0.5661474466323853,4719,-6.16722683,0.08,150.0
6916,94420,4721,13,-1.6774181127548218,2.0932183265686035,0.0007,0.7984349727630615,0.8793239593505859,4720,-6.16722683,0.08,150.0
6916,94440,4722,13,-1.896217703819275,0.18347327411174774,0.0007,0.9733707308769226,-0.16417847573757172,4721,-6.16722683,0.08,150.0
6916,94460,4723,13,-1.7683693170547485,3.392603635787964,0.0007,0.8452631831169128,2.39013409614563,4722,-6.16722683,0.08,150.0
6916,94480,4724,13,-1.9016392230987549,1.4490467309951782,0.0007,0.8845030069351196,0.3367542028427124,4723,-6.16722683,0.08,150.0
6917,94500,4725,13,-1.8875163793563843,0.9914730191230774,0.0007,0.9489358067512512,0.6821576356887817,4724,-6.16722683,0.08,150.0
6917,94520,4726,13,-1.9285008907318115,0.4711534380912781,0.0007,0.9854516983032227,-0.8518926501274109,4725,-6.16722683,0.08,150.0
6917,94540,4727,13,-1.9072787761688232,0.5383251905441284,0.0007,0.9799190163612366,0.4621194899082184,4726,-6.16722683,0.08,150.0
6917,94560,4728,13,-1.8899682760238647,0.7131088972091675,0.0007,0.9765772223472595,-0.27574408054351807,4727,-6.16722683,0.08,150.0
6917,94580,4729,13,-1.9088255167007446,0.19190570712089539,0.0007,0.9938176274299622,-0.25685134530067444,4728,-6.16722683,0.08,150.0
6917,94600,4730,13,-1.817122220993042,0.21494314074516296,0.0007,0.9950543642044067,-0.46387815475463867,4729,-6.16722683,0.08,150.0
6917,94620,4731,13,-1.7690387964248657,0.9619342684745789,0.0007,0.9723325967788696,0.7725386619567871,4730,-6.16722683,0.08,150.0
6918,94640,4732,13,-1.830858588218689,0.2849389314651489,0.0007,0.992107093334198,-0.4877171516418457,4731,-6.16722683,0.08,150.0
6918,94660,4733,13,-1.851239562034607,0.4461081922054291,0.0007,0.9827062487602234,0.49005335569381714,4732,-6.16722683,0.08,150.0
6918,94680,4734,13,-1.9349429607391357,0.16565760970115662,0.0007,0.9953644871711731,-0.2347526103258133,4733,-6.16722683,0.08,150.0
6918,94700,4735,13,-1.9146232604980469,0.5457743406295776,0.0007,0.9869721531867981,0.6067529916763306,4734,-6.16722683,0.08,150.0
6918,94720,4736,13,-1.817371129989624,0.07015898823738098,0.0007,0.998512327671051,-0.11581498384475708,4735,-6.16722683,0.08,150.0
6918,94740,4737,13,-1.8095382452011108,0.4295901358127594,0.0007,0.9937012791633606,-0.8003307580947876,4736,-6.16722683,0.08,150.0
6919,94760,4738,13,-1.7025096416473389,0.38316696882247925,0.0007,0.9867263436317444,0.1664564609527588,4737,-6.16722683,0.08,150.0
6919,94780,4739,13,-1.714181661605835,6.894905090332031,0.0007,0.8696190714836121,3.163935899734497,4738,-6.16722683,0.08,150.0
6919,94800,4740,13,-1.753082036972046,0.5539229512214661,0.0007,0.990899384021759,0.5266140699386597,4739,-5.843484490000001,0.08,150.0
6919,94820,4741,13,-1.7115058898925781,1.2367541790008545,0.0007,0.9771047830581665,0.8660996556282043,4740,-5.843484490000001,0.08,150.0
6919,94840,4742,13,-1.5714185237884521,0.6287418603897095,0.0007,0.7164064645767212,-0.6585686206817627,4741,-5.843484490000001,0.08,150.0
6919,94860,4743,13,-1.6881297826766968,0.2761381268501282,0.0007,0.8538687825202942,0.3034552037715912,4742,-5.843484490000001,0.08,150.0
6919,94880,4744,13,-1.7011226415634155,1.2102880477905273,0.0007,0.49977952241897583,0.7278085947036743,4743,-5.843484490000001,0.08,150.0
6919,94900,4745,13,-1.7555129528045654,0.3180561661720276,0.0007,0.9145180583000183,-0.19243761897087097,4744,-5.843484490000001,0.08,150.0
6919,94920,4746,13,-1.7038295269012451,1.068248987197876,0.0007,0.7802017331123352,0.8669959902763367,4745,-5.843484490000001,0.08,150.0
6919,94940,4747,13,-1.79279363155365,0.20138303935527802,0.0007,0.9610031247138977,-0.3177998661994934,4746,-5.843484490000001,0.08,150.0
6919,94960,4748,13,-1.7013847827911377,1.085198163986206,0.0007,0.8222125172615051,0.6154417395591736,4747,-5.843484490000001,0.08,150.0
6919,94980,4749,13,-2.0201172828674316,0.9005594253540039,0.0007,0.7777899503707886,0.8483260869979858,4748,-5.843484490000001,0.08,150.0
6919,95000,4750,13,-1.900626540184021,0.889797568321228,0.0007,0.3924892544746399,0.29105034470558167,4749,-5.843484490000001,0.08,150.0
6919,95020,4751,13,-1.9204295873641968,2.2499942779541016,0.0007,0.2594134211540222,1.0744701623916626,4750,-5.843484490000001,0.08,150.0
6918,95040,4752,13,-1.7791917324066162,0.4406324326992035,0.0007,0.9233328104019165,-0.8297155499458313,4751,-5.843484490000001,0.08,150.0
6918,95060,4753,13,-1.7537158727645874,1.8458669185638428,0.0007,0.8410552740097046,1.0378884077072144,4752,-5.843484490000001,0.08,150.0
6917,95080,4754,13,-1.6667200326919556,0.5023921132087708,0.0007,0.9781098961830139,-0.6687323451042175,4753,-5.843484490000001,0.08,150.0
6917,95100,4755,13,-1.7203915119171143,0.5915242433547974,0.0007,0.9860385656356812,-0.842258095741272,4754,-5.843484490000001,0.08,150.0
6917,95120,4756,13,-1.8174108266830444,0.4644157290458679,0.0007,0.9801568984985352,-0.6070384383201599,4755,-5.843484490000001,0.08,150.0
6917,95140,4757,13,-1.8635528087615967,0.6875750422477722,0.0007,0.9902777671813965,-1.245375394821167,4756,-5.843484490000001,0.08,150.0
6917,95160,4758,13,-1.851116418838501,0.21947899460792542,0.0007,0.9959961175918579,-0.6056884527206421,4757,-5.843484490000001,0.08,150.0
6917,95180,4759,13,-1.8851276636123657,0.2994019389152527,0.0007,0.9940153360366821,-0.7869223356246948,4758,-5.843484490000001,0.08,150.0
6917,95200,4760,13,-1.9418195486068726,0.27872854471206665,0.0007,0.9902637600898743,-0.4043458104133606,4759,-5.843484490000001,0.08,150.0
6917,95220,4761,13,-1.9221357107162476,0.4293990135192871,0.0007,0.9874593019485474,0.4381694197654724,4760,-5.843484490000001,0.08,150.0
6917,95240,4762,13,-1.9132013320922852,0.13017170131206512,0.0007,0.9969165325164795,-0.2285347878932953,4761,-5.843484490000001,0.08,150.0
6917,95260,4763,13,-1.967159628868103,0.04596469923853874,0.0007,0.9990217089653015,-0.18578985333442688,4762,-5.843484490000001,0.08,150.0
6918,95280,4764,13,-1.992306113243103,0.12480898201465607,0.0007,0.9967654347419739,-0.21441419422626495,4763,-5.843484490000001,0.08,150.0
6918,95300,4765,13,-1.9518585205078125,0.031168650835752487,0.0007,0.9990751147270203,0.10935153067111969,4764,-5.843484490000001,0.08,150.0
6918,95320,4766,13,-1.9533965587615967,0.04388641193509102,0.0007,0.9992193579673767,0.2129403054714203,4765,-5.843484490000001,0.08,150.0
6918,95340,4767,13,-1.958376169204712,2.923605442047119,0.0007,0.968618631362915,1.4492461681365967,4766,-5.843484490000001,0.08,150.0
6918,95360,4768,13,-1.865628957748413,0.08108244836330414,0.0007,0.9989359378814697,-0.006699348799884319,4767,-5.843484490000001,0.08,150.0
6918,95380,4769,13,-1.9462331533432007,0.1622961461544037,0.0007,0.9966201186180115,-0.07289586961269379,4768,-5.843484490000001,0.08,150.0
6918,95400,4770,13,-1.9401944875717163,0.2360343039035797,0.0007,0.9901862144470215,-0.05727435275912285,4769,-5.849432429999999,0.09,150.0
6919,95420,4771,13,-1.964198112487793,7.972520351409912,0.0007,0.8815758228302002,2.922287940979004,4770,-5.849432429999999,0.09,150.0
6919,95440,4772,13,-1.6454741954803467,0.39703086018562317,0.0007,0.43774211406707764,-0.7059831023216248,4771,-5.849432429999999,0.09,150.0
6919,95460,4773,13,-1.7174739837646484,0.2393297702074051,0.0007,0.6701180338859558,-0.5584869384765625,4772,-5.849432429999999,0.09,150.0
6919,95480,4774,13,-1.7769718170166016,2.497636318206787,0.0007,0.6765308380126953,-0.652384877204895,4773,-5.849432429999999,0.09,150.0
6919,95500,4775,13,-1.7836341857910156,0.9901860952377319,0.0007,0.9439929723739624,-0.6385914087295532,4774,-5.849432429999999,0.09,150.0
6919,95520,4776,13,-1.92963445186615,0.9940757751464844,0.0007,0.966572642326355,1.2008250951766968,4775,-5.849432429999999,0.09,150.0
6920,95540,4777,13,-1.8702987432479858,0.24315842986106873,0.0007,0.990746796131134,-0.05444638803601265,4776,-5.849432429999999,0.09,150.0
6920,95560,4778,13,-1.8679008483886719,1.5920530557632446,0.0007,0.9199557900428772,-0.24253258109092712,4777,-5.849432429999999,0.09,150.0
6920,95580,4779,13,-1.8232635259628296,11.289937973022461,0.0007,0.4633839726448059,3.528710126876831,4778,-5.849432429999999,0.09,150.0
6920,95600,4780,13,-1.8544505834579468,1.1435644626617432,0.0007,0.8844824433326721,0.37529611587524414,4779,-5.849432429999999,0.09,150.0
6920,95620,4781,13,-1.7630739212036133,0.8053182363510132,0.0007,0.9415528774261475,-0.668455958366394,4780,-5.849432429999999,0.09,150.0
6920,95640,4782,13,-1.7196025848388672,0.6150447726249695,0.0007,0.9569646120071411,0.4319736361503601,4781,-5.849432429999999,0.09,150.0
6920,95660,4783,13,-1.8241660594940186,6.525877952575684,0.0007,0.556464433670044,2.2168545722961426,4782,-5.849432429999999,0.09,150.0
6921,95680,4784,13,-1.8326995372772217,0.7885985970497131,0.0007,0.953388512134552,-0.08678853511810303,4783,-5.849432429999999,0.09,150.0
6921,95700,4785,13,-1.8633267879486084,0.6912668943405151,0.0007,0.9830033183097839,-1.011084794998169,4784,-5.849432429999999,0.09,150.0
6921,95720,4786,13,-1.8010801076889038,0.6558957695960999,0.0007,0.9790471196174622,0.5563353300094604,4785,-5.849432429999999,0.09,150.0
6921,95740,4787,13,-1.8007904291152954,0.5581227540969849,0.0007,0.9892979860305786,-0.7571007609367371,4786,-5.849432429999999,0.09,150.0
6921,95760,4788,13,-1.8374255895614624,0.499601274728775,0.0007,0.9891220331192017,-0.5627985596656799,4787,-5.849432429999999,0.09,150.0
6921,95780,4789,13,-1.9796066284179688,0.1141352504491806,0.0007,0.9975553154945374,0.2068820297718048,4788,-5.849432429999999,0.09,150.0
6922,95800,4790,13,-1.9063971042633057,3.132681131362915,0.0007,0.9403297305107117,1.6621615886688232,4789,-5.849432429999999,0.09,150.0
6922,95820,4791,13,-1.9317381381988525,0.47440195083618164,0.0007,0.992303729057312,0.6242669820785522,4790,-5.849432429999999,0.09,150.0
6922,95840,4792,13,-1.9251266717910767,1.2827130556106567,0.0007,0.9813422560691833,1.0639307498931885,4791,-5.849432429999999,0.09,150.0
6922,95860,4793,13,-1.8750063180923462,5.809529781341553,0.0007,0.9008385539054871,1.232606291770935,4792,-5.849432429999999,0.09,150.0
6922,95880,4794,13,-1.9238455295562744,0.18070897459983826,0.0007,0.9976984262466431,-0.49516597390174866,4793,-5.849432429999999,0.09,150.0
6922,95900,4795,13,-1.8624881505966187,0.17297308146953583,0.0007,0.9972281455993652,-0.2886146306991577,4794,-5.849432429999999,0.09,150.0
6922,95920,4796,13,-1.8938804864883423,0.2323119193315506,0.0007,0.9965441823005676,0.02039477601647377,4795,-5.849432429999999,0.09,150.0
6923,95940,4797,13,-1.8789165019989014,0.08380749076604843,0.0007,0.998940646648407,0.08423161506652832,4796,-5.849432429999999,0.09,150.0
6923,95960,4798,13,-1.9181445837020874,0.21747764945030212,0.0007,0.9985215067863464,0.5724678039550781,4797,-5.849432429999999,0.09,150.0
6923,95980,4799,13,-1.8696292638778687,0.17912018299102783,0.0007,0.9979426264762878,-0.008097818121314049,4798,-5.849432429999999,0.09,150.0
6923,96000,4800,13,-1.8718817234039307,0.038671962916851044,0.0007,0.9996874928474426,0.20149895548820496,4799,-5.561225840000002,0.09,150.0
6923,96020,4801,13,-1.819811224937439,7.171687126159668,0.0007,0.9571281671524048,3.617269992828369,4800,-5.561225840000002,0.09,150.0
6923,96040,4802,13,-1.548350214958191,0.10783717781305313,0.0007,0.9314028024673462,-0.29379135370254517,4801,-5.561225840000002,0.09,150.0
6923,96060,4803,13,-1.644396424293518,1.1552340984344482,0.0007,0.6819928884506226,-0.10823996365070343,4802,-5.561225840000002,0.09,150.0
6923,96080,4804,13,-1.717071533203125,0.41884350776672363,0.0007,0.9477164149284363,-0.3733009696006775,4803,-5.561225840000002,0.09,150.0
6924,96100,4805,13,-1.6678317785263062,1.9496583938598633,0.0007,0.913396418094635,-1.6034729480743408,4804,-5.561225840000002,0.09,150.0
6924,96120,4806,13,-1.8741614818572998,0.7142621874809265,0.0007,0.9571700692176819,-0.41671305894851685,4805,-5.561225840000002,0.09,150.0
6924,96140,4807,13,-1.8773152828216553,0.3804158568382263,0.0007,0.9887336492538452,-0.8985036611557007,4806,-5.561225840000002,0.09,150.0
6924,96160,4808,13,-1.9217462539672852,0.7427248954772949,0.0007,0.9667510390281677,0.43988704681396484,4807,-5.561225840000002,0.09,150.0
6924,96180,4809,13,-1.6785112619400024,5.093784332275391,0.0007,0.8584631681442261,2.3194148540496826,4808,-5.561225840000002,0.09,150.0
6924,96200,4810,13,-1.8591887950897217,0.4552309513092041,0.0007,0.9826582074165344,-0.014722824096679688,4809,-5.561225840000002,0.09,150.0
6925,96220,4811,13,-1.7983957529067993,0.36667799949645996,0.0007,0.9906125068664551,-0.8445184826850891,4810,-5.561225840000002,0.09,150.0
6925,96240,4812,13,-1.8835548162460327,0.2871243953704834,0.0007,0.987400472164154,-0.2405085265636444,4811,-5.561225840000002,0.09,150.0
6925,96260,4813,13,-2.002246141433716,0.41967305541038513,0.0007,0.979282557964325,-0.012446438893675804,4812,-5.561225840000002,0.09,150.0
6925,96280,4814,13,-1.9933185577392578,0.6227886080741882,0.0007,0.9780845642089844,0.4963187575340271,4813,-5.561225840000002,0.09,150.0
6925,96300,4815,13,-2.0316689014434814,0.5191537141799927,0.0007,0.9889198541641235,-0.8080782890319824,4814,-5.561225840000002,0.09,150.0
6925,96320,4816,13,-2.0807158946990967,0.20313498377799988,0.0007,0.9963407516479492,-0.7429547905921936,4815,-5.561225840000002,0.09,150.0
6926,96340,4817,13,-2.0473201274871826,0.05298427492380142,0.0007,0.9980291724205017,-0.2813822329044342,4816,-5.561225840000002,0.09,150.0
6926,96360,4818,13,-2.0103745460510254,0.0700559988617897,0.0007,0.993781328201294,-0.2950153052806854,4817,-5.561225840000002,0.09,150.0
6926,96380,4819,13,-2.0565669536590576,0.008348014205694199,0.0007,0.9985979795455933,0.06815288960933685,4818,-5.561225840000002,0.09,150.0
6926,96400,4820,13,-1.9919170141220093,0.8824275135993958,0.0007,0.9041373133659363,0.8921125531196594,4819,-5.561225840000002,0.09,150.0
6925,96420,4821,13,-1.8898309469223022,0.023413917049765587,0.0007,0.9979501962661743,0.21185064315795898,4820,-5.561225840000002,0.09,150.0
6925,96440,4822,13,-1.8962608575820923,0.13096904754638672,0.0007,0.980895459651947,0.03470620885491371,4821,-5.561225840000002,0.09,150.0
6925,96460,4823,13,-1.8941360712051392,0.05144841596484184,0.0007,0.986659824848175,-0.009495517238974571,4822,-5.561225840000002,0.09,150.0
6925,96480,4824,13,-2.0165629386901855,0.035148002207279205,0.0007,0.9846205711364746,0.14344605803489685,4823,-5.561225840000002,0.09,150.0
6925,96500,4825,13,-1.9369207620620728,0.07129991799592972,0.0007,0.9515174627304077,-0.0031274377834051847,4824,-5.561225840000002,0.09,150.0
6925,96520,4826,13,-1.931722640991211,0.12959976494312286,0.0007,0.9315038323402405,0.37182527780532837,4825,-5.561225840000002,0.09,150.0
6924,96540,4827,13,-1.9371532201766968,0.010448421351611614,0.0007,0.988994836807251,-0.0032933622132986784,4826,-5.561225840000002,0.09,150.0
6924,96560,4828,13,-1.951440453529358,0.02316955104470253,0.0007,0.9770501852035522,0.11520087718963623,4827,-5.561225840000002,0.09,150.0
6924,96580,4829,13,-1.9543712139129639,0.027284661307930946,0.0007,0.9770517349243164,0.1480695605278015,4828,-5.561225840000002,0.09,150.0
6921,96600,4830,13,-1.9272518157958984,0.00863629300147295,0.0007,0.9903486967086792,0.024188876152038574,4829,-5.393925530000001,0.09,150.0
6920,96620,4831,13,-1.988674521446228,0.005215565674006939,0.0007,0.9939920902252197,-0.02304507978260517,4830,-5.393925530000001,0.09,150.0
6919,96640,4832,13,-1.6373586654663086,0.9494842290878296,0.0007,0.5446783304214478,-0.15036483108997345,4831,-5.393925530000001,0.09,150.0
6918,96660,4833,13,-1.5395900011062622,0.13880248367786407,0.0007,0.9554288983345032,-0.37560975551605225,4832,-5.393925530000001,0.09,150.0
6918,96680,4834,13,-1.5765384435653687,0.8813023567199707,0.0007,0.7801328301429749,0.5952838063240051,4833,-5.393925530000001,0.09,150.0
6917,96700,4835,13,-1.8431675434112549,0.7008597254753113,0.0007,0.9290536642074585,-0.9491547346115112,4834,-5.393925530000001,0.09,150.0
6916,96720,4836,13,-1.9309844970703125,0.45412951707839966,0.0007,0.9739969372749329,0.9972528219223022,4835,-5.393925530000001,0.09,150.0
6916,96740,4837,13,-2.004298686981201,0.05193287134170532,0.0007,0.9967074394226074,0.3412798345088959,4836,-5.393925530000001,0.09,150.0
6916,96760,4838,13,-1.9444513320922852,0.20108242332935333,0.0007,0.9908756613731384,0.6465637683868408,4837,-5.393925530000001,0.09,150.0
6915,96780,4839,13,-1.9038165807724,0.21170642971992493,0.0007,0.9880551695823669,-0.17496007680892944,4838,-5.393925530000001,0.09,150.0
6913,96800,4840,14,-1.9373652935028076,0.1161113828420639,0.0007,0.9955884218215942,0.21918220818042755,4839,-5.393925530000001,0.09,150.0
6912,96820,4841,14,-1.8279577493667603,0.12667623162269592,0.0007,0.9951013922691345,-0.09336516261100769,4840,-5.393925530000001,0.09,150.0
6910,96840,4842,14,-1.8370691537857056,0.2512107789516449,0.0007,0.9937023520469666,0.42073145508766174,4841,-5.393925530000001,0.09,150.0
6910,96860,4843,14,-1.937112808227539,0.38031840324401855,0.0007,0.9908018708229065,0.20021820068359375,4842,-5.393925530000001,0.09,150.0
6909,96880,4844,14,-1.9086120128631592,0.9374175071716309,0.0007,0.9824629426002502,0.23926928639411926,4843,-5.393925530000001,0.09,150.0
6907,96900,4845,14,-1.9441089630126953,0.056623440235853195,0.0007,0.9991512894630432,-0.13819806277751923,4844,-5.393925530000001,0.09,150.0
6906,96920,4846,14,-1.9170303344726562,1.140468955039978,0.0007,0.9856394529342651,1.0726975202560425,4845,-5.393925530000001,0.09,150.0
6906,96940,4847,14,-1.8491086959838867,0.852933406829834,0.0007,0.9922628402709961,-0.7225896120071411,4846,-5.393925530000001,0.09,150.0
6906,96960,4848,14,-1.893970251083374,0.1479688435792923,0.0007,0.9981629252433777,-0.550436794757843,4847,-5.393925530000001,0.09,150.0
6906,96980,4849,14,-1.8917150497436523,0.15869668126106262,0.0007,0.9970661401748657,-0.17059536278247833,4848,-5.393925530000001,0.09,150.0
6906,97000,4850,14,-1.8519222736358643,0.15848959982395172,0.0007,0.9965602159500122,-0.19789744913578033,4849,-5.393925530000001,0.09,150.0
6906,97020,4851,14,-1.8578497171401978,0.08601129055023193,0.0007,0.9979199767112732,0.08649607002735138,4850,-5.393925530000001,0.09,150.0
6906,97040,4852,14,-1.9420299530029297,0.43064627051353455,0.0007,0.9940710067749023,-0.610848069190979,4851,-5.393925530000001,0.09,150.0
6905,97060,4853,14,-1.9254910945892334,0.23058588802814484,0.0007,0.9975951313972473,-0.8186548352241516,4852,-5.393925530000001,0.09,150.0
6905,97080,4854,14,-1.8945600986480713,0.03918364644050598,0.0007,0.9989798069000244,-0.06983811408281326,4853,-5.393925530000001,0.09,150.0
6904,97100,4855,14,-1.8568023443222046,0.04392366483807564,0.0007,0.999153196811676,0.04956305772066116,4854,-5.393925530000001,0.09,150.0
6903,97120,4856,14,-1.9149783849716187,0.0149299381300807,0.0007,0.9997783899307251,0.05376172065734863,4855,-5.393925530000001,0.09,150.0
6903,97140,4857,14,-1.9469387531280518,0.30673933029174805,0.0007,0.996461033821106,0.3803628385066986,4856,-5.393925530000001,0.09,150.0
6902,97160,4858,14,-1.9566428661346436,0.29610496759414673,0.0007,0.9968003630638123,0.45711755752563477,4857,-5.393925530000001,0.09,150.0
6902,97180,4859,14,-1.9910694360733032,1.7228662967681885,0.0007,0.9827398657798767,0.9737604260444641,4858,-5.393925530000001,0.09,150.0
6902,97200,4860,14,-2.0042850971221924,0.1356770098209381,0.0007,0.9987070560455322,0.29814791679382324,4859,-4.951623320000001,0.11,150.0
6902,97220,4861,14,-1.9558932781219482,11.025657653808594,0.0007,0.9610756635665894,4.018151760101318,4860,-4.951623320000001,0.11,150.0
6902,97240,4862,14,-1.6648304462432861,1.5573346614837646,0.0007,0.8207757472991943,-1.3155183792114258,4861,-4.951623320000001,0.11,150.0
6902,97260,4863,14,-1.730926752090454,1.6349122524261475,0.0007,0.9199164509773254,-2.2508275508880615,4862,-4.951623320000001,0.11,150.0
6902,97280,4864,14,-1.8132264614105225,0.7646549940109253,0.0007,0.9683438539505005,-1.5800431966781616,4863,-4.951623320000001,0.11,150.0
6902,97300,4865,14,-1.772871732711792,0.5209145545959473,0.0007,0.9606497883796692,-0.6193034052848816,4864,-4.951623320000001,0.11,150.0
6902,97320,4866,14,-1.7265472412109375,0.15806634724140167,0.0007,0.9912829399108887,-0.45213380455970764,4865,-4.951623320000001,0.11,150.0
6902,97340,4867,14,-1.903710126876831,0.3994327187538147,0.0007,0.9792042374610901,-0.9951475262641907,4866,-4.951623320000001,0.11,150.0
6900,97360,4868,14,-1.9510316848754883,0.4552743434906006,0.0007,0.9790033102035522,-0.46213769912719727,4867,-4.951623320000001,0.11,150.0
6899,97380,4869,14,-2.070033073425293,0.4067649841308594,0.0007,0.9801830053329468,0.285656601190567,4868,-4.951623320000001,0.11,150.0
6898,97400,4870,14,-2.028486490249634,1.3006433248519897,0.0007,0.9618518352508545,0.7209661602973938,4869,-4.951623320000001,0.11,150.0
6898,97420,4871,14,-1.9617799520492554,1.711162805557251,0.0007,0.9622303247451782,1.1713401079177856,4870,-4.951623320000001,0.11,150.0
6897,97440,4872,14,-2.043827533721924,2.313908100128174,0.0007,0.9640248417854309,1.7791616916656494,4871,-4.951623320000001,0.11,150.0
6897,97460,4873,14,-1.9142677783966064,3.573385715484619,0.0007,0.9602119326591492,1.5005064010620117,4872,-4.951623320000001,0.11,150.0
6897,97480,4874,14,-2.0362422466278076,0.2321593016386032,0.0007,0.9974347949028015,-0.545124888420105,4873,-4.951623320000001,0.11,150.0
6896,97500,4875,14,-1.9580742120742798,0.45222529768943787,0.0007,0.9933615922927856,-0.718132495880127,4874,-4.951623320000001,0.11,150.0
6895,97520,4876,14,-1.9411113262176514,2.770021915435791,0.0007,0.9563335180282593,1.3493133783340454,4875,-4.951623320000001,0.11,150.0
6895,97540,4877,14,-1.925387978553772,3.2218565940856934,0.0007,0.960610568523407,1.1737639904022217,4876,-4.951623320000001,0.11,150.0
6893,97560,4878,14,-1.8786449432373047,0.28582125902175903,0.0007,0.9979656934738159,-0.8560384511947632,4877,-4.951623320000001,0.11,150.0
6869,97580,4879,14,-1.95062255859375,0.03861811012029648,0.0007,0.999463677406311,-0.2389484941959381,4878,-4.951623320000001,0.11,150.0
6868,97600,4880,14,-1.9410674571990967,0.14776107668876648,0.0007,0.9978697896003723,-0.5333498120307922,4879,-4.951623320000001,0.11,150.0
6867,97620,4881,14,-1.9295202493667603,0.23337337374687195,0.0007,0.9928312301635742,-0.2349141538143158,4880,-4.951623320000001,0.11,150.0
6865,97640,4882,14,-1.9481704235076904,2.2478537559509277,0.0007,0.9393984079360962,1.6003118753433228,4881,-4.951623320000001,0.11,150.0
6863,97660,4883,14,-1.9620078802108765,2.9347732067108154,0.0007,0.942097008228302,1.5132553577423096,4882,-4.951623320000001,0.11,150.0
6859,97680,4884,14,-1.992060899734497,0.8102408647537231,0.0007,0.985667884349823,0.6236557960510254,4883,-4.951623320000001,0.11,150.0
6859,97700,4885,14,-2.0199573040008545,0.3008858859539032,0.0007,0.9941619038581848,-0.07743822038173676,4884,-4.951623320000001,0.11,150.0
6859,97720,4886,14,-1.8323395252227783,1.077797532081604,0.0007,0.979176938533783,0.4577704071998596,4885,-4.951623320000001,0.11,150.0
6858,97740,4887,14,-1.9356685876846313,1.0928438901901245,0.0007,0.9860870838165283,1.456089973449707,4886,-4.951623320000001,0.11,150.0
6858,97760,4888,14,-1.9773601293563843,0.40930071473121643,0.0007,0.9939398169517517,0.26197752356529236,4887,-4.951623320000001,0.11,150.0
6858,97780,4889,14,-1.979125738143921,1.7799091339111328,0.0007,0.9800355434417725,-1.8024203777313232,4888,-4.951623320000001,0.11,150.0
6857,97800,4890,14,-1.9162521362304688,1.2971972227096558,0.0007,0.9795534610748291,0.2995221018791199,4889,-5.024821,0.12,150.0
6857,97820,4891,14,-1.944380521774292,5.34199857711792,0.0007,0.9671562314033508,2.3679912090301514,4890,-5.024821,0.12,150.0
6857,97840,4892,14,-1.6484167575836182,1.4174787998199463,0.0007,-2.7731008529663086,-1.644799828529358,4891,-5.024821,0.12,150.0
6857,97860,4893,14,-1.6658813953399658,0.5789914727210999,0.0007,0.5825598239898682,-1.0096352100372314,4892,-5.024821,0.12,150.0
6857,97880,4894,14,-1.6487300395965576,0.15249326825141907,0.0007,0.7665853500366211,0.10330549627542496,4893,-5.024821,0.12,150.0
6856,97900,4895,14,-1.7673370838165283,0.6623896956443787,0.0007,0.8203964233398438,-0.39892786741256714,4894,-5.024821,0.12,150.0
6856,97920,4896,14,-1.7832111120224,1.210554838180542,0.0007,0.8134849667549133,-0.3320774435997009,4895,-5.024821,0.12,150.0
6856,97940,4897,14,-1.715707778930664,0.696368396282196,0.0007,0.9648562669754028,-0.7252914309501648,4896,-5.024821,0.12,150.0
6856,97960,4898,14,-1.6948703527450562,0.25225764513015747,0.0007,0.9667550921440125,-0.2766757607460022,4897,-5.024821,0.12,150.0
6856,97980,4899,14,-1.6545661687850952,2.7240829467773438,0.0007,0.7772747874259949,1.0313535928726196,4898,-5.024821,0.12,150.0
6856,98000,4900,14,-1.7622839212417603,0.5761591792106628,0.0007,0.979541540145874,-0.7299365997314453,4899,-5.024821,0.12,150.0
6856,98020,4901,14,-1.732988715171814,0.4830942749977112,0.0007,0.971003532409668,-0.09069237858057022,4900,-5.024821,0.12,150.0
6856,98040,4902,14,-1.750954031944275,0.960438072681427,0.0007,0.9661954045295715,-1.1854461431503296,4901,-5.024821,0.12,150.0
6856,98060,4903,14,-1.7612155675888062,0.8630140423774719,0.0007,0.9704280495643616,-0.22719785571098328,4902,-5.024821,0.12,150.0
6856,98080,4904,14,-1.784844994544983,0.9970149993896484,0.0007,0.9599179625511169,0.18635232746601105,4903,-5.024821,0.12,150.0
6856,98100,4905,14,-1.7212517261505127,1.354038953781128,0.0007,0.9433003067970276,-0.03706701844930649,4904,-5.024821,0.12,150.0
6856,98120,4906,14,-1.8786789178848267,2.10662579536438,0.0007,0.9346384406089783,-0.15345506370067596,4905,-5.024821,0.12,150.0
6856,98140,4907,14,-1.788909912109375,3.1628425121307373,0.0007,0.950169563293457,1.0238230228424072,4906,-5.024821,0.12,150.0
6856,98160,4908,14,-1.9567153453826904,0.216334730386734,0.0007,0.9960640668869019,-0.35991987586021423,4907,-5.024821,0.12,150.0
6856,98180,4909,14,-1.8962409496307373,0.6469436287879944,0.0007,0.9913767576217651,0.507829487323761,4908,-5.024821,0.12,150.0
6856,98200,4910,14,-1.8591973781585693,2.9445292949676514,0.0007,0.9387380480766296,0.1808968484401703,4909,-5.024821,0.12,150.0
6856,98220,4911,14,-1.8830496072769165,1.0626871585845947,0.0007,0.9825664758682251,1.0389255285263062,4910,-5.024821,0.12,150.0
6856,98240,4912,14,-1.7200676202774048,1.6463470458984375,0.0007,0.9577111005783081,0.6728762984275818,4911,-5.024821,0.12,150.0
6856,98260,4913,14,-1.8991062641143799,0.7464693784713745,0.0007,0.9757051467895508,-0.25291723012924194,4912,-5.024821,0.12,150.0
6856,98280,4914,14,-1.9379093647003174,0.8117657899856567,0.0007,0.9724016785621643,0.44120699167251587,4913,-5.024821,0.12,150.0
6856,98300,4915,14,-1.9740269184112549,5.253208637237549,0.0007,0.9296635389328003,2.0403292179107666,4914,-5.024821,0.12,150.0
6856,98320,4916,14,-1.95928955078125,0.7326220273971558,0.0007,0.9882329702377319,-0.10535935312509537,4915,-5.024821,0.12,150.0
6856,98340,4917,14,-1.9733976125717163,0.9384648203849792,0.0007,0.9814239144325256,-0.19964101910591125,4916,-5.024821,0.12,150.0
6856,98360,4918,14,-1.9302791357040405,0.8453310132026672,0.0007,0.9777779579162598,-0.9262441396713257,4917,-5.024821,0.12,150.0
6856,98380,4919,14,-1.9006885290145874,0.3970023989677429,0.0007,0.9838014245033264,-0.35392531752586365,4918,-5.024821,0.12,150.0
6856,98400,4920,14,-1.9289089441299438,1.0451874732971191,0.0007,0.8622661232948303,-0.03807506710290909,4919,-4.887237710000001,0.12,150.0
6856,98420,4921,14,-1.9678456783294678,0.15453684329986572,0.0007,0.9831055402755737,0.12359795719385147,4920,-4.887237710000001,0.12,150.0
6856,98440,4922,14,-1.5871342420578003,0.15467478334903717,0.0007,0.5684438943862915,-0.6540840864181519,4921,-4.887237710000001,0.12,150.0
6856,98460,4923,14,-1.5746870040893555,0.26348501443862915,0.0007,-0.024379491806030273,0.23540373146533966,4922,-4.887237710000001,0.12,150.0
6856,98480,4924,14,-1.7122169733047485,1.6192677021026611,0.0007,-0.7710144519805908,0.7671421766281128,4923,-4.887237710000001,0.12,150.0
6856,98500,4925,14,-1.7626060247421265,0.6571332216262817,0.0007,0.019575893878936768,0.7626323699951172,4924,-4.887237710000001,0.12,150.0
6856,98520,4926,14,-1.935150146484375,0.6706104874610901,0.0007,0.8394918441772461,-0.9090420603752136,4925,-4.887237710000001,0.12,150.0
6856,98540,4927,14,-1.9747345447540283,0.3493247628211975,0.0007,0.939450740814209,-0.739212155342102,4926,-4.887237710000001,0.12,150.0
6856,98560,4928,14,-1.9756367206573486,0.6419142484664917,0.0007,0.9355069994926453,-1.2342300415039062,4927,-4.887237710000001,0.12,150.0
6855,98580,4929,14,-1.9278876781463623,0.38105300068855286,0.0007,0.9465842247009277,-0.297485888004303,4928,-4.887237710000001,0.12,150.0
6855,98600,4930,14,-1.9570327997207642,0.7928397059440613,0.0007,0.9443615078926086,-1.3369886875152588,4929,-4.887237710000001,0.12,150.0
6855,98620,4931,14,-1.9695918560028076,0.5143857598304749,0.0007,0.9501240253448486,-0.3834598958492279,4930,-4.887237710000001,0.12,150.0
6855,98640,4932,14,-1.8450950384140015,0.6631024479866028,0.0007,0.9361592531204224,0.46476560831069946,4931,-4.887237710000001,0.12,150.0
6855,98660,4933,14,-1.7923109531402588,1.3631068468093872,0.0007,0.9357067942619324,0.8799961805343628,4932,-4.887237710000001,0.12,150.0
6855,98680,4934,14,-1.7534726858139038,0.23872175812721252,0.0007,0.9900913238525391,-0.5699124336242676,4933,-4.887237710000001,0.12,150.0
6855,98700,4935,14,-1.8378406763076782,0.8797839283943176,0.0007,0.9015206694602966,0.42149654030799866,4934,-4.887237710000001,0.12,150.0
6854,98720,4936,14,-1.8915045261383057,0.8363022804260254,0.0007,0.9031021595001221,0.2651351988315582,4935,-4.887237710000001,0.12,150.0
6854,98740,4937,14,-1.7855708599090576,0.22349338233470917,0.0007,0.9651604890823364,0.07674190402030945,4936,-4.887237710000001,0.12,150.0
6854,98760,4938,14,-1.8730175495147705,0.6447757482528687,0.0007,0.8897870779037476,-0.27045753598213196,4937,-4.887237710000001,0.12,150.0
6854,98780,4939,14,-1.7910486459732056,2.193545341491699,0.0007,0.8828856945037842,0.3855235278606415,4938,-4.887237710000001,0.12,150.0
6854,98800,4940,14,-1.8393837213516235,0.621209979057312,0.0007,0.960485577583313,-0.9552976489067078,4939,-4.887237710000001,0.12,150.0
6853,98820,4941,14,-1.6180530786514282,2.2031521797180176,0.0007,0.9031381011009216,1.086944818496704,4940,-4.887237710000001,0.12,150.0
6853,98840,4942,14,-1.6384979486465454,1.3720592260360718,0.0007,0.9345365166664124,-1.5008642673492432,4941,-4.887237710000001,0.12,150.0
6853,98860,4943,14,-1.7424503564834595,1.0924087762832642,0.0007,0.6996750831604004,-0.684533953666687,4942,-4.887237710000001,0.12,150.0
6853,98880,4944,14,-1.879315733909607,0.41842007637023926,0.0007,0.6960824728012085,-0.6983879804611206,4943,-4.887237710000001,0.12,150.0
6853,98900,4945,14,-1.8207823038101196,0.11182260513305664,0.0007,0.7506008744239807,-0.32604697346687317,4944,-4.887237710000001,0.12,150.0
6853,98920,4946,14,-1.7551853656768799,0.098596952855587,0.0007,0.6246037483215332,0.20627543330192566,4945,-4.887237710000001,0.12,150.0
6853,98940,4947,14,-1.7966645956039429,0.07683973014354706,0.0007,0.5373172760009766,0.1050603985786438,4946,-4.887237710000001,0.12,150.0
6853,98960,4948,14,-1.922175645828247,0.05308190733194351,0.0007,0.7251083254814148,-0.0047257705591619015,4947,-4.887237710000001,0.12,150.0
6853,98980,4949,14,-1.9389240741729736,0.042080674320459366,0.0007,0.8082703948020935,-0.17006143927574158,4948,-4.887237710000001,0.12,150.0
6852,99000,4950,14,-2.0079147815704346,0.02671593427658081,0.0007,0.8016411662101746,-0.0963694378733635,4949,-4.78472961,0.12,150.0
6852,99020,4951,14,-2.006748914718628,0.02392709255218506,0.0007,0.7856929302215576,0.03063168190419674,4950,-4.78472961,0.12,150.0
6852,99040,4952,14,-1.6022918224334717,0.10624996572732925,0.0007,0.9409474730491638,-0.18690934777259827,4951,-4.78472961,0.12,150.0
6852,99060,4953,14,-1.6151825189590454,0.3250819742679596,0.0007,0.9208333492279053,-0.5370243787765503,4952,-4.78472961,0.12,150.0
6852,99080,4954,14,-1.6146094799041748,0.30952268838882446,0.0007,0.9525582790374756,-0.6585977077484131,4953,-4.78472961,0.12,150.0
6852,99100,4955,14,-1.6413360834121704,1.464870572090149,0.0007,0.6584897041320801,0.6610676646232605,4954,-4.78472961,0.12,150.0
6852,99120,4956,14,-1.7031991481781006,0.19604714214801788,0.0007,0.9685148596763611,-0.38852041959762573,4955,-4.78472961,0.12,150.0
6851,99140,4957,14,-1.7150017023086548,4.57247257232666,0.0007,0.785918116569519,1.1939666271209717,4956,-4.78472961,0.12,150.0
6851,99160,4958,14,-1.7696950435638428,0.5306876301765442,0.0007,0.9685731530189514,0.14735403656959534,4957,-4.78472961,0.12,150.0
6850,99180,4959,14,-1.7906166315078735,2.1367099285125732,0.0007,0.8928393125534058,0.5476271510124207,4958,-4.78472961,0.12,150.0
6850,99200,4960,14,-1.8529161214828491,0.07755760848522186,0.0007,0.9965767860412598,-0.07814377546310425,4959,-4.78472961,0.12,150.0
6849,99220,4961,14,-1.8385088443756104,0.5566608309745789,0.0007,0.9805904030799866,0.35401034355163574,4960,-4.78472961,0.12,150.0
6849,99240,4962,14,-1.7448952198028564,2.150465250015259,0.0007,0.9286321401596069,0.29042375087738037,4961,-4.78472961,0.12,150.0
6849,99260,4963,14,-1.7548614740371704,0.3379923105239868,0.0007,0.9950657486915588,0.855120837688446,4962,-4.78472961,0.12,150.0
6849,99280,4964,14,-1.7919886112213135,0.49784207344055176,0.0007,0.9857739210128784,-0.436129629611969,4963,-4.78472961,0.12,150.0
6849,99300,4965,14,-1.816727876663208,3.3580994606018066,0.0007,0.9302316904067993,1.1052109003067017,4964,-4.78472961,0.12,150.0
6849,99320,4966,14,-1.8059971332550049,1.4753024578094482,0.0007,0.9669221043586731,0.5727134943008423,4965,-4.78472961,0.12,150.0
6849,99340,4967,14,-1.787445068359375,1.1498292684555054,0.0007,0.9750283360481262,0.6337299346923828,4966,-4.78472961,0.12,150.0
6849,99360,4968,14,-1.8434970378875732,0.1832500696182251,0.0007,0.9971024990081787,0.4022645056247711,4967,-4.78472961,0.12,150.0
6849,99380,4969,14,-1.8863296508789062,0.2494376003742218,0.0007,0.9969728589057922,-0.42025938630104065,4968,-4.78472961,0.12,150.0
6848,99400,4970,14,-1.915575385093689,1.0385725498199463,0.0007,0.9866347312927246,-0.02152954414486885,4969,-4.78472961,0.12,150.0
6848,99420,4971,14,-1.9077297449111938,0.26985257863998413,0.0007,0.9968189001083374,-0.0009049653890542686,4970,-4.78472961,0.12,150.0
6848,99440,4972,14,-1.9280303716659546,0.08440636098384857,0.0007,0.9993898868560791,-0.2799418568611145,4971,-4.78472961,0.12,150.0
6848,99460,4973,14,-1.9532188177108765,0.9278067350387573,0.0007,0.9882099032402039,0.3907294273376465,4972,-4.78472961,0.12,150.0
6848,99480,4974,14,-1.9577528238296509,0.18281149864196777,0.0007,0.9985948801040649,-0.5986868143081665,4973,-4.78472961,0.12,150.0
6848,99500,4975,14,-1.9235328435897827,0.05202256515622139,0.0007,0.9995254874229431,-0.2482537031173706,4974,-4.78472961,0.12,150.0
6848,99520,4976,14,-1.940136194229126,0.03566499799489975,0.0007,0.9996598958969116,-0.17629823088645935,4975,-4.78472961,0.12,150.0
6847,99540,4977,14,-2.0101096630096436,0.010761798359453678,0.0007,0.9998819828033447,-0.08639629930257797,4976,-4.78472961,0.12,150.0
6847,99560,4978,14,-2.033005952835083,0.02357124164700508,0.0007,0.9996849298477173,-0.057157326489686966,4977,-4.78472961,0.12,150.0
6847,99580,4979,14,-2.0082271099090576,0.062381066381931305,0.0007,0.9993072152137756,-0.13634978234767914,4978,-4.78472961,0.12,150.0
6846,99600,4980,14,-1.9727442264556885,0.07663863897323608,0.0007,0.9993410110473633,-0.3677186667919159,4979,-5.22576005,0.11,150.0
6846,99620,4981,14,-1.9772071838378906,6.042180061340332,0.0007,0.9549025893211365,1.2912236452102661,4980,-5.22576005,0.11,150.0
6846,99640,4982,14,-1.6201066970825195,0.3743550181388855,0.0007,0.8830335736274719,0.1051955372095108,4981,-5.22576005,0.11,150.0
6845,99660,4983,14,-1.666516661643982,0.867638885974884,0.0007,0.906495988368988,-0.19120219349861145,4982,-5.22576005,0.11,150.0
6845,99680,4984,14,-1.6914756298065186,3.7951958179473877,0.0007,0.6500200033187866,1.497654676437378,4983,-5.22576005,0.11,150.0
6845,99700,4985,14,-1.8256059885025024,0.29893195629119873,0.0007,0.9627116918563843,-0.2773277759552002,4984,-5.22576005,0.11,150.0
6845,99720,4986,14,-1.7638320922851562,3.8443541526794434,0.0007,-1.5814299583435059,0.8809293508529663,4985,-5.22576005,0.11,150.0
6844,99740,4987,14,-1.853745698928833,1.5858213901519775,0.0007,0.7929761409759521,-0.954062283039093,4986,-5.22576005,0.11,150.0
6833,99760,4988,14,-1.7749264240264893,2.922398805618286,0.0007,0.6018931269645691,1.2493352890014648,4987,-5.22576005,0.11,150.0
6833,99780,4989,14,-1.808153748512268,0.8554176092147827,0.0007,0.9145364761352539,-0.02278485894203186,4988,-5.22576005,0.11,150.0
6832,99800,4990,14,-1.7996604442596436,0.841143012046814,0.0007,0.9422079920768738,0.22327356040477753,4989,-5.22576005,0.11,150.0
6832,99820,4991,14,-1.7594270706176758,1.2362613677978516,0.0007,0.9479690790176392,-0.02930774725973606,4990,-5.22576005,0.11,150.0
6832,99840,4992,14,-1.5631202459335327,6.516079902648926,0.0007,0.5236352682113647,1.8083751201629639,4991,-5.22576005,0.11,150.0
6832,99860,4993,14,-1.7702701091766357,4.771521091461182,0.0007,0.42141860723495483,0.9001466035842896,4992,-5.22576005,0.11,150.0
6832,99880,4994,14,-1.8238646984100342,0.7620866894721985,0.0007,0.9738298058509827,-1.2330487966537476,4993,-5.22576005,0.11,150.0
6831,99900,4995,14,-1.7996928691864014,0.8908602595329285,0.0007,0.9217946529388428,-1.1696138381958008,4994,-5.22576005,0.11,150.0
6831,99920,4996,14,-1.846498727798462,0.9171490669250488,0.0007,0.9512308835983276,-1.2435789108276367,4995,-5.22576005,0.11,150.0
6831,99940,4997,14,-1.8102054595947266,2.5318336486816406,0.0007,0.7654812335968018,-0.25382000207901,4996,-5.22576005,0.11,150.0
6831,99960,4998,14,-1.7061342000961304,4.524460792541504,0.0007,0.545301079750061,1.3250750303268433,4997,-5.22576005,0.11,150.0
6830,99980,4999,14,-1.7855827808380127,0.6580668687820435,0.0007,0.9396142959594727,-0.695162296295166,4998,-5.22576005,0.11,150.0
6827,100000,5000,14,-1.715868353843689,1.673884630203247,0.0007,0.9106165170669556,-1.3472946882247925,4999,-5.22576005,0.11,150.0
