rollout/exploration_rate,rollout/ep_rew_mean,rollout/ep_len_mean,time/time_elapsed,time/episodes,time/fps,rollout/success_rate,time/total_timesteps,train/learning_rate,train/loss,train/n_updates
0.9982187499999999,-26.212302,150.0,0,1,6993,0.0,150,,,
0.9964374999999999,-14.9808655,150.0,0,2,7217,0.0,300,,,
0.9946562499999998,-14.852264,150.0,0,3,7301,0.0,450,,,
0.9928750000000003,-15.83678325,150.0,0,4,7350,0.0,600,,,
0.9910937500000002,-14.600983,150.0,0,5,7373,0.0,750,,,
0.9893125000000002,-13.742549833333333,150.0,0,6,7397,0.0,900,,,
0.9875312500000001,-14.789571714285714,150.0,0,7,5784,0.0,1050,0.0005,0.010227625258266926,12
0.98575,-14.840142125,150.0,0,8,5551,0.0,1200,0.0005,0.009441094473004341,49
0.98396875,-15.663620777777778,150.0,0,9,5380,0.0,1350,0.0005,0.005808292888104916,87
0.9821874999999999,-15.636420800000002,150.0,0,10,5230,0.0,1500,0.0005,0.008094211108982563,124
0.9804062499999998,-15.936051454545456,150.0,0,11,5128,0.0,1650,0.0005,0.011395890265703201,162
0.9786250000000003,-15.1550435,150.0,0,12,5052,0.0,1800,0.0005,0.010076998732984066,199
0.9768437500000002,-14.849421,150.0,0,13,4970,0.0,1950,0.0005,0.007546484936028719,237
0.9750625000000002,-14.852541285714285,150.0,0,14,4918,0.0,2100,0.0005,0.019706662744283676,274
0.9732812500000001,-15.837193933333333,150.0,0,15,4855,0.0,2250,0.0005,0.01848728582262993,312
0.9715,-16.0064730625,150.0,0,16,4800,0.0,2400,0.0005,0.010960463434457779,349
0.96971875,-16.227854882352943,150.0,0,17,4762,0.0,2550,0.0005,0.006513514090329409,387
0.9679374999999999,-15.392934333333333,150.0,0,18,4730,0.0,2700,0.0005,0.013362995348870754,424
0.9661562499999998,-14.813436789473682,150.0,0,19,4698,0.0,2850,0.0005,0.019290346652269363,462
0.9643750000000002,-14.821162499999996,150.0,0,20,4672,0.0,3000,0.0005,0.02750789374113083,499
0.9625937500000001,-15.364468571428569,150.0,0,21,4647,0.0,3150,0.0005,0.024482760578393936,537
0.9608125000000001,-15.42628586363636,150.0,0,22,4628,0.0,3300,0.0005,0.017468098551034927,574
0.95903125,-14.936767869565214,150.0,0,23,4609,0.0,3450,0.0005,0.0165720134973526,612
0.9572499999999999,-14.679424666666668,150.0,0,24,4593,0.0,3600,0.0005,0.013391233049333096,649
0.9554687499999999,-14.54645252,150.0,0,25,4575,0.0,3750,0.0005,0.02216959372162819,687
0.9536874999999998,-14.423644192307693,150.0,0,26,4563,0.0,3900,0.0005,0.012006870470941067,724
0.9519062499999997,-14.299732074074074,150.0,0,27,4547,0.0,4050,0.0005,0.027751337736845016,762
0.9501250000000002,-13.88510582142857,150.0,0,28,4536,0.0,4200,0.0005,0.02804006077349186,799
0.9483437500000002,-13.884494965517241,150.0,0,29,4522,0.0,4350,0.0005,0.04776804521679878,837
0.9465625000000001,-13.691422600000001,150.0,0,30,4508,0.0,4500,0.0005,0.01562950387597084,874
0.94478125,-13.852858935483871,150.0,1,31,4494,0.0,4650,0.0005,0.023061048239469528,912
0.943,-13.920954437499999,150.0,1,32,4485,0.0,4800,0.0005,0.04054277017712593,949
0.9412187499999999,-13.81797996969697,150.0,1,33,4474,0.0,4950,0.0005,0.05981192737817764,987
0.9394374999999998,-13.754411470588236,150.0,1,34,4465,0.0,5100,0.0005,0.03586916625499725,1024
0.9376562499999997,-13.521489085714286,150.0,1,35,4456,0.0,5250,0.0005,0.02464332804083824,1062
0.9358750000000002,-13.356830611111112,150.0,1,36,4450,0.0,5400,0.0005,0.037034738808870316,1099
0.9340937500000002,-13.254649432432434,150.0,1,37,4442,0.0,5550,0.0005,0.03049897402524948,1137
0.9323125000000001,-13.361467921052633,150.0,1,38,4437,0.0,5700,0.0005,0.0422525592148304,1174
0.93053125,-13.591649743589743,150.0,1,39,4429,0.0,5850,0.0005,0.055636145174503326,1212
0.92875,-13.424015524999998,150.0,1,40,4424,0.0,6000,0.0005,0.055576857179403305,1249
0.9269687499999999,-13.382929219512192,150.0,1,41,4418,0.0,6150,0.0005,0.055843815207481384,1287
0.9251874999999998,-13.312029523809521,150.0,1,42,4413,0.0,6300,0.0005,0.0750989243388176,1324
0.9234062500000003,-13.41071437209302,150.0,1,43,4407,0.0,6450,0.0005,0.03649607673287392,1362
0.9216250000000002,-13.494028681818179,150.0,1,44,4403,0.0,6600,0.0005,0.058678511530160904,1399
0.9198437500000002,-13.398752866666666,150.0,1,45,4398,0.0,6750,0.0005,0.03865594044327736,1437
0.9180625,-13.327125478260868,150.0,1,46,4394,0.0,6900,0.0005,0.06053085997700691,1474
0.9162812499999999,-13.338841659574467,150.0,1,47,4387,0.0,7050,0.0005,0.026155108585953712,1512
0.9145,-13.197493770833333,150.0,1,48,4384,0.0,7200,0.0005,0.08217379450798035,1549
0.9127187499999999,-13.195178020408163,150.0,1,49,4378,0.0,7350,0.0005,0.03873460367321968,1587
0.9109374999999998,-13.0627119,150.0,1,50,4374,0.0,7500,0.0005,0.04814126342535019,1624
0.9091562500000002,-13.066706529411764,150.0,1,51,4370,0.0,7650,0.0005,0.017911378294229507,1662
0.9073750000000002,-12.989131788461538,150.0,1,52,4366,0.0,7800,0.0005,0.027741780504584312,1699
0.9055937500000001,-13.086087018867923,150.0,1,53,4361,0.0,7950,0.0005,0.05466369539499283,1737
0.9038125,-12.96973848148148,150.0,1,54,4357,0.0,8100,0.0005,0.06868527829647064,1774
0.90203125,-12.713786127272728,150.0,1,55,4353,0.0,8250,0.0005,0.04332677274942398,1812
0.9002499999999999,-12.736076374999998,150.0,1,56,4350,0.0,8400,0.0005,0.05334635078907013,1849
0.8984687499999998,-12.79944584210526,150.0,1,57,4347,0.0,8550,0.0005,0.03592095151543617,1887
0.8966874999999997,-12.838502327586204,150.0,2,58,4343,0.0,8700,0.0005,0.013169861398637295,1924
0.8949062500000002,-12.710149610169488,150.0,2,59,4339,0.0,8850,0.0005,0.046750184148550034,1962
0.8931250000000002,-12.632846849999996,150.0,2,60,4337,0.0,9000,0.0005,0.020271144807338715,1999
0.8913437500000001,-12.499238131147537,150.0,2,61,4333,0.0,9150,0.0005,0.07896594703197479,2037
0.8895625,-12.468454080645158,150.0,2,62,4329,0.0,9300,0.0005,0.0446440652012825,2074
0.88778125,-12.618669793650792,150.0,2,63,4321,0.0,9450,0.0005,0.046721942722797394,2112
0.8859999999999999,-12.524716484375,150.0,2,64,4315,0.0,9600,0.0005,0.034656308591365814,2149
0.8842187499999998,-12.402949092307692,150.0,2,65,4305,0.0,9750,0.0005,0.07848349213600159,2187
0.8824374999999998,-12.15641259090909,150.0,2,66,4300,0.0,9900,0.0005,0.02648758329451084,2224
0.8806562500000003,-12.151251507462685,150.0,2,67,4296,0.0,10050,0.0005,0.07095901668071747,2262
0.8788750000000002,-12.117171499999998,150.0,2,68,4295,0.0,10200,0.0005,0.03636763244867325,2299
0.8770937500000001,-12.103991434782609,150.0,2,69,4292,0.0,10350,0.0005,0.044855449348688126,2337
0.8753125,-12.037912514285713,150.0,2,70,4289,0.0,10500,0.0005,0.08694687485694885,2374
0.87353125,-12.069377971830987,150.0,2,71,4285,0.0,10650,0.0005,0.03300148993730545,2412
0.8717499999999999,-12.009288708333335,150.0,2,72,4283,0.0,10800,0.0005,0.08190228044986725,2449
0.8699687499999998,-12.039432575342467,150.0,2,73,4281,0.0,10950,0.0005,0.04942230507731438,2487
0.8681874999999998,-11.929049648648649,150.0,2,74,4279,0.0,11100,0.0005,0.08296789228916168,2524
0.8664062500000003,-12.106752853333335,150.0,2,75,4277,0.0,11250,0.0005,0.05008061230182648,2562
0.8646250000000002,-12.05107932894737,150.0,2,76,4275,0.0,11400,0.0005,0.05108880251646042,2599
0.8628437500000001,-12.068938935064937,150.0,2,77,4272,0.0,11550,0.0005,0.03679425269365311,2637
0.8610625000000001,-11.916929243589745,150.0,2,78,4270,0.0,11700,0.0005,0.03664370998740196,2674
0.85928125,-11.709834341772153,150.0,2,79,4268,0.0,11850,0.0005,0.08437368273735046,2712
0.8574999999999999,-11.81801795,150.0,2,80,4267,0.0,12000,0.0005,0.03535512462258339,2749
0.8557187499999999,-11.763641086419753,150.0,2,81,4264,0.0,12150,0.0005,0.06985203176736832,2787
0.8539374999999998,-11.668321329268291,150.0,2,82,4262,0.0,12300,0.0005,0.06727069616317749,2824
0.8521562500000002,-11.636899277108434,150.0,2,83,4261,0.0,12450,0.0005,0.10096099227666855,2862
0.8503750000000001,-11.485009035714285,150.0,2,84,4258,0.0,12600,0.0005,0.07714223861694336,2899
0.84859375,-11.479838223529411,150.0,2,85,4256,0.0,12750,0.0005,0.07622367143630981,2937
0.8468125,-11.493952790697673,150.0,3,86,4256,0.0,12900,0.0005,0.031061163172125816,2974
0.8450312499999999,-11.502659942528734,150.0,3,87,4254,0.0,13050,0.0005,0.09583371132612228,3012
0.8432499999999998,-11.437950625000001,150.0,3,88,4253,0.0,13200,0.0005,0.06408137828111649,3049
0.8414687499999998,-11.353725033707866,150.0,3,89,4253,0.0,13350,0.0005,0.04171217232942581,3087
0.8396875000000003,-11.302629088888889,150.0,3,90,4252,0.0,13500,0.0005,0.06675165891647339,3124
0.8379062500000002,-11.15265079120879,150.0,3,91,4251,0.0,13650,0.0005,0.043216537684202194,3162
0.8361250000000001,-11.108588663043477,150.0,3,92,4251,0.0,13800,0.0005,0.05154121667146683,3199
0.83434375,-10.982627795698924,150.0,3,93,4250,0.0,13950,0.0005,0.06403005868196487,3237
0.8325625,-10.990099319148936,150.0,3,94,4250,0.0,14100,0.0005,0.06262852251529694,3274
0.8307812499999999,-10.977303905263158,150.0,3,95,4249,0.0,14250,0.0005,0.0605182945728302,3312
0.8289999999999998,-10.858998729166666,150.0,3,96,4249,0.0,14400,0.0005,0.03170689567923546,3349
0.8272187499999998,-10.801895092783505,150.0,3,97,4247,0.0,14550,0.0005,0.02342233806848526,3387
0.8254375000000003,-10.795215071428574,150.0,3,98,4247,0.0,14700,0.0005,0.07006586343050003,3424
0.8236562500000002,-10.726982505050508,150.0,3,99,4246,0.0,14850,0.0005,0.05132538080215454,3462
0.8218750000000001,-10.692267020000001,150.0,3,100,4245,0.0,15000,0.0005,0.035940103232860565,3499
0.8200937500000001,-10.50892815,150.0,3,101,4244,0.0,15150,0.0005,0.05078093707561493,3537
0.8183125,-10.555543759999999,150.0,3,102,4244,0.0,15300,0.0005,0.06687024235725403,3574
0.8165312499999999,-10.470050700000002,150.0,3,103,4242,0.0,15450,0.0005,0.06518783420324326,3612
0.8147499999999999,-10.32462374,150.0,3,104,4241,0.0,15600,0.0005,0.058113943785429,3649
0.8129687499999998,-10.307391809999999,150.0,3,105,4240,0.0,15750,0.0005,0.028224192559719086,3687
0.8111875000000002,-10.28707844,150.0,3,106,4239,0.0,15900,0.0005,0.058504629880189896,3724
0.8094062500000002,-10.1207988,150.0,3,107,4237,0.0,16050,0.0005,0.05087742581963539,3762
0.807625,-10.14216675,150.0,3,108,4236,0.0,16200,0.0005,0.04244792461395264,3799
0.8058437500000001,-10.102835509999998,150.0,3,109,4236,0.0,16350,0.0005,0.04286399111151695,3837
0.8040625,-10.00473896,150.0,3,110,4235,0.0,16500,0.0005,0.031966496258974075,3874
0.8022812499999998,-9.83876799,150.0,3,111,4234,0.0,16650,0.0005,0.05373861640691757,3912
0.8004999999999999,-9.951138449999998,150.0,3,112,4234,0.0,16800,0.0005,0.035038962960243225,3949
0.7987187499999997,-9.96646086,150.0,4,113,4232,0.0,16950,0.0005,0.0653984472155571,3987
0.7969375000000003,-9.7523907,150.0,4,114,4227,0.0,17100,0.0005,0.047294218093156815,4024
0.7951562500000001,-9.53726389,150.0,4,115,4226,0.0,17250,0.0005,0.03801834210753441,4062
0.7933750000000002,-9.438521439999999,150.0,4,116,4225,0.0,17400,0.0005,0.014568723738193512,4099
0.7915937500000001,-9.23463021,150.0,4,117,4225,0.0,17550,0.0005,0.06996777653694153,4137
0.7898124999999999,-9.319914189999999,150.0,4,118,4223,0.0,17700,0.0005,0.056204963475465775,4174
0.78803125,-9.39713721,150.0,4,119,4222,0.0,17850,0.0005,0.07840556651353836,4212
0.7862499999999998,-9.40654556,150.0,4,120,4221,0.0,18000,0.0005,0.07390867918729782,4249
0.7844687500000003,-9.1557917,150.0,4,121,4219,0.0,18150,0.0005,0.031963758170604706,4287
0.7826875000000002,-9.07704457,150.0,4,122,4216,0.0,18300,0.0005,0.031657926738262177,4324
0.7809062500000001,-9.14892972,150.0,4,123,4214,0.0,18450,0.0005,0.04913703724741936,4362
0.7791250000000001,-9.11376153,150.0,4,124,4213,0.0,18600,0.0005,0.061300765722990036,4399
0.77734375,-9.05367751,150.0,4,125,4211,0.0,18750,0.0005,0.06636367738246918,4437
0.7755624999999999,-8.95896174,150.0,4,126,4210,0.0,18900,0.0005,0.06868446618318558,4474
0.7737812499999999,-8.81391506,150.0,4,127,4208,0.0,19050,0.0005,0.05495486408472061,4512
0.7719999999999998,-8.841690849999999,150.0,4,128,4207,0.0,19200,0.0005,0.06916146725416183,4549
0.7702187499999997,-8.722436839999999,150.0,4,129,4205,0.0,19350,0.0005,0.04104164242744446,4587
0.7684375000000002,-8.621829660000001,150.0,4,130,4203,0.0,19500,0.0005,0.04742429405450821,4624
0.7666562500000002,-8.51989174,150.0,4,131,4202,0.0,19650,0.0005,0.041485536843538284,4662
0.7648750000000001,-8.564436870000002,150.0,4,132,4201,0.0,19800,0.0005,0.0404701828956604,4699
0.76309375,-8.638429770000002,150.0,4,133,4200,0.0,19950,0.0005,0.04431121051311493,4737
0.7613125,-8.50217128,150.0,4,134,4199,0.0,20100,0.0005,0.06053422763943672,4774
0.7595312499999999,-8.54404683,150.0,4,135,4198,0.0,20250,0.0005,0.042972221970558167,4812
0.7577499999999998,-8.596525759999999,150.0,4,136,4197,0.0,20400,0.0005,0.05360748618841171,4849
0.7559687500000003,-8.64446762,150.0,4,137,4196,0.0,20550,0.0005,0.06406526267528534,4887
0.7541875000000002,-8.56947464,150.0,4,138,4195,0.0,20700,0.0005,0.04286375641822815,4924
0.7524062500000002,-8.40649678,150.0,4,139,4194,0.0,20850,0.0005,0.035787880420684814,4962
0.7506250000000001,-8.35149824,150.0,5,140,4193,0.0,21000,0.0005,0.04740399122238159,4999
0.74884375,-8.239016759999998,150.0,5,141,4192,0.0,21150,0.0005,0.0633145198225975,5037
0.7470625,-8.120617189999999,150.0,5,142,4191,0.0,21300,0.0005,0.05188670754432678,5074
0.7452812499999999,-8.02694639,150.0,5,143,4190,0.0,21450,0.0005,0.06327234208583832,5112
0.7434999999999998,-7.967356669999999,150.0,5,144,4189,0.0,21600,0.0005,0.055226340889930725,5149
0.7417187500000002,-7.966187720000001,150.0,5,145,4189,0.0,21750,0.0005,0.06257718056440353,5187
0.7399375000000001,-7.9129841899999995,150.0,5,146,4188,0.0,21900,0.0005,0.061846666038036346,5224
0.7381562500000001,-7.81001702,150.0,5,147,4187,0.0,22050,0.0005,0.059514716267585754,5262
0.736375,-7.868302399999999,150.0,5,148,4187,0.0,22200,0.0005,0.07345400750637054,5299
0.7345937499999999,-7.73548389,150.0,5,149,4185,0.0,22350,0.0005,0.03792000934481621,5337
0.7328124999999999,-7.8019877,150.0,5,150,4184,0.0,22500,0.0005,0.0344204381108284,5374
0.7310312499999998,-7.68699368,150.0,5,151,4183,0.0,22650,0.0005,0.06660325080156326,5412
0.7292499999999997,-7.65248936,150.0,5,152,4183,0.0,22800,0.0005,0.043225549161434174,5449
0.7274687500000003,-7.528810679999999,150.0,5,153,4182,0.0,22950,0.0005,0.04532650113105774,5487
0.7256875000000003,-7.63600067,150.0,5,154,4181,0.0,23100,0.0005,0.03792785108089447,5524
0.7239062500000001,-7.8327874699999995,150.0,5,155,4180,0.0,23250,0.0005,0.04551278054714203,5562
0.7221250000000001,-7.743703,150.0,5,156,4179,0.0,23400,0.0005,0.03386294096708298,5599
0.72034375,-7.632519539999999,150.0,5,157,4178,0.0,23550,0.0005,0.050239674746990204,5637
0.7185625,-7.545231589999999,150.0,5,158,4177,0.0,23700,0.0005,0.03668975830078125,5674
0.7167812499999999,-7.479911399999999,150.0,5,159,4176,0.0,23850,0.0005,0.025796182453632355,5712
0.7149999999999997,-7.413884619999999,150.0,5,160,4176,0.0,24000,0.0005,0.03592999279499054,5749
0.7132187500000002,-7.444932699999998,150.0,5,161,4174,0.0,24150,0.0005,0.06760809570550919,5787
0.7114375000000002,-7.437561499999999,150.0,5,162,4174,0.0,24300,0.0005,0.04506916552782059,5824
0.7096562500000001,-7.375766199999999,150.0,5,163,4173,0.0,24450,0.0005,0.04666542261838913,5862
0.707875,-7.33555756,150.0,5,164,4172,0.0,24600,0.0005,0.036994993686676025,5899
0.70609375,-7.48149823,150.0,5,165,4171,0.0,24750,0.0005,0.03863098472356796,5937
0.7043124999999999,-7.66500458,150.0,5,166,4170,0.0,24900,0.0005,0.06148092448711395,5974
0.7025312499999998,-7.598484549999999,150.0,6,167,4144,0.0,25050,0.0005,0.030729271471500397,6012
0.7007500000000003,-7.581246020000001,150.0,6,168,4143,0.0,25200,0.0005,0.05318164825439453,6049
0.6989687500000001,-7.53603061,150.0,6,169,4142,0.0,25350,0.0005,0.03501588851213455,6087
0.6971875000000002,-7.558561120000002,150.0,6,170,4142,0.0,25500,0.0005,0.04094851016998291,6124
0.69540625,-7.3538976400000005,150.0,6,171,4141,0.0,25650,0.0005,0.03662295266985893,6162
0.693625,-7.4534162,150.0,6,172,4140,0.0,25800,0.0005,0.0374346561729908,6199
0.69184375,-7.33602838,150.0,6,173,4139,0.0,25950,0.0005,0.042572371661663055,6237
0.6900624999999998,-7.3697272,150.0,6,174,4139,0.0,26100,0.0005,0.02691042050719261,6274
0.6882812499999998,-7.194226070000001,150.0,6,175,4138,0.0,26250,0.0005,0.05114714801311493,6312
0.6864999999999998,-7.2199211100000005,150.0,6,176,4137,0.0,26400,0.0005,0.07350070774555206,6349
0.6847187500000003,-7.08421069,150.0,6,177,4136,0.0,26550,0.0005,0.02684353105723858,6387
0.6829375000000002,-7.260450529999999,150.0,6,178,4136,0.0,26700,0.0005,0.0669945627450943,6424
0.6811562500000001,-7.353275430000001,150.0,6,179,4135,0.0,26850,0.0005,0.0689663365483284,6462
0.6793750000000001,-7.24416402,150.0,6,180,4135,0.0,27000,0.0005,0.03594578057527542,6499
0.67759375,-7.18111336,150.0,6,181,4134,0.0,27150,0.0005,0.024966495111584663,6537
0.6758124999999999,-7.170496460000001,150.0,6,182,4133,0.0,27300,0.0005,0.03346885368227959,6574
0.6740312499999999,-7.19590597,150.0,6,183,4132,0.0,27450,0.0005,0.051788825541734695,6612
0.6722500000000002,-7.374948259999999,150.0,6,184,4132,0.0,27600,0.0005,0.03360476344823837,6649
0.6704687500000002,-7.14412356,150.0,6,185,4131,0.01,27750,0.0005,0.03638582304120064,6687
0.6686875000000001,-7.0437783000000005,150.0,6,186,4131,0.01,27900,0.0005,0.035508133471012115,6724
0.66690625,-7.02972445,150.0,6,187,4130,0.01,28050,0.0005,0.053842462599277496,6762
0.665125,-6.970408540000002,150.0,6,188,4130,0.01,28200,0.0005,0.04832145571708679,6799
0.6633437499999999,-7.05611968,150.0,6,189,4129,0.01,28350,0.0005,0.049345750361680984,6837
0.6615624999999998,-7.129692620000001,150.0,6,190,4129,0.01,28500,0.0005,0.07256665825843811,6874
0.6597812499999998,-7.2710253100000015,150.0,6,191,4128,0.01,28650,0.0005,0.05199218541383743,6912
0.6580000000000004,-7.1421763799999995,150.0,6,192,4128,0.01,28800,0.0005,0.041735827922821045,6949
0.6562187500000002,-7.19364521,150.0,7,193,4127,0.01,28950,0.0005,0.07502090930938721,6987
0.6544375000000001,-6.90104662,150.0,7,194,4127,0.02,29100,0.0005,0.030813589692115784,7024
0.65265625,-6.6486966999999995,150.0,7,195,4127,0.03,29250,0.0005,0.02660326659679413,7062
0.650875,-6.639825559999999,150.0,7,196,4126,0.03,29400,0.0005,0.03502412140369415,7099
0.64909375,-6.82282875,150.0,7,197,4125,0.03,29550,0.0005,0.05797478184103966,7137
0.6473124999999998,-6.842972049999999,150.0,7,198,4125,0.03,29700,0.0005,0.03818352520465851,7174
0.6455312500000003,-6.73021152,150.0,7,199,4124,0.03,29850,0.0005,0.037609878927469254,7212
0.6437500000000003,-6.662483150000001,150.0,7,200,4123,0.03,30000,0.0005,0.047088392078876495,7249
0.6419687500000002,-6.733041420000001,150.0,7,201,4123,0.03,30150,0.0005,0.03019038215279579,7287
0.6401875000000001,-6.653515050000002,150.0,7,202,4122,0.03,30300,0.0005,0.04722867161035538,7324
0.6384062500000001,-6.660464750000001,150.0,7,203,4121,0.03,30450,0.0005,0.04000311717391014,7362
0.636625,-6.489502570000001,150.0,7,204,4121,0.04,30600,0.0005,0.05745577812194824,7399
0.6348437499999999,-6.34730601,150.0,7,205,4120,0.04,30750,0.0005,0.06045185402035713,7437
0.6330624999999999,-6.13926423,150.0,7,206,4120,0.05,30900,0.0005,0.03760237246751785,7474
0.6312812499999998,-6.215684240000001,150.0,7,207,4119,0.05,31050,0.0005,0.04559039697051048,7512
0.6295000000000002,-6.17547525,150.0,7,208,4119,0.05,31200,0.0005,0.050491154193878174,7549
0.6277187500000001,-6.14396506,150.0,7,209,4118,0.05,31350,0.0005,0.045125965029001236,7587
0.6259375,-6.106266770000001,150.0,7,210,4117,0.05,31500,0.0005,0.08368935436010361,7624
0.6241562500000001,-6.213072030000001,150.0,7,211,4116,0.05,31650,0.0005,0.045673567801713943,7662
0.6223749999999999,-6.13856154,150.0,7,212,4116,0.05,31800,0.0005,0.0231892429292202,7699
0.6205937499999998,-6.12799558,150.0,7,213,4115,0.05,31950,0.0005,0.04227546229958534,7737
0.6188124999999998,-6.33734347,150.0,7,214,4115,0.05,32100,0.0005,0.051427580416202545,7774
0.6170312500000004,-6.291630659999999,150.0,7,215,4114,0.05,32250,0.0005,0.049516141414642334,7812
0.6152500000000002,-6.2993676700000005,150.0,7,216,4113,0.05,32400,0.0005,0.03019210509955883,7849
0.6134687500000001,-6.34362987,150.0,7,217,4112,0.05,32550,0.0005,0.06300153583288193,7887
0.6116875000000002,-6.33881231,150.0,7,218,4112,0.05,32700,0.0005,0.03482319042086601,7924
0.6099062500000001,-6.343380880000001,150.0,7,219,4111,0.05,32850,0.0005,0.07443412393331528,7962
0.608125,-6.34572091,150.0,8,220,4110,0.05,33000,0.0005,0.036692045629024506,7999
0.6063437499999998,-6.3237622700000005,150.0,8,221,4109,0.05,33150,0.0005,0.08054901659488678,8037
0.6045624999999998,-6.267517640000001,150.0,8,222,4109,0.05,33300,0.0005,0.02490362338721752,8074
0.6027812499999998,-6.1334786800000005,150.0,8,223,4108,0.05,33450,0.0005,0.03380556404590607,8112
0.6010000000000002,-6.033001850000001,150.0,8,224,4107,0.05,33600,0.0005,0.05560719966888428,8149
0.5992187500000001,-5.992346700000001,150.0,8,225,4106,0.05,33750,0.0005,0.039911478757858276,8187
0.5974375000000001,-6.05103389,150.0,8,226,4106,0.05,33900,0.0005,0.02859755977988243,8224
0.59565625,-6.11863787,150.0,8,227,4105,0.05,34050,0.0005,0.048145316541194916,8262
0.5938749999999999,-6.05003308,150.0,8,228,4104,0.05,34200,0.0005,0.04076995328068733,8299
0.5920937499999999,-6.06293862,150.0,8,229,4103,0.05,34350,0.0005,0.04558262228965759,8337
0.5903125000000002,-6.08249669,150.0,8,230,4103,0.05,34500,0.0005,0.031118031591176987,8374
0.5885312500000002,-6.159501649999999,150.0,8,231,4102,0.05,34650,0.0005,0.028138352558016777,8412
0.5867500000000002,-6.011876129999999,150.0,8,232,4101,0.05,34800,0.0005,0.03609611093997955,8449
0.5849687500000001,-5.887268710000001,150.0,8,233,4101,0.05,34950,0.0005,0.027707813307642937,8487
0.5831875000000001,-5.981610690000002,150.0,8,234,4100,0.05,35100,0.0005,0.07277991622686386,8524
0.5814062499999999,-5.854193540000001,150.0,8,235,4100,0.05,35250,0.0005,0.06926636397838593,8562
0.5796249999999998,-5.88809013,150.0,8,236,4099,0.05,35400,0.0005,0.04417134448885918,8599
0.5778437499999999,-5.799424909999999,150.0,8,237,4098,0.05,35550,0.0005,0.03895161300897598,8637
0.5760624999999998,-5.741991939999998,150.0,8,238,4097,0.05,35700,0.0005,0.057821400463581085,8674
0.5742812500000003,-5.718173370000001,150.0,8,239,4097,0.05,35850,0.0005,0.0409356988966465,8712
0.5725000000000002,-5.70187873,150.0,8,240,4096,0.05,36000,0.0005,0.06304900348186493,8749
0.5707187500000002,-5.761302929999999,150.0,8,241,4095,0.05,36150,0.0005,0.06219411641359329,8787
0.5689375000000001,-5.9244529,150.0,8,242,4095,0.05,36300,0.0005,0.04972263053059578,8824
0.56715625,-6.032113460000001,150.0,8,243,4094,0.05,36450,0.0005,0.03358779102563858,8862
0.565375,-5.891840169999999,150.0,8,244,4093,0.05,36600,0.0005,0.02321123704314232,8899
0.5635937499999999,-5.745838340000001,150.0,8,245,4092,0.05,36750,0.0005,0.054477401077747345,8937
0.5618125000000003,-5.8828185699999995,150.0,9,246,4092,0.05,36900,0.0005,0.05138663575053215,8974
0.5600312500000002,-5.927457620000001,150.0,9,247,4091,0.05,37050,0.0005,0.02772763930261135,9012
0.5582500000000001,-5.73292846,150.0,9,248,4089,0.05,37200,0.0005,0.06419365108013153,9049
0.5564687500000001,-5.84993566,150.0,9,249,4088,0.05,37350,0.0005,0.03625591844320297,9087
0.5546875,-5.70246129,150.0,9,250,4087,0.05,37500,0.0005,0.038384683430194855,9124
0.5529062499999999,-5.610244660000001,150.0,9,251,4086,0.05,37650,0.0005,0.040543872863054276,9162
0.5511249999999999,-5.57804998,150.0,9,252,4085,0.05,37800,0.0005,0.03451314568519592,9199
0.5493437499999998,-5.693504660000001,150.0,9,253,4083,0.05,37950,0.0005,0.03903629630804062,9237
0.5475624999999997,-5.6408061400000005,150.0,9,254,4082,0.05,38100,0.0005,0.045385632663965225,9274
0.5457812500000002,-5.46427886,150.0,9,255,4080,0.05,38250,0.0005,0.047653015702962875,9312
0.5440000000000002,-5.4670534900000005,150.0,9,256,4079,0.05,38400,0.0005,0.0614076629281044,9349
0.5422187500000002,-5.4067832099999995,150.0,9,257,4078,0.05,38550,0.0005,0.03588946908712387,9387
0.5404375000000001,-5.32405846,150.0,9,258,4077,0.05,38700,0.0005,0.07247611880302429,9424
0.53865625,-5.46177609,150.0,9,259,4076,0.05,38850,0.0005,0.05255376547574997,9462
0.5368749999999999,-5.462209830000001,150.0,9,260,4075,0.05,39000,0.0005,0.04788069427013397,9499
0.5350937499999998,-5.49550113,150.0,9,261,4074,0.05,39150,0.0005,0.05577661842107773,9537
0.5333125000000003,-5.431865560000001,150.0,9,262,4074,0.05,39300,0.0005,0.05118478089570999,9574
0.5315312500000002,-5.27325422,150.0,9,263,4072,0.05,39450,0.0005,0.047500498592853546,9612
0.5297500000000002,-5.328029910000001,150.0,9,264,4071,0.05,39600,0.0005,0.05153191089630127,9649
0.5279687500000001,-5.28211364,150.0,9,265,4070,0.05,39750,0.0005,0.03666216880083084,9687
0.5261875,-5.1861991100000004,150.0,9,266,4069,0.05,39900,0.0005,0.04077926650643349,9724
0.52440625,-5.18413427,150.0,9,267,4067,0.05,40050,0.0005,0.04751432687044144,9762
0.5226249999999999,-5.142847819999999,150.0,9,268,4066,0.05,40200,0.0005,0.04515627771615982,9799
0.5208437499999998,-5.16701237,150.0,9,269,4065,0.05,40350,0.0005,0.06197068467736244,9837
0.5190624999999998,-5.1388168599999995,150.0,9,270,4064,0.05,40500,0.0005,0.05186616629362106,9874
0.5172812500000002,-5.396295439999999,150.0,10,271,4063,0.05,40650,0.0005,0.04573240876197815,9912
0.5155000000000002,-5.27432647,150.0,10,272,4062,0.05,40800,0.0005,0.07275770604610443,9949
0.51371875,-5.27159638,150.0,10,273,4061,0.05,40950,0.0005,0.04391501098871231,9987
0.5119374999999999,-5.16075207,150.0,10,274,4060,0.05,41100,0.0005,0.059460267424583435,10024
0.5101562499999999,-5.180049159999999,150.0,10,275,4059,0.05,41250,0.0005,0.05852171778678894,10062
0.5083749999999999,-5.0046902,150.0,10,276,4058,0.05,41400,0.0005,0.046120524406433105,10099
0.5065937500000003,-4.971367419999999,150.0,10,277,4057,0.05,41550,0.0005,0.0516725555062294,10137
0.5048125000000003,-4.837723279999999,150.0,10,278,4056,0.05,41700,0.0005,0.05426870286464691,10174
0.5030312500000003,-4.93538154,150.0,10,279,4055,0.05,41850,0.0005,0.08132898062467575,10212
0.5012500000000002,-5.011555229999999,150.0,10,280,4054,0.05,42000,0.0005,0.021898053586483,10249
0.49946875,-4.928956249999999,150.0,10,281,4053,0.05,42150,0.0005,0.06025911122560501,10287
0.49768749999999995,-5.029220629999999,150.0,10,282,4052,0.05,42300,0.0005,0.05810382217168808,10324
0.49590625,-4.8839510299999995,150.0,10,283,4051,0.05,42450,0.0005,0.033697403967380524,10362
0.4941249999999999,-4.734342009999999,150.0,10,284,4050,0.05,42600,0.0005,0.06342007219791412,10399
0.49234374999999986,-4.9049448899999994,150.0,10,285,4049,0.04,42750,0.0005,0.08629274368286133,10437
0.49056250000000023,-4.89649392,150.0,10,286,4048,0.04,42900,0.0005,0.06544241309165955,10474
0.48878125000000017,-4.82189438,150.0,10,287,4047,0.04,43050,0.0005,0.04722842574119568,10512
0.4870000000000001,-5.03093438,150.0,10,288,4046,0.04,43200,0.0005,0.07502900063991547,10549
0.48521875000000003,-4.7156454000000005,150.0,10,289,4045,0.05,43350,0.0005,0.03824448585510254,10587
0.4834375000000001,-4.798923199999999,150.0,10,290,4044,0.05,43500,0.0005,0.08006413280963898,10624
0.4816562499999999,-4.71141575,150.0,10,291,4043,0.05,43650,0.0005,0.05197788029909134,10662
0.47987499999999983,-4.697220199999999,150.0,10,292,4042,0.05,43800,0.0005,0.03926686942577362,10699
0.4780937500000003,-4.676816629999999,150.0,10,293,4041,0.05,43950,0.0005,0.041569728404283524,10737
0.47631250000000025,-4.8813371499999985,150.0,10,294,4039,0.04,44100,0.0005,0.06589547544717789,10774
0.4745312500000002,-5.125392939999999,150.0,10,295,4038,0.03,44250,0.0005,0.06531181931495667,10812
0.4727500000000001,-5.148158739999999,150.0,10,296,4037,0.03,44400,0.0005,0.038311511278152466,10849
0.47096875000000005,-4.95894184,150.0,11,297,4036,0.03,44550,0.0005,0.04697912186384201,10887
0.4691875,-4.86199082,150.0,11,298,4035,0.03,44700,0.0005,0.05147870257496834,10924
0.4674062499999999,-4.8867645,150.0,11,299,4034,0.03,44850,0.0005,0.05260886624455452,10962
0.46562499999999984,-4.9519101999999995,150.0,11,300,4034,0.03,45000,0.0005,0.047276053577661514,10999
0.4638437499999998,-4.93586289,150.0,11,301,4032,0.03,45150,0.0005,0.08071383088827133,11037
0.46206250000000026,-5.02264274,150.0,11,302,4031,0.03,45300,0.0005,0.03673785179853439,11074
0.4602812500000002,-4.94989569,150.0,11,303,4030,0.03,45450,0.0005,0.048399243503808975,11112
0.45850000000000013,-5.13151563,150.0,11,304,4030,0.02,45600,0.0005,0.047434162348508835,11149
0.45671875000000006,-5.086756319999999,150.0,11,305,4029,0.03,45750,0.0005,0.0463249497115612,11187
0.4549375,-5.23470562,150.0,11,306,4028,0.02,45900,0.0005,0.05016211047768593,11224
0.4531562499999999,-5.1885385799999995,150.0,11,307,4027,0.02,46050,0.0005,0.05163206160068512,11262
0.45137499999999986,-5.076215650000002,150.0,11,308,4026,0.02,46200,0.0005,0.032950837165117264,11299
0.44959375000000024,-4.82165769,150.0,11,309,4025,0.03,46350,0.0005,0.04322800040245056,11337
0.44781250000000017,-4.86521063,150.0,11,310,4024,0.03,46500,0.0005,0.04269548878073692,11374
0.4460312500000002,-4.81692754,150.0,11,311,4023,0.03,46650,0.0005,0.033441245555877686,11412
0.44425000000000014,-4.72565502,150.0,11,312,4022,0.03,46800,0.0005,0.06398724019527435,11449
0.4424687500000001,-4.89748854,150.0,11,313,4021,0.03,46950,0.0005,0.047638196498155594,11487
0.4406874999999999,-4.86050729,150.0,11,314,4020,0.03,47100,0.0005,0.04240644723176956,11524
0.43890624999999983,-4.88063532,150.0,11,315,4019,0.03,47250,0.0005,0.03253154829144478,11562
0.4371249999999999,-4.74856792,150.0,11,316,4018,0.03,47400,0.0005,0.02873837575316429,11599
0.43534375000000025,-4.76763623,150.0,11,317,4017,0.03,47550,0.0005,0.04353535547852516,11637
0.4335625000000003,-4.69187068,150.0,11,318,4016,0.03,47700,0.0005,0.06167926266789436,11674
0.4317812500000001,-4.59550726,150.0,11,319,4015,0.03,47850,0.0005,0.019841674715280533,11712
0.43000000000000005,-4.5481215100000005,150.0,11,320,4014,0.03,48000,0.0005,0.041781727224588394,11749
0.42821875,-4.5485073400000005,150.0,11,321,4013,0.03,48150,0.0005,0.027696620672941208,11787
0.4264374999999999,-4.441276090000001,150.0,12,322,4012,0.03,48300,0.0005,0.04133745655417442,11824
0.42465624999999996,-4.44430054,150.0,12,323,4012,0.03,48450,0.0005,0.05772774666547775,11862
0.42287500000000033,-4.40148555,150.0,12,324,4011,0.03,48600,0.0005,0.048099201172590256,11899
0.42109375000000027,-4.43413055,150.0,12,325,4009,0.03,48750,0.0005,0.08762869238853455,11937
0.4193125000000002,-4.46503392,150.0,12,326,4009,0.03,48900,0.0005,0.05028732120990753,11974
0.41753125000000013,-4.439968990000001,150.0,12,327,4007,0.03,49050,0.0005,0.02473726123571396,12012
0.41575000000000006,-4.43312999,150.0,12,328,4007,0.03,49200,0.0005,0.06796913594007492,12049
0.41396875,-4.420060739999999,150.0,12,329,4005,0.03,49350,0.0005,0.07955515384674072,12087
0.41218749999999993,-4.31718857,150.0,12,330,4004,0.04,49500,0.0005,0.06020049750804901,12124
0.41040624999999986,-4.178416670000001,150.0,12,331,4003,0.04,49650,0.0005,0.03552291542291641,12162
0.4086249999999998,-4.20897755,150.0,12,332,4003,0.04,49800,0.0005,0.03976108878850937,12199
0.4068437500000003,-4.26868877,150.0,12,333,4002,0.04,49950,0.0005,0.0464312881231308,12237
0.4050625000000002,-4.32255407,150.0,12,334,4000,0.04,50100,0.0005,0.0600060299038887,12274
0.40328125000000015,-4.6032341699999995,150.0,12,335,3999,0.04,50250,0.0005,0.03609391674399376,12312
0.4015000000000001,-4.511360959999999,150.0,12,336,3998,0.04,50400,0.0005,0.05218324065208435,12349
0.39971875,-4.67248009,150.0,12,337,3997,0.04,50550,0.0005,0.05019739642739296,12387
0.39793749999999994,-4.62921088,150.0,12,338,3996,0.04,50700,0.0005,0.03903820738196373,12424
0.39615625000000043,-4.6467914,150.0,12,339,3995,0.04,50850,0.0005,0.044846080243587494,12462
0.39437500000000036,-4.69721643,150.0,12,340,3994,0.04,51000,0.0005,0.062332041561603546,12499
0.3925937500000003,-4.57663898,150.0,12,341,3993,0.04,51150,0.0005,0.05741758272051811,12537
0.3908125000000001,-4.41734449,150.0,12,342,3992,0.04,51300,0.0005,0.05171334743499756,12574
0.38903125000000005,-4.299419889999999,150.0,12,343,3991,0.04,51450,0.0005,0.058288395404815674,12612
0.3872500000000001,-4.29976485,150.0,12,344,3990,0.04,51600,0.0005,0.11347158998250961,12649
0.38546875,-4.446443159999999,150.0,12,345,3989,0.04,51750,0.0005,0.037808775901794434,12687
0.38368749999999996,-4.32000005,150.0,13,346,3988,0.04,51900,0.0005,0.031032763421535492,12724
0.3819062499999998,-4.245116670000001,150.0,13,347,3987,0.04,52050,0.0005,0.046348828822374344,12762
0.3801249999999997,-4.17839158,150.0,13,348,3987,0.05,52200,0.0005,0.028980711475014687,12799
0.3783437500000002,-4.071147669999999,150.0,13,349,3986,0.05,52350,0.0005,0.03793053701519966,12837
0.37656250000000013,-4.2029689999999995,150.0,13,350,3985,0.05,52500,0.0005,0.025932466611266136,12874
0.3747812500000002,-4.396129319999999,150.0,13,351,3984,0.05,52650,0.0005,0.0375310480594635,12912
0.373,-4.36017288,150.0,13,352,3983,0.05,52800,0.0005,0.04989400506019592,12949
0.37121874999999993,-4.40218446,150.0,13,353,3982,0.05,52950,0.0005,0.04982743412256241,12987
0.3694375,-4.27968123,150.0,13,354,3981,0.05,53100,0.0005,0.0374641939997673,13024
0.36765625000000035,-4.37364062,150.0,13,355,3981,0.05,53250,0.0005,0.041508156806230545,13062
0.3658750000000004,-4.49588967,150.0,13,356,3980,0.05,53400,0.0005,0.0668199360370636,13099
0.3640937500000002,-4.40841607,150.0,13,357,3979,0.05,53550,0.0005,0.05709484964609146,13137
0.36231250000000015,-4.3239639500000004,150.0,13,358,3978,0.05,53700,0.0005,0.05121474340558052,13174
0.3605312500000001,-4.20026201,150.0,13,359,3977,0.05,53850,0.0005,0.05967523530125618,13212
0.35875,-4.0393387700000005,150.0,13,360,3975,0.06,54000,0.0005,0.053088948130607605,13249
0.35696875000000006,-3.933877120000001,150.0,13,361,3973,0.06,54150,0.0005,0.1115310937166214,13287
0.3551874999999999,-3.9952366300000004,150.0,13,362,3973,0.06,54300,0.0005,0.057871416211128235,13324
0.3534062499999998,-3.9551461100000007,150.0,13,363,3972,0.06,54450,0.0005,0.055161021649837494,13362
0.35162499999999974,-3.8540490600000004,150.0,13,364,3971,0.06,54600,0.0005,0.041861534118652344,13399
0.34984375000000023,-3.83070494,150.0,13,365,3970,0.06,54750,0.0005,0.05002385377883911,13437
0.34806250000000005,-3.8196007100000005,150.0,13,366,3969,0.06,54900,0.0005,0.03587579354643822,13474
0.3462812500000001,-3.78775147,150.0,13,367,3968,0.06,55050,0.0005,0.04277610778808594,13512
0.34450000000000003,-3.9410563500000007,150.0,13,368,3967,0.06,55200,0.0005,0.048732444643974304,13549
0.34271874999999996,-3.9391917999999997,150.0,13,369,3966,0.06,55350,0.0005,0.04083837568759918,13587
0.3409374999999999,-3.9258566000000004,150.0,13,370,3966,0.06,55500,0.0005,0.06268066167831421,13624
0.33915625000000027,-3.7729702999999994,150.0,14,371,3965,0.06,55650,0.0005,0.038026679307222366,13662
0.3373750000000003,-3.8004091599999996,150.0,14,372,3964,0.06,55800,0.0005,0.07793211191892624,13699
0.33559375000000014,-4.0007645400000005,150.0,14,373,3962,0.06,55950,0.0005,0.04909653216600418,13737
0.3338125000000002,-4.197549510000001,150.0,14,374,3961,0.06,56100,0.0005,0.05991110950708389,13774
0.3320312500000001,-4.04571408,150.0,14,375,3948,0.06,56250,0.0005,0.07257770001888275,13812
0.33024999999999993,-4.099934469999999,150.0,14,376,3947,0.06,56400,0.0005,0.04307727515697479,13849
0.32846875,-4.26142316,150.0,14,377,3946,0.06,56550,0.0005,0.02657872997224331,13887
0.3266874999999998,-4.27328933,150.0,14,378,3945,0.06,56700,0.0005,0.04014495387673378,13924
0.32490624999999984,-4.294801649999999,150.0,14,379,3944,0.06,56850,0.0005,0.03366561606526375,13962
0.3231250000000002,-4.2561025699999995,150.0,14,380,3943,0.06,57000,0.0005,0.04456470161676407,13999
0.32134375000000015,-4.50591645,150.0,14,381,3942,0.06,57150,0.0005,0.047557227313518524,14037
0.3195625000000002,-4.37904404,150.0,14,382,3942,0.06,57300,0.0005,0.05498863756656647,14074
0.31778125,-4.49114457,150.0,14,383,3941,0.06,57450,0.0005,0.05540565401315689,14112
0.31600000000000006,-4.57321003,150.0,14,384,3940,0.06,57600,0.0005,0.06287167221307755,14149
0.3142187499999999,-4.5627311299999995,150.0,14,385,3939,0.06,57750,0.0005,0.038194045424461365,14187
0.31243750000000037,-4.536043769999999,150.0,14,386,3938,0.06,57900,0.0005,0.05426490679383278,14224
0.3106562500000003,-4.34243795,150.0,14,387,3937,0.07,58050,0.0005,0.062096692621707916,14262
0.30887500000000023,-4.1536845499999995,150.0,14,388,3936,0.07,58200,0.0005,0.038506533950567245,14299
0.3070937500000003,-4.52592337,150.0,14,389,3935,0.06,58350,0.0005,0.036658719182014465,14337
0.3053125000000001,-4.30430901,150.0,14,390,3934,0.06,58500,0.0005,0.03255082294344902,14374
0.30353125000000003,-4.23438727,150.0,14,391,3933,0.06,58650,0.0005,0.04478822648525238,14412
0.30174999999999996,-4.42148128,150.0,14,392,3933,0.06,58800,0.0005,0.024695254862308502,14449
0.2999687499999999,-4.422508670000001,150.0,14,393,3932,0.06,58950,0.0005,0.0384046733379364,14487
0.29818749999999994,-4.577340180000001,150.0,15,394,3931,0.06,59100,0.0005,0.054063618183135986,14524
0.29640624999999976,-4.382034710000001,150.0,15,395,3931,0.07,59250,0.0005,0.0319182388484478,14562
0.29462500000000025,-4.391875430000001,150.0,15,396,3930,0.07,59400,0.0005,0.021129565313458443,14599
0.2928437500000002,-4.19856861,150.0,15,397,3929,0.08,59550,0.0005,0.05240270122885704,14637
0.2910625000000001,-4.32407465,150.0,15,398,3928,0.08,59700,0.0005,0.04608498513698578,14674
0.28928124999999993,-4.57379077,150.0,15,399,3927,0.08,59850,0.0005,0.03471774607896805,14712
0.2875,-4.467408020000001,150.0,15,400,3926,0.08,60000,0.0005,0.07490797340869904,14749
0.2857187499999999,-4.355787520000001,150.0,15,401,3925,0.08,60150,0.0005,0.05997888371348381,14787
0.2839375000000004,-4.34572734,150.0,15,402,3924,0.08,60300,0.0005,0.03888441622257233,14824
0.28215625000000033,-4.419757260000001,150.0,15,403,3923,0.08,60450,0.0005,0.05196625739336014,14862
0.28037500000000015,-4.54341428,150.0,15,404,3922,0.08,60600,0.0005,0.041691262274980545,14899
0.2785937500000002,-4.81504913,150.0,15,405,3922,0.07,60750,0.0005,0.05235583335161209,14937
0.2768125,-4.65972631,150.0,15,406,3921,0.08,60900,0.0005,0.05259742587804794,14974
0.27503125000000006,-4.628749310000001,150.0,15,407,3921,0.08,61050,0.0005,0.032124120742082596,15012
0.27325,-4.63052319,150.0,15,408,3920,0.08,61200,0.0005,0.1427093744277954,15049
0.2714687499999998,-4.73974791,150.0,15,409,3919,0.07,61350,0.0005,0.028841063380241394,15087
0.26968749999999986,-4.8030128,150.0,15,410,3919,0.07,61500,0.0005,0.06080877408385277,15124
0.2679062499999997,-4.83932799,150.0,15,411,3918,0.07,61650,0.0005,0.06058305874466896,15162
0.2661250000000003,-4.93035944,150.0,15,412,3918,0.07,61800,0.0005,0.055091340094804764,15199
0.2643437500000001,-4.65091981,150.0,15,413,3917,0.07,61950,0.0005,0.04904184490442276,15237
0.26256250000000003,-4.4800166,150.0,15,414,3916,0.07,62100,0.0005,0.03606271743774414,15274
0.2607812500000001,-4.4215773,150.0,15,415,3915,0.07,62250,0.0005,0.03990104794502258,15312
0.2589999999999999,-4.45450065,150.0,15,416,3915,0.07,62400,0.0005,0.047336697578430176,15349
0.2572187500000005,-4.42509776,150.0,15,417,3914,0.07,62550,0.0005,0.04674767702817917,15387
0.2554375000000003,-4.49382272,150.0,16,418,3913,0.07,62700,0.0005,0.04444517940282822,15424
0.25365625000000025,-4.49800833,150.0,16,419,3913,0.07,62850,0.0005,0.07017774879932404,15462
0.2518750000000002,-4.53692689,150.0,16,420,3912,0.07,63000,0.0005,0.053510796278715134,15499
0.2500937500000001,-4.54147446,150.0,16,421,3911,0.07,63150,0.0005,0.04564737528562546,15537
0.24831250000000016,-4.62059117,150.0,16,422,3910,0.07,63300,0.0005,0.053267866373062134,15574
0.24653124999999998,-4.75775527,150.0,16,423,3909,0.07,63450,0.0005,0.04807630926370621,15612
0.2447499999999999,-4.9099899,150.0,16,424,3909,0.07,63600,0.0005,0.03645758330821991,15649
0.24296874999999984,-4.7448728,150.0,16,425,3908,0.08,63750,0.0005,0.048669230192899704,15687
0.24118749999999978,-4.48738437,150.0,16,426,3908,0.09,63900,0.0005,0.032618872821331024,15724
0.23940625000000015,-4.52220907,150.0,16,427,3907,0.09,64050,0.0005,0.046000778675079346,15762
0.2376250000000002,-4.7391286,150.0,16,428,3906,0.09,64200,0.0005,0.05368936061859131,15799
0.23584375000000013,-4.695257519999999,150.0,16,429,3906,0.09,64350,0.0005,0.04688982665538788,15837
0.23406250000000006,-4.93111565,150.0,16,430,3905,0.08,64500,0.0005,0.042099740356206894,15874
0.23228125,-4.9359342999999996,150.0,16,431,3904,0.08,64650,0.0005,0.037957094609737396,15912
0.23049999999999982,-4.854249629999999,150.0,16,432,3903,0.08,64800,0.0005,0.03984608128666878,15949
0.22871875000000041,-4.752824799999999,150.0,16,433,3902,0.08,64950,0.0005,0.0415465384721756,15987
0.22693750000000024,-4.6379674799999995,150.0,16,434,3902,0.08,65100,0.0005,0.05199749767780304,16024
0.22515625000000028,-4.56665578,150.0,16,435,3901,0.08,65250,0.0005,0.052532859146595,16062
0.2233750000000002,-4.3399892,150.0,16,436,3900,0.09,65400,0.0005,0.0488491952419281,16099
0.22159375000000003,-4.17042565,150.0,16,437,3899,0.09,65550,0.0005,0.0475928895175457,16137
0.21981250000000008,-4.194793660000001,150.0,16,438,3898,0.09,65700,0.0005,0.04993964731693268,16174
0.2180312499999999,-4.199992550000001,150.0,16,439,3898,0.09,65850,0.0005,0.043508876115083694,16212
0.21624999999999994,-4.2069386600000005,150.0,16,440,3897,0.09,66000,0.0005,0.05020812153816223,16249
0.21446874999999987,-4.55568291,150.0,16,441,3896,0.09,66150,0.0005,0.030321292579174042,16287
0.2126874999999997,-4.500055059999999,150.0,17,442,3896,0.09,66300,0.0005,0.10064318776130676,16324
0.2109062500000003,-4.4552191699999995,150.0,17,443,3895,0.09,66450,0.0005,0.03667982667684555,16362
0.20912500000000012,-4.63354343,150.0,17,444,3894,0.09,66600,0.0005,0.06045030802488327,16399
0.20734375000000016,-4.664521389999999,150.0,17,445,3893,0.09,66750,0.0005,0.07034547626972198,16437
0.20556249999999998,-4.6931930699999995,150.0,17,446,3893,0.09,66900,0.0005,0.036292821168899536,16474
0.2037812499999999,-4.690581549999999,150.0,17,447,3892,0.09,67050,0.0005,0.04886469617486,16512
0.20199999999999996,-4.7881538699999995,150.0,17,448,3891,0.08,67200,0.0005,0.051698558032512665,16549
0.20021875000000033,-4.67194642,150.0,17,449,3891,0.09,67350,0.0005,0.04448988288640976,16587
0.19843750000000038,-4.61943893,150.0,17,450,3890,0.09,67500,0.0005,0.058985449373722076,16624
0.1966562500000002,-4.348005850000001,150.0,17,451,3889,0.1,67650,0.0005,0.06043771654367447,16662
0.19487500000000013,-4.378595160000001,150.0,17,452,3889,0.1,67800,0.0005,0.03984049707651138,16699
0.19309375000000006,-4.25306133,150.0,17,453,3888,0.1,67950,0.0005,0.026490123942494392,16737
0.1913125,-4.35758303,150.0,17,454,3887,0.1,68100,0.0005,0.0368916392326355,16774
0.18953125000000004,-4.21360705,150.0,17,455,3886,0.1,68250,0.0005,0.04409930109977722,16812
0.18774999999999986,-4.03645851,150.0,17,456,3886,0.1,68400,0.0005,0.06803475320339203,16849
0.1859687499999998,-4.29577821,150.0,17,457,3885,0.1,68550,0.0005,0.04758135974407196,16887
0.18418749999999973,-4.4513263400000005,150.0,17,458,3884,0.1,68700,0.0005,0.038019049912691116,16924
0.18240625000000021,-4.48384557,150.0,17,459,3883,0.1,68850,0.0005,0.028402378782629967,16962
0.18062500000000004,-4.78889181,150.0,17,460,3882,0.09,69000,0.0005,0.05092838406562805,16999
0.17884375000000008,-4.975315119999999,150.0,17,461,3881,0.09,69150,0.0005,0.032172661274671555,17037
0.1770625,-4.87071702,150.0,17,462,3880,0.09,69300,0.0005,0.01625039428472519,17074
0.17528124999999994,-5.067200929999999,150.0,17,463,3880,0.09,69450,0.0005,0.021453604102134705,17112
0.17350000000000043,-5.033051709999999,150.0,17,464,3879,0.09,69600,0.0005,0.05896614491939545,17149
0.17171875000000025,-4.900251939999999,150.0,17,465,3878,0.09,69750,0.0005,0.018502576276659966,17187
0.1699375000000003,-4.9764158599999995,150.0,18,466,3877,0.09,69900,0.0005,0.019318796694278717,17224
0.16815625000000012,-5.204349309999999,150.0,18,467,3877,0.09,70050,0.0005,0.02625855803489685,17262
0.16637500000000016,-5.0644925899999995,150.0,18,468,3876,0.09,70200,0.0005,0.07558839023113251,17299
0.1645937500000001,-4.89495533,150.0,18,469,3876,0.09,70350,0.0005,0.02272854559123516,17337
0.16281249999999992,-4.863340930000001,150.0,18,470,3873,0.09,70500,0.0005,0.027246015146374702,17374
0.16103124999999996,-4.84176294,150.0,18,471,3869,0.09,70650,0.0005,0.03406127169728279,17412
0.15924999999999978,-4.747569100000001,150.0,18,472,3854,0.09,70800,0.0005,0.023516550660133362,17449
0.15746874999999982,-4.70706484,150.0,18,473,3851,0.09,70950,0.0005,0.04796593636274338,17487
0.1556875000000002,-4.39637591,150.0,18,474,3846,0.1,71100,0.0005,0.057879820466041565,17524
0.15390625000000013,-4.4306179199999995,150.0,18,475,3841,0.1,71250,0.0005,0.047668538987636566,17562
0.15212500000000018,-4.39484388,150.0,18,476,3832,0.11,71400,0.0005,0.04269152134656906,17599
0.15034375,-4.3078753,150.0,18,477,3828,0.11,71550,0.0005,0.04286375641822815,17637
0.14856250000000004,-4.162992280000001,150.0,18,478,3827,0.11,71700,0.0005,0.03245900943875313,17674
0.14678124999999986,-3.97710908,150.0,18,479,3826,0.11,71850,0.0005,0.05287668853998184,17712
0.14500000000000035,-3.9171651,150.0,18,480,3825,0.11,72000,0.0005,0.05717824772000313,17749
0.14321875000000028,-3.9169079600000005,150.0,18,481,3824,0.11,72150,0.0005,0.07257974147796631,17787
0.14143750000000022,-3.99688936,150.0,18,482,3823,0.11,72300,0.0005,0.026945579797029495,17824
0.13965625000000026,-3.9875525599999997,150.0,18,483,3823,0.11,72450,0.0005,0.06553694605827332,17862
0.13787500000000008,-4.01648367,150.0,19,484,3820,0.11,72600,0.0005,0.0483306422829628,17899
0.13609375,-3.803963480000001,150.0,19,485,3817,0.12,72750,0.0005,0.04048610106110573,17937
0.13431249999999995,-3.7025124600000003,150.0,19,486,3817,0.12,72900,0.0005,0.027791891247034073,17974
0.13253124999999988,-3.89469156,150.0,19,487,3816,0.11,73050,0.0005,0.03755282238125801,18012
0.13074999999999992,-3.91079808,150.0,19,488,3815,0.11,73200,0.0005,0.05625719949603081,18049
0.12896874999999974,-3.8341002,150.0,19,489,3815,0.11,73350,0.0005,0.03132396191358566,18087
0.12718750000000023,-3.86874128,150.0,19,490,3814,0.11,73500,0.0005,0.07412955909967422,18124
0.12540625000000016,-3.8871729700000004,150.0,19,491,3813,0.11,73650,0.0005,0.062270328402519226,18162
0.1236250000000001,-3.82766232,150.0,19,492,3813,0.11,73800,0.0005,0.036157988011837006,18199
0.12184374999999992,-3.8288155800000006,150.0,19,493,3812,0.11,73950,0.0005,0.036488573998212814,18237
0.12006249999999996,-3.72986174,150.0,19,494,3811,0.11,74100,0.0005,0.055625949054956436,18274
0.1182812499999999,-3.84665631,150.0,19,495,3811,0.1,74250,0.0005,0.042602039873600006,18312
0.11650000000000038,-3.78725064,150.0,19,496,3810,0.1,74400,0.0005,0.09964840859174728,18349
0.11471875000000031,-4.236911050000001,150.0,19,497,3809,0.09,74550,0.0005,0.05391576141119003,18387
0.11293750000000014,-3.9588484500000005,150.0,19,498,3809,0.1,74700,0.0005,0.0396561399102211,18424
0.11115625000000018,-3.7411191900000005,150.0,19,499,3808,0.1,74850,0.0005,0.047753531485795975,18462
0.10937500000000011,-3.6669798300000007,150.0,19,500,3806,0.1,75000,0.0005,0.038822200149297714,18499
0.10759375000000004,-3.8218604900000006,150.0,19,501,3806,0.1,75150,0.0005,0.05030848830938339,18537
0.10581249999999998,-3.8024373700000007,150.0,19,502,3805,0.1,75300,0.0005,0.05363361909985542,18574
0.1040312499999998,-3.67942851,150.0,19,503,3805,0.1,75450,0.0005,0.056825555860996246,18612
0.10224999999999984,-3.6703053800000007,150.0,19,504,3804,0.1,75600,0.0005,0.03340999409556389,18649
0.10046875000000022,-3.5543986500000004,150.0,19,505,3804,0.1,75750,0.0005,0.03748059272766113,18687
0.09868750000000026,-3.691456410000001,150.0,19,506,3803,0.09,75900,0.0005,0.061645735055208206,18724
0.0969062500000002,-3.6027446700000008,150.0,19,507,3802,0.09,76050,0.0005,0.04599428549408913,18762
0.09512500000000002,-3.4429257700000004,150.0,20,508,3802,0.1,76200,0.0005,0.06261274218559265,18799
0.09334375000000006,-3.6661188100000004,150.0,20,509,3801,0.1,76350,0.0005,0.03934166580438614,18837
0.09156249999999988,-3.5601041199999997,150.0,20,510,3801,0.1,76500,0.0005,0.07320015132427216,18874
0.08978125000000048,-3.5295255500000002,150.0,20,511,3800,0.1,76650,0.0005,0.04040750861167908,18912
0.0880000000000003,-3.3752153299999996,150.0,20,512,3799,0.1,76800,0.0005,0.0703439936041832,18949
0.08621875000000023,-3.41270395,150.0,20,513,3799,0.1,76950,0.0005,0.05914899706840515,18987
0.08443750000000028,-3.43581054,150.0,20,514,3798,0.1,77100,0.0005,0.030592111870646477,19024
0.0826562500000001,-3.323584209999999,150.0,20,515,3797,0.11,77250,0.0005,0.059263087809085846,19062
0.08087500000000014,-3.416158319999999,150.0,20,516,3797,0.11,77400,0.0005,0.03963606804609299,19099
0.07909374999999996,-3.27469404,150.0,20,517,3796,0.12,77550,0.0005,0.040817953646183014,19137
0.0773124999999999,-3.2439550600000002,150.0,20,518,3795,0.12,77700,0.0005,0.049424391239881516,19174
0.07553124999999994,-3.20335909,150.0,20,519,3794,0.12,77850,0.0005,0.03617711365222931,19212
0.07374999999999976,-3.0827560600000004,150.0,20,520,3794,0.12,78000,0.0005,0.05914132297039032,19249
0.07196875000000036,-3.0888526600000006,150.0,20,521,3793,0.12,78150,0.0005,0.04582208767533302,19287
0.07018750000000018,-3.0825709400000005,150.0,20,522,3792,0.12,78300,0.0005,0.02805744670331478,19324
0.06840625000000011,-3.1278924999999997,150.0,20,523,3791,0.12,78450,0.0005,0.04012656956911087,19362
0.06662500000000005,-3.13019078,150.0,20,524,3790,0.12,78600,0.0005,0.030363649129867554,19399
0.06484374999999998,-3.1402865499999995,150.0,20,525,3789,0.12,78750,0.0005,0.10634008049964905,19437
0.06306250000000002,-3.1965839799999998,150.0,20,526,3787,0.12,78900,0.0005,0.024136913940310478,19474
0.0612812500000004,-3.3944956200000003,150.0,20,527,3786,0.12,79050,0.0005,0.05609019100666046,19512
0.05950000000000033,-3.20071079,150.0,20,528,3785,0.12,79200,0.0005,0.0464881956577301,19549
0.05771875000000026,-3.4387390200000003,150.0,20,529,3785,0.12,79350,0.0005,0.04218028113245964,19587
0.055937500000000195,-3.2880791300000003,150.0,21,530,3784,0.12,79500,0.0005,0.04489665478467941,19624
0.05415625000000002,-3.22601588,150.0,21,531,3783,0.12,79650,0.0005,0.037616707384586334,19662
0.05237500000000006,-3.2243944700000005,150.0,21,532,3781,0.12,79800,0.0005,0.05445986986160278,19699
0.05059374999999999,-3.1785989900000002,150.0,21,533,3780,0.12,79950,0.0005,0.054810136556625366,19737
0.05,-3.28577528,150.0,21,534,3779,0.12,80100,0.0005,0.03508131206035614,19774
0.05,-3.14398187,150.0,21,535,3778,0.12,80250,0.0005,0.024883482605218887,19812
0.05,-3.5269281900000005,150.0,21,536,3769,0.11,80400,0.0005,0.038955748081207275,19849
0.05,-3.6772342200000003,150.0,21,537,3768,0.11,80550,0.0005,0.05083762854337692,19887
0.05,-3.7927302499999995,150.0,21,538,3768,0.11,80700,0.0005,0.055394887924194336,19924
0.05,-3.72528203,150.0,21,539,3767,0.11,80850,0.0005,0.07050994038581848,19962
0.05,-3.8223720199999995,150.0,21,540,3766,0.11,81000,0.0005,0.05114327371120453,19999
0.05,-3.65268017,150.0,21,541,3765,0.11,81150,0.0005,0.024462221190333366,20037
0.05,-3.62238934,150.0,21,542,3764,0.12,81300,0.0005,0.042353540658950806,20074
0.05,-3.4244617300000004,150.0,21,543,3763,0.13,81450,0.0005,0.013950956054031849,20112
0.05,-3.1113341400000003,150.0,21,544,3760,0.14,81600,0.0005,0.04044779762625694,20149
0.05,-3.01109129,150.0,21,545,3757,0.14,81750,0.0005,0.036175262182950974,20187
0.05,-2.79900975,150.0,21,546,3755,0.15,81900,0.0005,0.046779897063970566,20224
0.05,-2.94700025,150.0,21,547,3753,0.15,82050,0.0005,0.03341926634311676,20262
0.05,-2.9602920099999994,150.0,21,548,3750,0.15,82200,0.0005,0.03933657705783844,20299
0.05,-2.9934424100000006,150.0,21,549,3748,0.14,82350,0.0005,0.03305317461490631,20337
0.05,-2.9030657200000007,150.0,22,550,3745,0.14,82500,0.0005,0.046270035207271576,20374
0.05,-3.233486540000001,150.0,22,551,3740,0.13,82650,0.0005,0.02914321981370449,20412
0.05,-3.1526287900000005,150.0,22,552,3736,0.13,82800,0.0005,0.12049262225627899,20449
0.05,-3.1022479400000003,150.0,22,553,3730,0.13,82950,0.0005,0.050524357706308365,20487
0.05,-3.02346798,150.0,22,554,3730,0.13,83100,0.0005,0.05961281806230545,20524
0.05,-3.20271096,150.0,22,555,3729,0.13,83250,0.0005,0.04766228795051575,20562
0.05,-3.0543622900000003,150.0,22,556,3728,0.14,83400,0.0005,0.06796322762966156,20599
0.05,-2.95008948,150.0,22,557,3723,0.14,83550,0.0005,0.0630919337272644,20637
0.05,-2.9489093000000004,150.0,22,558,3717,0.14,83700,0.0005,0.04648343846201897,20674
0.05,-2.78958921,150.0,22,559,3713,0.15,83850,0.0005,0.05941830202937126,20712
0.05,-2.5326244199999994,150.0,22,560,3704,0.16,84000,0.0005,0.05134429782629013,20749
0.05,-2.35099098,150.0,22,561,3703,0.16,84150,0.0005,0.03822652995586395,20787
0.05,-2.3703234500000003,150.0,22,562,3703,0.16,84300,0.0005,0.03850402683019638,20824
0.05,-2.42717769,150.0,22,563,3702,0.16,84450,0.0005,0.06258317083120346,20862
0.05,-2.54705891,150.0,22,564,3701,0.16,84600,0.0005,0.0975051075220108,20899
0.05,-2.72298739,150.0,22,565,3701,0.16,84750,0.0005,0.03598311170935631,20937
0.05,-2.5141870600000003,150.0,22,566,3700,0.17,84900,0.0005,0.03471336513757706,20974
0.05,-2.3811908000000006,150.0,22,567,3699,0.17,85050,0.0005,0.030168460682034492,21012
0.05,-2.3266481000000003,150.0,23,568,3699,0.17,85200,0.0005,0.04076801985502243,21049
0.05,-2.4393460800000004,150.0,23,569,3698,0.17,85350,0.0005,0.04060836136341095,21087
0.05,-2.2290604000000007,150.0,23,570,3698,0.18,85500,0.0005,0.06581304222345352,21124
0.05,-2.4526686200000007,150.0,23,571,3698,0.18,85650,0.0005,0.06277457624673843,21162
0.05,-2.4858507300000006,150.0,23,572,3697,0.18,85800,0.0005,0.062462396919727325,21199
0.05,-2.3861373799999996,150.0,23,573,3697,0.18,85950,0.0005,0.05752688646316528,21237
0.05,-2.58953524,150.0,23,574,3696,0.17,86100,0.0005,0.05363026261329651,21274
0.05,-2.69296475,150.0,23,575,3696,0.17,86250,0.0005,0.05719872564077377,21312
0.05,-2.74925699,150.0,23,576,3695,0.16,86400,0.0005,0.05759354680776596,21349
0.05,-2.8265169299999995,150.0,23,577,3695,0.16,86550,0.0005,0.03427106887102127,21387
0.05,-3.0212838,150.0,23,578,3694,0.16,86700,0.0005,0.1568281650543213,21424
0.05,-3.07790896,150.0,23,579,3694,0.16,86850,0.0005,0.09246515482664108,21462
0.05,-2.95211747,150.0,23,580,3693,0.16,87000,0.0005,0.04123708978295326,21499
0.05,-2.8638771299999997,150.0,23,581,3693,0.16,87150,0.0005,0.0424572117626667,21537
0.05,-2.8336175800000003,150.0,23,582,3684,0.16,87300,0.0005,0.02818768471479416,21574
0.05,-2.8729099099999997,150.0,23,583,3683,0.16,87450,0.0005,0.04410473257303238,21612
0.05,-2.8985232799999996,150.0,23,584,3683,0.16,87600,0.0005,0.06265467405319214,21649
0.05,-3.04843335,150.0,23,585,3682,0.15,87750,0.0005,0.06458761543035507,21687
0.05,-3.10320156,150.0,23,586,3682,0.15,87900,0.0005,0.032743461430072784,21724
0.05,-3.0452212599999995,150.0,23,587,3681,0.15,88050,0.0005,0.03427594155073166,21762
0.05,-2.851710889999999,150.0,23,588,3681,0.16,88200,0.0005,0.061238572001457214,21799
0.05,-2.761704859999999,150.0,24,589,3680,0.16,88350,0.0005,0.029678581282496452,21837
0.05,-2.9531364099999986,150.0,24,590,3680,0.16,88500,0.0005,0.07281027734279633,21874
0.05,-2.9437241699999985,150.0,24,591,3679,0.16,88650,0.0005,0.05267539620399475,21912
0.05,-2.9315759399999997,150.0,24,592,3679,0.16,88800,0.0005,0.08524848520755768,21949
0.05,-2.96390277,150.0,24,593,3678,0.16,88950,0.0005,0.0355050228536129,21987
0.05,-2.842714879999999,150.0,24,594,3678,0.16,89100,0.0005,0.052404750138521194,22024
0.05,-2.6633766000000003,150.0,24,595,3677,0.17,89250,0.0005,0.07689318805932999,22062
0.05,-2.8691038999999994,150.0,24,596,3677,0.17,89400,0.0005,0.03458215668797493,22099
0.05,-2.64678403,150.0,24,597,3676,0.17,89550,0.0005,0.04451995715498924,22137
0.05,-2.56432442,150.0,24,598,3676,0.17,89700,0.0005,0.04341026395559311,22174
0.05,-2.7009279499999996,150.0,24,599,3676,0.17,89850,0.0005,0.07173731923103333,22212
0.05,-2.7518977899999997,150.0,24,600,3675,0.17,90000,0.0005,0.07587866485118866,22249
0.05,-2.7613693800000005,150.0,24,601,3675,0.17,90150,0.0005,0.03499724343419075,22287
0.05,-2.76017078,150.0,24,602,3675,0.17,90300,0.0005,0.0897306576371193,22324
0.05,-2.77799168,150.0,24,603,3674,0.17,90450,0.0005,0.06089919060468674,22362
0.05,-2.7556919,150.0,24,604,3674,0.17,90600,0.0005,0.022216904908418655,22399
0.05,-2.5910519799999996,150.0,24,605,3674,0.18,90750,0.0005,0.02470024675130844,22437
0.05,-2.4987110999999995,150.0,24,606,3673,0.18,90900,0.0005,0.026229726150631905,22474
0.05,-2.62226615,150.0,24,607,3673,0.18,91050,0.0005,0.052314721047878265,22512
0.05,-2.738283149999999,150.0,24,608,3673,0.17,91200,0.0005,0.030355088412761688,22549
0.05,-2.59905259,150.0,24,609,3672,0.17,91350,0.0005,0.05969259887933731,22587
0.05,-2.5594143099999993,150.0,24,610,3672,0.17,91500,0.0005,0.04187057912349701,22624
0.05,-2.4810163899999997,150.0,24,611,3672,0.17,91650,0.0005,0.044526901096105576,22662
0.05,-2.3808035999999997,150.0,25,612,3671,0.18,91800,0.0005,0.04268629103899002,22699
0.05,-2.41893301,150.0,25,613,3671,0.18,91950,0.0005,0.050751958042383194,22737
0.05,-2.4617518999999994,150.0,25,614,3671,0.18,92100,0.0005,0.04873744398355484,22774
0.05,-2.46156203,150.0,25,615,3670,0.18,92250,0.0005,0.059043485671281815,22812
0.05,-2.2094411099999993,150.0,25,616,3670,0.19,92400,0.0005,0.04457768052816391,22849
0.05,-2.2635288,150.0,25,617,3670,0.18,92550,0.0005,0.054109856486320496,22887
0.05,-2.3026273099999996,150.0,25,618,3669,0.18,92700,0.0005,0.051479265093803406,22924
0.05,-2.3297448899999997,150.0,25,619,3669,0.18,92850,0.0005,0.030061958357691765,22962
0.05,-2.4282122599999996,150.0,25,620,3669,0.18,93000,0.0005,0.045387111604213715,22999
0.05,-2.37209428,150.0,25,621,3668,0.18,93150,0.0005,0.03847474604845047,23037
0.05,-2.2313335299999997,150.0,25,622,3668,0.19,93300,0.0005,0.04418583959341049,23074
0.05,-1.9078872700000005,150.0,25,623,3668,0.2,93450,0.0005,0.04627981036901474,23112
0.05,-1.80826429,150.0,25,624,3668,0.2,93600,0.0005,0.03856252133846283,23149
0.05,-2.02513913,150.0,25,625,3668,0.19,93750,0.0005,0.03610400855541229,23187
0.05,-2.2183089099999997,150.0,25,626,3667,0.18,93900,0.0005,0.0670982152223587,23224
0.05,-2.1409352900000003,150.0,25,627,3667,0.18,94050,0.0005,0.041984960436820984,23262
0.05,-2.42174607,150.0,25,628,3666,0.18,94200,0.0005,0.06336341798305511,23299
0.05,-2.0278031500000004,150.0,25,629,3666,0.19,94350,0.0005,0.04499419033527374,23337
0.05,-2.0119005700000003,150.0,25,630,3665,0.19,94500,0.0005,0.04300767928361893,23374
0.05,-2.00250717,150.0,25,631,3665,0.19,94650,0.0005,0.03521572798490524,23412
0.05,-1.97820312,150.0,25,632,3665,0.19,94800,0.0005,0.057296350598335266,23449
0.05,-2.07423445,150.0,25,633,3664,0.19,94950,0.0005,0.059000272303819656,23487
0.05,-1.9552297399999998,150.0,25,634,3664,0.19,95100,0.0005,0.07652208209037781,23524
0.05,-1.9593238999999993,150.0,25,635,3663,0.19,95250,0.0005,0.03952891007065773,23562
0.05,-1.87668932,150.0,26,636,3663,0.19,95400,0.0005,0.04603948816657066,23599
0.05,-1.93705689,150.0,26,637,3663,0.19,95550,0.0005,0.05862675607204437,23637
0.05,-1.9391748100000001,150.0,26,638,3662,0.19,95700,0.0005,0.05173351615667343,23674
0.05,-2.1012657200000002,150.0,26,639,3662,0.19,95850,0.0005,0.06106005609035492,23712
0.05,-2.00416921,150.0,26,640,3662,0.19,96000,0.0005,0.08983893692493439,23749
0.05,-1.9640030899999998,150.0,26,641,3661,0.19,96150,0.0005,0.05997868627309799,23787
0.05,-2.04715916,150.0,26,642,3661,0.18,96300,0.0005,0.03913361206650734,23824
0.05,-2.43995454,150.0,26,643,3660,0.17,96450,0.0005,0.023696037009358406,23862
0.05,-2.5081836299999996,150.0,26,644,3660,0.16,96600,0.0005,0.058316782116889954,23899
0.05,-2.53280331,150.0,26,645,3660,0.16,96750,0.0005,0.024031877517700195,23937
0.05,-2.66441233,150.0,26,646,3660,0.15,96900,0.0005,0.02896749973297119,23974
0.05,-2.6336226799999998,150.0,26,647,3659,0.15,97050,0.0005,0.04506805166602135,24012
0.05,-2.4820193699999997,150.0,26,648,3659,0.16,97200,0.0005,0.056797392666339874,24049
0.05,-2.5485111299999996,150.0,26,649,3659,0.16,97350,0.0005,0.05237433314323425,24087
0.05,-2.73230824,150.0,26,650,3659,0.16,97500,0.0005,0.05899331718683243,24124
0.05,-2.5909772500000003,150.0,26,651,3658,0.16,97650,0.0005,0.05353385955095291,24162
0.05,-2.6501536299999997,150.0,26,652,3658,0.16,97800,0.0005,0.047050412744283676,24199
0.05,-2.7642508899999996,150.0,26,653,3658,0.16,97950,0.0005,0.05727224797010422,24237
0.05,-2.7802003199999996,150.0,26,654,3658,0.16,98100,0.0005,0.039315395057201385,24274
0.05,-2.70962066,150.0,26,655,3657,0.16,98250,0.0005,0.12250648438930511,24312
0.05,-2.8513352800000002,150.0,26,656,3657,0.15,98400,0.0005,0.03260496258735657,24349
0.05,-2.6818566099999996,150.0,26,657,3657,0.15,98550,0.0005,0.045736201107501984,24387
0.05,-2.7853013,150.0,26,658,3656,0.15,98700,0.0005,0.05778086930513382,24424
0.05,-2.7523051499999998,150.0,27,659,3656,0.15,98850,0.0005,0.09387656301259995,24462
0.05,-2.7854863400000003,150.0,27,660,3656,0.14,99000,0.0005,0.03530539572238922,24499
0.05,-2.903442069999999,150.0,27,661,3656,0.14,99150,0.0005,0.0466451570391655,24537
0.05,-2.8998330699999992,150.0,27,662,3656,0.14,99300,0.0005,0.056555286049842834,24574
0.05,-2.70213804,150.0,27,663,3655,0.14,99450,0.0005,0.05133645981550217,24612
0.05,-2.7012315999999994,150.0,27,664,3655,0.14,99600,0.0005,0.031347375363111496,24649
0.05,-2.65296543,150.0,27,665,3654,0.14,99750,0.0005,0.035076942294836044,24687
0.05,-2.7233154399999995,150.0,27,666,3654,0.13,99900,0.0005,0.04776399955153465,24724
0.05,-2.48664746,150.0,27,667,3653,0.14,100050,0.0005,0.03515254333615303,24762
0.05,-2.6056635299999997,150.0,27,668,3653,0.14,100200,0.0005,0.03735756129026413,24799
0.05,-2.6340793599999994,150.0,27,669,3653,0.14,100350,0.0005,0.03441493585705757,24837
0.05,-2.81710046,150.0,27,670,3653,0.13,100500,0.0005,0.0678127110004425,24874
0.05,-2.50784876,150.0,27,671,3652,0.13,100650,0.0005,0.0477481409907341,24912
0.05,-2.6012532299999997,150.0,27,672,3652,0.13,100800,0.0005,0.04548092186450958,24949
0.05,-2.56679158,150.0,27,673,3652,0.13,100950,0.0005,0.07547224313020706,24987
0.05,-2.64782962,150.0,27,674,3652,0.13,101100,0.0005,0.06645791232585907,25024
0.05,-2.6073550700000006,150.0,27,675,3651,0.13,101250,0.0005,0.06440254300832748,25062
0.05,-2.53117385,150.0,27,676,3651,0.13,101400,0.0005,0.024575088173151016,25099
0.05,-2.5860270800000005,150.0,27,677,3651,0.13,101550,0.0005,0.028385428711771965,25137
0.05,-2.3209961199999998,150.0,27,678,3651,0.14,101700,0.0005,0.0442003533244133,25174
0.05,-2.2384570299999997,150.0,27,679,3650,0.14,101850,0.0005,0.04535568505525589,25212
0.05,-2.31371965,150.0,27,680,3650,0.14,102000,0.0005,0.040566232055425644,25249
0.05,-2.10919851,150.0,27,681,3650,0.15,102150,0.0005,0.0688568651676178,25287
0.05,-2.10389643,150.0,28,682,3650,0.15,102300,0.0005,0.06760823726654053,25324
0.05,-2.02228014,150.0,28,683,3649,0.15,102450,0.0005,0.028658490628004074,25362
0.05,-1.96639511,150.0,28,684,3649,0.15,102600,0.0005,0.03559337183833122,25399
0.05,-1.8055597299999995,150.0,28,685,3649,0.16,102750,0.0005,0.03088814578950405,25437
0.05,-1.84449504,150.0,28,686,3648,0.16,102900,0.0005,0.05723974108695984,25474
0.05,-1.8009030299999997,150.0,28,687,3648,0.16,103050,0.0005,0.0407152958214283,25512
0.05,-1.80884984,150.0,28,688,3648,0.16,103200,0.0005,0.05764416977763176,25549
0.05,-1.8019077799999998,150.0,28,689,3648,0.16,103350,0.0005,0.037139713764190674,25587
0.05,-1.62468341,150.0,28,690,3648,0.16,103500,0.0005,0.07505454868078232,25624
0.05,-1.7129356599999996,150.0,28,691,3647,0.16,103650,0.0005,0.053546611219644547,25662
0.05,-1.5079227899999998,150.0,28,692,3647,0.17,103800,0.0005,0.029555674642324448,25699
0.05,-1.4220394399999998,150.0,28,693,3642,0.17,103950,0.0005,0.06422971934080124,25737
0.05,-1.5251739699999995,150.0,28,694,3639,0.17,104100,0.0005,0.036647722125053406,25774
0.05,-1.7062242599999997,150.0,28,695,3639,0.16,104250,0.0005,0.11524955928325653,25812
0.05,-1.3584288299999998,150.0,28,696,3639,0.17,104400,0.0005,0.03018646501004696,25849
0.05,-1.3759419199999996,150.0,28,697,3638,0.17,104550,0.0005,0.09548933804035187,25887
0.05,-1.6287362199999997,150.0,28,698,3638,0.16,104700,0.0005,0.05460837483406067,25924
0.05,-1.3712703099999997,150.0,28,699,3637,0.17,104850,0.0005,0.05555824562907219,25962
0.05,-1.4241486299999995,150.0,28,700,3636,0.17,105000,0.0005,0.02910192310810089,25999
0.05,-1.2471455800000002,150.0,28,701,3636,0.17,105150,0.0005,0.04040791839361191,26037
0.05,-1.19194166,150.0,28,702,3636,0.17,105300,0.0005,0.030948491767048836,26074
0.05,-1.2797871900000002,150.0,28,703,3636,0.17,105450,0.0005,0.02031330205500126,26112
0.05,-1.34139293,150.0,29,704,3636,0.17,105600,0.0005,0.04626598581671715,26149
0.05,-1.47090733,150.0,29,705,3635,0.16,105750,0.0005,0.10697236657142639,26187
0.05,-1.5823896299999998,150.0,29,706,3635,0.16,105900,0.0005,0.030437197536230087,26224
0.05,-1.35204628,150.0,29,707,3635,0.17,106050,0.0005,0.049879591912031174,26262
0.05,-1.48639024,150.0,29,708,3634,0.17,106200,0.0005,0.03437560051679611,26299
0.05,-1.3973488899999997,150.0,29,709,3634,0.17,106350,0.0005,0.054182056337594986,26337
0.05,-1.42257505,150.0,29,710,3634,0.17,106500,0.0005,0.04822401702404022,26374
0.05,-1.69593925,150.0,29,711,3634,0.17,106650,0.0005,0.020763477310538292,26412
0.05,-2.0673125599999995,150.0,29,712,3634,0.16,106800,0.0005,0.030481621623039246,26449
0.05,-1.9304332,150.0,29,713,3633,0.16,106950,0.0005,0.05040612816810608,26487
0.05,-1.9889271799999997,150.0,29,714,3633,0.16,107100,0.0005,0.04021947830915451,26524
0.05,-1.9782267899999997,150.0,29,715,3633,0.16,107250,0.0005,0.12229026108980179,26562
0.05,-2.2853838799999995,150.0,29,716,3632,0.15,107400,0.0005,0.062271598726511,26599
0.05,-2.33566041,150.0,29,717,3632,0.15,107550,0.0005,0.06391371786594391,26637
0.05,-2.16024817,150.0,29,718,3632,0.15,107700,0.0005,0.06754172593355179,26674
0.05,-2.0506925899999997,150.0,29,719,3632,0.16,107850,0.0005,0.049062084406614304,26712
0.05,-2.0889407899999997,150.0,29,720,3632,0.16,108000,0.0005,0.030277984216809273,26749
0.05,-2.2050388499999998,150.0,29,721,3631,0.16,108150,0.0005,0.04773072898387909,26787
0.05,-2.2826679299999997,150.0,29,722,3631,0.15,108300,0.0005,0.059224680066108704,26824
0.05,-2.56087951,150.0,29,723,3631,0.14,108450,0.0005,0.05187997221946716,26862
0.05,-2.6491967199999995,150.0,29,724,3630,0.14,108600,0.0005,0.07105981558561325,26899
0.05,-2.7385046999999996,150.0,29,725,3630,0.14,108750,0.0005,0.04876549541950226,26937
0.05,-2.53141508,150.0,29,726,3630,0.15,108900,0.0005,0.04660888761281967,26974
0.05,-2.26898508,150.0,30,727,3630,0.16,109050,0.0005,0.034167587757110596,27012
0.05,-1.83523275,150.0,30,728,3630,0.17,109200,0.0005,0.02610872872173786,27049
0.05,-1.9657884100000005,150.0,30,729,3629,0.16,109350,0.0005,0.07787089049816132,27087
0.05,-1.97025445,150.0,30,730,3629,0.16,109500,0.0005,0.038572631776332855,27124
0.05,-2.24252872,150.0,30,731,3629,0.16,109650,0.0005,0.05081954970955849,27162
0.05,-2.14742357,150.0,30,732,3629,0.17,109800,0.0005,0.028175802901387215,27199
0.05,-1.93183937,150.0,30,733,3628,0.18,109950,0.0005,0.061915185302495956,27237
0.05,-2.14648305,150.0,30,734,3628,0.18,110100,0.0005,0.057242102921009064,27274
0.05,-2.23119794,150.0,30,735,3628,0.18,110250,0.0005,0.026544414460659027,27312
0.05,-1.92800683,150.0,30,736,3628,0.19,110400,0.0005,0.04364906996488571,27349
0.05,-1.6840599199999997,150.0,30,737,3628,0.19,110550,0.0005,0.05601412430405617,27387
0.05,-1.75041689,150.0,30,738,3628,0.19,110700,0.0005,0.02693820558488369,27424
0.05,-1.6062440699999996,150.0,30,739,3628,0.19,110850,0.0005,0.04066036641597748,27462
0.05,-1.67328271,150.0,30,740,3628,0.19,111000,0.0005,0.08470705896615982,27499
0.05,-1.7293522799999999,150.0,30,741,3628,0.19,111150,0.0005,0.07987061142921448,27537
0.05,-1.7939931000000002,150.0,30,742,3627,0.19,111300,0.0005,0.050463106483221054,27574
0.05,-1.5012375,150.0,30,743,3627,0.19,111450,0.0005,0.03433828055858612,27612
0.05,-1.6897848399999997,150.0,30,744,3627,0.19,111600,0.0005,0.03760722652077675,27649
0.05,-1.6152862599999998,150.0,30,745,3626,0.19,111750,0.0005,0.025462526828050613,27687
0.05,-1.4658383999999998,150.0,30,746,3626,0.2,111900,0.0005,0.04765566810965538,27724
0.05,-1.4079242899999997,150.0,30,747,3625,0.2,112050,0.0005,0.030313784256577492,27762
0.05,-1.64745758,150.0,30,748,3625,0.19,112200,0.0005,0.023511875420808792,27799
0.05,-1.7588542299999999,150.0,30,749,3625,0.19,112350,0.0005,0.025284316390752792,27837
0.05,-1.5205317900000004,150.0,31,750,3625,0.19,112500,0.0005,0.036711834371089935,27874
0.05,-1.4783874000000004,150.0,31,751,3624,0.19,112650,0.0005,0.1386701762676239,27912
0.05,-1.3189100200000003,150.0,31,752,3624,0.2,112800,0.0005,0.053696997463703156,27949
0.05,-1.3994073800000002,150.0,31,753,3624,0.2,112950,0.0005,0.037055209279060364,27987
0.05,-1.4141428300000003,150.0,31,754,3624,0.2,113100,0.0005,0.0500049889087677,28024
0.05,-1.3327831300000006,150.0,31,755,3623,0.2,113250,0.0005,0.054583318531513214,28062
0.05,-1.1789674600000004,150.0,31,756,3623,0.21,113400,0.0005,0.07217766344547272,28099
0.05,-1.2232093400000004,150.0,31,757,3623,0.21,113550,0.0005,0.07496292889118195,28137
0.05,-1.0618665000000003,150.0,31,758,3623,0.21,113700,0.0005,0.10549456626176834,28174
0.05,-1.0708216799999999,150.0,31,759,3623,0.21,113850,0.0005,0.017863275483250618,28212
0.05,-1.0802122299999999,150.0,31,760,3623,0.21,114000,0.0005,0.0433460958302021,28249
0.05,-1.1450335,150.0,31,761,3623,0.21,114150,0.0005,0.05783771723508835,28287
0.05,-1.1631951,150.0,31,762,3623,0.21,114300,0.0005,0.05786539986729622,28324
0.05,-1.16258432,150.0,31,763,3622,0.21,114450,0.0005,0.07484155148267746,28362
0.05,-1.00203388,150.0,31,764,3622,0.22,114600,0.0005,0.07293117791414261,28399
0.05,-0.8054978799999999,150.0,31,765,3622,0.22,114750,0.0005,0.04454798623919487,28437
0.05,-0.93621192,150.0,31,766,3622,0.22,114900,0.0005,0.06442444026470184,28474
0.05,-1.0805311800000001,150.0,31,767,3622,0.21,115050,0.0005,0.07735398411750793,28512
0.05,-0.80023747,150.0,31,768,3622,0.22,115200,0.0005,0.07997152954339981,28549
0.05,-0.61439429,150.0,31,769,3622,0.23,115350,0.0005,0.07634368538856506,28587
0.05,-0.4726449300000002,150.0,31,770,3622,0.24,115500,0.0005,0.04807692766189575,28624
0.05,-0.5690933500000002,150.0,31,771,3622,0.24,115650,0.0005,0.09688900411128998,28662
0.05,-0.32413545000000016,150.0,31,772,3622,0.25,115800,0.0005,0.03343871980905533,28699
0.05,-0.23311296000000006,150.0,32,773,3621,0.25,115950,0.0005,0.043442994356155396,28737
0.05,0.015539049999999985,150.0,32,774,3621,0.26,116100,0.0005,0.023457322269678116,28774
0.05,-0.13851862000000006,150.0,32,775,3621,0.26,116250,0.0005,0.04833989962935448,28812
0.05,-0.05527850000000004,150.0,32,776,3621,0.27,116400,0.0005,0.020326528698205948,28849
0.05,0.17202686999999994,150.0,32,777,3621,0.27,116550,0.0005,0.01604432798922062,28887
0.05,0.13755999,150.0,32,778,3620,0.27,116700,0.0005,0.04907962679862976,28924
0.05,-0.03897185999999996,150.0,32,779,3620,0.27,116850,0.0005,0.09720452129840851,28962
0.05,0.035033890000000005,150.0,32,780,3620,0.27,117000,0.0005,0.12628018856048584,28999
0.05,-0.14717296000000002,150.0,32,781,3620,0.26,117150,0.0005,0.06783721596002579,29037
0.05,-0.35017999000000005,150.0,32,782,3619,0.26,117300,0.0005,0.04329025372862816,29074
0.05,-0.56839178,150.0,32,783,3619,0.26,117450,0.0005,0.12248775362968445,29112
0.05,-0.6517452,150.0,32,784,3619,0.26,117600,0.0005,0.08589446544647217,29149
0.05,-0.7942266199999998,150.0,32,785,3619,0.25,117750,0.0005,0.06908141076564789,29187
0.05,-0.6765460099999998,150.0,32,786,3619,0.26,117900,0.0005,0.09395415335893631,29224
0.05,-0.8372000499999999,150.0,32,787,3619,0.26,118050,0.0005,0.05181996524333954,29262
0.05,-1.00003698,150.0,32,788,3618,0.25,118200,0.0005,0.0858282521367073,29299
0.05,-0.8584563699999999,150.0,32,789,3618,0.26,118350,0.0005,0.05800563842058182,29337
0.05,-0.6897596299999997,150.0,32,790,3618,0.27,118500,0.0005,0.0791785717010498,29374
0.05,-0.46919698999999987,150.0,32,791,3618,0.28,118650,0.0005,0.08399663865566254,29412
0.05,-0.7397777000000001,150.0,32,792,3618,0.27,118800,0.0005,0.04338884726166725,29449
0.05,-0.7020744900000002,150.0,32,793,3617,0.27,118950,0.0005,0.03522331267595291,29487
0.05,-0.7051422700000001,150.0,32,794,3617,0.27,119100,0.0005,0.030501943081617355,29524
0.05,-0.6559032200000001,150.0,32,795,3617,0.27,119250,0.0005,0.09561023116111755,29562
0.05,-1.14012049,150.0,33,796,3617,0.26,119400,0.0005,0.028422962874174118,29599
0.05,-1.12744409,150.0,33,797,3617,0.26,119550,0.0005,0.03736431896686554,29637
0.05,-1.07072667,150.0,33,798,3617,0.26,119700,0.0005,0.046777110546827316,29674
0.05,-1.4360288199999998,150.0,33,799,3616,0.25,119850,0.0005,0.05101126804947853,29712
0.05,-1.3996643399999997,150.0,33,800,3616,0.25,120000,0.0005,0.03523621708154678,29749
0.05,-1.3514380299999997,150.0,33,801,3616,0.25,120150,0.0005,0.024630796164274216,29787
0.05,-1.2033274699999994,150.0,33,802,3616,0.26,120300,0.0005,0.047219160944223404,29824
0.05,-1.1435645699999997,150.0,33,803,3616,0.26,120450,0.0005,0.017496280372142792,29862
0.05,-0.9027296699999998,150.0,33,804,3615,0.26,120600,0.0005,0.035431571304798126,29899
0.05,-0.7985941199999996,150.0,33,805,3615,0.26,120750,0.0005,0.07045495510101318,29937
0.05,-0.8792114099999996,150.0,33,806,3615,0.26,120900,0.0005,0.06205308437347412,29974
0.05,-1.0595664599999999,150.0,33,807,3615,0.25,121050,0.0005,0.08522189408540726,30012
0.05,-0.9995107599999997,150.0,33,808,3614,0.25,121200,0.0005,0.04872755706310272,30049
0.05,-1.23516604,150.0,33,809,3614,0.25,121350,0.0005,0.033505164086818695,30087
0.05,-1.3490696199999999,150.0,33,810,3614,0.25,121500,0.0005,0.09404005855321884,30124
0.05,-1.07747514,150.0,33,811,3614,0.25,121650,0.0005,0.030253250151872635,30162
0.05,-0.70014469,150.0,33,812,3613,0.26,121800,0.0005,0.036397967487573624,30199
0.05,-0.8583726299999997,150.0,33,813,3613,0.26,121950,0.0005,0.04757152125239372,30237
0.05,-0.9166654799999998,150.0,33,814,3613,0.26,122100,0.0005,0.058660879731178284,30274
0.05,-0.98939106,150.0,33,815,3613,0.25,122250,0.0005,0.04034852981567383,30312
0.05,-1.01273369,150.0,33,816,3613,0.25,122400,0.0005,0.04732413589954376,30349
0.05,-1.0138862599999998,150.0,33,817,3613,0.25,122550,0.0005,0.051068149507045746,30387
0.05,-1.26000037,150.0,33,818,3612,0.25,122700,0.0005,0.08479668200016022,30424
0.05,-1.4729618100000001,150.0,34,819,3612,0.24,122850,0.0005,0.0563683845102787,30462
0.05,-1.33867883,150.0,34,820,3612,0.24,123000,0.0005,0.036844413727521896,30499
0.05,-1.42474951,150.0,34,821,3612,0.24,123150,0.0005,0.058317188173532486,30537
0.05,-1.4783561600000001,150.0,34,822,3612,0.24,123300,0.0005,0.05650216341018677,30574
0.05,-1.3563352,150.0,34,823,3612,0.24,123450,0.0005,0.12882250547409058,30612
0.05,-1.26167146,150.0,34,824,3611,0.24,123600,0.0005,0.040770988911390305,30649
0.05,-1.0247472100000001,150.0,34,825,3611,0.25,123750,0.0005,0.04892466589808464,30687
0.05,-1.0988387300000002,150.0,34,826,3611,0.24,123900,0.0005,0.11246366798877716,30724
0.05,-1.0545759799999999,150.0,34,827,3611,0.24,124050,0.0005,0.09920734167098999,30762
0.05,-1.17937796,150.0,34,828,3610,0.23,124200,0.0005,0.07890287041664124,30799
0.05,-1.28270514,150.0,34,829,3605,0.23,124350,0.0005,0.10005296766757965,30837
0.05,-1.4692421500000004,150.0,34,830,3605,0.23,124500,0.0005,0.03898521140217781,30874
0.05,-1.1106677500000002,150.0,34,831,3604,0.24,124650,0.0005,0.04157738387584686,30912
0.05,-1.10168496,150.0,34,832,3604,0.24,124800,0.0005,0.06678171455860138,30949
0.05,-1.1194559800000001,150.0,34,833,3604,0.24,124950,0.0005,0.06613913178443909,30987
0.05,-0.7267782500000002,150.0,34,834,3604,0.25,125100,0.0005,0.045269303023815155,31024
0.05,-0.6367683200000002,150.0,34,835,3603,0.25,125250,0.0005,0.030739255249500275,31062
0.05,-0.8593597000000002,150.0,34,836,3603,0.24,125400,0.0005,0.05996927618980408,31099
0.05,-0.7042849999999998,150.0,34,837,3603,0.25,125550,0.0005,0.05187872052192688,31137
0.05,-0.4336240700000002,150.0,34,838,3603,0.25,125700,0.0005,0.04570326209068298,31174
0.05,-0.4512972400000001,150.0,34,839,3603,0.25,125850,0.0005,0.02559478208422661,31212
0.05,-0.4075331400000004,150.0,34,840,3603,0.25,126000,0.0005,0.0329691544175148,31249
0.05,-0.28073752000000024,150.0,35,841,3602,0.25,126150,0.0005,0.040744975209236145,31287
0.05,-0.30361989000000017,150.0,35,842,3602,0.25,126300,0.0005,0.03994721546769142,31324
0.05,-0.5791892900000001,150.0,35,843,3602,0.25,126450,0.0005,0.03742781654000282,31362
0.05,-0.51460589,150.0,35,844,3602,0.25,126600,0.0005,0.04632880166172981,31399
0.05,-0.3496675300000001,150.0,35,845,3602,0.26,126750,0.0005,0.0361008420586586,31437
0.05,-0.71006052,150.0,35,846,3602,0.25,126900,0.0005,0.03218524158000946,31474
0.05,-0.5149640000000001,150.0,35,847,3602,0.26,127050,0.0005,0.045147605240345,31512
0.05,-0.5182909400000001,150.0,35,848,3601,0.26,127200,0.0005,0.07115853577852249,31549
0.05,-0.40405607,150.0,35,849,3601,0.26,127350,0.0005,0.031617000699043274,31587
0.05,-0.30984289,150.0,35,850,3601,0.27,127500,0.0005,0.061927687376737595,31624
0.05,-0.4328544900000001,150.0,35,851,3601,0.27,127650,0.0005,0.05819523334503174,31662
0.05,-0.4664708800000002,150.0,35,852,3601,0.27,127800,0.0005,0.10254668444395065,31699
0.05,-0.13350602999999997,150.0,35,853,3601,0.27,127950,0.0005,0.03956020995974541,31737
0.05,-0.18180988000000006,150.0,35,854,3601,0.27,128100,0.0005,0.060672540217638016,31774
0.05,-0.18268327000000015,150.0,35,855,3600,0.27,128250,0.0005,0.07799191772937775,31812
0.05,-0.4085277200000001,150.0,35,856,3600,0.26,128400,0.0005,0.09189127385616302,31849
0.05,-0.4570516600000002,150.0,35,857,3600,0.26,128550,0.0005,0.06006050854921341,31887
0.05,-0.5269959600000003,150.0,35,858,3600,0.26,128700,0.0005,0.026058994233608246,31924
0.05,-0.6773870500000004,150.0,35,859,3600,0.25,128850,0.0005,0.06247376650571823,31962
0.05,-0.6303341600000002,150.0,35,860,3599,0.26,129000,0.0005,0.07171092927455902,31999
0.05,-0.33979704000000027,150.0,35,861,3599,0.27,129150,0.0005,0.04024446755647659,32037
0.05,-0.3097299800000001,150.0,35,862,3599,0.27,129300,0.0005,0.04325750470161438,32074
0.05,-0.3175469400000001,150.0,35,863,3599,0.27,129450,0.0005,0.05805927515029907,32112
0.05,-0.23999911999999995,150.0,36,864,3599,0.27,129600,0.0005,0.12878727912902832,32149
0.05,-0.51675595,150.0,36,865,3599,0.27,129750,0.0005,0.03492465615272522,32187
0.05,-0.45707447999999984,150.0,36,866,3598,0.27,129900,0.0005,0.06564527750015259,32224
0.05,-0.45220293,150.0,36,867,3598,0.27,130050,0.0005,0.04251573234796524,32262
0.05,-0.49535673999999985,150.0,36,868,3598,0.27,130200,0.0005,0.11547839641571045,32299
0.05,-0.4762554399999999,150.0,36,869,3598,0.26,130350,0.0005,0.16186147928237915,32337
0.05,-0.5565647899999999,150.0,36,870,3598,0.26,130500,0.0005,0.06950058788061142,32374
0.05,-0.5253275,150.0,36,871,3598,0.26,130650,0.0005,0.11594157665967941,32412
0.05,-0.53540664,150.0,36,872,3597,0.26,130800,0.0005,0.04214109480381012,32449
0.05,-0.57516449,150.0,36,873,3597,0.26,130950,0.0005,0.049770571291446686,32487
0.05,-0.73351076,150.0,36,874,3597,0.25,131100,0.0005,0.04553747922182083,32524
0.05,-0.62568132,150.0,36,875,3597,0.25,131250,0.0005,0.04848266392946243,32562
0.05,-0.8140366900000001,150.0,36,876,3597,0.24,131400,0.0005,0.03963356092572212,32599
0.05,-1.08102314,150.0,36,877,3597,0.24,131550,0.0005,0.05355555936694145,32637
0.05,-1.28836196,150.0,36,878,3597,0.23,131700,0.0005,0.06762121617794037,32674
0.05,-1.1868231200000003,150.0,36,879,3596,0.23,131850,0.0005,0.027669459581375122,32712
0.05,-1.30641274,150.0,36,880,3596,0.23,132000,0.0005,0.06390491127967834,32749
0.05,-1.2783728100000002,150.0,36,881,3596,0.23,132150,0.0005,0.051067374646663666,32787
0.05,-1.0150927100000002,150.0,36,882,3596,0.23,132300,0.0005,0.06110581010580063,32824
0.05,-0.8367505500000001,150.0,36,883,3596,0.23,132450,0.0005,0.13560399413108826,32862
0.05,-0.7755844500000001,150.0,36,884,3596,0.23,132600,0.0005,0.06341803073883057,32899
0.05,-0.8354787100000002,150.0,36,885,3595,0.23,132750,0.0005,0.04275383800268173,32937
0.05,-0.83601534,150.0,36,886,3595,0.23,132900,0.0005,0.04183962568640709,32974
0.05,-0.54932502,150.0,37,887,3595,0.24,133050,0.0005,0.056825991719961166,33012
0.05,-0.3593438500000001,150.0,37,888,3595,0.25,133200,0.0005,0.045959196984767914,33049
0.05,-0.5956874600000002,150.0,37,889,3595,0.24,133350,0.0005,0.05178515613079071,33087
0.05,-0.5673377700000001,150.0,37,890,3595,0.24,133500,0.0005,0.0528981015086174,33124
0.05,-0.6243957000000001,150.0,37,891,3595,0.24,133650,0.0005,0.06559864431619644,33162
0.05,-0.55222986,150.0,37,892,3594,0.24,133800,0.0005,0.042875468730926514,33199
0.05,-0.59349255,150.0,37,893,3594,0.24,133950,0.0005,0.03321322798728943,33237
0.05,-0.46600188,150.0,37,894,3594,0.24,134100,0.0005,0.04015900939702988,33274
0.05,-0.47919428000000003,150.0,37,895,3594,0.24,134250,0.0005,0.027732521295547485,33312
0.05,-0.18529069000000004,150.0,37,896,3594,0.24,134400,0.0005,0.030742548406124115,33349
0.05,0.012611420000000014,150.0,37,897,3594,0.25,134550,0.0005,0.07348263263702393,33387
0.05,-0.007360039999999988,150.0,37,898,3594,0.25,134700,0.0005,0.0286386888474226,33424
0.05,0.24528227000000002,150.0,37,899,3594,0.25,134850,0.0005,0.05793005973100662,33462
0.05,0.34154694999999996,150.0,37,900,3594,0.26,135000,0.0005,0.1265769600868225,33499
0.05,0.28839726999999993,150.0,37,901,3594,0.26,135150,0.0005,0.03708278387784958,33537
0.05,0.20923019,150.0,37,902,3594,0.25,135300,0.0005,0.0713607668876648,33574
0.05,0.38527879,150.0,37,903,3594,0.26,135450,0.0005,0.0701722726225853,33612
0.05,0.29696697,150.0,37,904,3594,0.26,135600,0.0005,0.0653102844953537,33649
0.05,0.35598214999999994,150.0,37,905,3594,0.27,135750,0.0005,0.044799331575632095,33687
0.05,0.3993325299999999,150.0,37,906,3594,0.27,135900,0.0005,0.0495276115834713,33724
0.05,0.38937978,150.0,37,907,3594,0.27,136050,0.0005,0.041662219911813736,33762
0.05,0.30120923000000005,150.0,37,908,3594,0.27,136200,0.0005,0.019184166565537453,33799
0.05,0.5372019699999999,150.0,37,909,3594,0.27,136350,0.0005,0.06170204281806946,33837
0.05,0.7434656099999999,150.0,37,910,3594,0.27,136500,0.0005,0.06554330885410309,33874
0.05,0.7399428899999999,150.0,38,911,3593,0.27,136650,0.0005,0.20836488902568817,33912
0.05,0.45540773,150.0,38,912,3593,0.26,136800,0.0005,0.15462727844715118,33949
0.05,0.5603396599999999,150.0,38,913,3593,0.26,136950,0.0005,0.026043802499771118,33987
0.05,0.6819193,150.0,38,914,3593,0.26,137100,0.0005,0.09297719597816467,34024
0.05,0.5719729100000002,150.0,38,915,3593,0.26,137250,0.0005,0.03673454746603966,34062
0.05,0.9190749700000002,150.0,38,916,3593,0.27,137400,0.0005,0.046884603798389435,34099
0.05,0.9208674200000003,150.0,38,917,3593,0.27,137550,0.0005,0.07692071795463562,34137
0.05,1.0013103200000002,150.0,38,918,3593,0.27,137700,0.0005,0.08721782267093658,34174
0.05,1.1225422100000002,150.0,38,919,3593,0.27,137850,0.0005,0.03269406408071518,34212
0.05,1.18699014,150.0,38,920,3593,0.27,138000,0.0005,0.08092427998781204,34249
0.05,1.3034179500000005,150.0,38,921,3592,0.27,138150,0.0005,0.05006761848926544,34287
0.05,1.2140593000000002,150.0,38,922,3592,0.27,138300,0.0005,0.02762441709637642,34324
0.05,1.2123757499999999,150.0,38,923,3592,0.27,138450,0.0005,0.0224927868694067,34362
0.05,1.1697717699999999,150.0,38,924,3592,0.27,138600,0.0005,0.046136125922203064,34399
0.05,0.8587211600000001,150.0,38,925,3592,0.26,138750,0.0005,0.06038843095302582,34437
0.05,0.93149306,150.0,38,926,3592,0.27,138900,0.0005,0.07536019384860992,34474
0.05,0.67657761,150.0,38,927,3592,0.26,139050,0.0005,0.14272336661815643,34512
0.05,0.6761290099999999,150.0,38,928,3592,0.26,139200,0.0005,0.037747155874967575,34549
0.05,0.6978363799999998,150.0,38,929,3592,0.26,139350,0.0005,0.0684138834476471,34587
0.05,0.8912381199999999,150.0,38,930,3592,0.26,139500,0.0005,0.04484664276242256,34624
0.05,0.9025151799999999,150.0,38,931,3591,0.26,139650,0.0005,0.05203203856945038,34662
0.05,0.92208214,150.0,38,932,3591,0.26,139800,0.0005,0.04185016080737114,34699
0.05,0.93711062,150.0,38,933,3591,0.26,139950,0.0005,0.054350823163986206,34737
0.05,0.64773724,150.0,39,934,3591,0.25,140100,0.0005,0.059766802936792374,34774
0.05,0.8103276699999998,150.0,39,935,3591,0.26,140250,0.0005,0.0441245511174202,34812
0.05,0.8825191099999998,150.0,39,936,3591,0.26,140400,0.0005,0.06496693938970566,34849
0.05,0.6731396699999997,150.0,39,937,3591,0.25,140550,0.0005,0.07771341502666473,34887
0.05,0.7563793999999998,150.0,39,938,3591,0.26,140700,0.0005,0.04119569808244705,34924
0.05,0.9649054199999998,150.0,39,939,3591,0.27,140850,0.0005,0.041139766573905945,34962
0.05,1.1825593099999998,150.0,39,940,3591,0.28,141000,0.0005,0.07480441778898239,34999
0.05,1.2455994,150.0,39,941,3590,0.28,141150,0.0005,0.09634893387556076,35037
0.05,1.09583722,150.0,39,942,3590,0.28,141300,0.0005,0.06333829462528229,35074
0.05,1.4491162400000002,150.0,39,943,3590,0.29,141450,0.0005,0.04939364641904831,35112
0.05,1.4322374800000004,150.0,39,944,3590,0.29,141600,0.0005,0.044681087136268616,35149
0.05,1.3960057000000001,150.0,39,945,3590,0.29,141750,0.0005,0.10446953028440475,35187
0.05,1.5410662600000002,150.0,39,946,3590,0.29,141900,0.0005,0.03650704026222229,35224
0.05,1.5275694800000001,150.0,39,947,3590,0.29,142050,0.0005,0.052381061017513275,35262
0.05,1.73647741,150.0,39,948,3590,0.3,142200,0.0005,0.05788469314575195,35299
0.05,1.71876087,150.0,39,949,3590,0.3,142350,0.0005,0.18969304859638214,35337
0.05,1.6933565199999998,150.0,39,950,3590,0.3,142500,0.0005,0.031867217272520065,35374
0.05,1.9530333200000003,150.0,39,951,3590,0.31,142650,0.0005,0.11739767342805862,35412
0.05,1.9765549200000003,150.0,39,952,3590,0.31,142800,0.0005,0.04611288756132126,35449
0.05,1.8126726400000004,150.0,39,953,3590,0.31,142950,0.0005,0.049603357911109924,35487
0.05,1.9148216800000002,150.0,39,954,3590,0.31,143100,0.0005,0.055224791169166565,35524
0.05,1.8403589900000004,150.0,39,955,3590,0.31,143250,0.0005,0.04180107265710831,35562
0.05,2.04526344,150.0,39,956,3590,0.32,143400,0.0005,0.06391322612762451,35599
0.05,1.7878297400000003,150.0,39,957,3590,0.32,143550,0.0005,0.03217807412147522,35637
0.05,1.9281461500000001,150.0,40,958,3590,0.32,143700,0.0005,0.027829397469758987,35674
0.05,1.78931447,150.0,40,959,3590,0.32,143850,0.0005,0.03007383644580841,35712
0.05,1.6295288800000003,150.0,40,960,3590,0.31,144000,0.0005,0.05515274032950401,35749
0.05,1.72340729,150.0,40,961,3589,0.31,144150,0.0005,0.05820901691913605,35787
0.05,1.4993873899999999,150.0,40,962,3589,0.31,144300,0.0005,0.03768017515540123,35824
0.05,1.49210765,150.0,40,963,3589,0.31,144450,0.0005,0.05024451017379761,35862
0.05,1.4496104700000003,150.0,40,964,3589,0.31,144600,0.0005,0.10595755279064178,35899
0.05,1.6147219800000001,150.0,40,965,3589,0.31,144750,0.0005,0.049242496490478516,35937
0.05,1.4974304700000005,150.0,40,966,3589,0.31,144900,0.0005,0.05541218817234039,35974
0.05,1.48115884,150.0,40,967,3589,0.31,145050,0.0005,0.08572517335414886,36012
0.05,1.41098991,150.0,40,968,3589,0.3,145200,0.0005,0.10565265268087387,36049
0.05,1.4647266900000002,150.0,40,969,3589,0.31,145350,0.0005,0.029852332547307014,36087
0.05,1.3757732000000003,150.0,40,970,3589,0.3,145500,0.0005,0.05418509989976883,36124
0.05,1.4006331300000001,150.0,40,971,3588,0.3,145650,0.0005,0.1375974714756012,36162
0.05,1.4822074500000004,150.0,40,972,3588,0.3,145800,0.0005,0.06696753203868866,36199
0.05,1.3853506200000003,150.0,40,973,3588,0.3,145950,0.0005,0.05236971378326416,36237
0.05,1.3918667800000009,150.0,40,974,3588,0.3,146100,0.0005,0.03051363304257393,36274
0.05,1.3207543800000008,150.0,40,975,3588,0.3,146250,0.0005,0.046605125069618225,36312
0.05,1.2911931900000004,150.0,40,976,3588,0.3,146400,0.0005,0.04335698112845421,36349
0.05,1.4932074500000005,150.0,40,977,3588,0.3,146550,0.0005,0.04379737377166748,36387
0.05,1.4691569000000002,150.0,40,978,3588,0.3,146700,0.0005,0.07517391443252563,36424
0.05,1.5156913700000003,150.0,40,979,3588,0.3,146850,0.0005,0.05242753028869629,36462
0.05,1.4835080299999999,150.0,40,980,3588,0.3,147000,0.0005,0.05648328363895416,36499
0.05,1.65543924,150.0,41,981,3588,0.31,147150,0.0005,0.06877933442592621,36537
0.05,1.65671149,150.0,41,982,3588,0.31,147300,0.0005,0.04119178280234337,36574
0.05,1.8342570700000005,150.0,41,983,3587,0.32,147450,0.0005,0.13697296380996704,36612
0.05,1.8833034600000005,150.0,41,984,3587,0.32,147600,0.0005,0.05151388794183731,36649
0.05,1.9086941000000002,150.0,41,985,3587,0.32,147750,0.0005,0.030380506068468094,36687
0.05,1.8234459900000002,150.0,41,986,3587,0.31,147900,0.0005,0.040279194712638855,36724
0.05,1.61898504,150.0,41,987,3587,0.3,148050,0.0005,0.09575701504945755,36762
0.05,1.3382184900000005,150.0,41,988,3587,0.29,148200,0.0005,0.037677980959415436,36799
0.05,1.3098010200000005,150.0,41,989,3587,0.29,148350,0.0005,0.1000089943408966,36837
0.05,1.1750338500000004,150.0,41,990,3587,0.28,148500,0.0005,0.07456158101558685,36874
0.05,1.1119309999999998,150.0,41,991,3587,0.27,148650,0.0005,0.056069448590278625,36912
0.05,1.0315901399999998,150.0,41,992,3586,0.27,148800,0.0005,0.08525369316339493,36949
0.05,0.76131721,150.0,41,993,3586,0.27,148950,0.0005,0.1380317509174347,36987
0.05,0.6038258999999999,150.0,41,994,3586,0.27,149100,0.0005,0.08036605268716812,37024
0.05,0.5152761699999998,150.0,41,995,3586,0.27,149250,0.0005,0.07299929857254028,37062
0.05,0.6491421399999999,150.0,41,996,3586,0.28,149400,0.0005,0.10870695114135742,37099
0.05,0.5370833300000001,150.0,41,997,3586,0.27,149550,0.0005,0.041336480528116226,37137
0.05,0.3403394,150.0,41,998,3586,0.27,149700,0.0005,0.04252422973513603,37174
0.05,0.46333673999999997,150.0,41,999,3585,0.28,149850,0.0005,0.08613082021474838,37212
0.05,0.46476333999999997,150.0,41,1000,3585,0.28,150000,0.0005,0.08258043229579926,37249
0.05,0.6105804599999999,150.0,41,1001,3585,0.29,150150,0.0005,0.022789670154452324,37287
0.05,0.6267739599999999,150.0,41,1002,3585,0.29,150300,0.0005,0.04918661341071129,37324
0.05,0.3708960699999998,150.0,41,1003,3584,0.28,150450,0.0005,0.051388878375291824,37362
0.05,0.40941410999999994,150.0,42,1004,3584,0.28,150600,0.0005,0.03365863487124443,37399
0.05,0.10655486999999995,150.0,42,1005,3584,0.27,150750,0.0005,0.07297313213348389,37437
0.05,0.07400895,150.0,42,1006,3584,0.27,150900,0.0005,0.049092888832092285,37474
0.05,0.25923258,150.0,42,1007,3584,0.28,151050,0.0005,0.04845545440912247,37512
0.05,0.5496798399999999,150.0,42,1008,3584,0.29,151200,0.0005,0.0598670169711113,37549
0.05,0.4074567599999998,150.0,42,1009,3584,0.29,151350,0.0005,0.03535475581884384,37587
0.05,0.3860131400000001,150.0,42,1010,3583,0.29,151500,0.0005,0.05137904733419418,37624
0.05,0.45123189999999985,150.0,42,1011,3583,0.29,151650,0.0005,0.0629364401102066,37662
0.05,0.56679282,150.0,42,1012,3583,0.29,151800,0.0005,0.09022565186023712,37699
0.05,0.7276512399999998,150.0,42,1013,3583,0.3,151950,0.0005,0.051128827035427094,37737
0.05,0.80868481,150.0,42,1014,3583,0.3,152100,0.0005,0.049530643969774246,37774
0.05,0.9995470799999999,150.0,42,1015,3583,0.31,152250,0.0005,0.07332978397607803,37812
0.05,0.9774179500000002,150.0,42,1016,3582,0.31,152400,0.0005,0.09526881575584412,37849
0.05,0.8933594600000002,150.0,42,1017,3582,0.31,152550,0.0005,0.05433935672044754,37887
0.05,0.8295435100000003,150.0,42,1018,3582,0.31,152700,0.0005,0.034404970705509186,37924
0.05,0.8058566100000003,150.0,42,1019,3582,0.31,152850,0.0005,0.052634671330451965,37962
0.05,0.7592815900000005,150.0,42,1020,3582,0.31,153000,0.0005,0.0476246140897274,37999
0.05,0.9433334300000003,150.0,42,1021,3582,0.32,153150,0.0005,0.1959502100944519,38037
0.05,0.9778610500000003,150.0,42,1022,3582,0.32,153300,0.0005,0.039894118905067444,38074
0.05,0.9789889700000002,150.0,42,1023,3582,0.32,153450,0.0005,0.04737304523587227,38112
0.05,0.8688830799999999,150.0,42,1024,3582,0.32,153600,0.0005,0.07802411913871765,38149
0.05,1.1123947299999999,150.0,42,1025,3582,0.32,153750,0.0005,0.15200549364089966,38187
0.05,0.9302703199999999,150.0,42,1026,3581,0.31,153900,0.0005,0.10408926010131836,38224
0.05,0.95886159,150.0,43,1027,3581,0.31,154050,0.0005,0.07206299155950546,38262
0.05,1.02016415,150.0,43,1028,3581,0.31,154200,0.0005,0.053498949855566025,38299
0.05,1.19129358,150.0,43,1029,3581,0.32,154350,0.0005,0.06487471610307693,38337
0.05,1.3489254700000002,150.0,43,1030,3581,0.33,154500,0.0005,0.05084104835987091,38374
0.05,1.29149709,150.0,43,1031,3581,0.32,154650,0.0005,0.03796645626425743,38412
0.05,1.08914606,150.0,43,1032,3581,0.31,154800,0.0005,0.049665164202451706,38449
0.05,0.8860245300000001,150.0,43,1033,3580,0.3,154950,0.0005,0.10953457653522491,38487
0.05,1.0192676399999998,150.0,43,1034,3580,0.3,155100,0.0005,0.05909918621182442,38524
0.05,0.8441857500000001,150.0,43,1035,3580,0.29,155250,0.0005,0.0788596123456955,38562
0.05,0.8526766599999999,150.0,43,1036,3579,0.29,155400,0.0005,0.04396055266261101,38599
0.05,0.96035667,150.0,43,1037,3579,0.29,155550,0.0005,0.04560497775673866,38637
0.05,0.8696938099999997,150.0,43,1038,3579,0.28,155700,0.0005,0.14054648578166962,38674
0.05,0.8135168199999996,150.0,43,1039,3579,0.28,155850,0.0005,0.08130817860364914,38712
0.05,0.7586395799999995,150.0,43,1040,3579,0.27,156000,0.0005,0.18682752549648285,38749
0.05,0.6096601099999998,150.0,43,1041,3579,0.27,156150,0.0005,0.06402385234832764,38787
0.05,0.9572262999999999,150.0,43,1042,3579,0.28,156300,0.0005,0.0872134417295456,38824
0.05,0.8294825199999997,150.0,43,1043,3578,0.27,156450,0.0005,0.03525532782077789,38862
0.05,1.0282546599999998,150.0,43,1044,3578,0.28,156600,0.0005,0.028604205697774887,38899
0.05,0.7181718899999997,150.0,43,1045,3578,0.27,156750,0.0005,0.043413542211055756,38937
0.05,0.8203170699999995,150.0,43,1046,3578,0.27,156900,0.0005,0.14438073337078094,38974
0.05,0.7018316799999996,150.0,43,1047,3578,0.26,157050,0.0005,0.053036563098430634,39012
0.05,0.4161049799999998,150.0,43,1048,3578,0.25,157200,0.0005,0.06778132915496826,39049
0.05,0.5872752499999999,150.0,43,1049,3577,0.26,157350,0.0005,0.1466578245162964,39087
0.05,0.3786758399999998,150.0,44,1050,3577,0.25,157500,0.0005,0.02733788825571537,39124
0.05,0.06429184999999993,150.0,44,1051,3577,0.24,157650,0.0005,0.05964372679591179,39162
0.05,-0.20954635000000008,150.0,44,1052,3577,0.23,157800,0.0005,0.07976146042346954,39199
0.05,-0.12703063000000006,150.0,44,1053,3577,0.23,157950,0.0005,0.08328896760940552,39237
0.05,-0.19302250000000004,150.0,44,1054,3577,0.23,158100,0.0005,0.0558762401342392,39274
0.05,0.054916290000000034,150.0,44,1055,3577,0.24,158250,0.0005,0.04428216442465782,39312
0.05,-0.13451456000000003,150.0,44,1056,3577,0.23,158400,0.0005,0.07152242958545685,39349
0.05,0.2699943000000001,150.0,44,1057,3577,0.24,158550,0.0005,0.057860951870679855,39387
0.05,0.07299253999999998,150.0,44,1058,3577,0.24,158700,0.0005,0.0956963524222374,39424
0.05,0.16571057,150.0,44,1059,3577,0.24,158850,0.0005,0.09658975154161453,39462
0.05,0.23309030000000003,150.0,44,1060,3577,0.24,159000,0.0005,0.03517374396324158,39499
0.05,-0.15683972000000007,150.0,44,1061,3577,0.23,159150,0.0005,0.035763610154390335,39537
0.05,0.06602694999999983,150.0,44,1062,3577,0.23,159300,0.0005,0.04230014234781265,39574
0.05,-0.02956397000000015,150.0,44,1063,3577,0.23,159450,0.0005,0.045773811638355255,39612
0.05,-0.17093792,150.0,44,1064,3577,0.22,159600,0.0005,0.07151971757411957,39649
0.05,-0.13847551,150.0,44,1065,3577,0.22,159750,0.0005,0.05360867455601692,39687
0.05,-0.04138787000000002,150.0,44,1066,3577,0.22,159900,0.0005,0.05787257105112076,39724
0.05,-0.13495218999999994,150.0,44,1067,3577,0.22,160050,0.0005,0.049447644501924515,39762
0.05,-0.12446464999999993,150.0,44,1068,3577,0.22,160200,0.0005,0.05764959007501602,39799
0.05,-0.29874799999999985,150.0,44,1069,3576,0.21,160350,0.0005,0.05934495851397514,39837
0.05,-0.06294107999999987,150.0,44,1070,3576,0.22,160500,0.0005,0.03332656994462013,39874
0.05,-0.31141735999999987,150.0,44,1071,3575,0.22,160650,0.0005,0.052563052624464035,39912
0.05,-0.5063286599999999,150.0,44,1072,3575,0.21,160800,0.0005,0.06661216169595718,39949
0.05,-0.24157841999999988,150.0,45,1073,3575,0.22,160950,0.0005,0.05939294397830963,39987
0.05,-0.06657438999999986,150.0,45,1074,3575,0.23,161100,0.0005,0.0633234828710556,40024
0.05,0.10044226000000017,150.0,45,1075,3575,0.23,161250,0.0005,0.0535917654633522,40062
0.05,0.32826666000000015,150.0,45,1076,3575,0.24,161400,0.0005,0.12689079344272614,40099
0.05,0.3670237100000003,150.0,45,1077,3575,0.24,161550,0.0005,0.11810456216335297,40137
0.05,0.6103101300000002,150.0,45,1078,3575,0.25,161700,0.0005,0.0914350152015686,40174
0.05,0.5585628500000002,150.0,45,1079,3575,0.25,161850,0.0005,0.037993378937244415,40212
0.05,0.62233878,150.0,45,1080,3575,0.25,162000,0.0005,0.06360349804162979,40249
0.05,0.67790617,150.0,45,1081,3575,0.25,162150,0.0005,0.03960678353905678,40287
0.05,0.8475886300000001,150.0,45,1082,3575,0.26,162300,0.0005,0.061216145753860474,40324
0.05,0.5935357499999998,150.0,45,1083,3575,0.25,162450,0.0005,0.0624113604426384,40362
0.05,0.6269137799999999,150.0,45,1084,3575,0.25,162600,0.0005,0.11309613287448883,40399
0.05,0.70445403,150.0,45,1085,3575,0.25,162750,0.0005,0.09901301562786102,40437
0.05,0.64566624,150.0,45,1086,3575,0.26,162900,0.0005,0.12439777702093124,40474
0.05,0.8119009100000001,150.0,45,1087,3575,0.27,163050,0.0005,0.057240843772888184,40512
0.05,0.9256557700000001,150.0,45,1088,3575,0.27,163200,0.0005,0.05991581827402115,40549
0.05,1.1873292600000003,150.0,45,1089,3575,0.28,163350,0.0005,0.048682063817977905,40587
0.05,1.37447943,150.0,45,1090,3575,0.29,163500,0.0005,0.06038639694452286,40624
0.05,1.24182929,150.0,45,1091,3575,0.29,163650,0.0005,0.03934808075428009,40662
0.05,1.29705762,150.0,45,1092,3575,0.29,163800,0.0005,0.0380689911544323,40699
0.05,1.3773232000000002,150.0,45,1093,3575,0.29,163950,0.0005,0.08723141998052597,40737
0.05,1.63565246,150.0,45,1094,3575,0.3,164100,0.0005,0.1151716411113739,40774
0.05,1.80001196,150.0,45,1095,3574,0.3,164250,0.0005,0.04466757923364639,40812
0.05,1.8963031699999997,150.0,46,1096,3573,0.3,164400,0.0005,0.06820721179246902,40849
0.05,1.7443413800000003,150.0,46,1097,3573,0.3,164550,0.0005,0.10099178552627563,40887
0.05,2.00444713,150.0,46,1098,3572,0.3,164700,0.0005,0.05965747684240341,40924
0.05,1.99223266,150.0,46,1099,3572,0.3,164850,0.0005,0.07842519134283066,40962
0.05,1.9684296999999997,150.0,46,1100,3572,0.3,165000,0.0005,0.04442375898361206,40999
0.05,1.9804994499999997,150.0,46,1101,3572,0.3,165150,0.0005,0.09804659336805344,41037
0.05,1.9393669900000001,150.0,46,1102,3572,0.3,165300,0.0005,0.05365818738937378,41074
0.05,2.0215014300000003,150.0,46,1103,3572,0.3,165450,0.0005,0.04840352386236191,41112
0.05,2.16231862,150.0,46,1104,3572,0.31,165600,0.0005,0.029069624841213226,41149
0.05,2.41163405,150.0,46,1105,3571,0.32,165750,0.0005,0.10687966644763947,41187
0.05,2.44526116,150.0,46,1106,3571,0.32,165900,0.0005,0.03470810502767563,41224
0.05,2.30745883,150.0,46,1107,3568,0.31,166050,0.0005,0.04223882034420967,41262
0.05,2.2959078299999995,150.0,46,1108,3568,0.31,166200,0.0005,0.033951617777347565,41299
0.05,2.485764299999999,150.0,46,1109,3567,0.31,166350,0.0005,0.03425418958067894,41337
0.05,2.5826329999999995,150.0,46,1110,3567,0.32,166500,0.0005,0.04797280207276344,41374
0.05,2.3001112399999997,150.0,46,1111,3567,0.32,166650,0.0005,0.13589096069335938,41412
0.05,2.3294382999999996,150.0,46,1112,3567,0.32,166800,0.0005,0.05086804926395416,41449
0.05,2.21904348,150.0,46,1113,3567,0.31,166950,0.0005,0.08435236662626266,41487
0.05,2.10964711,150.0,46,1114,3567,0.31,167100,0.0005,0.04451345279812813,41524
0.05,1.89186473,150.0,46,1115,3567,0.3,167250,0.0005,0.027842454612255096,41562
0.05,1.8959189200000004,150.0,46,1116,3567,0.3,167400,0.0005,0.06666404008865356,41599
0.05,2.06924213,150.0,46,1117,3567,0.3,167550,0.0005,0.04943838715553284,41637
0.05,2.25501196,150.0,47,1118,3567,0.3,167700,0.0005,0.06943749636411667,41674
0.05,2.29538671,150.0,47,1119,3567,0.3,167850,0.0005,0.0461159273982048,41712
0.05,2.2793894,150.0,47,1120,3567,0.3,168000,0.0005,0.12430502474308014,41749
0.05,2.10677579,150.0,47,1121,3566,0.29,168150,0.0005,0.07094578444957733,41787
0.05,2.3213934600000004,150.0,47,1122,3566,0.3,168300,0.0005,0.03992384299635887,41824
0.05,2.3248820099999996,150.0,47,1123,3566,0.3,168450,0.0005,0.06721420586109161,41862
0.05,2.57412065,150.0,47,1124,3566,0.31,168600,0.0005,0.11241131275892258,41899
0.05,2.7526414299999997,150.0,47,1125,3566,0.32,168750,0.0005,0.06608262658119202,41937
0.05,2.80901304,150.0,47,1126,3566,0.32,168900,0.0005,0.06695164740085602,41974
0.05,2.96696176,150.0,47,1127,3566,0.32,169050,0.0005,0.06203288212418556,42012
0.05,2.7618320599999997,150.0,47,1128,3566,0.32,169200,0.0005,0.1196422427892685,42049
0.05,2.5745625100000002,150.0,47,1129,3566,0.31,169350,0.0005,0.10709616541862488,42087
0.05,2.5544235399999993,150.0,47,1130,3566,0.31,169500,0.0005,0.09141229093074799,42124
0.05,2.6476669899999994,150.0,47,1131,3565,0.32,169650,0.0005,0.09227166324853897,42162
0.05,2.676576799999999,150.0,47,1132,3565,0.32,169800,0.0005,0.11284595727920532,42199
0.05,2.8904417899999997,150.0,47,1133,3565,0.33,169950,0.0005,0.10082902014255524,42237
0.05,3.03939967,150.0,47,1134,3565,0.34,170100,0.0005,0.032590288668870926,42274
0.05,3.2414913899999993,150.0,47,1135,3565,0.35,170250,0.0005,0.06471169739961624,42312
0.05,3.3132102499999996,150.0,47,1136,3565,0.36,170400,0.0005,0.10982628166675568,42349
0.05,3.4560163299999997,150.0,47,1137,3565,0.37,170550,0.0005,0.15538306534290314,42387
0.05,3.41364858,150.0,47,1138,3565,0.37,170700,0.0005,0.08643634617328644,42424
0.05,3.4959885299999995,150.0,47,1139,3565,0.37,170850,0.0005,0.052643999457359314,42462
0.05,3.3382581099999995,150.0,47,1140,3565,0.37,171000,0.0005,0.02497095987200737,42499
0.05,3.5829950999999993,150.0,48,1141,3565,0.38,171150,0.0005,0.11034830659627914,42537
0.05,3.6342284299999994,150.0,48,1142,3565,0.38,171300,0.0005,0.12239617109298706,42574
0.05,3.7566911199999993,150.0,48,1143,3565,0.39,171450,0.0005,0.09239590167999268,42612
0.05,3.7383987999999992,150.0,48,1144,3565,0.39,171600,0.0005,0.04391510784626007,42649
0.05,3.8957265000000003,150.0,48,1145,3564,0.39,171750,0.0005,0.056917041540145874,42687
0.05,3.8549268800000003,150.0,48,1146,3564,0.39,171900,0.0005,0.05037686228752136,42724
0.05,3.89708054,150.0,48,1147,3564,0.39,172050,0.0005,0.03839471936225891,42762
0.05,4.095351920000001,150.0,48,1148,3564,0.39,172200,0.0005,0.06904520839452744,42799
0.05,3.91637144,150.0,48,1149,3564,0.38,172350,0.0005,0.11794143915176392,42837
0.05,3.9335486900000003,150.0,48,1150,3563,0.38,172500,0.0005,0.04637768119573593,42874
0.05,4.19262186,150.0,48,1151,3563,0.38,172650,0.0005,0.09745083749294281,42912
0.05,4.46324055,150.0,48,1152,3563,0.39,172800,0.0005,0.07370401918888092,42949
0.05,4.59598132,150.0,48,1153,3563,0.4,172950,0.0005,0.028816763311624527,42987
0.05,4.8387177999999995,150.0,48,1154,3563,0.41,173100,0.0005,0.05426482483744621,43024
0.05,4.6953631399999995,150.0,48,1155,3563,0.41,173250,0.0005,0.06452038884162903,43062
0.05,4.869240739999999,150.0,48,1156,3563,0.42,173400,0.0005,0.028903907164931297,43099
0.05,4.854458589999998,150.0,48,1157,3563,0.42,173550,0.0005,0.0713522657752037,43137
0.05,5.0010949899999995,150.0,48,1158,3563,0.42,173700,0.0005,0.05795128643512726,43174
0.05,4.863213269999999,150.0,48,1159,3563,0.42,173850,0.0005,0.0690045952796936,43212
0.05,4.872994219999999,150.0,48,1160,3562,0.42,174000,0.0005,0.1184663325548172,43249
0.05,4.93944518,150.0,48,1161,3562,0.42,174150,0.0005,0.040779225528240204,43287
0.05,4.823569770000001,150.0,48,1162,3562,0.42,174300,0.0005,0.07631763070821762,43324
0.05,5.114756009999999,150.0,48,1163,3562,0.43,174450,0.0005,0.04159950464963913,43362
0.05,5.148806639999999,150.0,49,1164,3562,0.43,174600,0.0005,0.048937901854515076,43399
0.05,5.073550239999999,150.0,49,1165,3562,0.43,174750,0.0005,0.04162636026740074,43437
0.05,5.123737159999999,150.0,49,1166,3562,0.43,174900,0.0005,0.08295606076717377,43474
0.05,5.31809687,150.0,49,1167,3561,0.43,175050,0.0005,0.1269354522228241,43512
0.05,5.23659012,150.0,49,1168,3561,0.43,175200,0.0005,0.03252715617418289,43549
0.05,5.404252710000001,150.0,49,1169,3561,0.44,175350,0.0005,0.03848610073328018,43587
0.05,5.15297315,150.0,49,1170,3561,0.43,175500,0.0005,0.13203079998493195,43624
0.05,5.349157560000001,150.0,49,1171,3561,0.43,175650,0.0005,0.015933437272906303,43662
0.05,5.28356166,150.0,49,1172,3561,0.43,175800,0.0005,0.057448096573352814,43699
0.05,5.217635200000001,150.0,49,1173,3561,0.42,175950,0.0005,0.062247104942798615,43737
0.05,5.17207856,150.0,49,1174,3561,0.41,176100,0.0005,0.03452247381210327,43774
0.05,5.361111500000001,150.0,49,1175,3561,0.42,176250,0.0005,0.048509590327739716,43812
0.05,5.2436267800000005,150.0,49,1176,3560,0.41,176400,0.0005,0.05167405679821968,43849
0.05,5.314527110000001,150.0,49,1177,3560,0.42,176550,0.0005,0.062227994203567505,43887
0.05,5.09901508,150.0,49,1178,3560,0.41,176700,0.0005,0.0480305515229702,43924
0.05,5.071282579999999,150.0,49,1179,3560,0.41,176850,0.0005,0.06867778301239014,43962
0.05,5.25116734,150.0,49,1180,3560,0.42,177000,0.0005,0.03907308354973793,43999
0.05,5.2213022,150.0,49,1181,3560,0.42,177150,0.0005,0.03640120476484299,44037
0.05,5.00549406,150.0,49,1182,3560,0.41,177300,0.0005,0.019506307318806648,44074
0.05,5.19717228,150.0,49,1183,3560,0.41,177450,0.0005,0.06038077175617218,44112
0.05,5.23653213,150.0,49,1184,3560,0.41,177600,0.0005,0.030433766543865204,44149
0.05,5.010664739999999,150.0,49,1185,3559,0.41,177750,0.0005,0.13089896738529205,44187
0.05,5.11828066,150.0,49,1186,3559,0.41,177900,0.0005,0.036092206835746765,44224
0.05,5.0194088400000005,150.0,50,1187,3559,0.41,178050,0.0005,0.061389341950416565,44262
0.05,5.039684380000001,150.0,50,1188,3559,0.41,178200,0.0005,0.055598556995391846,44299
0.05,4.88578426,150.0,50,1189,3559,0.4,178350,0.0005,0.042086537927389145,44337
0.05,4.852812470000001,150.0,50,1190,3559,0.4,178500,0.0005,0.04242345318198204,44374
0.05,4.9384746,150.0,50,1191,3559,0.4,178650,0.0005,0.039894185960292816,44412
0.05,5.009858410000001,150.0,50,1192,3559,0.4,178800,0.0005,0.05367284268140793,44449
0.05,5.29822442,150.0,50,1193,3559,0.41,178950,0.0005,0.04823394864797592,44487
0.05,5.199089030000001,150.0,50,1194,3558,0.4,179100,0.0005,0.08161851763725281,44524
0.05,4.969155810000001,150.0,50,1195,3558,0.4,179250,0.0005,0.07393202185630798,44562
0.05,4.74802034,150.0,50,1196,3558,0.39,179400,0.0005,0.08181357383728027,44599
0.05,4.83825794,150.0,50,1197,3558,0.39,179550,0.0005,0.050456300377845764,44637
0.05,4.78317597,150.0,50,1198,3558,0.39,179700,0.0005,0.04171302542090416,44674
0.05,4.6223360300000005,150.0,50,1199,3558,0.38,179850,0.0005,0.12068440020084381,44712
0.05,4.34963343,150.0,50,1200,3558,0.37,180000,0.0005,0.04854094609618187,44749
0.05,4.39842851,150.0,50,1201,3558,0.37,180150,0.0005,0.04983789101243019,44787
0.05,4.52111937,150.0,50,1202,3558,0.38,180300,0.0005,0.05523009970784187,44824
0.05,4.52246985,150.0,50,1203,3557,0.38,180450,0.0005,0.04222360998392105,44862
0.05,4.53739764,150.0,50,1204,3557,0.38,180600,0.0005,0.07463257014751434,44899
0.05,4.5588554199999995,150.0,50,1205,3557,0.38,180750,0.0005,0.041286103427410126,44937
0.05,4.71322336,150.0,50,1206,3557,0.38,180900,0.0005,0.12162503600120544,44974
0.05,4.85663471,150.0,50,1207,3557,0.39,181050,0.0005,0.024774707853794098,45012
0.05,4.56864251,150.0,50,1208,3557,0.38,181200,0.0005,0.04400204122066498,45049
0.05,4.65076571,150.0,50,1209,3557,0.39,181350,0.0005,0.03362714499235153,45087
0.05,4.64228415,150.0,51,1210,3557,0.39,181500,0.0005,0.03630039840936661,45124
0.05,5.026703210000001,150.0,51,1211,3557,0.4,181650,0.0005,0.027272356674075127,45162
0.05,5.14247379,150.0,51,1212,3557,0.41,181800,0.0005,0.07028511166572571,45199
0.05,5.121277120000001,150.0,51,1213,3557,0.41,181950,0.0005,0.031214911490678787,45237
0.05,5.1599103300000015,150.0,51,1214,3556,0.41,182100,0.0005,0.03162170946598053,45274
0.05,5.28437103,150.0,51,1215,3556,0.41,182250,0.0005,0.09319476783275604,45312
0.05,5.281484829999999,150.0,51,1216,3556,0.41,182400,0.0005,0.036152828484773636,45349
0.05,5.16853261,150.0,51,1217,3556,0.41,182550,0.0005,0.057115696370601654,45387
0.05,5.228776909999999,150.0,51,1218,3556,0.42,182700,0.0005,0.04081925377249718,45424
0.05,5.28281605,150.0,51,1219,3556,0.43,182850,0.0005,0.037610407918691635,45462
0.05,5.178244179999999,150.0,51,1220,3556,0.43,183000,0.0005,0.041825443506240845,45499
0.05,5.1488209000000005,150.0,51,1221,3556,0.43,183150,0.0005,0.10226856917142868,45537
0.05,5.16613005,150.0,51,1222,3553,0.43,183300,0.0005,0.046800319105386734,45574
0.05,5.162078009999999,150.0,51,1223,3553,0.43,183450,0.0005,0.04028027132153511,45612
0.05,5.20453255,150.0,51,1224,3553,0.43,183600,0.0005,0.03970610350370407,45649
0.05,4.75669403,150.0,51,1225,3553,0.42,183750,0.0005,0.03839849680662155,45687
0.05,4.80683787,150.0,51,1226,3553,0.42,183900,0.0005,0.030603833496570587,45724
0.05,4.89008674,150.0,51,1227,3552,0.43,184050,0.0005,0.06337873637676239,45762
0.05,4.9774344500000005,150.0,51,1228,3552,0.43,184200,0.0005,0.03410511463880539,45799
0.05,4.989219510000001,150.0,51,1229,3552,0.43,184350,0.0005,0.05635052174329758,45837
0.05,4.7552461599999996,150.0,51,1230,3552,0.42,184500,0.0005,0.04728035256266594,45874
0.05,4.480756540000001,150.0,51,1231,3552,0.41,184650,0.0005,0.04506925120949745,45912
0.05,4.68983386,150.0,52,1232,3552,0.42,184800,0.0005,0.03033272735774517,45949
0.05,4.5115561500000005,150.0,52,1233,3552,0.41,184950,0.0005,0.02015271596610546,45987
0.05,4.46810036,150.0,52,1234,3552,0.41,185100,0.0005,0.0804232582449913,46024
0.05,4.439084080000001,150.0,52,1235,3552,0.41,185250,0.0005,0.11408533155918121,46062
0.05,4.37411811,150.0,52,1236,3552,0.4,185400,0.0005,0.05811969190835953,46099
0.05,4.28957493,150.0,52,1237,3552,0.39,185550,0.0005,0.0594964474439621,46137
0.05,4.37862811,150.0,52,1238,3552,0.39,185700,0.0005,0.04548977315425873,46174
0.05,4.30116077,150.0,52,1239,3552,0.39,185850,0.0005,0.040323689579963684,46212
0.05,4.54599887,150.0,52,1240,3552,0.4,186000,0.0005,0.03968119993805885,46249
0.05,4.421635890000001,150.0,52,1241,3551,0.39,186150,0.0005,0.12027429789304733,46287
0.05,4.39214884,150.0,52,1242,3551,0.39,186300,0.0005,0.05087588354945183,46324
0.05,4.08887231,150.0,52,1243,3551,0.38,186450,0.0005,0.044519659131765366,46362
0.05,3.9426463800000007,150.0,52,1244,3551,0.37,186600,0.0005,0.030073411762714386,46399
0.05,3.9359321300000003,150.0,52,1245,3551,0.37,186750,0.0005,0.04216405749320984,46437
0.05,3.8856021700000003,150.0,52,1246,3551,0.37,186900,0.0005,0.043248776346445084,46474
0.05,3.87293624,150.0,52,1247,3551,0.37,187050,0.0005,0.0484943650662899,46512
0.05,3.77360369,150.0,52,1248,3551,0.37,187200,0.0005,0.03392433375120163,46549
0.05,3.82079377,150.0,52,1249,3551,0.37,187350,0.0005,0.036792729049921036,46587
0.05,4.0434509400000005,150.0,52,1250,3551,0.38,187500,0.0005,0.04769736900925636,46624
0.05,4.012329330000001,150.0,52,1251,3551,0.38,187650,0.0005,0.06283559650182724,46662
0.05,3.7810465399999997,150.0,52,1252,3551,0.37,187800,0.0005,0.0634661316871643,46699
0.05,3.80549519,150.0,52,1253,3551,0.37,187950,0.0005,0.07513439655303955,46737
0.05,3.61262624,150.0,52,1254,3551,0.36,188100,0.0005,0.03543900325894356,46774
0.05,3.6240878199999997,150.0,53,1255,3551,0.35,188250,0.0005,0.03736726939678192,46812
0.05,3.6446780400000005,150.0,53,1256,3550,0.35,188400,0.0005,0.05541229993104935,46849
0.05,3.5267048300000003,150.0,53,1257,3550,0.34,188550,0.0005,0.014080479741096497,46887
0.05,3.64552487,150.0,53,1258,3550,0.35,188700,0.0005,0.08361073583364487,46924
0.05,3.96688087,150.0,53,1259,3550,0.36,188850,0.0005,0.09199032187461853,46962
0.05,3.9283383499999998,150.0,53,1260,3550,0.36,189000,0.0005,0.0467071458697319,46999
0.05,3.9929390099999993,150.0,53,1261,3550,0.36,189150,0.0005,0.05228134244680405,47037
0.05,3.9050033099999992,150.0,53,1262,3550,0.36,189300,0.0005,0.03678397461771965,47074
0.05,3.6380416700000002,150.0,53,1263,3550,0.35,189450,0.0005,0.08292026817798615,47112
0.05,3.5938021399999998,150.0,53,1264,3550,0.35,189600,0.0005,0.0552460253238678,47149
0.05,3.63927394,150.0,53,1265,3550,0.35,189750,0.0005,0.026282604783773422,47187
0.05,3.80218914,150.0,53,1266,3550,0.36,189900,0.0005,0.03816410154104233,47224
0.05,3.64701573,150.0,53,1267,3550,0.36,190050,0.0005,0.052306175231933594,47262
0.05,3.6082025800000004,150.0,53,1268,3550,0.36,190200,0.0005,0.04445909708738327,47299
0.05,3.5664048200000003,150.0,53,1269,3550,0.36,190350,0.0005,0.022456586360931396,47337
0.05,3.48164272,150.0,53,1270,3549,0.36,190500,0.0005,0.0617750808596611,47374
0.05,3.6679590199999996,150.0,53,1271,3549,0.37,190650,0.0005,0.043820638209581375,47412
0.05,3.81243527,150.0,53,1272,3549,0.37,190800,0.0005,0.02457301877439022,47449
0.05,3.5270840100000003,150.0,53,1273,3549,0.37,190950,0.0005,0.10288312286138535,47487
0.05,3.5811415600000003,150.0,53,1274,3549,0.38,191100,0.0005,0.050950393080711365,47524
0.05,3.5705626599999998,150.0,53,1275,3549,0.38,191250,0.0005,0.028371065855026245,47562
0.05,3.4645867299999997,150.0,53,1276,3548,0.38,191400,0.0005,0.06375229358673096,47599
0.05,3.5162723899999997,150.0,53,1277,3548,0.38,191550,0.0005,0.03886328265070915,47637
0.05,3.6175614300000003,150.0,54,1278,3548,0.38,191700,0.0005,0.052991658449172974,47674
0.05,3.5947825600000005,150.0,54,1279,3548,0.38,191850,0.0005,0.08493045717477798,47712
0.05,3.3597507699999998,150.0,54,1280,3548,0.37,192000,0.0005,0.08123801648616791,47749
0.05,3.23971813,150.0,54,1281,3548,0.36,192150,0.0005,0.023121455684304237,47787
0.05,3.4520133600000005,150.0,54,1282,3547,0.37,192300,0.0005,0.048155561089515686,47824
0.05,3.5724325200000004,150.0,54,1283,3547,0.38,192450,0.0005,0.040681179612874985,47862
0.05,3.43124795,150.0,54,1284,3547,0.38,192600,0.0005,0.08168940991163254,47899
0.05,3.55097309,150.0,54,1285,3547,0.38,192750,0.0005,0.05836134031414986,47937
0.05,3.32019158,150.0,54,1286,3547,0.37,192900,0.0005,0.06379254907369614,47974
0.05,3.37640711,150.0,54,1287,3547,0.37,193050,0.0005,0.0556197427213192,48012
0.05,3.5501928400000002,150.0,54,1288,3547,0.38,193200,0.0005,0.069669209420681,48049
0.05,3.4794818500000004,150.0,54,1289,3547,0.38,193350,0.0005,0.06349249929189682,48087
0.05,3.4838097,150.0,54,1290,3547,0.38,193500,0.0005,0.041767969727516174,48124
0.05,3.65036528,150.0,54,1291,3547,0.39,193650,0.0005,0.03651243448257446,48162
0.05,3.69289886,150.0,54,1292,3547,0.39,193800,0.0005,0.12819227576255798,48199
0.05,3.5225917,150.0,54,1293,3547,0.38,193950,0.0005,0.14234882593154907,48237
0.05,3.61627574,150.0,54,1294,3547,0.39,194100,0.0005,0.034641705453395844,48274
0.05,3.68665886,150.0,54,1295,3547,0.39,194250,0.0005,0.02953474596142769,48312
0.05,3.8341732599999996,150.0,54,1296,3546,0.4,194400,0.0005,0.04669629782438278,48349
0.05,4.06113812,150.0,54,1297,3546,0.41,194550,0.0005,0.08185268938541412,48387
0.05,4.21959384,150.0,54,1298,3546,0.42,194700,0.0005,0.06466452032327652,48424
0.05,4.3693260700000005,150.0,54,1299,3546,0.43,194850,0.0005,0.1277812272310257,48462
0.05,4.573238330000001,150.0,54,1300,3546,0.43,195000,0.0005,0.05816587060689926,48499
0.05,4.498049600000001,150.0,55,1301,3546,0.43,195150,0.0005,0.11012914031744003,48537
0.05,4.4948589299999995,150.0,55,1302,3546,0.43,195300,0.0005,0.03892465680837631,48574
0.05,4.64846007,150.0,55,1303,3546,0.44,195450,0.0005,0.026614170521497726,48612
0.05,4.6782865099999995,150.0,55,1304,3546,0.44,195600,0.0005,0.04780124872922897,48649
0.05,4.66054958,150.0,55,1305,3546,0.44,195750,0.0005,0.05023323372006416,48687
0.05,4.702684479999999,150.0,55,1306,3546,0.45,195900,0.0005,0.026620134711265564,48724
0.05,4.36456371,150.0,55,1307,3543,0.44,196050,0.0005,0.04236159846186638,48762
0.05,4.430649890000001,150.0,55,1308,3543,0.44,196200,0.0005,0.06205017864704132,48799
0.05,4.17734334,150.0,55,1309,3543,0.43,196350,0.0005,0.018255451694130898,48837
0.05,4.031289900000001,150.0,55,1310,3543,0.42,196500,0.0005,0.0673399493098259,48874
0.05,4.02438216,150.0,55,1311,3543,0.42,196650,0.0005,0.056456804275512695,48912
0.05,4.05521053,150.0,55,1312,3543,0.42,196800,0.0005,0.02956143394112587,48949
0.05,4.07230184,150.0,55,1313,3543,0.42,196950,0.0005,0.06028256565332413,48987
0.05,4.254241550000001,150.0,55,1314,3543,0.43,197100,0.0005,0.05314086377620697,49024
0.05,4.2065139899999995,150.0,55,1315,3542,0.43,197250,0.0005,0.060585442930459976,49062
0.05,4.22339909,150.0,55,1316,3542,0.43,197400,0.0005,0.03692806884646416,49099
0.05,4.395871300000001,150.0,55,1317,3542,0.44,197550,0.0005,0.04507046192884445,49137
0.05,4.20101865,150.0,55,1318,3542,0.43,197700,0.0005,0.11896463483572006,49174
0.05,4.18944182,150.0,55,1319,3542,0.42,197850,0.0005,0.044936832040548325,49212
0.05,4.50435625,150.0,55,1320,3542,0.43,198000,0.0005,0.0416531078517437,49249
0.05,4.7343090100000005,150.0,55,1321,3542,0.44,198150,0.0005,0.057042937725782394,49287
0.05,4.43018443,150.0,55,1322,3542,0.43,198300,0.0005,0.05871467664837837,49324
0.05,4.55069269,150.0,56,1323,3542,0.44,198450,0.0005,0.020617300644516945,49362
0.05,4.361722770000001,150.0,56,1324,3542,0.43,198600,0.0005,0.03923419862985611,49399
0.05,4.80120768,150.0,56,1325,3541,0.44,198750,0.0005,0.035333335399627686,49437
0.05,4.92751735,150.0,56,1326,3541,0.45,198900,0.0005,0.14110368490219116,49474
0.05,4.7959028,150.0,56,1327,3541,0.44,199050,0.0005,0.04070045053958893,49512
0.05,4.90231653,150.0,56,1328,3541,0.44,199200,0.0005,0.05032696574926376,49549
0.05,5.1443712800000005,150.0,56,1329,3541,0.45,199350,0.0005,0.03391064330935478,49587
0.05,5.127005670000001,150.0,56,1330,3541,0.45,199500,0.0005,0.024579348042607307,49624
0.05,5.37065565,150.0,56,1331,3541,0.46,199650,0.0005,0.07436657696962357,49662
0.05,5.325397290000001,150.0,56,1332,3541,0.46,199800,0.0005,0.05938291922211647,49699
0.05,5.39310502,150.0,56,1333,3541,0.46,199950,0.0005,0.039755094796419144,49737
0.05,5.13396003,150.0,56,1334,3541,0.45,200100,0.0005,0.029837245121598244,49774
0.05,5.175120150000001,150.0,56,1335,3541,0.45,200250,0.0005,0.04055536538362503,49812
0.05,5.3231858,150.0,56,1336,3541,0.46,200400,0.0005,0.03986407071352005,49849
0.05,5.3723826400000005,150.0,56,1337,3540,0.47,200550,0.0005,0.06009919196367264,49887
0.05,5.18035951,150.0,56,1338,3540,0.47,200700,0.0005,0.04282289743423462,49924
0.05,5.17458289,150.0,56,1339,3540,0.47,200850,0.0005,0.03349757567048073,49962
0.05,5.1545202,150.0,56,1340,3540,0.47,201000,0.0005,0.03067893162369728,49999
0.05,5.110428270000001,150.0,56,1341,3540,0.47,201150,0.0005,0.0804552510380745,50037
0.05,4.92728246,150.0,56,1342,3540,0.46,201300,0.0005,0.05192595347762108,50074
0.05,5.0768608,150.0,56,1343,3540,0.46,201450,0.0005,0.05727536976337433,50112
0.05,5.220203600000001,150.0,56,1344,3540,0.47,201600,0.0005,0.024986010044813156,50149
0.05,5.39759758,150.0,56,1345,3540,0.48,201750,0.0005,0.03886133059859276,50187
0.05,5.48271162,150.0,57,1346,3540,0.48,201900,0.0005,0.023115698248147964,50224
0.05,5.659006109999999,150.0,57,1347,3540,0.49,202050,0.0005,0.05536239594221115,50262
0.05,5.68156316,150.0,57,1348,3540,0.49,202200,0.0005,0.03553937003016472,50299
0.05,5.805366779999999,150.0,57,1349,3540,0.5,202350,0.0005,0.03836338222026825,50337
0.05,5.574529819999999,150.0,57,1350,3540,0.49,202500,0.0005,0.0458117350935936,50374
0.05,5.715247939999999,150.0,57,1351,3540,0.5,202650,0.0005,0.07236552983522415,50412
0.05,5.685254259999999,150.0,57,1352,3539,0.5,202800,0.0005,0.04892192780971527,50449
0.05,5.431577880000001,150.0,57,1353,3539,0.49,202950,0.0005,0.051831647753715515,50487
0.05,5.421491489999999,150.0,57,1354,3539,0.49,203100,0.0005,0.10235641151666641,50524
0.05,5.37289849,150.0,57,1355,3539,0.49,203250,0.0005,0.032438069581985474,50562
0.05,5.3715268300000005,150.0,57,1356,3539,0.49,203400,0.0005,0.05567397549748421,50599
0.05,5.348141450000001,150.0,57,1357,3539,0.49,203550,0.0005,0.058254312723875046,50637
0.05,5.369562739999999,150.0,57,1358,3539,0.49,203700,0.0005,0.03896794095635414,50674
0.05,5.26960981,150.0,57,1359,3539,0.48,203850,0.0005,0.08134401589632034,50712
0.05,5.44346423,150.0,57,1360,3539,0.49,204000,0.0005,0.08766648918390274,50749
0.05,5.270084979999999,150.0,57,1361,3539,0.49,204150,0.0005,0.04147060215473175,50787
0.05,5.27623008,150.0,57,1362,3539,0.49,204300,0.0005,0.043360769748687744,50824
0.05,5.532241429999999,150.0,57,1363,3538,0.5,204450,0.0005,0.021871745586395264,50862
0.05,5.69856103,150.0,57,1364,3538,0.51,204600,0.0005,0.08154162764549255,50899
0.05,5.889848709999999,150.0,57,1365,3538,0.52,204750,0.0005,0.021778780966997147,50937
0.05,5.771147379999999,150.0,57,1366,3537,0.51,204900,0.0005,0.060484714806079865,50974
0.05,5.825432009999999,150.0,57,1367,3537,0.51,205050,0.0005,0.05228118970990181,51012
0.05,5.73917272,150.0,58,1368,3537,0.51,205200,0.0005,0.026637978851795197,51049
0.05,5.539406200000001,150.0,58,1369,3537,0.5,205350,0.0005,0.04816717654466629,51087
0.05,5.668075160000001,150.0,58,1370,3536,0.5,205500,0.0005,0.06656597554683685,51124
0.05,5.326850600000001,150.0,58,1371,3536,0.49,205650,0.0005,0.06674791872501373,51162
0.05,5.38072681,150.0,58,1372,3536,0.5,205800,0.0005,0.08143721520900726,51199
0.05,5.7358743500000005,150.0,58,1373,3536,0.51,205950,0.0005,0.055936530232429504,51237
0.05,5.48073305,150.0,58,1374,3536,0.5,206100,0.0005,0.04685698449611664,51274
0.05,5.291459,150.0,58,1375,3536,0.49,206250,0.0005,0.0427241325378418,51312
0.05,5.511371260000001,150.0,58,1376,3536,0.5,206400,0.0005,0.17040131986141205,51349
0.05,5.52916017,150.0,58,1377,3536,0.5,206550,0.0005,0.01649538241326809,51387
0.05,5.59174271,150.0,58,1378,3536,0.5,206700,0.0005,0.10798608511686325,51424
0.05,5.86649852,150.0,58,1379,3536,0.51,206850,0.0005,0.018622923642396927,51462
0.05,5.947662779999999,150.0,58,1380,3536,0.51,207000,0.0005,0.03492571786046028,51499
0.05,6.036140989999999,150.0,58,1381,3536,0.52,207150,0.0005,0.06600397825241089,51537
0.05,6.02251553,150.0,58,1382,3536,0.52,207300,0.0005,0.02494325488805771,51574
0.05,6.049804609999999,150.0,58,1383,3536,0.52,207450,0.0005,0.04373103752732277,51612
0.05,6.317084809999999,150.0,58,1384,3536,0.53,207600,0.0005,0.04462195932865143,51649
0.05,6.49719519,150.0,58,1385,3536,0.54,207750,0.0005,0.03138629347085953,51687
0.05,6.72702384,150.0,58,1386,3536,0.54,207900,0.0005,0.036883141845464706,51724
0.05,6.60394407,150.0,58,1387,3536,0.53,208050,0.0005,0.07155531644821167,51762
0.05,6.541854850000001,150.0,58,1388,3536,0.53,208200,0.0005,0.04967410862445831,51799
0.05,6.658511830000001,150.0,58,1389,3536,0.53,208350,0.0005,0.04797922074794769,51837
0.05,6.67498398,150.0,58,1390,3536,0.53,208500,0.0005,0.04756306856870651,51874
0.05,6.4723698,150.0,59,1391,3536,0.52,208650,0.0005,0.07495351135730743,51912
0.05,6.43316708,150.0,59,1392,3536,0.52,208800,0.0005,0.1312069296836853,51949
0.05,6.291644930000001,150.0,59,1393,3535,0.52,208950,0.0005,0.10976172983646393,51987
0.05,5.9756477,150.0,59,1394,3535,0.51,209100,0.0005,0.06718558818101883,52024
0.05,6.19622709,150.0,59,1395,3535,0.52,209250,0.0005,0.02887323871254921,52062
0.05,6.0171483499999985,150.0,59,1396,3535,0.51,209400,0.0005,0.11071604490280151,52099
0.05,6.007437069999998,150.0,59,1397,3535,0.51,209550,0.0005,0.04501383751630783,52137
0.05,5.8267845099999995,150.0,59,1398,3535,0.5,209700,0.0005,0.03331170976161957,52174
0.05,5.75759693,150.0,59,1399,3535,0.49,209850,0.0005,0.04312516748905182,52212
0.05,5.70870586,150.0,59,1400,3535,0.49,210000,0.0005,0.04232148453593254,52249
0.05,5.768374549999999,150.0,59,1401,3535,0.49,210150,0.0005,0.06697362661361694,52287
0.05,5.7295115,150.0,59,1402,3535,0.49,210300,0.0005,0.09169958531856537,52324
0.05,5.69180021,150.0,59,1403,3535,0.49,210450,0.0005,0.03611256927251816,52362
0.05,5.53080464,150.0,59,1404,3535,0.48,210600,0.0005,0.035564862191677094,52399
0.05,5.6206159200000005,150.0,59,1405,3535,0.48,210750,0.0005,0.038055919110774994,52437
0.05,5.625935330000001,150.0,59,1406,3535,0.48,210900,0.0005,0.08242599666118622,52474
0.05,5.978575260000001,150.0,59,1407,3535,0.49,211050,0.0005,0.0455034002661705,52512
0.05,6.0942039900000005,150.0,59,1408,3535,0.49,211200,0.0005,0.05638168007135391,52549
0.05,6.301001620000002,150.0,59,1409,3535,0.5,211350,0.0005,0.02685568481683731,52587
0.05,6.459918310000002,150.0,59,1410,3535,0.51,211500,0.0005,0.03139591962099075,52624
0.05,6.458216050000001,150.0,59,1411,3535,0.51,211650,0.0005,0.044140130281448364,52662
0.05,6.406522630000001,150.0,59,1412,3535,0.51,211800,0.0005,0.049156345427036285,52699
0.05,6.520204440000001,150.0,59,1413,3535,0.52,211950,0.0005,0.04773063212633133,52737
0.05,6.272278200000001,150.0,59,1414,3535,0.51,212100,0.0005,0.04983575642108917,52774
0.05,6.45888527,150.0,60,1415,3534,0.52,212250,0.0005,0.13858287036418915,52812
0.05,6.391153429999999,150.0,60,1416,3534,0.52,212400,0.0005,0.08693763613700867,52849
0.05,6.370573790000001,150.0,60,1417,3534,0.52,212550,0.0005,0.04647485539317131,52887
0.05,6.526287619999998,150.0,60,1418,3534,0.52,212700,0.0005,0.09814365208148956,52924
0.05,6.636043180000001,150.0,60,1419,3534,0.53,212850,0.0005,0.020709682255983353,52962
0.05,6.607342179999998,150.0,60,1420,3534,0.53,213000,0.0005,0.061850838363170624,52999
0.05,6.42247146,150.0,60,1421,3534,0.52,213150,0.0005,0.042673755437135696,53037
0.05,6.65385454,150.0,60,1422,3534,0.53,213300,0.0005,0.0569765642285347,53074
0.05,6.481420020000001,150.0,60,1423,3534,0.52,213450,0.0005,0.055751752108335495,53112
0.05,6.6500679400000005,150.0,60,1424,3534,0.53,213600,0.0005,0.03796869143843651,53149
0.05,6.418863510000001,150.0,60,1425,3534,0.52,213750,0.0005,0.0467437319457531,53187
0.05,6.447054509999999,150.0,60,1426,3534,0.52,213900,0.0005,0.04367360100150108,53224
0.05,6.332656450000001,150.0,60,1427,3534,0.52,214050,0.0005,0.04577767103910446,53262
0.05,6.389161799999999,150.0,60,1428,3534,0.53,214200,0.0005,0.05104778707027435,53299
0.05,6.30384133,150.0,60,1429,3534,0.53,214350,0.0005,0.0308297798037529,53337
0.05,6.58201894,150.0,60,1430,3534,0.54,214500,0.0005,0.032289471477270126,53374
0.05,6.273727600000001,150.0,60,1431,3533,0.53,214650,0.0005,0.04891982674598694,53412
0.05,6.0137598400000005,150.0,60,1432,3533,0.52,214800,0.0005,0.049186088144779205,53449
0.05,5.85004296,150.0,60,1433,3533,0.52,214950,0.0005,0.05167447030544281,53487
0.05,5.932984439999999,150.0,60,1434,3533,0.52,215100,0.0005,0.10106313228607178,53524
0.05,5.961659640000001,150.0,60,1435,3533,0.52,215250,0.0005,0.06357992440462112,53562
0.05,5.939511169999999,150.0,60,1436,3533,0.52,215400,0.0005,0.026540951803326607,53599
0.05,5.73043768,150.0,61,1437,3533,0.51,215550,0.0005,0.0526968352496624,53637
0.05,5.9869832899999995,150.0,61,1438,3533,0.52,215700,0.0005,0.055424630641937256,53674
0.05,5.6750453300000006,150.0,61,1439,3533,0.51,215850,0.0005,0.12324284017086029,53712
0.05,5.664976580000001,150.0,61,1440,3533,0.51,216000,0.0005,0.034417275339365005,53749
0.05,5.73227519,150.0,61,1441,3533,0.51,216150,0.0005,0.06564207375049591,53787
0.05,5.92196776,150.0,61,1442,3533,0.52,216300,0.0005,0.052185166627168655,53824
0.05,6.06691467,150.0,61,1443,3533,0.53,216450,0.0005,0.06936588883399963,53862
0.05,5.854533689999999,150.0,61,1444,3533,0.52,216600,0.0005,0.06507808715105057,53899
0.05,5.78023996,150.0,61,1445,3532,0.51,216750,0.0005,0.11421167105436325,53937
0.05,5.896970679999999,150.0,61,1446,3532,0.52,216900,0.0005,0.09007037431001663,53974
0.05,5.75834994,150.0,61,1447,3532,0.51,217050,0.0005,0.057055093348026276,54012
0.05,5.817241869999999,150.0,61,1448,3532,0.51,217200,0.0005,0.02921091392636299,54049
0.05,5.58761031,150.0,61,1449,3532,0.5,217350,0.0005,0.08022522926330566,54087
0.05,5.75147286,150.0,61,1450,3532,0.51,217500,0.0005,0.03755556792020798,54124
0.05,5.695469360000001,150.0,61,1451,3532,0.51,217650,0.0005,0.047694090753793716,54162
0.05,5.93633094,150.0,61,1452,3532,0.52,217800,0.0005,0.03495802730321884,54199
0.05,5.892787789999999,150.0,61,1453,3532,0.52,217950,0.0005,0.050659000873565674,54237
0.05,6.141154989999999,150.0,61,1454,3532,0.53,218100,0.0005,0.03823840618133545,54274
0.05,6.14995143,150.0,61,1455,3532,0.53,218250,0.0005,0.04109182208776474,54312
0.05,6.103316520000001,150.0,61,1456,3532,0.53,218400,0.0005,0.05854617804288864,54349
0.05,6.042513840000001,150.0,61,1457,3532,0.53,218550,0.0005,0.052188050001859665,54387
0.05,5.890042330000001,150.0,61,1458,3532,0.52,218700,0.0005,0.04189591482281685,54424
0.05,5.98630084,150.0,61,1459,3532,0.53,218850,0.0005,0.13656552135944366,54462
0.05,5.819411720000001,150.0,61,1460,3532,0.52,219000,0.0005,0.0226355642080307,54499
0.05,6.194939139999999,150.0,62,1461,3532,0.53,219150,0.0005,0.0577823631465435,54537
0.05,6.42738068,150.0,62,1462,3532,0.53,219300,0.0005,0.02062729001045227,54574
0.05,6.42708572,150.0,62,1463,3532,0.53,219450,0.0005,0.07098373025655746,54612
0.05,6.419595089999999,150.0,62,1464,3532,0.53,219600,0.0005,0.050066933035850525,54649
0.05,6.22532642,150.0,62,1465,3532,0.52,219750,0.0005,0.030816487967967987,54687
0.05,6.357481669999999,150.0,62,1466,3532,0.53,219900,0.0005,0.04319123178720474,54724
0.05,6.518211100000001,150.0,62,1467,3532,0.54,220050,0.0005,0.23455627262592316,54762
0.05,6.813855800000002,150.0,62,1468,3532,0.55,220200,0.0005,0.030518922954797745,54799
0.05,6.761534470000002,150.0,62,1469,3532,0.55,220350,0.0005,0.06271153688430786,54837
0.05,6.945310179999999,150.0,62,1470,3532,0.56,220500,0.0005,0.04958341270685196,54874
0.05,7.293923439999999,150.0,62,1471,3532,0.57,220650,0.0005,0.06285533308982849,54912
0.05,7.192887879999998,150.0,62,1472,3532,0.56,220800,0.0005,0.023334583267569542,54949
0.05,7.005532279999999,150.0,62,1473,3531,0.55,220950,0.0005,0.049535851925611496,54987
0.05,7.265280659999999,150.0,62,1474,3531,0.56,221100,0.0005,0.04915072023868561,55024
0.05,7.104766229999999,150.0,62,1475,3531,0.56,221250,0.0005,0.032676443457603455,55062
0.05,6.92441773,150.0,62,1476,3531,0.55,221400,0.0005,0.031117059290409088,55099
0.05,6.671258140000001,150.0,62,1477,3531,0.54,221550,0.0005,0.08640207350254059,55137
0.05,6.517786170000002,150.0,62,1478,3531,0.54,221700,0.0005,0.052602291107177734,55174
0.05,6.327894130000001,150.0,62,1479,3531,0.53,221850,0.0005,0.09960612654685974,55212
0.05,6.28080538,150.0,62,1480,3531,0.53,222000,0.0005,0.02081744745373726,55249
0.05,6.1796456000000015,150.0,62,1481,3531,0.52,222150,0.0005,0.061720218509435654,55287
0.05,6.172272400000001,150.0,62,1482,3531,0.52,222300,0.0005,0.01871270313858986,55324
0.05,6.132073530000001,150.0,62,1483,3531,0.52,222450,0.0005,0.11284676194190979,55362
0.05,6.035131590000001,150.0,63,1484,3531,0.51,222600,0.0005,0.10314372181892395,55399
0.05,6.093563790000001,150.0,63,1485,3531,0.51,222750,0.0005,0.05628941208124161,55437
0.05,5.85830965,150.0,63,1486,3531,0.51,222900,0.0005,0.0629243403673172,55474
0.05,5.832675399999999,150.0,63,1487,3531,0.51,223050,0.0005,0.018798217177391052,55512
0.05,5.825626429999999,150.0,63,1488,3530,0.51,223200,0.0005,0.07820586860179901,55549
0.05,5.8472683299999995,150.0,63,1489,3530,0.51,223350,0.0005,0.03463119640946388,55587
0.05,5.83525031,150.0,63,1490,3530,0.51,223500,0.0005,0.03542521595954895,55624
0.05,5.8774543,150.0,63,1491,3530,0.51,223650,0.0005,0.04325699806213379,55662
0.05,6.009869480000001,150.0,63,1492,3530,0.52,223800,0.0005,0.0363985076546669,55699
0.05,6.349969360000001,150.0,63,1493,3530,0.53,223950,0.0005,0.03241643309593201,55737
0.05,6.6268903,150.0,63,1494,3530,0.54,224100,0.0005,0.04466535896062851,55774
0.05,6.38688032,150.0,63,1495,3530,0.53,224250,0.0005,0.09982634335756302,55812
0.05,6.420437769999999,150.0,63,1496,3530,0.53,224400,0.0005,0.06308162957429886,55849
0.05,6.25356613,150.0,63,1497,3530,0.52,224550,0.0005,0.05491290241479874,55887
0.05,6.19258061,150.0,63,1498,3530,0.52,224700,0.0005,0.04012914001941681,55924
0.05,6.298886040000001,150.0,63,1499,3530,0.53,224850,0.0005,0.0658116415143013,55962
0.05,6.278583350000002,150.0,63,1500,3530,0.53,225000,0.0005,0.04315628483891487,55999
0.05,6.2653187400000006,150.0,63,1501,3530,0.53,225150,0.0005,0.1354667693376541,56037
0.05,6.07896122,150.0,63,1502,3530,0.52,225300,0.0005,0.0966758131980896,56074
0.05,6.114602110000001,150.0,63,1503,3530,0.52,225450,0.0005,0.03613090515136719,56112
0.05,6.106799059999999,150.0,63,1504,3530,0.52,225600,0.0005,0.03371163457632065,56149
0.05,6.10059729,150.0,63,1505,3530,0.52,225750,0.0005,0.02792542241513729,56187
0.05,6.09177638,150.0,63,1506,3530,0.52,225900,0.0005,0.02503824606537819,56224
0.05,5.95103887,150.0,64,1507,3530,0.51,226050,0.0005,0.03308626264333725,56262
0.05,6.08296246,150.0,64,1508,3530,0.52,226200,0.0005,0.05933048576116562,56299
0.05,5.948802330000001,150.0,64,1509,3530,0.51,226350,0.0005,0.07830994576215744,56337
0.05,5.775487690000001,150.0,64,1510,3530,0.5,226500,0.0005,0.12476325035095215,56374
0.05,5.773655140000001,150.0,64,1511,3529,0.5,226650,0.0005,0.0919465720653534,56412
0.05,5.5811205300000015,150.0,64,1512,3529,0.49,226800,0.0005,0.07786669582128525,56449
0.05,5.5768945300000015,150.0,64,1513,3529,0.49,226950,0.0005,0.04190954938530922,56487
0.05,5.763918880000001,150.0,64,1514,3529,0.5,227100,0.0005,0.06040444225072861,56524
0.05,5.526479570000001,150.0,64,1515,3529,0.49,227250,0.0005,0.04492148011922836,56562
0.05,5.267870660000001,150.0,64,1516,3529,0.48,227400,0.0005,0.06368802487850189,56599
0.05,5.18829703,150.0,64,1517,3529,0.47,227550,0.0005,0.11272016167640686,56637
0.05,5.284882560000001,150.0,64,1518,3529,0.48,227700,0.0005,0.03211638331413269,56674
0.05,5.247582660000001,150.0,64,1519,3529,0.48,227850,0.0005,0.11428721994161606,56712
0.05,5.015702320000001,150.0,64,1520,3526,0.47,228000,0.0005,0.0699472576379776,56749
0.05,5.004942540000001,150.0,64,1521,3526,0.47,228150,0.0005,0.053429119288921356,56787
0.05,4.975525870000001,150.0,64,1522,3526,0.47,228300,0.0005,0.06578852981328964,56824
0.05,5.208473110000001,150.0,64,1523,3526,0.48,228450,0.0005,0.07777220755815506,56862
0.05,5.18212352,150.0,64,1524,3526,0.48,228600,0.0005,0.048131998628377914,56899
0.05,5.242303380000001,150.0,64,1525,3526,0.48,228750,0.0005,0.030165519565343857,56937
0.05,5.229691210000001,150.0,64,1526,3526,0.48,228900,0.0005,0.19538244605064392,56974
0.05,5.39921838,150.0,64,1527,3526,0.48,229050,0.0005,0.04889065399765968,57012
0.05,5.372036330000001,150.0,65,1528,3526,0.48,229200,0.0005,0.0791826993227005,57049
0.05,5.12856743,150.0,65,1529,3525,0.47,229350,0.0005,0.1020740494132042,57087
0.05,4.92642694,150.0,65,1530,3525,0.46,229500,0.0005,0.0764775276184082,57124
0.05,5.232681210000001,150.0,65,1531,3525,0.47,229650,0.0005,0.11097557842731476,57162
0.05,5.418763200000001,150.0,65,1532,3525,0.47,229800,0.0005,0.1484702080488205,57199
0.05,5.69555004,150.0,65,1533,3525,0.48,229950,0.0005,0.052594393491744995,57237
0.05,5.909532810000001,150.0,65,1534,3525,0.49,230100,0.0005,0.03949207067489624,57274
0.05,5.69700895,150.0,65,1535,3525,0.48,230250,0.0005,0.03976844251155853,57312
0.05,5.69650122,150.0,65,1536,3525,0.48,230400,0.0005,0.09566677361726761,57349
0.05,5.56803476,150.0,65,1537,3525,0.48,230550,0.0005,0.08691781759262085,57387
0.05,5.520990720000001,150.0,65,1538,3525,0.48,230700,0.0005,0.047667816281318665,57424
0.05,5.817034490000001,150.0,65,1539,3525,0.48,230850,0.0005,0.05146588012576103,57462
0.05,5.81557996,150.0,65,1540,3525,0.48,231000,0.0005,0.04285027086734772,57499
0.05,5.7513409000000015,150.0,65,1541,3525,0.48,231150,0.0005,0.05069940909743309,57537
0.05,5.743125150000002,150.0,65,1542,3525,0.48,231300,0.0005,0.038930729031562805,57574
0.05,5.76082197,150.0,65,1543,3525,0.48,231450,0.0005,0.0516781359910965,57612
0.05,5.98306921,150.0,65,1544,3525,0.49,231600,0.0005,0.043065764009952545,57649
0.05,5.901955920000001,150.0,65,1545,3525,0.49,231750,0.0005,0.12089826166629791,57687
0.05,5.7625898,150.0,65,1546,3525,0.48,231900,0.0005,0.042437076568603516,57724
0.05,5.643987499999998,150.0,65,1547,3525,0.48,232050,0.0005,0.051124755293130875,57762
0.05,5.773602229999999,150.0,65,1548,3525,0.49,232200,0.0005,0.05635981261730194,57799
0.05,5.98987484,150.0,65,1549,3525,0.5,232350,0.0005,0.11405912041664124,57837
0.05,6.0234024999999995,150.0,65,1550,3524,0.5,232500,0.0005,0.016843199729919434,57874
0.05,6.047899179999999,150.0,66,1551,3524,0.5,232650,0.0005,0.05422722548246384,57912
0.05,6.07433552,150.0,66,1552,3524,0.5,232800,0.0005,0.03276455029845238,57949
0.05,6.208230159999999,150.0,66,1553,3524,0.5,232950,0.0005,0.18789097666740417,57987
0.05,5.9509667,150.0,66,1554,3524,0.49,233100,0.0005,0.11733118444681168,58024
0.05,6.03341919,150.0,66,1555,3524,0.5,233250,0.0005,0.08036743849515915,58062
0.05,5.80113583,150.0,66,1556,3524,0.49,233400,0.0005,0.046047523617744446,58099
0.05,5.93540569,150.0,66,1557,3524,0.5,233550,0.0005,0.04053165018558502,58137
0.05,5.900518329999999,150.0,66,1558,3524,0.5,233700,0.0005,0.11388947069644928,58174
0.05,5.9491007599999985,150.0,66,1559,3524,0.5,233850,0.0005,0.06267746537923813,58212
0.05,6.1380132499999975,150.0,66,1560,3524,0.51,234000,0.0005,0.11139407008886337,58249
0.05,5.93048457,150.0,66,1561,3524,0.5,234150,0.0005,0.02646700292825699,58287
0.05,6.0695710599999995,150.0,66,1562,3524,0.51,234300,0.0005,0.04988637566566467,58324
0.05,5.971922120000001,150.0,66,1563,3524,0.5,234450,0.0005,0.10810668021440506,58362
0.05,5.834238010000002,150.0,66,1564,3524,0.49,234600,0.0005,0.06442860513925552,58399
0.05,6.07967287,150.0,66,1565,3524,0.5,234750,0.0005,0.12371283769607544,58437
0.05,5.90773725,150.0,66,1566,3524,0.49,234900,0.0005,0.042082637548446655,58474
0.05,5.6268831,150.0,66,1567,3524,0.48,235050,0.0005,0.05328948795795441,58512
0.05,5.479565760000002,150.0,66,1568,3523,0.47,235200,0.0005,0.05769941210746765,58549
0.05,5.714549290000001,150.0,66,1569,3523,0.48,235350,0.0005,0.11739025264978409,58587
0.05,5.676180580000001,150.0,66,1570,3523,0.48,235500,0.0005,0.031752683222293854,58624
0.05,5.68450012,150.0,66,1571,3523,0.48,235650,0.0005,0.05215422064065933,58662
0.05,5.652797549999999,150.0,66,1572,3522,0.48,235800,0.0005,0.04545753449201584,58699
0.05,5.84049063,150.0,66,1573,3522,0.49,235950,0.0005,0.10793137550354004,58737
0.05,5.75617801,150.0,67,1574,3522,0.48,236100,0.0005,0.12910328805446625,58774
0.05,6.073375479999999,150.0,67,1575,3522,0.49,236250,0.0005,0.09343985468149185,58812
0.05,6.065523669999999,150.0,67,1576,3522,0.49,236400,0.0005,0.02100742608308792,58849
0.05,6.31203037,150.0,67,1577,3522,0.5,236550,0.0005,0.03650043159723282,58887
0.05,6.38663319,150.0,67,1578,3522,0.5,236700,0.0005,0.07966737449169159,58924
0.05,6.543642079999999,150.0,67,1579,3521,0.51,236850,0.0005,0.05662988871335983,58962
0.05,6.56166131,150.0,67,1580,3521,0.51,237000,0.0005,0.03221387788653374,58999
0.05,6.609498799999999,150.0,67,1581,3521,0.51,237150,0.0005,0.05099555850028992,59037
0.05,6.421575669999998,150.0,67,1582,3521,0.5,237300,0.0005,0.055091336369514465,59074
0.05,6.14585346,150.0,67,1583,3521,0.49,237450,0.0005,0.03764978423714638,59112
0.05,6.0469919999999995,150.0,67,1584,3521,0.49,237600,0.0005,0.0663791298866272,59149
0.05,5.815787939999999,150.0,67,1585,3521,0.48,237750,0.0005,0.047484032809734344,59187
0.05,5.879296869999999,150.0,67,1586,3521,0.48,237900,0.0005,0.028960809111595154,59224
0.05,5.954875999999998,150.0,67,1587,3521,0.48,238050,0.0005,0.025342486798763275,59262
0.05,5.95309145,150.0,67,1588,3521,0.48,238200,0.0005,0.07101526856422424,59299
0.05,6.09249598,150.0,67,1589,3521,0.49,238350,0.0005,0.05054039508104324,59337
0.05,6.10294179,150.0,67,1590,3521,0.49,238500,0.0005,0.11548300087451935,59374
0.05,6.212422309999999,150.0,67,1591,3521,0.5,238650,0.0005,0.07824409008026123,59412
0.05,6.23393878,150.0,67,1592,3521,0.5,238800,0.0005,0.03727691248059273,59449
0.05,6.18502348,150.0,67,1593,3521,0.5,238950,0.0005,0.19387474656105042,59487
0.05,6.190887879999999,150.0,67,1594,3521,0.5,239100,0.0005,0.08738310635089874,59524
0.05,6.28768613,150.0,67,1595,3521,0.5,239250,0.0005,0.05210931599140167,59562
0.05,6.179414810000002,150.0,67,1596,3521,0.5,239400,0.0005,0.08457235991954803,59599
0.05,6.29845056,150.0,68,1597,3521,0.51,239550,0.0005,0.1756555289030075,59637
0.05,6.50238893,150.0,68,1598,3521,0.52,239700,0.0005,0.05640260875225067,59674
0.05,6.2462845300000005,150.0,68,1599,3521,0.51,239850,0.0005,0.03525553271174431,59712
0.05,6.37937318,150.0,68,1600,3521,0.52,240000,0.0005,0.03471462428569794,59749
0.05,6.38418807,150.0,68,1601,3520,0.52,240150,0.0005,0.04593196138739586,59787
0.05,6.54778738,150.0,68,1602,3520,0.52,240300,0.0005,0.05527346953749657,59824
0.05,6.56071925,150.0,68,1603,3520,0.52,240450,0.0005,0.0841345340013504,59862
0.05,6.567378019999999,150.0,68,1604,3520,0.52,240600,0.0005,0.06860768049955368,59899
0.05,6.537624439999999,150.0,68,1605,3520,0.52,240750,0.0005,0.05351521074771881,59937
0.05,6.49585637,150.0,68,1606,3520,0.52,240900,0.0005,0.026091381907463074,59974
0.05,6.627777650000001,150.0,68,1607,3520,0.53,241050,0.0005,0.06524637341499329,60012
0.05,6.627948980000001,150.0,68,1608,3520,0.53,241200,0.0005,0.10379563271999359,60049
0.05,6.867474500000002,150.0,68,1609,3520,0.54,241350,0.0005,0.03170054778456688,60087
0.05,6.909243240000002,150.0,68,1610,3520,0.54,241500,0.0005,0.040210019797086716,60124
0.05,6.916343720000001,150.0,68,1611,3520,0.54,241650,0.0005,0.026805438101291656,60162
0.05,7.13508177,150.0,68,1612,3520,0.55,241800,0.0005,0.031030777841806412,60199
0.05,6.93504844,150.0,68,1613,3520,0.54,241950,0.0005,0.20847541093826294,60237
0.05,6.77416186,150.0,68,1614,3520,0.53,242100,0.0005,0.03549717366695404,60274
0.05,6.96636609,150.0,68,1615,3520,0.54,242250,0.0005,0.09691095352172852,60312
0.05,7.283178650000001,150.0,68,1616,3520,0.55,242400,0.0005,0.11360543221235275,60349
0.05,7.14702895,150.0,68,1617,3520,0.55,242550,0.0005,0.03488932177424431,60387
0.05,7.14040494,150.0,68,1618,3520,0.55,242700,0.0005,0.14571675658226013,60424
0.05,7.02340759,150.0,68,1619,3520,0.54,242850,0.0005,0.032352250069379807,60462
0.05,6.97554902,150.0,69,1620,3520,0.54,243000,0.0005,0.10591860115528107,60499
0.05,6.992598420000002,150.0,69,1621,3520,0.54,243150,0.0005,0.05440519377589226,60537
0.05,7.055847160000001,150.0,69,1622,3520,0.54,243300,0.0005,0.01664595492184162,60574
0.05,7.023483690000001,150.0,69,1623,3520,0.54,243450,0.0005,0.04444614425301552,60612
0.05,7.046960329999999,150.0,69,1624,3520,0.54,243600,0.0005,0.058030419051647186,60649
0.05,7.214568650000001,150.0,69,1625,3520,0.55,243750,0.0005,0.07610765099525452,60687
0.05,7.22985718,150.0,69,1626,3519,0.55,243900,0.0005,0.0760476142168045,60724
0.05,7.297209680000001,150.0,69,1627,3519,0.56,244050,0.0005,0.08925152570009232,60762
0.05,7.375465320000001,150.0,69,1628,3519,0.56,244200,0.0005,0.04113178700208664,60799
0.05,7.6569424900000005,150.0,69,1629,3519,0.57,244350,0.0005,0.07144355773925781,60837
0.05,7.83807481,150.0,69,1630,3518,0.58,244500,0.0005,0.030904166400432587,60874
0.05,7.770731319999999,150.0,69,1631,3518,0.57,244650,0.0005,0.10512536019086838,60912
0.05,7.70522847,150.0,69,1632,3518,0.57,244800,0.0005,0.030661901459097862,60949
0.05,7.515079790000001,150.0,69,1633,3518,0.56,244950,0.0005,0.04568691924214363,60987
0.05,7.5167068200000005,150.0,69,1634,3518,0.56,245100,0.0005,0.025162024423480034,61024
0.05,7.3809347500000015,150.0,69,1635,3518,0.56,245250,0.0005,0.027196655049920082,61062
0.05,7.38062504,150.0,69,1636,3518,0.56,245400,0.0005,0.046402476727962494,61099
0.05,7.617619540000001,150.0,69,1637,3518,0.56,245550,0.0005,0.10979923605918884,61137
0.05,7.667512890000001,150.0,69,1638,3518,0.56,245700,0.0005,0.10598060488700867,61174
0.05,7.721239620000001,150.0,69,1639,3518,0.57,245850,0.0005,0.06213579699397087,61212
0.05,7.718672980000001,150.0,69,1640,3518,0.57,246000,0.0005,0.025197815150022507,61249
0.05,7.7655665,150.0,69,1641,3518,0.57,246150,0.0005,0.19101807475090027,61287
0.05,7.77091136,150.0,70,1642,3518,0.57,246300,0.0005,0.04877848923206329,61324
0.05,7.57879937,150.0,70,1643,3518,0.56,246450,0.0005,0.12724095582962036,61362
0.05,7.609221429999999,150.0,70,1644,3518,0.56,246600,0.0005,0.06484523415565491,61399
0.05,7.769042089999998,150.0,70,1645,3518,0.57,246750,0.0005,0.11558616161346436,61437
0.05,7.771284839999998,150.0,70,1646,3518,0.57,246900,0.0005,0.061336226761341095,61474
0.05,8.01755908,150.0,70,1647,3518,0.58,247050,0.0005,0.07158812880516052,61512
0.05,7.999370609999999,150.0,70,1648,3518,0.58,247200,0.0005,0.05214843899011612,61549
0.05,7.877974300000001,150.0,70,1649,3518,0.57,247350,0.0005,0.02676752768456936,61587
0.05,7.691277830000001,150.0,70,1650,3518,0.56,247500,0.0005,0.11306077241897583,61624
0.05,7.703006620000001,150.0,70,1651,3517,0.56,247650,0.0005,0.03947731852531433,61662
0.05,7.605712880000001,150.0,70,1652,3517,0.55,247800,0.0005,0.05234408751130104,61699
0.05,7.641320820000001,150.0,70,1653,3517,0.55,247950,0.0005,0.038242537528276443,61737
0.05,7.549744070000002,150.0,70,1654,3517,0.55,248100,0.0005,0.12689469754695892,61774
0.05,7.6560932300000015,150.0,70,1655,3517,0.55,248250,0.0005,0.20608028769493103,61812
0.05,7.83066057,150.0,70,1656,3517,0.55,248400,0.0005,0.03891349211335182,61849
0.05,7.88782626,150.0,70,1657,3517,0.55,248550,0.0005,0.019112320616841316,61887
0.05,8.06628001,150.0,70,1658,3517,0.56,248700,0.0005,0.11829236149787903,61924
0.05,8.03231091,150.0,70,1659,3517,0.56,248850,0.0005,0.05589579790830612,61962
0.05,7.88621978,150.0,70,1660,3517,0.55,249000,0.0005,0.07935885339975357,61999
0.05,7.759768730000001,150.0,70,1661,3516,0.55,249150,0.0005,0.030465006828308105,62037
0.05,7.597285330000001,150.0,70,1662,3516,0.54,249300,0.0005,0.03468302637338638,62074
0.05,7.508851000000001,150.0,70,1663,3516,0.54,249450,0.0005,0.07335308939218521,62112
0.05,7.544497930000001,150.0,70,1664,3516,0.54,249600,0.0005,0.05381329730153084,62149
0.05,7.418124850000001,150.0,71,1665,3516,0.54,249750,0.0005,0.02521449141204357,62187
0.05,7.515687610000001,150.0,71,1666,3516,0.55,249900,0.0005,0.04153473675251007,62224
0.05,7.85018616,150.0,71,1667,3516,0.56,250050,0.0005,0.014797893352806568,62262
0.05,8.000572100000001,150.0,71,1668,3516,0.57,250200,0.0005,0.03618402034044266,62299
0.05,8.04130553,150.0,71,1669,3516,0.57,250350,0.0005,0.04134144261479378,62337
0.05,8.04617713,150.0,71,1670,3516,0.57,250500,0.0005,0.10532429069280624,62374
0.05,7.916266250000001,150.0,71,1671,3515,0.56,250650,0.0005,0.03380449861288071,62412
0.05,8.050458930000001,150.0,71,1672,3515,0.57,250800,0.0005,0.03299950808286667,62449
0.05,7.71525592,150.0,71,1673,3515,0.56,250950,0.0005,0.0395461767911911,62487
0.05,7.70508066,150.0,71,1674,3515,0.56,251100,0.0005,0.04273228719830513,62524
0.05,7.75396516,150.0,71,1675,3515,0.56,251250,0.0005,0.03183332830667496,62562
0.05,7.714625789999999,150.0,71,1676,3515,0.56,251400,0.0005,0.026990467682480812,62599
0.05,7.68854143,150.0,71,1677,3515,0.56,251550,0.0005,0.05270395800471306,62637
0.05,7.728904999999998,150.0,71,1678,3515,0.56,251700,0.0005,0.05442380905151367,62674
0.05,7.73503885,150.0,71,1679,3515,0.56,251850,0.0005,0.08920437097549438,62712
0.05,7.72918491,150.0,71,1680,3515,0.56,252000,0.0005,0.04322689026594162,62749
0.05,7.52935515,150.0,71,1681,3514,0.56,252150,0.0005,0.033556487411260605,62787
0.05,7.592300999999999,150.0,71,1682,3514,0.56,252300,0.0005,0.042271558195352554,62824
0.05,7.856660559999999,150.0,71,1683,3514,0.57,252450,0.0005,0.044843848794698715,62862
0.05,8.08023112,150.0,71,1684,3514,0.58,252600,0.0005,0.0498514249920845,62899
0.05,8.03449705,150.0,71,1685,3514,0.58,252750,0.0005,0.05047878250479698,62937
0.05,8.306884290000001,150.0,71,1686,3514,0.59,252900,0.0005,0.05566267669200897,62974
0.05,8.429834620000001,150.0,71,1687,3514,0.6,253050,0.0005,0.05190306901931763,63012
0.05,8.4648286,150.0,72,1688,3514,0.6,253200,0.0005,0.054582782089710236,63049
0.05,8.40470957,150.0,72,1689,3514,0.6,253350,0.0005,0.03786250203847885,63087
0.05,8.3649059,150.0,72,1690,3514,0.6,253500,0.0005,0.056409988552331924,63124
0.05,8.06430452,150.0,72,1691,3513,0.59,253650,0.0005,0.038232024759054184,63162
0.05,8.009644960000001,150.0,72,1692,3513,0.59,253800,0.0005,0.057515013962984085,63199
0.05,8.13387206,150.0,72,1693,3513,0.59,253950,0.0005,0.0996783897280693,63237
0.05,8.13421941,150.0,72,1694,3513,0.59,254100,0.0005,0.030666226521134377,63274
0.05,8.098930220000002,150.0,72,1695,3513,0.59,254250,0.0005,0.0959269106388092,63312
0.05,8.39406075,150.0,72,1696,3513,0.6,254400,0.0005,0.1310911476612091,63349
0.05,8.452687929999998,150.0,72,1697,3513,0.6,254550,0.0005,0.02565300650894642,63387
0.05,8.47606416,150.0,72,1698,3513,0.6,254700,0.0005,0.026997853070497513,63424
0.05,8.43443853,150.0,72,1699,3510,0.6,254850,0.0005,0.021893957629799843,63462
0.05,8.4822323,150.0,72,1700,3510,0.6,255000,0.0005,0.07569961249828339,63499
0.05,8.477441529999998,150.0,72,1701,3510,0.6,255150,0.0005,0.10837923735380173,63537
0.05,8.412537339999998,150.0,72,1702,3510,0.6,255300,0.0005,0.04014072194695473,63574
0.05,8.29337256,150.0,72,1703,3510,0.59,255450,0.0005,0.03656526654958725,63612
0.05,8.43260817,150.0,72,1704,3510,0.6,255600,0.0005,0.08961448818445206,63649
0.05,8.2915143,150.0,72,1705,3510,0.59,255750,0.0005,0.03271035850048065,63687
0.05,8.17305543,150.0,72,1706,3510,0.58,255900,0.0005,0.017641492187976837,63724
0.05,8.056112539999999,150.0,72,1707,3510,0.57,256050,0.0005,0.014694723300635815,63762
0.05,8.03946604,150.0,72,1708,3510,0.57,256200,0.0005,0.05349074676632881,63799
0.05,7.991696469999999,150.0,73,1709,3510,0.57,256350,0.0005,0.13661257922649384,63837
0.05,8.10660799,150.0,73,1710,3510,0.58,256500,0.0005,0.02723114937543869,63874
0.05,8.155124099999998,150.0,73,1711,3510,0.58,256650,0.0005,0.11447656899690628,63912
0.05,7.97446058,150.0,73,1712,3510,0.57,256800,0.0005,0.062318507581949234,63949
0.05,8.03974643,150.0,73,1713,3510,0.57,256950,0.0005,0.12937787175178528,63987
0.05,8.001800359999999,150.0,73,1714,3510,0.57,257100,0.0005,0.03103499487042427,64024
0.05,7.87369559,150.0,73,1715,3510,0.56,257250,0.0005,0.033837564289569855,64062
0.05,7.850727730000001,150.0,73,1716,3510,0.56,257400,0.0005,0.036207351833581924,64099
0.05,8.10940146,150.0,73,1717,3510,0.57,257550,0.0005,0.03529353439807892,64137
0.05,7.947794330000001,150.0,73,1718,3510,0.56,257700,0.0005,0.05829061567783356,64174
0.05,8.069295590000001,150.0,73,1719,3510,0.57,257850,0.0005,0.03795316070318222,64212
0.05,8.360528409999999,150.0,73,1720,3510,0.58,258000,0.0005,0.03826176002621651,64249
0.05,8.31431833,150.0,73,1721,3510,0.58,258150,0.0005,0.043758951127529144,64287
0.05,8.079380969999999,150.0,73,1722,3510,0.57,258300,0.0005,0.044740941375494,64324
0.05,8.07528978,150.0,73,1723,3510,0.57,258450,0.0005,0.028836123645305634,64362
0.05,8.06948496,150.0,73,1724,3510,0.57,258600,0.0005,0.11494976282119751,64399
0.05,7.89704459,150.0,73,1725,3509,0.56,258750,0.0005,0.059625547379255295,64437
0.05,7.846807079999999,150.0,73,1726,3509,0.56,258900,0.0005,0.04774229973554611,64474
0.05,7.8548465499999995,150.0,73,1727,3509,0.56,259050,0.0005,0.04625242203474045,64512
0.05,7.84473524,150.0,73,1728,3509,0.56,259200,0.0005,0.12143093347549438,64549
0.05,7.885199610000001,150.0,73,1729,3509,0.56,259350,0.0005,0.10586611926555634,64587
0.05,7.883562800000001,150.0,73,1730,3509,0.56,259500,0.0005,0.044162824749946594,64624
0.05,7.968257200000002,150.0,73,1731,3508,0.57,259650,0.0005,0.033984363079071045,64662
0.05,7.765646500000002,150.0,74,1732,3508,0.57,259800,0.0005,0.030718550086021423,64699
0.05,7.934810690000002,150.0,74,1733,3508,0.58,259950,0.0005,0.06240866333246231,64737
0.05,7.646370120000001,150.0,74,1734,3508,0.57,260100,0.0005,0.049892205744981766,64774
0.05,7.7790415500000005,150.0,74,1735,3508,0.57,260250,0.0005,0.0429375134408474,64812
0.05,7.83449181,150.0,74,1736,3508,0.57,260400,0.0005,0.030261069536209106,64849
0.05,7.839215350000001,150.0,74,1737,3507,0.57,260550,0.0005,0.10490038990974426,64887
0.05,7.86046533,150.0,74,1738,3507,0.57,260700,0.0005,0.03779972717165947,64924
0.05,7.67972689,150.0,74,1739,3507,0.56,260850,0.0005,0.045983973890542984,64962
0.05,7.6623494600000015,150.0,74,1740,3507,0.55,261000,0.0005,0.04035600647330284,64999
0.05,7.512180990000001,150.0,74,1741,3507,0.55,261150,0.0005,0.0477299764752388,65037
0.05,7.518788,150.0,74,1742,3507,0.55,261300,0.0005,0.1828758865594864,65074
0.05,7.704862679999999,150.0,74,1743,3507,0.56,261450,0.0005,0.030764330178499222,65112
0.05,7.496082889999999,150.0,74,1744,3507,0.55,261600,0.0005,0.05660298466682434,65149
0.05,7.400793599999999,150.0,74,1745,3507,0.54,261750,0.0005,0.1043882742524147,65187
0.05,7.540132950000001,150.0,74,1746,3507,0.55,261900,0.0005,0.03321370854973793,65224
0.05,7.48782871,150.0,74,1747,3507,0.55,262050,0.0005,0.11894436180591583,65262
0.05,7.400560000000001,150.0,74,1748,3507,0.54,262200,0.0005,0.04950404167175293,65299
0.05,7.57101865,150.0,74,1749,3507,0.55,262350,0.0005,0.04466680809855461,65337
0.05,7.77296322,150.0,74,1750,3507,0.56,262500,0.0005,0.061166416853666306,65374
0.05,7.754775609999999,150.0,74,1751,3507,0.56,262650,0.0005,0.09317633509635925,65412
0.05,7.847976319999999,150.0,74,1752,3507,0.57,262800,0.0005,0.029994601383805275,65449
0.05,7.794839130000001,150.0,74,1753,3507,0.57,262950,0.0005,0.029176635667681694,65487
0.05,7.897907200000001,150.0,75,1754,3507,0.57,263100,0.0005,0.027992738410830498,65524
0.05,7.879493190000001,150.0,75,1755,3506,0.57,263250,0.0005,0.05355612188577652,65562
0.05,7.986665680000001,150.0,75,1756,3506,0.58,263400,0.0005,0.043987374752759933,65599
0.05,7.638588740000001,150.0,75,1757,3506,0.57,263550,0.0005,0.10532953590154648,65637
0.05,7.469009560000001,150.0,75,1758,3506,0.56,263700,0.0005,0.04698770493268967,65674
0.05,7.414574080000001,150.0,75,1759,3506,0.55,263850,0.0005,0.09073254466056824,65712
0.05,7.222905839999999,150.0,75,1760,3506,0.55,264000,0.0005,0.10743049532175064,65749
0.05,7.6017931800000005,150.0,75,1761,3506,0.56,264150,0.0005,0.054084520787000656,65787
0.05,7.740619830000001,150.0,75,1762,3506,0.57,264300,0.0005,0.051870930939912796,65824
0.05,7.63863876,150.0,75,1763,3506,0.57,264450,0.0005,0.04669233411550522,65862
0.05,7.78211867,150.0,75,1764,3505,0.58,264600,0.0005,0.03252981975674629,65899
0.05,7.88661099,150.0,75,1765,3505,0.58,264750,0.0005,0.018393000587821007,65937
0.05,7.777164709999999,150.0,75,1766,3505,0.57,264900,0.0005,0.13128754496574402,65974
0.05,7.64344793,150.0,75,1767,3505,0.56,265050,0.0005,0.02438417822122574,66012
0.05,7.453383219999999,150.0,75,1768,3505,0.55,265200,0.0005,0.038395956158638,66049
0.05,7.4228424,150.0,75,1769,3505,0.55,265350,0.0005,0.09720782190561295,66087
0.05,7.33642626,150.0,75,1770,3505,0.54,265500,0.0005,0.03337941691279411,66124
0.05,7.46568065,150.0,75,1771,3505,0.55,265650,0.0005,0.02927376702427864,66162
0.05,7.48367929,150.0,75,1772,3504,0.55,265800,0.0005,0.05419164523482323,66199
0.05,7.786332300000001,150.0,75,1773,3504,0.56,265950,0.0005,0.12311313301324844,66237
0.05,7.87069341,150.0,75,1774,3504,0.57,266100,0.0005,0.03311333805322647,66274
0.05,7.67613564,150.0,75,1775,3504,0.56,266250,0.0005,0.03798180818557739,66312
0.05,7.9133564000000005,150.0,76,1776,3504,0.57,266400,0.0005,0.044496096670627594,66349
0.05,7.94645427,150.0,76,1777,3504,0.57,266550,0.0005,0.042056914418935776,66387
0.05,7.995396500000001,150.0,76,1778,3504,0.58,266700,0.0005,0.06527452170848846,66424
0.05,7.62562959,150.0,76,1779,3504,0.57,266850,0.0005,0.12107095867395401,66462
0.05,7.8211945300000005,150.0,76,1780,3504,0.58,267000,0.0005,0.04101993516087532,66499
0.05,8.082699120000001,150.0,76,1781,3504,0.59,267150,0.0005,0.01853827014565468,66537
0.05,7.99628308,150.0,76,1782,3504,0.59,267300,0.0005,0.032349634915590286,66574
0.05,7.989547890000001,150.0,76,1783,3504,0.59,267450,0.0005,0.042104579508304596,66612
0.05,7.73445471,150.0,76,1784,3504,0.58,267600,0.0005,0.03425993397831917,66649
0.05,7.95079211,150.0,76,1785,3504,0.59,267750,0.0005,0.02576345205307007,66687
0.05,7.8904269099999995,150.0,76,1786,3504,0.59,267900,0.0005,0.026085544377565384,66724
0.05,7.69169985,150.0,76,1787,3504,0.58,268050,0.0005,0.05582112446427345,66762
0.05,7.66046526,150.0,76,1788,3504,0.58,268200,0.0005,0.09783206135034561,66799
0.05,7.641350299999999,150.0,76,1789,3504,0.58,268350,0.0005,0.02075852081179619,66837
0.05,7.4388847799999995,150.0,76,1790,3504,0.57,268500,0.0005,0.08932165801525116,66874
0.05,7.75776905,150.0,76,1791,3504,0.58,268650,0.0005,0.0322672501206398,66912
0.05,7.63691758,150.0,76,1792,3504,0.57,268800,0.0005,0.04259740561246872,66949
0.05,7.6259442,150.0,76,1793,3503,0.57,268950,0.0005,0.04245905950665474,66987
0.05,7.582027889999999,150.0,76,1794,3503,0.56,269100,0.0005,0.055553603917360306,67024
0.05,7.776626169999999,150.0,76,1795,3503,0.57,269250,0.0005,0.03430827707052231,67062
0.05,7.438336829999998,150.0,76,1796,3503,0.56,269400,0.0005,0.01802627556025982,67099
0.05,7.372154339999998,150.0,76,1797,3503,0.56,269550,0.0005,0.05233635753393173,67137
0.05,7.231977079999998,150.0,76,1798,3503,0.55,269700,0.0005,0.03461054712533951,67174
0.05,7.566130019999998,150.0,77,1799,3503,0.56,269850,0.0005,0.040937282145023346,67212
0.05,7.25989393,150.0,77,1800,3503,0.55,270000,0.0005,0.04355815798044205,67249
0.05,7.24277335,150.0,77,1801,3503,0.55,270150,0.0005,0.08499130606651306,67287
0.05,7.209112739999999,150.0,77,1802,3503,0.55,270300,0.0005,0.038436681032180786,67324
0.05,7.109555809999998,150.0,77,1803,3503,0.55,270450,0.0005,0.03211738169193268,67362
0.05,7.102131009999999,150.0,77,1804,3503,0.55,270600,0.0005,0.02713298238813877,67399
0.05,7.177667829999998,150.0,77,1805,3503,0.56,270750,0.0005,0.02131635695695877,67437
0.05,7.393988139999998,150.0,77,1806,3503,0.57,270900,0.0005,0.03035394847393036,67474
0.05,7.306111599999998,150.0,77,1807,3503,0.57,271050,0.0005,0.059402622282505035,67512
0.05,7.309931079999999,150.0,77,1808,3503,0.57,271200,0.0005,0.04054051637649536,67549
0.05,7.135935599999999,150.0,77,1809,3503,0.56,271350,0.0005,0.03494153544306755,67587
0.05,7.13398732,150.0,77,1810,3503,0.56,271500,0.0005,0.0804930329322815,67624
0.05,6.91245837,150.0,77,1811,3503,0.55,271650,0.0005,0.03066171705722809,67662
0.05,7.1291012899999995,150.0,77,1812,3503,0.56,271800,0.0005,0.10834124684333801,67699
0.05,7.216718009999999,150.0,77,1813,3503,0.56,271950,0.0005,0.09042203426361084,67737
0.05,7.24009748,150.0,77,1814,3503,0.56,272100,0.0005,0.09947682917118073,67774
0.05,7.375661369999998,150.0,77,1815,3503,0.57,272250,0.0005,0.04238085821270943,67812
0.05,7.2050481999999985,150.0,77,1816,3503,0.56,272400,0.0005,0.05969204008579254,67849
0.05,7.021193419999999,150.0,77,1817,3503,0.55,272550,0.0005,0.03682626411318779,67887
0.05,7.18645265,150.0,77,1818,3503,0.56,272700,0.0005,0.1074468195438385,67924
0.05,7.212527189999999,150.0,77,1819,3503,0.56,272850,0.0005,0.056112807244062424,67962
0.05,7.092340219999999,150.0,77,1820,3503,0.55,273000,0.0005,0.02946554496884346,67999
0.05,7.130176909999999,150.0,77,1821,3503,0.55,273150,0.0005,0.05881306529045105,68037
0.05,7.107058849999999,150.0,78,1822,3503,0.55,273300,0.0005,0.03941696137189865,68074
0.05,7.05585129,150.0,78,1823,3503,0.55,273450,0.0005,0.026518460363149643,68112
0.05,6.886824899999998,150.0,78,1824,3503,0.54,273600,0.0005,0.06433452665805817,68149
0.05,7.114873809999999,150.0,78,1825,3503,0.55,273750,0.0005,0.03999713063240051,68187
0.05,7.1658393,150.0,78,1826,3503,0.55,273900,0.0005,0.03673850744962692,68224
0.05,6.971127160000001,150.0,78,1827,3502,0.54,274050,0.0005,0.02808394841849804,68262
0.05,6.88604887,150.0,78,1828,3501,0.53,274200,0.0005,0.03493601828813553,68299
0.05,6.743201710000001,150.0,78,1829,3499,0.52,274350,0.0005,0.03798456862568855,68337
0.05,6.514192250000001,150.0,78,1830,3499,0.51,274500,0.0005,0.03563801944255829,68374
0.05,6.413182540000001,150.0,78,1831,3499,0.5,274650,0.0005,0.028607698157429695,68412
0.05,6.667165290000002,150.0,78,1832,3495,0.5,274800,0.0005,0.06050459295511246,68449
0.05,6.471403800000002,150.0,78,1833,3495,0.49,274950,0.0005,0.0289087425917387,68487
0.05,6.42778897,150.0,78,1834,3494,0.49,275100,0.0005,0.11167904734611511,68524
0.05,6.619624110000001,150.0,78,1835,3493,0.5,275250,0.0005,0.020738299936056137,68562
0.05,6.53686279,150.0,78,1836,3493,0.5,275400,0.0005,0.10259941220283508,68599
0.05,6.42654393,150.0,78,1837,3492,0.5,275550,0.0005,0.04806428775191307,68637
0.05,6.402835750000001,150.0,78,1838,3492,0.5,275700,0.0005,0.018898706883192062,68674
0.05,6.5767644800000005,150.0,78,1839,3492,0.51,275850,0.0005,0.03097267635166645,68712
0.05,6.485253640000002,150.0,79,1840,3492,0.51,276000,0.0005,0.03698089346289635,68749
0.05,6.576720310000001,150.0,79,1841,3491,0.51,276150,0.0005,0.05496154725551605,68787
0.05,6.469943089999999,150.0,79,1842,3491,0.5,276300,0.0005,0.11304006725549698,68824
0.05,6.37712582,150.0,79,1843,3491,0.49,276450,0.0005,0.03809423744678497,68862
0.05,6.5431979799999995,150.0,79,1844,3491,0.5,276600,0.0005,0.12177716195583344,68899
0.05,6.618698630000001,150.0,79,1845,3491,0.51,276750,0.0005,0.11079362779855728,68937
0.05,6.431312290000001,150.0,79,1846,3491,0.5,276900,0.0005,0.04360657185316086,68974
0.05,6.398809490000001,150.0,79,1847,3491,0.49,277050,0.0005,0.03296568989753723,69012
0.05,6.367168190000001,150.0,79,1848,3491,0.49,277200,0.0005,0.12116489559412003,69049
0.05,6.226517230000001,150.0,79,1849,3491,0.48,277350,0.0005,0.048089053481817245,69087
0.05,6.221146540000001,150.0,79,1850,3491,0.48,277500,0.0005,0.02916470170021057,69124
0.05,6.193909410000001,150.0,79,1851,3491,0.48,277650,0.0005,0.028690315783023834,69162
0.05,6.149248119999999,150.0,79,1852,3491,0.48,277800,0.0005,0.12336757034063339,69199
0.05,6.328667009999999,150.0,79,1853,3491,0.49,277950,0.0005,0.03468319773674011,69237
0.05,6.314498219999998,150.0,79,1854,3491,0.49,278100,0.0005,0.04502159729599953,69274
0.05,6.28960314,150.0,79,1855,3491,0.49,278250,0.0005,0.061144016683101654,69312
0.05,6.33820051,150.0,79,1856,3491,0.49,278400,0.0005,0.09074007719755173,69349
0.05,6.746875660000001,150.0,79,1857,3491,0.5,278550,0.0005,0.06089817360043526,69387
0.05,6.933360250000001,150.0,79,1858,3490,0.51,278700,0.0005,0.03743622452020645,69424
0.05,7.01240576,150.0,79,1859,3490,0.52,278850,0.0005,0.023839659988880157,69462
0.05,7.23638735,150.0,79,1860,3490,0.52,279000,0.0005,0.06484182178974152,69499
0.05,7.204315630000001,150.0,79,1861,3490,0.52,279150,0.0005,0.057399630546569824,69537
0.05,7.19819834,150.0,80,1862,3490,0.52,279300,0.0005,0.040647394955158234,69574
0.05,7.43456217,150.0,80,1863,3490,0.53,279450,0.0005,0.013124000281095505,69612
0.05,7.210022169999999,150.0,80,1864,3490,0.52,279600,0.0005,0.12373622506856918,69649
0.05,7.21679846,150.0,80,1865,3490,0.52,279750,0.0005,0.043875180184841156,69687
0.05,7.174608770000001,150.0,80,1866,3490,0.52,279900,0.0005,0.030862070620059967,69724
0.05,7.31726811,150.0,80,1867,3490,0.53,280050,0.0005,0.028078094124794006,69762
0.05,7.518430500000001,150.0,80,1868,3490,0.54,280200,0.0005,0.11382704228162766,69799
0.05,7.309540050000002,150.0,80,1869,3490,0.53,280350,0.0005,0.08771280199289322,69837
0.05,7.413954500000001,150.0,80,1870,3490,0.54,280500,0.0005,0.04491322115063667,69874
0.05,7.406183029999999,150.0,80,1871,3490,0.54,280650,0.0005,0.03943473473191261,69912
0.05,7.434522079999999,150.0,80,1872,3490,0.54,280800,0.0005,0.03922499716281891,69949
0.05,7.2042351,150.0,80,1873,3490,0.53,280950,0.0005,0.09654231369495392,69987
0.05,7.0699309999999995,150.0,80,1874,3490,0.52,281100,0.0005,0.08890271931886673,70024
0.05,7.100965220000001,150.0,80,1875,3489,0.52,281250,0.0005,0.03049190528690815,70062
0.05,7.114021020000001,150.0,80,1876,3489,0.52,281400,0.0005,0.019437870010733604,70099
0.05,7.130097310000001,150.0,80,1877,3489,0.52,281550,0.0005,0.05716102570295334,70137
0.05,7.06227527,150.0,80,1878,3489,0.51,281700,0.0005,0.025571703910827637,70174
0.05,7.19484297,150.0,80,1879,3489,0.51,281850,0.0005,0.10090842843055725,70212
0.05,7.000606240000001,150.0,80,1880,3489,0.5,282000,0.0005,0.017553426325321198,70249
0.05,6.83817926,150.0,80,1881,3489,0.49,282150,0.0005,0.05220601335167885,70287
0.05,7.05320677,150.0,80,1882,3489,0.5,282300,0.0005,0.0444643497467041,70324
0.05,6.92500984,150.0,80,1883,3489,0.49,282450,0.0005,0.08249072730541229,70362
0.05,7.157943910000001,150.0,80,1884,3489,0.5,282600,0.0005,0.043198734521865845,70399
0.05,7.0607793700000006,150.0,81,1885,3489,0.49,282750,0.0005,0.03942769020795822,70437
0.05,7.05502741,150.0,81,1886,3489,0.49,282900,0.0005,0.06316301226615906,70474
0.05,7.243527429999999,150.0,81,1887,3489,0.5,283050,0.0005,0.04016687721014023,70512
0.05,7.265772630000002,150.0,81,1888,3489,0.5,283200,0.0005,0.15831945836544037,70549
0.05,7.36091095,150.0,81,1889,3489,0.5,283350,0.0005,0.03219418600201607,70587
0.05,7.483545670000001,150.0,81,1890,3489,0.5,283500,0.0005,0.05857819318771362,70624
0.05,7.517332690000001,150.0,81,1891,3489,0.5,283650,0.0005,0.11432774364948273,70662
0.05,7.7212477,150.0,81,1892,3489,0.51,283800,0.0005,0.12016674876213074,70699
0.05,7.475388470000001,150.0,81,1893,3489,0.5,283950,0.0005,0.04979817569255829,70737
0.05,7.31883633,150.0,81,1894,3489,0.5,284100,0.0005,0.09303611516952515,70774
0.05,7.29487149,150.0,81,1895,3489,0.5,284250,0.0005,0.1102088913321495,70812
0.05,7.63342303,150.0,81,1896,3489,0.51,284400,0.0005,0.03972560539841652,70849
0.05,7.719323340000001,150.0,81,1897,3487,0.51,284550,0.0005,0.03802483528852463,70887
0.05,7.708266989999999,150.0,81,1898,3487,0.51,284700,0.0005,0.09125674515962601,70924
0.05,7.68346518,150.0,81,1899,3486,0.51,284850,0.0005,0.11901633441448212,70962
0.05,7.8335936,150.0,81,1900,3486,0.51,285000,0.0005,0.09852467477321625,70999
0.05,7.78961593,150.0,81,1901,3486,0.51,285150,0.0005,0.023647915571928024,71037
0.05,7.759241669999999,150.0,81,1902,3486,0.51,285300,0.0005,0.03981105983257294,71074
0.05,7.69874051,150.0,81,1903,3486,0.51,285450,0.0005,0.04701657593250275,71112
0.05,7.69873772,150.0,81,1904,3486,0.51,285600,0.0005,0.022899817675352097,71149
0.05,7.60368605,150.0,81,1905,3486,0.5,285750,0.0005,0.042026303708553314,71187
0.05,7.437606440000001,150.0,82,1906,3486,0.49,285900,0.0005,0.042286455631256104,71224
0.05,7.54428581,150.0,82,1907,3486,0.49,286050,0.0005,0.03713136166334152,71262
0.05,7.545648490000001,150.0,82,1908,3485,0.49,286200,0.0005,0.13728581368923187,71299
0.05,7.750140540000001,150.0,82,1909,3485,0.5,286350,0.0005,0.03272249549627304,71337
0.05,7.68149024,150.0,82,1910,3485,0.49,286500,0.0005,0.03412781283259392,71374
0.05,7.52939858,150.0,82,1911,3485,0.49,286650,0.0005,0.10757606476545334,71412
0.05,7.45306223,150.0,82,1912,3485,0.48,286800,0.0005,0.034720297902822495,71449
0.05,7.514548249999999,150.0,82,1913,3485,0.49,286950,0.0005,0.0774710476398468,71487
0.05,7.715651439999999,150.0,82,1914,3485,0.5,287100,0.0005,0.0475492961704731,71524
0.05,7.74862753,150.0,82,1915,3485,0.5,287250,0.0005,0.03605439141392708,71562
0.05,7.911019139999999,150.0,82,1916,3484,0.51,287400,0.0005,0.09407076239585876,71599
0.05,8.066695059999999,150.0,82,1917,3484,0.52,287550,0.0005,0.10037894546985626,71637
0.05,7.882447259999999,150.0,82,1918,3484,0.51,287700,0.0005,0.03377227112650871,71674
0.05,7.921447659999999,150.0,82,1919,3484,0.51,287850,0.0005,0.040958330035209656,71712
0.05,7.93712249,150.0,82,1920,3484,0.51,288000,0.0005,0.030587852001190186,71749
0.05,8.13783005,150.0,82,1921,3483,0.52,288150,0.0005,0.02972288802266121,71787
0.05,8.39811735,150.0,82,1922,3483,0.53,288300,0.0005,0.14567098021507263,71824
0.05,8.389878110000001,150.0,82,1923,3483,0.52,288450,0.0005,0.03542620688676834,71862
0.05,8.40812723,150.0,82,1924,3483,0.52,288600,0.0005,0.04358566552400589,71899
0.05,8.32280802,150.0,82,1925,3483,0.52,288750,0.0005,0.08242674171924591,71937
0.05,8.27780991,150.0,82,1926,3483,0.52,288900,0.0005,0.052651841193437576,71974
0.05,8.49527309,150.0,82,1927,3483,0.53,289050,0.0005,0.050040438771247864,72012
0.05,8.561931199999998,150.0,83,1928,3484,0.54,289200,0.0005,0.029384464025497437,72049
0.05,8.66443005,150.0,83,1929,3484,0.55,289350,0.0005,0.0982348844408989,72087
0.05,8.863444629999998,150.0,83,1930,3484,0.56,289500,0.0005,0.03856503218412399,72124
0.05,8.874416249999998,150.0,83,1931,3484,0.57,289650,0.0005,0.04312235116958618,72162
0.05,9.00658512,150.0,83,1932,3484,0.58,289800,0.0005,0.05200847610831261,72199
0.05,9.19967424,150.0,83,1933,3484,0.59,289950,0.0005,0.04290115088224411,72237
0.05,9.42440385,150.0,83,1934,3484,0.59,290100,0.0005,0.059163566678762436,72274
0.05,9.33947779,150.0,83,1935,3484,0.58,290250,0.0005,0.10930249094963074,72312
0.05,9.41482182,150.0,83,1936,3484,0.58,290400,0.0005,0.033289480954408646,72349
0.05,9.65229332,150.0,83,1937,3484,0.59,290550,0.0005,0.15032066404819489,72387
0.05,9.59642335,150.0,83,1938,3484,0.58,290700,0.0005,0.1621776670217514,72424
0.05,9.557112889999999,150.0,83,1939,3484,0.58,290850,0.0005,0.05345803499221802,72462
0.05,9.66442661,150.0,83,1940,3483,0.59,291000,0.0005,0.05097988247871399,72499
0.05,9.73539886,150.0,83,1941,3483,0.59,291150,0.0005,0.04648588225245476,72537
0.05,9.87608127,150.0,83,1942,3483,0.6,291300,0.0005,0.1174820065498352,72574
0.05,9.7740709,150.0,83,1943,3483,0.6,291450,0.0005,0.04079068452119827,72612
0.05,9.814087950000001,150.0,83,1944,3483,0.6,291600,0.0005,0.03882193565368652,72649
0.05,9.82037014,150.0,83,1945,3483,0.6,291750,0.0005,0.039980314671993256,72687
0.05,10.00699017,150.0,83,1946,3483,0.61,291900,0.0005,0.048830389976501465,72724
0.05,10.04176687,150.0,83,1947,3483,0.62,292050,0.0005,0.040525175631046295,72762
0.05,10.21758745,150.0,83,1948,3483,0.63,292200,0.0005,0.06257994472980499,72799
0.05,10.15390989,150.0,83,1949,3483,0.63,292350,0.0005,0.02710857056081295,72837
0.05,10.11585651,150.0,83,1950,3483,0.63,292500,0.0005,0.06043979898095131,72874
0.05,9.8829002,150.0,84,1951,3483,0.62,292650,0.0005,0.03877493366599083,72912
0.05,9.93838722,150.0,84,1952,3483,0.62,292800,0.0005,0.08361497521400452,72949
0.05,9.940175289999999,150.0,84,1953,3483,0.62,292950,0.0005,0.05034039542078972,72987
0.05,10.14084605,150.0,84,1954,3483,0.63,293100,0.0005,0.016913197934627533,73024
0.05,9.98147413,150.0,84,1955,3483,0.62,293250,0.0005,0.16855236887931824,73062
0.05,9.49498823,150.0,84,1956,3483,0.61,293400,0.0005,0.031545910984277725,73099
0.05,9.4551521,150.0,84,1957,3483,0.61,293550,0.0005,0.04717623069882393,73137
0.05,9.44499126,150.0,84,1958,3483,0.61,293700,0.0005,0.021018147468566895,73174
0.05,9.268100809999998,150.0,84,1959,3483,0.6,293850,0.0005,0.04698539152741432,73212
0.05,9.336617189999998,150.0,84,1960,3483,0.61,294000,0.0005,0.04133694991469383,73249
0.05,9.21076427,150.0,84,1961,3483,0.6,294150,0.0005,0.08293840289115906,73287
0.05,9.19334127,150.0,84,1962,3483,0.6,294300,0.0005,0.03999217972159386,73324
0.05,9.22939627,150.0,84,1963,3483,0.6,294450,0.0005,0.049209095537662506,73362
0.05,9.43441404,150.0,84,1964,3483,0.61,294600,0.0005,0.03393502160906792,73399
0.05,9.365393119999998,150.0,84,1965,3483,0.61,294750,0.0005,0.02444062940776348,73437
0.05,9.558492699999999,150.0,84,1966,3483,0.62,294900,0.0005,0.04783126339316368,73474
0.05,9.360876409999998,150.0,84,1967,3483,0.61,295050,0.0005,0.11800482869148254,73512
0.05,9.229759719999999,150.0,84,1968,3483,0.6,295200,0.0005,0.03761310130357742,73549
0.05,9.47145421,150.0,84,1969,3483,0.61,295350,0.0005,0.10415542870759964,73587
0.05,9.3324576,150.0,84,1970,3483,0.6,295500,0.0005,0.17415402829647064,73624
0.05,9.3365946,150.0,84,1971,3483,0.6,295650,0.0005,0.0463901162147522,73662
0.05,9.34863383,150.0,84,1972,3483,0.6,295800,0.0005,0.06494110822677612,73699
0.05,9.568065760000001,150.0,84,1973,3483,0.61,295950,0.0005,0.11193433403968811,73737
0.05,9.73241197,150.0,84,1974,3483,0.62,296100,0.0005,0.043470706790685654,73774
0.05,9.85766491,150.0,85,1975,3483,0.63,296250,0.0005,0.026951249688863754,73812
0.05,9.82863008,150.0,85,1976,3483,0.63,296400,0.0005,0.18929249048233032,73849
0.05,9.602092180000001,150.0,85,1977,3483,0.62,296550,0.0005,0.02070094831287861,73887
0.05,9.729602080000001,150.0,85,1978,3483,0.63,296700,0.0005,0.03930515795946121,73924
0.05,9.79244602,150.0,85,1979,3483,0.63,296850,0.0005,0.11114576458930969,73962
0.05,9.874878500000001,150.0,85,1980,3483,0.63,297000,0.0005,0.08730972558259964,73999
0.05,10.06786965,150.0,85,1981,3483,0.64,297150,0.0005,0.041928358376026154,74037
0.05,10.0948018,150.0,85,1982,3483,0.64,297300,0.0005,0.02706386148929596,74074
0.05,10.23622161,150.0,85,1983,3483,0.65,297450,0.0005,0.11740464717149734,74112
0.05,10.21759372,150.0,85,1984,3483,0.65,297600,0.0005,0.045302554965019226,74149
0.05,10.181574609999998,150.0,85,1985,3483,0.65,297750,0.0005,0.02756057120859623,74187
0.05,10.220410550000002,150.0,85,1986,3483,0.65,297900,0.0005,0.046684183180332184,74224
0.05,10.23531805,150.0,85,1987,3483,0.65,298050,0.0005,0.03615700453519821,74262
0.05,10.217513300000002,150.0,85,1988,3483,0.65,298200,0.0005,0.022250482812523842,74299
0.05,10.21201772,150.0,85,1989,3483,0.65,298350,0.0005,0.03805064409971237,74337
0.05,10.317218790000002,150.0,85,1990,3483,0.66,298500,0.0005,0.052168749272823334,74374
0.05,9.988176070000002,150.0,85,1991,3483,0.65,298650,0.0005,0.06862939894199371,74412
0.05,9.97358832,150.0,85,1992,3483,0.65,298800,0.0005,0.06349748373031616,74449
0.05,9.86326773,150.0,85,1993,3483,0.65,298950,0.0005,0.0659097284078598,74487
0.05,10.10278356,150.0,85,1994,3483,0.66,299100,0.0005,0.041314415633678436,74524
0.05,9.931005560000001,150.0,85,1995,3483,0.65,299250,0.0005,0.03353722020983696,74562
0.05,9.78336313,150.0,85,1996,3483,0.64,299400,0.0005,0.04897396266460419,74599
0.05,9.583197250000001,150.0,85,1997,3483,0.63,299550,0.0005,0.026449335739016533,74637
0.05,9.72733364,150.0,86,1998,3483,0.64,299700,0.0005,0.09210657328367233,74674
0.05,9.72891209,150.0,86,1999,3483,0.64,299850,0.0005,0.10025660693645477,74712
0.05,9.89824634,150.0,86,2000,3483,0.65,300000,0.0005,0.04499006271362305,74749
0.05,9.645294699999999,150.0,86,2001,3483,0.64,300150,0.0005,0.019763829186558723,74787
0.05,9.513963239999999,150.0,86,2002,3483,0.64,300300,0.0005,0.04218043386936188,74824
0.05,9.71311713,150.0,86,2003,3483,0.64,300450,0.0005,0.1118982583284378,74862
0.05,9.51181016,150.0,86,2004,3483,0.63,300600,0.0005,0.03813161700963974,74899
0.05,9.540332139999999,150.0,86,2005,3483,0.63,300750,0.0005,0.04758372902870178,74937
0.05,9.451845200000001,150.0,86,2006,3483,0.63,300900,0.0005,0.08396743983030319,74974
0.05,9.548079350000002,150.0,86,2007,3482,0.64,301050,0.0005,0.03359796851873398,75012
0.05,9.58441528,150.0,86,2008,3482,0.64,301200,0.0005,0.09698259830474854,75049
0.05,9.580057720000001,150.0,86,2009,3482,0.64,301350,0.0005,0.12854018807411194,75087
0.05,9.675015969999999,150.0,86,2010,3482,0.65,301500,0.0005,0.0639507845044136,75124
0.05,9.99691151,150.0,86,2011,3482,0.66,301650,0.0005,0.04093504697084427,75162
0.05,10.06736456,150.0,86,2012,3482,0.67,301800,0.0005,0.043965037912130356,75199
0.05,10.07536602,150.0,86,2013,3482,0.67,301950,0.0005,0.050412923097610474,75237
0.05,10.07699955,150.0,86,2014,3482,0.67,302100,0.0005,0.044166821986436844,75274
0.05,10.06836165,150.0,86,2015,3482,0.67,302250,0.0005,0.022729499265551567,75312
0.05,10.1197794,150.0,86,2016,3482,0.67,302400,0.0005,0.04080231487751007,75349
0.05,10.13052077,150.0,86,2017,3482,0.67,302550,0.0005,0.04287112504243851,75387
0.05,10.13369703,150.0,86,2018,3482,0.67,302700,0.0005,0.11787377297878265,75424
0.05,10.07726562,150.0,86,2019,3482,0.67,302850,0.0005,0.021278683096170425,75462
0.05,10.16971032,150.0,86,2020,3483,0.68,303000,0.0005,0.10417428612709045,75499
0.05,9.920703179999999,150.0,87,2021,3483,0.67,303150,0.0005,0.06808999180793762,75537
0.05,9.90981003,150.0,87,2022,3483,0.67,303300,0.0005,0.03912389278411865,75574
0.05,9.83829064,150.0,87,2023,3483,0.67,303450,0.0005,0.047020744532346725,75612
0.05,9.98143088,150.0,87,2024,3483,0.68,303600,0.0005,0.03284864127635956,75649
0.05,10.022063959999999,150.0,87,2025,3483,0.68,303750,0.0005,0.045423731207847595,75687
0.05,9.920525459999999,150.0,87,2026,3482,0.67,303900,0.0005,0.038526467978954315,75724
0.05,9.70842428,150.0,87,2027,3482,0.66,304050,0.0005,0.041541002690792084,75762
0.05,9.7208478,150.0,87,2028,3482,0.66,304200,0.0005,0.03966207057237625,75799
0.05,9.71151652,150.0,87,2029,3482,0.66,304350,0.0005,0.03330840542912483,75837
0.05,9.66906777,150.0,87,2030,3482,0.66,304500,0.0005,0.03766671568155289,75874
0.05,9.740989189999999,150.0,87,2031,3482,0.66,304650,0.0005,0.023768503218889236,75912
0.05,9.70635858,150.0,87,2032,3482,0.66,304800,0.0005,0.03965866565704346,75949
0.05,9.71941845,150.0,87,2033,3482,0.66,304950,0.0005,0.12111277878284454,75987
0.05,9.71567781,150.0,87,2034,3482,0.66,305100,0.0005,0.0559295229613781,76024
0.05,9.79840873,150.0,87,2035,3482,0.67,305250,0.0005,0.03153259679675102,76062
0.05,9.65357672,150.0,87,2036,3482,0.66,305400,0.0005,0.09983240067958832,76099
0.05,9.54314074,150.0,87,2037,3482,0.65,305550,0.0005,0.09606838971376419,76137
0.05,9.584406970000002,150.0,87,2038,3482,0.66,305700,0.0005,0.04030430316925049,76174
0.05,9.63208562,150.0,87,2039,3482,0.66,305850,0.0005,0.06501661241054535,76212
0.05,9.62941174,150.0,87,2040,3482,0.66,306000,0.0005,0.029787659645080566,76249
0.05,9.73479407,150.0,87,2041,3482,0.67,306150,0.0005,0.03299281746149063,76287
0.05,9.494633670000002,150.0,87,2042,3482,0.66,306300,0.0005,0.12282676994800568,76324
0.05,9.756774300000002,150.0,87,2043,3482,0.67,306450,0.0005,0.034111008048057556,76362
0.05,9.779682260000001,150.0,88,2044,3482,0.67,306600,0.0005,0.045532308518886566,76399
0.05,9.775201840000001,150.0,88,2045,3482,0.67,306750,0.0005,0.1057426780462265,76437
0.05,9.81384605,150.0,88,2046,3482,0.67,306900,0.0005,0.03970254585146904,76474
0.05,9.84282445,150.0,88,2047,3482,0.67,307050,0.0005,0.03642064332962036,76512
0.05,9.81765822,150.0,88,2048,3482,0.67,307200,0.0005,0.04476261883974075,76549
0.05,9.95223421,150.0,88,2049,3480,0.68,307350,0.0005,0.03931014984846115,76587
0.05,9.72506066,150.0,88,2050,3480,0.67,307500,0.0005,0.03278167173266411,76624
0.05,9.972128730000001,150.0,88,2051,3480,0.68,307650,0.0005,0.04059849679470062,76662
0.05,9.99237974,150.0,88,2052,3480,0.68,307800,0.0005,0.05307505652308464,76699
0.05,9.95882911,150.0,88,2053,3480,0.68,307950,0.0005,0.0936136394739151,76737
0.05,9.952619930000001,150.0,88,2054,3480,0.68,308100,0.0005,0.037694353610277176,76774
0.05,10.104418639999999,150.0,88,2055,3480,0.69,308250,0.0005,0.03789171576499939,76812
0.05,10.554681290000001,150.0,88,2056,3480,0.7,308400,0.0005,0.09392514079809189,76849
0.05,10.367538109999998,150.0,88,2057,3480,0.69,308550,0.0005,0.05652669817209244,76887
0.05,10.111388040000001,150.0,88,2058,3480,0.68,308700,0.0005,0.041044965386390686,76924
0.05,10.28600772,150.0,88,2059,3480,0.69,308850,0.0005,0.17897342145442963,76962
0.05,10.032304280000002,150.0,88,2060,3480,0.68,309000,0.0005,0.026796700432896614,76999
0.05,10.202404070000002,150.0,88,2061,3480,0.69,309150,0.0005,0.04628326743841171,77037
0.05,10.100090330000002,150.0,88,2062,3480,0.68,309300,0.0005,0.01714780367910862,77074
0.05,10.141120060000002,150.0,88,2063,3480,0.68,309450,0.0005,0.017844613641500473,77112
0.05,10.171238760000001,150.0,88,2064,3480,0.68,309600,0.0005,0.059002261608839035,77149
0.05,9.983573430000002,150.0,88,2065,3480,0.67,309750,0.0005,0.03107212670147419,77187
0.05,10.0424182,150.0,89,2066,3480,0.67,309900,0.0005,0.03851465880870819,77224
0.05,10.194210329999999,150.0,89,2067,3480,0.68,310050,0.0005,0.04226310923695564,77262
0.05,10.261616179999999,150.0,89,2068,3480,0.69,310200,0.0005,0.05273644998669624,77299
0.05,9.97035971,150.0,89,2069,3480,0.68,310350,0.0005,0.09318765252828598,77337
0.05,9.941049229999999,150.0,89,2070,3480,0.68,310500,0.0005,0.03755778819322586,77374
0.05,9.954031160000001,150.0,89,2071,3480,0.68,310650,0.0005,0.03292024880647659,77412
0.05,9.91740283,150.0,89,2072,3480,0.68,310800,0.0005,0.09698033332824707,77449
0.05,9.977256670000001,150.0,89,2073,3480,0.68,310950,0.0005,0.10148710012435913,77487
0.05,9.897462540000001,150.0,89,2074,3480,0.67,311100,0.0005,0.01970321126282215,77524
0.05,9.908759430000002,150.0,89,2075,3480,0.67,311250,0.0005,0.035274703055620193,77562
0.05,9.652527910000002,150.0,89,2076,3480,0.66,311400,0.0005,0.10649167001247406,77599
0.05,9.82451093,150.0,89,2077,3480,0.67,311550,0.0005,0.03715471923351288,77637
0.05,9.86409094,150.0,89,2078,3480,0.67,311700,0.0005,0.02943241409957409,77674
0.05,9.944769240000001,150.0,89,2079,3480,0.67,311850,0.0005,0.04552755504846573,77712
0.05,10.013121510000001,150.0,89,2080,3480,0.68,312000,0.0005,0.10991938412189484,77749
0.05,9.987369,150.0,89,2081,3480,0.68,312150,0.0005,0.044872164726257324,77787
0.05,9.828769349999998,150.0,89,2082,3480,0.67,312300,0.0005,0.09265602380037308,77824
0.05,9.840932399999998,150.0,89,2083,3480,0.67,312450,0.0005,0.05864082649350166,77862
0.05,9.57654584,150.0,89,2084,3480,0.66,312600,0.0005,0.055881839245557785,77899
0.05,9.68301907,150.0,89,2085,3480,0.67,312750,0.0005,0.04892453923821449,77937
0.05,9.72397204,150.0,89,2086,3480,0.67,312900,0.0005,0.035135362297296524,77974
0.05,9.66760066,150.0,89,2087,3480,0.66,313050,0.0005,0.03605000674724579,78012
0.05,9.66794503,150.0,89,2088,3480,0.66,313200,0.0005,0.11896886676549911,78049
0.05,9.405066999999999,150.0,90,2089,3480,0.65,313350,0.0005,0.05481446161866188,78087
0.05,9.241521469999999,150.0,90,2090,3480,0.64,313500,0.0005,0.029886528849601746,78124
0.05,9.40751218,150.0,90,2091,3480,0.64,313650,0.0005,0.11196182668209076,78162
0.05,9.33295819,150.0,90,2092,3480,0.63,313800,0.0005,0.04291658103466034,78199
0.05,9.60949029,150.0,90,2093,3480,0.64,313950,0.0005,0.03631591796875,78237
0.05,9.41913822,150.0,90,2094,3480,0.63,314100,0.0005,0.03190673142671585,78274
0.05,9.57917969,150.0,90,2095,3480,0.64,314250,0.0005,0.03923746198415756,78312
0.05,9.59944839,150.0,90,2096,3480,0.64,314400,0.0005,0.08176656067371368,78349
0.05,9.752153390000002,150.0,90,2097,3480,0.65,314550,0.0005,0.027017701417207718,78387
0.05,9.80420662,150.0,90,2098,3480,0.65,314700,0.0005,0.10603189468383789,78424
0.05,9.82745991,150.0,90,2099,3480,0.65,314850,0.0005,0.038774523884058,78462
0.05,9.784346900000001,150.0,90,2100,3480,0.65,315000,0.0005,0.06589502841234207,78499
0.05,10.062395630000001,150.0,90,2101,3480,0.66,315150,0.0005,0.041006337851285934,78537
0.05,10.361455840000001,150.0,90,2102,3480,0.67,315300,0.0005,0.04622360318899155,78574
0.05,10.15757023,150.0,90,2103,3480,0.67,315450,0.0005,0.03388124331831932,78612
0.05,10.359005889999999,150.0,90,2104,3480,0.68,315600,0.0005,0.0396452359855175,78649
0.05,10.487156559999999,150.0,90,2105,3480,0.69,315750,0.0005,0.03413328900933266,78687
0.05,10.557644980000003,150.0,90,2106,3480,0.69,315900,0.0005,0.029993195086717606,78724
0.05,10.548947190000002,150.0,90,2107,3480,0.69,316050,0.0005,0.039850134402513504,78762
0.05,10.535670110000002,150.0,90,2108,3480,0.69,316200,0.0005,0.09526972472667694,78799
0.05,10.498142360000001,150.0,90,2109,3480,0.69,316350,0.0005,0.014991294592618942,78837
0.05,10.35007253,150.0,90,2110,3480,0.68,316500,0.0005,0.03217203542590141,78874
0.05,10.40232436,150.0,90,2111,3480,0.68,316650,0.0005,0.06655686348676682,78912
0.05,10.29933984,150.0,91,2112,3479,0.67,316800,0.0005,0.08431471139192581,78949
0.05,10.304588200000001,150.0,91,2113,3479,0.67,316950,0.0005,0.06806481629610062,78987
0.05,10.1898618,150.0,91,2114,3479,0.66,317100,0.0005,0.024982638657093048,79024
0.05,10.15112002,150.0,91,2115,3479,0.66,317250,0.0005,0.024822570383548737,79062
0.05,10.027466909999998,150.0,91,2116,3479,0.65,317400,0.0005,0.028890669345855713,79099
0.05,9.87976951,150.0,91,2117,3479,0.64,317550,0.0005,0.03832080215215683,79137
0.05,10.124754179999998,150.0,91,2118,3479,0.65,317700,0.0005,0.0285947248339653,79174
0.05,10.026039759999998,150.0,91,2119,3479,0.64,317850,0.0005,0.08373361080884933,79212
0.05,9.74938341,150.0,91,2120,3479,0.63,318000,0.0005,0.03205818310379982,79249
0.05,9.98121523,150.0,91,2121,3479,0.64,318150,0.0005,0.023432601243257523,79287
0.05,9.83166503,150.0,91,2122,3479,0.63,318300,0.0005,0.10338848829269409,79324
0.05,9.979272060000001,150.0,91,2123,3479,0.64,318450,0.0005,0.09800707548856735,79362
0.05,9.99435362,150.0,91,2124,3479,0.64,318600,0.0005,0.05458535999059677,79399
0.05,9.919533659999999,150.0,91,2125,3479,0.63,318750,0.0005,0.20331323146820068,79437
0.05,10.02816657,150.0,91,2126,3479,0.64,318900,0.0005,0.02325453981757164,79474
0.05,10.22960482,150.0,91,2127,3479,0.65,319050,0.0005,0.027885332703590393,79512
0.05,10.20184559,150.0,91,2128,3479,0.65,319200,0.0005,0.022516828030347824,79549
0.05,10.05733856,150.0,91,2129,3479,0.64,319350,0.0005,0.05021782964468002,79587
0.05,10.13434211,150.0,91,2130,3479,0.64,319500,0.0005,0.05369818955659866,79624
0.05,10.16527977,150.0,91,2131,3479,0.64,319650,0.0005,0.03691364824771881,79662
0.05,10.14243188,150.0,91,2132,3479,0.64,319800,0.0005,0.10583911091089249,79699
0.05,9.952970220000001,150.0,91,2133,3479,0.63,319950,0.0005,0.035184405744075775,79737
0.05,10.003469709999997,150.0,91,2134,3479,0.64,320100,0.0005,0.17814110219478607,79774
0.05,9.943660340000001,150.0,92,2135,3479,0.63,320250,0.0005,0.02242700755596161,79812
0.05,10.02867571,150.0,92,2136,3479,0.64,320400,0.0005,0.030299298465251923,79849
0.05,10.118762870000001,150.0,92,2137,3479,0.65,320550,0.0005,0.07695752382278442,79887
0.05,10.10956539,150.0,92,2138,3479,0.65,320700,0.0005,0.026152612641453743,79924
0.05,10.131833530000002,150.0,92,2139,3479,0.65,320850,0.0005,0.03262323513627052,79962
0.05,9.867007090000001,150.0,92,2140,3479,0.64,321000,0.0005,0.11766374111175537,79999
0.05,9.905387330000002,150.0,92,2141,3479,0.64,321150,0.0005,0.06570173054933548,80037
0.05,10.103464019999999,150.0,92,2142,3479,0.65,321300,0.0005,0.04898456111550331,80074
0.05,9.907185969999999,150.0,92,2143,3479,0.64,321450,0.0005,0.10898890346288681,80112
0.05,9.86788627,150.0,92,2144,3479,0.64,321600,0.0005,0.03554488718509674,80149
0.05,9.83958598,150.0,92,2145,3479,0.64,321750,0.0005,0.13699287176132202,80187
0.05,9.83742548,150.0,92,2146,3479,0.64,321900,0.0005,0.03418399393558502,80224
0.05,9.69696718,150.0,92,2147,3479,0.63,322050,0.0005,0.04193891957402229,80262
0.05,9.70141126,150.0,92,2148,3479,0.63,322200,0.0005,0.05744509398937225,80299
0.05,9.74293502,150.0,92,2149,3479,0.63,322350,0.0005,0.11346806585788727,80337
0.05,9.980071739999998,150.0,92,2150,3479,0.64,322500,0.0005,0.07813133299350739,80374
0.05,9.994295509999999,150.0,92,2151,3479,0.64,322650,0.0005,0.05142528563737869,80412
0.05,9.70406689,150.0,92,2152,3479,0.63,322800,0.0005,0.09397473931312561,80449
0.05,9.619577249999999,150.0,92,2153,3479,0.62,322950,0.0005,0.18807651102542877,80487
0.05,9.54471771,150.0,92,2154,3479,0.61,323100,0.0005,0.026778647676110268,80524
0.05,9.505207509999998,150.0,92,2155,3479,0.61,323250,0.0005,0.042653776705265045,80562
0.05,9.41297412,150.0,92,2156,3479,0.61,323400,0.0005,0.11053110659122467,80599
0.05,9.613483139999998,150.0,92,2157,3479,0.62,323550,0.0005,0.024847298860549927,80637
0.05,9.681889469999998,150.0,93,2158,3479,0.62,323700,0.0005,0.05228458344936371,80674
0.05,9.636445109999999,150.0,93,2159,3479,0.62,323850,0.0005,0.020219340920448303,80712
0.05,9.917465199999999,150.0,93,2160,3479,0.63,324000,0.0005,0.05834249407052994,80749
0.05,9.788806419999998,150.0,93,2161,3479,0.62,324150,0.0005,0.02980761229991913,80787
0.05,9.8397619,150.0,93,2162,3479,0.62,324300,0.0005,0.023594968020915985,80824
0.05,9.84857314,150.0,93,2163,3479,0.62,324450,0.0005,0.04591921344399452,80862
0.05,9.676885579999999,150.0,93,2164,3479,0.61,324600,0.0005,0.1019645556807518,80899
0.05,9.89947575,150.0,93,2165,3479,0.62,324750,0.0005,0.05311676114797592,80937
0.05,9.76178963,150.0,93,2166,3479,0.61,324900,0.0005,0.015293908305466175,80974
0.05,9.800559869999999,150.0,93,2167,3478,0.61,325050,0.0005,0.020583387464284897,81012
0.05,9.88404326,150.0,93,2168,3477,0.61,325200,0.0005,0.045896995812654495,81049
0.05,9.98119516,150.0,93,2169,3477,0.61,325350,0.0005,0.12058570981025696,81087
0.05,10.140726639999999,150.0,93,2170,3477,0.62,325500,0.0005,0.029357999563217163,81124
0.05,10.103969430000001,150.0,93,2171,3477,0.62,325650,0.0005,0.03763923794031143,81162
0.05,10.092124509999998,150.0,93,2172,3477,0.62,325800,0.0005,0.09242057055234909,81199
0.05,9.88962426,150.0,93,2173,3477,0.61,325950,0.0005,0.06034315377473831,81237
0.05,9.7548889,150.0,93,2174,3477,0.61,326100,0.0005,0.049362730234861374,81274
0.05,9.487198939999999,150.0,93,2175,3477,0.6,326250,0.0005,0.03421759232878685,81312
0.05,9.649804829999999,150.0,93,2176,3477,0.61,326400,0.0005,0.030092664062976837,81349
0.05,9.5460236,150.0,93,2177,3477,0.6,326550,0.0005,0.011905045248568058,81387
0.05,9.5186258,150.0,93,2178,3477,0.6,326700,0.0005,0.037875380367040634,81424
0.05,9.62057214,150.0,93,2179,3477,0.61,326850,0.0005,0.0599486343562603,81462
0.05,9.60968329,150.0,94,2180,3477,0.6,327000,0.0005,0.045530349016189575,81499
0.05,9.69184244,150.0,94,2181,3477,0.6,327150,0.0005,0.12895634770393372,81537
0.05,9.86578033,150.0,94,2182,3477,0.61,327300,0.0005,0.04304599016904831,81574
0.05,9.589776900000002,150.0,94,2183,3477,0.6,327450,0.0005,0.039418019354343414,81612
0.05,9.899258830000003,150.0,94,2184,3477,0.61,327600,0.0005,0.05309612303972244,81649
0.05,9.89973051,150.0,94,2185,3476,0.61,327750,0.0005,0.048327650874853134,81687
0.05,9.77958776,150.0,94,2186,3476,0.61,327900,0.0005,0.03431307151913643,81724
0.05,9.56763216,150.0,94,2187,3476,0.61,328050,0.0005,0.0356583446264267,81762
0.05,9.351962,150.0,94,2188,3476,0.6,328200,0.0005,0.034737445414066315,81799
0.05,9.34649477,150.0,94,2189,3475,0.6,328350,0.0005,0.03348955512046814,81837
0.05,9.42291239,150.0,94,2190,3475,0.6,328500,0.0005,0.1189654991030693,81874
0.05,9.602665480000002,150.0,94,2191,3475,0.61,328650,0.0005,0.11521419882774353,81912
0.05,9.6589088,150.0,94,2192,3475,0.62,328800,0.0005,0.15426160395145416,81949
0.05,9.581277200000002,150.0,94,2193,3475,0.61,328950,0.0005,0.02734588086605072,81987
0.05,9.672085840000001,150.0,94,2194,3475,0.61,329100,0.0005,0.10489637404680252,82024
0.05,9.518819830000002,150.0,94,2195,3475,0.6,329250,0.0005,0.11226876080036163,82062
0.05,9.59220484,150.0,94,2196,3475,0.61,329400,0.0005,0.1387898474931717,82099
0.05,9.659799070000002,150.0,94,2197,3475,0.61,329550,0.0005,0.05368476361036301,82137
0.05,9.636566000000002,150.0,94,2198,3475,0.61,329700,0.0005,0.03152315318584442,82174
0.05,9.45620354,150.0,94,2199,3475,0.6,329850,0.0005,0.04099123924970627,82212
0.05,9.516194960000002,150.0,94,2200,3475,0.6,330000,0.0005,0.02202817238867283,82249
0.05,9.47892655,150.0,94,2201,3475,0.59,330150,0.0005,0.046426691114902496,82287
0.05,9.345718370000002,150.0,95,2202,3475,0.58,330300,0.0005,0.03728573024272919,82324
0.05,9.453618860000002,150.0,95,2203,3475,0.58,330450,0.0005,0.02536298707127571,82362
0.05,9.457923820000001,150.0,95,2204,3475,0.58,330600,0.0005,0.10359284281730652,82399
0.05,9.478577660000001,150.0,95,2205,3475,0.58,330750,0.0005,0.03001917153596878,82437
0.05,9.50120138,150.0,95,2206,3475,0.58,330900,0.0005,0.03508467599749565,82474
0.05,9.524503659999999,150.0,95,2207,3475,0.58,331050,0.0005,0.028737731277942657,82512
0.05,9.1782711,150.0,95,2208,3475,0.57,331200,0.0005,0.032150138169527054,82549
0.05,9.15260256,150.0,95,2209,3475,0.57,331350,0.0005,0.05084914714097977,82587
0.05,9.065314859999999,150.0,95,2210,3475,0.57,331500,0.0005,0.027054714038968086,82624
0.05,9.03990406,150.0,95,2211,3475,0.57,331650,0.0005,0.019637562334537506,82662
0.05,9.02722377,150.0,95,2212,3475,0.58,331800,0.0005,0.06574142724275589,82699
0.05,8.99179709,150.0,95,2213,3475,0.58,331950,0.0005,0.04186057671904564,82737
0.05,9.14464298,150.0,95,2214,3475,0.59,332100,0.0005,0.10829770565032959,82774
0.05,9.132694820000001,150.0,95,2215,3475,0.59,332250,0.0005,0.03286806866526604,82812
0.05,9.188273740000001,150.0,95,2216,3475,0.6,332400,0.0005,0.03879270330071449,82849
0.05,9.31604895,150.0,95,2217,3475,0.61,332550,0.0005,0.036828454583883286,82887
0.05,9.197123470000001,150.0,95,2218,3475,0.6,332700,0.0005,0.05664261803030968,82924
0.05,9.292091019999999,150.0,95,2219,3475,0.61,332850,0.0005,0.03318559005856514,82962
0.05,9.57185638,150.0,95,2220,3475,0.62,333000,0.0005,0.016804423183202744,82999
0.05,9.195650899999999,150.0,95,2221,3475,0.61,333150,0.0005,0.08202072978019714,83037
0.05,9.18555579,150.0,95,2222,3475,0.61,333300,0.0005,0.030685365200042725,83074
0.05,9.206347470000003,150.0,95,2223,3474,0.61,333450,0.0005,0.1734882891178131,83112
0.05,9.178755640000002,150.0,96,2224,3474,0.61,333600,0.0005,0.05164853483438492,83149
0.05,9.213751960000002,150.0,96,2225,3474,0.61,333750,0.0005,0.10491147637367249,83187
0.05,9.22633081,150.0,96,2226,3474,0.61,333900,0.0005,0.04397251829504967,83224
0.05,9.11425187,150.0,96,2227,3474,0.6,334050,0.0005,0.04481494054198265,83262
0.05,9.119334939999998,150.0,96,2228,3474,0.6,334200,0.0005,0.038670629262924194,83299
0.05,9.30193617,150.0,96,2229,3475,0.61,334350,0.0005,0.03910167142748833,83337
0.05,9.172403749999999,150.0,96,2230,3475,0.6,334500,0.0005,0.037898823618888855,83374
0.05,9.13030126,150.0,96,2231,3475,0.6,334650,0.0005,0.05636133998632431,83412
0.05,9.14392342,150.0,96,2232,3475,0.6,334800,0.0005,0.04922029376029968,83449
0.05,9.2210086,150.0,96,2233,3475,0.6,334950,0.0005,0.021426666527986526,83487
0.05,9.30114682,150.0,96,2234,3475,0.6,335100,0.0005,0.03575886785984039,83524
0.05,9.33521661,150.0,96,2235,3475,0.61,335250,0.0005,0.10804338753223419,83562
0.05,9.3140199,150.0,96,2236,3475,0.61,335400,0.0005,0.04397525638341904,83599
0.05,9.362749049999998,150.0,96,2237,3475,0.61,335550,0.0005,0.09002749621868134,83637
0.05,9.34857027,150.0,96,2238,3475,0.61,335700,0.0005,0.14798417687416077,83674
0.05,9.2868606,150.0,96,2239,3475,0.61,335850,0.0005,0.041054658591747284,83712
0.05,9.57769128,150.0,96,2240,3475,0.62,336000,0.0005,0.04238269105553627,83749
0.05,9.570654750000001,150.0,96,2241,3475,0.62,336150,0.0005,0.026274336501955986,83787
0.05,9.592355049999998,150.0,96,2242,3475,0.62,336300,0.0005,0.09885534644126892,83824
0.05,9.713522619999999,150.0,96,2243,3475,0.63,336450,0.0005,0.04971151798963547,83862
0.05,9.736888279999999,150.0,96,2244,3475,0.63,336600,0.0005,0.13919632136821747,83899
0.05,9.72757207,150.0,96,2245,3475,0.63,336750,0.0005,0.013965530321002007,83937
0.05,9.487132169999999,150.0,96,2246,3475,0.62,336900,0.0005,0.05054866522550583,83974
0.05,9.509922549999999,150.0,96,2247,3475,0.62,337050,0.0005,0.03170197829604149,84012
0.05,9.43539833,150.0,97,2248,3475,0.62,337200,0.0005,0.01442759856581688,84049
0.05,9.398041639999999,150.0,97,2249,3475,0.62,337350,0.0005,0.03575297072529793,84087
0.05,9.250951539999999,150.0,97,2250,3475,0.61,337500,0.0005,0.05759233236312866,84124
0.05,9.107446260000001,150.0,97,2251,3475,0.6,337650,0.0005,0.04053359106183052,84162
0.05,9.28813752,150.0,97,2252,3475,0.6,337800,0.0005,0.032728828489780426,84199
0.05,9.405292130000001,150.0,97,2253,3475,0.61,337950,0.0005,0.0390574149787426,84237
0.05,9.427737370000001,150.0,97,2254,3475,0.61,338100,0.0005,0.020043423399329185,84274
0.05,9.37999932,150.0,97,2255,3475,0.6,338250,0.0005,0.02956405095756054,84312
0.05,9.25700559,150.0,97,2256,3475,0.59,338400,0.0005,0.040402404963970184,84349
0.05,9.219669450000001,150.0,97,2257,3475,0.59,338550,0.0005,0.027257729321718216,84387
0.05,9.35483361,150.0,97,2258,3475,0.6,338700,0.0005,0.02322310209274292,84424
0.05,9.35447248,150.0,97,2259,3475,0.6,338850,0.0005,0.04662314057350159,84462
0.05,9.346677360000001,150.0,97,2260,3475,0.6,339000,0.0005,0.0308197271078825,84499
0.05,9.38780308,150.0,97,2261,3475,0.61,339150,0.0005,0.0316595584154129,84537
0.05,9.458701990000002,150.0,97,2262,3475,0.62,339300,0.0005,0.053010620176792145,84574
0.05,9.452892030000001,150.0,97,2263,3475,0.62,339450,0.0005,0.031054146587848663,84612
0.05,9.57826683,150.0,97,2264,3475,0.63,339600,0.0005,0.11150216311216354,84649
0.05,9.55982412,150.0,97,2265,3475,0.63,339750,0.0005,0.024783791974186897,84687
0.05,9.681002750000001,150.0,97,2266,3475,0.64,339900,0.0005,0.029232144355773926,84724
0.05,9.57294846,150.0,97,2267,3475,0.63,340050,0.0005,0.16653691232204437,84762
0.05,9.53713299,150.0,97,2268,3474,0.63,340200,0.0005,0.030378857627511024,84799
0.05,9.63388264,150.0,97,2269,3474,0.64,340350,0.0005,0.02509302832186222,84837
0.05,9.63696989,150.0,98,2270,3474,0.64,340500,0.0005,0.02066681534051895,84874
0.05,9.31144489,150.0,98,2271,3474,0.63,340650,0.0005,0.051812224090099335,84912
0.05,8.993904820000001,150.0,98,2272,3474,0.62,340800,0.0005,0.25648897886276245,84949
0.05,9.182305240000002,150.0,98,2273,3474,0.63,340950,0.0005,0.045014090836048126,84987
0.05,9.352918860000003,150.0,98,2274,3474,0.64,341100,0.0005,0.04353071749210358,85024
0.05,9.60215699,150.0,98,2275,3474,0.65,341250,0.0005,0.018943101167678833,85062
0.05,9.67883323,150.0,98,2276,3474,0.65,341400,0.0005,0.0244563240557909,85099
0.05,9.77938684,150.0,98,2277,3474,0.66,341550,0.0005,0.11284938454627991,85137
0.05,9.73803827,150.0,98,2278,3474,0.66,341700,0.0005,0.03481876850128174,85174
0.05,9.71745869,150.0,98,2279,3474,0.66,341850,0.0005,0.03594221919775009,85212
0.05,9.78362889,150.0,98,2280,3474,0.67,342000,0.0005,0.08541473001241684,85249
0.05,9.764206279999998,150.0,98,2281,3474,0.67,342150,0.0005,0.10702773928642273,85287
0.05,9.71323531,150.0,98,2282,3474,0.67,342300,0.0005,0.04056132584810257,85324
0.05,9.83036065,150.0,98,2283,3474,0.67,342450,0.0005,0.10690923035144806,85362
0.05,9.620299860000001,150.0,98,2284,3474,0.66,342600,0.0005,0.09787381440401077,85399
0.05,9.52628088,150.0,98,2285,3474,0.65,342750,0.0005,0.11005549132823944,85437
0.05,9.583826460000001,150.0,98,2286,3474,0.65,342900,0.0005,0.013601955957710743,85474
0.05,9.74862214,150.0,98,2287,3474,0.65,343050,0.0005,0.16763581335544586,85512
0.05,10.010373490000001,150.0,98,2288,3474,0.66,343200,0.0005,0.16956180334091187,85549
0.05,10.24983416,150.0,98,2289,3474,0.67,343350,0.0005,0.0416722409427166,85587
0.05,10.34280396,150.0,98,2290,3474,0.68,343500,0.0005,0.21364018321037292,85624
0.05,10.147786850000001,150.0,98,2291,3474,0.67,343650,0.0005,0.06352893263101578,85662
0.05,10.12777413,150.0,98,2292,3474,0.67,343800,0.0005,0.14972475171089172,85699
0.05,10.249394520000001,150.0,98,2293,3474,0.68,343950,0.0005,0.034831464290618896,85737
0.05,10.34664633,150.0,99,2294,3474,0.69,344100,0.0005,0.0517132505774498,85774
0.05,10.53059218,150.0,99,2295,3474,0.7,344250,0.0005,0.04703414812684059,85812
0.05,10.527028030000002,150.0,99,2296,3474,0.7,344400,0.0005,0.030096735805273056,85849
0.05,10.37170994,150.0,99,2297,3474,0.69,344550,0.0005,0.04080238938331604,85887
0.05,10.358870979999999,150.0,99,2298,3474,0.69,344700,0.0005,0.02861858159303665,85924
0.05,10.504368589999997,150.0,99,2299,3474,0.7,344850,0.0005,0.051204532384872437,85962
0.05,10.348662799999998,150.0,99,2300,3474,0.69,345000,0.0005,0.06618739664554596,85999
0.05,10.1614076,150.0,99,2301,3474,0.69,345150,0.0005,0.036933839321136475,86037
0.05,10.124745350000001,150.0,99,2302,3474,0.69,345300,0.0005,0.02870878204703331,86074
0.05,10.06977513,150.0,99,2303,3474,0.69,345450,0.0005,0.09288385510444641,86112
0.05,10.08012382,150.0,99,2304,3474,0.69,345600,0.0005,0.03873806446790695,86149
0.05,9.9696729,150.0,99,2305,3474,0.68,345750,0.0005,0.05308227986097336,86187
0.05,10.09713603,150.0,99,2306,3475,0.69,345900,0.0005,0.029190529137849808,86224
0.05,10.1113527,150.0,99,2307,3475,0.69,346050,0.0005,0.0387752503156662,86262
0.05,10.484547269999998,150.0,99,2308,3475,0.7,346200,0.0005,0.03872840479016304,86299
0.05,10.533539549999999,150.0,99,2309,3475,0.7,346350,0.0005,0.029967719689011574,86337
0.05,10.697966959999999,150.0,99,2310,3475,0.7,346500,0.0005,0.02869483083486557,86374
0.05,10.48600373,150.0,99,2311,3475,0.69,346650,0.0005,0.028145380318164825,86412
0.05,10.488643629999999,150.0,99,2312,3475,0.69,346800,0.0005,0.04140228405594826,86449
0.05,10.50750344,150.0,99,2313,3475,0.69,346950,0.0005,0.023468300700187683,86487
0.05,10.267192849999999,150.0,99,2314,3475,0.68,347100,0.0005,0.02773411013185978,86524
0.05,10.343993430000001,150.0,99,2315,3475,0.68,347250,0.0005,0.028012581169605255,86562
0.05,10.376775870000001,150.0,99,2316,3475,0.68,347400,0.0005,0.036131929606199265,86599
0.05,10.201331360000001,150.0,100,2317,3475,0.67,347550,0.0005,0.031085021793842316,86637
0.05,10.28304332,150.0,100,2318,3475,0.68,347700,0.0005,0.14767789840698242,86674
0.05,10.31475976,150.0,100,2319,3475,0.68,347850,0.0005,0.05027299374341965,86712
0.05,10.30598101,150.0,100,2320,3475,0.68,348000,0.0005,0.09721078723669052,86749
0.05,10.680331569999998,150.0,100,2321,3475,0.69,348150,0.0005,0.04829922318458557,86787
0.05,10.85642976,150.0,100,2322,3475,0.7,348300,0.0005,0.014571629464626312,86824
0.05,10.777765239999999,150.0,100,2323,3475,0.7,348450,0.0005,0.12189327925443649,86862
0.05,10.678372,150.0,100,2324,3475,0.69,348600,0.0005,0.024745015427470207,86899
0.05,10.465114159999999,150.0,100,2325,3475,0.69,348750,0.0005,0.04211793094873428,86937
0.05,10.41928858,150.0,100,2326,3475,0.69,348900,0.0005,0.04911234974861145,86974
0.05,10.446138920000001,150.0,100,2327,3475,0.69,349050,0.0005,0.025279579684138298,87012
0.05,10.448241670000002,150.0,100,2328,3475,0.69,349200,0.0005,0.04450798034667969,87049
0.05,10.400548589999998,150.0,100,2329,3475,0.69,349350,0.0005,0.039111342281103134,87087
0.05,10.36745993,150.0,100,2330,3475,0.69,349500,0.0005,0.01623474806547165,87124
0.05,10.397727199999999,150.0,100,2331,3475,0.69,349650,0.0005,0.03938893973827362,87162
0.05,10.38861163,150.0,100,2332,3475,0.69,349800,0.0005,0.028332626447081566,87199
0.05,10.52141936,150.0,100,2333,3475,0.7,349950,0.0005,0.030603431165218353,87237
0.05,10.3458601,150.0,100,2334,3475,0.69,350100,0.0005,0.10202474147081375,87274
0.05,10.16195264,150.0,100,2335,3475,0.68,350250,0.0005,0.04157588630914688,87312
0.05,10.166659930000002,150.0,100,2336,3475,0.68,350400,0.0005,0.1613987684249878,87349
0.05,10.13201783,150.0,100,2337,3475,0.68,350550,0.0005,0.11319909989833832,87387
0.05,10.14416458,150.0,100,2338,3475,0.68,350700,0.0005,0.024402905255556107,87424
0.05,10.063094110000002,150.0,100,2339,3475,0.67,350850,0.0005,0.036421459168195724,87462
0.05,10.04716208,150.0,101,2340,3475,0.67,351000,0.0005,0.0364394374191761,87499
0.05,10.0092887,150.0,101,2341,3475,0.67,351150,0.0005,0.039181455969810486,87537
0.05,9.845758120000001,150.0,101,2342,3475,0.66,351300,0.0005,0.08710653334856033,87574
0.05,9.90255831,150.0,101,2343,3475,0.66,351450,0.0005,0.12334338575601578,87612
0.05,9.877421759999999,150.0,101,2344,3475,0.66,351600,0.0005,0.0953247919678688,87649
0.05,9.92253892,150.0,101,2345,3475,0.66,351750,0.0005,0.026985879987478256,87687
0.05,10.06169584,150.0,101,2346,3475,0.66,351900,0.0005,0.030595116317272186,87724
0.05,10.14553354,150.0,101,2347,3475,0.67,352050,0.0005,0.14824512600898743,87762
0.05,10.213711929999999,150.0,101,2348,3475,0.67,352200,0.0005,0.06311284005641937,87799
0.05,10.263250710000001,150.0,101,2349,3475,0.67,352350,0.0005,0.08444623649120331,87837
0.05,10.476551069999998,150.0,101,2350,3475,0.68,352500,0.0005,0.04497434198856354,87874
0.05,10.567528789999999,150.0,101,2351,3475,0.69,352650,0.0005,0.22699058055877686,87912
0.05,10.526861210000002,150.0,101,2352,3475,0.69,352800,0.0005,0.06044527515769005,87949
0.05,10.27787401,150.0,101,2353,3475,0.68,352950,0.0005,0.07666774094104767,87987
0.05,10.319829249999998,150.0,101,2354,3475,0.69,353100,0.0005,0.06627684831619263,88024
0.05,10.377012319999999,150.0,101,2355,3475,0.7,353250,0.0005,0.03490505740046501,88062
0.05,10.546117409999999,150.0,101,2356,3475,0.71,353400,0.0005,0.03992457687854767,88099
0.05,10.584206530000001,150.0,101,2357,3475,0.71,353550,0.0005,0.09791789948940277,88137
0.05,10.37289132,150.0,101,2358,3475,0.7,353700,0.0005,0.03172195702791214,88174
0.05,10.422291690000002,150.0,101,2359,3474,0.7,353850,0.0005,0.040330834686756134,88212
0.05,10.43682494,150.0,101,2360,3474,0.7,354000,0.0005,0.10338450968265533,88249
0.05,10.50118794,150.0,101,2361,3474,0.7,354150,0.0005,0.14010483026504517,88287
0.05,10.52499827,150.0,101,2362,3474,0.7,354300,0.0005,0.02219419926404953,88324
0.05,10.367030849999999,150.0,102,2363,3474,0.7,354450,0.0005,0.021571505814790726,88362
0.05,10.355402779999999,150.0,102,2364,3474,0.7,354600,0.0005,0.1164742261171341,88399
0.05,10.391071259999999,150.0,102,2365,3474,0.7,354750,0.0005,0.10536015033721924,88437
0.05,10.14238031,150.0,102,2366,3474,0.69,354900,0.0005,0.0505242794752121,88474
0.05,10.14476835,150.0,102,2367,3474,0.7,355050,0.0005,0.04001116007566452,88512
0.05,10.147609939999999,150.0,102,2368,3474,0.7,355200,0.0005,0.03120526671409607,88549
0.05,10.232568899999997,150.0,102,2369,3474,0.7,355350,0.0005,0.04348697513341904,88587
0.05,10.23141366,150.0,102,2370,3474,0.7,355500,0.0005,0.1306714117527008,88624
0.05,10.534081909999998,150.0,102,2371,3474,0.71,355650,0.0005,0.028435833752155304,88662
0.05,10.887445749999998,150.0,102,2372,3474,0.72,355800,0.0005,0.0462002232670784,88699
0.05,10.862775049999998,150.0,102,2373,3474,0.72,355950,0.0005,0.13779310882091522,88737
0.05,10.903824749999998,150.0,102,2374,3474,0.72,356100,0.0005,0.04819187521934509,88774
0.05,10.883428510000002,150.0,102,2375,3474,0.72,356250,0.0005,0.05253578722476959,88812
0.05,10.7483707,150.0,102,2376,3473,0.71,356400,0.0005,0.10199691355228424,88849
0.05,10.7970641,150.0,102,2377,3473,0.71,356550,0.0005,0.022068170830607414,88887
0.05,10.821006720000003,150.0,102,2378,3473,0.71,356700,0.0005,0.04168469458818436,88924
0.05,10.797098110000002,150.0,102,2379,3473,0.71,356850,0.0005,0.16571064293384552,88962
0.05,10.560845389999999,150.0,102,2380,3473,0.7,357000,0.0005,0.039201170206069946,88999
0.05,10.503682179999998,150.0,102,2381,3473,0.7,357150,0.0005,0.019923819229006767,89037
0.05,10.435418849999998,150.0,102,2382,3473,0.69,357300,0.0005,0.019223110750317574,89074
0.05,10.32705657,150.0,102,2383,3473,0.69,357450,0.0005,0.036291562020778656,89112
0.05,10.527656909999997,150.0,102,2384,3473,0.7,357600,0.0005,0.028341587632894516,89149
0.05,10.602909769999998,150.0,102,2385,3473,0.71,357750,0.0005,0.03975676745176315,89187
0.05,10.405395140000001,150.0,103,2386,3473,0.7,357900,0.0005,0.034864019602537155,89224
0.05,10.311660260000002,150.0,103,2387,3473,0.7,358050,0.0005,0.05274014174938202,89262
0.05,10.28227887,150.0,103,2388,3473,0.7,358200,0.0005,0.03497154265642166,89299
0.05,10.216321989999999,150.0,103,2389,3473,0.7,358350,0.0005,0.0669892430305481,89337
0.05,10.19076269,150.0,103,2390,3473,0.7,358500,0.0005,0.031109247356653214,89374
0.05,10.275628690000001,150.0,103,2391,3473,0.7,358650,0.0005,0.030949460342526436,89412
0.05,10.28881773,150.0,103,2392,3472,0.7,358800,0.0005,0.03547792136669159,89449
0.05,10.180783969999998,150.0,103,2393,3472,0.69,358950,0.0005,0.05554642900824547,89487
0.05,10.18762401,150.0,103,2394,3472,0.69,359100,0.0005,0.0478241853415966,89524
0.05,10.17083963,150.0,103,2395,3472,0.69,359250,0.0005,0.05460614711046219,89562
0.05,10.201653279999999,150.0,103,2396,3472,0.69,359400,0.0005,0.04397059604525566,89599
0.05,10.30876468,150.0,103,2397,3472,0.7,359550,0.0005,0.11558526009321213,89637
0.05,10.327931920000001,150.0,103,2398,3472,0.7,359700,0.0005,0.02006937935948372,89674
0.05,10.34197096,150.0,103,2399,3472,0.7,359850,0.0005,0.16938969492912292,89712
0.05,10.41601997,150.0,103,2400,3472,0.71,360000,0.0005,0.12056080996990204,89749
0.05,10.62970594,150.0,103,2401,3472,0.72,360150,0.0005,0.16499799489974976,89787
0.05,10.67314555,150.0,103,2402,3472,0.72,360300,0.0005,0.05462206155061722,89824
0.05,10.811413699999997,150.0,103,2403,3472,0.72,360450,0.0005,0.028778495267033577,89862
0.05,10.823981539999998,150.0,103,2404,3472,0.72,360600,0.0005,0.08094078302383423,89899
0.05,10.809352329999998,150.0,103,2405,3472,0.72,360750,0.0005,0.031158283352851868,89937
0.05,10.763924160000002,150.0,103,2406,3472,0.72,360900,0.0005,0.05265040323138237,89974
0.05,10.77800018,150.0,103,2407,3472,0.72,361050,0.0005,0.11008994281291962,90012
0.05,10.64847865,150.0,104,2408,3472,0.72,361200,0.0005,0.10854001343250275,90049
0.05,10.60522125,150.0,104,2409,3472,0.72,361350,0.0005,0.114715576171875,90087
0.05,10.54414481,150.0,104,2410,3472,0.72,361500,0.0005,0.12103836983442307,90124
0.05,10.7601734,150.0,104,2411,3472,0.73,361650,0.0005,0.02357228845357895,90162
0.05,10.875426459999998,150.0,104,2412,3472,0.73,361800,0.0005,0.0391412228345871,90199
0.05,10.88027412,150.0,104,2413,3472,0.73,361950,0.0005,0.02903575822710991,90237
0.05,11.11474047,150.0,104,2414,3472,0.74,362100,0.0005,0.0341634526848793,90274
0.05,10.888072049999998,150.0,104,2415,3471,0.73,362250,0.0005,0.0167539082467556,90312
0.05,10.929593180000001,150.0,104,2416,3471,0.73,362400,0.0005,0.02815045230090618,90349
0.05,10.987313839999999,150.0,104,2417,3471,0.73,362550,0.0005,0.014236479997634888,90387
0.05,10.641927390000001,150.0,104,2418,3471,0.72,362700,0.0005,0.18568572402000427,90424
0.05,10.335657810000002,150.0,104,2419,3471,0.71,362850,0.0005,0.02067175880074501,90462
0.05,10.38935831,150.0,104,2420,3471,0.71,363000,0.0005,0.029876001179218292,90499
0.05,10.369261530000001,150.0,104,2421,3471,0.71,363150,0.0005,0.028225313872098923,90537
0.05,10.37480664,150.0,104,2422,3471,0.71,363300,0.0005,0.03759749233722687,90574
0.05,10.426733319999999,150.0,104,2423,3471,0.71,363450,0.0005,0.02717496268451214,90612
0.05,10.539749449999999,150.0,104,2424,3471,0.72,363600,0.0005,0.08467265218496323,90649
0.05,10.772218289999998,150.0,104,2425,3471,0.73,363750,0.0005,0.030915088951587677,90687
0.05,10.78739663,150.0,104,2426,3471,0.73,363900,0.0005,0.03188198432326317,90724
0.05,10.71143329,150.0,104,2427,3471,0.73,364050,0.0005,0.025381503626704216,90762
0.05,10.502810369999999,150.0,104,2428,3471,0.72,364200,0.0005,0.021605446934700012,90799
0.05,10.5314961,150.0,104,2429,3472,0.72,364350,0.0005,0.02203836664557457,90837
0.05,10.653008040000001,150.0,104,2430,3472,0.73,364500,0.0005,0.02366657182574272,90874
0.05,10.501486329999999,150.0,105,2431,3472,0.72,364650,0.0005,0.055198658257722855,90912
0.05,10.541382270000001,150.0,105,2432,3472,0.72,364800,0.0005,0.09757982939481735,90949
0.05,10.53611618,150.0,105,2433,3472,0.72,364950,0.0005,0.021310893818736076,90987
0.05,10.642332310000002,150.0,105,2434,3472,0.73,365100,0.0005,0.05174741521477699,91024
0.05,10.647566050000002,150.0,105,2435,3472,0.73,365250,0.0005,0.034028973430395126,91062
0.05,10.713405860000002,150.0,105,2436,3472,0.73,365400,0.0005,0.10904443264007568,91099
0.05,10.68614984,150.0,105,2437,3472,0.73,365550,0.0005,0.10930142551660538,91137
0.05,10.72690346,150.0,105,2438,3472,0.73,365700,0.0005,0.02374204620718956,91174
0.05,10.70122301,150.0,105,2439,3472,0.73,365850,0.0005,0.035984430462121964,91212
0.05,10.710903509999998,150.0,105,2440,3472,0.73,366000,0.0005,0.04657624661922455,91249
0.05,10.72401677,150.0,105,2441,3472,0.73,366150,0.0005,0.045278482139110565,91287
0.05,10.71300657,150.0,105,2442,3472,0.73,366300,0.0005,0.05865064263343811,91324
0.05,10.593863559999999,150.0,105,2443,3472,0.73,366450,0.0005,0.10246141254901886,91362
0.05,10.6537337,150.0,105,2444,3472,0.73,366600,0.0005,0.04972483962774277,91399
0.05,10.6654783,150.0,105,2445,3472,0.73,366750,0.0005,0.04016019403934479,91437
0.05,10.7810013,150.0,105,2446,3472,0.74,366900,0.0005,0.16264228522777557,91474
0.05,10.439482110000002,150.0,105,2447,3472,0.73,367050,0.0005,0.08299409598112106,91512
0.05,10.319099880000001,150.0,105,2448,3472,0.72,367200,0.0005,0.2377975434064865,91549
0.05,10.028055270000001,150.0,105,2449,3471,0.71,367350,0.0005,0.039952151477336884,91587
0.05,9.754215219999999,150.0,105,2450,3471,0.7,367500,0.0005,0.10670933872461319,91624
0.05,9.641150770000001,150.0,105,2451,3471,0.69,367650,0.0005,0.027778612449765205,91662
0.05,9.607543689999998,150.0,105,2452,3471,0.69,367800,0.0005,0.09209312498569489,91699
0.05,9.83960962,150.0,105,2453,3471,0.7,367950,0.0005,0.09612741321325302,91737
0.05,9.91167779,150.0,106,2454,3471,0.7,368100,0.0005,0.02706366591155529,91774
0.05,9.59169875,150.0,106,2455,3471,0.69,368250,0.0005,0.09560253471136093,91812
0.05,9.61780838,150.0,106,2456,3471,0.69,368400,0.0005,0.10395759344100952,91849
0.05,9.65090735,150.0,106,2457,3471,0.69,368550,0.0005,0.04757806286215782,91887
0.05,9.73927108,150.0,106,2458,3471,0.69,368700,0.0005,0.033408623188734055,91924
0.05,9.44888584,150.0,106,2459,3471,0.68,368850,0.0005,0.02727755904197693,91962
0.05,9.231897550000001,150.0,106,2460,3471,0.67,369000,0.0005,0.13100062310695648,91999
0.05,9.199776720000001,150.0,106,2461,3471,0.67,369150,0.0005,0.08701137453317642,92037
0.05,9.208455540000001,150.0,106,2462,3471,0.67,369300,0.0005,0.0246376171708107,92074
0.05,9.058886800000003,150.0,106,2463,3471,0.66,369450,0.0005,0.22970923781394958,92112
0.05,9.126061300000002,150.0,106,2464,3471,0.66,369600,0.0005,0.04066483676433563,92149
0.05,9.07723404,150.0,106,2465,3471,0.66,369750,0.0005,0.17432141304016113,92187
0.05,9.129132180000001,150.0,106,2466,3471,0.66,369900,0.0005,0.022468730807304382,92224
0.05,9.25163693,150.0,106,2467,3471,0.66,370050,0.0005,0.03210337087512016,92262
0.05,9.261500300000002,150.0,106,2468,3471,0.66,370200,0.0005,0.04141928255558014,92299
0.05,9.25680022,150.0,106,2469,3471,0.66,370350,0.0005,0.025773145258426666,92337
0.05,9.06711274,150.0,106,2470,3471,0.65,370500,0.0005,0.015931090340018272,92374
0.05,9.10223525,150.0,106,2471,3470,0.65,370650,0.0005,0.043691348284482956,92412
0.05,8.86132766,150.0,106,2472,3471,0.64,370800,0.0005,0.02015378326177597,92449
0.05,8.835466819999999,150.0,106,2473,3470,0.64,370950,0.0005,0.0877203568816185,92487
0.05,8.85294785,150.0,106,2474,3471,0.64,371100,0.0005,0.07167725265026093,92524
0.05,8.696473129999998,150.0,106,2475,3470,0.63,371250,0.0005,0.029354454949498177,92562
0.05,8.69278216,150.0,107,2476,3470,0.63,371400,0.0005,0.13543473184108734,92599
0.05,8.65203749,150.0,107,2477,3470,0.63,371550,0.0005,0.025275249034166336,92637
0.05,8.454580100000001,150.0,107,2478,3470,0.62,371700,0.0005,0.2049638330936432,92674
0.05,8.51161607,150.0,107,2479,3470,0.62,371850,0.0005,0.0386538989841938,92712
0.05,8.635008199999998,150.0,107,2480,3470,0.62,372000,0.0005,0.11714740097522736,92749
0.05,8.544472149999999,150.0,107,2481,3470,0.61,372150,0.0005,0.03760974481701851,92787
0.05,8.45203117,150.0,107,2482,3470,0.61,372300,0.0005,0.05692315101623535,92824
0.05,8.673261029999999,150.0,107,2483,3470,0.62,372450,0.0005,0.02306278608739376,92862
0.05,8.60671771,150.0,107,2484,3470,0.62,372600,0.0005,0.025225790217518806,92899
0.05,8.63036574,150.0,107,2485,3470,0.62,372750,0.0005,0.11129570007324219,92937
0.05,8.88768733,150.0,107,2486,3470,0.63,372900,0.0005,0.13316993415355682,92974
0.05,9.07441584,150.0,107,2487,3470,0.64,373050,0.0005,0.023971490561962128,93012
0.05,9.147116089999999,150.0,107,2488,3470,0.64,373200,0.0005,0.10890035331249237,93049
0.05,9.22272616,150.0,107,2489,3470,0.64,373350,0.0005,0.019920380786061287,93087
0.05,9.23698471,150.0,107,2490,3470,0.64,373500,0.0005,0.022593311965465546,93124
0.05,9.32822527,150.0,107,2491,3470,0.65,373650,0.0005,0.03480903431773186,93162
0.05,9.09928876,150.0,107,2492,3470,0.64,373800,0.0005,0.037273481488227844,93199
0.05,9.18186015,150.0,107,2493,3470,0.65,373950,0.0005,0.026472358033061028,93237
0.05,9.207548080000002,150.0,107,2494,3470,0.65,374100,0.0005,0.03514959663152695,93274
0.05,9.103699900000002,150.0,107,2495,3470,0.64,374250,0.0005,0.03716740012168884,93312
0.05,9.090893760000002,150.0,107,2496,3470,0.64,374400,0.0005,0.03262542560696602,93349
0.05,8.73814768,150.0,107,2497,3469,0.63,374550,0.0005,0.05271204560995102,93387
0.05,8.67108645,150.0,108,2498,3469,0.63,374700,0.0005,0.09135023504495621,93424
0.05,8.51481909,150.0,108,2499,3469,0.62,374850,0.0005,0.04419579356908798,93462
0.05,8.6246078,150.0,108,2500,3469,0.62,375000,0.0005,0.021847708150744438,93499
0.05,8.679529489999998,150.0,108,2501,3469,0.62,375150,0.0005,0.02691005915403366,93537
0.05,8.74724307,150.0,108,2502,3469,0.62,375300,0.0005,0.10226164758205414,93574
0.05,8.82311417,150.0,108,2503,3469,0.63,375450,0.0005,0.027704104781150818,93612
0.05,8.86209114,150.0,108,2504,3469,0.63,375600,0.0005,0.036594208329916,93649
0.05,8.99286871,150.0,108,2505,3469,0.64,375750,0.0005,0.04821489006280899,93687
0.05,9.027722570000002,150.0,108,2506,3468,0.64,375900,0.0005,0.03611783683300018,93724
0.05,8.80662803,150.0,108,2507,3468,0.63,376050,0.0005,0.030621066689491272,93762
0.05,8.80719949,150.0,108,2508,3468,0.62,376200,0.0005,0.014180110767483711,93799
0.05,8.84705709,150.0,108,2509,3468,0.62,376350,0.0005,0.09669289737939835,93837
0.05,8.88055751,150.0,108,2510,3468,0.62,376500,0.0005,0.0901162177324295,93874
0.05,8.87922801,150.0,108,2511,3468,0.62,376650,0.0005,0.022181876003742218,93912
0.05,8.613251069999999,150.0,108,2512,3468,0.61,376800,0.0005,0.041599877178668976,93949
0.05,8.40644581,150.0,108,2513,3468,0.6,376950,0.0005,0.11293751001358032,93987
0.05,8.383971899999999,150.0,108,2514,3468,0.6,377100,0.0005,0.053924717009067535,94024
0.05,8.446604639999999,150.0,108,2515,3468,0.6,377250,0.0005,0.058751340955495834,94062
0.05,8.4256407,150.0,108,2516,3468,0.6,377400,0.0005,0.02490326762199402,94099
0.05,8.393211019999999,150.0,108,2517,3468,0.6,377550,0.0005,0.03906094282865524,94137
0.05,8.70003498,150.0,108,2518,3468,0.61,377700,0.0005,0.029416605830192566,94174
0.05,9.03490863,150.0,108,2519,3468,0.62,377850,0.0005,0.01694091036915779,94212
0.05,8.918903270000001,150.0,109,2520,3467,0.61,378000,0.0005,0.016282787546515465,94249
0.05,8.5928346,150.0,109,2521,3467,0.6,378150,0.0005,0.030334647744894028,94287
0.05,8.608506139999998,150.0,109,2522,3467,0.6,378300,0.0005,0.048240866512060165,94324
0.05,8.64787376,150.0,109,2523,3466,0.6,378450,0.0005,0.04113934189081192,94362
0.05,8.59211264,150.0,109,2524,3466,0.6,378600,0.0005,0.01883326843380928,94399
0.05,8.61880852,150.0,109,2525,3466,0.6,378750,0.0005,0.021580949425697327,94437
0.05,8.65819255,150.0,109,2526,3466,0.6,378900,0.0005,0.05384008586406708,94474
0.05,8.79620245,150.0,109,2527,3466,0.61,379050,0.0005,0.10272384434938431,94512
0.05,9.02819783,150.0,109,2528,3466,0.62,379200,0.0005,0.03934677690267563,94549
0.05,8.98607093,150.0,109,2529,3466,0.62,379350,0.0005,0.01873648539185524,94587
0.05,8.97949123,150.0,109,2530,3466,0.62,379500,0.0005,0.01423666626214981,94624
0.05,8.71872725,150.0,109,2531,3466,0.62,379650,0.0005,0.1042470932006836,94662
0.05,8.7443187,150.0,109,2532,3466,0.62,379800,0.0005,0.08976754546165466,94699
0.05,8.76294975,150.0,109,2533,3466,0.62,379950,0.0005,0.08827272057533264,94737
0.05,8.806298550000001,150.0,109,2534,3466,0.62,380100,0.0005,0.027973968535661697,94774
0.05,9.00981559,150.0,109,2535,3466,0.63,380250,0.0005,0.05941614508628845,94812
0.05,8.87330501,150.0,109,2536,3466,0.62,380400,0.0005,0.09844815731048584,94849
0.05,8.78951501,150.0,109,2537,3466,0.61,380550,0.0005,0.06547383964061737,94887
0.05,8.77848701,150.0,109,2538,3466,0.61,380700,0.0005,0.039723385125398636,94924
0.05,8.875879480000002,150.0,109,2539,3466,0.62,380850,0.0005,0.1907600462436676,94962
0.05,8.89116828,150.0,109,2540,3466,0.62,381000,0.0005,0.11646541953086853,94999
0.05,8.865976510000001,150.0,109,2541,3466,0.62,381150,0.0005,0.02235085889697075,95037
0.05,8.882081370000002,150.0,109,2542,3466,0.62,381300,0.0005,0.07944528758525848,95074
0.05,8.941501390000003,150.0,110,2543,3466,0.62,381450,0.0005,0.10684511065483093,95112
0.05,8.578701630000001,150.0,110,2544,3466,0.61,381600,0.0005,0.030873524025082588,95149
0.05,8.33594433,150.0,110,2545,3466,0.6,381750,0.0005,0.07533983886241913,95187
0.05,8.1365816,150.0,110,2546,3466,0.59,381900,0.0005,0.1845979541540146,95224
0.05,8.53612982,150.0,110,2547,3466,0.6,382050,0.0005,0.025342922657728195,95262
0.05,8.659837989999998,150.0,110,2548,3466,0.61,382200,0.0005,0.046628594398498535,95299
0.05,8.806951830000001,150.0,110,2549,3466,0.61,382350,0.0005,0.11249983310699463,95337
0.05,9.02573164,150.0,110,2550,3466,0.62,382500,0.0005,0.029632391408085823,95374
0.05,8.823495549999999,150.0,110,2551,3466,0.62,382650,0.0005,0.04590765759348869,95412
0.05,8.96811331,150.0,110,2552,3466,0.63,382800,0.0005,0.08858778327703476,95449
0.05,8.779602619999999,150.0,110,2553,3466,0.62,382950,0.0005,0.033325716853141785,95487
0.05,8.724299499999999,150.0,110,2554,3466,0.62,383100,0.0005,0.09794951975345612,95524
0.05,9.057345600000001,150.0,110,2555,3466,0.63,383250,0.0005,0.030517254024744034,95562
0.05,8.867819310000002,150.0,110,2556,3466,0.62,383400,0.0005,0.04716876894235611,95599
0.05,8.79582697,150.0,110,2557,3466,0.62,383550,0.0005,0.0402265340089798,95637
0.05,8.73143925,150.0,110,2558,3466,0.62,383700,0.0005,0.023872507736086845,95674
0.05,9.00030746,150.0,110,2559,3466,0.63,383850,0.0005,0.04325524717569351,95712
0.05,9.14332731,150.0,110,2560,3466,0.63,384000,0.0005,0.027512434870004654,95749
0.05,8.901115889999998,150.0,110,2561,3466,0.62,384150,0.0005,0.036073725670576096,95787
0.05,8.836072869999999,150.0,110,2562,3466,0.62,384300,0.0005,0.050947219133377075,95824
0.05,9.094678819999999,150.0,110,2563,3466,0.63,384450,0.0005,0.1768726259469986,95862
0.05,8.90625695,150.0,110,2564,3466,0.62,384600,0.0005,0.02674311026930809,95899
0.05,8.93590164,150.0,110,2565,3466,0.62,384750,0.0005,0.15829193592071533,95937
0.05,9.1282268,150.0,111,2566,3466,0.63,384900,0.0005,0.052962448447942734,95974
0.05,8.90484645,150.0,111,2567,3466,0.62,385050,0.0005,0.023165734484791756,96012
0.05,8.901278589999999,150.0,111,2568,3466,0.62,385200,0.0005,0.14224766194820404,96049
0.05,8.9034672,150.0,111,2569,3466,0.62,385350,0.0005,0.0841159075498581,96087
0.05,8.99652203,150.0,111,2570,3466,0.62,385500,0.0005,0.03485889732837677,96124
0.05,8.836615169999998,150.0,111,2571,3464,0.61,385650,0.0005,0.030146434903144836,96162
0.05,8.910277,150.0,111,2572,3464,0.61,385800,0.0005,0.043127693235874176,96199
0.05,8.96888503,150.0,111,2573,3464,0.61,385950,0.0005,0.029593314975500107,96237
0.05,8.973060870000001,150.0,111,2574,3464,0.61,386100,0.0005,0.10802899301052094,96274
0.05,9.15766792,150.0,111,2575,3464,0.62,386250,0.0005,0.03668629378080368,96312
0.05,9.28602539,150.0,111,2576,3464,0.63,386400,0.0005,0.08496879041194916,96349
0.05,9.3234773,150.0,111,2577,3464,0.63,386550,0.0005,0.037787064909935,96387
0.05,9.53885012,150.0,111,2578,3464,0.64,386700,0.0005,0.03223290294408798,96424
0.05,9.31936862,150.0,111,2579,3464,0.63,386850,0.0005,0.025456365197896957,96462
0.05,9.4195562,150.0,111,2580,3464,0.64,387000,0.0005,0.022346042096614838,96499
0.05,9.253253910000002,150.0,111,2581,3464,0.64,387150,0.0005,0.039518073201179504,96537
0.05,9.43323646,150.0,111,2582,3464,0.65,387300,0.0005,0.08642547577619553,96574
0.05,9.48733301,150.0,111,2583,3464,0.65,387450,0.0005,0.03250125050544739,96612
0.05,9.41178765,150.0,111,2584,3464,0.64,387600,0.0005,0.05226736515760422,96649
0.05,9.21523177,150.0,111,2585,3464,0.63,387750,0.0005,0.0857156291604042,96687
0.05,9.158936319999999,150.0,111,2586,3464,0.63,387900,0.0005,0.10622681677341461,96724
0.05,9.13481723,150.0,111,2587,3464,0.63,388050,0.0005,0.023457713425159454,96762
0.05,9.04481442,150.0,112,2588,3464,0.63,388200,0.0005,0.04607481509447098,96799
0.05,9.04446156,150.0,112,2589,3464,0.63,388350,0.0005,0.05316772311925888,96837
0.05,9.00846651,150.0,112,2590,3464,0.63,388500,0.0005,0.03511052206158638,96874
0.05,9.035371539999998,150.0,112,2591,3464,0.63,388650,0.0005,0.03810318931937218,96912
0.05,9.29044216,150.0,112,2592,3464,0.64,388800,0.0005,0.028923392295837402,96949
0.05,9.29039974,150.0,112,2593,3464,0.64,388950,0.0005,0.04386060684919357,96987
0.05,9.293207160000001,150.0,112,2594,3464,0.64,389100,0.0005,0.02080470509827137,97024
0.05,9.41311543,150.0,112,2595,3464,0.65,389250,0.0005,0.16444985568523407,97062
0.05,9.420833440000001,150.0,112,2596,3464,0.65,389400,0.0005,0.16804012656211853,97099
0.05,9.71746663,150.0,112,2597,3464,0.65,389550,0.0005,0.022379521280527115,97137
0.05,9.78675173,150.0,112,2598,3464,0.65,389700,0.0005,0.06452429294586182,97174
0.05,9.905454839999999,150.0,112,2599,3464,0.66,389850,0.0005,0.025118065997958183,97212
0.05,9.83965867,150.0,112,2600,3464,0.66,390000,0.0005,0.04021184891462326,97249
0.05,9.61552977,150.0,112,2601,3464,0.65,390150,0.0005,0.07328396290540695,97287
0.05,9.70622643,150.0,112,2602,3464,0.66,390300,0.0005,0.10782276093959808,97324
0.05,9.715425119999999,150.0,112,2603,3464,0.66,390450,0.0005,0.022762298583984375,97362
0.05,9.661492070000001,150.0,112,2604,3464,0.66,390600,0.0005,0.02582741342484951,97399
0.05,9.57585343,150.0,112,2605,3464,0.66,390750,0.0005,0.04288493096828461,97437
0.05,9.46057087,150.0,112,2606,3464,0.65,390900,0.0005,0.025873946025967598,97474
0.05,9.44745158,150.0,112,2607,3464,0.65,391050,0.0005,0.06448355317115784,97512
0.05,9.551076599999998,150.0,112,2608,3464,0.66,391200,0.0005,0.038113079965114594,97549
0.05,9.56336082,150.0,112,2609,3464,0.66,391350,0.0005,0.025596417486667633,97587
0.05,9.41036628,150.0,113,2610,3464,0.66,391500,0.0005,0.039647966623306274,97624
0.05,9.39634151,150.0,113,2611,3464,0.66,391650,0.0005,0.025026176124811172,97662
0.05,9.621711609999998,150.0,113,2612,3464,0.67,391800,0.0005,0.036923930048942566,97699
0.05,9.805550460000001,150.0,113,2613,3464,0.68,391950,0.0005,0.029936935752630234,97737
0.05,9.65017765,150.0,113,2614,3464,0.67,392100,0.0005,0.17820826172828674,97774
0.05,9.7644371,150.0,113,2615,3464,0.68,392250,0.0005,0.029799746349453926,97812
0.05,9.545585020000003,150.0,113,2616,3464,0.67,392400,0.0005,0.02106250822544098,97849
0.05,9.71157187,150.0,113,2617,3464,0.68,392550,0.0005,0.030167926102876663,97887
0.05,9.417839960000002,150.0,113,2618,3464,0.67,392700,0.0005,0.049613334238529205,97924
0.05,9.37881778,150.0,113,2619,3464,0.67,392850,0.0005,0.03485507518053055,97962
0.05,9.38216526,150.0,113,2620,3464,0.67,393000,0.0005,0.08841659128665924,97999
0.05,9.76749673,150.0,113,2621,3464,0.68,393150,0.0005,0.05069248750805855,98037
0.05,9.76342191,150.0,113,2622,3464,0.68,393300,0.0005,0.02942682057619095,98074
0.05,9.43931462,150.0,113,2623,3464,0.67,393450,0.0005,0.17712143063545227,98112
0.05,9.4461756,150.0,113,2624,3464,0.67,393600,0.0005,0.05269182473421097,98149
0.05,9.474808320000001,150.0,113,2625,3464,0.67,393750,0.0005,0.13355717062950134,98187
0.05,9.47745873,150.0,113,2626,3464,0.67,393900,0.0005,0.047109104692935944,98224
0.05,9.454874850000001,150.0,113,2627,3464,0.67,394050,0.0005,0.028824375942349434,98262
0.05,9.44209734,150.0,113,2628,3464,0.67,394200,0.0005,0.1791900396347046,98299
0.05,9.48787059,150.0,113,2629,3464,0.67,394350,0.0005,0.11639966815710068,98337
0.05,9.5123427,150.0,113,2630,3464,0.67,394500,0.0005,0.037623971700668335,98374
0.05,9.69914463,150.0,113,2631,3464,0.67,394650,0.0005,0.03807671368122101,98412
0.05,9.63221869,150.0,113,2632,3464,0.67,394800,0.0005,0.11097551882266998,98449
0.05,9.586190349999999,150.0,114,2633,3464,0.67,394950,0.0005,0.044554151594638824,98487
0.05,9.47152012,150.0,114,2634,3464,0.66,395100,0.0005,0.03761310502886772,98524
0.05,9.4773443,150.0,114,2635,3464,0.66,395250,0.0005,0.02095772884786129,98562
0.05,9.60504529,150.0,114,2636,3464,0.67,395400,0.0005,0.03217358514666557,98599
0.05,9.70286139,150.0,114,2637,3464,0.68,395550,0.0005,0.04443804547190666,98637
0.05,9.55688995,150.0,114,2638,3464,0.67,395700,0.0005,0.017672615125775337,98674
0.05,9.28442362,150.0,114,2639,3464,0.66,395850,0.0005,0.051056694239377975,98712
0.05,9.030795880000001,150.0,114,2640,3464,0.65,396000,0.0005,0.038727398961782455,98749
0.05,9.05806945,150.0,114,2641,3464,0.65,396150,0.0005,0.022019468247890472,98787
0.05,9.194962190000002,150.0,114,2642,3464,0.66,396300,0.0005,0.024235259741544724,98824
0.05,9.04718028,150.0,114,2643,3464,0.65,396450,0.0005,0.0457187183201313,98862
0.05,9.075493029999999,150.0,114,2644,3464,0.65,396600,0.0005,0.02445904351770878,98899
0.05,9.327819939999998,150.0,114,2645,3464,0.66,396750,0.0005,0.014716845005750656,98937
0.05,9.37147152,150.0,114,2646,3464,0.66,396900,0.0005,0.039403561502695084,98974
0.05,9.15394226,150.0,114,2647,3464,0.65,397050,0.0005,0.022740168496966362,99012
0.05,9.12413826,150.0,114,2648,3464,0.65,397200,0.0005,0.09190753102302551,99049
0.05,9.209744460000001,150.0,114,2649,3464,0.66,397350,0.0005,0.046831510961055756,99087
0.05,9.2726167,150.0,114,2650,3464,0.66,397500,0.0005,0.02172509953379631,99124
0.05,9.63965256,150.0,114,2651,3464,0.67,397650,0.0005,0.0417792946100235,99162
0.05,9.66376149,150.0,114,2652,3464,0.67,397800,0.0005,0.12076534330844879,99199
0.05,9.88649466,150.0,114,2653,3464,0.68,397950,0.0005,0.013666236773133278,99237
0.05,9.888689350000002,150.0,114,2654,3464,0.68,398100,0.0005,0.02945711836218834,99274
0.05,9.700064900000001,150.0,114,2655,3464,0.67,398250,0.0005,0.026847796514630318,99312
0.05,9.659456890000001,150.0,114,2656,3464,0.67,398400,0.0005,0.029639527201652527,99349
0.05,9.668753080000002,150.0,115,2657,3464,0.67,398550,0.0005,0.013698229566216469,99387
0.05,9.900209740000001,150.0,115,2658,3464,0.68,398700,0.0005,0.05681274086236954,99424
0.05,9.74882924,150.0,115,2659,3464,0.67,398850,0.0005,0.025999389588832855,99462
0.05,9.820235069999999,150.0,115,2660,3464,0.68,399000,0.0005,0.034812938421964645,99499
0.05,10.062719959999999,150.0,115,2661,3463,0.69,399150,0.0005,0.11771151423454285,99537
0.05,10.11563509,150.0,115,2662,3463,0.69,399300,0.0005,0.04436114430427551,99574
0.05,10.11879384,150.0,115,2663,3463,0.69,399450,0.0005,0.03578878939151764,99612
0.05,10.295506070000002,150.0,115,2664,3463,0.7,399600,0.0005,0.04005572199821472,99649
0.05,10.24351719,150.0,115,2665,3463,0.7,399750,0.0005,0.026505405083298683,99687
0.05,10.122256450000002,150.0,115,2666,3463,0.69,399900,0.0005,0.030825110152363777,99724
