time/total_timesteps,time/time_elapsed,time/fps,time/iterations,train/explained_variance,train/value_loss,train/learning_rate,train/entropy_loss,train/n_updates,train/policy_loss,rollout/ep_rew_mean,rollout/success_rate,rollout/ep_len_mean
64,0,4206,1,,,,,,,,,
128,0,4136,2,0.047580838203430176,0.329897940158844,0.0007,-2.197218179702759,1,-1.035428762435913,,,
192,0,4777,3,0.2111697793006897,0.593231737613678,0.0007,-2.181947946548462,2,-0.3361680805683136,,,
256,0,5306,4,0.19651615619659424,1.0961272716522217,0.0007,-2.181447982788086,3,-1.408445119857788,,,
320,0,5725,5,0.2591869831085205,1.540254831314087,0.0007,-2.184725761413574,4,-0.5702622532844543,,,
384,0,5882,6,0.5119995474815369,1.87115478515625,0.0007,-2.187300682067871,5,-2.0892553329467773,,,
448,0,6135,7,0.2568212151527405,2.046276569366455,0.0007,-2.1829044818878174,6,-1.6777499914169312,,,
512,0,6379,8,0.3278053402900696,2.83784556388855,0.0007,-2.1895217895507812,7,-2.965268135070801,,,
576,0,6597,9,0.0793524980545044,1.4249629974365234,0.0007,-2.1931302547454834,8,-1.5960988998413086,,,
640,0,6716,10,0.005390942096710205,0.8894001245498657,0.0007,-2.189772129058838,9,-1.2370518445968628,-17.7794855,0.0,150.0
704,0,6813,11,0.03532510995864868,0.8689401149749756,0.0007,-2.187592029571533,10,1.020942211151123,-17.7794855,0.0,150.0
768,0,6961,12,0.036027610301971436,0.6420818567276001,0.0007,-2.1903185844421387,11,-0.0012664198875427246,-17.7794855,0.0,150.0
832,0,7096,13,0.18768513202667236,0.35506853461265564,0.0007,-2.1905620098114014,12,-0.49485665559768677,-17.7794855,0.0,150.0
896,0,7216,14,0.16117185354232788,0.8993200063705444,0.0007,-2.185675621032715,13,-1.7050844430923462,-17.7794855,0.0,150.0
960,0,7318,15,0.008301794528961182,0.968393087387085,0.0007,-2.183306932449341,14,-1.3618171215057373,-17.7794855,0.0,150.0
1024,0,7423,16,0.16968142986297607,0.6387444734573364,0.0007,-2.182093381881714,15,-0.8692623376846313,-17.7794855,0.0,150.0
1088,0,7439,17,0.1419162154197693,0.8600596785545349,0.0007,-2.180990695953369,16,-0.27216097712516785,-17.7794855,0.0,150.0
1152,0,7497,18,0.05835312604904175,0.7788896560668945,0.0007,-2.153026580810547,17,-1.4457311630249023,-17.7794855,0.0,150.0
1216,0,7555,19,0.06682455539703369,2.1321232318878174,0.0007,-2.1594085693359375,18,0.8879129886627197,-17.06456,0.0,150.0
1280,0,7620,20,0.2536012530326843,0.5399738550186157,0.0007,-2.1491847038269043,19,-0.2723749876022339,-17.06456,0.0,150.0
1344,0,7695,21,0.028218865394592285,1.424484372138977,0.0007,-2.137814998626709,20,1.9492881298065186,-17.06456,0.0,150.0
1408,0,7720,22,0.14459633827209473,0.18772569298744202,0.0007,-2.1334383487701416,21,0.7083497047424316,-17.06456,0.0,150.0
1472,0,7767,23,0.2073880434036255,1.0676281452178955,0.0007,-2.1336257457733154,22,1.280718445777893,-17.06456,0.0,150.0
1536,0,7820,24,0.4020967483520508,0.2306670844554901,0.0007,-2.136990547180176,23,-0.6392502188682556,-17.06456,0.0,150.0
1600,0,7844,25,0.15537047386169434,0.6204116344451904,0.0007,-2.1394028663635254,24,-1.413447380065918,-17.06456,0.0,150.0
1664,0,7829,26,0.17968887090682983,0.49133074283599854,0.0007,-2.1474125385284424,25,-1.2560628652572632,-17.06456,0.0,150.0
1728,0,7844,27,0.02763456106185913,1.5582354068756104,0.0007,-2.143800735473633,26,-2.2073378562927246,-17.06456,0.0,150.0
1792,0,7859,28,-0.035883545875549316,2.8274178504943848,0.0007,-2.133500814437866,27,-3.1794726848602295,-17.06456,0.0,150.0
1856,0,7881,29,-0.08127832412719727,2.6481356620788574,0.0007,-2.127110481262207,28,-2.656709909439087,-17.39094675,0.0,150.0
1920,0,7928,30,0.10559207201004028,0.9755270481109619,0.0007,-2.130739450454712,29,1.310101866722107,-17.39094675,0.0,150.0
1984,0,7976,31,0.08583366870880127,1.2412269115447998,0.0007,-2.1364409923553467,30,1.3539986610412598,-17.39094675,0.0,150.0
2048,0,8008,32,0.14900320768356323,0.5880193710327148,0.0007,-2.133530855178833,31,0.7531111240386963,-17.39094675,0.0,150.0
2112,0,8053,33,0.1584162712097168,0.1666557639837265,0.0007,-2.1341567039489746,32,0.14655235409736633,-17.39094675,0.0,150.0
2176,0,8087,34,0.053098082542419434,2.155463933944702,0.0007,-2.1520462036132812,33,1.58333420753479,-17.39094675,0.0,150.0
2240,0,8123,35,-0.27512550354003906,1.2978096008300781,0.0007,-2.160409927368164,34,0.6724926233291626,-17.39094675,0.0,150.0
2304,0,8138,36,0.07864880561828613,2.0932912826538086,0.0007,-2.1403398513793945,35,0.13065442442893982,-17.39094675,0.0,150.0
2368,0,8172,37,0.10384476184844971,1.5829768180847168,0.0007,-2.0962002277374268,36,-1.5312613248825073,-17.39094675,0.0,150.0
2432,0,8185,38,-0.0345989465713501,2.6804726123809814,0.0007,-2.117086410522461,37,-2.7858781814575195,-15.5447828125,0.0,150.0
2496,0,8187,39,0.4785270094871521,0.3896474242210388,0.0007,-2.122715473175049,38,-0.28324615955352783,-15.5447828125,0.0,150.0
2560,0,8103,40,0.27373039722442627,0.20972666144371033,0.0007,-2.1478514671325684,39,0.5207252502441406,-15.5447828125,0.0,150.0
2624,0,8074,41,0.30987298488616943,0.43032360076904297,0.0007,-2.1404294967651367,40,0.22563576698303223,-15.5447828125,0.0,150.0
2688,0,8028,42,-0.5893861055374146,0.8846638202667236,0.0007,-2.112532138824463,41,0.3590703010559082,-15.5447828125,0.0,150.0
2752,0,7940,43,0.44622713327407837,1.1268365383148193,0.0007,-2.101922035217285,42,-1.8173527717590332,-15.5447828125,0.0,150.0
2816,0,7891,44,0.3867267966270447,2.185483455657959,0.0007,-2.081676483154297,43,-1.9469799995422363,-15.5447828125,0.0,150.0
2880,0,7732,45,0.4422147870063782,2.147756576538086,0.0007,-2.0891523361206055,44,-2.388183832168579,-15.5447828125,0.0,150.0
2944,0,7666,46,0.2899287939071655,2.152550458908081,0.0007,-2.099489688873291,45,-2.536180019378662,-15.5447828125,0.0,150.0
3008,0,7557,47,0.10918450355529785,1.8665112257003784,0.0007,-2.1050853729248047,46,-2.2344298362731934,-16.492891649999997,0.0,150.0
3072,0,7376,48,0.3550909161567688,0.955237090587616,0.0007,-2.1172244548797607,47,-1.1759512424468994,-16.492891649999997,0.0,150.0
3136,0,7355,49,0.23087280988693237,0.2637135088443756,0.0007,-2.117001533508301,48,0.7757805585861206,-16.492891649999997,0.0,150.0
3200,0,7333,50,0.15669214725494385,0.23123009502887726,0.0007,-2.1073741912841797,49,0.10955339670181274,-16.492891649999997,0.0,150.0
3264,0,7317,51,0.4174894094467163,0.34383147954940796,0.0007,-2.070185661315918,50,-0.3282761573791504,-16.492891649999997,0.0,150.0
3328,0,7298,52,-0.16898179054260254,1.954011082649231,0.0007,-2.084517240524292,51,-0.05455414950847626,-16.492891649999997,0.0,150.0
3392,0,7283,53,0.0243380069732666,1.2325944900512695,0.0007,-2.0897953510284424,52,-1.9020136594772339,-16.492891649999997,0.0,150.0
3456,0,7270,54,-0.05345785617828369,1.7621493339538574,0.0007,-2.0818605422973633,53,-2.0134520530700684,-16.492891649999997,0.0,150.0
3520,0,7203,55,-0.052507877349853516,4.057023048400879,0.0007,-2.0882279872894287,54,-2.8538382053375244,-16.492891649999997,0.0,150.0
3584,0,7068,56,0.008491754531860352,3.6543073654174805,0.0007,-2.1012585163116455,55,-3.186992883682251,-16.492891649999997,0.0,150.0
3648,0,6971,57,0.05412501096725464,2.411684513092041,0.0007,-2.1184306144714355,56,-2.4679605960845947,-17.459590375,0.0,150.0
3712,0,6945,58,0.5309179425239563,0.29990246891975403,0.0007,-2.117318630218506,57,0.5525417327880859,-17.459590375,0.0,150.0
3776,0,6904,59,0.11381351947784424,0.3960117995738983,0.0007,-2.122795343399048,58,-0.26776883006095886,-17.459590375,0.0,150.0
3840,0,6891,60,0.23839247226715088,0.4587729275226593,0.0007,-2.105508804321289,59,-0.41829076409339905,-17.459590375,0.0,150.0
3904,0,6852,61,0.06861430406570435,0.9857698678970337,0.0007,-2.0945515632629395,60,0.1791599541902542,-17.459590375,0.0,150.0
3968,0,6784,62,0.18709754943847656,0.8856979012489319,0.0007,-2.061878204345703,61,-0.9187890887260437,-17.459590375,0.0,150.0
4032,0,6715,63,0.1217305064201355,1.9485139846801758,0.0007,-2.061840534210205,62,-0.8781373500823975,-17.459590375,0.0,150.0
4096,0,5456,64,0.24992209672927856,1.21043062210083,0.0007,-2.0766115188598633,63,-1.6368687152862549,-17.459590375,0.0,150.0
4160,0,5368,65,0.24148672819137573,1.416642189025879,0.0007,-2.0836243629455566,64,-1.9020440578460693,-17.459590375,0.0,150.0
4224,0,5310,66,0.2170400619506836,1.4616446495056152,0.0007,-2.0926108360290527,65,-1.8056610822677612,-17.554795357142858,0.0,150.0
4288,0,5277,67,0.6403208374977112,0.4012252390384674,0.0007,-2.0981643199920654,66,-0.6598678827285767,-17.554795357142858,0.0,150.0
4352,0,5286,68,0.15149307250976562,0.341776579618454,0.0007,-2.08109188079834,67,0.7545887231826782,-17.554795357142858,0.0,150.0
4416,0,5297,69,0.3234189748764038,0.3958083391189575,0.0007,-2.076798915863037,68,0.0970529168844223,-17.554795357142858,0.0,150.0
4480,0,5318,70,0.5652413964271545,0.5495342016220093,0.0007,-2.1181187629699707,69,0.3586115837097168,-17.554795357142858,0.0,150.0
4544,0,5333,71,0.530488133430481,1.4352390766143799,0.0007,-2.112276077270508,70,0.8413925170898438,-17.554795357142858,0.0,150.0
4608,0,5345,72,0.5771459341049194,1.1785680055618286,0.0007,-2.108236789703369,71,0.43322286009788513,-17.554795357142858,0.0,150.0
4672,0,5368,73,0.7468843460083008,0.563840925693512,0.0007,-2.115814685821533,72,-0.09313037991523743,-17.554795357142858,0.0,150.0
4736,0,5392,74,0.6783800721168518,0.9041604399681091,0.0007,-2.132398843765259,73,-1.5284442901611328,-17.554795357142858,0.0,150.0
4800,0,5416,75,0.5968950986862183,1.1769838333129883,0.0007,-2.136122226715088,74,-1.822582721710205,-16.90170353125,0.0,150.0
4864,0,5428,76,0.6068077683448792,1.1420270204544067,0.0007,-2.142113208770752,75,-1.7315622568130493,-16.90170353125,0.0,150.0
4928,0,5424,77,0.0858716368675232,0.20905867218971252,0.0007,-2.1434481143951416,76,0.23104584217071533,-16.90170353125,0.0,150.0
4992,0,5438,78,0.4786568880081177,0.26512494683265686,0.0007,-2.1484427452087402,77,-0.3562447428703308,-16.90170353125,0.0,150.0
5056,0,5459,79,0.36295562982559204,1.5881576538085938,0.0007,-2.1499528884887695,78,-0.1035146489739418,-16.90170353125,0.0,150.0
5120,0,5470,80,0.5233991146087646,1.185662865638733,0.0007,-2.151371479034424,79,0.25090640783309937,-16.90170353125,0.0,150.0
5184,0,5481,81,0.6305868625640869,1.9827924966812134,0.0007,-2.1569933891296387,80,0.6371574997901917,-16.90170353125,0.0,150.0
5248,0,5499,82,0.8726719617843628,0.44081613421440125,0.0007,-2.144465446472168,81,-0.12634751200675964,-16.90170353125,0.0,150.0
5312,0,5518,83,0.8957218527793884,0.9000389575958252,0.0007,-2.1385772228240967,82,-1.3490540981292725,-16.90170353125,0.0,150.0
5376,0,5522,84,-0.18921422958374023,1.570432186126709,0.0007,-2.136012077331543,83,-0.041077692061662674,-16.90170353125,0.0,150.0
5440,0,5522,85,0.684642493724823,1.5749964714050293,0.0007,-2.1259918212890625,84,-2.161892890930176,-16.226127111111108,0.0,150.0
5504,0,5529,86,0.9605664014816284,0.1405763030052185,0.0007,-2.124817132949829,85,-0.2888336181640625,-16.226127111111108,0.0,150.0
5568,1,5533,87,0.8427786827087402,0.16394376754760742,0.0007,-2.1206698417663574,86,-0.2724626660346985,-16.226127111111108,0.0,150.0
5632,1,5536,88,0.9323532581329346,0.18376189470291138,0.0007,-2.129833936691284,87,-0.7759385108947754,-16.226127111111108,0.0,150.0
5696,1,5549,89,0.8431429862976074,0.1655910760164261,0.0007,-2.121753692626953,88,-0.4907602369785309,-16.226127111111108,0.0,150.0
5760,1,5569,90,0.4006798267364502,2.2065653800964355,0.0007,-2.1189985275268555,89,0.14227567613124847,-16.226127111111108,0.0,150.0
5824,1,5586,91,0.40656858682632446,1.8106216192245483,0.0007,-2.113035202026367,90,0.46899324655532837,-16.226127111111108,0.0,150.0
5888,1,5603,92,0.5064407587051392,1.0441311597824097,0.0007,-2.098379611968994,91,-1.7576074600219727,-16.226127111111108,0.0,150.0
5952,1,5621,93,0.22610688209533691,3.4760806560516357,0.0007,-2.0993003845214844,92,-3.3256287574768066,-16.226127111111108,0.0,150.0
6016,1,5637,94,0.11619096994400024,2.824674367904663,0.0007,-2.102511405944824,93,-2.984903335571289,-16.58363745,0.0,150.0
6080,1,5659,95,0.8083180785179138,0.9907666444778442,0.0007,-2.1091694831848145,94,-1.5243474245071411,-16.58363745,0.0,150.0
6144,1,5679,96,0.5020410418510437,0.27377834916114807,0.0007,-2.106398582458496,95,0.5468055009841919,-16.58363745,0.0,150.0
6208,1,5697,97,0.5272742509841919,0.48202675580978394,0.0007,-2.1131110191345215,96,0.0672212690114975,-16.58363745,0.0,150.0
6272,1,5717,98,0.761428952217102,0.19658417999744415,0.0007,-2.1072633266448975,97,-0.08871117234230042,-16.58363745,0.0,150.0
6336,1,5739,99,0.42924344539642334,2.0827016830444336,0.0007,-2.101381778717041,98,1.2950519323349,-16.58363745,0.0,150.0
6400,1,5761,100,0.7425816059112549,0.6718579530715942,0.0007,-2.104710102081299,99,-0.36643749475479126,-16.58363745,0.0,150.0
6464,1,5753,101,0.481809139251709,2.5793261528015137,0.0007,-2.0798678398132324,100,-1.8682446479797363,-16.58363745,0.0,150.0
6528,1,5735,102,0.4813973307609558,2.831185817718506,0.0007,-2.093611717224121,101,-2.353994607925415,-16.58363745,0.0,150.0
6592,1,5730,103,0.5110362768173218,2.1268310546875,0.0007,-2.104309558868408,102,-2.2636280059814453,-16.58363745,0.0,150.0
6656,1,5743,104,0.3968625068664551,2.4012932777404785,0.0007,-2.108311176300049,103,-2.7632508277893066,-16.73258015909091,0.0,150.0
6720,1,5753,105,0.9468557834625244,0.0891752615571022,0.0007,-2.1207547187805176,104,0.1588188111782074,-16.73258015909091,0.0,150.0
6784,1,5770,106,0.06816190481185913,0.5709668397903442,0.0007,-2.107635974884033,105,-0.4193069338798523,-16.73258015909091,0.0,150.0
6848,1,5769,107,0.5664405822753906,1.0508627891540527,0.0007,-2.111039161682129,106,-1.4741272926330566,-16.73258015909091,0.0,150.0
6912,1,5783,108,0.4988812208175659,1.7551093101501465,0.0007,-2.1049818992614746,107,1.2532800436019897,-16.73258015909091,0.0,150.0
6976,1,5797,109,0.6782716512680054,1.4917809963226318,0.0007,-2.1032726764678955,108,-0.494149774312973,-16.73258015909091,0.0,150.0
7040,1,5812,110,0.14159154891967773,3.847259283065796,0.0007,-2.1087846755981445,109,1.2413983345031738,-16.73258015909091,0.0,150.0
7104,1,5806,111,0.5867074728012085,0.9103561639785767,0.0007,-2.107645034790039,110,-1.4789273738861084,-16.73258015909091,0.0,150.0
7168,1,5813,112,0.12581008672714233,1.567054033279419,0.0007,-2.11922550201416,111,-2.501919746398926,-16.73258015909091,0.0,150.0
7232,1,5812,113,-0.049715638160705566,1.4226127862930298,0.0007,-2.115945816040039,112,-2.1655900478363037,-16.673070624999998,0.0,150.0
7296,1,5813,114,0.9349108934402466,0.3438239097595215,0.0007,-2.1091315746307373,113,-0.3985215425491333,-16.673070624999998,0.0,150.0
7360,1,5828,115,0.30699747800827026,0.3770146369934082,0.0007,-2.1010332107543945,114,0.5948752164840698,-16.673070624999998,0.0,150.0
7424,1,5843,116,0.8689886331558228,0.16587147116661072,0.0007,-2.09883975982666,115,0.04671822488307953,-16.673070624999998,0.0,150.0
7488,1,5860,117,0.18885588645935059,1.9105173349380493,0.0007,-2.1324357986450195,116,1.4120659828186035,-16.673070624999998,0.0,150.0
7552,1,5876,118,0.8040233254432678,0.7904307246208191,0.0007,-2.1282732486724854,117,-1.4711617231369019,-16.673070624999998,0.0,150.0
7616,1,5893,119,0.522835373878479,0.6226924657821655,0.0007,-2.1255064010620117,118,-0.38098666071891785,-16.673070624999998,0.0,150.0
7680,1,5910,120,0.11057376861572266,1.4557360410690308,0.0007,-2.1404342651367188,119,-1.7147376537322998,-16.673070624999998,0.0,150.0
7744,1,5919,121,0.2246774435043335,1.9224388599395752,0.0007,-2.139069080352783,120,-2.166940927505493,-16.673070624999998,0.0,150.0
7808,1,5932,122,0.17294740676879883,1.9044208526611328,0.0007,-2.1323962211608887,121,-2.259277105331421,-16.529763596153842,0.0,150.0
7872,1,5948,123,0.9080227613449097,0.6479175090789795,0.0007,-2.1375820636749268,122,-1.386462688446045,-16.529763596153842,0.0,150.0
7936,1,5955,124,0.38609790802001953,0.21819055080413818,0.0007,-2.126873731613159,123,-0.14003103971481323,-16.529763596153842,0.0,150.0
8000,1,5969,125,-0.17865216732025146,1.031639814376831,0.0007,-2.1289939880371094,124,0.671342134475708,-16.529763596153842,0.0,150.0
8064,1,5981,126,-0.9119517803192139,0.6453867554664612,0.0007,-2.1246509552001953,125,-0.39426010847091675,-16.529763596153842,0.0,150.0
8128,1,5996,127,0.2665443420410156,1.074211835861206,0.0007,-2.117171287536621,126,0.047373779118061066,-16.529763596153842,0.0,150.0
8192,1,6011,128,0.2722485065460205,6.351208209991455,0.0007,-2.121847629547119,127,1.1327117681503296,-16.529763596153842,0.0,150.0
8256,1,6027,129,-0.02826690673828125,3.2038350105285645,0.0007,-2.1111111640930176,128,-2.5977444648742676,-16.529763596153842,0.0,150.0
8320,1,6040,130,0.01746922731399536,2.1367831230163574,0.0007,-2.1142945289611816,129,-2.0595877170562744,-16.529763596153842,0.0,150.0
8384,1,6056,131,0.06366300582885742,1.2896382808685303,0.0007,-2.1207399368286133,130,-1.9615566730499268,-16.529763596153842,0.0,150.0
8448,1,6070,132,0.01991957426071167,1.964429497718811,0.0007,-2.1167654991149902,131,-2.1970202922821045,-16.652508250000004,0.0,150.0
8512,1,6084,133,0.9683879017829895,0.10885514318943024,0.0007,-2.1252763271331787,132,0.2231549471616745,-16.652508250000004,0.0,150.0
8576,1,6096,134,0.41188758611679077,0.322162002325058,0.0007,-2.1231541633605957,133,-0.33929234743118286,-16.652508250000004,0.0,150.0
8640,1,5892,135,0.6416307687759399,0.5312009453773499,0.0007,-2.1266512870788574,134,-0.7974030375480652,-16.652508250000004,0.0,150.0
8704,1,5851,136,0.6397534608840942,0.6892115473747253,0.0007,-2.12221097946167,135,-0.14716850221157074,-16.652508250000004,0.0,150.0
8768,1,5857,137,0.7015337944030762,1.179158091545105,0.0007,-2.1266775131225586,136,-0.40862101316452026,-16.652508250000004,0.0,150.0
8832,1,5867,138,0.6131704449653625,0.9362788200378418,0.0007,-2.1210861206054688,137,0.38838523626327515,-16.652508250000004,0.0,150.0
8896,1,5880,139,-0.8702600002288818,2.360848903656006,0.0007,-2.1250178813934326,138,-2.4676826000213623,-16.652508250000004,0.0,150.0
8960,1,5892,140,-0.38264942169189453,2.068023443222046,0.0007,-2.1266162395477295,139,-2.0817816257476807,-16.652508250000004,0.0,150.0
9024,1,5896,141,-0.02006542682647705,2.0452303886413574,0.0007,-2.131519317626953,140,-2.2556169033050537,-16.790024583333334,0.0,150.0
9088,1,5904,142,0.9201910495758057,0.5968905091285706,0.0007,-2.129176616668701,141,-0.8496015071868896,-16.790024583333334,0.0,150.0
9152,1,5916,143,0.23246175050735474,0.8112825751304626,0.0007,-2.139071226119995,142,1.2782999277114868,-16.790024583333334,0.0,150.0
9216,1,5929,144,0.22864079475402832,1.4025838375091553,0.0007,-2.135593891143799,143,1.1143721342086792,-16.790024583333334,0.0,150.0
9280,1,5941,145,0.3780635595321655,0.8678252100944519,0.0007,-2.1390187740325928,144,-1.0836941003799438,-16.790024583333334,0.0,150.0
9344,1,5955,146,0.24286234378814697,0.6951056122779846,0.0007,-2.1402578353881836,145,-1.3378567695617676,-16.790024583333334,0.0,150.0
9408,1,5968,147,0.1513628363609314,0.888583242893219,0.0007,-2.1502652168273926,146,-1.7527036666870117,-16.790024583333334,0.0,150.0
9472,1,5981,148,-0.09319961071014404,0.9240358471870422,0.0007,-2.1572518348693848,147,-1.7971479892730713,-16.790024583333334,0.0,150.0
9536,1,5994,149,-0.027731657028198242,2.9357004165649414,0.0007,-2.1508407592773438,148,0.3590571880340576,-16.790024583333334,0.0,150.0
9600,1,6005,150,0.00774383544921875,0.6954670548439026,0.0007,-2.170732021331787,149,-0.8363175392150879,-16.6605729375,0.0,150.0
9664,1,6018,151,0.011684536933898926,0.40540260076522827,0.0007,-2.181603193283081,150,-0.5199695825576782,-16.6605729375,0.0,150.0
9728,1,6031,152,0.5640296339988708,0.490568608045578,0.0007,-2.1706252098083496,151,0.43233707547187805,-16.6605729375,0.0,150.0
9792,1,6044,153,0.8170748353004456,0.351260781288147,0.0007,-2.172452926635742,152,0.2741604745388031,-16.6605729375,0.0,150.0
9856,1,6056,154,0.8158165216445923,1.3697011470794678,0.0007,-2.176954507827759,153,-1.0320619344711304,-16.6605729375,0.0,150.0
9920,1,6068,155,0.9402033686637878,0.44091522693634033,0.0007,-2.177769899368286,154,-0.992542028427124,-16.6605729375,0.0,150.0
9984,1,6082,156,0.7278504967689514,0.330924928188324,0.0007,-2.1819396018981934,155,-0.35612958669662476,-16.6605729375,0.0,150.0
10048,1,6094,157,0.1753944754600525,1.1616179943084717,0.0007,-2.1842799186706543,156,-0.7449525594711304,-16.6605729375,0.0,150.0
10112,1,6106,158,-0.07738053798675537,0.5965303182601929,0.0007,-2.181640386581421,157,-1.4128262996673584,-16.6605729375,0.0,150.0
10176,1,6118,159,-0.07867097854614258,1.1800453662872314,0.0007,-2.1809229850769043,158,-0.8428136110305786,-16.6605729375,0.0,150.0
10240,1,6128,160,0.05132758617401123,1.013730764389038,0.0007,-2.1801350116729736,159,0.7391607761383057,-16.569033029411766,0.0,150.0
10304,1,6138,161,0.9292439222335815,0.21041563153266907,0.0007,-2.174948215484619,160,0.07300733029842377,-16.569033029411766,0.0,150.0
10368,1,6149,162,0.583342432975769,1.4125218391418457,0.0007,-2.1707358360290527,161,0.5689793825149536,-16.569033029411766,0.0,150.0
10432,1,6159,163,0.9128073453903198,0.2645854651927948,0.0007,-2.1678714752197266,162,-0.4195806384086609,-16.569033029411766,0.0,150.0
10496,1,6168,164,0.6031303405761719,0.3952195644378662,0.0007,-2.171539306640625,163,0.05554880201816559,-16.569033029411766,0.0,150.0
10560,1,6178,165,0.43927353620529175,0.7706746459007263,0.0007,-2.1540932655334473,164,0.022648636251688004,-16.569033029411766,0.0,150.0
10624,1,6188,166,0.6554271578788757,0.7665819525718689,0.0007,-2.1673927307128906,165,-0.7966791987419128,-16.569033029411766,0.0,150.0
10688,1,6200,167,0.3464023470878601,0.7624526619911194,0.0007,-2.1710848808288574,166,-0.33675405383110046,-16.569033029411766,0.0,150.0
10752,1,6209,168,0.4368460774421692,1.33966064453125,0.0007,-2.168510913848877,167,-0.18185527622699738,-16.569033029411766,0.0,150.0
10816,1,6219,169,0.363397479057312,2.323727607727051,0.0007,-2.1676416397094727,168,0.21309524774551392,-16.378459138888886,0.0,150.0
10880,1,6230,170,0.9324991106987,0.7005103826522827,0.0007,-2.153128147125244,169,-1.00554621219635,-16.378459138888886,0.0,150.0
10944,1,6241,171,0.6286114454269409,0.19346559047698975,0.0007,-2.1736526489257812,170,-0.38869374990463257,-16.378459138888886,0.0,150.0
11008,1,6253,172,0.3596923351287842,1.1384246349334717,0.0007,-2.172257900238037,171,0.9017212390899658,-16.378459138888886,0.0,150.0
11072,1,6265,173,0.8489316701889038,0.4891913831233978,0.0007,-2.1682538986206055,172,-1.1816356182098389,-16.378459138888886,0.0,150.0
11136,1,6277,174,0.10267090797424316,2.386160373687744,0.0007,-2.1620426177978516,173,1.3262077569961548,-16.378459138888886,0.0,150.0
11200,1,6283,175,0.29771047830581665,0.6836560964584351,0.0007,-2.153390407562256,174,-0.9979820251464844,-16.378459138888886,0.0,150.0
11264,1,6292,176,-0.21883821487426758,1.5476226806640625,0.0007,-2.1501693725585938,175,0.884852409362793,-16.378459138888886,0.0,150.0
11328,1,6299,177,0.11413580179214478,0.9022448062896729,0.0007,-2.1485648155212402,176,-0.8881175518035889,-16.378459138888886,0.0,150.0
11392,1,6308,178,0.05274301767349243,2.1208152770996094,0.0007,-2.1580896377563477,177,-0.479493647813797,-16.378459138888886,0.0,150.0
11456,1,6313,179,0.04752308130264282,1.4850093126296997,0.0007,-2.169555425643921,178,-2.0140931606292725,-16.239853184210524,0.0,150.0
11520,1,6323,180,0.8681392073631287,0.49692991375923157,0.0007,-2.170088768005371,179,0.3569328486919403,-16.239853184210524,0.0,150.0
11584,1,6333,181,0.7935842275619507,1.2157633304595947,0.0007,-2.161895275115967,180,1.4945207834243774,-16.239853184210524,0.0,150.0
11648,1,6344,182,0.9113436937332153,0.3362889885902405,0.0007,-2.1620845794677734,181,0.5121706128120422,-16.239853184210524,0.0,150.0
11712,1,6356,183,0.9586175084114075,0.3354530930519104,0.0007,-2.163217544555664,182,-0.8074875473976135,-16.239853184210524,0.0,150.0
11776,1,6366,184,0.8774648904800415,0.8710159063339233,0.0007,-2.1610777378082275,183,0.6916799545288086,-16.239853184210524,0.0,150.0
11840,1,6376,185,0.8763137459754944,0.4463517665863037,0.0007,-2.156853199005127,184,-0.43806737661361694,-16.239853184210524,0.0,150.0
11904,1,6387,186,0.8653120994567871,0.609452486038208,0.0007,-2.142040491104126,185,-1.0963068008422852,-16.239853184210524,0.0,150.0
11968,1,6398,187,0.7894673943519592,0.5652642846107483,0.0007,-2.135359287261963,186,-1.0212132930755615,-16.239853184210524,0.0,150.0
12032,1,6408,188,-0.08390152454376221,0.5721666216850281,0.0007,-2.131373882293701,187,0.7854900360107422,-15.823309362499998,0.0,150.0
12096,1,6419,189,0.9809409976005554,0.1480952799320221,0.0007,-2.138662815093994,188,-0.25314006209373474,-15.823309362499998,0.0,150.0
12160,1,6430,190,0.6351446509361267,0.7573885917663574,0.0007,-2.1457507610321045,189,0.7334656715393066,-15.823309362499998,0.0,150.0
12224,1,6441,191,-0.5077321529388428,2.3674216270446777,0.0007,-2.1417102813720703,190,-1.6550813913345337,-15.823309362499998,0.0,150.0
12288,1,6450,192,0.13919514417648315,1.667543888092041,0.0007,-2.1428847312927246,191,-0.5007168054580688,-15.823309362499998,0.0,150.0
12352,1,6458,193,0.3612036108970642,0.5947796106338501,0.0007,-2.147684335708618,192,-1.0629360675811768,-15.823309362499998,0.0,150.0
12416,1,6463,194,-0.054520606994628906,1.2335611581802368,0.0007,-2.1502113342285156,193,-1.9651178121566772,-15.823309362499998,0.0,150.0
12480,1,6472,195,-0.027473807334899902,0.6645125150680542,0.0007,-2.1553544998168945,194,-1.1636635065078735,-15.823309362499998,0.0,150.0
12544,1,6482,196,-0.0002694129943847656,1.5948914289474487,0.0007,-2.1544392108917236,195,-2.0256764888763428,-15.823309362499998,0.0,150.0
12608,1,6491,197,-0.0009481906890869141,0.8203296661376953,0.0007,-2.1625399589538574,196,-0.8965429663658142,-16.06233875,0.0,150.0
12672,1,6501,198,0.9680593013763428,0.5929890871047974,0.0007,-2.1664345264434814,197,-1.3585935831069946,-16.06233875,0.0,150.0
12736,1,6507,199,0.4240990877151489,0.6504042744636536,0.0007,-2.164581298828125,198,-0.7439050078392029,-16.06233875,0.0,150.0
12800,1,6516,200,-0.19887793064117432,0.8248599767684937,0.0007,-2.167391777038574,199,-1.3109571933746338,-16.06233875,0.0,150.0
12864,1,6524,201,0.32905077934265137,0.4132448434829712,0.0007,-2.1701266765594482,200,-0.6275779008865356,-16.06233875,0.0,150.0
12928,1,6533,202,0.3636404871940613,0.20193390548229218,0.0007,-2.1701643466949463,201,-0.39800333976745605,-16.06233875,0.0,150.0
12992,1,6543,203,-0.0747150182723999,0.274604856967926,0.0007,-2.170672655105591,202,-0.6040205955505371,-16.06233875,0.0,150.0
13056,1,6552,204,0.12989044189453125,0.7706201672554016,0.0007,-2.1655008792877197,203,-0.35528063774108887,-16.06233875,0.0,150.0
13120,1,6562,205,-0.0005990266799926758,2.001995325088501,0.0007,-2.1571717262268066,204,-0.5876127481460571,-16.06233875,0.0,150.0
13184,2,6570,206,0.02419137954711914,1.8672124147415161,0.0007,-2.148794651031494,205,-1.2694661617279053,-16.06233875,0.0,150.0
13248,2,6578,207,0.003027975559234619,1.3964626789093018,0.0007,-2.1492481231689453,206,-2.2423160076141357,-16.22750418181818,0.0,150.0
13312,2,6587,208,0.9239766597747803,0.1291515827178955,0.0007,-2.1422157287597656,207,-0.1227000504732132,-16.22750418181818,0.0,150.0
13376,2,6586,209,0.44722628593444824,2.136831283569336,0.0007,-2.1381399631500244,208,1.0127290487289429,-16.22750418181818,0.0,150.0
13440,2,6595,210,0.6105759143829346,0.6142351627349854,0.0007,-2.1303365230560303,209,-0.0020907819271087646,-16.22750418181818,0.0,150.0
13504,2,6604,211,0.19591474533081055,0.26498204469680786,0.0007,-2.1276168823242188,210,-0.14415550231933594,-16.22750418181818,0.0,150.0
13568,2,6612,212,0.27207159996032715,0.4241692125797272,0.0007,-2.1136484146118164,211,-0.20980104804039001,-16.22750418181818,0.0,150.0
13632,2,6621,213,0.21634429693222046,0.7568944096565247,0.0007,-2.114447593688965,212,0.4662655293941498,-16.22750418181818,0.0,150.0
13696,2,6629,214,0.29648953676223755,0.6366413831710815,0.0007,-2.115804672241211,213,-1.1483218669891357,-16.22750418181818,0.0,150.0
13760,2,6638,215,0.1567327380180359,1.4050495624542236,0.0007,-2.114061117172241,214,-1.6839648485183716,-16.22750418181818,0.0,150.0
13824,2,6644,216,0.05705702304840088,0.9062221050262451,0.0007,-2.1142897605895996,215,-1.7415838241577148,-16.311752402173912,0.0,150.0
13888,2,6653,217,0.9358463287353516,0.40705376863479614,0.0007,-2.124859094619751,216,-0.5562419295310974,-16.311752402173912,0.0,150.0
13952,2,6663,218,0.8605883717536926,0.11383224278688431,0.0007,-2.1488280296325684,217,0.08990251272916794,-16.311752402173912,0.0,150.0
14016,2,6672,219,0.4584646224975586,3.7090296745300293,0.0007,-2.151059150695801,218,1.4175370931625366,-16.311752402173912,0.0,150.0
14080,2,6681,220,0.6430145502090454,1.344021201133728,0.0007,-2.1485214233398438,219,1.7774391174316406,-16.311752402173912,0.0,150.0
14144,2,6674,221,0.6707795858383179,1.5265889167785645,0.0007,-2.1530051231384277,220,0.5554570555686951,-16.311752402173912,0.0,150.0
14208,2,6683,222,0.9685249328613281,0.40451890230178833,0.0007,-2.1621766090393066,221,-1.1265199184417725,-16.311752402173912,0.0,150.0
14272,2,6691,223,0.8825806379318237,0.4442247152328491,0.0007,-2.1639113426208496,222,-0.3681870996952057,-16.311752402173912,0.0,150.0
14336,2,6698,224,0.8949713110923767,0.7191489338874817,0.0007,-2.166001796722412,223,-1.089393138885498,-16.311752402173912,0.0,150.0
14400,2,6705,225,0.8923924565315247,0.7833496928215027,0.0007,-2.1703567504882812,224,-1.2086167335510254,-16.15177026041667,0.0,150.0
14464,2,6713,226,0.9544005393981934,0.4497414231300354,0.0007,-2.1713707447052,225,-1.225439429283142,-16.15177026041667,0.0,150.0
14528,2,6719,227,0.41153252124786377,0.227984219789505,0.0007,-2.17543363571167,226,-0.13595107197761536,-16.15177026041667,0.0,150.0
14592,2,6721,228,0.15192395448684692,1.3396180868148804,0.0007,-2.176710605621338,227,1.4894160032272339,-16.15177026041667,0.0,150.0
14656,2,6729,229,-0.6172657012939453,0.6657957434654236,0.0007,-2.1760711669921875,228,-0.2802017033100128,-16.15177026041667,0.0,150.0
14720,2,6737,230,0.17300701141357422,0.3088836669921875,0.0007,-2.178908586502075,229,-0.9275595545768738,-16.15177026041667,0.0,150.0
14784,2,6746,231,-0.5133169889450073,0.2179296910762787,0.0007,-2.1811418533325195,230,0.6211656332015991,-16.15177026041667,0.0,150.0
14848,2,6754,232,-0.023909687995910645,0.731667697429657,0.0007,-2.1832938194274902,231,0.8478037118911743,-16.15177026041667,0.0,150.0
14912,2,6757,233,0.05747568607330322,1.7964797019958496,0.0007,-2.1823716163635254,232,1.137486219406128,-16.15177026041667,0.0,150.0
14976,2,6765,234,0.02279561758041382,2.6474592685699463,0.0007,-2.178107500076294,233,0.003261089324951172,-16.15177026041667,0.0,150.0
15040,2,6772,235,0.06683206558227539,1.5726292133331299,0.0007,-2.188170909881592,234,0.25111281871795654,-15.987717159999999,0.0,150.0
15104,2,6781,236,0.9788354635238647,0.302928626537323,0.0007,-2.1874196529388428,235,-0.643510103225708,-15.987717159999999,0.0,150.0
15168,2,6788,237,0.8250150084495544,1.034592866897583,0.0007,-2.1896119117736816,236,-0.2747100591659546,-15.987717159999999,0.0,150.0
15232,2,6796,238,0.8941792249679565,1.0373153686523438,0.0007,-2.1874475479125977,237,1.5591418743133545,-15.987717159999999,0.0,150.0
15296,2,6803,239,0.5241312980651855,3.379706621170044,0.0007,-2.186087131500244,238,1.3568739891052246,-15.987717159999999,0.0,150.0
15360,2,6809,240,0.7859666347503662,1.7291154861450195,0.0007,-2.1850366592407227,239,0.25436335802078247,-15.987717159999999,0.0,150.0
15424,2,6815,241,0.9050537943840027,0.7832687497138977,0.0007,-2.1857380867004395,240,-0.35376566648483276,-15.987717159999999,0.0,150.0
15488,2,6822,242,0.5029617547988892,2.760969638824463,0.0007,-2.183528423309326,241,1.5270991325378418,-15.987717159999999,0.0,150.0
15552,2,6827,243,0.7071031332015991,1.6742029190063477,0.0007,-2.181886672973633,242,-2.033773183822632,-15.987717159999999,0.0,150.0
15616,2,6830,244,0.3054090738296509,2.356433391571045,0.0007,-2.180253028869629,243,-0.5379906296730042,-15.679125519999998,0.0,150.0
15680,2,6832,245,0.7868426442146301,1.5701768398284912,0.0007,-2.182206630706787,244,0.2029111534357071,-15.679125519999998,0.0,150.0
15744,2,6837,246,0.7294683456420898,1.0396747589111328,0.0007,-2.1813106536865234,245,-1.594700813293457,-15.679125519999998,0.0,150.0
15808,2,6843,247,0.5576885938644409,0.961236834526062,0.0007,-2.1819777488708496,246,0.022177711129188538,-15.679125519999998,0.0,150.0
15872,2,6841,248,0.8123086094856262,0.5112384557723999,0.0007,-2.1880407333374023,247,-1.0774288177490234,-15.679125519999998,0.0,150.0
15936,2,6848,249,-0.2085801362991333,0.6546168327331543,0.0007,-2.1862268447875977,248,-0.25779232382774353,-15.679125519999998,0.0,150.0
16000,2,6853,250,-1.594573974609375,0.24132691323757172,0.0007,-2.183534622192383,249,-0.5746822953224182,-15.679125519999998,0.0,150.0
16064,2,6843,251,0.3014262318611145,0.44139784574508667,0.0007,-2.178058385848999,250,-0.6414519548416138,-15.679125519999998,0.0,150.0
16128,2,6846,252,0.12189841270446777,0.6031413078308105,0.0007,-2.173557758331299,251,-1.3537617921829224,-15.679125519999998,0.0,150.0
16192,2,6850,253,0.08762681484222412,0.7261843085289001,0.0007,-2.1701550483703613,252,-0.24399250745773315,-15.679125519999998,0.0,150.0
16256,2,6854,254,0.008313655853271484,4.051108360290527,0.0007,-2.148477792739868,253,1.693690538406372,-15.62709747,0.0,150.0
16320,2,6860,255,0.8674080967903137,0.5471614599227905,0.0007,-2.1683192253112793,254,0.9024199843406677,-15.62709747,0.0,150.0
16384,2,6866,256,0.5051995515823364,1.6079185009002686,0.0007,-2.167477607727051,255,0.7945740818977356,-15.62709747,0.0,150.0
16448,2,6873,257,0.8851829171180725,0.448309063911438,0.0007,-2.1680748462677,256,-0.0404532253742218,-15.62709747,0.0,150.0
16512,2,6879,258,0.8567394614219666,0.5496252775192261,0.0007,-2.1657557487487793,257,0.718967854976654,-15.62709747,0.0,150.0
16576,2,6886,259,0.8316048979759216,1.0947695970535278,0.0007,-2.155491352081299,258,-0.2015722393989563,-15.62709747,0.0,150.0
16640,2,6892,260,0.8918541669845581,0.6504141688346863,0.0007,-2.1505298614501953,259,-0.06865018606185913,-15.62709747,0.0,150.0
16704,2,6898,261,0.7221916317939758,1.892330288887024,0.0007,-2.1384079456329346,260,-2.5846619606018066,-15.62709747,0.0,150.0
16768,2,6898,262,-1.6206169128417969,1.5603864192962646,0.0007,-2.1244144439697266,261,-2.015099287033081,-15.62709747,0.0,150.0
16832,2,6904,263,-0.28575599193573,1.116021752357483,0.0007,-2.1238670349121094,262,-1.7125468254089355,-15.438851889999999,0.0,150.0
16896,2,6903,264,0.9933675527572632,0.17369134724140167,0.0007,-2.143862247467041,263,-0.6120820641517639,-15.438851889999999,0.0,150.0
16960,2,6909,265,0.5672619342803955,1.3196126222610474,0.0007,-2.1651558876037598,264,-1.7270386219024658,-15.438851889999999,0.0,150.0
17024,2,6912,266,0.6788998246192932,0.6447813510894775,0.0007,-2.1669564247131348,265,-0.5405212044715881,-15.438851889999999,0.0,150.0
17088,2,6918,267,-0.8313755989074707,2.051778554916382,0.0007,-2.1687772274017334,266,2.3533058166503906,-15.438851889999999,0.0,150.0
17152,2,6923,268,0.47303634881973267,1.130056619644165,0.0007,-2.166393280029297,267,1.1430978775024414,-15.438851889999999,0.0,150.0
17216,2,6928,269,0.4515773057937622,0.590796172618866,0.0007,-2.1558990478515625,268,-0.3619815409183502,-15.438851889999999,0.0,150.0
17280,2,6934,270,0.302712619304657,1.2566499710083008,0.0007,-2.133236885070801,269,-1.8995792865753174,-15.438851889999999,0.0,150.0
17344,2,6940,271,0.003919243812561035,1.7576643228530884,0.0007,-2.1295015811920166,270,-2.2174110412597656,-15.438851889999999,0.0,150.0
17408,2,6945,272,0.02999037504196167,1.138504981994629,0.0007,-2.1260604858398438,271,-1.1019749641418457,-15.760388689999997,0.0,150.0
17472,2,6950,273,0.8976123929023743,0.8092559576034546,0.0007,-2.1374316215515137,272,-0.9893940687179565,-15.760388689999997,0.0,150.0
17536,2,6957,274,0.5925246477127075,0.2087298482656479,0.0007,-2.1591289043426514,273,-0.7363810539245605,-15.760388689999997,0.0,150.0
17600,2,6962,275,0.3186929225921631,0.6486875414848328,0.0007,-2.1536917686462402,274,-1.4082608222961426,-15.760388689999997,0.0,150.0
17664,2,6968,276,0.5322134494781494,0.15560442209243774,0.0007,-2.152097225189209,275,-0.021146699786186218,-15.760388689999997,0.0,150.0
17728,2,6974,277,0.35258954763412476,2.1477363109588623,0.0007,-2.1586267948150635,276,2.042078733444214,-15.760388689999997,0.0,150.0
17792,2,6980,278,-0.014930248260498047,2.0169129371643066,0.0007,-2.1587743759155273,277,0.5324203372001648,-15.760388689999997,0.0,150.0
17856,2,6985,279,0.04136395454406738,1.2548800706863403,0.0007,-2.1427364349365234,278,0.03467804193496704,-15.760388689999997,0.0,150.0
17920,2,6991,280,-0.05144023895263672,1.262221336364746,0.0007,-2.1399638652801514,279,0.6142732501029968,-15.760388689999997,0.0,150.0
17984,2,6997,281,-0.02835667133331299,1.441588282585144,0.0007,-2.1344361305236816,280,-0.7209806442260742,-15.760388689999997,0.0,150.0
18048,2,6999,282,0.009704649448394775,1.8240132331848145,0.0007,-2.120605945587158,281,0.4544854760169983,-15.506085169999999,0.0,150.0
18112,2,7004,283,0.9108293652534485,0.2626347541809082,0.0007,-2.1585917472839355,282,-0.1262717992067337,-15.506085169999999,0.0,150.0
18176,2,7010,284,0.7435617446899414,0.22313103079795837,0.0007,-2.158782482147217,283,-0.4252077341079712,-15.506085169999999,0.0,150.0
18240,2,7015,285,0.46054935455322266,0.5274507999420166,0.0007,-2.151043176651001,284,0.47436946630477905,-15.506085169999999,0.0,150.0
18304,2,7020,286,0.36813104152679443,0.8941910266876221,0.0007,-2.1431515216827393,285,0.7841999530792236,-15.506085169999999,0.0,150.0
18368,2,7025,287,-0.06243896484375,1.4649226665496826,0.0007,-2.1508209705352783,286,1.4809099435806274,-15.506085169999999,0.0,150.0
18432,2,7030,288,0.09194272756576538,2.1636178493499756,0.0007,-2.137206554412842,287,-1.755347728729248,-15.506085169999999,0.0,150.0
18496,2,7035,289,-0.058835625648498535,0.44920775294303894,0.0007,-2.137434482574463,288,-1.1301801204681396,-15.506085169999999,0.0,150.0
18560,2,7040,290,-0.011559844017028809,1.1004066467285156,0.0007,-2.1357522010803223,289,-1.168145775794983,-15.506085169999999,0.0,150.0
18624,2,7043,291,-0.01740288734436035,0.8557853102684021,0.0007,-2.139841318130493,290,-1.467205286026001,-15.447458030000002,0.0,150.0
18688,2,7036,292,0.9451130628585815,0.29768669605255127,0.0007,-2.143073081970215,291,-0.2967727482318878,-15.447458030000002,0.0,150.0
18752,2,7042,293,0.3177141547203064,0.18881863355636597,0.0007,-2.1607937812805176,292,0.28777754306793213,-15.447458030000002,0.0,150.0
18816,2,7049,294,-0.8374156951904297,0.52531498670578,0.0007,-2.1611504554748535,293,0.3289659023284912,-15.447458030000002,0.0,150.0
18880,2,7055,295,0.24071663618087769,0.8351271152496338,0.0007,-2.151582956314087,294,0.9130784273147583,-15.447458030000002,0.0,150.0
18944,2,7062,296,0.2866700291633606,0.38001197576522827,0.0007,-2.1539993286132812,295,-0.8741264939308167,-15.447458030000002,0.0,150.0
19008,2,7068,297,0.33492034673690796,0.3005393147468567,0.0007,-2.151094436645508,296,0.2263413369655609,-15.447458030000002,0.0,150.0
19072,2,7073,298,0.07642489671707153,0.3229559361934662,0.0007,-2.1440746784210205,297,-0.32078924775123596,-15.447458030000002,0.0,150.0
19136,2,7077,299,0.013147234916687012,1.4784431457519531,0.0007,-2.1381802558898926,298,-1.920055627822876,-15.447458030000002,0.0,150.0
19200,2,7080,300,0.010154783725738525,2.571178674697876,0.0007,-2.1342220306396484,299,-2.7924437522888184,-15.488704519999997,0.0,150.0
19264,2,7085,301,-0.00035011768341064453,1.3739798069000244,0.0007,-2.1348328590393066,300,-1.955945611000061,-15.488704519999997,0.0,150.0
19328,2,7092,302,0.8440470099449158,0.25684982538223267,0.0007,-2.153278350830078,301,-0.22632087767124176,-15.488704519999997,0.0,150.0
19392,2,7094,303,0.8613142967224121,0.6119270920753479,0.0007,-2.153989315032959,302,-0.41866788268089294,-15.488704519999997,0.0,150.0
19456,2,7089,304,0.9502497911453247,0.19643397629261017,0.0007,-2.138075113296509,303,-0.2396681010723114,-15.488704519999997,0.0,150.0
19520,2,7089,305,0.9243839979171753,0.19555847346782684,0.0007,-2.128652811050415,304,-0.157431498169899,-15.488704519999997,0.0,150.0
19584,2,7089,306,0.8529758453369141,0.3470839560031891,0.0007,-2.1394920349121094,305,-0.03534914553165436,-15.488704519999997,0.0,150.0
19648,2,7092,307,0.6165996789932251,1.8222168684005737,0.0007,-2.115420341491699,306,0.7852267026901245,-15.488704519999997,0.0,150.0
19712,2,7096,308,0.6270495057106018,1.1723531484603882,0.0007,-2.1072518825531006,307,0.49134403467178345,-15.488704519999997,0.0,150.0
19776,2,7095,309,0.3007291555404663,0.7079432010650635,0.0007,-2.1144516468048096,308,-0.5937312841415405,-15.488704519999997,0.0,150.0
19840,2,7093,310,0.4564335346221924,0.8287609219551086,0.0007,-2.1125643253326416,309,-1.479697346687317,-15.59819505,0.0,150.0
19904,2,7089,311,0.9440319538116455,0.35781124234199524,0.0007,-2.127122163772583,310,0.2212265431880951,-15.59819505,0.0,150.0
19968,2,7087,312,0.26531505584716797,0.7242007255554199,0.0007,-2.1313717365264893,311,-0.6246827840805054,-15.59819505,0.0,150.0
20032,2,7087,313,-0.08781182765960693,0.9438245892524719,0.0007,-2.1303913593292236,312,-1.624814748764038,-15.59819505,0.0,150.0
20096,2,7081,314,0.23406505584716797,1.2062010765075684,0.0007,-2.1336169242858887,313,-0.09276068955659866,-15.59819505,0.0,150.0
20160,2,7085,315,-0.0721442699432373,0.5902279615402222,0.0007,-2.1241610050201416,314,-1.2841815948486328,-15.59819505,0.0,150.0
20224,2,7090,316,0.1088104248046875,0.9371092319488525,0.0007,-2.126169443130493,315,0.43337494134902954,-15.59819505,0.0,150.0
20288,2,7094,317,0.07333880662918091,1.9238122701644897,0.0007,-2.124643325805664,316,-1.9013075828552246,-15.59819505,0.0,150.0
20352,2,7099,318,-0.0005251169204711914,2.296381950378418,0.0007,-2.1225743293762207,317,-2.933786392211914,-15.59819505,0.0,150.0
20416,2,7104,319,-0.006337642669677734,1.8715364933013916,0.0007,-2.1211812496185303,318,-2.5955770015716553,-16.17150397,0.0,150.0
20480,2,7110,320,0.965246319770813,0.4363178014755249,0.0007,-2.123344898223877,319,-1.0209444761276245,-16.17150397,0.0,150.0
20544,2,7114,321,0.820425808429718,0.7729350328445435,0.0007,-2.1206820011138916,320,1.468997597694397,-16.17150397,0.0,150.0
20608,2,7119,322,0.9443314075469971,0.13719254732131958,0.0007,-2.1211912631988525,321,-0.4121714234352112,-16.17150397,0.0,150.0
20672,2,7122,323,0.8450638055801392,0.7248876094818115,0.0007,-2.122225522994995,322,0.6346786618232727,-16.17150397,0.0,150.0
20736,2,7123,324,0.8762831091880798,0.9433345794677734,0.0007,-2.124501943588257,323,0.9896225929260254,-16.17150397,0.0,150.0
20800,2,7124,325,0.6237877607345581,2.4642839431762695,0.0007,-2.1200246810913086,324,1.1592259407043457,-16.17150397,0.0,150.0
20864,2,7126,326,0.968104898929596,0.34972691535949707,0.0007,-2.130280017852783,325,-0.8272198438644409,-16.17150397,0.0,150.0
20928,2,7131,327,0.7575702667236328,1.1543622016906738,0.0007,-2.1320722103118896,326,-0.8576397895812988,-16.17150397,0.0,150.0
20992,2,7136,328,0.765363335609436,1.3116812705993652,0.0007,-2.129826784133911,327,-1.824385643005371,-16.17150397,0.0,150.0
21056,2,7135,329,0.7149314880371094,1.3367571830749512,0.0007,-2.1203231811523438,328,-1.6605640649795532,-15.96772135,0.0,150.0
21120,2,7139,330,0.9222704172134399,0.2108338475227356,0.0007,-2.1244969367980957,329,-0.2744804918766022,-15.96772135,0.0,150.0
21184,2,7142,331,0.40179193019866943,1.325965404510498,0.0007,-2.109377384185791,330,0.42427366971969604,-15.96772135,0.0,150.0
21248,2,7146,332,0.771112322807312,0.7596048712730408,0.0007,-2.0893051624298096,331,-1.1755627393722534,-15.96772135,0.0,150.0
21312,2,7150,333,-1.8195712566375732,0.19303959608078003,0.0007,-2.0761771202087402,332,-0.4035962224006653,-15.96772135,0.0,150.0
21376,2,7156,334,0.04744899272918701,0.9209364652633667,0.0007,-2.0796749591827393,333,0.06317885220050812,-15.96772135,0.0,150.0
21440,2,7160,335,0.08745038509368896,0.8123741149902344,0.0007,-2.0894014835357666,334,-0.5185887813568115,-15.96772135,0.0,150.0
21504,3,7165,336,0.01656949520111084,0.8208196759223938,0.0007,-2.105168342590332,335,-1.6786854267120361,-15.96772135,0.0,150.0
21568,3,7168,337,0.022498250007629395,1.3938961029052734,0.0007,-2.1015329360961914,336,-2.1794440746307373,-15.96772135,0.0,150.0
21632,3,7171,338,-0.0034922361373901367,1.3806098699569702,0.0007,-2.1015501022338867,337,-1.9572298526763916,-16.13655555,0.0,150.0
21696,3,7175,339,0.9692773818969727,0.24485304951667786,0.0007,-2.1291401386260986,338,-0.2480083405971527,-16.13655555,0.0,150.0
21760,3,7178,340,0.6975539922714233,0.29445114731788635,0.0007,-2.1406967639923096,339,-0.16893045604228973,-16.13655555,0.0,150.0
21824,3,7178,341,0.33041560649871826,1.2450637817382812,0.0007,-2.129467248916626,340,1.3032581806182861,-16.13655555,0.0,150.0
21888,3,7177,342,0.9126562476158142,0.17793498933315277,0.0007,-2.1244029998779297,341,0.1581777036190033,-16.13655555,0.0,150.0
21952,3,7182,343,0.9334226250648499,0.23670311272144318,0.0007,-2.1430065631866455,342,-0.0400916188955307,-16.13655555,0.0,150.0
22016,3,7186,344,0.4734511375427246,1.9889860153198242,0.0007,-2.1453514099121094,343,-1.0245647430419922,-16.13655555,0.0,150.0
22080,3,7190,345,0.5361455678939819,1.7346670627593994,0.0007,-2.1407546997070312,344,-2.2110118865966797,-16.13655555,0.0,150.0
22144,3,7195,346,0.24439507722854614,1.8694486618041992,0.0007,-2.1295316219329834,345,-0.2673323154449463,-16.13655555,0.0,150.0
22208,3,7198,347,-0.17019009590148926,1.072719931602478,0.0007,-2.128680467605591,346,-0.6956332921981812,-16.198916129999997,0.0,150.0
22272,3,7202,348,0.9344278573989868,0.7255792021751404,0.0007,-2.138557195663452,347,-1.2939023971557617,-16.198916129999997,0.0,150.0
22336,3,7206,349,0.46875059604644775,0.6706056594848633,0.0007,-2.1309728622436523,348,0.4189244508743286,-16.198916129999997,0.0,150.0
22400,3,7211,350,0.6284524202346802,0.5478291511535645,0.0007,-2.1480655670166016,349,0.32557961344718933,-16.198916129999997,0.0,150.0
22464,3,7215,351,0.5472285747528076,2.733427047729492,0.0007,-2.13771915435791,350,0.6924315690994263,-16.198916129999997,0.0,150.0
22528,3,7220,352,0.9139723181724548,0.5269334316253662,0.0007,-2.1432478427886963,351,-0.3159438967704773,-16.198916129999997,0.0,150.0
22592,3,7226,353,0.9266424179077148,0.5023760795593262,0.0007,-2.1402699947357178,352,-0.6950745582580566,-16.198916129999997,0.0,150.0
22656,3,7229,354,0.8987346887588501,1.0359143018722534,0.0007,-2.121702194213867,353,-1.4667452573776245,-16.198916129999997,0.0,150.0
22720,3,7232,355,0.807116687297821,1.6387101411819458,0.0007,-2.118626117706299,354,-2.3721723556518555,-16.198916129999997,0.0,150.0
22784,3,7234,356,0.49239134788513184,2.1790246963500977,0.0007,-2.1219406127929688,355,-2.6122195720672607,-16.198916129999997,0.0,150.0
22848,3,7237,357,0.012201249599456787,1.4538360834121704,0.0007,-2.1210052967071533,356,-1.9251198768615723,-16.446675779999996,0.0,150.0
22912,3,7241,358,0.9807772636413574,0.24076688289642334,0.0007,-2.136335849761963,357,-0.13161048293113708,-16.446675779999996,0.0,150.0
22976,3,7245,359,-0.8541556596755981,2.6524224281311035,0.0007,-2.1274797916412354,358,2.544463872909546,-16.446675779999996,0.0,150.0
23040,3,7247,360,-1.4890496730804443,0.7267932295799255,0.0007,-2.1255404949188232,359,-0.6203640699386597,-16.446675779999996,0.0,150.0
23104,3,7250,361,0.5075711011886597,2.85546612739563,0.0007,-2.1147055625915527,360,-0.8512932062149048,-16.446675779999996,0.0,150.0
23168,3,7252,362,0.6312817931175232,0.7067739367485046,0.0007,-2.1271374225616455,361,-0.5414009094238281,-16.446675779999996,0.0,150.0
23232,3,7255,363,0.3948884606361389,0.7300542593002319,0.0007,-2.1268973350524902,362,-1.043593168258667,-16.446675779999996,0.0,150.0
23296,3,7260,364,-0.20036113262176514,1.0031821727752686,0.0007,-2.130645751953125,363,-1.8592556715011597,-16.446675779999996,0.0,150.0
23360,3,7265,365,0.06790471076965332,0.8859081268310547,0.0007,-2.1280858516693115,364,-1.2578461170196533,-16.446675779999996,0.0,150.0
23424,3,7269,366,0.020960092544555664,1.9815280437469482,0.0007,-2.1296579837799072,365,-2.4406685829162598,-16.493818479999998,0.0,150.0
23488,3,7263,367,0.9667177200317383,0.5379573106765747,0.0007,-2.1384453773498535,366,-0.858496904373169,-16.493818479999998,0.0,150.0
23552,3,7260,368,0.5218985080718994,0.5823066234588623,0.0007,-2.148672580718994,367,-0.03448758274316788,-16.493818479999998,0.0,150.0
23616,3,7257,369,0.7066935896873474,0.6232073903083801,0.0007,-2.1268951892852783,368,0.5188891887664795,-16.493818479999998,0.0,150.0
23680,3,7144,370,-0.08010852336883545,2.159334182739258,0.0007,-2.1293742656707764,369,1.103111743927002,-16.493818479999998,0.0,150.0
23744,3,7126,371,0.5205600261688232,0.8814359903335571,0.0007,-2.133744239807129,370,-0.19881467521190643,-16.493818479999998,0.0,150.0
23808,3,7126,372,0.5717990398406982,0.6356489062309265,0.0007,-2.1323397159576416,371,-0.2030240148305893,-16.493818479999998,0.0,150.0
23872,3,7130,373,0.5727411508560181,0.3350013792514801,0.0007,-2.143554449081421,372,-1.0371980667114258,-16.493818479999998,0.0,150.0
23936,3,7134,374,-0.4775289297103882,0.42751544713974,0.0007,-2.1491358280181885,373,-1.0208220481872559,-16.493818479999998,0.0,150.0
24000,3,7137,375,0.018792331218719482,0.3550686836242676,0.0007,-2.1558785438537598,374,-0.8895304203033447,-16.299590369999997,0.0,150.0
24064,3,7139,376,0.016941964626312256,0.4195193350315094,0.0007,-2.1634440422058105,375,-0.8537759780883789,-16.299590369999997,0.0,150.0
24128,3,7142,377,0.639462947845459,0.7960807085037231,0.0007,-2.1324596405029297,376,0.43647265434265137,-16.299590369999997,0.0,150.0
24192,3,7145,378,0.7958912253379822,0.9129639267921448,0.0007,-2.130561351776123,377,-1.64278244972229,-16.299590369999997,0.0,150.0
24256,3,7150,379,0.5822286605834961,0.6596798300743103,0.0007,-2.135542869567871,378,-1.3863048553466797,-16.299590369999997,0.0,150.0
24320,3,7154,380,0.37552309036254883,2.3722803592681885,0.0007,-2.1362833976745605,379,1.8876774311065674,-16.299590369999997,0.0,150.0
24384,3,7157,381,0.3690412640571594,2.1467831134796143,0.0007,-2.1445791721343994,380,1.3498923778533936,-16.299590369999997,0.0,150.0
24448,3,7161,382,-0.5832606554031372,0.6469799280166626,0.0007,-2.141091823577881,381,-1.1845815181732178,-16.299590369999997,0.0,150.0
24512,3,7164,383,-0.031941890716552734,1.2075743675231934,0.0007,-2.142699956893921,382,-1.1040279865264893,-16.299590369999997,0.0,150.0
24576,3,7168,384,0.03379857540130615,1.8837413787841797,0.0007,-2.1463537216186523,383,-1.4927234649658203,-16.299590369999997,0.0,150.0
24640,3,7172,385,0.0545772910118103,1.4679908752441406,0.0007,-2.1474390029907227,384,-1.7869062423706055,-16.443994229999998,0.0,150.0
24704,3,7177,386,0.9557745456695557,0.7342219352722168,0.0007,-2.144441604614258,385,-1.2448382377624512,-16.443994229999998,0.0,150.0
24768,3,7182,387,0.7646580338478088,0.5254085659980774,0.0007,-2.144758939743042,386,0.412483811378479,-16.443994229999998,0.0,150.0
24832,3,7186,388,0.6798428297042847,0.5186244249343872,0.0007,-2.133039951324463,387,0.5132227540016174,-16.443994229999998,0.0,150.0
24896,3,7190,389,-0.3621917963027954,2.2186412811279297,0.0007,-2.1331844329833984,388,0.7612309455871582,-16.443994229999998,0.0,150.0
24960,3,7195,390,0.8118768334388733,0.2219778597354889,0.0007,-2.1115002632141113,389,-0.09827809780836105,-16.443994229999998,0.0,150.0
25024,3,7186,391,-0.19991350173950195,0.4622271656990051,0.0007,-2.083134651184082,390,-0.9928116202354431,-16.443994229999998,0.0,150.0
25088,3,7189,392,-0.07036292552947998,0.5034727454185486,0.0007,-2.093662738800049,391,-1.2035887241363525,-16.443994229999998,0.0,150.0
25152,3,7193,393,0.03654658794403076,1.0908862352371216,0.0007,-2.103144645690918,392,-1.6794272661209106,-16.443994229999998,0.0,150.0
25216,3,7196,394,0.029505670070648193,0.9204572439193726,0.0007,-2.109236240386963,393,-1.5012789964675903,-16.670863089999997,0.0,150.0
25280,3,7199,395,0.9774481654167175,0.41825857758522034,0.0007,-2.1049158573150635,394,-0.9118168950080872,-16.670863089999997,0.0,150.0
25344,3,7203,396,0.7735592722892761,0.6879212856292725,0.0007,-2.089296817779541,395,-0.9595329165458679,-16.670863089999997,0.0,150.0
25408,3,7207,397,0.8458236455917358,0.6240324974060059,0.0007,-2.0883564949035645,396,0.2863910496234894,-16.670863089999997,0.0,150.0
25472,3,7210,398,0.9267275929450989,0.3510141968727112,0.0007,-2.0800838470458984,397,-0.17044314742088318,-16.670863089999997,0.0,150.0
25536,3,7214,399,0.8404461145401001,1.8625562191009521,0.0007,-2.087392568588257,398,0.4544217586517334,-16.670863089999997,0.0,150.0
25600,3,7218,400,0.9398235082626343,0.49894601106643677,0.0007,-2.0873193740844727,399,-0.8825277090072632,-16.670863089999997,0.0,150.0
25664,3,7222,401,0.877983808517456,0.6887105703353882,0.0007,-2.084033250808716,400,-1.2342476844787598,-16.670863089999997,0.0,150.0
25728,3,7227,402,0.7373532056808472,0.6085929870605469,0.0007,-2.101409435272217,401,-1.2241604328155518,-16.670863089999997,0.0,150.0
25792,3,7231,403,0.4482400417327881,0.5840792655944824,0.0007,-2.120339870452881,402,-1.27081298828125,-16.670863089999997,0.0,150.0
25856,3,7234,404,-0.0954434871673584,0.2741583287715912,0.0007,-2.1195156574249268,403,-0.6216410398483276,-17.00415354,0.0,150.0
25920,3,7237,405,0.976022481918335,0.2507658302783966,0.0007,-2.1122055053710938,404,-0.6920388340950012,-17.00415354,0.0,150.0
25984,3,7240,406,-0.08669912815093994,1.905550479888916,0.0007,-2.1095633506774902,405,0.40438634157180786,-17.00415354,0.0,150.0
26048,3,7242,407,0.499477744102478,0.812587320804596,0.0007,-2.1225810050964355,406,-0.8431895971298218,-17.00415354,0.0,150.0
26112,3,7246,408,0.5688697099685669,0.8705212473869324,0.0007,-2.1322102546691895,407,0.96149080991745,-17.00415354,0.0,150.0
26176,3,7250,409,0.655139684677124,0.6156509518623352,0.0007,-2.137202262878418,408,0.436134397983551,-17.00415354,0.0,150.0
26240,3,7254,410,0.7545791268348694,0.3099140524864197,0.0007,-2.135561943054199,409,-0.6522069573402405,-17.00415354,0.0,150.0
26304,3,7256,411,0.6192675232887268,0.1847122311592102,0.0007,-2.139385223388672,410,-0.07810971885919571,-17.00415354,0.0,150.0
26368,3,7260,412,-0.29452812671661377,0.2913742661476135,0.0007,-2.1395740509033203,411,-0.36210373044013977,-17.00415354,0.0,150.0
26432,3,7263,413,0.02283555269241333,0.289115846157074,0.0007,-2.1468324661254883,412,-0.4092806577682495,-17.14829877,0.0,150.0
26496,3,7266,414,0.9922081828117371,0.11030193418264389,0.0007,-2.1421096324920654,413,-0.02120330184698105,-17.14829877,0.0,150.0
26560,3,7270,415,0.7934019565582275,0.40197792649269104,0.0007,-2.1360299587249756,414,-0.8829500079154968,-17.14829877,0.0,150.0
26624,3,7274,416,0.7947617769241333,0.44315803050994873,0.0007,-2.1430583000183105,415,-0.3941028118133545,-17.14829877,0.0,150.0
26688,3,7279,417,0.8985355496406555,0.12891504168510437,0.0007,-2.1531500816345215,416,0.1720399260520935,-17.14829877,0.0,150.0
26752,3,7283,418,0.5115772485733032,0.2998129725456238,0.0007,-2.1495134830474854,417,0.3969482183456421,-17.14829877,0.0,150.0
26816,3,7287,419,-1.720271110534668,0.37089377641677856,0.0007,-2.1372058391571045,418,-0.21085554361343384,-17.14829877,0.0,150.0
26880,3,7292,420,0.11583435535430908,0.2664015293121338,0.0007,-2.136749744415283,419,-0.548469066619873,-17.14829877,0.0,150.0
26944,3,7296,421,-0.004634261131286621,0.5850834250450134,0.0007,-2.138432502746582,420,-1.0582088232040405,-17.14829877,0.0,150.0
27008,3,7299,422,-0.015502452850341797,1.4497737884521484,0.0007,-2.1437768936157227,421,-2.182868480682373,-17.748920870000003,0.0,150.0
27072,3,7301,423,0.9092639088630676,1.6949771642684937,0.0007,-2.14258074760437,422,-2.134892225265503,-17.748920870000003,0.0,150.0
27136,3,7304,424,0.8208059072494507,0.4276340901851654,0.0007,-2.119596004486084,423,-0.7680405974388123,-17.748920870000003,0.0,150.0
27200,3,7307,425,0.3282109498977661,0.258504718542099,0.0007,-2.121411085128784,424,-0.06655661016702652,-17.748920870000003,0.0,150.0
27264,3,7311,426,0.16091829538345337,0.7529318928718567,0.0007,-2.117976188659668,425,0.46472474932670593,-17.748920870000003,0.0,150.0
27328,3,7314,427,0.3610164523124695,0.3140140771865845,0.0007,-2.123103141784668,426,0.725409746170044,-17.748920870000003,0.0,150.0
27392,3,7317,428,-0.34085774421691895,0.6900691986083984,0.0007,-2.119722366333008,427,0.7861576080322266,-17.748920870000003,0.0,150.0
27456,3,7321,429,-0.21962833404541016,0.1608773022890091,0.0007,-2.12569260597229,428,-0.19287928938865662,-17.748920870000003,0.0,150.0
27520,3,7324,430,-0.01194310188293457,2.460871696472168,0.0007,-2.1465439796447754,429,0.4564037322998047,-17.748920870000003,0.0,150.0
27584,3,7328,431,0.015596151351928711,2.1972484588623047,0.0007,-2.163139581680298,430,1.1417217254638672,-17.748920870000003,0.0,150.0
27648,3,7331,432,-0.005926251411437988,0.5281586050987244,0.0007,-2.16574764251709,431,-1.2647452354431152,-17.68354063,0.0,150.0
27712,3,7335,433,0.9342281222343445,0.34542378783226013,0.0007,-2.159139633178711,432,0.01805264875292778,-17.68354063,0.0,150.0
27776,3,7339,434,0.8027886748313904,0.7443625926971436,0.0007,-2.1604878902435303,433,0.9402394890785217,-17.68354063,0.0,150.0
27840,3,7343,435,-0.15185880661010742,1.7237013578414917,0.0007,-2.1597635746002197,434,0.8804858922958374,-17.68354063,0.0,150.0
27904,3,7347,436,0.5090640783309937,0.7480002045631409,0.0007,-2.1602416038513184,435,-0.947641909122467,-17.68354063,0.0,150.0
27968,3,7351,437,0.3299252390861511,1.432008981704712,0.0007,-2.1579527854919434,436,1.410099744796753,-17.68354063,0.0,150.0
28032,3,7353,438,-0.0768817663192749,2.903137445449829,0.0007,-2.1475679874420166,437,0.7577422857284546,-17.68354063,0.0,150.0
28096,3,7353,439,-0.027063608169555664,0.5242957472801208,0.0007,-2.1433253288269043,438,-0.3228064775466919,-17.68354063,0.0,150.0
28160,3,7356,440,-0.07482516765594482,0.7701330184936523,0.0007,-2.1084859371185303,439,0.5178146958351135,-17.68354063,0.0,150.0
28224,3,7359,441,0.010777652263641357,4.960266590118408,0.0007,-2.113585948944092,440,1.645374059677124,-17.52293717,0.0,150.0
28288,3,7361,442,0.8063877820968628,1.7358555793762207,0.0007,-2.116053581237793,441,0.21776092052459717,-17.52293717,0.0,150.0
28352,3,7365,443,0.6876826286315918,0.2375159114599228,0.0007,-2.1424756050109863,442,-0.43788060545921326,-17.52293717,0.0,150.0
28416,3,7369,444,-0.012947678565979004,1.5419182777404785,0.0007,-2.1428987979888916,443,0.7711973190307617,-17.52293717,0.0,150.0
28480,3,7372,445,0.41364991664886475,2.748412609100342,0.0007,-2.135110378265381,444,2.1705307960510254,-17.52293717,0.0,150.0
28544,3,7375,446,0.38629812002182007,2.391258478164673,0.0007,-2.1326308250427246,445,2.2868716716766357,-17.52293717,0.0,150.0
28608,3,7379,447,0.5265659689903259,3.3423969745635986,0.0007,-2.1329457759857178,446,2.303694725036621,-17.52293717,0.0,150.0
28672,3,7383,448,0.8689655065536499,0.5094982981681824,0.0007,-2.1347033977508545,447,-0.8667478561401367,-17.52293717,0.0,150.0
28736,3,7387,449,0.49953776597976685,0.8990963697433472,0.0007,-2.1330928802490234,448,-0.7707003951072693,-17.52293717,0.0,150.0
28800,3,7390,450,0.150373637676239,1.4149065017700195,0.0007,-2.1340177059173584,449,-0.13808704912662506,-17.26894275,0.0,150.0
28864,3,7394,451,-0.30854618549346924,0.5507494211196899,0.0007,-2.127614736557007,450,-1.3963059186935425,-17.26894275,0.0,150.0
28928,3,7398,452,0.720038115978241,1.0272176265716553,0.0007,-2.109504222869873,451,-1.6748685836791992,-17.26894275,0.0,150.0
28992,3,7402,453,0.641815185546875,1.6519578695297241,0.0007,-2.110569953918457,452,0.926935613155365,-17.26894275,0.0,150.0
29056,3,7406,454,0.9080296754837036,0.5505576133728027,0.0007,-2.107529878616333,453,0.2814353108406067,-17.26894275,0.0,150.0
29120,3,7409,455,0.9305756092071533,0.626610517501831,0.0007,-2.1173501014709473,454,-0.7103395462036133,-17.26894275,0.0,150.0
29184,3,7411,456,0.7800828814506531,0.8893975019454956,0.0007,-2.116973638534546,455,-0.04664790630340576,-17.26894275,0.0,150.0
29248,3,7415,457,0.6847355365753174,0.6800356507301331,0.0007,-2.1216087341308594,456,-0.02448839321732521,-17.26894275,0.0,150.0
29312,3,7418,458,0.4298359751701355,1.6806532144546509,0.0007,-2.1044886112213135,457,-0.09457194805145264,-17.26894275,0.0,150.0
29376,3,7418,459,0.6300009489059448,1.0369949340820312,0.0007,-2.1225333213806152,458,-1.306380033493042,-17.26894275,0.0,150.0
29440,3,7420,460,0.6767098307609558,0.19296301901340485,0.0007,-2.1314523220062256,459,-0.4728190302848816,-17.401649690000003,0.0,150.0
29504,3,7422,461,0.9529430270195007,0.43519383668899536,0.0007,-2.0917892456054688,460,-0.32876330614089966,-17.401649690000003,0.0,150.0
29568,3,7424,462,0.2502650022506714,0.9065808057785034,0.0007,-2.0838258266448975,461,-0.6985280513763428,-17.401649690000003,0.0,150.0
29632,3,7427,463,-0.05754411220550537,0.7022632360458374,0.0007,-2.071415424346924,462,0.8348877429962158,-17.401649690000003,0.0,150.0
29696,3,7430,464,0.1317756175994873,2.7638580799102783,0.0007,-2.0747642517089844,463,2.345831871032715,-17.401649690000003,0.0,150.0
29760,4,7433,465,0.2598811984062195,1.4186795949935913,0.0007,-2.0831642150878906,464,1.5019452571868896,-17.401649690000003,0.0,150.0
29824,4,7437,466,0.2500156760215759,0.23256394267082214,0.0007,-2.0921409130096436,465,-0.2217954397201538,-17.401649690000003,0.0,150.0
29888,4,7440,467,0.09497833251953125,2.6076102256774902,0.0007,-2.100731134414673,466,0.7667384147644043,-17.401649690000003,0.0,150.0
29952,4,7442,468,0.0640137791633606,1.566053867340088,0.0007,-2.108325242996216,467,-2.332749366760254,-17.401649690000003,0.0,150.0
30016,4,7443,469,0.04255223274230957,1.3058743476867676,0.0007,-2.11553955078125,468,-1.7173190116882324,-17.658724709999998,0.0,150.0
30080,4,7443,470,0.9765456318855286,0.3080005645751953,0.0007,-2.10766339302063,469,-0.5910933613777161,-17.658724709999998,0.0,150.0
30144,4,7443,471,0.8221031427383423,0.2474726140499115,0.0007,-2.071805953979492,470,0.19351068139076233,-17.658724709999998,0.0,150.0
30208,4,7443,472,0.6785253286361694,1.5160447359085083,0.0007,-2.079136848449707,471,1.8707748651504517,-17.658724709999998,0.0,150.0
30272,4,7443,473,0.7424969673156738,1.4235429763793945,0.0007,-2.0804595947265625,472,0.2252393364906311,-17.658724709999998,0.0,150.0
30336,4,7445,474,0.9439258575439453,0.33240267634391785,0.0007,-2.0828232765197754,473,-0.30475059151649475,-17.658724709999998,0.0,150.0
30400,4,7447,475,0.9122463464736938,0.6803596019744873,0.0007,-2.0948140621185303,474,-0.2329608052968979,-17.658724709999998,0.0,150.0
30464,4,7449,476,0.8925561308860779,1.3044103384017944,0.0007,-2.0953562259674072,475,-1.547784686088562,-17.658724709999998,0.0,150.0
30528,4,7452,477,0.9188756346702576,0.5156846642494202,0.0007,-2.095571517944336,476,-0.43431591987609863,-17.658724709999998,0.0,150.0
30592,4,7455,478,0.6224769949913025,1.0654969215393066,0.0007,-2.095219612121582,477,0.10600927472114563,-17.658724709999998,0.0,150.0
30656,4,7457,479,0.6294147968292236,1.1402298212051392,0.0007,-2.0991759300231934,478,-1.6229838132858276,-17.778636080000002,0.0,150.0
30720,4,7460,480,0.9387077689170837,0.49553555250167847,0.0007,-2.081207275390625,479,0.14196962118148804,-17.778636080000002,0.0,150.0
30784,4,7464,481,0.9045430421829224,0.5371205806732178,0.0007,-2.075685501098633,480,-0.12749406695365906,-17.778636080000002,0.0,150.0
30848,4,7467,482,0.7747148275375366,2.1313178539276123,0.0007,-2.08660626411438,481,1.1626927852630615,-17.778636080000002,0.0,150.0
30912,4,7470,483,0.7550470232963562,1.4602992534637451,0.0007,-2.087895631790161,482,-0.12759257853031158,-17.778636080000002,0.0,150.0
30976,4,7473,484,0.730437159538269,1.2007437944412231,0.0007,-2.0997374057769775,483,-0.41437506675720215,-17.778636080000002,0.0,150.0
31040,4,7475,485,-3.025784492492676,1.4931261539459229,0.0007,-2.0988094806671143,484,0.7495255470275879,-17.778636080000002,0.0,150.0
31104,4,7477,486,-0.1810084581375122,2.8873636722564697,0.0007,-2.1081862449645996,485,0.9953135848045349,-17.778636080000002,0.0,150.0
31168,4,7480,487,0.16571849584579468,0.8141553997993469,0.0007,-2.1150248050689697,486,-1.3284964561462402,-17.778636080000002,0.0,150.0
31232,4,7483,488,0.15245211124420166,0.7261182069778442,0.0007,-2.1243810653686523,487,-1.1181137561798096,-17.79213671,0.0,150.0
31296,4,7486,489,0.9868742823600769,0.2663296163082123,0.0007,-2.1127877235412598,488,-0.1493140161037445,-17.79213671,0.0,150.0
31360,4,7489,490,0.2942713499069214,1.644881248474121,0.0007,-2.0936532020568848,489,-1.6848863363265991,-17.79213671,0.0,150.0
31424,4,7492,491,0.570244550704956,4.318849563598633,0.0007,-2.103695869445801,490,1.4328407049179077,-17.79213671,0.0,150.0
31488,4,7495,492,0.8252233862876892,2.6708920001983643,0.0007,-2.107257843017578,491,1.2024896144866943,-17.79213671,0.0,150.0
31552,4,7498,493,0.9388507604598999,1.0142982006072998,0.0007,-2.1095099449157715,492,-1.5191489458084106,-17.79213671,0.0,150.0
31616,4,7499,494,-0.28168725967407227,5.0947465896606445,0.0007,-2.1129722595214844,493,2.2425782680511475,-17.79213671,0.0,150.0
31680,4,7502,495,-0.19306576251983643,1.4483534097671509,0.0007,-2.117626428604126,494,-0.8241778612136841,-17.79213671,0.0,150.0
31744,4,7505,496,-0.22813332080841064,0.8813834190368652,0.0007,-2.1341660022735596,495,-1.1837830543518066,-17.79213671,0.0,150.0
31808,4,7508,497,-0.00725245475769043,1.251039743423462,0.0007,-2.144533157348633,496,-1.8283684253692627,-17.886852819999998,0.0,150.0
31872,4,7511,498,0.9518365859985352,0.8912822604179382,0.0007,-2.1455955505371094,497,-1.3062931299209595,-17.886852819999998,0.0,150.0
31936,4,7514,499,0.8478430509567261,0.5318750739097595,0.0007,-2.104098081588745,498,-0.5711490511894226,-17.886852819999998,0.0,150.0
32000,4,7517,500,0.7386140823364258,0.8039489984512329,0.0007,-2.1069934368133545,499,0.21239720284938812,-17.886852819999998,0.0,150.0
32064,4,7520,501,0.5849124789237976,2.1753034591674805,0.0007,-2.13047194480896,500,1.1292285919189453,-17.886852819999998,0.0,150.0
32128,4,7523,502,0.04892212152481079,2.4622087478637695,0.0007,-2.1259894371032715,501,-0.7834910154342651,-17.886852819999998,0.0,150.0
32192,4,7526,503,0.45500051975250244,3.3537535667419434,0.0007,-2.12410044670105,502,1.6056544780731201,-17.886852819999998,0.0,150.0
32256,4,7530,504,0.11922228336334229,2.4624578952789307,0.0007,-2.1203231811523438,503,0.9800161123275757,-17.886852819999998,0.0,150.0
32320,4,7533,505,-0.40027379989624023,3.684946060180664,0.0007,-2.115064859390259,504,0.048309579491615295,-17.886852819999998,0.0,150.0
32384,4,7536,506,0.06382900476455688,1.018406867980957,0.0007,-2.128784656524658,505,-1.7619738578796387,-17.886852819999998,0.0,150.0
32448,4,7539,507,0.01773279905319214,0.9636815786361694,0.0007,-2.124939203262329,506,-1.7978007793426514,-17.7858335,0.0,150.0
32512,4,7543,508,0.9683166146278381,0.35251468420028687,0.0007,-2.1222071647644043,507,-0.0871947631239891,-17.7858335,0.0,150.0
32576,4,7545,509,0.8100825548171997,0.39869892597198486,0.0007,-2.1066880226135254,508,-0.7851400375366211,-17.7858335,0.0,150.0
32640,4,7548,510,0.8390506505966187,0.3308609127998352,0.0007,-2.1039302349090576,509,0.10113013535737991,-17.7858335,0.0,150.0
32704,4,7551,511,0.45369672775268555,2.9552323818206787,0.0007,-2.1003875732421875,510,1.4954640865325928,-17.7858335,0.0,150.0
32768,4,7552,512,0.863265872001648,1.087215542793274,0.0007,-2.106912136077881,511,1.1378086805343628,-17.7858335,0.0,150.0
32832,4,7555,513,0.9307523965835571,0.2594740688800812,0.0007,-2.1170945167541504,512,-0.44625598192214966,-17.7858335,0.0,150.0
32896,4,7558,514,-0.1320568323135376,2.1801950931549072,0.0007,-2.114138603210449,513,0.02608734369277954,-17.7858335,0.0,150.0
32960,4,7561,515,0.7531325817108154,0.14191490411758423,0.0007,-2.1095075607299805,514,-0.15767216682434082,-17.7858335,0.0,150.0
33024,4,7563,516,0.5534749031066895,0.4274325668811798,0.0007,-2.127810001373291,515,-1.0751752853393555,-17.78115012,0.0,150.0
33088,4,7565,517,0.9896429777145386,0.20129917562007904,0.0007,-2.1278932094573975,516,-0.5947931408882141,-17.78115012,0.0,150.0
33152,4,7568,518,0.7847486734390259,0.742745041847229,0.0007,-2.1227729320526123,517,-0.5495102405548096,-17.78115012,0.0,150.0
33216,4,7571,519,0.47370123863220215,1.297329068183899,0.0007,-2.112788438796997,518,0.7120320200920105,-17.78115012,0.0,150.0
33280,4,7574,520,0.8920398950576782,0.1690252125263214,0.0007,-2.1008095741271973,519,-0.21328029036521912,-17.78115012,0.0,150.0
33344,4,7577,521,0.6188117265701294,1.118236780166626,0.0007,-2.10172438621521,520,-0.49058306217193604,-17.78115012,0.0,150.0
33408,4,7580,522,0.26636195182800293,1.4702420234680176,0.0007,-2.1254563331604004,521,1.0005919933319092,-17.78115012,0.0,150.0
33472,4,7583,523,0.24842941761016846,0.33513009548187256,0.0007,-2.128338575363159,522,0.5911726951599121,-17.78115012,0.0,150.0
33536,4,7586,524,-0.08996057510375977,0.6078336834907532,0.0007,-2.1354501247406006,523,-0.35825952887535095,-17.78115012,0.0,150.0
33600,4,7589,525,-0.01282191276550293,0.5468959808349609,0.0007,-2.127274513244629,524,0.6614165306091309,-17.699512820000002,0.0,150.0
33664,4,7592,526,-0.007023811340332031,0.9379228353500366,0.0007,-2.146597385406494,525,-0.9892410635948181,-17.699512820000002,0.0,150.0
33728,4,7595,527,0.6549372673034668,1.111215591430664,0.0007,-2.0997366905212402,526,1.3016811609268188,-17.699512820000002,0.0,150.0
33792,4,7598,528,0.633242666721344,0.7071293592453003,0.0007,-2.1004817485809326,527,0.6013045907020569,-17.699512820000002,0.0,150.0
33856,4,7601,529,0.5077032446861267,0.8093085289001465,0.0007,-2.1091270446777344,528,-1.2573734521865845,-17.699512820000002,0.0,150.0
33920,4,7604,530,-0.025014400482177734,0.5993225574493408,0.0007,-2.1123340129852295,529,-0.6322487592697144,-17.699512820000002,0.0,150.0
33984,4,7606,531,0.145050048828125,0.4197317659854889,0.0007,-2.1101036071777344,530,-0.41730594635009766,-17.699512820000002,0.0,150.0
34048,4,7609,532,0.5258868932723999,0.22719499468803406,0.0007,-2.104093551635742,531,-0.13173075020313263,-17.699512820000002,0.0,150.0
34112,4,7612,533,0.672585129737854,0.11715607345104218,0.0007,-2.1107122898101807,532,-0.2946298122406006,-17.699512820000002,0.0,150.0
34176,4,7614,534,0.17932718992233276,0.2746754586696625,0.0007,-2.1105947494506836,533,-0.33109015226364136,-17.699512820000002,0.0,150.0
34240,4,7615,535,0.03099513053894043,0.5650928020477295,0.0007,-2.119980573654175,534,-1.168850302696228,-17.6061115,0.0,150.0
34304,4,7617,536,0.9767808318138123,0.3182368278503418,0.0007,-2.09844970703125,535,-0.009334079921245575,-17.6061115,0.0,150.0
34368,4,7619,537,0.3981262445449829,1.604682207107544,0.0007,-2.0896615982055664,536,1.2536823749542236,-17.6061115,0.0,150.0
34432,4,7622,538,0.8138337135314941,1.6242163181304932,0.0007,-2.09230375289917,537,-0.6248087882995605,-17.6061115,0.0,150.0
34496,4,7624,539,0.8502652645111084,2.2502784729003906,0.0007,-2.0923867225646973,538,1.2430206537246704,-17.6061115,0.0,150.0
34560,4,7627,540,0.7938250303268433,1.6442444324493408,0.0007,-2.0911920070648193,539,-1.3900198936462402,-17.6061115,0.0,150.0
34624,4,7629,541,0.7896301746368408,0.7648525238037109,0.0007,-2.0965468883514404,540,-0.8503152132034302,-17.6061115,0.0,150.0
34688,4,7632,542,0.7983315587043762,0.386304646730423,0.0007,-2.108569860458374,541,-0.8952386975288391,-17.6061115,0.0,150.0
34752,4,7635,543,0.43255865573883057,1.0860569477081299,0.0007,-2.128438949584961,542,0.0978456437587738,-17.6061115,0.0,150.0
34816,4,7638,544,0.47997498512268066,0.43281129002571106,0.0007,-2.137235403060913,543,-0.5733435153961182,-17.65646296,0.0,150.0
34880,4,7640,545,0.98772132396698,0.4740073084831238,0.0007,-2.131484031677246,544,-1.0558419227600098,-17.65646296,0.0,150.0
34944,4,7642,546,0.8584555387496948,0.5796724557876587,0.0007,-2.0998921394348145,545,-1.236945390701294,-17.65646296,0.0,150.0
35008,4,7645,547,0.7585309147834778,0.5528571605682373,0.0007,-2.0975165367126465,546,-0.1623082011938095,-17.65646296,0.0,150.0
35072,4,7647,548,0.8659799098968506,0.5695819854736328,0.0007,-2.090439796447754,547,0.5349798798561096,-17.65646296,0.0,150.0
35136,4,7648,549,0.9296425580978394,0.42139875888824463,0.0007,-2.1074767112731934,548,0.29275983572006226,-17.65646296,0.0,150.0
35200,4,7650,550,0.8173263669013977,1.728646993637085,0.0007,-2.109551191329956,549,1.044158935546875,-17.65646296,0.0,150.0
35264,4,7652,551,0.8894137144088745,1.1412405967712402,0.0007,-2.115945816040039,550,0.0745030865073204,-17.65646296,0.0,150.0
35328,4,7654,552,0.9003045558929443,0.8383151292800903,0.0007,-2.1184980869293213,551,0.00045493990182876587,-17.65646296,0.0,150.0
35392,4,7656,553,0.6385364532470703,3.234999656677246,0.0007,-2.115176200866699,552,0.5891949534416199,-17.65646296,0.0,150.0
35456,4,7658,554,0.9092124104499817,0.37786969542503357,0.0007,-2.1193695068359375,553,-0.8146752715110779,-17.18268298,0.0,150.0
35520,4,7660,555,0.9392889738082886,0.9532632827758789,0.0007,-2.093269109725952,554,-0.8664032220840454,-17.18268298,0.0,150.0
35584,4,7662,556,0.8049827814102173,2.347790002822876,0.0007,-2.097914457321167,555,1.243239402770996,-17.18268298,0.0,150.0
35648,4,7664,557,0.9022819995880127,2.099569320678711,0.0007,-2.1085662841796875,556,-1.007743000984192,-17.18268298,0.0,150.0
35712,4,7667,558,0.9874611496925354,0.16639675199985504,0.0007,-2.124990940093994,557,-0.1123974621295929,-17.18268298,0.0,150.0
35776,4,7670,559,0.7625524997711182,2.062204599380493,0.0007,-2.1317801475524902,558,-0.6978582143783569,-17.18268298,0.0,150.0
35840,4,7673,560,-0.10534894466400146,1.3246750831604004,0.0007,-2.13114333152771,559,-0.9768421649932861,-17.18268298,0.0,150.0
35904,4,7675,561,0.551933765411377,0.3703611493110657,0.0007,-2.138117790222168,560,-0.24089829623699188,-17.18268298,0.0,150.0
35968,4,7678,562,0.20007169246673584,5.160755157470703,0.0007,-2.148980140686035,561,1.5785188674926758,-17.18268298,0.0,150.0
36032,4,7680,563,0.41621339321136475,0.5447641611099243,0.0007,-2.158672571182251,562,-0.1839962899684906,-17.21789538,0.0,150.0
36096,4,7683,564,0.9892425537109375,0.25444841384887695,0.0007,-2.1247572898864746,563,-0.05186925828456879,-17.21789538,0.0,150.0
36160,4,7686,565,0.4488447308540344,3.078747272491455,0.0007,-2.11380672454834,564,1.5785882472991943,-17.21789538,0.0,150.0
36224,4,7689,566,0.850058913230896,1.3824963569641113,0.0007,-2.1252033710479736,565,-0.11913163214921951,-17.21789538,0.0,150.0
36288,4,7691,567,0.9703124165534973,0.4618791341781616,0.0007,-2.135498046875,566,-0.5228685140609741,-17.21789538,0.0,150.0
36352,4,7694,568,0.9752646684646606,0.6314337849617004,0.0007,-2.139415979385376,567,1.3872804641723633,-17.21789538,0.0,150.0
36416,4,7696,569,0.9281785488128662,1.1635522842407227,0.0007,-2.1469407081604004,568,1.4441871643066406,-17.21789538,0.0,150.0
36480,4,7698,570,0.7232438921928406,2.7635059356689453,0.0007,-2.144984006881714,569,0.42601969838142395,-17.21789538,0.0,150.0
36544,4,7701,571,-0.033829331398010254,2.743586778640747,0.0007,-2.139435052871704,570,-1.3135414123535156,-17.21789538,0.0,150.0
36608,4,7702,572,0.429878830909729,1.0081881284713745,0.0007,-2.145214796066284,571,-1.7638118267059326,-16.81718141,0.0,150.0
36672,4,7705,573,0.9552446603775024,1.3329941034317017,0.0007,-2.1307601928710938,572,-1.990244746208191,-16.81718141,0.0,150.0
36736,4,7707,574,0.6555763483047485,1.71085786819458,0.0007,-2.1008825302124023,573,-1.1242800951004028,-16.81718141,0.0,150.0
36800,4,7710,575,0.7185022830963135,1.311002254486084,0.0007,-2.083815574645996,574,1.4491231441497803,-16.81718141,0.0,150.0
36864,4,7713,576,0.2901504635810852,4.658293724060059,0.0007,-2.086043357849121,575,2.0546252727508545,-16.81718141,0.0,150.0
36928,4,7715,577,0.10835736989974976,1.6119563579559326,0.0007,-2.0931739807128906,576,-1.131537675857544,-16.81718141,0.0,150.0
36992,4,7718,578,0.682502031326294,0.960103452205658,0.0007,-2.0852346420288086,577,0.4993497133255005,-16.81718141,0.0,150.0
37056,4,7721,579,0.7748827934265137,0.8196431994438171,0.0007,-2.0855278968811035,578,0.6738055348396301,-16.81718141,0.0,150.0
37120,4,7724,580,0.9097179174423218,0.3471195697784424,0.0007,-2.0886456966400146,579,-0.6155984401702881,-16.81718141,0.0,150.0
37184,4,7727,581,0.8035315275192261,0.506171703338623,0.0007,-2.077732563018799,580,0.06025226414203644,-16.81718141,0.0,150.0
37248,4,7728,582,0.9428867101669312,0.6169136166572571,0.0007,-2.086799383163452,581,-1.4993011951446533,-16.55753796,0.0,150.0
37312,4,7730,583,0.9649973511695862,1.299999713897705,0.0007,-2.109616279602051,582,-2.00875186920166,-16.55753796,0.0,150.0
37376,4,7732,584,-6.045539855957031,2.1920742988586426,0.0007,-2.1112418174743652,583,-2.3204128742218018,-16.55753796,0.0,150.0
37440,4,7734,585,-0.010823369026184082,0.9844744205474854,0.0007,-2.095242500305176,584,0.10611307621002197,-16.55753796,0.0,150.0
37504,4,7737,586,-0.01656317710876465,0.5520610809326172,0.0007,-2.0977745056152344,585,0.30547192692756653,-16.55753796,0.0,150.0
37568,4,7738,587,-0.16805005073547363,1.591485619544983,0.0007,-2.0950381755828857,586,1.2096080780029297,-16.55753796,0.0,150.0
37632,4,7741,588,-0.051314473152160645,0.7228838801383972,0.0007,-2.0942461490631104,587,0.30733630061149597,-16.55753796,0.0,150.0
37696,4,7744,589,0.028402507305145264,0.5810977220535278,0.0007,-2.0962092876434326,588,-1.2005314826965332,-16.55753796,0.0,150.0
37760,4,7745,590,0.016379475593566895,0.9148688316345215,0.0007,-2.102285861968994,589,-1.1425020694732666,-16.55753796,0.0,150.0
37824,4,7747,591,0.010522305965423584,1.2017914056777954,0.0007,-2.1087660789489746,590,-1.9841394424438477,-16.66701956,0.0,150.0
37888,4,7750,592,0.9885936379432678,0.3701847493648529,0.0007,-2.1074061393737793,591,-0.848085880279541,-16.66701956,0.0,150.0
37952,4,7752,593,0.8520296812057495,0.5736215114593506,0.0007,-2.1087355613708496,592,-0.7926911115646362,-16.66701956,0.0,150.0
38016,4,7754,594,0.8806626200675964,0.7205828428268433,0.0007,-2.110079526901245,593,1.1625094413757324,-16.66701956,0.0,150.0
38080,4,7757,595,0.8765614628791809,0.8910639882087708,0.0007,-2.1142563819885254,594,-0.6763883233070374,-16.66701956,0.0,150.0
38144,4,7759,596,0.7821438908576965,1.1774308681488037,0.0007,-2.1216015815734863,595,1.3354692459106445,-16.66701956,0.0,150.0
38208,4,7761,597,0.7726638317108154,4.011487007141113,0.0007,-2.130915403366089,596,2.24703311920166,-16.66701956,0.0,150.0
38272,4,7763,598,0.934740424156189,0.3299404978752136,0.0007,-2.1283724308013916,597,-0.04829872399568558,-16.66701956,0.0,150.0
38336,4,7765,599,0.8330792784690857,0.7281894087791443,0.0007,-2.0863685607910156,598,0.8098440170288086,-16.66701956,0.0,150.0
38400,4,7766,600,0.8083149790763855,0.5114489793777466,0.0007,-2.084752082824707,599,-0.6106773614883423,-16.451821730000002,0.0,150.0
38464,4,7768,601,0.8310434818267822,0.2373623102903366,0.0007,-2.0755667686462402,600,-0.5956498384475708,-16.451821730000002,0.0,150.0
38528,4,7770,602,0.6755489110946655,0.53684401512146,0.0007,-2.088794231414795,601,-1.079404592514038,-16.451821730000002,0.0,150.0
38592,4,7771,603,0.533988356590271,0.9044807553291321,0.0007,-2.0930895805358887,602,0.5957643985748291,-16.451821730000002,0.0,150.0
38656,4,7774,604,0.1823253631591797,1.7489986419677734,0.0007,-2.0910420417785645,603,0.6714742183685303,-16.451821730000002,0.0,150.0
38720,4,7775,605,-0.2752751111984253,2.7182087898254395,0.0007,-2.068260669708252,604,1.9344196319580078,-16.451821730000002,0.0,150.0
38784,4,7778,606,0.08905673027038574,1.9458487033843994,0.0007,-2.0763890743255615,605,-0.129680335521698,-16.451821730000002,0.0,150.0
38848,4,7780,607,0.6309124231338501,0.37542396783828735,0.0007,-2.0829596519470215,606,0.09248396009206772,-16.451821730000002,0.0,150.0
38912,4,7782,608,0.8795884251594543,0.11851616203784943,0.0007,-2.114818572998047,607,0.27995413541793823,-16.451821730000002,0.0,150.0
38976,5,7784,609,0.8338105082511902,0.2984277009963989,0.0007,-2.131354331970215,608,-0.8448096513748169,-16.451821730000002,0.0,150.0
39040,5,7786,610,0.3772377371788025,0.6612645387649536,0.0007,-2.1310248374938965,609,-1.2138793468475342,-16.42447198,0.0,150.0
39104,5,7788,611,0.9902827143669128,0.2993948459625244,0.0007,-2.136408805847168,610,-0.09393515437841415,-16.42447198,0.0,150.0
39168,5,7791,612,0.4208003878593445,2.0076987743377686,0.0007,-2.1287286281585693,611,-2.1286988258361816,-16.42447198,0.0,150.0
39232,5,7793,613,0.8855980038642883,0.9585362672805786,0.0007,-2.1341331005096436,612,-1.6457533836364746,-16.42447198,0.0,150.0
39296,5,7795,614,0.28240907192230225,0.7041417360305786,0.0007,-2.1426172256469727,613,-0.9211090803146362,-16.42447198,0.0,150.0
39360,5,7796,615,0.24316424131393433,0.4020240306854248,0.0007,-2.137214183807373,614,0.38733333349227905,-16.42447198,0.0,150.0
39424,5,7799,616,0.019631505012512207,1.5160565376281738,0.0007,-2.1427574157714844,615,1.8581295013427734,-16.42447198,0.0,150.0
39488,5,7802,617,-0.16987133026123047,4.520620822906494,0.0007,-2.1350154876708984,616,3.1243700981140137,-16.42447198,0.0,150.0
39552,5,7804,618,0.3214142322540283,1.5415762662887573,0.0007,-2.1344923973083496,617,1.3188507556915283,-16.42447198,0.0,150.0
39616,5,7806,619,0.4654015302658081,0.2675366699695587,0.0007,-2.1371264457702637,618,0.5453389883041382,-16.099148539999998,0.0,150.0
39680,5,7808,620,0.9858295321464539,0.23113223910331726,0.0007,-2.130075454711914,619,-0.2888003885746002,-16.099148539999998,0.0,150.0
39744,5,7810,621,0.7635668516159058,0.3611537218093872,0.0007,-2.126598358154297,620,-0.24818845093250275,-16.099148539999998,0.0,150.0
39808,5,7812,622,0.5098667144775391,0.49399256706237793,0.0007,-2.1086161136627197,621,0.2896549105644226,-16.099148539999998,0.0,150.0
39872,5,7814,623,0.25922203063964844,0.9020521640777588,0.0007,-2.099843978881836,622,0.983225405216217,-16.099148539999998,0.0,150.0
39936,5,7816,624,0.13825052976608276,2.313108205795288,0.0007,-2.1078460216522217,623,1.331619381904602,-16.099148539999998,0.0,150.0
40000,5,7818,625,0.782849907875061,0.15422695875167847,0.0007,-2.114062547683716,624,0.2438269555568695,-16.099148539999998,0.0,150.0
40064,5,7821,626,-0.07571113109588623,0.7227786779403687,0.0007,-2.133784294128418,625,0.36259132623672485,-16.099148539999998,0.0,150.0
40128,5,7823,627,0.30356377363204956,1.1349986791610718,0.0007,-2.1435799598693848,626,0.6983986496925354,-16.099148539999998,0.0,150.0
40192,5,7826,628,0.1530754566192627,0.7999728322029114,0.0007,-2.1297123432159424,627,-0.8035421967506409,-16.099148539999998,0.0,150.0
40256,5,7828,629,-0.09348118305206299,0.5642881393432617,0.0007,-2.1316215991973877,628,-0.5557019114494324,-15.72962706,0.0,150.0
40320,5,7830,630,0.965770423412323,0.3897079825401306,0.0007,-2.101663827896118,629,-0.1621912121772766,-15.72962706,0.0,150.0
40384,5,7831,631,0.8766703009605408,1.4956181049346924,0.0007,-2.059485912322998,630,-0.10155171155929565,-15.72962706,0.0,150.0
40448,5,7833,632,0.5875382423400879,4.035645961761475,0.0007,-2.0607028007507324,631,1.7631478309631348,-15.72962706,0.0,150.0
40512,5,7835,633,0.9317916631698608,1.321425437927246,0.0007,-2.057929515838623,632,-0.8665375709533691,-15.72962706,0.0,150.0
40576,5,7836,634,0.708791196346283,3.311962127685547,0.0007,-2.0575006008148193,633,-1.294975757598877,-15.72962706,0.0,150.0
40640,5,7837,635,0.6180659532546997,2.153515100479126,0.0007,-2.0803353786468506,634,-2.051839828491211,-15.72962706,0.0,150.0
40704,5,7839,636,-0.7699520587921143,2.1201014518737793,0.0007,-2.0950400829315186,635,-2.3883180618286133,-15.72962706,0.0,150.0
40768,5,7840,637,-1.0204424858093262,1.0374386310577393,0.0007,-2.102285861968994,636,-1.757306456565857,-15.72962706,0.0,150.0
40832,5,7841,638,-0.04635965824127197,0.6772955060005188,0.0007,-2.105228900909424,637,-1.4610856771469116,-15.733952219999999,0.0,150.0
40896,5,7842,639,0.9941787719726562,0.19558623433113098,0.0007,-2.0883049964904785,638,-0.5019757151603699,-15.733952219999999,0.0,150.0
40960,5,7843,640,0.6456687450408936,0.621475338935852,0.0007,-2.0540971755981445,639,0.27714115381240845,-15.733952219999999,0.0,150.0
41024,5,7844,641,0.7851415872573853,0.9349119663238525,0.0007,-2.047309398651123,640,0.005590200424194336,-15.733952219999999,0.0,150.0
41088,5,7846,642,0.8766138553619385,1.202824592590332,0.0007,-2.0482959747314453,641,-1.5866968631744385,-15.733952219999999,0.0,150.0
41152,5,7847,643,0.8640163540840149,0.5891342759132385,0.0007,-2.0638620853424072,642,-0.7065915465354919,-15.733952219999999,0.0,150.0
41216,5,7849,644,0.7938385009765625,0.3738340139389038,0.0007,-2.087055206298828,643,-0.7800191640853882,-15.733952219999999,0.0,150.0
41280,5,7851,645,0.007358431816101074,3.999992847442627,0.0007,-2.0931339263916016,644,0.9856759905815125,-15.733952219999999,0.0,150.0
41344,5,7853,646,0.4651758670806885,0.30880460143089294,0.0007,-2.102982759475708,645,-0.8354916572570801,-15.733952219999999,0.0,150.0
41408,5,7854,647,-0.13506090641021729,0.33275941014289856,0.0007,-2.112229824066162,646,-0.9940088987350464,-15.821597319999999,0.0,150.0
41472,5,7856,648,0.9827471375465393,0.3591243028640747,0.0007,-2.101797103881836,647,-0.8323473930358887,-15.821597319999999,0.0,150.0
41536,5,7859,649,0.21859055757522583,0.32546767592430115,0.0007,-2.053921699523926,648,-0.23026537895202637,-15.821597319999999,0.0,150.0
41600,5,7861,650,0.6449078321456909,0.6958142518997192,0.0007,-2.0418286323547363,649,-0.009142406284809113,-15.821597319999999,0.0,150.0
41664,5,7863,651,0.8282219171524048,1.2530186176300049,0.0007,-2.035198211669922,650,0.7406304478645325,-15.821597319999999,0.0,150.0
41728,5,7865,652,0.8221766352653503,1.4798369407653809,0.0007,-2.037271738052368,651,0.5339030027389526,-15.821597319999999,0.0,150.0
41792,5,7868,653,0.7503106594085693,2.2542190551757812,0.0007,-2.0283708572387695,652,1.9358395338058472,-15.821597319999999,0.0,150.0
41856,5,7869,654,0.876422107219696,2.625424861907959,0.0007,-2.044706106185913,653,0.7737022638320923,-15.821597319999999,0.0,150.0
41920,5,7872,655,0.9866986870765686,0.6636133193969727,0.0007,-2.0377416610717773,654,-1.4450464248657227,-15.821597319999999,0.0,150.0
41984,5,7874,656,0.963261604309082,0.6805897355079651,0.0007,-2.034780740737915,655,-1.1563069820404053,-15.821597319999999,0.0,150.0
42048,5,7876,657,0.9029331207275391,0.6966306567192078,0.0007,-2.049344539642334,656,-1.1096274852752686,-15.33403437,0.0,150.0
42112,5,7878,658,0.9817023277282715,0.35723334550857544,0.0007,-2.051429033279419,657,-0.4802948832511902,-15.33403437,0.0,150.0
42176,5,7880,659,0.8071445226669312,0.5931223630905151,0.0007,-2.05132794380188,658,0.4650132656097412,-15.33403437,0.0,150.0
42240,5,7882,660,0.9007782936096191,0.6115885972976685,0.0007,-2.0524375438690186,659,-0.22128155827522278,-15.33403437,0.0,150.0
42304,5,7884,661,0.6531280279159546,1.5128591060638428,0.0007,-2.078627824783325,660,-0.08778443932533264,-15.33403437,0.0,150.0
42368,5,7887,662,0.11331486701965332,2.3924803733825684,0.0007,-2.0683846473693848,661,1.5120723247528076,-15.33403437,0.0,150.0
42432,5,7888,663,0.5873744487762451,0.7510104775428772,0.0007,-2.1101930141448975,662,-0.05085355043411255,-15.33403437,0.0,150.0
42496,5,7889,664,0.6483845710754395,0.6761170029640198,0.0007,-2.1247429847717285,663,-0.18372118473052979,-15.33403437,0.0,150.0
42560,5,7891,665,0.7977604866027832,0.4913597106933594,0.0007,-2.139580249786377,664,-0.991236686706543,-15.33403437,0.0,150.0
42624,5,7891,666,0.7752294540405273,0.20091918110847473,0.0007,-2.146026372909546,665,-0.1566183716058731,-15.144799330000001,0.0,150.0
42688,5,7893,667,0.9919286966323853,0.2547164559364319,0.0007,-2.128828763961792,666,-0.581209659576416,-15.144799330000001,0.0,150.0
42752,5,7894,668,-0.24899232387542725,4.0012664794921875,0.0007,-2.0896339416503906,667,1.8963608741760254,-15.144799330000001,0.0,150.0
42816,5,7895,669,0.8325106501579285,0.46741560101509094,0.0007,-2.087752342224121,668,0.3665347695350647,-15.144799330000001,0.0,150.0
42880,5,7897,670,0.9367052316665649,0.38151228427886963,0.0007,-2.1027932167053223,669,-0.8013806343078613,-15.144799330000001,0.0,150.0
42944,5,7899,671,0.7187666893005371,2.205544948577881,0.0007,-2.102146625518799,670,0.3433152437210083,-15.144799330000001,0.0,150.0
43008,5,7901,672,0.9433737397193909,0.7900696992874146,0.0007,-2.102975368499756,671,-1.3271993398666382,-15.144799330000001,0.0,150.0
43072,5,7903,673,0.9004620909690857,0.5729467868804932,0.0007,-2.1005938053131104,672,-1.1179542541503906,-15.144799330000001,0.0,150.0
43136,5,7905,674,0.16258007287979126,0.3454771637916565,0.0007,-2.096733570098877,673,-0.585498571395874,-15.144799330000001,0.0,150.0
43200,5,7903,675,0.5203347206115723,0.5938205718994141,0.0007,-2.1107845306396484,674,-1.4699947834014893,-15.21834548,0.0,150.0
43264,5,7905,676,0.44502609968185425,0.263430118560791,0.0007,-2.113028049468994,675,-0.8844038248062134,-15.21834548,0.0,150.0
43328,5,7907,677,0.43828725814819336,0.4023111164569855,0.0007,-2.1047792434692383,676,-0.20445877313613892,-15.21834548,0.0,150.0
43392,5,7907,678,-1.4932963848114014,1.5130950212478638,0.0007,-2.1191823482513428,677,1.2321994304656982,-15.21834548,0.0,150.0
43456,5,7907,679,0.46001654863357544,1.3006207942962646,0.0007,-2.126065969467163,678,0.3953787088394165,-15.21834548,0.0,150.0
43520,5,7909,680,-0.028429865837097168,2.3133325576782227,0.0007,-2.1319007873535156,679,1.202406644821167,-15.21834548,0.0,150.0
43584,5,7911,681,0.6754409670829773,5.81635856628418,0.0007,-2.136910915374756,680,2.830944299697876,-15.21834548,0.0,150.0
43648,5,7912,682,0.9252439141273499,0.6478540301322937,0.0007,-2.1411657333374023,681,-0.7985971570014954,-15.21834548,0.0,150.0
43712,5,7913,683,0.42348551750183105,1.7587357759475708,0.0007,-2.146548271179199,682,-1.7869608402252197,-15.21834548,0.0,150.0
43776,5,7915,684,0.693220853805542,0.21630914509296417,0.0007,-2.1482203006744385,683,-0.7169318199157715,-15.21834548,0.0,150.0
43840,5,7916,685,0.38261526823043823,0.3150246739387512,0.0007,-2.1508684158325195,684,-1.000791311264038,-15.382078759999999,0.0,150.0
43904,5,7917,686,0.9914798736572266,0.2398991882801056,0.0007,-2.1169841289520264,685,-0.25907278060913086,-15.382078759999999,0.0,150.0
43968,5,7919,687,0.825973391532898,1.7446506023406982,0.0007,-2.099534034729004,686,-0.8805623054504395,-15.382078759999999,0.0,150.0
44032,5,7921,688,0.9544333815574646,0.6638609170913696,0.0007,-2.111292839050293,687,-0.6887344717979431,-15.382078759999999,0.0,150.0
44096,5,7923,689,0.7181524038314819,5.869778633117676,0.0007,-2.105449676513672,688,3.133847951889038,-15.382078759999999,0.0,150.0
44160,5,7925,690,0.7091345191001892,1.806919813156128,0.0007,-2.110658645629883,689,-1.7404847145080566,-15.382078759999999,0.0,150.0
44224,5,7927,691,-1.7246239185333252,2.6094841957092285,0.0007,-2.1158926486968994,690,2.1227073669433594,-15.382078759999999,0.0,150.0
44288,5,7929,692,0.4134644865989685,3.1036767959594727,0.0007,-2.132417917251587,691,1.6361579895019531,-15.382078759999999,0.0,150.0
44352,5,7931,693,0.47098660469055176,3.6528563499450684,0.0007,-2.1358370780944824,692,2.410393238067627,-15.382078759999999,0.0,150.0
44416,5,7933,694,-0.86876380443573,0.4137479066848755,0.0007,-2.1356263160705566,693,-0.25142738223075867,-15.168375220000003,0.0,150.0
44480,5,7934,695,0.9649806022644043,0.4437974691390991,0.0007,-2.1387362480163574,694,0.17266227304935455,-15.168375220000003,0.0,150.0
44544,5,7935,696,0.4955597519874573,1.1537294387817383,0.0007,-2.147585391998291,695,-0.016677159816026688,-15.168375220000003,0.0,150.0
44608,5,7936,697,0.8773322701454163,0.6014217138290405,0.0007,-2.145878553390503,696,0.13973118364810944,-15.168375220000003,0.0,150.0
44672,5,7937,698,0.8329818844795227,1.1772630214691162,0.0007,-2.1366844177246094,697,1.1030752658843994,-15.168375220000003,0.0,150.0
44736,5,7939,699,0.7550972700119019,1.3483954668045044,0.0007,-2.1518640518188477,698,-1.2480590343475342,-15.168375220000003,0.0,150.0
44800,5,7941,700,0.6748232841491699,0.9034408330917358,0.0007,-2.1529321670532227,699,1.1587330102920532,-15.168375220000003,0.0,150.0
44864,5,7943,701,0.5693576335906982,3.502483367919922,0.0007,-2.1575450897216797,700,2.0307774543762207,-15.168375220000003,0.0,150.0
44928,5,7944,702,0.6486241221427917,3.054589033126831,0.0007,-2.1579549312591553,701,2.672981023788452,-15.168375220000003,0.0,150.0
44992,5,7946,703,0.44975805282592773,0.6505483388900757,0.0007,-2.147289752960205,702,-0.3826925456523895,-15.168375220000003,0.0,150.0
45056,5,7948,704,0.4944005608558655,0.20006053149700165,0.0007,-2.146541118621826,703,-0.39881962537765503,-14.904396349999999,0.0,150.0
45120,5,7950,705,0.9903402328491211,0.11942535638809204,0.0007,-2.1318607330322266,704,-0.18329036235809326,-14.904396349999999,0.0,150.0
45184,5,7951,706,0.659842312335968,0.5172169804573059,0.0007,-2.1452560424804688,705,-1.1358590126037598,-14.904396349999999,0.0,150.0
45248,5,7953,707,0.7389180064201355,0.6818609237670898,0.0007,-2.157078981399536,706,-0.48870354890823364,-14.904396349999999,0.0,150.0
45312,5,7955,708,0.2169753909111023,5.413718223571777,0.0007,-2.149564027786255,707,3.328143835067749,-14.904396349999999,0.0,150.0
45376,5,7957,709,0.6241493225097656,1.9694641828536987,0.0007,-2.141620635986328,708,1.388606071472168,-14.904396349999999,0.0,150.0
45440,5,7959,710,0.10678601264953613,1.9581713676452637,0.0007,-2.1321897506713867,709,0.6477053761482239,-14.904396349999999,0.0,150.0
45504,5,7960,711,-3.701049327850342,0.2569514513015747,0.0007,-2.1288294792175293,710,-0.31997811794281006,-14.904396349999999,0.0,150.0
45568,5,7961,712,0.0822950005531311,3.133016586303711,0.0007,-2.1489250659942627,711,1.4767669439315796,-14.904396349999999,0.0,150.0
45632,5,7962,713,0.16682159900665283,0.7582787275314331,0.0007,-2.1470913887023926,712,-0.17404267191886902,-14.832462929999998,0.0,150.0
45696,5,7964,714,0.9690313935279846,0.6633648872375488,0.0007,-2.1504454612731934,713,0.5561335682868958,-14.832462929999998,0.0,150.0
45760,5,7964,715,0.7232095003128052,1.1548341512680054,0.0007,-2.1461408138275146,714,1.059340476989746,-14.832462929999998,0.0,150.0
45824,5,7966,716,0.8657423853874207,0.808273196220398,0.0007,-2.1503331661224365,715,-0.1256953477859497,-14.832462929999998,0.0,150.0
45888,5,7968,717,0.7831007838249207,4.266409397125244,0.0007,-2.1516268253326416,716,2.8176004886627197,-14.832462929999998,0.0,150.0
45952,5,7969,718,0.9175817966461182,1.3652969598770142,0.0007,-2.1604087352752686,717,-0.004726216197013855,-14.832462929999998,0.0,150.0
46016,5,7971,719,0.9181801080703735,1.0682138204574585,0.0007,-2.158496379852295,718,0.4110710024833679,-14.832462929999998,0.0,150.0
46080,5,7973,720,0.9387391209602356,0.8441351056098938,0.0007,-2.1662511825561523,719,0.6878441572189331,-14.832462929999998,0.0,150.0
46144,5,7972,721,0.8486461639404297,1.4410650730133057,0.0007,-2.168943405151367,720,0.29460757970809937,-14.832462929999998,0.0,150.0
46208,5,7973,722,0.6607877016067505,2.032588005065918,0.0007,-2.1712169647216797,721,0.4493716061115265,-14.44597502,0.0,150.0
46272,5,7975,723,0.9541147351264954,0.7683934569358826,0.0007,-2.169276237487793,722,-0.7286659479141235,-14.44597502,0.0,150.0
46336,5,7975,724,0.8273381590843201,0.47008639574050903,0.0007,-2.1357462406158447,723,-1.2632414102554321,-14.44597502,0.0,150.0
46400,5,7976,725,0.7988499402999878,0.3191375136375427,0.0007,-2.143622636795044,724,-0.5407648682594299,-14.44597502,0.0,150.0
46464,5,7977,726,-0.006968379020690918,1.5608030557632446,0.0007,-2.146676540374756,725,-0.933066189289093,-14.44597502,0.0,150.0
46528,5,7978,727,0.5015741586685181,2.32834792137146,0.0007,-2.1460766792297363,726,0.7759732007980347,-14.44597502,0.0,150.0
46592,5,7980,728,0.7346204519271851,0.5840314626693726,0.0007,-2.147085189819336,727,0.5516222715377808,-14.44597502,0.0,150.0
46656,5,7981,729,0.4961746335029602,4.221553325653076,0.0007,-2.1484739780426025,728,2.6483538150787354,-14.44597502,0.0,150.0
46720,5,7982,730,0.6431304216384888,3.4362549781799316,0.0007,-2.1483047008514404,729,2.810089588165283,-14.44597502,0.0,150.0
46784,5,7984,731,-0.8705976009368896,2.112266778945923,0.0007,-2.1485486030578613,730,1.194483995437622,-14.44597502,0.0,150.0
46848,5,7985,732,0.3869181275367737,0.18522387742996216,0.0007,-2.165980815887451,731,-0.010306976735591888,-14.19632824,0.0,150.0
46912,5,7986,733,0.9957388639450073,0.08519548922777176,0.0007,-2.1597447395324707,732,0.28716641664505005,-14.19632824,0.0,150.0
46976,5,7987,734,0.9554882049560547,0.25943639874458313,0.0007,-2.1613051891326904,733,0.4972881078720093,-14.19632824,0.0,150.0
47040,5,7988,735,0.9102023839950562,1.1825474500656128,0.0007,-2.1655197143554688,734,0.9935500025749207,-14.19632824,0.0,150.0
47104,5,7990,736,0.8951204419136047,2.1464335918426514,0.0007,-2.169431447982788,735,0.9971330165863037,-14.19632824,0.0,150.0
47168,5,7991,737,0.954249918460846,1.6578402519226074,0.0007,-2.1716103553771973,736,-0.7278155088424683,-14.19632824,0.0,150.0
47232,5,7993,738,0.9902472496032715,0.41112953424453735,0.0007,-2.174311637878418,737,-0.8679777979850769,-14.19632824,0.0,150.0
47296,5,7994,739,0.8794888257980347,1.6676573753356934,0.0007,-2.1792571544647217,738,0.14455461502075195,-14.19632824,0.0,150.0
47360,5,7996,740,0.856512725353241,1.5344035625457764,0.0007,-2.1751585006713867,739,0.6214830279350281,-14.19632824,0.0,150.0
47424,5,7997,741,0.9638345241546631,0.45558977127075195,0.0007,-2.1750831604003906,740,-0.9311365485191345,-13.831869429999998,0.0,150.0
47488,5,7998,742,0.9885309934616089,0.1982651948928833,0.0007,-2.1653990745544434,741,-0.2890459895133972,-13.831869429999998,0.0,150.0
47552,5,8000,743,0.6106313467025757,1.334699034690857,0.0007,-2.1471519470214844,742,-0.7206487059593201,-13.831869429999998,0.0,150.0
47616,5,8002,744,0.648074746131897,1.5197813510894775,0.0007,-2.1570894718170166,743,0.5373098850250244,-13.831869429999998,0.0,150.0
47680,5,8004,745,0.5165387392044067,1.2696254253387451,0.0007,-2.156203031539917,744,0.38168802857398987,-13.831869429999998,0.0,150.0
47744,5,8005,746,0.20063722133636475,0.7099750638008118,0.0007,-2.164149284362793,745,0.28848594427108765,-13.831869429999998,0.0,150.0
47808,5,8005,747,0.3637371063232422,2.5038464069366455,0.0007,-2.1635708808898926,746,0.07552129030227661,-13.831869429999998,0.0,150.0
47872,5,8006,748,0.39152073860168457,3.6676299571990967,0.0007,-2.1707005500793457,747,0.9947023391723633,-13.831869429999998,0.0,150.0
47936,5,8008,749,0.5392924547195435,2.2019269466400146,0.0007,-2.1681575775146484,748,-0.7442753911018372,-13.831869429999998,0.0,150.0
48000,5,8009,750,-0.818993330001831,2.141953229904175,0.0007,-2.1566178798675537,749,0.7505356073379517,-13.755911150000001,0.0,150.0
48064,6,8010,751,-0.23328816890716553,0.6760399341583252,0.0007,-2.146646022796631,750,-0.5141611099243164,-13.755911150000001,0.0,150.0
48128,6,8012,752,0.11391854286193848,1.1912504434585571,0.0007,-2.073132276535034,751,1.1949191093444824,-13.755911150000001,0.0,150.0
48192,6,8013,753,0.7937684655189514,0.26018965244293213,0.0007,-2.080916166305542,752,-0.2858171761035919,-13.755911150000001,0.0,150.0
48256,6,8012,754,0.7183261513710022,1.0256459712982178,0.0007,-2.085824966430664,753,0.5688817501068115,-13.755911150000001,0.0,150.0
48320,6,8012,755,0.8946518898010254,0.6940308213233948,0.0007,-2.101217269897461,754,-0.47080543637275696,-13.755911150000001,0.0,150.0
48384,6,8014,756,0.9073079228401184,0.5592590570449829,0.0007,-2.090181350708008,755,0.21504870057106018,-13.755911150000001,0.0,150.0
48448,6,8015,757,0.8850565552711487,1.4509745836257935,0.0007,-2.0993752479553223,756,-0.9364656209945679,-13.755911150000001,0.0,150.0
48512,6,8016,758,0.8212300539016724,2.1004600524902344,0.0007,-2.1175756454467773,757,-0.2710310220718384,-13.755911150000001,0.0,150.0
48576,6,8018,759,0.9184543490409851,0.9327648878097534,0.0007,-2.152789831161499,758,-1.640183448791504,-13.755911150000001,0.0,150.0
48640,6,8019,760,0.1745503544807434,1.602091908454895,0.0007,-2.160712718963623,759,-0.804208517074585,-13.521776160000002,0.0,150.0
48704,6,8020,761,0.9873550534248352,0.27764979004859924,0.0007,-2.1001014709472656,760,-0.2644788920879364,-13.521776160000002,0.0,150.0
48768,6,8022,762,0.7990419268608093,0.6736085414886475,0.0007,-2.076836347579956,761,-0.6097660064697266,-13.521776160000002,0.0,150.0
48832,6,8024,763,0.8531439900398254,0.29994630813598633,0.0007,-2.0858097076416016,762,-0.47417429089546204,-13.521776160000002,0.0,150.0
48896,6,8025,764,-0.1560986042022705,0.3291700780391693,0.0007,-2.1090054512023926,763,0.5155100226402283,-13.521776160000002,0.0,150.0
48960,6,8027,765,0.4392542243003845,1.1527225971221924,0.0007,-2.1133909225463867,764,1.3339563608169556,-13.521776160000002,0.0,150.0
49024,6,8028,766,0.26584017276763916,0.46832048892974854,0.0007,-2.1188669204711914,765,0.02165863662958145,-13.521776160000002,0.0,150.0
49088,6,8029,767,0.16260135173797607,4.264446258544922,0.0007,-2.085113525390625,766,1.7272052764892578,-13.521776160000002,0.0,150.0
49152,6,8029,768,0.40085506439208984,1.9666136503219604,0.0007,-2.087939977645874,767,0.1510499119758606,-13.521776160000002,0.0,150.0
49216,6,8030,769,0.6941995620727539,0.5326592922210693,0.0007,-2.1467678546905518,768,-1.0077173709869385,-13.365080999999998,0.0,150.0
49280,6,8031,770,0.9910702109336853,0.3500039577484131,0.0007,-2.131075143814087,769,-0.980067789554596,-13.365080999999998,0.0,150.0
49344,6,8031,771,0.6009694337844849,0.7167222499847412,0.0007,-2.0770013332366943,770,0.8151818513870239,-13.365080999999998,0.0,150.0
49408,6,8032,772,0.5271031856536865,0.7543557286262512,0.0007,-2.0936038494110107,771,-0.32407230138778687,-13.365080999999998,0.0,150.0
49472,6,8033,773,0.8378335237503052,0.3261513113975525,0.0007,-2.114811420440674,772,0.4730481505393982,-13.365080999999998,0.0,150.0
49536,6,8035,774,0.40538156032562256,0.8631236553192139,0.0007,-2.1317570209503174,773,-0.0448031909763813,-13.365080999999998,0.0,150.0
49600,6,8036,775,0.9502571225166321,0.12282970547676086,0.0007,-2.143524646759033,774,-0.5571696758270264,-13.365080999999998,0.0,150.0
49664,6,8037,776,0.4934317469596863,0.7292460203170776,0.0007,-2.151055335998535,775,0.11420857906341553,-13.365080999999998,0.0,150.0
49728,6,8035,777,0.39677250385284424,0.6503776907920837,0.0007,-2.1520724296569824,776,-0.2501048147678375,-13.365080999999998,0.0,150.0
49792,6,8037,778,-0.048243045806884766,2.039496421813965,0.0007,-2.1433095932006836,777,-0.286282479763031,-13.365080999999998,0.0,150.0
49856,6,8037,779,-0.021068215370178223,3.7939059734344482,0.0007,-2.14831280708313,778,0.8476313352584839,-13.343493559999997,0.0,150.0
49920,6,8039,780,0.9570817351341248,0.4267498552799225,0.0007,-2.0940608978271484,779,-0.5227702856063843,-13.343493559999997,0.0,150.0
49984,6,8040,781,0.6376378536224365,2.9683704376220703,0.0007,-2.111194133758545,780,2.5885934829711914,-13.343493559999997,0.0,150.0
50048,6,8038,782,-1.1525635719299316,3.499973773956299,0.0007,-2.1254215240478516,781,2.099614143371582,-13.343493559999997,0.0,150.0
50112,6,8039,783,0.08675038814544678,1.9350855350494385,0.0007,-2.1287484169006348,782,0.8771083950996399,-13.343493559999997,0.0,150.0
50176,6,8041,784,0.7582007050514221,0.3895356059074402,0.0007,-2.1515719890594482,783,-0.5482381582260132,-13.343493559999997,0.0,150.0
50240,6,8043,785,0.06522762775421143,0.6400917172431946,0.0007,-2.1579458713531494,784,-1.2674143314361572,-13.343493559999997,0.0,150.0
50304,6,8044,786,0.27797144651412964,0.20616742968559265,0.0007,-2.1528844833374023,785,-0.3905324935913086,-13.343493559999997,0.0,150.0
50368,6,8046,787,-0.7001129388809204,0.2905455529689789,0.0007,-2.1200778484344482,786,-0.5136812925338745,-13.343493559999997,0.0,150.0
50432,6,8047,788,-0.025441884994506836,0.5290993452072144,0.0007,-2.1341419219970703,787,-0.7633708715438843,-13.393645700000002,0.0,150.0
50496,6,8049,789,0.9943150281906128,0.1693023294210434,0.0007,-2.1349856853485107,788,-0.587746798992157,-13.393645700000002,0.0,150.0
50560,6,8051,790,0.16442203521728516,0.8526066541671753,0.0007,-2.141885280609131,789,0.5796372890472412,-13.393645700000002,0.0,150.0
50624,6,8053,791,0.5841459035873413,1.4835002422332764,0.0007,-2.152629852294922,790,1.5666786432266235,-13.393645700000002,0.0,150.0
50688,6,8053,792,0.8135896921157837,0.49882280826568604,0.0007,-2.148372173309326,791,0.3950054347515106,-13.393645700000002,0.0,150.0
50752,6,8055,793,-0.7750709056854248,1.6649911403656006,0.0007,-2.1497485637664795,792,0.4297632575035095,-13.393645700000002,0.0,150.0
50816,6,8057,794,0.16915500164031982,4.317229270935059,0.0007,-2.151218891143799,793,1.8821476697921753,-13.393645700000002,0.0,150.0
50880,6,8056,795,0.07329875230789185,0.6308318376541138,0.0007,-2.1577534675598145,794,-1.0176455974578857,-13.393645700000002,0.0,150.0
50944,6,8057,796,-0.017186760902404785,1.3939024209976196,0.0007,-2.1492888927459717,795,-1.9634342193603516,-13.393645700000002,0.0,150.0
51008,6,8058,797,0.07294154167175293,0.5337276458740234,0.0007,-2.151921272277832,796,-0.9319080114364624,-13.444341989999998,0.0,150.0
51072,6,8059,798,0.9801207780838013,0.27449655532836914,0.0007,-2.155133008956909,797,-0.34077364206314087,-13.444341989999998,0.0,150.0
51136,6,8061,799,0.5228185653686523,2.264620304107666,0.0007,-2.1386492252349854,798,-2.1441493034362793,-13.444341989999998,0.0,150.0
51200,6,8062,800,0.31694555282592773,1.379066824913025,0.0007,-2.148761510848999,799,1.469428539276123,-13.444341989999998,0.0,150.0
51264,6,8064,801,0.7310011386871338,0.9109198451042175,0.0007,-2.1489148139953613,800,-0.17887741327285767,-13.444341989999998,0.0,150.0
51328,6,8065,802,0.871737539768219,0.32921767234802246,0.0007,-2.1369895935058594,801,-0.3265095353126526,-13.444341989999998,0.0,150.0
51392,6,8065,803,-0.5017101764678955,1.5378693342208862,0.0007,-2.139158248901367,802,0.661882221698761,-13.444341989999998,0.0,150.0
51456,6,8066,804,0.4667339324951172,4.7876152992248535,0.0007,-2.14054536819458,803,2.171696186065674,-13.444341989999998,0.0,150.0
51520,6,8067,805,0.16594195365905762,1.3016009330749512,0.0007,-2.1501595973968506,804,0.4705497920513153,-13.444341989999998,0.0,150.0
51584,6,8068,806,0.13989561796188354,2.0963377952575684,0.0007,-2.1492366790771484,805,0.16229447722434998,-13.444341989999998,0.0,150.0
51648,6,8068,807,0.20015913248062134,2.07725191116333,0.0007,-2.1576712131500244,806,-0.6389302611351013,-13.375979079999997,0.0,150.0
51712,6,8068,808,0.9791540503501892,0.4252350926399231,0.0007,-2.084782123565674,807,-0.2445092797279358,-13.375979079999997,0.0,150.0
51776,6,8067,809,0.8416061997413635,1.5381577014923096,0.0007,-2.101987600326538,808,-1.3473111391067505,-13.375979079999997,0.0,150.0
51840,6,8065,810,0.8735789656639099,0.716468334197998,0.0007,-2.12161922454834,809,0.5706577897071838,-13.375979079999997,0.0,150.0
51904,6,8064,811,0.25470221042633057,5.404784202575684,0.0007,-2.1158447265625,810,2.731354236602783,-13.375979079999997,0.0,150.0
51968,6,8064,812,0.5962733030319214,1.292677879333496,0.0007,-2.1294500827789307,811,1.0570131540298462,-13.375979079999997,0.0,150.0
52032,6,8065,813,0.6777721643447876,0.7965443730354309,0.0007,-2.1442055702209473,812,-1.221966028213501,-13.375979079999997,0.0,150.0
52096,6,8066,814,0.6928465366363525,0.638100266456604,0.0007,-2.1435954570770264,813,-1.38018798828125,-13.375979079999997,0.0,150.0
52160,6,8068,815,0.6749973893165588,0.5240447521209717,0.0007,-2.1359786987304688,814,-1.205334186553955,-13.375979079999997,0.0,150.0
52224,6,8069,816,0.10147064924240112,1.022408366203308,0.0007,-2.1512930393218994,815,-1.4688477516174316,-13.661747159999997,0.0,150.0
52288,6,8071,817,0.9918810725212097,0.24670836329460144,0.0007,-2.140303134918213,816,-0.4233417212963104,-13.661747159999997,0.0,150.0
52352,6,8072,818,0.8957863450050354,0.45017218589782715,0.0007,-2.121142625808716,817,-0.9211006164550781,-13.661747159999997,0.0,150.0
52416,6,8074,819,0.895758867263794,0.5772742033004761,0.0007,-2.1484479904174805,818,0.2827762961387634,-13.661747159999997,0.0,150.0
52480,6,8075,820,0.9679834842681885,0.4072440266609192,0.0007,-2.168072462081909,819,-0.6966754198074341,-13.661747159999997,0.0,150.0
52544,6,8077,821,0.9477423429489136,0.968754768371582,0.0007,-2.1664512157440186,820,0.3093189001083374,-13.661747159999997,0.0,150.0
52608,6,8078,822,0.7693546414375305,4.048112392425537,0.0007,-2.164262533187866,821,2.4225523471832275,-13.661747159999997,0.0,150.0
52672,6,8078,823,0.9716214537620544,0.3858194649219513,0.0007,-2.161635398864746,822,0.5574244260787964,-13.661747159999997,0.0,150.0
52736,6,8080,824,0.9018617868423462,2.2302653789520264,0.0007,-2.15885591506958,823,1.197041630744934,-13.661747159999997,0.0,150.0
52800,6,8081,825,0.979979395866394,0.5320891737937927,0.0007,-2.1532278060913086,824,-0.707394003868103,-13.171390380000002,0.0,150.0
52864,6,8082,826,0.9843980073928833,0.2247825711965561,0.0007,-2.1503357887268066,825,-0.319640189409256,-13.171390380000002,0.0,150.0
52928,6,8083,827,0.6629140377044678,0.8313745260238647,0.0007,-2.114689588546753,826,-1.188329815864563,-13.171390380000002,0.0,150.0
52992,6,8084,828,-0.8667348623275757,5.806918144226074,0.0007,-2.1190929412841797,827,3.245413303375244,-13.171390380000002,0.0,150.0
53056,6,8085,829,0.5359603762626648,1.6608498096466064,0.0007,-2.1315431594848633,828,1.7257513999938965,-13.171390380000002,0.0,150.0
53120,6,8086,830,-0.44187188148498535,4.439408302307129,0.0007,-2.1477203369140625,829,0.4923515319824219,-13.171390380000002,0.0,150.0
53184,6,8088,831,0.7623071074485779,0.5767130255699158,0.0007,-2.161090850830078,830,-0.413347989320755,-13.171390380000002,0.0,150.0
53248,6,8089,832,-0.9328016042709351,1.7880908250808716,0.0007,-2.1563034057617188,831,0.06875097751617432,-13.171390380000002,0.0,150.0
53312,6,8091,833,0.4273945093154907,1.0317158699035645,0.0007,-2.145531177520752,832,-1.3964800834655762,-13.171390380000002,0.0,150.0
53376,6,8092,834,-1.8149385452270508,0.5700218677520752,0.0007,-2.1385536193847656,833,-1.0396487712860107,-13.171390380000002,0.0,150.0
53440,6,8093,835,-0.2680882215499878,0.39613914489746094,0.0007,-2.1409144401550293,834,-0.6864168643951416,-13.165929429999998,0.0,150.0
53504,6,8095,836,0.994342565536499,0.15904730558395386,0.0007,-2.1089634895324707,835,-0.45293575525283813,-13.165929429999998,0.0,150.0
53568,6,8096,837,0.890931248664856,0.34143948554992676,0.0007,-2.1092357635498047,836,0.744509756565094,-13.165929429999998,0.0,150.0
53632,6,8097,838,0.8132307529449463,0.48610633611679077,0.0007,-2.124945640563965,837,0.6606406569480896,-13.165929429999998,0.0,150.0
53696,6,8098,839,0.6559832692146301,0.923546552658081,0.0007,-2.150700092315674,838,0.6410231590270996,-13.165929429999998,0.0,150.0
53760,6,8099,840,0.575982928276062,5.206151485443115,0.0007,-2.1612367630004883,839,0.7535276412963867,-13.165929429999998,0.0,150.0
53824,6,8100,841,0.9517878890037537,0.2670617699623108,0.0007,-2.1639139652252197,840,-0.33311423659324646,-13.165929429999998,0.0,150.0
53888,6,8101,842,0.8604558706283569,0.7968052625656128,0.0007,-2.159640073776245,841,0.38006308674812317,-13.165929429999998,0.0,150.0
53952,6,8103,843,0.1479007601737976,1.3293668031692505,0.0007,-2.1538326740264893,842,-0.3997105062007904,-13.165929429999998,0.0,150.0
54016,6,8103,844,0.09540855884552002,0.8170074820518494,0.0007,-2.1511309146881104,843,-1.450121283531189,-13.20605152,0.0,150.0
54080,6,8105,845,0.9917324185371399,0.31373539566993713,0.0007,-2.146045207977295,844,-0.5923340916633606,-13.20605152,0.0,150.0
54144,6,8106,846,0.3259221315383911,3.565276861190796,0.0007,-2.1364243030548096,845,-2.059783935546875,-13.20605152,0.0,150.0
54208,6,8108,847,0.7506369352340698,1.462869644165039,0.0007,-2.1466479301452637,846,-0.1137915849685669,-13.20605152,0.0,150.0
54272,6,8109,848,0.6953693628311157,2.5090038776397705,0.0007,-2.168919563293457,847,0.02287811040878296,-13.20605152,0.0,150.0
54336,6,8110,849,0.9345954656600952,0.6919670701026917,0.0007,-2.1736342906951904,848,0.7784214615821838,-13.20605152,0.0,150.0
54400,6,8112,850,0.9190793037414551,0.6504604816436768,0.0007,-2.174654245376587,849,-0.5462319850921631,-13.20605152,0.0,150.0
54464,6,8113,851,0.9297500848770142,0.45550331473350525,0.0007,-2.167832612991333,850,0.6981458067893982,-13.20605152,0.0,150.0
54528,6,8114,852,0.7427812814712524,1.7154386043548584,0.0007,-2.1581788063049316,851,1.7928569316864014,-13.20605152,0.0,150.0
54592,6,8114,853,0.6932705640792847,0.39802855253219604,0.0007,-2.1579153537750244,852,-0.4290553331375122,-13.20605152,0.0,150.0
54656,6,8113,854,-0.031304359436035156,1.315251111984253,0.0007,-2.1609816551208496,853,1.7476367950439453,-13.251572909999998,0.0,150.0
54720,6,8112,855,0.8965603113174438,1.5674635171890259,0.0007,-2.1316676139831543,854,-1.0762478113174438,-13.251572909999998,0.0,150.0
54784,6,8113,856,-0.16536188125610352,1.6133742332458496,0.0007,-2.131819486618042,855,1.676173448562622,-13.251572909999998,0.0,150.0
54848,6,8113,857,0.5412900447845459,2.0752880573272705,0.0007,-2.1330008506774902,856,0.14786392450332642,-13.251572909999998,0.0,150.0
54912,6,8113,858,0.40422213077545166,4.151651382446289,0.0007,-2.130613327026367,857,0.14856311678886414,-13.251572909999998,0.0,150.0
54976,6,8113,859,0.5009620189666748,2.4305899143218994,0.0007,-2.1356821060180664,858,0.9275966882705688,-13.251572909999998,0.0,150.0
55040,6,8113,860,-0.6179074048995972,3.253112554550171,0.0007,-2.131896734237671,859,2.016115427017212,-13.251572909999998,0.0,150.0
55104,6,8115,861,0.07064706087112427,3.1584503650665283,0.0007,-2.141958475112915,860,0.4876086711883545,-13.251572909999998,0.0,150.0
55168,6,8116,862,0.5043929815292358,0.4723784029483795,0.0007,-2.147198438644409,861,-0.5432770252227783,-13.251572909999998,0.0,150.0
55232,6,8116,863,-0.43914878368377686,2.2695813179016113,0.0007,-2.1419427394866943,862,0.9719216823577881,-13.07521491,0.0,150.0
55296,6,8117,864,0.9817079901695251,0.6115333437919617,0.0007,-2.1455154418945312,863,-0.45170843601226807,-13.07521491,0.0,150.0
55360,6,8118,865,0.24811899662017822,0.9460963010787964,0.0007,-2.146829605102539,864,-1.1840943098068237,-13.07521491,0.0,150.0
55424,6,8119,866,0.3808751702308655,0.8529388308525085,0.0007,-2.159611701965332,865,-1.0879077911376953,-13.07521491,0.0,150.0
55488,6,8120,867,0.3489649295806885,2.439258098602295,0.0007,-2.145293712615967,866,1.883268117904663,-13.07521491,0.0,150.0
55552,6,8121,868,0.3774924874305725,0.544079065322876,0.0007,-2.163714647293091,867,0.8688069581985474,-13.07521491,0.0,150.0
55616,6,8122,869,0.4480915665626526,1.3290278911590576,0.0007,-2.155550956726074,868,0.6977308988571167,-13.07521491,0.0,150.0
55680,6,8123,870,0.7349840402603149,0.39496153593063354,0.0007,-2.1491196155548096,869,-0.28101885318756104,-13.07521491,0.0,150.0
55744,6,8124,871,0.49601125717163086,1.0305118560791016,0.0007,-2.140475273132324,870,0.17534984648227692,-13.07521491,0.0,150.0
55808,6,8125,872,0.5533401966094971,0.2080545723438263,0.0007,-2.124603748321533,871,0.11968798190355301,-12.780030529999998,0.0,150.0
55872,6,8126,873,0.988995373249054,0.14726758003234863,0.0007,-2.1332199573516846,872,0.04498058930039406,-12.780030529999998,0.0,150.0
55936,6,8127,874,0.7115347385406494,1.2885773181915283,0.0007,-2.0959959030151367,873,-1.3562753200531006,-12.780030529999998,0.0,150.0
56000,6,8128,875,0.73626708984375,2.863462448120117,0.0007,-2.1012258529663086,874,0.43018972873687744,-12.780030529999998,0.0,150.0
56064,6,8129,876,0.9354551434516907,0.7933895587921143,0.0007,-2.1177797317504883,875,1.1305146217346191,-12.780030529999998,0.0,150.0
56128,6,8131,877,0.8223336935043335,3.8232545852661133,0.0007,-2.119943857192993,876,2.3940067291259766,-12.780030529999998,0.0,150.0
56192,6,8132,878,0.9439271092414856,0.9315576553344727,0.0007,-2.134978771209717,877,-0.6588170528411865,-12.780030529999998,0.0,150.0
56256,6,8133,879,0.762018620967865,2.374561309814453,0.0007,-2.153256416320801,878,-2.694945812225342,-12.780030529999998,0.0,150.0
56320,6,8134,880,0.27929621934890747,3.9137258529663086,0.0007,-2.1513266563415527,879,-0.5453875064849854,-12.780030529999998,0.0,150.0
56384,6,8136,881,0.512675940990448,0.8240344524383545,0.0007,-2.1330392360687256,880,-0.9052466154098511,-12.780030529999998,0.0,150.0
56448,6,8137,882,0.2899654507637024,0.7572933435440063,0.0007,-2.1293015480041504,881,-1.2297697067260742,-12.63295791,0.0,150.0
56512,6,8138,883,0.9719122052192688,0.7219425439834595,0.0007,-2.1356873512268066,882,-0.575667679309845,-12.63295791,0.0,150.0
56576,6,8140,884,0.835564374923706,1.1507885456085205,0.0007,-2.1553468704223633,883,-1.0610074996948242,-12.63295791,0.0,150.0
56640,6,8141,885,0.9490179419517517,0.40954869985580444,0.0007,-2.161794662475586,884,0.5342507362365723,-12.63295791,0.0,150.0
56704,6,8142,886,0.9002794623374939,1.4133944511413574,0.0007,-2.161057233810425,885,1.2687864303588867,-12.63295791,0.0,150.0
56768,6,8144,887,0.8861825466156006,1.8306256532669067,0.0007,-2.15256404876709,886,1.4436016082763672,-12.63295791,0.0,150.0
56832,6,8144,888,0.8468180298805237,1.365278959274292,0.0007,-2.144796848297119,887,0.0799628272652626,-12.63295791,0.0,150.0
56896,6,8145,889,0.7773199677467346,2.4656858444213867,0.0007,-2.143925428390503,888,2.0335679054260254,-12.63295791,0.0,150.0
56960,6,8146,890,0.43977785110473633,5.938363552093506,0.0007,-2.136657953262329,889,1.6850104331970215,-12.63295791,0.0,150.0
57024,6,8147,891,0.7262260913848877,1.7217695713043213,0.0007,-2.1174938678741455,890,0.7616226673126221,-12.490004749999999,0.0,150.0
57088,7,8148,892,0.980105459690094,0.4800071120262146,0.0007,-2.1200990676879883,891,0.43684881925582886,-12.490004749999999,0.0,150.0
57152,7,8149,893,0.7099916934967041,0.6269500255584717,0.0007,-2.1144537925720215,892,-0.6386148929595947,-12.490004749999999,0.0,150.0
57216,7,8150,894,0.8387032151222229,0.6805436015129089,0.0007,-2.1298668384552,893,-0.2067684531211853,-12.490004749999999,0.0,150.0
57280,7,8150,895,-2.7382822036743164,2.1733827590942383,0.0007,-2.1305887699127197,894,-0.008612751960754395,-12.490004749999999,0.0,150.0
57344,7,8152,896,0.19413959980010986,2.78200364112854,0.0007,-2.1266846656799316,895,0.628684401512146,-12.490004749999999,0.0,150.0
57408,7,8153,897,0.5959165096282959,3.809739351272583,0.0007,-2.1291210651397705,896,1.4275907278060913,-12.490004749999999,0.0,150.0
57472,7,8154,898,0.7894055843353271,2.0918097496032715,0.0007,-2.1493334770202637,897,0.0990254133939743,-12.490004749999999,0.0,150.0
57536,7,8155,899,0.6782357692718506,1.927510142326355,0.0007,-2.114567279815674,898,-1.0595158338546753,-12.490004749999999,0.0,150.0
57600,7,8155,900,0.7017719745635986,0.49335557222366333,0.0007,-2.1009645462036133,899,-0.7722697854042053,-12.482087289999999,0.0,150.0
57664,7,8157,901,-0.6196132898330688,0.516228973865509,0.0007,-2.0847110748291016,900,-0.8831849694252014,-12.482087289999999,0.0,150.0
57728,7,8158,902,0.4606267213821411,0.6627644300460815,0.0007,-2.0968363285064697,901,0.7328613996505737,-12.482087289999999,0.0,150.0
57792,7,8160,903,0.4204702377319336,0.9794037342071533,0.0007,-2.1197941303253174,902,-0.26934897899627686,-12.482087289999999,0.0,150.0
57856,7,8161,904,0.7350274920463562,0.7611108422279358,0.0007,-2.122283935546875,903,0.7111750245094299,-12.482087289999999,0.0,150.0
57920,7,8161,905,0.9363865256309509,0.3916228413581848,0.0007,-2.15400767326355,904,-0.5064079761505127,-12.482087289999999,0.0,150.0
57984,7,8161,906,0.9103552103042603,1.023941159248352,0.0007,-2.1435635089874268,905,0.5289011001586914,-12.482087289999999,0.0,150.0
58048,7,8162,907,0.9186772108078003,0.5679063200950623,0.0007,-2.142037868499756,906,-0.7515446543693542,-12.482087289999999,0.0,150.0
58112,7,8163,908,0.960323691368103,0.4629041254520416,0.0007,-2.149014949798584,907,-1.2385096549987793,-12.482087289999999,0.0,150.0
58176,7,8165,909,0.7130259275436401,1.0149569511413574,0.0007,-2.126398801803589,908,-0.7524511814117432,-12.482087289999999,0.0,150.0
58240,7,8165,910,0.7691928148269653,0.47676101326942444,0.0007,-2.1108367443084717,909,-1.1705751419067383,-12.313684340000002,0.0,150.0
58304,7,8167,911,0.9910209774971008,0.29188966751098633,0.0007,-2.092785358428955,910,0.4267916679382324,-12.313684340000002,0.0,150.0
58368,7,8168,912,0.7342046499252319,0.42754238843917847,0.0007,-2.0968122482299805,911,-0.7200045585632324,-12.313684340000002,0.0,150.0
58432,7,8169,913,0.1139146089553833,0.6850252747535706,0.0007,-2.1102139949798584,912,-0.15502233803272247,-12.313684340000002,0.0,150.0
58496,7,8171,914,0.5929814577102661,1.9512865543365479,0.0007,-2.0925087928771973,913,1.0486514568328857,-12.313684340000002,0.0,150.0
58560,7,8172,915,0.8166809678077698,0.721316397190094,0.0007,-2.09167742729187,914,0.8839371204376221,-12.313684340000002,0.0,150.0
58624,7,8172,916,-0.19322574138641357,1.8542782068252563,0.0007,-2.0545437335968018,915,-1.229341983795166,-12.313684340000002,0.0,150.0
58688,7,8173,917,0.4573248624801636,1.4571776390075684,0.0007,-2.0893239974975586,916,0.07626214623451233,-12.313684340000002,0.0,150.0
58752,7,8174,918,0.42299342155456543,1.6532135009765625,0.0007,-2.1017870903015137,917,-0.37783700227737427,-12.313684340000002,0.0,150.0
58816,7,8175,919,0.7661721110343933,0.42968904972076416,0.0007,-2.094541549682617,918,-1.1129671335220337,-12.25789502,0.0,150.0
58880,7,8176,920,0.994691014289856,0.24051618576049805,0.0007,-2.081155776977539,919,-0.7154550552368164,-12.25789502,0.0,150.0
58944,7,8177,921,0.7518819570541382,1.9246970415115356,0.0007,-2.076737880706787,920,-1.0908726453781128,-12.25789502,0.0,150.0
59008,7,8177,922,0.7238763570785522,2.427645444869995,0.0007,-2.1074743270874023,921,0.33897703886032104,-12.25789502,0.0,150.0
59072,7,8178,923,0.8215979933738708,1.6015191078186035,0.0007,-2.131992816925049,922,0.10756808519363403,-12.25789502,0.0,150.0
59136,7,8179,924,0.9101618528366089,0.8304339647293091,0.0007,-2.110689401626587,923,-0.9341997504234314,-12.25789502,0.0,150.0
59200,7,8180,925,0.8863480687141418,0.8305893540382385,0.0007,-2.118281364440918,924,-0.23776209354400635,-12.25789502,0.0,150.0
59264,7,8182,926,-0.11311900615692139,2.796579360961914,0.0007,-2.1242637634277344,925,-0.47602900862693787,-12.25789502,0.0,150.0
59328,7,8183,927,0.005975306034088135,3.2502877712249756,0.0007,-2.101907730102539,926,0.6052971482276917,-12.25789502,0.0,150.0
59392,7,8184,928,0.36206376552581787,0.6927729845046997,0.0007,-2.076303005218506,927,-0.6712278723716736,-12.25789502,0.0,150.0
59456,7,8185,929,0.34546613693237305,0.7272077798843384,0.0007,-2.1034531593322754,928,-0.16892755031585693,-12.64890944,0.0,150.0
59520,7,8186,930,0.9122477769851685,1.1399987936019897,0.0007,-2.086099624633789,929,-0.21757760643959045,-12.64890944,0.0,150.0
59584,7,8187,931,0.8466640114784241,1.227501392364502,0.0007,-2.099871873855591,930,-1.2019513845443726,-12.64890944,0.0,150.0
59648,7,8188,932,0.5951870679855347,1.1184815168380737,0.0007,-2.1304492950439453,931,0.9552406668663025,-12.64890944,0.0,150.0
59712,7,8190,933,0.8007403612136841,2.4819488525390625,0.0007,-2.114933490753174,932,2.2478158473968506,-12.64890944,0.0,150.0
59776,7,8190,934,0.597425639629364,0.9022490382194519,0.0007,-2.117194175720215,933,-0.3703024089336395,-12.64890944,0.0,150.0
59840,7,8191,935,-1.4538288116455078,2.5248072147369385,0.0007,-2.1264593601226807,934,-0.33021867275238037,-12.64890944,0.0,150.0
59904,7,8193,936,0.6115714311599731,0.7151042819023132,0.0007,-2.121645450592041,935,-1.3643548488616943,-12.64890944,0.0,150.0
59968,7,8194,937,-0.23687350749969482,0.6818835139274597,0.0007,-2.109095573425293,936,-1.4317591190338135,-12.64890944,0.0,150.0
60032,7,8194,938,-0.07669234275817871,0.539162278175354,0.0007,-2.1090474128723145,937,-1.0516644716262817,-12.867303260000002,0.0,150.0
60096,7,8195,939,0.9865846633911133,0.17758086323738098,0.0007,-2.1119725704193115,938,-0.024610012769699097,-12.867303260000002,0.0,150.0
60160,7,8195,940,0.43525612354278564,0.5248323082923889,0.0007,-2.122706413269043,939,0.559038519859314,-12.867303260000002,0.0,150.0
60224,7,8197,941,0.11982953548431396,2.6342411041259766,0.0007,-2.1234517097473145,940,1.0299816131591797,-12.867303260000002,0.0,150.0
60288,7,8198,942,0.5511747598648071,0.5678904056549072,0.0007,-2.120809316635132,941,0.7929894328117371,-12.867303260000002,0.0,150.0
60352,7,8200,943,0.44745421409606934,1.7377560138702393,0.0007,-2.1345622539520264,942,-0.9712034463882446,-12.867303260000002,0.0,150.0
60416,7,8201,944,0.3009946346282959,0.5388391017913818,0.0007,-2.142061471939087,943,0.04296976327896118,-12.867303260000002,0.0,150.0
60480,7,8202,945,0.36707162857055664,1.8592681884765625,0.0007,-2.1312026977539062,944,0.8865513205528259,-12.867303260000002,0.0,150.0
60544,7,8204,946,0.18128818273544312,2.899362087249756,0.0007,-2.1342477798461914,945,0.10982640832662582,-12.867303260000002,0.0,150.0
60608,7,8204,947,0.5017378330230713,1.7095495462417603,0.0007,-2.1413938999176025,946,0.33774811029434204,-13.09593227,0.0,150.0
60672,7,8205,948,0.9795659184455872,0.2740299701690674,0.0007,-2.1317660808563232,947,-0.5468347072601318,-13.09593227,0.0,150.0
60736,7,8206,949,-0.03020501136779785,0.4846835732460022,0.0007,-2.131655216217041,948,-0.24913111329078674,-13.09593227,0.0,150.0
60800,7,8206,950,0.5790456533432007,1.0478509664535522,0.0007,-2.1469719409942627,949,1.067918300628662,-13.09593227,0.0,150.0
60864,7,8207,951,0.6680638790130615,0.9338899254798889,0.0007,-2.1607370376586914,950,-0.4030398726463318,-13.09593227,0.0,150.0
60928,7,8209,952,0.7407154440879822,3.861262559890747,0.0007,-2.145247459411621,951,0.7156100273132324,-13.09593227,0.0,150.0
60992,7,8210,953,0.34727948904037476,8.042813301086426,0.0007,-2.136958360671997,952,3.3226137161254883,-13.09593227,0.0,150.0
61056,7,8211,954,0.7830893993377686,1.2850385904312134,0.0007,-2.149035930633545,953,0.7226202487945557,-13.09593227,0.0,150.0
61120,7,8212,955,0.8815897703170776,1.1588362455368042,0.0007,-2.1461896896362305,954,0.12349778413772583,-13.09593227,0.0,150.0
61184,7,8213,956,0.7929714918136597,1.0509027242660522,0.0007,-2.143641233444214,955,0.3781242072582245,-13.09593227,0.0,150.0
61248,7,8214,957,0.47947776317596436,0.6246101260185242,0.0007,-2.139869451522827,956,-1.0021164417266846,-13.28944764,0.0,150.0
61312,7,8215,958,0.9796687960624695,0.29969680309295654,0.0007,-2.110199451446533,957,-0.3255660831928253,-13.28944764,0.0,150.0
61376,7,8217,959,0.7413985729217529,1.2010579109191895,0.0007,-2.1182875633239746,958,-0.9187601804733276,-13.28944764,0.0,150.0
61440,7,8218,960,0.8025931715965271,0.6545753479003906,0.0007,-2.1451995372772217,959,0.5702894926071167,-13.28944764,0.0,150.0
61504,7,8219,961,0.7569175958633423,1.5900081396102905,0.0007,-2.1529171466827393,960,-0.44170382618904114,-13.28944764,0.0,150.0
61568,7,8220,962,0.8660757541656494,0.24475938081741333,0.0007,-2.162109851837158,961,0.22327540814876556,-13.28944764,0.0,150.0
61632,7,8221,963,0.6672939658164978,1.4239826202392578,0.0007,-2.1595215797424316,962,1.1944745779037476,-13.28944764,0.0,150.0
61696,7,8222,964,0.6207318305969238,0.5177526473999023,0.0007,-2.148118734359741,963,0.21107324957847595,-13.28944764,0.0,150.0
61760,7,8223,965,0.17872148752212524,3.225698947906494,0.0007,-2.1378841400146484,964,1.7692965269088745,-13.28944764,0.0,150.0
61824,7,8223,966,0.144670307636261,1.2921042442321777,0.0007,-2.104473114013672,965,-0.7617872357368469,-13.564291400000002,0.0,150.0
61888,7,8224,967,0.9897714257240295,0.20320674777030945,0.0007,-2.0759077072143555,966,0.2033924162387848,-13.564291400000002,0.0,150.0
61952,7,8225,968,0.2578205466270447,1.9512319564819336,0.0007,-2.0462801456451416,967,0.9434587955474854,-13.564291400000002,0.0,150.0
62016,7,8227,969,0.8717649579048157,0.5830032825469971,0.0007,-2.078500747680664,968,-0.2553883194923401,-13.564291400000002,0.0,150.0
62080,7,8228,970,0.9503257870674133,0.48149633407592773,0.0007,-2.0817270278930664,969,-1.0309680700302124,-13.564291400000002,0.0,150.0
62144,7,8229,971,0.6687698364257812,0.5645347237586975,0.0007,-2.094984769821167,970,-0.6480414867401123,-13.564291400000002,0.0,150.0
62208,7,8230,972,0.34665679931640625,1.7633388042449951,0.0007,-2.1092333793640137,971,0.06382428109645844,-13.564291400000002,0.0,150.0
62272,7,8227,973,0.2962152361869812,2.8460962772369385,0.0007,-2.1203317642211914,972,1.0749046802520752,-13.564291400000002,0.0,150.0
62336,7,8224,974,0.6762896180152893,1.1118295192718506,0.0007,-2.116612672805786,973,0.06901326775550842,-13.564291400000002,0.0,150.0
62400,7,8222,975,0.507637083530426,1.0060311555862427,0.0007,-2.112636089324951,974,-1.032825231552124,-13.923627519999998,0.0,150.0
62464,7,8223,976,0.3882036805152893,3.047776699066162,0.0007,-2.136622428894043,975,0.6606763601303101,-13.923627519999998,0.0,150.0
62528,7,8222,977,0.39248794317245483,1.0820509195327759,0.0007,-2.091127395629883,976,1.1564910411834717,-13.923627519999998,0.0,150.0
62592,7,8221,978,0.621898889541626,2.01415753364563,0.0007,-2.1000359058380127,977,1.0202622413635254,-13.923627519999998,0.0,150.0
62656,7,8222,979,0.7271324992179871,2.333707809448242,0.0007,-2.1137290000915527,978,1.861618995666504,-13.923627519999998,0.0,150.0
62720,7,8222,980,0.8785290122032166,2.7537965774536133,0.0007,-2.123457193374634,979,-2.572181463241577,-13.923627519999998,0.0,150.0
62784,7,8223,981,0.938202440738678,1.276915192604065,0.0007,-2.1141185760498047,980,0.839441180229187,-13.923627519999998,0.0,150.0
62848,7,8223,982,0.9679853320121765,0.5942583084106445,0.0007,-2.1246731281280518,981,-0.3068731427192688,-13.923627519999998,0.0,150.0
62912,7,8224,983,0.803569495677948,3.0204288959503174,0.0007,-2.1333112716674805,982,1.5324171781539917,-13.923627519999998,0.0,150.0
62976,7,8225,984,0.988655686378479,0.29983431100845337,0.0007,-2.1225996017456055,983,0.7646642923355103,-13.923627519999998,0.0,150.0
63040,7,8225,985,0.9868133068084717,0.29959240555763245,0.0007,-2.116884231567383,984,-0.6123621463775635,-13.614163349999997,0.01,150.0
63104,7,8226,986,0.8950563669204712,2.7083122730255127,0.0007,-2.097931146621704,985,0.26375114917755127,-13.614163349999997,0.01,150.0
63168,7,8227,987,0.8653314113616943,1.8052104711532593,0.0007,-2.1189260482788086,986,-2.4876091480255127,-13.614163349999997,0.01,150.0
63232,7,8228,988,0.4793216586112976,1.7568362951278687,0.0007,-2.1331863403320312,987,-0.49460160732269287,-13.614163349999997,0.01,150.0
63296,7,8229,989,0.4921581745147705,1.7482316493988037,0.0007,-2.1377601623535156,988,1.0858747959136963,-13.614163349999997,0.01,150.0
63360,7,8230,990,0.3411320447921753,1.302714228630066,0.0007,-2.140455484390259,989,-0.14281544089317322,-13.614163349999997,0.01,150.0
63424,7,8231,991,0.6675114035606384,1.2906272411346436,0.0007,-2.136432409286499,990,-0.046125490218400955,-13.614163349999997,0.01,150.0
63488,7,8233,992,0.7363018989562988,1.6531368494033813,0.0007,-2.1204419136047363,991,-2.0111289024353027,-13.614163349999997,0.01,150.0
63552,7,8234,993,0.01878291368484497,1.9659531116485596,0.0007,-2.1183009147644043,992,-2.403803825378418,-13.614163349999997,0.01,150.0
63616,7,8234,994,-0.29871666431427,1.2420287132263184,0.0007,-2.104214668273926,993,-1.3484323024749756,-13.837785579999997,0.01,150.0
63680,7,8235,995,0.9902337789535522,0.2871423065662384,0.0007,-2.112787961959839,994,-0.22565028071403503,-13.837785579999997,0.01,150.0
63744,7,8236,996,0.2689487338066101,1.0868260860443115,0.0007,-2.1172895431518555,995,0.006478391587734222,-13.837785579999997,0.01,150.0
63808,7,8237,997,0.6884878873825073,0.4483846426010132,0.0007,-2.1372323036193848,996,0.05837979167699814,-13.837785579999997,0.01,150.0
63872,7,8237,998,0.11591285467147827,1.2147434949874878,0.0007,-2.127786636352539,997,-0.11724986135959625,-13.837785579999997,0.01,150.0
63936,7,8237,999,0.5154110193252563,1.3607470989227295,0.0007,-2.1243224143981934,998,0.9178885221481323,-13.837785579999997,0.01,150.0
64000,7,8238,1000,0.7440457940101624,2.248225212097168,0.0007,-2.136223316192627,999,0.683708906173706,-13.837785579999997,0.01,150.0
64064,7,8239,1001,0.8130722641944885,2.041768789291382,0.0007,-2.148994207382202,1000,0.39623790979385376,-13.837785579999997,0.01,150.0
64128,7,8240,1002,0.7749595046043396,3.5832607746124268,0.0007,-2.1248927116394043,1001,0.34365206956863403,-13.837785579999997,0.01,150.0
64192,7,8241,1003,0.873600959777832,2.8575334548950195,0.0007,-2.131654739379883,1002,-1.1879581212997437,-13.837785579999997,0.01,150.0
64256,7,8242,1004,0.8330682516098022,1.6858360767364502,0.0007,-2.133028030395508,1003,-0.8653216361999512,-13.624522159999996,0.01,150.0
64320,7,8242,1005,0.9473344087600708,1.3574756383895874,0.0007,-2.0743041038513184,1004,-1.4454448223114014,-13.624522159999996,0.01,150.0
64384,7,8241,1006,0.7802994847297668,2.7804324626922607,0.0007,-2.101409673690796,1005,-2.5068063735961914,-13.624522159999996,0.01,150.0
64448,7,8239,1007,0.7952156066894531,4.422244071960449,0.0007,-2.113217830657959,1006,0.2356570065021515,-13.624522159999996,0.01,150.0
64512,7,8237,1008,0.8067708611488342,2.691905975341797,0.0007,-2.1128602027893066,1007,-1.0722386837005615,-13.624522159999996,0.01,150.0
64576,7,8238,1009,0.9779940843582153,0.31071358919143677,0.0007,-2.120364189147949,1008,-0.7495313286781311,-13.624522159999996,0.01,150.0
64640,7,8239,1010,0.7794508934020996,1.9552955627441406,0.0007,-2.1067237854003906,1009,1.7101203203201294,-13.624522159999996,0.01,150.0
64704,7,8239,1011,0.8023591041564941,0.6606400012969971,0.0007,-2.1018991470336914,1010,-0.9203113317489624,-13.624522159999996,0.01,150.0
64768,7,8240,1012,0.10316187143325806,1.7626910209655762,0.0007,-2.09342885017395,1011,0.04726535081863403,-13.624522159999996,0.01,150.0
64832,7,8241,1013,0.4590417146682739,0.5703970193862915,0.0007,-2.1139540672302246,1012,-1.177591323852539,-13.732804249999997,0.01,150.0
64896,7,8242,1014,0.986534059047699,0.37360668182373047,0.0007,-2.0735886096954346,1013,-0.03309956565499306,-13.732804249999997,0.01,150.0
64960,7,8243,1015,0.9030033946037292,0.681873083114624,0.0007,-2.0637593269348145,1014,1.0311973094940186,-13.732804249999997,0.01,150.0
65024,7,8244,1016,0.8778753280639648,1.357985496520996,0.0007,-2.0999886989593506,1015,1.52498459815979,-13.732804249999997,0.01,150.0
65088,7,8245,1017,0.8837612271308899,2.502814531326294,0.0007,-2.1184377670288086,1016,2.773562431335449,-13.732804249999997,0.01,150.0
65152,7,8245,1018,0.795967161655426,2.133028745651245,0.0007,-2.132683515548706,1017,-1.7025781869888306,-13.732804249999997,0.01,150.0
65216,7,8247,1019,0.7623189091682434,7.393200874328613,0.0007,-2.1276965141296387,1018,2.975795269012451,-13.732804249999997,0.01,150.0
65280,7,8248,1020,0.898906946182251,2.707552433013916,0.0007,-2.0891921520233154,1019,-0.14683695137500763,-13.732804249999997,0.01,150.0
65344,7,8249,1021,0.8279131650924683,4.288374900817871,0.0007,-2.104640007019043,1020,0.5863897800445557,-13.732804249999997,0.01,150.0
65408,7,8249,1022,0.8619974851608276,3.8267970085144043,0.0007,-2.117833137512207,1021,-2.6098036766052246,-13.2879659,0.01,150.0
65472,7,8249,1023,0.950729489326477,1.6486657857894897,0.0007,-2.1068613529205322,1022,-1.5934958457946777,-13.2879659,0.01,150.0
65536,7,8250,1024,0.2541414499282837,1.1611957550048828,0.0007,-2.018773078918457,1023,0.5480793714523315,-13.2879659,0.01,150.0
65600,7,8251,1025,0.5265564918518066,1.3815606832504272,0.0007,-2.0524635314941406,1024,-0.34757858514785767,-13.2879659,0.01,150.0
65664,7,8252,1026,0.5944026708602905,6.414243221282959,0.0007,-2.083909749984741,1025,0.05034551024436951,-13.2879659,0.01,150.0
65728,7,8253,1027,0.7824172973632812,3.0355772972106934,0.0007,-2.1017556190490723,1026,-0.631521999835968,-13.2879659,0.01,150.0
65792,7,8254,1028,0.871503472328186,2.553830623626709,0.0007,-2.1231608390808105,1027,-0.4197636544704437,-13.2879659,0.01,150.0
65856,7,8255,1029,0.9659625887870789,1.3362948894500732,0.0007,-2.127537488937378,1028,-1.8485912084579468,-13.2879659,0.01,150.0
65920,7,8256,1030,0.8698688745498657,1.2210792303085327,0.0007,-2.113046169281006,1029,0.014218494296073914,-13.2879659,0.01,150.0
65984,7,8256,1031,-1.6114325523376465,1.966956377029419,0.0007,-2.134552240371704,1030,-1.6373018026351929,-13.2879659,0.01,150.0
66048,7,8257,1032,-1.0530586242675781,0.5813807845115662,0.0007,-2.1089706420898438,1031,0.2000616490840912,-13.014769919999999,0.01,150.0
66112,8,8258,1033,0.9756584763526917,1.0348026752471924,0.0007,-2.060842514038086,1032,0.46131962537765503,-13.014769919999999,0.01,150.0
66176,8,8259,1034,0.08246231079101562,2.426631450653076,0.0007,-2.0764594078063965,1033,0.6674637794494629,-13.014769919999999,0.01,150.0
66240,8,8260,1035,0.44548583030700684,5.781804084777832,0.0007,-2.1226487159729004,1034,-3.2298741340637207,-13.014769919999999,0.01,150.0
66304,8,8262,1036,0.8397306799888611,5.070051193237305,0.0007,-2.1434712409973145,1035,-3.231226921081543,-13.014769919999999,0.01,150.0
66368,8,8263,1037,0.9358799457550049,0.7508363723754883,0.0007,-2.1497702598571777,1036,-0.8392003774642944,-13.014769919999999,0.01,150.0
66432,8,8264,1038,-1.5112218856811523,3.659144401550293,0.0007,-2.1407079696655273,1037,1.2912828922271729,-13.014769919999999,0.01,150.0
66496,8,8265,1039,-1.1442322731018066,0.8732811212539673,0.0007,-2.125976324081421,1038,0.10564631223678589,-13.014769919999999,0.01,150.0
66560,8,8266,1040,0.3205143213272095,0.5803053379058838,0.0007,-2.041010856628418,1039,-0.5790655612945557,-13.014769919999999,0.01,150.0
66624,8,8266,1041,0.24145811796188354,0.4031386971473694,0.0007,-2.053618907928467,1040,-0.43967676162719727,-13.135822229999999,0.01,150.0
66688,8,8265,1042,0.9951688647270203,0.17012348771095276,0.0007,-2.081467866897583,1041,-0.3800722360610962,-13.135822229999999,0.01,150.0
66752,8,8265,1043,0.7785036563873291,0.9365972280502319,0.0007,-2.0961251258850098,1042,-1.4140539169311523,-13.135822229999999,0.01,150.0
66816,8,8264,1044,0.32644033432006836,1.5791734457015991,0.0007,-2.1135945320129395,1043,0.9666422009468079,-13.135822229999999,0.01,150.0
66880,8,8264,1045,0.8262041807174683,0.7464300394058228,0.0007,-2.125892162322998,1044,-0.7609940767288208,-13.135822229999999,0.01,150.0
66944,8,8262,1046,-0.28332722187042236,2.9466400146484375,0.0007,-2.123781681060791,1045,2.2991881370544434,-13.135822229999999,0.01,150.0
67008,8,8262,1047,0.3674418330192566,2.807246208190918,0.0007,-2.100965976715088,1046,2.2495923042297363,-13.135822229999999,0.01,150.0
67072,8,8259,1048,0.469687283039093,1.5934832096099854,0.0007,-2.091425895690918,1047,-0.9904890060424805,-13.135822229999999,0.01,150.0
67136,8,8257,1049,0.257193386554718,2.4568328857421875,0.0007,-2.086028575897217,1048,1.3834484815597534,-13.135822229999999,0.01,150.0
67200,8,8256,1050,0.3558109402656555,0.731481671333313,0.0007,-2.0872600078582764,1049,-0.3771492838859558,-13.05668226,0.01,150.0
67264,8,8256,1051,0.3388422727584839,0.26104190945625305,0.0007,-2.1040546894073486,1050,-0.5470718145370483,-13.05668226,0.01,150.0
67328,8,8256,1052,0.8679274320602417,0.5761978626251221,0.0007,-2.0873823165893555,1051,-1.1858855485916138,-13.05668226,0.01,150.0
67392,8,8254,1053,0.6652718186378479,0.734987735748291,0.0007,-2.12665057182312,1052,-0.9839861392974854,-13.05668226,0.01,150.0
67456,8,8254,1054,0.23745369911193848,2.723565101623535,0.0007,-2.1407175064086914,1053,2.182047128677368,-13.05668226,0.01,150.0
67520,8,8254,1055,-0.15589702129364014,0.5953461527824402,0.0007,-2.144958972930908,1054,-0.857229471206665,-13.05668226,0.01,150.0
67584,8,8254,1056,-0.5769461393356323,0.5483183264732361,0.0007,-2.1513671875,1055,0.08459727466106415,-13.05668226,0.01,150.0
67648,8,8255,1057,0.1291676163673401,3.5213539600372314,0.0007,-2.1511833667755127,1056,2.3755998611450195,-13.05668226,0.01,150.0
67712,8,8255,1058,0.06644028425216675,0.5692722201347351,0.0007,-2.1502368450164795,1057,0.15042981505393982,-13.05668226,0.01,150.0
67776,8,8256,1059,0.010430395603179932,2.1183695793151855,0.0007,-2.1365349292755127,1058,1.6341331005096436,-13.05668226,0.01,150.0
67840,8,8256,1060,0.041752398014068604,4.404922962188721,0.0007,-2.116455078125,1059,1.2115601301193237,-13.11075759,0.01,150.0
67904,8,8257,1061,0.9857050180435181,0.31260842084884644,0.0007,-2.0695981979370117,1060,0.05936736240983009,-13.11075759,0.01,150.0
67968,8,8258,1062,0.7159233689308167,2.0054707527160645,0.0007,-2.070234775543213,1061,-0.44954079389572144,-13.11075759,0.01,150.0
68032,8,8259,1063,0.9278340339660645,1.2732497453689575,0.0007,-2.1060404777526855,1062,1.6708228588104248,-13.11075759,0.01,150.0
68096,8,8258,1064,0.728759765625,1.8617440462112427,0.0007,-2.125509738922119,1063,-1.4932873249053955,-13.11075759,0.01,150.0
68160,8,8258,1065,0.1392551064491272,3.180798053741455,0.0007,-2.1265664100646973,1064,0.5948073863983154,-13.11075759,0.01,150.0
68224,8,8259,1066,0.6906936764717102,0.8595325946807861,0.0007,-2.1255831718444824,1065,-0.6831478476524353,-13.11075759,0.01,150.0
68288,8,8259,1067,0.4940951466560364,1.84818696975708,0.0007,-2.125354766845703,1066,0.3777281641960144,-13.11075759,0.01,150.0
68352,8,8260,1068,0.6616287231445312,1.1955305337905884,0.0007,-2.0962257385253906,1067,0.150680810213089,-13.11075759,0.01,150.0
68416,8,8261,1069,0.8901239633560181,0.27848172187805176,0.0007,-2.083479404449463,1068,-0.2535286843776703,-13.101310339999996,0.01,150.0
68480,8,8261,1070,0.9563124179840088,0.6834419369697571,0.0007,-2.0734434127807617,1069,-0.475710928440094,-13.101310339999996,0.01,150.0
68544,8,8262,1071,0.2769780158996582,3.1474175453186035,0.0007,-2.0096378326416016,1070,1.899024486541748,-13.101310339999996,0.01,150.0
68608,8,8263,1072,0.7320908308029175,0.9266635179519653,0.0007,-2.0590274333953857,1071,0.8884052038192749,-13.101310339999996,0.01,150.0
68672,8,8264,1073,-0.7027965784072876,1.7514036893844604,0.0007,-2.114976406097412,1072,0.7464761734008789,-13.101310339999996,0.01,150.0
68736,8,8264,1074,0.25839346647262573,3.2052059173583984,0.0007,-2.0871658325195312,1073,1.1592168807983398,-13.101310339999996,0.01,150.0
68800,8,8264,1075,0.05720001459121704,0.6953424215316772,0.0007,-2.1219286918640137,1074,-0.5109695196151733,-13.101310339999996,0.01,150.0
68864,8,8265,1076,0.39123833179473877,4.175075054168701,0.0007,-2.113786220550537,1075,2.2583870887756348,-13.101310339999996,0.01,150.0
68928,8,8264,1077,0.6997396945953369,1.268078088760376,0.0007,-2.130632162094116,1076,0.4688003659248352,-13.101310339999996,0.01,150.0
68992,8,8263,1078,0.7422064542770386,0.6493569016456604,0.0007,-2.082409620285034,1077,0.19853775203227997,-13.101310339999996,0.01,150.0
69056,8,8260,1079,0.8612626791000366,0.6400413513183594,0.0007,-2.0104923248291016,1078,-0.9639680981636047,-12.889260049999997,0.01,150.0
69120,8,8257,1080,0.9544948935508728,2.227816343307495,0.0007,-2.002974033355713,1079,1.9025620222091675,-12.889260049999997,0.01,150.0
69184,8,8251,1081,0.4453456997871399,1.945000410079956,0.0007,-2.0086770057678223,1080,1.9228274822235107,-12.889260049999997,0.01,150.0
69248,8,8248,1082,0.5533298254013062,0.8354106545448303,0.0007,-2.043814182281494,1081,0.4394470453262329,-12.889260049999997,0.01,150.0
69312,8,8246,1083,0.8635066151618958,0.34422072768211365,0.0007,-2.066335916519165,1082,0.2843838036060333,-12.889260049999997,0.01,150.0
69376,8,8240,1084,0.015340447425842285,1.7391217947006226,0.0007,-2.127112865447998,1083,0.5671820640563965,-12.889260049999997,0.01,150.0
69440,8,8237,1085,0.8433630466461182,1.164547324180603,0.0007,-2.1058168411254883,1084,-1.510480523109436,-12.889260049999997,0.01,150.0
69504,8,8233,1086,0.9447268843650818,1.1441417932510376,0.0007,-2.1107819080352783,1085,-1.4829111099243164,-12.889260049999997,0.01,150.0
69568,8,8228,1087,0.9372566342353821,2.3387560844421387,0.0007,-2.081794261932373,1086,-2.173492908477783,-12.889260049999997,0.01,150.0
69632,8,8222,1088,0.9488011598587036,2.491081953048706,0.0007,-2.067254066467285,1087,-2.2612967491149902,-12.47027193,0.03,150.0
69696,8,8221,1089,0.8135963082313538,6.870874881744385,0.0007,-2.0818119049072266,1088,1.3712819814682007,-12.47027193,0.03,150.0
69760,8,8218,1090,0.8874343633651733,3.0778205394744873,0.0007,-2.0830984115600586,1089,-2.91121244430542,-12.47027193,0.03,150.0
69824,8,8215,1091,0.8475086688995361,2.4651296138763428,0.0007,-2.091803550720215,1090,-1.4375860691070557,-12.47027193,0.03,150.0
69888,8,8213,1092,0.5684870481491089,8.637444496154785,0.0007,-2.104003429412842,1091,2.954281806945801,-12.47027193,0.03,150.0
69952,8,8208,1093,0.875110924243927,1.184721827507019,0.0007,-2.0841314792633057,1092,-0.20638424158096313,-12.47027193,0.03,150.0
70016,8,8190,1094,0.8232267498970032,1.4681148529052734,0.0007,-2.1092867851257324,1093,1.772428035736084,-12.47027193,0.03,150.0
70080,8,8169,1095,-0.644524335861206,3.8457632064819336,0.0007,-2.0941174030303955,1094,2.60577392578125,-12.47027193,0.03,150.0
70144,8,8157,1096,0.7265060544013977,0.7409535646438599,0.0007,-2.0796256065368652,1095,-0.7937398552894592,-12.47027193,0.03,150.0
70208,8,8139,1097,0.3819727897644043,0.5873292684555054,0.0007,-2.1028823852539062,1096,-1.333770513534546,-12.65399594,0.03,150.0
70272,8,8122,1098,0.9956795573234558,0.1637784093618393,0.0007,-2.0670032501220703,1097,-0.5835422277450562,-12.65399594,0.03,150.0
70336,8,8107,1099,0.5512757301330566,1.2924294471740723,0.0007,-2.056788444519043,1098,-1.7219622135162354,-12.65399594,0.03,150.0
70400,8,8094,1100,0.625158429145813,2.1409950256347656,0.0007,-2.098729133605957,1099,0.5001487731933594,-12.65399594,0.03,150.0
70464,8,8088,1101,0.8603692054748535,1.788942575454712,0.0007,-2.13374924659729,1100,-1.3271138668060303,-12.65399594,0.03,150.0
70528,8,8086,1102,0.8292286396026611,1.4988698959350586,0.0007,-2.1510958671569824,1101,-0.734173595905304,-12.65399594,0.03,150.0
70592,8,8080,1103,0.7912837266921997,3.6610007286071777,0.0007,-2.101637363433838,1102,3.412060260772705,-12.65399594,0.03,150.0
70656,8,8074,1104,0.5590729117393494,2.4725589752197266,0.0007,-2.092508316040039,1103,2.04480242729187,-12.65399594,0.03,150.0
70720,8,8063,1105,0.5023453235626221,0.7897058725357056,0.0007,-2.1074583530426025,1104,-0.6999675035476685,-12.65399594,0.03,150.0
70784,8,8055,1106,0.6197283864021301,0.9575912952423096,0.0007,-2.0810647010803223,1105,-0.8632708787918091,-12.65399594,0.03,150.0
70848,8,8046,1107,0.33463436365127563,1.3089724779129028,0.0007,-2.0883047580718994,1106,-1.7924723625183105,-12.6167854,0.03,150.0
70912,8,8038,1108,0.983303964138031,0.6323649883270264,0.0007,-2.0723612308502197,1107,-1.1059153079986572,-12.6167854,0.03,150.0
70976,8,8033,1109,0.9219974875450134,0.48312515020370483,0.0007,-2.1058502197265625,1108,-1.0293595790863037,-12.6167854,0.03,150.0
71040,8,8028,1110,0.9015927910804749,0.1596805602312088,0.0007,-2.126253366470337,1109,0.5118389129638672,-12.6167854,0.03,150.0
71104,8,8026,1111,-2.554352045059204,1.5930249691009521,0.0007,-2.134415626525879,1110,1.3970670700073242,-12.6167854,0.03,150.0
71168,8,8025,1112,0.47378432750701904,0.23255154490470886,0.0007,-2.148881196975708,1111,-0.5375421643257141,-12.6167854,0.03,150.0
71232,8,8024,1113,0.5321547985076904,0.6458786725997925,0.0007,-2.1300125122070312,1112,-0.6737946271896362,-12.6167854,0.03,150.0
71296,8,8023,1114,-0.01983463764190674,4.361542701721191,0.0007,-2.089071750640869,1113,0.8696269989013672,-12.6167854,0.03,150.0
71360,8,8021,1115,0.022228240966796875,4.0576677322387695,0.0007,-2.061699390411377,1114,2.804084300994873,-12.6167854,0.03,150.0
71424,8,8016,1116,0.026262998580932617,2.0901198387145996,0.0007,-2.0391907691955566,1115,0.8283553123474121,-12.56899399,0.03,150.0
71488,8,8013,1117,0.9816009402275085,0.5891398191452026,0.0007,-2.0257248878479004,1116,-0.5167053937911987,-12.56899399,0.03,150.0
71552,8,8002,1118,0.77599036693573,0.2684440314769745,0.0007,-2.0538854598999023,1117,-0.35149651765823364,-12.56899399,0.03,150.0
71616,8,7984,1119,0.663650393486023,0.5885412096977234,0.0007,-2.1027231216430664,1118,-0.32927119731903076,-12.56899399,0.03,150.0
71680,9,7964,1120,0.6267441511154175,0.81707364320755,0.0007,-2.1352062225341797,1119,-1.562103033065796,-12.56899399,0.03,150.0
71744,9,7945,1121,0.06846660375595093,0.29787251353263855,0.0007,-2.1420812606811523,1120,-0.3618583679199219,-12.56899399,0.03,150.0
71808,9,7939,1122,0.03723776340484619,2.567593574523926,0.0007,-2.1350367069244385,1121,1.336143970489502,-12.56899399,0.03,150.0
71872,9,7935,1123,0.150016188621521,1.9105643033981323,0.0007,-2.0793232917785645,1122,0.8636947870254517,-12.56899399,0.03,150.0
71936,9,7934,1124,0.04661095142364502,1.2913432121276855,0.0007,-2.0341293811798096,1123,-0.9407892823219299,-12.56899399,0.03,150.0
72000,9,7931,1125,0.1085658073425293,1.102792739868164,0.0007,-2.026883840560913,1124,-0.8443612456321716,-13.072984289999999,0.03,150.0
72064,9,7928,1126,-0.08877944946289062,0.4712453782558441,0.0007,-1.995457649230957,1125,-0.838333785533905,-13.072984289999999,0.03,150.0
72128,9,7924,1127,0.7334766387939453,0.4630761444568634,0.0007,-2.048752784729004,1126,-0.2192695438861847,-13.072984289999999,0.03,150.0
72192,9,7922,1128,0.5731231570243835,2.4617514610290527,0.0007,-2.0378103256225586,1127,1.1380877494812012,-13.072984289999999,0.03,150.0
72256,9,7918,1129,0.8799780607223511,0.5035659074783325,0.0007,-2.0827670097351074,1128,0.5267447829246521,-13.072984289999999,0.03,150.0
72320,9,7915,1130,0.694853663444519,2.7920093536376953,0.0007,-2.082371473312378,1129,2.959268569946289,-13.072984289999999,0.03,150.0
72384,9,7911,1131,0.5742977857589722,2.2012953758239746,0.0007,-2.090644359588623,1130,1.7214727401733398,-13.072984289999999,0.03,150.0
72448,9,7909,1132,0.7348110675811768,1.680465817451477,0.0007,-2.0511457920074463,1131,-1.6885876655578613,-13.072984289999999,0.03,150.0
72512,9,7905,1133,0.7658663988113403,0.39642393589019775,0.0007,-1.995470643043518,1132,-0.2678297758102417,-13.072984289999999,0.03,150.0
72576,9,7903,1134,-0.24847042560577393,1.107133150100708,0.0007,-2.041353702545166,1133,-0.13656342029571533,-13.072984289999999,0.03,150.0
72640,9,7901,1135,0.27160781621932983,3.343541145324707,0.0007,-2.0512585639953613,1134,0.9957808256149292,-13.063890559999999,0.03,150.0
72704,9,7900,1136,0.9881225824356079,0.2926476001739502,0.0007,-1.9464426040649414,1135,-0.15384402871131897,-13.063890559999999,0.03,150.0
72768,9,7897,1137,0.594170331954956,1.182121992111206,0.0007,-1.9663290977478027,1136,0.604352593421936,-13.063890559999999,0.03,150.0
72832,9,7895,1138,0.40663278102874756,3.5377469062805176,0.0007,-2.03489089012146,1137,0.14215491712093353,-13.063890559999999,0.03,150.0
72896,9,7894,1139,0.8719342947006226,0.6633004546165466,0.0007,-2.056656837463379,1138,-0.670988917350769,-13.063890559999999,0.03,150.0
72960,9,7893,1140,0.7517390251159668,2.808164596557617,0.0007,-2.0498290061950684,1139,2.625331163406372,-13.063890559999999,0.03,150.0
73024,9,7887,1141,0.828262448310852,1.9534077644348145,0.0007,-2.0517053604125977,1140,1.9174515008926392,-13.063890559999999,0.03,150.0
73088,9,7882,1142,0.9703868627548218,0.18706203997135162,0.0007,-2.056973457336426,1141,-0.26490840315818787,-13.063890559999999,0.03,150.0
73152,9,7880,1143,0.7707245945930481,1.2916102409362793,0.0007,-2.0075764656066895,1142,-1.601935625076294,-13.063890559999999,0.03,150.0
73216,9,7879,1144,0.7248493432998657,1.4981255531311035,0.0007,-1.974802851676941,1143,-1.5477428436279297,-13.158122850000002,0.03,150.0
73280,9,7878,1145,0.9846696257591248,0.5681948661804199,0.0007,-1.9601080417633057,1144,-0.8137199878692627,-13.158122850000002,0.03,150.0
73344,9,7872,1146,0.1214401125907898,1.2349525690078735,0.0007,-1.9674019813537598,1145,-0.5061600208282471,-13.158122850000002,0.03,150.0
73408,9,7867,1147,0.3812495470046997,1.6937689781188965,0.0007,-2.0245583057403564,1146,0.02487775683403015,-13.158122850000002,0.03,150.0
73472,9,7858,1148,0.7882252931594849,0.8836332559585571,0.0007,-2.0664730072021484,1147,-1.4014647006988525,-13.158122850000002,0.03,150.0
73536,9,7856,1149,0.7555816173553467,0.43964070081710815,0.0007,-2.104213237762451,1148,-0.12355346232652664,-13.158122850000002,0.03,150.0
73600,9,7854,1150,-0.7371920347213745,3.8366942405700684,0.0007,-2.120762825012207,1149,2.486388921737671,-13.158122850000002,0.03,150.0
73664,9,7854,1151,0.4681692123413086,3.0831243991851807,0.0007,-2.103001117706299,1150,2.8808090686798096,-13.158122850000002,0.03,150.0
73728,9,7853,1152,0.3161153197288513,2.3217673301696777,0.0007,-2.074436902999878,1151,0.7375503778457642,-13.158122850000002,0.03,150.0
73792,9,7852,1153,0.5337226986885071,0.7492422461509705,0.0007,-2.0858213901519775,1152,-0.13163858652114868,-13.158122850000002,0.03,150.0
73856,9,7849,1154,0.059547483921051025,0.9027326107025146,0.0007,-2.0704867839813232,1153,0.013085901737213135,-13.09509578,0.03,150.0
73920,9,7849,1155,0.9752610325813293,0.30182239413261414,0.0007,-1.9974709749221802,1154,0.5446910262107849,-13.09509578,0.03,150.0
73984,9,7849,1156,0.6233566403388977,1.502424716949463,0.0007,-2.0471277236938477,1155,1.3553411960601807,-13.09509578,0.03,150.0
74048,9,7849,1157,-0.621975302696228,5.699322700500488,0.0007,-2.080204486846924,1156,2.3093338012695312,-13.09509578,0.03,150.0
74112,9,7849,1158,0.1668650507926941,4.364500999450684,0.0007,-2.0883095264434814,1157,-3.129023313522339,-13.09509578,0.03,150.0
74176,9,7846,1159,0.6661595702171326,2.0358688831329346,0.0007,-2.103027820587158,1158,-0.2256927192211151,-13.09509578,0.03,150.0
74240,9,7845,1160,0.7240200042724609,1.1409521102905273,0.0007,-2.0901734828948975,1159,-1.6815245151519775,-13.09509578,0.03,150.0
74304,9,7844,1161,0.6380659341812134,0.6901326179504395,0.0007,-2.0511226654052734,1160,-0.967526912689209,-13.09509578,0.03,150.0
74368,9,7844,1162,0.21101415157318115,0.7566095590591431,0.0007,-2.033147096633911,1161,-1.1078530550003052,-13.09509578,0.03,150.0
74432,9,7844,1163,0.05466121435165405,1.287708044052124,0.0007,-2.003328561782837,1162,-1.6641061305999756,-12.979169429999999,0.03,150.0
74496,9,7842,1164,0.9969254732131958,0.18004418909549713,0.0007,-1.9417555332183838,1163,-0.437204509973526,-12.979169429999999,0.03,150.0
74560,9,7840,1165,0.5589202642440796,0.9658875465393066,0.0007,-1.9562479257583618,1164,-0.6589064598083496,-12.979169429999999,0.03,150.0
74624,9,7839,1166,0.25416630506515503,1.7044034004211426,0.0007,-2.0574612617492676,1165,-1.4288263320922852,-12.979169429999999,0.03,150.0
74688,9,7839,1167,0.919796347618103,0.10197862237691879,0.0007,-2.0952889919281006,1166,-0.24411541223526,-12.979169429999999,0.03,150.0
74752,9,7839,1168,0.8692231178283691,0.19068919122219086,0.0007,-2.1129775047302246,1167,-0.04866202548146248,-12.979169429999999,0.03,150.0
74816,9,7839,1169,0.40006595849990845,3.074215888977051,0.0007,-2.108548641204834,1168,2.1999807357788086,-12.979169429999999,0.03,150.0
74880,9,7839,1170,-0.14408111572265625,4.384099006652832,0.0007,-2.1090986728668213,1169,2.19132137298584,-12.979169429999999,0.03,150.0
74944,9,7839,1171,0.3485662341117859,0.8514819145202637,0.0007,-2.082979202270508,1170,0.7842291593551636,-12.979169429999999,0.03,150.0
75008,9,7827,1172,0.40325742959976196,0.906545102596283,0.0007,-2.008709192276001,1171,-0.37857043743133545,-12.823748300000002,0.03,150.0
75072,9,7825,1173,0.9421849846839905,0.5192476511001587,0.0007,-2.027442693710327,1172,-0.369773805141449,-12.823748300000002,0.03,150.0
75136,9,7824,1174,0.7181661128997803,0.4838775396347046,0.0007,-2.0162525177001953,1173,0.6891244053840637,-12.823748300000002,0.03,150.0
75200,9,7825,1175,-0.3283447027206421,2.6472814083099365,0.0007,-2.076335906982422,1174,1.3410820960998535,-12.823748300000002,0.03,150.0
75264,9,7824,1176,0.6419374942779541,0.8900009989738464,0.0007,-2.1097898483276367,1175,1.4995771646499634,-12.823748300000002,0.03,150.0
75328,9,7824,1177,0.6009951829910278,2.224473476409912,0.0007,-2.1247410774230957,1176,1.4333560466766357,-12.823748300000002,0.03,150.0
75392,9,7823,1178,0.6802946329116821,4.407119274139404,0.0007,-2.1021125316619873,1177,1.2992875576019287,-12.823748300000002,0.03,150.0
75456,9,7822,1179,0.6461166143417358,3.4615085124969482,0.0007,-2.094543933868408,1178,0.6717978715896606,-12.823748300000002,0.03,150.0
75520,9,7822,1180,0.5788824558258057,2.1603188514709473,0.0007,-2.0516610145568848,1179,-1.3962162733078003,-12.823748300000002,0.03,150.0
75584,9,7819,1181,0.5252482891082764,2.3391647338867188,0.0007,-1.9749493598937988,1180,-0.6199235320091248,-12.823748300000002,0.03,150.0
75648,9,7817,1182,0.8158211708068848,0.3759256899356842,0.0007,-1.9960193634033203,1181,-0.8966131210327148,-12.621548370000003,0.03,150.0
75712,9,7817,1183,0.9948142170906067,0.1596812903881073,0.0007,-2.021646022796631,1182,-0.017847903072834015,-12.621548370000003,0.03,150.0
75776,9,7817,1184,0.734917402267456,0.9092594981193542,0.0007,-2.0493435859680176,1183,0.26778778433799744,-12.621548370000003,0.03,150.0
75840,9,7818,1185,0.9033771753311157,1.779115080833435,0.0007,-2.0901355743408203,1184,-1.9778904914855957,-12.621548370000003,0.03,150.0
75904,9,7818,1186,0.9410514831542969,1.7931067943572998,0.0007,-2.110621690750122,1185,-1.8182803392410278,-12.621548370000003,0.03,150.0
75968,9,7819,1187,0.7468918561935425,2.7711992263793945,0.0007,-2.1141531467437744,1186,-0.13635149598121643,-12.621548370000003,0.03,150.0
76032,9,7820,1188,0.9448343515396118,0.46087634563446045,0.0007,-2.1005685329437256,1187,-0.2862389087677002,-12.621548370000003,0.03,150.0
76096,9,7821,1189,0.9260322451591492,0.4234066903591156,0.0007,-2.108609437942505,1188,-0.46590033173561096,-12.621548370000003,0.03,150.0
76160,9,7822,1190,0.8869134187698364,0.34604889154434204,0.0007,-2.113853693008423,1189,0.42299598455429077,-12.621548370000003,0.03,150.0
76224,9,7823,1191,0.7958077192306519,0.9045413732528687,0.0007,-2.0908284187316895,1190,0.4793380796909332,-12.719076000000003,0.03,150.0
76288,9,7824,1192,0.9849808216094971,0.4620070457458496,0.0007,-2.0209600925445557,1191,-0.17157931625843048,-12.719076000000003,0.03,150.0
76352,9,7825,1193,0.9285262823104858,0.2317364364862442,0.0007,-2.0330495834350586,1192,-0.551813006401062,-12.719076000000003,0.03,150.0
76416,9,7825,1194,0.6632415056228638,1.115100622177124,0.0007,-2.091843843460083,1193,-0.8513708710670471,-12.719076000000003,0.03,150.0
76480,9,7826,1195,0.7995967864990234,0.5815582275390625,0.0007,-2.1124143600463867,1194,-0.9731287956237793,-12.719076000000003,0.03,150.0
76544,9,7827,1196,0.5681592226028442,3.7054646015167236,0.0007,-2.117217540740967,1195,2.8112266063690186,-12.719076000000003,0.03,150.0
76608,9,7828,1197,-0.11097514629364014,2.157318115234375,0.0007,-2.0974669456481934,1196,-0.22934924066066742,-12.719076000000003,0.03,150.0
76672,9,7829,1198,0.10315752029418945,1.7105803489685059,0.0007,-2.0610287189483643,1197,-0.4080662727355957,-12.719076000000003,0.03,150.0
76736,9,7829,1199,-1.0750408172607422,0.44581398367881775,0.0007,-2.0226023197174072,1198,-0.6228146553039551,-12.719076000000003,0.03,150.0
76800,9,7830,1200,-0.02980506420135498,1.6633145809173584,0.0007,-2.0084228515625,1199,-0.1615789532661438,-12.731220179999998,0.03,150.0
76864,9,7830,1201,0.007488906383514404,0.9180572628974915,0.0007,-2.066499710083008,1200,0.3701651692390442,-12.731220179999998,0.03,150.0
76928,9,7831,1202,0.49305427074432373,0.986143171787262,0.0007,-1.9994009733200073,1201,1.1948366165161133,-12.731220179999998,0.03,150.0
76992,9,7832,1203,0.5657432675361633,3.950578212738037,0.0007,-2.0575413703918457,1202,1.3619585037231445,-12.731220179999998,0.03,150.0
77056,9,7833,1204,0.9260133504867554,0.7518682479858398,0.0007,-2.087934732437134,1203,0.8098720908164978,-12.731220179999998,0.03,150.0
77120,9,7833,1205,0.820336103439331,1.740596055984497,0.0007,-2.085756778717041,1204,1.2317484617233276,-12.731220179999998,0.03,150.0
77184,9,7834,1206,0.9548880457878113,0.35828548669815063,0.0007,-2.0888683795928955,1205,0.3675260543823242,-12.731220179999998,0.03,150.0
77248,9,7835,1207,0.8424502611160278,0.6215031147003174,0.0007,-2.1098134517669678,1206,-0.32997047901153564,-12.731220179999998,0.03,150.0
77312,9,7835,1208,0.48095953464508057,1.063894510269165,0.0007,-2.0942745208740234,1207,0.02098716050386429,-12.731220179999998,0.03,150.0
77376,9,7836,1209,0.8565942645072937,0.44208768010139465,0.0007,-2.0931882858276367,1208,-0.9775184392929077,-12.731220179999998,0.03,150.0
77440,9,7837,1210,0.8450875878334045,0.15483373403549194,0.0007,-2.0742366313934326,1209,-0.3021921217441559,-12.467407019999998,0.03,150.0
77504,9,7838,1211,0.9948261976242065,0.21929040551185608,0.0007,-2.053295135498047,1210,-0.5127246379852295,-12.467407019999998,0.03,150.0
77568,9,7838,1212,0.8533596396446228,0.5732712149620056,0.0007,-2.101417303085327,1211,0.551418662071228,-12.467407019999998,0.03,150.0
77632,9,7838,1213,0.9372975826263428,0.3196084499359131,0.0007,-2.1139917373657227,1212,0.22998477518558502,-12.467407019999998,0.03,150.0
77696,9,7839,1214,0.8645268678665161,1.7421141862869263,0.0007,-2.122994899749756,1213,1.319839596748352,-12.467407019999998,0.03,150.0
77760,9,7840,1215,0.897363007068634,0.9979633092880249,0.0007,-2.1266655921936035,1214,-1.0820162296295166,-12.467407019999998,0.03,150.0
77824,9,7839,1216,-0.12766969203948975,3.9325873851776123,0.0007,-2.1286449432373047,1215,-0.3240104913711548,-12.467407019999998,0.03,150.0
77888,9,7840,1217,0.6426500082015991,2.3989548683166504,0.0007,-2.1078126430511475,1216,-0.24256661534309387,-12.467407019999998,0.03,150.0
77952,9,7841,1218,0.48198944330215454,1.2928096055984497,0.0007,-2.1086249351501465,1217,-0.7667223215103149,-12.467407019999998,0.03,150.0
78016,9,7841,1219,0.6263707876205444,0.8568498492240906,0.0007,-2.08998966217041,1218,-1.3325930833816528,-12.7177401,0.02,150.0
78080,9,7842,1220,0.9759978652000427,0.7331080436706543,0.0007,-2.068049907684326,1219,0.6258534789085388,-12.7177401,0.02,150.0
78144,9,7842,1221,0.605629563331604,2.101818561553955,0.0007,-2.046097755432129,1220,2.16650390625,-12.7177401,0.02,150.0
78208,9,7842,1222,0.7802740335464478,1.6036474704742432,0.0007,-2.0793673992156982,1221,0.5746114253997803,-12.7177401,0.02,150.0
78272,9,7842,1223,0.9240759611129761,1.4648427963256836,0.0007,-2.118417739868164,1222,-1.6562230587005615,-12.7177401,0.02,150.0
78336,9,7843,1224,0.966349720954895,0.4902254343032837,0.0007,-2.1247096061706543,1223,-0.31171560287475586,-12.7177401,0.02,150.0
78400,9,7843,1225,0.9393659830093384,0.4650660455226898,0.0007,-2.126668930053711,1224,0.07228843122720718,-12.7177401,0.02,150.0
78464,10,7843,1226,0.8370846509933472,2.01347017288208,0.0007,-2.1203596591949463,1225,1.8653587102890015,-12.7177401,0.02,150.0
78528,10,7843,1227,0.3871896266937256,3.6718950271606445,0.0007,-2.0968918800354004,1226,1.9344431161880493,-12.7177401,0.02,150.0
78592,10,7843,1228,0.5102048516273499,4.638657093048096,0.0007,-2.0873000621795654,1227,1.4907197952270508,-12.7177401,0.02,150.0
78656,10,7842,1229,-1.0297367572784424,3.4990134239196777,0.0007,-2.063591957092285,1228,0.7994499206542969,-12.003529420000001,0.02,150.0
78720,10,7843,1230,0.9595733880996704,0.5363337397575378,0.0007,-2.0784225463867188,1229,-0.5048772096633911,-12.003529420000001,0.02,150.0
78784,10,7844,1231,0.5538469552993774,1.930473804473877,0.0007,-2.125624418258667,1230,-0.07279232144355774,-12.003529420000001,0.02,150.0
78848,10,7844,1232,0.9092835187911987,0.8989415168762207,0.0007,-2.134490966796875,1231,1.153220772743225,-12.003529420000001,0.02,150.0
78912,10,7844,1233,0.9325213432312012,0.8498393297195435,0.0007,-2.1350784301757812,1232,-0.9936633706092834,-12.003529420000001,0.02,150.0
78976,10,7844,1234,0.7245702743530273,2.7776119709014893,0.0007,-2.117307186126709,1233,1.2888963222503662,-12.003529420000001,0.02,150.0
79040,10,7844,1235,0.8518380522727966,0.901806116104126,0.0007,-2.1018922328948975,1234,-0.39787134528160095,-12.003529420000001,0.02,150.0
79104,10,7845,1236,0.8736556768417358,1.055756688117981,0.0007,-2.0912437438964844,1235,-0.3233930468559265,-12.003529420000001,0.02,150.0
79168,10,7845,1237,0.9144065976142883,0.9090386629104614,0.0007,-2.072430372238159,1236,-1.060760259628296,-12.003529420000001,0.02,150.0
79232,10,7845,1238,0.635211706161499,1.3480784893035889,0.0007,-2.0710415840148926,1237,-1.408823013305664,-12.308926060000001,0.02,150.0
79296,10,7846,1239,0.988707423210144,0.6075906753540039,0.0007,-2.0662412643432617,1238,-1.0894824266433716,-12.308926060000001,0.02,150.0
79360,10,7846,1240,0.72663414478302,0.5249195098876953,0.0007,-2.1064372062683105,1239,-1.2116868495941162,-12.308926060000001,0.02,150.0
79424,10,7846,1241,0.2517419457435608,0.8364975452423096,0.0007,-2.138908624649048,1240,-0.5485057830810547,-12.308926060000001,0.02,150.0
79488,10,7847,1242,0.6720058917999268,0.964268147945404,0.0007,-2.126164436340332,1241,0.38563257455825806,-12.308926060000001,0.02,150.0
79552,10,7847,1243,0.8910530209541321,0.1577567160129547,0.0007,-2.130598783493042,1242,0.1926952302455902,-12.308926060000001,0.02,150.0
79616,10,7848,1244,-0.3851907253265381,2.175053834915161,0.0007,-2.1151835918426514,1243,1.8595855236053467,-12.308926060000001,0.02,150.0
79680,10,7849,1245,-0.0660027265548706,11.85220718383789,0.0007,-2.08500599861145,1244,4.768244743347168,-12.308926060000001,0.02,150.0
79744,10,7849,1246,-0.025119900703430176,1.4577821493148804,0.0007,-2.055147647857666,1245,1.1953070163726807,-12.308926060000001,0.02,150.0
79808,10,7849,1247,0.7342349290847778,0.2292429506778717,0.0007,-2.060328960418701,1246,-0.3839868903160095,-11.908579079999997,0.02,150.0
79872,10,7849,1248,0.9394927620887756,0.7533313035964966,0.0007,-2.016263961791992,1247,0.029370784759521484,-11.908579079999997,0.02,150.0
79936,10,7849,1249,0.6289886236190796,0.736710786819458,0.0007,-1.9670379161834717,1248,0.4329855144023895,-11.908579079999997,0.02,150.0
80000,10,7849,1250,0.7701393365859985,0.7528303265571594,0.0007,-2.0402421951293945,1249,0.6612789630889893,-11.908579079999997,0.02,150.0
80064,10,7850,1251,0.8795071840286255,1.3951513767242432,0.0007,-2.0599567890167236,1250,-0.641616940498352,-11.908579079999997,0.02,150.0
80128,10,7851,1252,0.8848318457603455,1.1455823183059692,0.0007,-2.0693681240081787,1251,0.4198377728462219,-11.908579079999997,0.02,150.0
80192,10,7851,1253,0.8836010694503784,0.8395817279815674,0.0007,-2.056046485900879,1252,-0.7025132179260254,-11.908579079999997,0.02,150.0
80256,10,7852,1254,0.7967219352722168,0.5959087610244751,0.0007,-2.0561819076538086,1253,-0.018989592790603638,-11.908579079999997,0.02,150.0
80320,10,7853,1255,0.904778778553009,0.27555257081985474,0.0007,-2.019244909286499,1254,-0.6825571656227112,-11.908579079999997,0.02,150.0
80384,10,7854,1256,0.6076653003692627,0.5724765658378601,0.0007,-2.0148515701293945,1255,-1.1649926900863647,-11.908579079999997,0.02,150.0
80448,10,7854,1257,0.5710291862487793,0.23668447136878967,0.0007,-1.9972736835479736,1256,-0.04433300346136093,-12.335581510000003,0.02,150.0
80512,10,7855,1258,0.9422305226325989,0.9307754039764404,0.0007,-1.995686411857605,1257,-0.12167990952730179,-12.335581510000003,0.02,150.0
80576,10,7856,1259,0.5068087577819824,0.44575828313827515,0.0007,-2.0192880630493164,1258,0.6175122857093811,-12.335581510000003,0.02,150.0
80640,10,7857,1260,0.007895827293395996,1.0885438919067383,0.0007,-2.039083480834961,1259,0.5756773352622986,-12.335581510000003,0.02,150.0
80704,10,7858,1261,-0.3815106153488159,1.3892405033111572,0.0007,-2.082057476043701,1260,0.8579076528549194,-12.335581510000003,0.02,150.0
80768,10,7859,1262,0.23347824811935425,1.9377250671386719,0.0007,-2.083585262298584,1261,0.4602280259132385,-12.335581510000003,0.02,150.0
80832,10,7859,1263,0.6268404722213745,3.4555001258850098,0.0007,-2.0947070121765137,1262,1.1711890697479248,-12.335581510000003,0.02,150.0
80896,10,7859,1264,0.771782636642456,1.1181585788726807,0.0007,-2.077735424041748,1263,-1.345414638519287,-12.335581510000003,0.02,150.0
80960,10,7860,1265,0.7964034080505371,0.5385050177574158,0.0007,-2.0857362747192383,1264,-0.8870665431022644,-12.335581510000003,0.02,150.0
81024,10,7860,1266,-0.11492013931274414,3.806346893310547,0.0007,-2.0846142768859863,1265,1.767688512802124,-12.45037459,0.02,150.0
81088,10,7861,1267,0.9897315502166748,0.31656354665756226,0.0007,-2.0569379329681396,1266,0.037125736474990845,-12.45037459,0.02,150.0
81152,10,7861,1268,0.37627506256103516,1.331913709640503,0.0007,-1.9891802072525024,1267,0.8808110952377319,-12.45037459,0.02,150.0
81216,10,7862,1269,0.8881090879440308,0.5822333097457886,0.0007,-2.046360969543457,1268,-0.30803465843200684,-12.45037459,0.02,150.0
81280,10,7863,1270,0.764080822467804,1.134114384651184,0.0007,-2.057915449142456,1269,-0.8959923982620239,-12.45037459,0.02,150.0
81344,10,7864,1271,0.6096261739730835,0.8586370944976807,0.0007,-2.0737056732177734,1270,0.026750613003969193,-12.45037459,0.02,150.0
81408,10,7865,1272,0.6840969324111938,0.5518670082092285,0.0007,-2.108865261077881,1271,0.25455793738365173,-12.45037459,0.02,150.0
81472,10,7866,1273,0.7135939598083496,0.1395758092403412,0.0007,-2.0927882194519043,1272,-0.15294353663921356,-12.45037459,0.02,150.0
81536,10,7867,1274,0.5384295582771301,0.37758466601371765,0.0007,-2.0902299880981445,1273,-0.6384941339492798,-12.45037459,0.02,150.0
81600,10,7867,1275,-0.030794858932495117,2.0232391357421875,0.0007,-2.0943374633789062,1274,0.5159416198730469,-12.46688737,0.02,150.0
81664,10,7868,1276,0.1138753890991211,1.3674371242523193,0.0007,-2.0827250480651855,1275,-0.2278897762298584,-12.46688737,0.02,150.0
81728,10,7869,1277,0.8204710483551025,0.5364928245544434,0.0007,-2.034503698348999,1276,-0.7901395559310913,-12.46688737,0.02,150.0
81792,10,7870,1278,0.8951309323310852,0.3570212721824646,0.0007,-2.0854830741882324,1277,0.3570490777492523,-12.46688737,0.02,150.0
81856,10,7871,1279,0.5524641275405884,5.453122138977051,0.0007,-2.114315986633301,1278,1.936497449874878,-12.46688737,0.02,150.0
81920,10,7872,1280,0.8355243802070618,3.4068455696105957,0.0007,-2.131981372833252,1279,1.732566237449646,-12.46688737,0.02,150.0
81984,10,7873,1281,0.8752339482307434,1.2989165782928467,0.0007,-2.122253894805908,1280,0.8062126040458679,-12.46688737,0.02,150.0
82048,10,7874,1282,0.914021372795105,3.366133689880371,0.0007,-2.121455669403076,1281,3.236258029937744,-12.46688737,0.02,150.0
82112,10,7875,1283,0.9181048274040222,1.2355220317840576,0.0007,-2.1550509929656982,1282,-1.1208560466766357,-12.46688737,0.02,150.0
82176,10,7875,1284,0.8997143507003784,1.1402838230133057,0.0007,-2.1268420219421387,1283,0.7186856269836426,-12.46688737,0.02,150.0
82240,10,7876,1285,0.8752228021621704,1.7360349893569946,0.0007,-2.131209373474121,1284,1.9959442615509033,-12.149825539999997,0.02,150.0
82304,10,7877,1286,0.9826090335845947,0.7022029161453247,0.0007,-2.0245392322540283,1285,0.7048155665397644,-12.149825539999997,0.02,150.0
82368,10,7878,1287,0.803290843963623,1.835972547531128,0.0007,-2.0671067237854004,1286,-1.4729118347167969,-12.149825539999997,0.02,150.0
82432,10,7879,1288,0.6210014820098877,4.148031711578369,0.0007,-2.1122183799743652,1287,1.8671811819076538,-12.149825539999997,0.02,150.0
82496,10,7880,1289,0.8914204835891724,2.0360589027404785,0.0007,-2.124901056289673,1288,-0.682077169418335,-12.149825539999997,0.02,150.0
82560,10,7881,1290,0.6612234115600586,4.388291358947754,0.0007,-2.128037452697754,1289,2.1898181438446045,-12.149825539999997,0.02,150.0
82624,10,7882,1291,0.638967752456665,2.2887768745422363,0.0007,-2.1436378955841064,1290,-0.8422216773033142,-12.149825539999997,0.02,150.0
82688,10,7883,1292,0.8757293224334717,1.2755273580551147,0.0007,-2.126436233520508,1291,-2.01796555519104,-12.149825539999997,0.02,150.0
82752,10,7884,1293,0.31961584091186523,5.977755069732666,0.0007,-2.121732234954834,1292,1.7736544609069824,-12.149825539999997,0.02,150.0
82816,10,7885,1294,0.7079794406890869,1.4752376079559326,0.0007,-2.1311097145080566,1293,-0.7002606987953186,-12.00149427,0.02,150.0
82880,10,7886,1295,0.9956089854240417,0.3631904125213623,0.0007,-2.0940423011779785,1294,-0.9416429996490479,-12.00149427,0.02,150.0
82944,10,7887,1296,0.3325686454772949,0.8412179946899414,0.0007,-2.073033332824707,1295,-0.9499046802520752,-12.00149427,0.02,150.0
83008,10,7888,1297,0.5422133207321167,1.065232753753662,0.0007,-2.111063003540039,1296,0.8386701345443726,-12.00149427,0.02,150.0
83072,10,7889,1298,0.5531977415084839,0.5412858724594116,0.0007,-2.113292932510376,1297,-0.5795940160751343,-12.00149427,0.02,150.0
83136,10,7890,1299,0.3118335008621216,6.990582466125488,0.0007,-2.097325325012207,1298,3.166545867919922,-12.00149427,0.02,150.0
83200,10,7891,1300,0.5955879092216492,2.0087130069732666,0.0007,-2.0909156799316406,1299,-0.9983204007148743,-12.00149427,0.02,150.0
83264,10,7892,1301,0.25404077768325806,3.1766576766967773,0.0007,-2.087841510772705,1300,1.1217145919799805,-12.00149427,0.02,150.0
83328,10,7893,1302,0.833104133605957,0.6596617102622986,0.0007,-2.1095426082611084,1301,-0.0892217829823494,-12.00149427,0.02,150.0
83392,10,7894,1303,0.45092713832855225,2.9423828125,0.0007,-2.101714611053467,1302,0.6535171270370483,-12.00149427,0.02,150.0
83456,10,7895,1304,0.4727191925048828,1.4091240167617798,0.0007,-2.086132526397705,1303,-0.07122861593961716,-11.914322870000001,0.02,150.0
83520,10,7896,1305,0.8972232937812805,1.439639687538147,0.0007,-2.0147576332092285,1304,-0.4844921827316284,-11.914322870000001,0.02,150.0
83584,10,7897,1306,0.7100750207901001,1.91716468334198,0.0007,-2.0718441009521484,1305,2.0750324726104736,-11.914322870000001,0.02,150.0
83648,10,7898,1307,0.46303892135620117,2.0457398891448975,0.0007,-2.1121411323547363,1306,2.103484630584717,-11.914322870000001,0.02,150.0
83712,10,7899,1308,0.8115431070327759,3.8528623580932617,0.0007,-2.127837657928467,1307,3.5086376667022705,-11.914322870000001,0.02,150.0
83776,10,7901,1309,0.8498477935791016,1.5630741119384766,0.0007,-2.125166893005371,1308,0.8778836131095886,-11.914322870000001,0.02,150.0
83840,10,7902,1310,0.9326002597808838,1.0634844303131104,0.0007,-2.1166839599609375,1309,-0.30477917194366455,-11.914322870000001,0.02,150.0
83904,10,7903,1311,0.9220282435417175,2.65563702583313,0.0007,-2.1160993576049805,1310,-0.6412054300308228,-11.914322870000001,0.02,150.0
83968,10,7904,1312,0.9636877179145813,1.8549256324768066,0.0007,-2.1308207511901855,1311,-1.025797963142395,-11.914322870000001,0.02,150.0
84032,10,7905,1313,0.9748649001121521,1.395643949508667,0.0007,-2.1333820819854736,1312,0.5482366681098938,-11.742686249999998,0.03,150.0
84096,10,7906,1314,0.9735216498374939,2.2672290802001953,0.0007,-2.0838544368743896,1313,0.8863140940666199,-11.742686249999998,0.03,150.0
84160,10,7907,1315,0.7758909463882446,1.350039005279541,0.0007,-2.0821502208709717,1314,-0.15017876029014587,-11.742686249999998,0.03,150.0
84224,10,7908,1316,0.8879178166389465,2.9371321201324463,0.0007,-2.1155781745910645,1315,-0.5706354379653931,-11.742686249999998,0.03,150.0
84288,10,7910,1317,0.9005781412124634,2.8081908226013184,0.0007,-2.1329801082611084,1316,-0.9140828251838684,-11.742686249999998,0.03,150.0
84352,10,7911,1318,0.6523349285125732,3.1075680255889893,0.0007,-2.134457588195801,1317,-0.12062562257051468,-11.742686249999998,0.03,150.0
84416,10,7911,1319,-0.7676635980606079,4.639723777770996,0.0007,-2.116659164428711,1318,1.0754258632659912,-11.742686249999998,0.03,150.0
84480,10,7911,1320,0.10505998134613037,3.5233681201934814,0.0007,-2.1059553623199463,1319,-2.5005292892456055,-11.742686249999998,0.03,150.0
84544,10,7912,1321,0.6080639958381653,1.9425544738769531,0.0007,-2.11598539352417,1320,-1.8958271741867065,-11.742686249999998,0.03,150.0
84608,10,7913,1322,0.6937333941459656,0.9565221667289734,0.0007,-2.1018500328063965,1321,-0.9359261989593506,-12.072622959999999,0.01,150.0
84672,10,7913,1323,0.9821920990943909,0.6508091688156128,0.0007,-2.1177101135253906,1322,-0.9130365252494812,-12.072622959999999,0.01,150.0
84736,10,7914,1324,-1.3348519802093506,1.483298897743225,0.0007,-1.9521479606628418,1323,-1.579662561416626,-12.072622959999999,0.01,150.0
84800,10,7914,1325,0.24872541427612305,1.4985072612762451,0.0007,-2.0067639350891113,1324,-0.8156086206436157,-12.072622959999999,0.01,150.0
84864,10,7915,1326,0.5386033058166504,2.9931488037109375,0.0007,-2.0354769229888916,1325,-0.5094801783561707,-12.072622959999999,0.01,150.0
84928,10,7915,1327,0.8713763952255249,1.1955549716949463,0.0007,-2.0342605113983154,1326,-0.4715464115142822,-12.072622959999999,0.01,150.0
84992,10,7916,1328,0.762919545173645,2.3585195541381836,0.0007,-2.0945985317230225,1327,-0.7270267009735107,-12.072622959999999,0.01,150.0
85056,10,7917,1329,0.7768266797065735,2.6191718578338623,0.0007,-2.0879323482513428,1328,0.2553926706314087,-12.072622959999999,0.01,150.0
85120,10,7918,1330,0.6670448780059814,1.755357027053833,0.0007,-2.079342842102051,1329,-1.6176698207855225,-12.072622959999999,0.01,150.0
85184,10,7919,1331,0.4409191608428955,0.8656822443008423,0.0007,-2.0748770236968994,1330,-1.5033624172210693,-12.072622959999999,0.01,150.0
85248,10,7920,1332,-0.0434345006942749,1.2627142667770386,0.0007,-2.0854458808898926,1331,-1.5178614854812622,-12.392480369999998,0.01,150.0
85312,10,7921,1333,0.9971060156822205,0.0981445387005806,0.0007,-2.021705150604248,1332,-0.18871819972991943,-12.392480369999998,0.01,150.0
85376,10,7921,1334,0.7612860202789307,0.4911593198776245,0.0007,-2.0923514366149902,1333,0.46526509523391724,-12.392480369999998,0.01,150.0
85440,10,7922,1335,0.740564227104187,1.3352632522583008,0.0007,-2.1034300327301025,1334,0.9590054154396057,-12.392480369999998,0.01,150.0
85504,10,7923,1336,0.5245195627212524,5.599817276000977,0.0007,-2.093614339828491,1335,2.481830358505249,-12.392480369999998,0.01,150.0
85568,10,7924,1337,0.9665328860282898,0.35356006026268005,0.0007,-2.122450351715088,1336,0.48987096548080444,-12.392480369999998,0.01,150.0
85632,10,7925,1338,-0.3863874673843384,5.6025776863098145,0.0007,-2.1097943782806396,1337,0.8424623012542725,-12.392480369999998,0.01,150.0
85696,10,7926,1339,0.3506314158439636,2.3955578804016113,0.0007,-2.1180310249328613,1338,-0.7680728435516357,-12.392480369999998,0.01,150.0
85760,10,7927,1340,0.8233214020729065,0.9527906775474548,0.0007,-2.1244256496429443,1339,-1.3753738403320312,-12.392480369999998,0.01,150.0
85824,10,7928,1341,0.8456813097000122,0.2682933807373047,0.0007,-2.124119758605957,1340,-0.7793012857437134,-12.22146828,0.01,150.0
85888,10,7929,1342,0.9910784959793091,0.4086540937423706,0.0007,-2.109471321105957,1341,-0.23414412140846252,-12.22146828,0.01,150.0
85952,10,7930,1343,0.8239182233810425,0.41384702920913696,0.0007,-2.100803852081299,1342,-0.4422469735145569,-12.22146828,0.01,150.0
86016,10,7929,1344,-1.0761561393737793,1.3297935724258423,0.0007,-2.1233859062194824,1343,0.36506539583206177,-12.22146828,0.01,150.0
86080,10,7929,1345,0.5076198577880859,1.911620020866394,0.0007,-2.1366004943847656,1344,-0.6267839670181274,-12.22146828,0.01,150.0
86144,10,7927,1346,0.6424221992492676,3.9886879920959473,0.0007,-2.1128416061401367,1345,1.8249253034591675,-12.22146828,0.01,150.0
86208,10,7921,1347,0.547290563583374,1.898954153060913,0.0007,-2.1195201873779297,1346,-1.6714048385620117,-12.22146828,0.01,150.0
86272,10,7917,1348,-0.7158876657485962,3.888866901397705,0.0007,-2.1077466011047363,1347,0.29747268557548523,-12.22146828,0.01,150.0
86336,10,7916,1349,0.4242652654647827,3.0238704681396484,0.0007,-2.113191604614258,1348,1.6335378885269165,-12.22146828,0.01,150.0
86400,10,7915,1350,-1.4098711013793945,3.5787835121154785,0.0007,-2.118319511413574,1349,2.2928850650787354,-11.844767560000001,0.01,150.0
86464,10,7914,1351,0.07408034801483154,0.4909731447696686,0.0007,-2.1260225772857666,1350,-0.8843781352043152,-11.844767560000001,0.01,150.0
86528,10,7913,1352,0.8602389693260193,0.1281042993068695,0.0007,-2.016153335571289,1351,-0.3465701639652252,-11.844767560000001,0.01,150.0
86592,10,7913,1353,0.6596211791038513,0.8075594305992126,0.0007,-2.0408687591552734,1352,0.6117086410522461,-11.844767560000001,0.01,150.0
86656,10,7912,1354,0.7411247491836548,0.9977571368217468,0.0007,-2.070436477661133,1353,-0.44648128747940063,-11.844767560000001,0.01,150.0
86720,10,7910,1355,0.7557052969932556,1.1312456130981445,0.0007,-2.0723378658294678,1354,0.9251476526260376,-11.844767560000001,0.01,150.0
86784,10,7907,1356,0.8340061902999878,0.9692513942718506,0.0007,-2.087425708770752,1355,1.3652324676513672,-11.844767560000001,0.01,150.0
86848,10,7905,1357,0.8282955884933472,1.559929609298706,0.0007,-2.095296859741211,1356,-1.1475374698638916,-11.844767560000001,0.01,150.0
86912,10,7904,1358,0.8998493552207947,1.218323826789856,0.0007,-2.117241144180298,1357,-1.383010983467102,-11.844767560000001,0.01,150.0
86976,11,7903,1359,0.923785388469696,0.3788508176803589,0.0007,-2.1144232749938965,1358,-0.6480690240859985,-11.844767560000001,0.01,150.0
87040,11,7902,1360,0.5804849863052368,0.7475671768188477,0.0007,-2.099266529083252,1359,-1.328006386756897,-11.647916159999998,0.01,150.0
87104,11,7902,1361,0.9966215491294861,0.12483835220336914,0.0007,-2.0248517990112305,1360,-0.07604321837425232,-11.647916159999998,0.01,150.0
87168,11,7902,1362,0.3003833293914795,0.8054515719413757,0.0007,-2.039562940597534,1361,0.8068616390228271,-11.647916159999998,0.01,150.0
87232,11,7902,1363,0.6432088613510132,1.8142677545547485,0.0007,-2.0740280151367188,1362,0.0407852828502655,-11.647916159999998,0.01,150.0
87296,11,7901,1364,0.7160707712173462,1.843569040298462,0.0007,-2.075950860977173,1363,0.9808692932128906,-11.647916159999998,0.01,150.0
87360,11,7900,1365,0.5560612678527832,9.366853713989258,0.0007,-2.074146032333374,1364,4.478832721710205,-11.647916159999998,0.01,150.0
87424,11,7901,1366,0.8886138200759888,0.8654765486717224,0.0007,-2.120795726776123,1365,-0.45001932978630066,-11.647916159999998,0.01,150.0
87488,11,7900,1367,0.8198196887969971,0.9041706919670105,0.0007,-2.1204206943511963,1366,-0.8750179409980774,-11.647916159999998,0.01,150.0
87552,11,7900,1368,0.2903789281845093,4.761857509613037,0.0007,-2.112715721130371,1367,1.6129143238067627,-11.647916159999998,0.01,150.0
87616,11,7900,1369,-1.8999316692352295,1.358465313911438,0.0007,-2.075511932373047,1368,0.27202117443084717,-11.22003594,0.01,150.0
87680,11,7899,1370,0.9787265062332153,0.6279417276382446,0.0007,-2.0876240730285645,1369,0.04107021540403366,-11.22003594,0.01,150.0
87744,11,7898,1371,0.6701886653900146,2.2840704917907715,0.0007,-1.990609049797058,1370,-2.3886914253234863,-11.22003594,0.01,150.0
87808,11,7898,1372,-0.56409752368927,1.374131679534912,0.0007,-2.0204708576202393,1371,-0.24781280755996704,-11.22003594,0.01,150.0
87872,11,7898,1373,0.3487985134124756,1.5054174661636353,0.0007,-2.0744194984436035,1372,-1.6505534648895264,-11.22003594,0.01,150.0
87936,11,7898,1374,0.20509660243988037,2.0636725425720215,0.0007,-2.0903077125549316,1373,1.4750560522079468,-11.22003594,0.01,150.0
88000,11,7897,1375,0.2791789174079895,0.632222592830658,0.0007,-2.0830445289611816,1374,0.49814561009407043,-11.22003594,0.01,150.0
88064,11,7897,1376,-0.1077878475189209,1.7216473817825317,0.0007,-2.066194534301758,1375,1.2025364637374878,-11.22003594,0.01,150.0
88128,11,7896,1377,0.1045377254486084,0.2520749866962433,0.0007,-2.015702247619629,1376,0.4132382571697235,-11.22003594,0.01,150.0
88192,11,7896,1378,0.09960722923278809,0.1938336342573166,0.0007,-1.988079309463501,1377,0.4598109722137451,-11.22003594,0.01,150.0
88256,11,7896,1379,0.0614476203918457,0.15209506452083588,0.0007,-2.039487838745117,1378,0.13226783275604248,-11.234549619999997,0.01,150.0
88320,11,7896,1380,0.9231275320053101,1.254978060722351,0.0007,-2.0008411407470703,1379,0.9775155782699585,-11.234549619999997,0.01,150.0
88384,11,7895,1381,0.24305939674377441,2.485114574432373,0.0007,-2.046834945678711,1380,-2.54605770111084,-11.234549619999997,0.01,150.0
88448,11,7895,1382,0.7325553894042969,0.7926619648933411,0.0007,-2.1072516441345215,1381,-0.45204803347587585,-11.234549619999997,0.01,150.0
88512,11,7894,1383,0.8690792918205261,0.387605220079422,0.0007,-2.1268985271453857,1382,-0.2996596693992615,-11.234549619999997,0.01,150.0
88576,11,7894,1384,0.47107577323913574,4.510570526123047,0.0007,-2.121903419494629,1383,3.4273552894592285,-11.234549619999997,0.01,150.0
88640,11,7894,1385,0.7625198364257812,2.445366382598877,0.0007,-2.1162116527557373,1384,2.5159966945648193,-11.234549619999997,0.01,150.0
88704,11,7894,1386,0.6809436082839966,2.657792329788208,0.0007,-2.1210925579071045,1385,1.9368512630462646,-11.234549619999997,0.01,150.0
88768,11,7894,1387,0.7170336246490479,1.011824607849121,0.0007,-2.119640350341797,1386,-0.3436008095741272,-11.234549619999997,0.01,150.0
88832,11,7893,1388,0.5866531729698181,0.2257930338382721,0.0007,-2.105333089828491,1387,0.10498225688934326,-11.17282123,0.01,150.0
88896,11,7893,1389,0.9908366203308105,0.2619187533855438,0.0007,-2.106031656265259,1388,-0.07746032625436783,-11.17282123,0.01,150.0
88960,11,7892,1390,0.6087287068367004,2.1903350353240967,0.0007,-2.0952987670898438,1389,-0.11534285545349121,-11.17282123,0.01,150.0
89024,11,7892,1391,0.8034666180610657,1.8311266899108887,0.0007,-2.1269071102142334,1390,0.3331037759780884,-11.17282123,0.01,150.0
89088,11,7892,1392,0.7111563682556152,2.9072999954223633,0.0007,-2.1404407024383545,1391,-0.213623046875,-11.17282123,0.01,150.0
89152,11,7891,1393,0.6877619028091431,11.160003662109375,0.0007,-2.134459972381592,1392,4.170869827270508,-11.17282123,0.01,150.0
89216,11,7891,1394,0.49396026134490967,2.0736186504364014,0.0007,-2.115267276763916,1393,-0.8160036206245422,-11.17282123,0.01,150.0
89280,11,7891,1395,0.5623308420181274,0.7287387847900391,0.0007,-2.110840082168579,1394,-0.27844923734664917,-11.17282123,0.01,150.0
89344,11,7890,1396,0.11794006824493408,5.176149368286133,0.0007,-2.106503963470459,1395,2.9399912357330322,-11.17282123,0.01,150.0
89408,11,7889,1397,-0.15835833549499512,1.65303373336792,0.0007,-2.0949759483337402,1396,0.5875014066696167,-10.958168879999999,0.01,150.0
89472,11,7889,1398,0.9012769460678101,1.0754598379135132,0.0007,-2.0784358978271484,1397,0.7058607339859009,-10.958168879999999,0.01,150.0
89536,11,7889,1399,0.05840951204299927,1.4800827503204346,0.0007,-2.093621015548706,1398,-1.4868991374969482,-10.958168879999999,0.01,150.0
89600,11,7888,1400,0.43298935890197754,3.5909740924835205,0.0007,-2.0949673652648926,1399,1.2197046279907227,-10.958168879999999,0.01,150.0
89664,11,7888,1401,0.8314635157585144,1.1159744262695312,0.0007,-2.097590684890747,1400,0.8768703937530518,-10.958168879999999,0.01,150.0
89728,11,7888,1402,0.2942073345184326,3.7985215187072754,0.0007,-2.0892422199249268,1401,2.710322380065918,-10.958168879999999,0.01,150.0
89792,11,7884,1403,-0.8888202905654907,1.3083016872406006,0.0007,-2.126715898513794,1402,-0.8411519527435303,-10.958168879999999,0.01,150.0
89856,11,7883,1404,0.13730502128601074,1.1955015659332275,0.0007,-2.129485607147217,1403,0.3969200551509857,-10.958168879999999,0.01,150.0
89920,11,7881,1405,0.16746950149536133,0.8320368528366089,0.0007,-2.0928118228912354,1404,-0.9704526662826538,-10.958168879999999,0.01,150.0
89984,11,7877,1406,0.10002201795578003,2.6941399574279785,0.0007,-2.0775389671325684,1405,0.18474310636520386,-10.958168879999999,0.01,150.0
90048,11,7874,1407,0.1500675082206726,1.225376844406128,0.0007,-2.0906691551208496,1406,0.12021905928850174,-11.05306749,0.01,150.0
90112,11,7871,1408,0.9870601892471313,0.32256126403808594,0.0007,-2.0827956199645996,1407,-0.2339780628681183,-11.05306749,0.01,150.0
90176,11,7869,1409,0.8448938131332397,0.3113316595554352,0.0007,-2.0881316661834717,1408,-0.38022151589393616,-11.05306749,0.01,150.0
90240,11,7868,1410,0.9015743136405945,0.2875264286994934,0.0007,-2.123990058898926,1409,-0.3135259747505188,-11.05306749,0.01,150.0
90304,11,7867,1411,0.27300941944122314,4.028110980987549,0.0007,-2.1271276473999023,1410,0.9433895349502563,-11.05306749,0.01,150.0
90368,11,7866,1412,0.7345378994941711,2.8458964824676514,0.0007,-2.143953323364258,1411,2.362102746963501,-11.05306749,0.01,150.0
90432,11,7864,1413,0.5428159236907959,1.3777480125427246,0.0007,-2.1373045444488525,1412,0.5628535747528076,-11.05306749,0.01,150.0
90496,11,7864,1414,0.07648926973342896,8.747625350952148,0.0007,-2.112894058227539,1413,2.8022422790527344,-11.05306749,0.01,150.0
90560,11,7864,1415,0.8664376735687256,2.1413352489471436,0.0007,-2.1199049949645996,1414,2.367074966430664,-11.05306749,0.01,150.0
90624,11,7863,1416,0.7759750485420227,1.841172218322754,0.0007,-2.090467691421509,1415,1.3652881383895874,-10.870318249999999,0.01,150.0
90688,11,7861,1417,0.9848160743713379,0.3775520622730255,0.0007,-2.102905511856079,1416,-0.057754695415496826,-10.870318249999999,0.01,150.0
90752,11,7860,1418,0.48434680700302124,0.45385777950286865,0.0007,-2.089080572128296,1417,0.07911649346351624,-10.870318249999999,0.01,150.0
90816,11,7858,1419,0.3303835391998291,1.5930523872375488,0.0007,-2.117616891860962,1418,0.21992704272270203,-10.870318249999999,0.01,150.0
90880,11,7856,1420,0.4769284129142761,1.3901431560516357,0.0007,-2.1277108192443848,1419,0.07194159924983978,-10.870318249999999,0.01,150.0
90944,11,7854,1421,0.6919159889221191,0.8657673597335815,0.0007,-2.1339049339294434,1420,-1.359129548072815,-10.870318249999999,0.01,150.0
91008,11,7853,1422,0.6420955061912537,1.174607276916504,0.0007,-2.1208319664001465,1421,-1.0867124795913696,-10.870318249999999,0.01,150.0
91072,11,7853,1423,0.5411856174468994,10.799283027648926,0.0007,-2.1429154872894287,1422,3.09588623046875,-10.870318249999999,0.01,150.0
91136,11,7851,1424,0.8693256378173828,1.174007773399353,0.0007,-2.1424641609191895,1423,0.8934768438339233,-10.870318249999999,0.01,150.0
91200,11,7850,1425,0.7368345260620117,1.3588733673095703,0.0007,-2.138275623321533,1424,0.43217867612838745,-10.758110940000002,0.01,150.0
91264,11,7850,1426,0.44745707511901855,1.343243956565857,0.0007,-2.1048097610473633,1425,-0.8832669258117676,-10.758110940000002,0.01,150.0
91328,11,7849,1427,0.7472230195999146,0.1523173749446869,0.0007,-2.07767391204834,1426,-0.3023894429206848,-10.758110940000002,0.01,150.0
91392,11,7849,1428,0.422731876373291,0.6167607307434082,0.0007,-2.0789239406585693,1427,-0.42830127477645874,-10.758110940000002,0.01,150.0
91456,11,7848,1429,0.7365142107009888,1.7428282499313354,0.0007,-2.0718443393707275,1428,-1.000391960144043,-10.758110940000002,0.01,150.0
91520,11,7848,1430,0.7162513732910156,4.806764602661133,0.0007,-2.0355474948883057,1429,3.066913604736328,-10.758110940000002,0.01,150.0
91584,11,7848,1431,0.8273292779922485,2.2065961360931396,0.0007,-2.051037549972534,1430,0.9816016554832458,-10.758110940000002,0.01,150.0
91648,11,7848,1432,0.934931755065918,0.46998152136802673,0.0007,-2.105299949645996,1431,-0.9328818321228027,-10.758110940000002,0.01,150.0
91712,11,7847,1433,0.48354625701904297,2.9907925128936768,0.0007,-2.0619957447052,1432,0.6764907240867615,-10.758110940000002,0.01,150.0
91776,11,7847,1434,0.7929444313049316,1.2849977016448975,0.0007,-2.011805772781372,1433,-1.9542485475540161,-10.758110940000002,0.01,150.0
91840,11,7847,1435,0.6436640024185181,1.0028520822525024,0.0007,-1.9294483661651611,1434,-1.6333402395248413,-10.7706573,0.01,150.0
91904,11,7847,1436,0.9949195981025696,0.11027191579341888,0.0007,-1.981265902519226,1435,0.07467592507600784,-10.7706573,0.01,150.0
91968,11,7848,1437,0.391523540019989,2.0720207691192627,0.0007,-2.03125,1436,-0.24978312849998474,-10.7706573,0.01,150.0
92032,11,7848,1438,0.8876420259475708,0.5943827033042908,0.0007,-2.064593553543091,1437,-0.34021925926208496,-10.7706573,0.01,150.0
92096,11,7848,1439,0.6918179988861084,1.5139384269714355,0.0007,-2.0651047229766846,1438,1.6467125415802002,-10.7706573,0.01,150.0
92160,11,7848,1440,0.877659797668457,0.24133943021297455,0.0007,-2.1161367893218994,1439,0.032482270151376724,-10.7706573,0.01,150.0
92224,11,7848,1441,0.5802865624427795,0.5965188145637512,0.0007,-2.1504156589508057,1440,-0.9880567193031311,-10.7706573,0.01,150.0
92288,11,7847,1442,0.3337663412094116,3.759523630142212,0.0007,-2.1007704734802246,1441,1.7982778549194336,-10.7706573,0.01,150.0
92352,11,7847,1443,0.12512391805648804,1.1799105405807495,0.0007,-2.0733766555786133,1442,-0.12739169597625732,-10.7706573,0.01,150.0
92416,11,7846,1444,0.16131722927093506,0.9346538782119751,0.0007,-2.104536294937134,1443,-1.6529419422149658,-11.025113310000002,0.01,150.0
92480,11,7846,1445,0.9847633242607117,0.3918110132217407,0.0007,-2.0803470611572266,1444,-0.6512839794158936,-11.025113310000002,0.01,150.0
92544,11,7845,1446,0.5701184868812561,1.9460792541503906,0.0007,-2.066927909851074,1445,1.2102391719818115,-11.025113310000002,0.01,150.0
92608,11,7846,1447,0.9104543924331665,0.4039074182510376,0.0007,-2.0989432334899902,1446,-0.5695304870605469,-11.025113310000002,0.01,150.0
92672,11,7846,1448,0.7717573642730713,2.3250770568847656,0.0007,-2.123983383178711,1447,-0.4481152296066284,-11.025113310000002,0.01,150.0
92736,11,7847,1449,0.8917333483695984,1.5648674964904785,0.0007,-2.1280431747436523,1448,0.9040213823318481,-11.025113310000002,0.01,150.0
92800,11,7847,1450,0.8255090713500977,2.1130220890045166,0.0007,-2.1084351539611816,1449,0.5080276131629944,-11.025113310000002,0.01,150.0
92864,11,7846,1451,0.876010000705719,2.6736888885498047,0.0007,-2.116816520690918,1450,2.264678955078125,-11.025113310000002,0.01,150.0
92928,11,7845,1452,0.9349218606948853,1.8285409212112427,0.0007,-2.080831527709961,1451,1.412187099456787,-11.025113310000002,0.01,150.0
92992,11,7845,1453,0.9119986891746521,1.3999583721160889,0.0007,-2.077622175216675,1452,-0.0368938148021698,-11.025113310000002,0.01,150.0
93056,11,7844,1454,0.9165499806404114,0.8541135787963867,0.0007,-2.0688300132751465,1453,-0.14431028068065643,-10.942799909999998,0.01,150.0
93120,11,7843,1455,0.980732798576355,0.28591006994247437,0.0007,-2.0748331546783447,1454,0.46660012006759644,-10.942799909999998,0.01,150.0
93184,11,7839,1456,0.773979127407074,0.5714194178581238,0.0007,-2.126875162124634,1455,0.5845358967781067,-10.942799909999998,0.01,150.0
93248,11,7837,1457,0.8271015882492065,1.3505834341049194,0.0007,-2.118551731109619,1456,-0.7694485783576965,-10.942799909999998,0.01,150.0
93312,11,7835,1458,0.7580147385597229,1.278478980064392,0.0007,-2.1299219131469727,1457,1.1252269744873047,-10.942799909999998,0.01,150.0
93376,11,7833,1459,0.2960580587387085,4.258404731750488,0.0007,-2.1240592002868652,1458,3.517974376678467,-10.942799909999998,0.01,150.0
93440,11,7832,1460,0.6979221105575562,4.0880446434021,0.0007,-2.1130354404449463,1459,-0.9364960193634033,-10.942799909999998,0.01,150.0
93504,11,7831,1461,0.7910094261169434,7.6326141357421875,0.0007,-2.1271352767944336,1460,4.723156929016113,-10.942799909999998,0.01,150.0
93568,11,7830,1462,0.8128651976585388,1.5940783023834229,0.0007,-2.1169300079345703,1461,-0.27334657311439514,-10.942799909999998,0.01,150.0
93632,11,7829,1463,0.8190478682518005,2.9152753353118896,0.0007,-2.1127512454986572,1462,0.9460878372192383,-10.937581920000003,0.01,150.0
93696,11,7829,1464,0.9940125942230225,0.2844683825969696,0.0007,-2.08734130859375,1463,-0.5592765212059021,-10.937581920000003,0.01,150.0
93760,11,7829,1465,-0.23942255973815918,2.0747220516204834,0.0007,-2.092877149581909,1464,1.287493348121643,-10.937581920000003,0.01,150.0
93824,11,7829,1466,-0.499204158782959,2.1679563522338867,0.0007,-2.1181347370147705,1465,-1.278153896331787,-10.937581920000003,0.01,150.0
93888,11,7828,1467,0.4146801233291626,1.1977052688598633,0.0007,-2.101317882537842,1466,0.6626949310302734,-10.937581920000003,0.01,150.0
93952,12,7827,1468,0.5162827968597412,1.950019121170044,0.0007,-2.1363472938537598,1467,0.9908626079559326,-10.937581920000003,0.01,150.0
94016,12,7826,1469,-0.7586729526519775,2.9917447566986084,0.0007,-2.131737232208252,1468,0.4372875392436981,-10.937581920000003,0.01,150.0
94080,12,7825,1470,-0.45274651050567627,1.1581461429595947,0.0007,-2.134568691253662,1469,-1.610142469406128,-10.937581920000003,0.01,150.0
94144,12,7824,1471,-0.014631032943725586,0.751905620098114,0.0007,-2.1267778873443604,1470,0.08078970015048981,-10.937581920000003,0.01,150.0
94208,12,7819,1472,0.353110134601593,5.034996509552002,0.0007,-2.1130449771881104,1471,2.8368706703186035,-10.594802260000002,0.01,150.0
94272,12,7812,1473,0.9388503432273865,1.612565279006958,0.0007,-2.1189963817596436,1472,1.0116469860076904,-10.594802260000002,0.01,150.0
94336,12,7809,1474,0.3948647975921631,0.44042208790779114,0.0007,-2.0082828998565674,1473,-0.7306665778160095,-10.594802260000002,0.01,150.0
94400,12,7801,1475,0.3978092074394226,3.387686252593994,0.0007,-2.040194034576416,1474,0.972510814666748,-10.594802260000002,0.01,150.0
94464,12,7792,1476,0.8473101854324341,1.3018457889556885,0.0007,-2.10123872756958,1475,-1.6659531593322754,-10.594802260000002,0.01,150.0
94528,12,7789,1477,0.870468020439148,1.0894839763641357,0.0007,-2.129852294921875,1476,-0.31434518098831177,-10.594802260000002,0.01,150.0
94592,12,7788,1478,0.8494911193847656,1.9390764236450195,0.0007,-2.144573450088501,1477,-0.8308774828910828,-10.594802260000002,0.01,150.0
94656,12,7786,1479,0.6923795938491821,2.361166477203369,0.0007,-2.1134531497955322,1478,0.9179317951202393,-10.594802260000002,0.01,150.0
94720,12,7785,1480,0.8560558557510376,0.4904862642288208,0.0007,-2.1319305896759033,1479,-0.11521479487419128,-10.594802260000002,0.01,150.0
94784,12,7784,1481,0.7007008790969849,0.5980726480484009,0.0007,-2.1243324279785156,1480,-0.9794917702674866,-10.594802260000002,0.01,150.0
94848,12,7783,1482,0.001628100872039795,0.9252756834030151,0.0007,-2.1334891319274902,1481,0.28437569737434387,-10.796761410000002,0.01,150.0
94912,12,7783,1483,0.9919483661651611,0.2873045802116394,0.0007,-2.076251983642578,1482,0.33404338359832764,-10.796761410000002,0.01,150.0
94976,12,7773,1484,0.847758412361145,0.7993708848953247,0.0007,-2.09560489654541,1483,0.6904942393302917,-10.796761410000002,0.01,150.0
95040,12,7768,1485,0.7663658857345581,5.1781439781188965,0.0007,-2.1223340034484863,1484,3.4424843788146973,-10.796761410000002,0.01,150.0
95104,12,7765,1486,0.9371529817581177,0.9114376902580261,0.0007,-2.1308984756469727,1485,0.21148371696472168,-10.796761410000002,0.01,150.0
95168,12,7763,1487,0.9014073610305786,2.327859401702881,0.0007,-2.126650810241699,1486,1.678734540939331,-10.796761410000002,0.01,150.0
95232,12,7763,1488,0.9409531354904175,1.0025418996810913,0.0007,-2.11529541015625,1487,0.03581126034259796,-10.796761410000002,0.01,150.0
95296,12,7762,1489,0.7414653301239014,1.90443754196167,0.0007,-2.064332962036133,1488,-0.49879661202430725,-10.796761410000002,0.01,150.0
95360,12,7760,1490,0.6151219010353088,1.8735713958740234,0.0007,-2.1185462474823,1489,-0.19993874430656433,-10.796761410000002,0.01,150.0
95424,12,7757,1491,0.6391940116882324,3.5226995944976807,0.0007,-2.0994925498962402,1490,-0.01633089780807495,-10.24007922,0.01,150.0
95488,12,7752,1492,0.983305037021637,0.8502354025840759,0.0007,-2.039943218231201,1491,-0.993684709072113,-10.24007922,0.01,150.0
95552,12,7750,1493,0.6761799454689026,2.7060885429382324,0.0007,-2.1083784103393555,1492,-2.827777862548828,-10.24007922,0.01,150.0
95616,12,7748,1494,-1.0371625423431396,2.5308620929718018,0.0007,-2.126211643218994,1493,-0.16308146715164185,-10.24007922,0.01,150.0
95680,12,7744,1495,0.44870561361312866,5.809815883636475,0.0007,-2.099367141723633,1494,2.1008543968200684,-10.24007922,0.01,150.0
95744,12,7742,1496,0.7556882500648499,1.488041877746582,0.0007,-2.1288366317749023,1495,-0.963763952255249,-10.24007922,0.01,150.0
95808,12,7740,1497,0.34491121768951416,3.2219343185424805,0.0007,-2.0994932651519775,1496,0.6238017678260803,-10.24007922,0.01,150.0
95872,12,7678,1498,0.7772844433784485,3.5042924880981445,0.0007,-2.0970520973205566,1497,0.23083767294883728,-10.24007922,0.01,150.0
95936,12,7676,1499,0.9764498472213745,0.23809075355529785,0.0007,-2.0897064208984375,1498,-0.4955199360847473,-10.24007922,0.01,150.0
96000,12,7674,1500,0.695716142654419,1.7334599494934082,0.0007,-2.0566844940185547,1499,0.9527893662452698,-10.08492496,0.01,150.0
96064,12,7673,1501,0.706676185131073,0.9221134185791016,0.0007,-2.092576503753662,1500,-0.8570398688316345,-10.08492496,0.01,150.0
96128,12,7672,1502,0.1647869348526001,1.1423654556274414,0.0007,-2.040592670440674,1501,-0.5107713341712952,-10.08492496,0.01,150.0
96192,12,7671,1503,0.15102040767669678,3.458364486694336,0.0007,-2.0665812492370605,1502,1.8869874477386475,-10.08492496,0.01,150.0
96256,12,7669,1504,0.5469866394996643,1.2666020393371582,0.0007,-2.0697717666625977,1503,-1.5099928379058838,-10.08492496,0.01,150.0
96320,12,7667,1505,0.7652652263641357,1.7456328868865967,0.0007,-2.127753257751465,1504,-1.8795654773712158,-10.08492496,0.01,150.0
96384,12,7666,1506,0.5956904292106628,3.928842306137085,0.0007,-2.0963196754455566,1505,0.9169281125068665,-10.08492496,0.01,150.0
96448,12,7666,1507,0.6718531847000122,1.2214604616165161,0.0007,-2.0966720581054688,1506,0.6882489323616028,-10.08492496,0.01,150.0
96512,12,7663,1508,0.7508330345153809,6.656952381134033,0.0007,-2.078674554824829,1507,3.1990435123443604,-10.08492496,0.01,150.0
96576,12,7662,1509,0.9321674108505249,0.5839002132415771,0.0007,-2.060670852661133,1508,-0.8676886558532715,-10.08492496,0.01,150.0
96640,12,7660,1510,0.5563902258872986,2.429243564605713,0.0007,-2.0816009044647217,1509,0.6052424907684326,-9.82073492,0.01,150.0
96704,12,7658,1511,0.9955129027366638,0.14012913405895233,0.0007,-2.056278944015503,1510,-0.09725320339202881,-9.82073492,0.01,150.0
96768,12,7658,1512,0.7288781404495239,1.1810996532440186,0.0007,-2.0684401988983154,1511,1.0532844066619873,-9.82073492,0.01,150.0
96832,12,7656,1513,0.6541390419006348,3.680325508117676,0.0007,-2.057054042816162,1512,3.1144356727600098,-9.82073492,0.01,150.0
96896,12,7656,1514,0.91245436668396,0.29737260937690735,0.0007,-2.130125045776367,1513,-0.649680495262146,-9.82073492,0.01,150.0
96960,12,7655,1515,0.7140734791755676,2.178966522216797,0.0007,-2.128645896911621,1514,0.552791953086853,-9.82073492,0.01,150.0
97024,12,7653,1516,0.48604458570480347,3.6402475833892822,0.0007,-2.0986950397491455,1515,1.1910284757614136,-9.82073492,0.01,150.0
97088,12,7652,1517,0.6955559253692627,2.614044666290283,0.0007,-2.0425620079040527,1516,-0.029430121183395386,-9.82073492,0.01,150.0
97152,12,7651,1518,0.9241905808448792,1.4277584552764893,0.0007,-2.0540246963500977,1517,-1.1844942569732666,-9.82073492,0.01,150.0
97216,12,7647,1519,0.9480291604995728,1.4583818912506104,0.0007,-1.9826922416687012,1518,-1.5182843208312988,-9.555939550000003,0.02,150.0
97280,12,7647,1520,0.9005059599876404,4.554393768310547,0.0007,-1.996300458908081,1519,1.046008825302124,-9.555939550000003,0.02,150.0
97344,12,7645,1521,0.28428590297698975,1.216080665588379,0.0007,-2.043196678161621,1520,-1.9370803833007812,-9.555939550000003,0.02,150.0
97408,12,7643,1522,0.3040923476219177,2.635566473007202,0.0007,-2.0927491188049316,1521,-1.7865079641342163,-9.555939550000003,0.02,150.0
97472,12,7642,1523,0.6668232083320618,6.60703182220459,0.0007,-2.0578012466430664,1522,2.2577061653137207,-9.555939550000003,0.02,150.0
97536,12,7641,1524,0.8021498322486877,1.433466911315918,0.0007,-2.084874153137207,1523,0.9421532154083252,-9.555939550000003,0.02,150.0
97600,12,7639,1525,0.27288031578063965,3.8703291416168213,0.0007,-2.0311684608459473,1524,-0.38367876410484314,-9.555939550000003,0.02,150.0
97664,12,7637,1526,0.623560905456543,4.681554317474365,0.0007,-2.0600461959838867,1525,2.798433303833008,-9.555939550000003,0.02,150.0
97728,12,7633,1527,0.3536365032196045,2.4335970878601074,0.0007,-2.0159549713134766,1526,0.2936382293701172,-9.555939550000003,0.02,150.0
97792,12,7631,1528,0.7116715908050537,1.2512507438659668,0.0007,-2.0602879524230957,1527,-0.8572801351547241,-9.555939550000003,0.02,150.0
97856,12,7628,1529,0.8502560257911682,0.614507257938385,0.0007,-2.034703254699707,1528,-1.2286287546157837,-9.498437680000002,0.02,150.0
97920,12,7619,1530,0.9727434515953064,1.0453609228134155,0.0007,-2.0558078289031982,1529,-1.6727190017700195,-9.498437680000002,0.02,150.0
97984,12,7610,1531,-0.8458936214447021,3.1743791103363037,0.0007,-2.0438835620880127,1530,2.003154754638672,-9.498437680000002,0.02,150.0
98048,12,7593,1532,0.4550524353981018,1.1012752056121826,0.0007,-2.087301731109619,1531,0.525169849395752,-9.498437680000002,0.02,150.0
98112,12,7591,1533,0.7813447117805481,0.5334820747375488,0.0007,-2.1030638217926025,1532,-0.019544798880815506,-9.498437680000002,0.02,150.0
98176,12,7589,1534,0.45490366220474243,6.18756103515625,0.0007,-2.050288438796997,1533,2.798664093017578,-9.498437680000002,0.02,150.0
98240,12,7587,1535,-0.9761009216308594,3.5864009857177734,0.0007,-2.0719430446624756,1534,1.1349263191223145,-9.498437680000002,0.02,150.0
98304,12,7586,1536,-0.24725735187530518,2.3319122791290283,0.0007,-2.03511905670166,1535,-1.782470703125,-9.498437680000002,0.02,150.0
98368,12,7586,1537,-0.6301276683807373,6.16400671005249,0.0007,-2.0221478939056396,1536,1.7648863792419434,-9.498437680000002,0.02,150.0
98432,12,7585,1538,0.07285195589065552,1.5165081024169922,0.0007,-1.9571037292480469,1537,-0.32077038288116455,-9.26201056,0.02,150.0
98496,12,7585,1539,0.9971979856491089,0.2748887240886688,0.0007,-1.9953224658966064,1538,-0.8318619728088379,-9.26201056,0.02,150.0
98560,12,7584,1540,0.9077228307723999,0.209254652261734,0.0007,-1.9822053909301758,1539,0.08968934416770935,-9.26201056,0.02,150.0
98624,13,7583,1541,-0.14474213123321533,4.314294815063477,0.0007,-2.058964729309082,1540,0.3694179058074951,-9.26201056,0.02,150.0
98688,13,7583,1542,0.9607813358306885,0.1482507437467575,0.0007,-2.1167593002319336,1541,-0.24166181683540344,-9.26201056,0.02,150.0
98752,13,7584,1543,0.9261653423309326,0.5662723779678345,0.0007,-2.1102075576782227,1542,-1.0176225900650024,-9.26201056,0.02,150.0
98816,13,7584,1544,0.47548460960388184,4.5242767333984375,0.0007,-2.0780296325683594,1543,2.1938464641571045,-9.26201056,0.02,150.0
98880,13,7585,1545,0.5086455941200256,1.3517307043075562,0.0007,-2.0943961143493652,1544,-1.2787744998931885,-9.26201056,0.02,150.0
98944,13,7585,1546,0.6025290489196777,0.47471731901168823,0.0007,-2.055305004119873,1545,0.3681626319885254,-9.26201056,0.02,150.0
99008,13,7586,1547,-0.06408107280731201,1.1858526468276978,0.0007,-2.0841526985168457,1546,-0.27608317136764526,-9.449719250000001,0.01,150.0
99072,13,7586,1548,0.9746046662330627,0.80318284034729,0.0007,-2.0505924224853516,1547,-1.1752548217773438,-9.449719250000001,0.01,150.0
99136,13,7586,1549,0.45728856325149536,1.6304192543029785,0.0007,-2.053601026535034,1548,-0.053994372487068176,-9.449719250000001,0.01,150.0
99200,13,7587,1550,0.8192788362503052,0.8381551504135132,0.0007,-2.0639281272888184,1549,-1.2704640626907349,-9.449719250000001,0.01,150.0
99264,13,7587,1551,0.8637493848800659,0.8577719926834106,0.0007,-2.0674993991851807,1550,0.4170062839984894,-9.449719250000001,0.01,150.0
99328,13,7588,1552,0.1642712950706482,6.477534770965576,0.0007,-2.048794746398926,1551,1.188952088356018,-9.449719250000001,0.01,150.0
99392,13,7588,1553,0.8459692001342773,1.2959089279174805,0.0007,-2.1047024726867676,1552,-0.8946967124938965,-9.449719250000001,0.01,150.0
99456,13,7589,1554,0.8640277981758118,0.5423219203948975,0.0007,-2.113163948059082,1553,0.4674769341945648,-9.449719250000001,0.01,150.0
99520,13,7589,1555,0.6251009702682495,1.0420231819152832,0.0007,-2.131603240966797,1554,-0.1264020949602127,-9.449719250000001,0.01,150.0
99584,13,7589,1556,0.5655027627944946,1.8429582118988037,0.0007,-2.1151041984558105,1555,0.669654130935669,-9.449719250000001,0.01,150.0
99648,13,7590,1557,0.8421868085861206,0.562901496887207,0.0007,-2.1293671131134033,1556,-0.6614084839820862,-9.383168410000001,0.01,150.0
99712,13,7590,1558,0.9694355726242065,0.8915199041366577,0.0007,-1.9815168380737305,1557,-0.895417332649231,-9.383168410000001,0.01,150.0
99776,13,7590,1559,0.6943651437759399,0.7094841003417969,0.0007,-1.969252347946167,1558,-0.7031428217887878,-9.383168410000001,0.01,150.0
99840,13,7590,1560,0.7262013554573059,0.4720054864883423,0.0007,-2.021629810333252,1559,-0.715459406375885,-9.383168410000001,0.01,150.0
99904,13,7590,1561,-0.2992255687713623,1.3355201482772827,0.0007,-2.0600640773773193,1560,0.2406165897846222,-9.383168410000001,0.01,150.0
99968,13,7590,1562,0.38457077741622925,4.740509986877441,0.0007,-2.0068366527557373,1561,2.5341854095458984,-9.383168410000001,0.01,150.0
100032,13,7587,1563,-0.49831318855285645,5.426434516906738,0.0007,-2.080944299697876,1562,1.7272067070007324,-9.383168410000001,0.01,150.0
