time/total_timesteps,time/iterations,time/fps,time/time_elapsed,train/entropy_loss,train/value_loss,train/n_updates,train/learning_rate,train/policy_loss,train/explained_variance,rollout/ep_len_mean,rollout/ep_rew_mean,rollout/success_rate
64,1,3427,0,,,,,,,,,
128,2,3427,0,-2.1972146034240723,0.3056079149246216,1,0.0007,-0.6270142197608948,-0.30986952781677246,,,
192,3,4093,0,-2.1814632415771484,0.8248576521873474,2,0.0007,-1.6709777116775513,0.18712317943572998,,,
256,4,4393,0,-2.1535935401916504,1.1407012939453125,3,0.0007,-1.8882590532302856,0.02047485113143921,,,
320,5,4843,0,-2.153151750564575,0.9571434855461121,4,0.0007,-1.0844358205795288,0.2113121747970581,,,
384,6,5229,0,-2.1697959899902344,1.6434251070022583,5,0.0007,-1.908026933670044,0.04059082269668579,,,
448,7,5504,0,-2.171600818634033,3.357633590698242,6,0.0007,-2.161299467086792,0.006177246570587158,,,
512,8,5759,0,-2.1733551025390625,1.6407309770584106,7,0.0007,-2.027442455291748,0.030601143836975098,,,
576,9,5998,0,-2.1560397148132324,0.9395267963409424,8,0.0007,-0.7619596719741821,-0.020775914192199707,,,
640,10,6207,0,-2.148016929626465,5.027313709259033,9,0.0007,-0.5176928043365479,0.11654913425445557,150.0,-19.39420075,0.0
704,11,6408,0,-2.1712722778320312,0.36840131878852844,10,0.0007,-0.012550631538033485,0.39411473274230957,150.0,-19.39420075,0.0
768,12,6549,0,-2.1817781925201416,0.5927630066871643,11,0.0007,0.2758669853210449,0.08763223886489868,150.0,-19.39420075,0.0
832,13,6697,0,-2.160386085510254,0.3326444923877716,12,0.0007,-0.4407552182674408,0.29110288619995117,150.0,-19.39420075,0.0
896,14,6850,0,-2.148972511291504,1.2743706703186035,13,0.0007,-0.9270066618919373,0.20889252424240112,150.0,-19.39420075,0.0
960,15,6969,0,-2.1548891067504883,0.23001502454280853,14,0.0007,0.14315450191497803,0.4980649948120117,150.0,-19.39420075,0.0
1024,16,7078,0,-2.1150319576263428,1.5379116535186768,15,0.0007,-0.24068140983581543,0.44506990909576416,150.0,-19.39420075,0.0
1088,17,7188,0,-2.134608745574951,1.8470039367675781,16,0.0007,-1.3265979290008545,0.4320088028907776,150.0,-19.39420075,0.0
1152,18,7291,0,-2.1367249488830566,1.433814525604248,17,0.0007,-1.7209670543670654,0.4105072617530823,150.0,-19.39420075,0.0
1216,19,7350,0,-2.140852928161621,0.837468147277832,18,0.0007,-1.2823865413665771,0.4322747588157654,150.0,-17.451460875,0.0
1280,20,7442,0,-2.1381826400756836,0.550598680973053,19,0.0007,-1.0441794395446777,0.44416141510009766,150.0,-17.451460875,0.0
1344,21,7525,0,-2.1143431663513184,0.23594005405902863,20,0.0007,0.6744872331619263,0.2418767809867859,150.0,-17.451460875,0.0
1408,22,7588,0,-2.1226367950439453,0.1720428168773651,21,0.0007,0.11085215210914612,-0.5196225643157959,150.0,-17.451460875,0.0
1472,23,7657,0,-2.1222774982452393,0.09166251868009567,22,0.0007,-0.04321107640862465,-0.04786419868469238,150.0,-17.451460875,0.0
1536,24,7718,0,-2.1577112674713135,0.36774083971977234,23,0.0007,-0.034304581582546234,0.08933430910110474,150.0,-17.451460875,0.0
1600,25,7776,0,-2.087540626525879,2.238781452178955,24,0.0007,0.2943035364151001,-0.12075436115264893,150.0,-17.451460875,0.0
1664,26,7812,0,-2.0457420349121094,1.051116943359375,25,0.0007,-1.639684796333313,0.16663485765457153,150.0,-17.451460875,0.0
1728,27,7866,0,-2.0496554374694824,1.8517868518829346,26,0.0007,-2.6070690155029297,0.11895930767059326,150.0,-17.451460875,0.0
1792,28,7890,0,-2.0415492057800293,3.5091919898986816,27,0.0007,-3.27756404876709,-0.04108870029449463,150.0,-17.451460875,0.0
1856,29,7891,0,-2.0639588832855225,4.330405235290527,28,0.0007,-3.8220152854919434,-0.05834829807281494,150.0,-18.0282935,0.0
1920,30,7893,0,-2.026251792907715,0.44942086935043335,29,0.0007,0.7051568031311035,0.4654076099395752,150.0,-18.0282935,0.0
1984,31,7842,0,-2.0173943042755127,0.47858139872550964,30,0.0007,1.1215875148773193,0.37715375423431396,150.0,-18.0282935,0.0
2048,32,7813,0,-2.0347397327423096,0.663456916809082,31,0.0007,1.2407419681549072,0.3995950222015381,150.0,-18.0282935,0.0
2112,33,7839,0,-2.036414384841919,1.0258967876434326,32,0.0007,0.8866947293281555,0.22043657302856445,150.0,-18.0282935,0.0
2176,34,7871,0,-2.024167060852051,0.3396250307559967,33,0.0007,-0.722453236579895,0.36121201515197754,150.0,-18.0282935,0.0
2240,35,7897,0,-2.0363779067993164,1.030853509902954,34,0.0007,-1.7247966527938843,0.466103196144104,150.0,-18.0282935,0.0
2304,36,7925,0,-2.0388917922973633,2.060512065887451,35,0.0007,-2.4945647716522217,0.3817558288574219,150.0,-18.0282935,0.0
2368,37,7952,0,-2.0393035411834717,1.9505186080932617,36,0.0007,-2.4277262687683105,0.15738892555236816,150.0,-18.0282935,0.0
2432,38,7960,0,-2.0386908054351807,2.9333877563476562,37,0.0007,-2.888878583908081,-0.16936397552490234,150.0,-17.370448,0.0
2496,39,7991,0,-2.0316920280456543,0.6613534688949585,38,0.0007,-0.2475617527961731,0.6505420207977295,150.0,-17.370448,0.0
2560,40,7989,0,-2.0173749923706055,0.09605100005865097,39,0.0007,0.04119772091507912,0.551783561706543,150.0,-17.370448,0.0
2624,41,7973,0,-2.023988723754883,0.08211791515350342,40,0.0007,-0.07619409263134003,0.712517499923706,150.0,-17.370448,0.0
2688,42,7932,0,-2.0539169311523438,0.171877920627594,41,0.0007,-0.2593038082122803,0.568122148513794,150.0,-17.370448,0.0
2752,43,7949,0,-2.075399398803711,1.4064637422561646,42,0.0007,0.3911517858505249,0.2739408016204834,150.0,-17.370448,0.0
2816,44,7971,0,-2.07466983795166,0.6176931262016296,43,0.0007,-1.1148743629455566,0.7063478231430054,150.0,-17.370448,0.0
2880,45,7992,0,-2.071864128112793,0.798136830329895,44,0.0007,-1.564073920249939,0.6516801118850708,150.0,-17.370448,0.0
2944,46,8003,0,-2.0655813217163086,2.17329740524292,45,0.0007,-2.4507269859313965,0.24478328227996826,150.0,-17.370448,0.0
3008,47,7984,0,-2.073305130004883,2.4193167686462402,46,0.0007,-2.6389901638031006,0.08870577812194824,150.0,-17.301197799999997,0.0
3072,48,7994,0,-2.0733156204223633,1.8995357751846313,47,0.0007,-2.149247169494629,0.5104488730430603,150.0,-17.301197799999997,0.0
3136,49,8019,0,-2.060363531112671,0.1961532086133957,48,0.0007,0.5138823986053467,0.6164389252662659,150.0,-17.301197799999997,0.0
3200,50,8046,0,-2.056438446044922,1.0183725357055664,49,0.0007,1.279561996459961,0.171106219291687,150.0,-17.301197799999997,0.0
3264,51,8071,0,-2.053527593612671,0.38429346680641174,50,0.0007,-0.919845700263977,0.7018899917602539,150.0,-17.301197799999997,0.0
3328,52,8093,0,-2.0539941787719727,1.3264663219451904,51,0.0007,1.5027471780776978,0.11520195007324219,150.0,-17.301197799999997,0.0
3392,53,8115,0,-2.058570623397827,0.8446342945098877,52,0.0007,-0.20758603513240814,0.38913071155548096,150.0,-17.301197799999997,0.0
3456,54,8130,0,-2.063922166824341,2.140836477279663,53,0.0007,-2.6027886867523193,-0.08794522285461426,150.0,-17.301197799999997,0.0
3520,55,8148,0,-2.065274715423584,2.2230522632598877,54,0.0007,-2.4058828353881836,-0.14585399627685547,150.0,-17.301197799999997,0.0
3584,56,8170,0,-2.077268123626709,2.7069578170776367,55,0.0007,-2.8970179557800293,0.04275631904602051,150.0,-17.301197799999997,0.0
3648,57,8188,0,-2.086580753326416,3.15017032623291,56,0.0007,-3.0976667404174805,0.0082131028175354,150.0,-17.572378958333335,0.0
3712,58,8204,0,-2.0645601749420166,0.1757202297449112,57,0.0007,0.082707978785038,0.8524610996246338,150.0,-17.572378958333335,0.0
3776,59,8214,0,-2.080038070678711,0.6765778660774231,58,0.0007,-0.8488259315490723,-0.016684651374816895,150.0,-17.572378958333335,0.0
3840,60,8229,0,-2.0649912357330322,0.24252524971961975,59,0.0007,0.2558870315551758,0.3267481327056885,150.0,-17.572378958333335,0.0
3904,61,8252,0,-2.062073230743408,1.5834306478500366,60,0.0007,-1.7480335235595703,0.17604267597198486,150.0,-17.572378958333335,0.0
3968,62,8275,0,-2.05645751953125,1.9490458965301514,61,0.0007,-1.0413105487823486,0.17440152168273926,150.0,-17.572378958333335,0.0
4032,63,8297,0,-2.0681519508361816,1.086384892463684,62,0.0007,-1.2476418018341064,-0.0503239631652832,150.0,-17.572378958333335,0.0
4096,64,8319,0,-2.076404094696045,0.8293018341064453,63,0.0007,-0.7229179739952087,-0.028243660926818848,150.0,-17.572378958333335,0.0
4160,65,8331,0,-2.091855525970459,1.3395802974700928,64,0.0007,-1.1117064952850342,-0.01391136646270752,150.0,-17.572378958333335,0.0
4224,66,8343,0,-2.1071629524230957,2.2972710132598877,65,0.0007,-1.4075738191604614,-0.01124274730682373,150.0,-17.66432921428571,0.0
4288,67,8357,0,-2.0966174602508545,0.338972270488739,66,0.0007,-0.4887900650501251,0.8565056920051575,150.0,-17.66432921428571,0.0
4352,68,8375,0,-2.0660057067871094,0.9933993816375732,67,0.0007,1.0218124389648438,0.23762637376785278,150.0,-17.66432921428571,0.0
4416,69,8397,0,-2.06889271736145,0.4653759300708771,68,0.0007,0.5835442543029785,0.6369101405143738,150.0,-17.66432921428571,0.0
4480,70,8416,0,-2.066192150115967,0.5070292949676514,69,0.0007,0.15723171830177307,0.7626585364341736,150.0,-17.66432921428571,0.0
4544,71,8432,0,-2.054286241531372,0.5260031819343567,70,0.0007,-0.9548006057739258,0.8825656175613403,150.0,-17.66432921428571,0.0
4608,72,8445,0,-2.0524282455444336,0.2374979704618454,71,0.0007,-0.5264750719070435,0.9093003273010254,150.0,-17.66432921428571,0.0
4672,73,8461,0,-2.0459208488464355,0.3735281825065613,72,0.0007,-0.813373327255249,0.8899220824241638,150.0,-17.66432921428571,0.0
4736,74,8477,0,-2.0553202629089355,0.5528577566146851,73,0.0007,-1.0549944639205933,0.8355836272239685,150.0,-17.66432921428571,0.0
4800,75,8485,0,-2.0627150535583496,0.3282303214073181,74,0.0007,-0.7163285613059998,0.8526678085327148,150.0,-16.93068046875,0.03125
4864,76,8499,0,-2.0783565044403076,5.602906227111816,75,0.0007,1.1611230373382568,0.4247819185256958,150.0,-16.93068046875,0.03125
4928,77,8511,0,-2.0367727279663086,0.4143017530441284,76,0.0007,0.21995216608047485,0.31651121377944946,150.0,-16.93068046875,0.03125
4992,78,8525,0,-2.0700583457946777,0.6094494462013245,77,0.0007,-0.06273692101240158,0.5725796222686768,150.0,-16.93068046875,0.03125
5056,79,8539,0,-2.0874674320220947,1.4430773258209229,78,0.0007,-1.1516023874282837,0.633744478225708,150.0,-16.93068046875,0.03125
5120,80,8549,0,-2.1010053157806396,2.8308658599853516,79,0.0007,-0.7996557950973511,0.49352800846099854,150.0,-16.93068046875,0.03125
5184,81,8564,0,-2.096179962158203,2.790513277053833,80,0.0007,-1.4347593784332275,0.6575680375099182,150.0,-16.93068046875,0.03125
5248,82,8576,0,-2.0989174842834473,1.537980556488037,81,0.0007,-1.6405317783355713,0.7918693423271179,150.0,-16.93068046875,0.03125
5312,83,8589,0,-2.1011266708374023,0.7412122488021851,82,0.0007,-1.170204997062683,0.8578365445137024,150.0,-16.93068046875,0.03125
5376,84,8601,0,-2.1059813499450684,1.0048930644989014,83,0.0007,-0.594520092010498,0.6713905930519104,150.0,-16.93068046875,0.03125
5440,85,8607,0,-2.100620746612549,0.7366917133331299,84,0.0007,-1.5273895263671875,0.9021056294441223,150.0,-16.822913416666665,0.027777777777777776
5504,86,8623,0,-2.0898494720458984,0.13947731256484985,85,0.0007,-0.21952469646930695,0.9720228314399719,150.0,-16.822913416666665,0.027777777777777776
5568,87,8641,0,-2.079641342163086,1.6325854063034058,86,0.0007,0.7042548060417175,0.14704519510269165,150.0,-16.822913416666665,0.027777777777777776
5632,88,8656,0,-2.072082042694092,3.4486331939697266,87,0.0007,0.38369762897491455,0.4028899073600769,150.0,-16.822913416666665,0.027777777777777776
5696,89,8668,0,-2.0782604217529297,2.0778753757476807,88,0.0007,0.43472936749458313,0.678041934967041,150.0,-16.822913416666665,0.027777777777777776
5760,90,8678,0,-2.08774995803833,1.3132071495056152,89,0.0007,-1.4691462516784668,0.7076227068901062,150.0,-16.822913416666665,0.027777777777777776
5824,91,8690,0,-2.088709831237793,2.0048320293426514,90,0.0007,-1.2316665649414062,0.01968979835510254,150.0,-16.822913416666665,0.027777777777777776
5888,92,8703,0,-2.0887508392333984,3.669675588607788,91,0.0007,-2.14905047416687,-0.35456383228302,150.0,-16.822913416666665,0.027777777777777776
5952,93,8713,0,-2.098273754119873,6.427565097808838,92,0.0007,-4.367096424102783,-0.029639363288879395,150.0,-16.822913416666665,0.027777777777777776
6016,94,8723,0,-2.1069815158843994,5.357923984527588,93,0.0007,-4.313434600830078,0.001266181468963623,150.0,-17.3026166,0.025
6080,95,8735,0,-2.101032257080078,1.4874346256256104,94,0.0007,-1.8059577941894531,0.9115224480628967,150.0,-17.3026166,0.025
6144,96,8745,0,-2.081390619277954,0.33927351236343384,95,0.0007,0.06275616586208344,0.7179067134857178,150.0,-17.3026166,0.025
6208,97,8755,0,-2.091219425201416,0.5298315286636353,96,0.0007,-0.8541902899742126,0.8026673793792725,150.0,-17.3026166,0.025
6272,98,8765,0,-2.0884528160095215,1.6985433101654053,97,0.0007,0.5198021531105042,0.47907769680023193,150.0,-17.3026166,0.025
6336,99,8778,0,-2.088879108428955,0.5527960658073425,98,0.0007,-0.8117454648017883,0.6989887952804565,150.0,-17.3026166,0.025
6400,100,8786,0,-2.0954694747924805,0.7941863536834717,99,0.0007,-0.9636366367340088,0.5056188106536865,150.0,-17.3026166,0.025
6464,101,8796,0,-2.081470012664795,1.8723335266113281,100,0.0007,1.487140417098999,-0.0703127384185791,150.0,-17.3026166,0.025
6528,102,8806,0,-2.0998995304107666,3.281553030014038,101,0.0007,-3.043623924255371,0.11690342426300049,150.0,-17.3026166,0.025
6592,103,8814,0,-2.101318836212158,1.5049104690551758,102,0.0007,-1.9395382404327393,-0.14450562000274658,150.0,-17.3026166,0.025
6656,104,8817,0,-2.104116201400757,2.195972442626953,103,0.0007,-2.779812812805176,-0.004584550857543945,150.0,-17.20096990909091,0.022727272727272728
6720,105,8820,0,-2.088865041732788,0.7195039987564087,104,0.0007,-0.052527718245983124,0.7668735980987549,150.0,-17.20096990909091,0.022727272727272728
6784,106,8820,0,-2.0946035385131836,0.3335171639919281,105,0.0007,-0.7037938237190247,0.8716942071914673,150.0,-17.20096990909091,0.022727272727272728
6848,107,8827,0,-2.094128131866455,1.7073811292648315,106,0.0007,1.1575044393539429,0.6027822494506836,150.0,-17.20096990909091,0.022727272727272728
6912,108,8833,0,-2.0932388305664062,1.0933904647827148,107,0.0007,-0.808731734752655,0.8067169189453125,150.0,-17.20096990909091,0.022727272727272728
6976,109,8840,0,-2.0998315811157227,0.705919086933136,108,0.0007,-1.1661906242370605,0.8231996893882751,150.0,-17.20096990909091,0.022727272727272728
7040,110,8848,0,-2.097647190093994,1.532554268836975,109,0.0007,0.7541748285293579,-0.05227947235107422,150.0,-17.20096990909091,0.022727272727272728
7104,111,8853,0,-2.1083953380584717,0.7582641839981079,110,0.0007,-1.0964536666870117,0.011713206768035889,150.0,-17.20096990909091,0.022727272727272728
7168,112,8861,0,-2.105818748474121,0.8895189762115479,111,0.0007,-1.4690296649932861,0.219138503074646,150.0,-17.20096990909091,0.022727272727272728
7232,113,8866,0,-2.1090028285980225,1.7762316465377808,112,0.0007,-2.2038371562957764,0.09445321559906006,150.0,-17.179108083333333,0.020833333333333332
7296,114,8873,0,-2.1049442291259766,0.27606329321861267,113,0.0007,-0.2707033157348633,0.9572111964225769,150.0,-17.179108083333333,0.020833333333333332
7360,115,8881,0,-2.0862412452697754,0.26214104890823364,114,0.0007,0.20135682821273804,0.057549118995666504,150.0,-17.179108083333333,0.020833333333333332
7424,116,8891,0,-2.088629722595215,0.2726595401763916,115,0.0007,-0.7761132717132568,0.7914093732833862,150.0,-17.179108083333333,0.020833333333333332
7488,117,8897,0,-2.093709945678711,2.1284875869750977,116,0.0007,0.9285591840744019,0.022328555583953857,150.0,-17.179108083333333,0.020833333333333332
7552,118,8902,0,-2.100062847137451,1.2141749858856201,117,0.0007,0.5015800595283508,-0.07148897647857666,150.0,-17.179108083333333,0.020833333333333332
7616,119,8909,0,-2.115088939666748,1.454489827156067,118,0.0007,-1.2416201829910278,0.45192790031433105,150.0,-17.179108083333333,0.020833333333333332
7680,120,8904,0,-2.1152048110961914,0.6755812168121338,119,0.0007,0.12767793238162994,0.33786213397979736,150.0,-17.179108083333333,0.020833333333333332
7744,121,8892,0,-2.096325397491455,3.805837392807007,120,0.0007,-0.7456980347633362,0.4259454011917114,150.0,-17.179108083333333,0.020833333333333332
7808,122,8885,0,-2.10516095161438,1.7388765811920166,121,0.0007,-1.838198184967041,0.5813461542129517,150.0,-16.893322307692305,0.019230769230769232
7872,123,8885,0,-2.0970914363861084,1.5152257680892944,122,0.0007,-1.8444910049438477,0.8834939002990723,150.0,-16.893322307692305,0.019230769230769232
7936,124,8889,0,-2.1030819416046143,0.522495687007904,123,0.0007,-1.0799262523651123,-0.6566381454467773,150.0,-16.893322307692305,0.019230769230769232
8000,125,8894,0,-2.1028409004211426,0.7550840377807617,124,0.0007,-0.051022008061409,0.12995874881744385,150.0,-16.893322307692305,0.019230769230769232
8064,126,8899,0,-2.109144926071167,1.847277045249939,125,0.0007,1.7218666076660156,0.012061774730682373,150.0,-16.893322307692305,0.019230769230769232
8128,127,8904,0,-2.1018481254577637,2.248694658279419,126,0.0007,0.5933271050453186,-1.1358139514923096,150.0,-16.893322307692305,0.019230769230769232
8192,128,8911,0,-2.08736252784729,0.6309429407119751,127,0.0007,-0.04369064047932625,0.31469398736953735,150.0,-16.893322307692305,0.019230769230769232
8256,129,8919,0,-2.098614454269409,1.6150825023651123,128,0.0007,-2.000105142593384,0.42478615045547485,150.0,-16.893322307692305,0.019230769230769232
8320,130,8923,0,-2.1024892330169678,1.8192651271820068,129,0.0007,-2.152552604675293,0.302426815032959,150.0,-16.893322307692305,0.019230769230769232
8384,131,8930,0,-2.1019127368927,1.5786585807800293,130,0.0007,-1.9335302114486694,0.2519300580024719,150.0,-16.893322307692305,0.019230769230769232
8448,132,8935,0,-2.107761859893799,1.353144645690918,131,0.0007,-1.9508830308914185,0.17409884929656982,150.0,-16.899156142857144,0.017857142857142856
8512,133,8941,0,-2.1054000854492188,0.37139683961868286,132,0.0007,0.6418222188949585,0.9612194299697876,150.0,-16.899156142857144,0.017857142857142856
8576,134,8948,0,-2.0927000045776367,0.696753740310669,133,0.0007,-0.9344580769538879,0.6626137495040894,150.0,-16.899156142857144,0.017857142857142856
8640,135,8954,0,-2.0904381275177,0.7001862525939941,134,0.0007,-0.38606107234954834,0.7674250602722168,150.0,-16.899156142857144,0.017857142857142856
8704,136,8960,0,-2.097083568572998,0.0857103243470192,135,0.0007,-0.35661792755126953,0.9618960022926331,150.0,-16.899156142857144,0.017857142857142856
8768,137,8966,0,-2.091635227203369,1.1645920276641846,136,0.0007,1.3513762950897217,0.34801679849624634,150.0,-16.899156142857144,0.017857142857142856
8832,138,8971,0,-2.082646131515503,0.9215432405471802,137,0.0007,0.907657265663147,0.1847935914993286,150.0,-16.899156142857144,0.017857142857142856
8896,139,8977,0,-2.0865626335144043,1.754054069519043,138,0.0007,-2.166536331176758,-0.40541040897369385,150.0,-16.899156142857144,0.017857142857142856
8960,140,8984,0,-2.0879173278808594,2.3977932929992676,139,0.0007,-2.4381983280181885,0.11230027675628662,150.0,-16.899156142857144,0.017857142857142856
9024,141,8985,1,-2.096285343170166,1.8865609169006348,140,0.0007,-2.423156261444092,0.13504761457443237,150.0,-16.88361505,0.016666666666666666
9088,142,8986,1,-2.090994358062744,0.6000171303749084,141,0.0007,-0.8065152764320374,0.9287567138671875,150.0,-16.88361505,0.016666666666666666
9152,143,8992,1,-2.112154960632324,1.2257390022277832,142,0.0007,-0.1620510220527649,0.575486421585083,150.0,-16.88361505,0.016666666666666666
9216,144,8999,1,-2.137032985687256,1.8658778667449951,143,0.0007,0.7796540856361389,0.25161588191986084,150.0,-16.88361505,0.016666666666666666
9280,145,9005,1,-2.123563766479492,0.07658180594444275,144,0.0007,-0.1969391256570816,0.8904135823249817,150.0,-16.88361505,0.016666666666666666
9344,146,9010,1,-2.112166404724121,0.39246582984924316,145,0.0007,-1.061935544013977,0.6443349123001099,150.0,-16.88361505,0.016666666666666666
9408,147,9014,1,-2.104962110519409,1.1465579271316528,146,0.0007,-0.5120254158973694,0.008858084678649902,150.0,-16.88361505,0.016666666666666666
9472,148,9020,1,-2.1105809211730957,1.3569543361663818,147,0.0007,-2.0800228118896484,0.12078368663787842,150.0,-16.88361505,0.016666666666666666
9536,149,9026,1,-2.114959716796875,2.829540967941284,148,0.0007,-2.0413026809692383,-0.0034738779067993164,150.0,-16.88361505,0.016666666666666666
9600,150,9029,1,-2.125034809112549,2.03651762008667,149,0.0007,-2.3049216270446777,0.00676119327545166,150.0,-17.165838921875,0.015625
9664,151,9029,1,-2.1239256858825684,1.0288256406784058,150,0.0007,-1.6876710653305054,-0.013740897178649902,150.0,-17.165838921875,0.015625
9728,152,9034,1,-2.125195264816284,0.34364092350006104,151,0.0007,0.43756306171417236,0.45500749349594116,150.0,-17.165838921875,0.015625
9792,153,9039,1,-2.1113381385803223,0.34335651993751526,152,0.0007,-0.7671997547149658,0.48090118169784546,150.0,-17.165838921875,0.015625
9856,154,9044,1,-2.1068661212921143,0.8766912221908569,153,0.0007,0.22430673241615295,0.4284971356391907,150.0,-17.165838921875,0.015625
9920,155,9047,1,-2.1113128662109375,0.47033199667930603,154,0.0007,-0.9830837249755859,0.27867037057876587,150.0,-17.165838921875,0.015625
9984,156,9050,1,-2.108602523803711,1.5123695135116577,155,0.0007,-0.21243934333324432,0.2496451735496521,150.0,-17.165838921875,0.015625
10048,157,9053,1,-2.1028788089752197,1.0036249160766602,156,0.0007,-1.2127753496170044,0.34482479095458984,150.0,-17.165838921875,0.015625
10112,158,9054,1,-2.106565237045288,0.6094893217086792,157,0.0007,0.2936686873435974,0.054206132888793945,150.0,-17.165838921875,0.015625
10176,159,9059,1,-2.1080777645111084,1.1410183906555176,158,0.0007,-0.22837208211421967,0.04707866907119751,150.0,-17.165838921875,0.015625
10240,160,9061,1,-2.1181867122650146,0.9946204423904419,159,0.0007,-0.6631375551223755,0.047650933265686035,150.0,-17.202884838235292,0.014705882352941176
10304,161,9057,1,-2.1132214069366455,0.09973511099815369,160,0.0007,-0.1650112122297287,0.9850939512252808,150.0,-17.202884838235292,0.014705882352941176
10368,162,9057,1,-2.114772319793701,1.1008057594299316,161,0.0007,0.7543289065361023,0.3692837357521057,150.0,-17.202884838235292,0.014705882352941176
10432,163,9053,1,-2.0993447303771973,0.6308816075325012,162,0.0007,0.3333473205566406,0.42316895723342896,150.0,-17.202884838235292,0.014705882352941176
10496,164,9055,1,-2.1080965995788574,0.6345399618148804,163,0.0007,-0.7164096236228943,0.7848867774009705,150.0,-17.202884838235292,0.014705882352941176
10560,165,9053,1,-2.1104769706726074,0.768613874912262,164,0.0007,0.13198783993721008,0.607589840888977,150.0,-17.202884838235292,0.014705882352941176
10624,166,9055,1,-2.088319778442383,0.42511075735092163,165,0.0007,-0.49594560265541077,0.7116848230361938,150.0,-17.202884838235292,0.014705882352941176
10688,167,9056,1,-2.086970329284668,0.29339373111724854,166,0.0007,-0.2434370219707489,0.49308568239212036,150.0,-17.202884838235292,0.014705882352941176
10752,168,9054,1,-2.0713701248168945,0.41713833808898926,167,0.0007,-0.705152153968811,0.25313037633895874,150.0,-17.202884838235292,0.014705882352941176
10816,169,9052,1,-2.063654661178589,1.3401262760162354,168,0.0007,-1.776691198348999,0.09384948015213013,150.0,-17.00737575,0.013888888888888888
10880,170,9050,1,-2.062117099761963,1.0755348205566406,169,0.0007,-1.5236774682998657,0.9352195858955383,150.0,-17.00737575,0.013888888888888888
10944,171,9052,1,-2.0817055702209473,0.6327670812606812,170,0.0007,0.2597585618495941,0.6350364685058594,150.0,-17.00737575,0.013888888888888888
11008,172,9047,1,-2.0824408531188965,0.7837169766426086,171,0.0007,-0.8994612693786621,0.8115423321723938,150.0,-17.00737575,0.013888888888888888
11072,173,9046,1,-2.0900516510009766,0.42858192324638367,172,0.0007,-0.9085378646850586,0.8147565126419067,150.0,-17.00737575,0.013888888888888888
11136,174,9047,1,-2.0859429836273193,0.6465860605239868,173,0.0007,-0.1577993482351303,0.45923084020614624,150.0,-17.00737575,0.013888888888888888
11200,175,9046,1,-2.0737342834472656,0.2928757667541504,174,0.0007,-0.4898521304130554,0.41446125507354736,150.0,-17.00737575,0.013888888888888888
11264,176,9046,1,-2.0741498470306396,0.9097398519515991,175,0.0007,-0.503990113735199,0.18710899353027344,150.0,-17.00737575,0.013888888888888888
11328,177,9048,1,-2.02968430519104,1.0380572080612183,176,0.0007,-1.175237774848938,0.15446358919143677,150.0,-17.00737575,0.013888888888888888
11392,178,9051,1,-2.037118911743164,0.8309302926063538,177,0.0007,-1.4723678827285767,0.0777665376663208,150.0,-17.00737575,0.013888888888888888
11456,179,9051,1,-2.033967971801758,2.7306504249572754,178,0.0007,-2.589735507965088,0.024242639541625977,150.0,-17.171012802631576,0.013157894736842105
11520,180,9056,1,-2.0392019748687744,0.4723750948905945,179,0.0007,0.15276433527469635,0.888036847114563,150.0,-17.171012802631576,0.013157894736842105
11584,181,9059,1,-2.0378568172454834,1.3427846431732178,180,0.0007,-0.4482775926589966,0.7735608816146851,150.0,-17.171012802631576,0.013157894736842105
11648,182,9064,1,-2.0356242656707764,0.47501927614212036,181,0.0007,1.0095101594924927,0.9014284610748291,150.0,-17.171012802631576,0.013157894736842105
11712,183,9068,1,-2.0345330238342285,0.8536942601203918,182,0.0007,0.7742750644683838,0.8479338884353638,150.0,-17.171012802631576,0.013157894736842105
11776,184,9071,1,-2.03275465965271,1.1049742698669434,183,0.0007,0.8588324785232544,0.8159482479095459,150.0,-17.171012802631576,0.013157894736842105
11840,185,9075,1,-2.040348768234253,0.4464433491230011,184,0.0007,-0.37431588768959045,0.9544447660446167,150.0,-17.171012802631576,0.013157894736842105
11904,186,9080,1,-2.048043727874756,0.3621238172054291,185,0.0007,-0.5802217721939087,0.9730101227760315,150.0,-17.171012802631576,0.013157894736842105
11968,187,9084,1,-2.046403408050537,0.525976836681366,186,0.0007,-1.2800805568695068,0.9857822060585022,150.0,-17.171012802631576,0.013157894736842105
12032,188,9085,1,-2.0458717346191406,1.0141876935958862,187,0.0007,-1.590268611907959,0.9267086982727051,150.0,-16.861575925,0.025
12096,189,9089,1,-2.052274703979492,2.544053792953491,188,0.0007,0.14908768236637115,0.833014190196991,150.0,-16.861575925,0.025
12160,190,9092,1,-2.0449252128601074,1.9199403524398804,189,0.0007,-2.3866536617279053,0.11478328704833984,150.0,-16.861575925,0.025
12224,191,9089,1,-2.0396931171417236,0.5197226405143738,190,0.0007,-0.7593724131584167,0.26002973318099976,150.0,-16.861575925,0.025
12288,192,9088,1,-2.043458938598633,0.6913584470748901,191,0.0007,-1.1760257482528687,-0.5015304088592529,150.0,-16.861575925,0.025
12352,193,9086,1,-2.0415902137756348,2.1826767921447754,192,0.0007,0.21066124737262726,-0.004628777503967285,150.0,-16.861575925,0.025
12416,194,9085,1,-2.0981290340423584,2.1351780891418457,193,0.0007,0.3880973756313324,0.06158512830734253,150.0,-16.861575925,0.025
12480,195,9086,1,-2.0784151554107666,1.646186351776123,194,0.0007,-1.7929069995880127,0.05596268177032471,150.0,-16.861575925,0.025
12544,196,9089,1,-2.060394763946533,1.2798296213150024,195,0.0007,-2.0067789554595947,0.005675137042999268,150.0,-16.861575925,0.025
12608,197,9084,1,-2.0556461811065674,2.093597888946533,196,0.0007,-2.5098047256469727,0.006604969501495361,150.0,-17.130097726190474,0.023809523809523808
12672,198,9084,1,-2.0599730014801025,1.040321707725525,197,0.0007,-1.7207794189453125,0.9454393982887268,150.0,-17.130097726190474,0.023809523809523808
12736,199,9084,1,-2.093183994293213,0.7568438649177551,198,0.0007,-0.921478271484375,0.7367468476295471,150.0,-17.130097726190474,0.023809523809523808
12800,200,9085,1,-2.0915396213531494,0.2898573577404022,199,0.0007,-0.5452513098716736,0.8641005754470825,150.0,-17.130097726190474,0.023809523809523808
12864,201,9081,1,-2.0938737392425537,0.14156198501586914,200,0.0007,-0.05833522602915764,0.7651844024658203,150.0,-17.130097726190474,0.023809523809523808
12928,202,9072,1,-2.0555171966552734,0.09070923924446106,201,0.0007,-0.04728611558675766,0.6050918102264404,150.0,-17.130097726190474,0.023809523809523808
12992,203,9065,1,-2.0904595851898193,0.11798712611198425,202,0.0007,-0.5066160559654236,0.3160390257835388,150.0,-17.130097726190474,0.023809523809523808
13056,204,9050,1,-2.09647798538208,0.6573155522346497,203,0.0007,-1.1714990139007568,-0.001596689224243164,150.0,-17.130097726190474,0.023809523809523808
13120,205,8726,1,-2.0874524116516113,1.8272498846054077,204,0.0007,-2.0330111980438232,-0.007763266563415527,150.0,-17.130097726190474,0.023809523809523808
13184,206,8651,1,-2.089994192123413,2.218550205230713,205,0.0007,-2.3210251331329346,-0.008803725242614746,150.0,-17.130097726190474,0.023809523809523808
13248,207,8635,1,-2.0924038887023926,2.6999270915985107,206,0.0007,-2.816113233566284,-0.0038492679595947266,150.0,-17.449372772727273,0.022727272727272728
13312,208,8632,1,-2.1113927364349365,0.08500642329454422,207,0.0007,-0.3083711862564087,0.9732663035392761,150.0,-17.449372772727273,0.022727272727272728
13376,209,8633,1,-2.118252992630005,0.6911541223526001,208,0.0007,1.0545268058776855,0.32681500911712646,150.0,-17.449372772727273,0.022727272727272728
13440,210,8635,1,-2.117391347885132,0.552598237991333,209,0.0007,0.6023707985877991,0.4517552852630615,150.0,-17.449372772727273,0.022727272727272728
13504,211,8637,1,-2.106961250305176,5.90497350692749,210,0.0007,2.6483397483825684,0.2650142312049866,150.0,-17.449372772727273,0.022727272727272728
13568,212,8640,1,-2.0941028594970703,1.8641552925109863,211,0.0007,0.8693500757217407,0.6317543983459473,150.0,-17.449372772727273,0.022727272727272728
13632,213,8643,1,-2.085184335708618,0.43039053678512573,212,0.0007,0.3070017099380493,0.8769755959510803,150.0,-17.449372772727273,0.022727272727272728
13696,214,8645,1,-2.080268383026123,1.5613985061645508,213,0.0007,-0.9557546377182007,0.5229225754737854,150.0,-17.449372772727273,0.022727272727272728
13760,215,8649,1,-2.0764214992523193,1.388824462890625,214,0.0007,-1.1208276748657227,0.4526948928833008,150.0,-17.449372772727273,0.022727272727272728
13824,216,8650,1,-2.0629451274871826,0.9773852229118347,215,0.0007,-1.5277831554412842,0.19451063871383667,150.0,-17.299601228260872,0.021739130434782608
13888,217,8652,1,-2.0605459213256836,0.3541337251663208,216,0.0007,-0.7366457581520081,0.9812967777252197,150.0,-17.299601228260872,0.021739130434782608
13952,218,8654,1,-2.0724496841430664,1.0899193286895752,217,0.0007,-0.4288492202758789,0.12540537118911743,150.0,-17.299601228260872,0.021739130434782608
14016,219,8655,1,-2.0336968898773193,0.6432132124900818,218,0.0007,0.7018834948539734,0.6183428764343262,150.0,-17.299601228260872,0.021739130434782608
14080,220,8659,1,-2.0177323818206787,1.5041966438293457,219,0.0007,1.3527982234954834,0.47972482442855835,150.0,-17.299601228260872,0.021739130434782608
14144,221,8660,1,-2.0145161151885986,0.2530682682991028,220,0.0007,0.46918386220932007,0.7887112498283386,150.0,-17.299601228260872,0.021739130434782608
14208,222,8663,1,-2.0155858993530273,2.4819376468658447,221,0.0007,1.40993332862854,0.16983652114868164,150.0,-17.299601228260872,0.021739130434782608
14272,223,8666,1,-2.0186190605163574,0.8346588611602783,222,0.0007,-0.10760122537612915,0.6005856394767761,150.0,-17.299601228260872,0.021739130434782608
14336,224,8668,1,-2.070894241333008,2.9422459602355957,223,0.0007,-1.3010320663452148,-0.27050185203552246,150.0,-17.299601228260872,0.021739130434782608
14400,225,8667,1,-2.065189838409424,1.9882168769836426,224,0.0007,-2.659987449645996,0.135348379611969,150.0,-17.19710371875,0.020833333333333332
14464,226,8667,1,-2.0453176498413086,2.1661229133605957,225,0.0007,-2.3469436168670654,0.08907699584960938,150.0,-17.19710371875,0.020833333333333332
14528,227,8668,1,-2.0743274688720703,0.21841520071029663,226,0.0007,-0.12120018899440765,0.6547428369522095,150.0,-17.19710371875,0.020833333333333332
14592,228,8671,1,-2.063856601715088,0.9072006940841675,227,0.0007,-1.0003565549850464,0.5877474546432495,150.0,-17.19710371875,0.020833333333333332
14656,229,8674,1,-2.050773859024048,0.5964980721473694,228,0.0007,-0.7953803539276123,0.6801131963729858,150.0,-17.19710371875,0.020833333333333332
14720,230,8676,1,-2.0364885330200195,0.4881730377674103,229,0.0007,-0.035851553082466125,0.3616707921028137,150.0,-17.19710371875,0.020833333333333332
14784,231,8676,1,-1.9924592971801758,1.9145348072052002,230,0.0007,0.31554466485977173,-0.08267712593078613,150.0,-17.19710371875,0.020833333333333332
14848,232,8673,1,-1.968902587890625,0.9255719184875488,231,0.0007,-0.6440406441688538,0.06582558155059814,150.0,-17.19710371875,0.020833333333333332
14912,233,8663,1,-1.9920213222503662,0.5529763102531433,232,0.0007,-1.1638524532318115,-0.016646623611450195,150.0,-17.19710371875,0.020833333333333332
14976,234,8632,1,-2.004587411880493,0.7174542546272278,233,0.0007,-1.1460777521133423,-0.08323836326599121,150.0,-17.19710371875,0.020833333333333332
15040,235,8587,1,-2.0199697017669678,1.5132428407669067,234,0.0007,-1.9718754291534424,-0.012455940246582031,150.0,-17.315293620000002,0.02
15104,236,8568,1,-2.0319814682006836,0.38538244366645813,235,0.0007,-0.9943515658378601,0.9675461649894714,150.0,-17.315293620000002,0.02
15168,237,8549,1,-2.0290818214416504,0.8162204027175903,236,0.0007,0.8198574781417847,0.6764293909072876,150.0,-17.315293620000002,0.02
15232,238,8537,1,-2.033048391342163,1.9147682189941406,237,0.0007,1.2282440662384033,0.39105916023254395,150.0,-17.315293620000002,0.02
15296,239,8526,1,-2.0301427841186523,2.4636647701263428,238,0.0007,1.3175626993179321,0.5453603267669678,150.0,-17.315293620000002,0.02
15360,240,8515,1,-2.0256028175354004,0.8128781914710999,239,0.0007,0.5004955530166626,-0.5681720972061157,150.0,-17.315293620000002,0.02
15424,241,8513,1,-2.0196290016174316,0.5253260731697083,240,0.0007,-0.2957465648651123,0.5469549298286438,150.0,-17.315293620000002,0.02
15488,242,8509,1,-2.063671350479126,1.0515553951263428,241,0.0007,-1.6926555633544922,0.22667264938354492,150.0,-17.315293620000002,0.02
15552,243,8507,1,-2.0780086517333984,0.9603713750839233,242,0.0007,-1.798539400100708,-0.05239415168762207,150.0,-17.315293620000002,0.02
15616,244,8502,1,-2.0815916061401367,0.6941084861755371,243,0.0007,-1.465554118156433,-0.0017044544219970703,150.0,-17.239999370000003,0.02
15680,245,8501,1,-2.0723395347595215,0.34463801980018616,244,0.0007,-0.8415002226829529,0.9829561710357666,150.0,-17.239999370000003,0.02
15744,246,8502,1,-2.0667686462402344,0.5091660022735596,245,0.0007,-1.1112124919891357,0.7159215211868286,150.0,-17.239999370000003,0.02
15808,247,8504,1,-2.0606157779693604,1.3980028629302979,246,0.0007,1.218077540397644,0.20571660995483398,150.0,-17.239999370000003,0.02
15872,248,8506,1,-2.0600647926330566,0.9019700288772583,247,0.0007,0.9145411252975464,0.4658726453781128,150.0,-17.239999370000003,0.02
15936,249,8508,1,-2.053830862045288,6.381470680236816,248,0.0007,3.4022397994995117,0.5503801107406616,150.0,-17.239999370000003,0.02
16000,250,8507,1,-2.052309036254883,0.8076232671737671,249,0.0007,0.13076503574848175,0.889943540096283,150.0,-17.239999370000003,0.02
16064,251,8510,1,-2.029527187347412,0.7552242279052734,250,0.0007,-1.5146167278289795,0.9615388512611389,150.0,-17.239999370000003,0.02
16128,252,8514,1,-2.01741099357605,1.7974618673324585,251,0.0007,-1.913416862487793,0.8608036041259766,150.0,-17.239999370000003,0.02
16192,253,8518,1,-2.0002079010009766,2.16583251953125,252,0.0007,-2.455886125564575,0.8590794205665588,150.0,-17.239999370000003,0.02
16256,254,8519,1,-2.0052409172058105,1.2690670490264893,253,0.0007,-1.69429612159729,0.8438125848770142,150.0,-17.161305329999994,0.03
16320,255,8522,1,-2.0342698097229004,0.8557324409484863,254,0.0007,0.713169515132904,0.8571677803993225,150.0,-17.161305329999994,0.03
16384,256,8524,1,-2.0564792156219482,0.15300586819648743,255,0.0007,-0.05093230679631233,0.8328116536140442,150.0,-17.161305329999994,0.03
16448,257,8528,1,-2.0414977073669434,0.319598525762558,256,0.0007,0.237385556101799,0.8349420428276062,150.0,-17.161305329999994,0.03
16512,258,8531,1,-2.078580379486084,0.6393977403640747,257,0.0007,0.1891154944896698,0.836302638053894,150.0,-17.161305329999994,0.03
16576,259,8535,1,-2.074171543121338,0.5021165013313293,258,0.0007,-0.5798226594924927,0.8753668665885925,150.0,-17.161305329999994,0.03
16640,260,8539,1,-2.0707428455352783,0.7271974086761475,259,0.0007,-1.20329749584198,0.8090530633926392,150.0,-17.161305329999994,0.03
16704,261,8542,1,-2.0661461353302,0.7342531681060791,260,0.0007,-1.4527989625930786,0.7136616110801697,150.0,-17.161305329999994,0.03
16768,262,8541,1,-2.0668585300445557,0.788393497467041,261,0.0007,-1.411154866218567,0.26097482442855835,150.0,-17.161305329999994,0.03
16832,263,8518,1,-2.0745222568511963,0.7342280149459839,262,0.0007,-1.3955227136611938,0.22088617086410522,150.0,-17.02364687,0.03
16896,264,8509,1,-2.0673787593841553,0.11050920188426971,263,0.0007,-0.36229610443115234,0.9952261447906494,150.0,-17.02364687,0.03
16960,265,8488,1,-2.078561305999756,0.7822095155715942,264,0.0007,-0.7190210223197937,0.22905945777893066,150.0,-17.02364687,0.03
17024,266,8486,2,-2.0715959072113037,1.098336100578308,265,0.0007,1.5131241083145142,0.42232728004455566,150.0,-17.02364687,0.03
17088,267,8485,2,-2.0673389434814453,0.8071802854537964,266,0.0007,0.3206627368927002,0.5141435861587524,150.0,-17.02364687,0.03
17152,268,8485,2,-2.0538887977600098,1.6397705078125,267,0.0007,-0.7502076625823975,0.5175889134407043,150.0,-17.02364687,0.03
17216,269,8485,2,-2.0510268211364746,3.269186496734619,268,0.0007,0.9778906106948853,0.6368538737297058,150.0,-17.02364687,0.03
17280,270,8488,2,-2.0588107109069824,0.3972489535808563,269,0.0007,-0.4276793599128723,0.9165669679641724,150.0,-17.02364687,0.03
17344,271,8491,2,-2.040116786956787,1.6291353702545166,270,0.0007,0.003756783902645111,0.4389154314994812,150.0,-17.02364687,0.03
17408,272,8490,2,-2.028376340866089,3.4281165599823,271,0.0007,-0.11494527012109756,0.18288397789001465,150.0,-16.87455654,0.03
17472,273,8492,2,-2.0159966945648193,1.4991027116775513,272,0.0007,-1.145796298980713,0.8578115701675415,150.0,-16.87455654,0.03
17536,274,8490,2,-2.0328569412231445,1.325415849685669,273,0.0007,-0.14462414383888245,0.5963097810745239,150.0,-16.87455654,0.03
17600,275,8485,2,-1.9976022243499756,1.1743993759155273,274,0.0007,1.0860986709594727,0.6222114562988281,150.0,-16.87455654,0.03
17664,276,8481,2,-2.0012972354888916,1.1225931644439697,275,0.0007,-0.6170443296432495,0.3841257095336914,150.0,-16.87455654,0.03
17728,277,8475,2,-2.0027873516082764,1.1203750371932983,276,0.0007,-0.07722042500972748,0.05261045694351196,150.0,-16.87455654,0.03
17792,278,8442,2,-2.0264534950256348,0.8814374208450317,277,0.0007,0.721142590045929,-0.05391097068786621,150.0,-16.87455654,0.03
17856,279,8429,2,-2.048513650894165,0.11355878412723541,278,0.0007,-0.42788124084472656,0.607841968536377,150.0,-16.87455654,0.03
17920,280,8417,2,-2.060215950012207,0.26033586263656616,279,0.0007,-0.7358765006065369,0.17635661363601685,150.0,-16.87455654,0.03
17984,281,8403,2,-2.0730104446411133,0.6039135456085205,280,0.0007,-1.0243734121322632,-0.06222105026245117,150.0,-16.87455654,0.03
18048,282,8396,2,-2.0791661739349365,1.344174861907959,281,0.0007,-1.8612017631530762,-0.009674906730651855,150.0,-16.82908419,0.03
18112,283,8392,2,-2.0742459297180176,0.2634023427963257,282,0.0007,-0.5699034333229065,0.9631097912788391,150.0,-16.82908419,0.03
18176,284,8389,2,-2.0665721893310547,1.2727668285369873,283,0.0007,0.7585773468017578,0.45640015602111816,150.0,-16.82908419,0.03
18240,285,8389,2,-2.0695810317993164,1.153430700302124,284,0.0007,0.6257895231246948,0.5765771865844727,150.0,-16.82908419,0.03
18304,286,8389,2,-2.0801010131835938,6.080971717834473,285,0.0007,3.2363638877868652,0.3384242057800293,150.0,-16.82908419,0.03
18368,287,8389,2,-2.07822847366333,1.1413447856903076,286,0.0007,1.7558159828186035,0.8601489067077637,150.0,-16.82908419,0.03
18432,288,8390,2,-2.076162338256836,0.6450248956680298,287,0.0007,-0.48571985960006714,0.7872647047042847,150.0,-16.82908419,0.03
18496,289,8389,2,-2.0675950050354004,0.577294647693634,288,0.0007,-1.2553291320800781,0.6089409589767456,150.0,-16.82908419,0.03
18560,290,8388,2,-2.062363624572754,0.6267971396446228,289,0.0007,-1.102893352508545,0.031291842460632324,150.0,-16.82908419,0.03
18624,291,8381,2,-2.060901403427124,0.6906839609146118,290,0.0007,-1.3083997964859009,0.021049916744232178,150.0,-16.66454901,0.03
18688,292,8375,2,-2.071068286895752,0.35655301809310913,291,0.0007,-0.9060165882110596,0.9903348684310913,150.0,-16.66454901,0.03
18752,293,8367,2,-2.078456401824951,1.996964693069458,292,0.0007,-0.13077443838119507,0.6650384068489075,150.0,-16.66454901,0.03
18816,294,8365,2,-2.101288318634033,0.8720850944519043,293,0.0007,-1.275378942489624,0.9179205894470215,150.0,-16.66454901,0.03
18880,295,8363,2,-2.0930287837982178,0.5929867625236511,294,0.0007,1.0734429359436035,0.7469202280044556,150.0,-16.66454901,0.03
18944,296,8361,2,-2.1003568172454834,0.19967320561408997,295,0.0007,0.45658719539642334,0.7355868816375732,150.0,-16.66454901,0.03
19008,297,8359,2,-2.098963975906372,0.2746815085411072,296,0.0007,-0.3543187081813812,0.7270019054412842,150.0,-16.66454901,0.03
19072,298,8356,2,-2.0980286598205566,0.6599152684211731,297,0.0007,-1.4813063144683838,0.49629849195480347,150.0,-16.66454901,0.03
19136,299,8353,2,-2.0975136756896973,0.8592149615287781,298,0.0007,-1.5023057460784912,0.190809428691864,150.0,-16.66454901,0.03
19200,300,8347,2,-2.096804141998291,1.1259760856628418,299,0.0007,-1.6357280015945435,0.058717548847198486,150.0,-16.77864894,0.03
19264,301,8344,2,-2.095302104949951,0.8922170996665955,300,0.0007,-1.6561601161956787,-0.02200901508331299,150.0,-16.77864894,0.03
19328,302,8335,2,-2.115441083908081,1.2871339321136475,301,0.0007,0.891667366027832,0.10564714670181274,150.0,-16.77864894,0.03
19392,303,8325,2,-2.104588508605957,0.43123650550842285,302,0.0007,0.007592111825942993,0.7529643774032593,150.0,-16.77864894,0.03
19456,304,8319,2,-2.0976383686065674,0.38927027583122253,303,0.0007,0.448456346988678,0.9013478755950928,150.0,-16.77864894,0.03
19520,305,8313,2,-2.094480037689209,0.976669430732727,304,0.0007,0.8001179695129395,0.8566613793373108,150.0,-16.77864894,0.03
19584,306,8307,2,-2.0898666381835938,0.9323062896728516,305,0.0007,-1.2337387800216675,0.9022928476333618,150.0,-16.77864894,0.03
19648,307,8301,2,-2.0941390991210938,2.884492874145508,306,0.0007,-0.016730189323425293,0.4441114664077759,150.0,-16.77864894,0.03
19712,308,8295,2,-2.076524257659912,0.8229975700378418,307,0.0007,-1.219038724899292,0.7986757755279541,150.0,-16.77864894,0.03
19776,309,8288,2,-2.0838780403137207,0.5510342121124268,308,0.0007,-0.3466206192970276,0.709025502204895,150.0,-16.77864894,0.03
19840,310,8282,2,-2.0953030586242676,0.7647527456283569,309,0.0007,-1.2344845533370972,0.6809818148612976,150.0,-16.71513242,0.02
19904,311,8276,2,-2.092473268508911,0.25460490584373474,310,0.0007,-0.6973686814308167,0.9927312731742859,150.0,-16.71513242,0.02
19968,312,8270,2,-2.092116117477417,2.159780263900757,311,0.0007,-2.442356824874878,0.5432481169700623,150.0,-16.71513242,0.02
20032,313,8263,2,-2.0934078693389893,1.5172237157821655,312,0.0007,-0.2824326455593109,0.38596290349960327,150.0,-16.71513242,0.02
20096,314,8252,2,-2.052476406097412,0.4538019001483917,313,0.0007,-0.46236127614974976,0.734588086605072,150.0,-16.71513242,0.02
20160,315,8243,2,-2.0615358352661133,0.6616345047950745,314,0.0007,-1.4712376594543457,0.4281613826751709,150.0,-16.71513242,0.02
20224,316,8236,2,-2.0822248458862305,0.6914792060852051,315,0.0007,-0.8377462029457092,-0.05993807315826416,150.0,-16.71513242,0.02
20288,317,8229,2,-2.0643417835235596,0.7091209888458252,316,0.0007,-1.460418462753296,0.012802839279174805,150.0,-16.71513242,0.02
20352,318,8223,2,-2.060096263885498,1.060999870300293,317,0.0007,-1.6388188600540161,-0.03346526622772217,150.0,-16.71513242,0.02
20416,319,8216,2,-2.0627505779266357,1.056807279586792,318,0.0007,-1.6382256746292114,-0.01022350788116455,150.0,-17.107378479999998,0.02
20480,320,8211,2,-2.0670323371887207,0.39297810196876526,319,0.0007,-0.8863720297813416,0.9810572266578674,150.0,-17.107378479999998,0.02
20544,321,8201,2,-2.05893611907959,3.5235111713409424,320,0.0007,2.3736164569854736,0.40796637535095215,150.0,-17.107378479999998,0.02
20608,322,8192,2,-2.050553798675537,0.28707796335220337,321,0.0007,-0.24681010842323303,0.9432648420333862,150.0,-17.107378479999998,0.02
20672,323,8185,2,-2.0667967796325684,2.127577066421509,322,0.0007,2.0116169452667236,0.786925196647644,150.0,-17.107378479999998,0.02
20736,324,8176,2,-2.062765598297119,0.5505876541137695,323,0.0007,-0.8643498420715332,0.7884975671768188,150.0,-17.107378479999998,0.02
20800,325,8160,2,-2.061232805252075,0.2569194734096527,324,0.0007,-0.8611365556716919,0.5534061193466187,150.0,-17.107378479999998,0.02
20864,326,8153,2,-2.0503153800964355,0.19204476475715637,325,0.0007,-0.48225080966949463,-0.9007047414779663,150.0,-17.107378479999998,0.02
20928,327,8145,2,-2.049689292907715,0.3567737638950348,326,0.0007,-0.8899171948432922,-0.13262534141540527,150.0,-17.107378479999998,0.02
20992,328,8139,2,-2.066364288330078,0.27446889877319336,327,0.0007,-0.7399595975875854,-0.06686782836914062,150.0,-17.107378479999998,0.02
21056,329,8128,2,-2.080200672149658,0.1298879235982895,328,0.0007,-0.548558235168457,0.03624933958053589,150.0,-16.899589849999998,0.02
21120,330,8118,2,-2.078782081604004,0.584343433380127,329,0.0007,-1.0719128847122192,0.8926820755004883,150.0,-16.899589849999998,0.02
21184,331,8110,2,-2.074903726577759,0.0461132749915123,330,0.0007,-0.06050325557589531,0.7908740043640137,150.0,-16.899589849999998,0.02
21248,332,8098,2,-2.0892820358276367,1.9303549528121948,331,0.0007,1.8339736461639404,0.22114920616149902,150.0,-16.899589849999998,0.02
21312,333,8091,2,-2.0959384441375732,0.7395510673522949,332,0.0007,-0.019217640161514282,0.1977115273475647,150.0,-16.899589849999998,0.02
21376,334,8089,2,-2.1075801849365234,0.4442322254180908,333,0.0007,0.43040144443511963,-0.1183236837387085,150.0,-16.899589849999998,0.02
21440,335,8084,2,-2.1257152557373047,0.5720426440238953,334,0.0007,-1.1037781238555908,0.11496943235397339,150.0,-16.899589849999998,0.02
21504,336,8079,2,-2.1290123462677,0.5598819851875305,335,0.0007,-1.3491661548614502,0.048671066761016846,150.0,-16.899589849999998,0.02
21568,337,8072,2,-2.129744052886963,0.4907042980194092,336,0.0007,-1.1603870391845703,0.02298581600189209,150.0,-16.899589849999998,0.02
21632,338,8067,2,-2.133755683898926,0.6241813898086548,337,0.0007,-0.9010292887687683,-0.01251077651977539,150.0,-17.193570870000002,0.02
21696,339,8067,2,-2.138798236846924,0.08499222993850708,338,0.0007,-0.1925312578678131,0.9890940189361572,150.0,-17.193570870000002,0.02
21760,340,8067,2,-2.135777473449707,0.20153014361858368,339,0.0007,-0.6660425662994385,0.680639386177063,150.0,-17.193570870000002,0.02
21824,341,8065,2,-2.143758773803711,0.463667094707489,340,0.0007,0.41875219345092773,0.554680585861206,150.0,-17.193570870000002,0.02
21888,342,8066,2,-2.1395010948181152,1.1988177299499512,341,0.0007,0.9193564057350159,0.38138943910598755,150.0,-17.193570870000002,0.02
21952,343,8067,2,-2.139493465423584,0.16084450483322144,342,0.0007,-0.14517351984977722,0.7255672216415405,150.0,-17.193570870000002,0.02
22016,344,8068,2,-2.146109104156494,0.5996680855751038,343,0.0007,-0.3496468961238861,0.4326895475387573,150.0,-17.193570870000002,0.02
22080,345,8069,2,-2.142451286315918,0.4201929271221161,344,0.0007,-0.08761738985776901,0.20009171962738037,150.0,-17.193570870000002,0.02
22144,346,8071,2,-2.147583246231079,0.47111648321151733,345,0.0007,0.3861761689186096,0.17274737358093262,150.0,-17.193570870000002,0.02
22208,347,8072,2,-2.1573057174682617,0.3404669463634491,346,0.0007,-0.3941069543361664,0.07451421022415161,150.0,-17.221939070000005,0.02
22272,348,8074,2,-2.1566100120544434,1.6736423969268799,347,0.0007,0.9465150237083435,0.7388381958007812,150.0,-17.221939070000005,0.02
22336,349,8075,2,-2.1460273265838623,0.7448229789733887,348,0.0007,0.3030625581741333,0.22039741277694702,150.0,-17.221939070000005,0.02
22400,350,8075,2,-2.1550514698028564,1.049146056175232,349,0.0007,0.36902227997779846,0.7623413801193237,150.0,-17.221939070000005,0.02
22464,351,8075,2,-2.1668570041656494,1.2517181634902954,350,0.0007,1.0964809656143188,0.8570797443389893,150.0,-17.221939070000005,0.02
22528,352,8077,2,-2.1680028438568115,0.7276013493537903,351,0.0007,-0.535065770149231,0.9355981349945068,150.0,-17.221939070000005,0.02
22592,353,8079,2,-2.1671643257141113,1.8312866687774658,352,0.0007,0.8016629815101624,0.8513492941856384,150.0,-17.221939070000005,0.02
22656,354,8081,2,-2.16727614402771,1.8923838138580322,353,0.0007,0.6600375175476074,0.7987319231033325,150.0,-17.221939070000005,0.02
22720,355,8084,2,-2.1653428077697754,0.5153797268867493,354,0.0007,-0.2778143584728241,0.8816760778427124,150.0,-17.221939070000005,0.02
22784,356,8086,2,-2.167241096496582,0.9501276016235352,355,0.0007,1.0613138675689697,0.5625464916229248,150.0,-17.221939070000005,0.02
22848,357,8088,2,-2.1611666679382324,1.1365671157836914,356,0.0007,-0.4310028851032257,0.491085946559906,150.0,-17.02321359,0.02
22912,358,8090,2,-2.13490629196167,0.38838791847229004,357,0.0007,-0.7948312759399414,0.9782105684280396,150.0,-17.02321359,0.02
22976,359,8093,2,-2.129260778427124,0.3395117521286011,358,0.0007,0.1381979137659073,0.8638904094696045,150.0,-17.02321359,0.02
23040,360,8096,2,-2.1335411071777344,0.4129422605037689,359,0.0007,-0.10719943791627884,0.7802777290344238,150.0,-17.02321359,0.02
23104,361,8098,2,-2.130424976348877,1.2420079708099365,360,0.0007,-0.591936469078064,-0.7412813901901245,150.0,-17.02321359,0.02
23168,362,8101,2,-2.1332812309265137,0.46786612272262573,361,0.0007,-0.6422887444496155,0.4231664538383484,150.0,-17.02321359,0.02
23232,363,8103,2,-2.120636463165283,0.3312327563762665,362,0.0007,0.03528141230344772,0.18031275272369385,150.0,-17.02321359,0.02
23296,364,8106,2,-2.134431838989258,1.8713853359222412,363,0.0007,-0.07114890217781067,0.0705873966217041,150.0,-17.02321359,0.02
23360,365,8106,2,-2.1125879287719727,0.6245657205581665,364,0.0007,-0.7786414623260498,0.08868348598480225,150.0,-17.02321359,0.02
23424,366,8104,2,-2.112860918045044,1.081037998199463,365,0.0007,0.7648929357528687,-0.005522370338439941,150.0,-17.056013170000003,0.02
23488,367,8101,2,-2.1213440895080566,0.14252549409866333,366,0.0007,-0.3467363119125366,0.9893961548805237,150.0,-17.056013170000003,0.02
23552,368,8102,2,-2.1240105628967285,1.040390968322754,367,0.0007,0.7598101496696472,-0.06410861015319824,150.0,-17.056013170000003,0.02
23616,369,8102,2,-2.120912551879883,0.782957136631012,368,0.0007,-0.2385004311800003,-0.10390055179595947,150.0,-17.056013170000003,0.02
23680,370,8104,2,-2.1111042499542236,0.34756648540496826,369,0.0007,-0.5170259475708008,0.29322952032089233,150.0,-17.056013170000003,0.02
23744,371,8105,2,-2.1101226806640625,0.874018132686615,370,0.0007,0.7175960540771484,0.36309272050857544,150.0,-17.056013170000003,0.02
23808,372,8106,2,-2.1198644638061523,1.8078218698501587,371,0.0007,-1.0771708488464355,0.34294331073760986,150.0,-17.056013170000003,0.02
23872,373,8108,2,-2.1197054386138916,2.307781219482422,372,0.0007,-1.205032467842102,0.1781710982322693,150.0,-17.056013170000003,0.02
23936,374,8104,2,-2.1069416999816895,1.3505885601043701,373,0.0007,-1.8645308017730713,0.06011849641799927,150.0,-17.056013170000003,0.02
24000,375,8105,2,-2.111295461654663,0.6770952343940735,374,0.0007,-1.2912919521331787,0.0410502552986145,150.0,-17.24478656,0.02
24064,376,8106,2,-2.118516206741333,0.5403507351875305,375,0.0007,-1.0382205247879028,0.0010808706283569336,150.0,-17.24478656,0.02
24128,377,8107,2,-2.0926148891448975,0.15553498268127441,376,0.0007,0.026074498891830444,0.7869805097579956,150.0,-17.24478656,0.02
24192,378,8107,2,-2.0850627422332764,1.387200951576233,377,0.0007,-1.9774445295333862,0.6831790208816528,150.0,-17.24478656,0.02
24256,379,8104,2,-2.0841012001037598,0.9932171106338501,378,0.0007,0.6532928943634033,0.6778594255447388,150.0,-17.24478656,0.02
24320,380,8103,3,-2.0846333503723145,0.6843018531799316,379,0.0007,0.6925808787345886,0.4798656702041626,150.0,-17.24478656,0.02
24384,381,8102,3,-2.090568780899048,0.0868389680981636,380,0.0007,-0.21591459214687347,0.7383674383163452,150.0,-17.24478656,0.02
24448,382,8098,3,-2.0965280532836914,0.48918065428733826,381,0.0007,0.5056194067001343,-0.03011000156402588,150.0,-17.24478656,0.02
24512,383,8098,3,-2.122131824493408,2.9400429725646973,382,0.0007,0.5635828971862793,-0.013928651809692383,150.0,-17.24478656,0.02
24576,384,8099,3,-2.1310501098632812,1.0456113815307617,383,0.0007,-0.3844097852706909,0.0005243420600891113,150.0,-17.24478656,0.02
24640,385,8099,3,-2.143913984298706,1.2285048961639404,384,0.0007,-1.7291359901428223,0.0009016990661621094,150.0,-17.13583836,0.02
24704,386,8101,3,-2.1347286701202393,0.4427245259284973,385,0.0007,-0.06447155028581619,0.9718443155288696,150.0,-17.13583836,0.02
24768,387,8102,3,-2.123075246810913,1.407292127609253,386,0.0007,0.20522363483905792,0.6928282976150513,150.0,-17.13583836,0.02
24832,388,8098,3,-2.1129143238067627,1.0863021612167358,387,0.0007,0.3182259500026703,0.8542274236679077,150.0,-17.13583836,0.02
24896,389,8094,3,-2.121913433074951,0.281472772359848,388,0.0007,-0.2707534432411194,0.9545488953590393,150.0,-17.13583836,0.02
24960,390,8091,3,-2.1206936836242676,0.6980180144309998,389,0.0007,-1.3653337955474854,0.8931668400764465,150.0,-17.13583836,0.02
25024,391,8070,3,-2.1233668327331543,1.9353103637695312,390,0.0007,0.5578378438949585,-0.021645426750183105,150.0,-17.13583836,0.02
25088,392,8069,3,-2.103342294692993,0.9333322048187256,391,0.0007,0.1653631329536438,-0.2701069116592407,150.0,-17.13583836,0.02
25152,393,8068,3,-2.1035311222076416,1.3343822956085205,392,0.0007,0.06723270565271378,0.05998408794403076,150.0,-17.13583836,0.02
25216,394,8067,3,-2.109280824661255,0.6368970274925232,393,0.0007,-1.0588208436965942,0.17865049839019775,150.0,-16.96501281,0.02
25280,395,8069,3,-2.1069235801696777,0.6723592877388,394,0.0007,-1.0451459884643555,0.9739218950271606,150.0,-16.96501281,0.02
25344,396,8071,3,-2.0920584201812744,2.2624459266662598,395,0.0007,-1.9571237564086914,0.6570550203323364,150.0,-16.96501281,0.02
25408,397,8073,3,-2.0952939987182617,1.5313246250152588,396,0.0007,1.9638760089874268,0.8360013961791992,150.0,-16.96501281,0.02
25472,398,8075,3,-2.098179340362549,0.4476068317890167,397,0.0007,-0.0589776337146759,0.8820375800132751,150.0,-16.96501281,0.02
25536,399,8076,3,-2.0811715126037598,7.519588470458984,398,0.0007,3.8251686096191406,-0.8654216527938843,150.0,-16.96501281,0.02
25600,400,8076,3,-2.0856566429138184,1.8594002723693848,399,0.0007,0.4134114682674408,-0.028154492378234863,150.0,-16.96501281,0.02
25664,401,8078,3,-2.08383846282959,0.9335300922393799,400,0.0007,-0.939345121383667,0.10088008642196655,150.0,-16.96501281,0.02
25728,402,8080,3,-2.0885367393493652,1.1835417747497559,401,0.0007,-1.1877939701080322,0.09132587909698486,150.0,-16.96501281,0.02
25792,403,8082,3,-2.098297595977783,0.8936852812767029,402,0.0007,-1.5202471017837524,0.010198473930358887,150.0,-16.96501281,0.02
25856,404,8084,3,-2.1112473011016846,1.097221851348877,403,0.0007,-1.5669348239898682,-0.00930333137512207,150.0,-17.141383559999998,0.02
25920,405,8085,3,-2.1070950031280518,0.3876785933971405,404,0.0007,-0.1316092163324356,0.9280420541763306,150.0,-17.141383559999998,0.02
25984,406,8085,3,-2.105475425720215,2.021134376525879,405,0.0007,0.8763741850852966,0.6020050048828125,150.0,-17.141383559999998,0.02
26048,407,8086,3,-2.1116490364074707,0.7573336362838745,406,0.0007,-0.7341220378875732,0.8175744414329529,150.0,-17.141383559999998,0.02
26112,408,8089,3,-2.1002135276794434,0.48450034856796265,407,0.0007,-0.7339086532592773,0.781004786491394,150.0,-17.141383559999998,0.02
26176,409,8091,3,-2.111531972885132,0.8781883120536804,408,0.0007,0.5719066262245178,0.32767361402511597,150.0,-17.141383559999998,0.02
26240,410,8093,3,-2.1264219284057617,1.8158785104751587,409,0.0007,1.1638023853302002,0.03783309459686279,150.0,-17.141383559999998,0.02
26304,411,8095,3,-2.1248292922973633,0.24163052439689636,410,0.0007,0.16305547952651978,0.43726587295532227,150.0,-17.141383559999998,0.02
26368,412,8097,3,-2.142796039581299,0.8548534512519836,411,0.0007,1.054752230644226,0.2747997045516968,150.0,-17.141383559999998,0.02
26432,413,8098,3,-2.1459901332855225,0.48680412769317627,412,0.0007,-0.4421214461326599,0.29617732763290405,150.0,-16.92524434,0.02
26496,414,8100,3,-2.1504929065704346,1.2484115362167358,413,0.0007,0.5024817585945129,0.9048541188240051,150.0,-16.92524434,0.02
26560,415,8102,3,-2.1399126052856445,0.3139916658401489,414,0.0007,0.11356914043426514,0.7427209615707397,150.0,-16.92524434,0.02
26624,416,8104,3,-2.1387643814086914,1.1523761749267578,415,0.0007,-0.7151806354522705,0.714665412902832,150.0,-16.92524434,0.02
26688,417,8106,3,-2.1361136436462402,0.6463953256607056,416,0.0007,0.28006380796432495,0.6025252342224121,150.0,-16.92524434,0.02
26752,418,8108,3,-2.116086483001709,1.0115272998809814,417,0.0007,1.335066556930542,0.729723334312439,150.0,-16.92524434,0.02
26816,419,8110,3,-2.1202874183654785,1.1429730653762817,418,0.0007,0.7471022009849548,-1.4691345691680908,150.0,-16.92524434,0.02
26880,420,8112,3,-2.118173122406006,2.11502742767334,419,0.0007,0.2341803014278412,0.0035941004753112793,150.0,-16.92524434,0.02
26944,421,8114,3,-2.122638702392578,1.051013469696045,420,0.0007,-1.848015308380127,0.25816088914871216,150.0,-16.92524434,0.02
27008,422,8114,3,-2.127595901489258,1.503976821899414,421,0.0007,-2.1583166122436523,-0.14825427532196045,150.0,-17.194948,0.01
27072,423,8114,3,-2.130959987640381,1.3297239542007446,422,0.0007,-1.9597059488296509,0.9605808854103088,150.0,-17.194948,0.01
27136,424,8116,3,-2.1173901557922363,1.0192530155181885,423,0.0007,-1.582024335861206,0.45551979541778564,150.0,-17.194948,0.01
27200,425,8117,3,-2.1191158294677734,0.9619044661521912,424,0.0007,-1.1831446886062622,-0.17833662033081055,150.0,-17.194948,0.01
27264,426,8119,3,-2.125471353530884,1.6684858798980713,425,0.0007,0.8056739568710327,0.3278570771217346,150.0,-17.194948,0.01
27328,427,8121,3,-2.1278653144836426,0.4365607500076294,426,0.0007,-0.22620368003845215,0.7338828444480896,150.0,-17.194948,0.01
27392,428,8124,3,-2.132382869720459,0.16980116069316864,427,0.0007,-0.43873700499534607,0.7554159760475159,150.0,-17.194948,0.01
27456,429,8126,3,-2.1287379264831543,0.34309154748916626,428,0.0007,0.6367678046226501,0.5393791198730469,150.0,-17.194948,0.01
27520,430,8128,3,-2.1341822147369385,0.7500297427177429,429,0.0007,-0.15085086226463318,0.39530426263809204,150.0,-17.194948,0.01
27584,431,8131,3,-2.1421127319335938,0.4537864625453949,430,0.0007,-1.0239293575286865,0.5705819129943848,150.0,-17.194948,0.01
27648,432,8132,3,-2.148153781890869,0.79559326171875,431,0.0007,-1.381986141204834,-0.2616180181503296,150.0,-17.11385038,0.01
27712,433,8134,3,-2.135261058807373,0.627429187297821,432,0.0007,-0.22074425220489502,0.9356637597084045,150.0,-17.11385038,0.01
27776,434,8136,3,-2.118734359741211,0.7198877930641174,433,0.0007,-0.12082627415657043,0.8292822241783142,150.0,-17.11385038,0.01
27840,435,8139,3,-2.112065553665161,0.6405972242355347,434,0.0007,-0.015659458935260773,0.6893590092658997,150.0,-17.11385038,0.01
27904,436,8142,3,-2.1243863105773926,0.6709163188934326,435,0.0007,-0.8518843054771423,0.718834400177002,150.0,-17.11385038,0.01
27968,437,8145,3,-2.119901657104492,1.125077486038208,436,0.0007,-1.4177310466766357,0.4324283003807068,150.0,-17.11385038,0.01
28032,438,8148,3,-2.1261656284332275,0.4705042243003845,437,0.0007,0.38997262716293335,0.18215519189834595,150.0,-17.11385038,0.01
28096,439,8150,3,-2.119882583618164,0.8570675849914551,438,0.0007,0.7519928216934204,0.044811785221099854,150.0,-17.11385038,0.01
28160,440,8153,3,-2.1172382831573486,1.6872466802597046,439,0.0007,-0.6564607620239258,0.21446877717971802,150.0,-17.11385038,0.01
28224,441,8154,3,-2.1101975440979004,1.3981889486312866,440,0.0007,-0.3527222275733948,0.16474878787994385,150.0,-16.926242509999998,0.01
28288,442,8157,3,-2.0992238521575928,0.9491397738456726,441,0.0007,0.15707126259803772,0.9176701307296753,150.0,-16.926242509999998,0.01
28352,443,8160,3,-2.0615265369415283,0.5078015327453613,442,0.0007,-0.8532021045684814,0.8679953217506409,150.0,-16.926242509999998,0.01
28416,444,8161,3,-2.0714869499206543,0.30289554595947266,443,0.0007,-0.09319940209388733,0.8767207264900208,150.0,-16.926242509999998,0.01
28480,445,8159,3,-2.0774447917938232,1.214753270149231,444,0.0007,1.922419786453247,0.9105381369590759,150.0,-16.926242509999998,0.01
28544,446,8162,3,-2.082712173461914,1.921398401260376,445,0.0007,2.008763074874878,0.27125293016433716,150.0,-16.926242509999998,0.01
28608,447,8165,3,-2.0893630981445312,2.5250799655914307,446,0.0007,2.5010876655578613,0.667372465133667,150.0,-16.926242509999998,0.01
28672,448,8167,3,-2.1004748344421387,0.20942044258117676,447,0.0007,-0.3122659921646118,0.8580905199050903,150.0,-16.926242509999998,0.01
28736,449,8170,3,-2.103043556213379,0.19217824935913086,448,0.0007,-0.03868595510721207,0.5040408968925476,150.0,-16.926242509999998,0.01
28800,450,8173,3,-2.1159098148345947,0.2303539365530014,449,0.0007,-0.35641908645629883,0.589485764503479,150.0,-16.887328280000002,0.01
28864,451,8176,3,-2.1073403358459473,0.6352344751358032,450,0.0007,-0.5315406322479248,0.4477383494377136,150.0,-16.887328280000002,0.01
28928,452,8178,3,-2.086246967315674,0.45427149534225464,451,0.0007,-0.9519600868225098,0.7501103281974792,150.0,-16.887328280000002,0.01
28992,453,8181,3,-2.0922274589538574,1.1468515396118164,452,0.0007,1.4975943565368652,0.5729233026504517,150.0,-16.887328280000002,0.01
29056,454,8183,3,-2.087761402130127,2.138005495071411,453,0.0007,2.2709288597106934,0.48653459548950195,150.0,-16.887328280000002,0.01
29120,455,8183,3,-2.0849602222442627,2.7009146213531494,454,0.0007,1.5213525295257568,0.5265266299247742,150.0,-16.887328280000002,0.01
29184,456,8185,3,-2.0816681385040283,0.3332708477973938,455,0.0007,0.7003542184829712,0.8793914318084717,150.0,-16.887328280000002,0.01
29248,457,8187,3,-2.0924673080444336,0.6362245082855225,456,0.0007,-0.20857436954975128,0.639168381690979,150.0,-16.887328280000002,0.01
29312,458,8190,3,-2.0980072021484375,0.7859141826629639,457,0.0007,-1.3015568256378174,0.8415414690971375,150.0,-16.887328280000002,0.01
29376,459,8192,3,-2.1076173782348633,0.7769986391067505,458,0.0007,-1.287273645401001,0.8203352689743042,150.0,-16.887328280000002,0.01
29440,460,8192,3,-2.1198787689208984,1.2478160858154297,459,0.0007,-2.0866007804870605,0.6984524130821228,150.0,-16.902420810000002,0.01
29504,461,8194,3,-2.109733819961548,0.5402582883834839,460,0.0007,-0.9215294122695923,0.9662586450576782,150.0,-16.902420810000002,0.01
29568,462,8196,3,-2.1036436557769775,0.7723718881607056,461,0.0007,-0.012729346752166748,0.5049740076065063,150.0,-16.902420810000002,0.01
29632,463,8198,3,-2.1178083419799805,1.2322301864624023,462,0.0007,-1.3864578008651733,0.7651872038841248,150.0,-16.902420810000002,0.01
29696,464,8200,3,-2.1173462867736816,0.25999534130096436,463,0.0007,-0.3407301604747772,0.8596851825714111,150.0,-16.902420810000002,0.01
29760,465,8203,3,-2.1149330139160156,1.1943469047546387,464,0.0007,0.44788500666618347,-1.063028335571289,150.0,-16.902420810000002,0.01
29824,466,8205,3,-2.1172924041748047,1.2682193517684937,465,0.0007,0.6265977621078491,-0.03210246562957764,150.0,-16.902420810000002,0.01
29888,467,8208,3,-2.1187491416931152,0.6143956780433655,466,0.0007,-1.3707698583602905,0.05083435773849487,150.0,-16.902420810000002,0.01
29952,468,8210,3,-2.1257362365722656,0.7796592712402344,467,0.0007,-1.1437467336654663,0.06276929378509521,150.0,-16.902420810000002,0.01
30016,469,8212,3,-2.1235435009002686,0.4329147934913635,468,0.0007,-0.6588698625564575,0.06485146284103394,150.0,-16.957059609999998,0.01
30080,470,8215,3,-2.1378061771392822,0.07220166176557541,469,0.0007,0.12190083414316177,0.9901965856552124,150.0,-16.957059609999998,0.01
30144,471,8217,3,-2.1108291149139404,0.6378900408744812,470,0.0007,0.8166496753692627,0.6573960781097412,150.0,-16.957059609999998,0.01
30208,472,8218,3,-2.110692024230957,0.37551349401474,471,0.0007,0.3463093638420105,0.8401507139205933,150.0,-16.957059609999998,0.01
30272,473,8220,3,-2.114516496658325,1.456421971321106,472,0.0007,0.49612516164779663,0.810409426689148,150.0,-16.957059609999998,0.01
30336,474,8222,3,-2.123034954071045,3.6686911582946777,473,0.0007,1.8530164957046509,0.8050429821014404,150.0,-16.957059609999998,0.01
30400,475,8225,3,-2.1219146251678467,0.6140176057815552,474,0.0007,-0.6180522441864014,0.9683107137680054,150.0,-16.957059609999998,0.01
30464,476,8227,3,-2.1179540157318115,1.1765810251235962,475,0.0007,-1.4128475189208984,0.9148184657096863,150.0,-16.957059609999998,0.01
30528,477,8230,3,-2.119047164916992,0.3926558494567871,476,0.0007,-0.5723322629928589,0.881703794002533,150.0,-16.957059609999998,0.01
30592,478,8232,3,-2.121720314025879,1.0523197650909424,477,0.0007,-1.100590705871582,0.7272777557373047,150.0,-16.957059609999998,0.01
30656,479,8234,3,-2.1143906116485596,0.6938307285308838,478,0.0007,-1.2013109922409058,0.7218776941299438,150.0,-16.863992170000003,0.01
30720,480,8236,3,-2.096410036087036,0.2606627941131592,479,0.0007,0.34429681301116943,0.9805818200111389,150.0,-16.863992170000003,0.01
30784,481,8239,3,-2.093902587890625,0.6830391883850098,480,0.0007,-0.6234995722770691,0.8468021154403687,150.0,-16.863992170000003,0.01
30848,482,8241,3,-2.094912528991699,0.9859536290168762,481,0.0007,-1.2731492519378662,0.9086885452270508,150.0,-16.863992170000003,0.01
30912,483,8243,3,-2.1008200645446777,0.9340344667434692,482,0.0007,-0.8023256063461304,0.6408485174179077,150.0,-16.863992170000003,0.01
30976,484,8246,3,-2.1009268760681152,0.40281787514686584,483,0.0007,-0.29997509717941284,0.5487184524536133,150.0,-16.863992170000003,0.01
31040,485,8248,3,-2.120695114135742,1.1681219339370728,484,0.0007,1.058795690536499,-0.3197132349014282,150.0,-16.863992170000003,0.01
31104,486,8249,3,-2.113081932067871,0.7953808307647705,485,0.0007,-1.0016577243804932,0.3365163207054138,150.0,-16.863992170000003,0.01
31168,487,8250,3,-2.1103036403656006,0.594045877456665,486,0.0007,-1.0458980798721313,0.26651787757873535,150.0,-16.863992170000003,0.01
31232,488,8250,3,-2.1194090843200684,0.21719768643379211,487,0.0007,-0.40389272570610046,0.30859774351119995,150.0,-17.050669130000003,0.0
31296,489,8253,3,-2.1111536026000977,0.21758225560188293,488,0.0007,-0.06792972981929779,0.9859814047813416,150.0,-17.050669130000003,0.0
31360,490,8254,3,-2.0846917629241943,1.046128511428833,489,0.0007,-1.0843186378479004,0.7429969310760498,150.0,-17.050669130000003,0.0
31424,491,8257,3,-2.0859899520874023,0.786292552947998,490,0.0007,0.1457880437374115,0.7739553451538086,150.0,-17.050669130000003,0.0
31488,492,8259,3,-2.0784764289855957,0.3539891839027405,491,0.0007,0.6395845413208008,0.9571244120597839,150.0,-17.050669130000003,0.0
31552,493,8262,3,-2.085402488708496,1.8586361408233643,492,0.0007,0.8348550796508789,0.6839689016342163,150.0,-17.050669130000003,0.0
31616,494,8264,3,-2.1184704303741455,0.9363142251968384,493,0.0007,0.6911172866821289,0.7850322127342224,150.0,-17.050669130000003,0.0
31680,495,8266,3,-2.120760679244995,1.202643871307373,494,0.0007,-1.8609933853149414,0.5462779998779297,150.0,-17.050669130000003,0.0
31744,496,8269,3,-2.123353958129883,0.80336594581604,495,0.0007,-1.5231091976165771,-1.0207219123840332,150.0,-17.050669130000003,0.0
31808,497,8271,3,-2.120835781097412,1.0714714527130127,496,0.0007,-1.7425217628479004,0.00201261043548584,150.0,-17.20729256,0.0
31872,498,8273,3,-2.1197681427001953,0.7209692597389221,497,0.0007,-1.2316741943359375,0.9703004360198975,150.0,-17.20729256,0.0
31936,499,8275,3,-2.1057591438293457,0.7143542766571045,498,0.0007,-1.2826837301254272,0.7529099583625793,150.0,-17.20729256,0.0
32000,500,8278,3,-2.108989715576172,1.0290995836257935,499,0.0007,1.0213673114776611,0.7069698572158813,150.0,-17.20729256,0.0
32064,501,8280,3,-2.120154857635498,0.8017528653144836,500,0.0007,0.8320587873458862,0.7727646231651306,150.0,-17.20729256,0.0
32128,502,8282,3,-2.120929479598999,2.400925636291504,501,0.0007,1.1893922090530396,0.6951681971549988,150.0,-17.20729256,0.0
32192,503,8282,3,-2.1267499923706055,2.9337563514709473,502,0.0007,0.7565944194793701,0.48755478858947754,150.0,-17.20729256,0.0
32256,504,8284,3,-2.129394769668579,0.5480989813804626,503,0.0007,-0.4512820541858673,0.8902655839920044,150.0,-17.20729256,0.0
32320,505,8285,3,-2.135040283203125,0.8913146257400513,504,0.0007,-1.5301551818847656,0.6621532440185547,150.0,-17.20729256,0.0
32384,506,8287,3,-2.139730215072632,0.3960692882537842,505,0.0007,-0.66093510389328,0.5261597633361816,150.0,-17.20729256,0.0
32448,507,8288,3,-2.157017230987549,0.6648375391960144,506,0.0007,-1.2897530794143677,-0.030843257904052734,150.0,-17.307620560000004,0.0
32512,508,8291,3,-2.125357151031494,0.426645964384079,507,0.0007,-0.715968132019043,0.9816784858703613,150.0,-17.307620560000004,0.0
32576,509,8292,3,-2.1170599460601807,0.4800688326358795,508,0.0007,-0.48837605118751526,0.40074485540390015,150.0,-17.307620560000004,0.0
32640,510,8294,3,-2.117994546890259,0.6316282153129578,509,0.0007,0.06435045599937439,0.47108960151672363,150.0,-17.307620560000004,0.0
32704,511,8296,3,-2.108415365219116,2.5782299041748047,510,0.0007,1.4644463062286377,0.6098154187202454,150.0,-17.307620560000004,0.0
32768,512,8298,3,-2.106233596801758,3.0452961921691895,511,0.0007,1.8416552543640137,0.4052872657775879,150.0,-17.307620560000004,0.0
32832,513,8300,3,-2.1131701469421387,2.2386982440948486,512,0.0007,1.3509275913238525,0.6481344699859619,150.0,-17.307620560000004,0.0
32896,514,8303,3,-2.113124132156372,1.650552749633789,513,0.0007,0.9862684011459351,0.7429322004318237,150.0,-17.307620560000004,0.0
32960,515,8304,3,-2.1199166774749756,0.4609481692314148,514,0.0007,-0.06890712678432465,0.6938446760177612,150.0,-17.307620560000004,0.0
33024,516,8306,3,-2.1446173191070557,0.17948715388774872,515,0.0007,-0.177391916513443,0.3474363684654236,150.0,-17.10401675,0.0
33088,517,8308,3,-2.14237380027771,0.07946816086769104,516,0.0007,-0.3569532632827759,0.99748295545578,150.0,-17.10401675,0.0
33152,518,8310,3,-2.1267096996307373,0.2090623676776886,517,0.0007,-0.20979511737823486,0.8323697447776794,150.0,-17.10401675,0.0
33216,519,8312,3,-2.1276144981384277,1.824174165725708,518,0.0007,0.543444812297821,0.14797699451446533,150.0,-17.10401675,0.0
33280,520,8314,4,-2.1275739669799805,1.9922820329666138,519,0.0007,0.46907222270965576,0.6003804206848145,150.0,-17.10401675,0.0
33344,521,8316,4,-2.1266252994537354,1.4911837577819824,520,0.0007,-1.0379778146743774,-0.35336148738861084,150.0,-17.10401675,0.0
33408,522,8316,4,-2.126964569091797,6.995887756347656,521,0.0007,3.605560302734375,0.34874290227890015,150.0,-17.10401675,0.0
33472,523,8317,4,-2.1241233348846436,1.785424828529358,522,0.0007,0.9163729548454285,0.356997549533844,150.0,-17.10401675,0.0
33536,524,8318,4,-2.1386759281158447,2.69816255569458,523,0.0007,-0.6258274912834167,-0.14741504192352295,150.0,-17.10401675,0.0
33600,525,8317,4,-2.1492247581481934,1.2381198406219482,524,0.0007,-2.0876641273498535,-0.08561956882476807,150.0,-17.222567899999998,0.0
33664,526,8318,4,-2.158327579498291,1.4211934804916382,525,0.0007,-2.0473246574401855,-0.03129863739013672,150.0,-17.222567899999998,0.0
33728,527,8320,4,-2.09591007232666,1.0960646867752075,526,0.0007,1.285310983657837,-0.011197090148925781,150.0,-17.222567899999998,0.0
33792,528,8322,4,-2.1024458408355713,1.6334590911865234,527,0.0007,1.1250957250595093,0.09002435207366943,150.0,-17.222567899999998,0.0
33856,529,8324,4,-2.1008729934692383,1.8640437126159668,528,0.0007,0.4733498990535736,0.4989057183265686,150.0,-17.222567899999998,0.0
33920,530,8324,4,-2.0933942794799805,3.141552209854126,529,0.0007,1.835432767868042,0.6218024492263794,150.0,-17.222567899999998,0.0
33984,531,8326,4,-2.102210283279419,3.167731761932373,530,0.0007,0.2674318253993988,0.788603663444519,150.0,-17.222567899999998,0.0
34048,532,8328,4,-2.1218576431274414,0.6927859783172607,531,0.0007,-1.239532232284546,0.9736151099205017,150.0,-17.222567899999998,0.0
34112,533,8330,4,-2.122622489929199,0.6449106931686401,532,0.0007,-1.4787014722824097,0.9673842191696167,150.0,-17.222567899999998,0.0
34176,534,8330,4,-2.118419647216797,0.9524529576301575,533,0.0007,-1.301222324371338,0.5763170719146729,150.0,-17.222567899999998,0.0
34240,535,8331,4,-2.1198132038116455,0.5015340447425842,534,0.0007,-1.186338186264038,0.010860264301300049,150.0,-16.80548336,0.0
34304,536,8331,4,-2.1088931560516357,0.18615640699863434,535,0.0007,-0.3341999053955078,0.9937335252761841,150.0,-16.80548336,0.0
34368,537,8333,4,-2.0887365341186523,0.47417616844177246,536,0.0007,-0.21584586799144745,0.8845405578613281,150.0,-16.80548336,0.0
34432,538,8334,4,-2.0644924640655518,4.058310508728027,537,0.0007,0.2128012329339981,-0.06753790378570557,150.0,-16.80548336,0.0
34496,539,8336,4,-2.0595195293426514,0.550126850605011,538,0.0007,-0.6838709712028503,0.8045209050178528,150.0,-16.80548336,0.0
34560,540,8338,4,-2.0814573764801025,0.43311095237731934,539,0.0007,0.6791398525238037,0.7309060096740723,150.0,-16.80548336,0.0
34624,541,8340,4,-2.08805251121521,0.21332895755767822,540,0.0007,-0.14464740455150604,0.7558966875076294,150.0,-16.80548336,0.0
34688,542,8342,4,-2.098334312438965,0.26084229350090027,541,0.0007,-0.12171469628810883,0.6472699642181396,150.0,-16.80548336,0.0
34752,543,8344,4,-2.138608455657959,0.7236001491546631,542,0.0007,-0.6958470344543457,0.523123025894165,150.0,-16.80548336,0.0
34816,544,8346,4,-2.155935764312744,0.8423636555671692,543,0.0007,-1.5863409042358398,0.5987347364425659,150.0,-17.14145214,0.0
34880,545,8348,4,-2.1506924629211426,0.47260338068008423,544,0.0007,-1.033185601234436,0.9878067970275879,150.0,-17.14145214,0.0
34944,546,8350,4,-2.1162219047546387,1.8255019187927246,545,0.0007,-2.279714584350586,0.5240371227264404,150.0,-17.14145214,0.0
35008,547,8351,4,-2.1256983280181885,0.6761033535003662,546,0.0007,-1.0377445220947266,0.6353564858436584,150.0,-17.14145214,0.0
35072,548,8353,4,-2.13832426071167,1.275153398513794,547,0.0007,0.9742092490196228,0.7478798627853394,150.0,-17.14145214,0.0
35136,549,8355,4,-2.1341567039489746,2.727571487426758,548,0.0007,1.3452444076538086,0.7709793448448181,150.0,-17.14145214,0.0
35200,550,8358,4,-2.1368162631988525,0.8379963636398315,549,0.0007,1.3673834800720215,0.9076667428016663,150.0,-17.14145214,0.0
35264,551,8360,4,-2.1492624282836914,2.3597402572631836,550,0.0007,2.1553449630737305,0.4839300513267517,150.0,-17.14145214,0.0
35328,552,8361,4,-2.1529011726379395,0.500013530254364,551,0.0007,0.1539347767829895,0.0828850269317627,150.0,-17.14145214,0.0
35392,553,8361,4,-2.162222385406494,0.07750242948532104,552,0.0007,-0.33436715602874756,0.631607174873352,150.0,-17.14145214,0.0
35456,554,8361,4,-2.1711997985839844,1.350128412246704,553,0.0007,0.5905174016952515,-0.05133223533630371,150.0,-16.60865737,0.0
35520,555,8363,4,-2.080723285675049,0.6052966117858887,554,0.0007,-1.057876706123352,0.9684866070747375,150.0,-16.60865737,0.0
35584,556,8364,4,-2.0818212032318115,1.643798828125,555,0.0007,0.7315751910209656,0.6631953716278076,150.0,-16.60865737,0.0
35648,557,8366,4,-2.1002025604248047,2.2296271324157715,556,0.0007,0.12135661393404007,0.7728587985038757,150.0,-16.60865737,0.0
35712,558,8368,4,-2.112283706665039,0.7086818218231201,557,0.0007,0.19794152677059174,0.9045420289039612,150.0,-16.60865737,0.0
35776,559,8370,4,-2.1283111572265625,0.4343799352645874,558,0.0007,-0.4084429442882538,0.945844829082489,150.0,-16.60865737,0.0
35840,560,8372,4,-2.1467180252075195,1.4422777891159058,559,0.0007,-0.9798896312713623,0.5952861309051514,150.0,-16.60865737,0.0
35904,561,8374,4,-2.151952028274536,0.7111217975616455,560,0.0007,-0.07943086326122284,0.47939229011535645,150.0,-16.60865737,0.0
35968,562,8375,4,-2.1563987731933594,0.1127273216843605,561,0.0007,-0.1246228814125061,0.5087738037109375,150.0,-16.60865737,0.0
36032,563,8377,4,-2.162705898284912,0.26145151257514954,562,0.0007,-0.38302794098854065,0.45478570461273193,150.0,-16.6242858,0.0
36096,564,8379,4,-2.1408209800720215,0.16865898668766022,563,0.0007,-0.014762289822101593,0.9920551776885986,150.0,-16.6242858,0.0
36160,565,8381,4,-2.1547861099243164,1.3777881860733032,564,0.0007,-1.478755235671997,0.6523886919021606,150.0,-16.6242858,0.0
36224,566,8383,4,-2.162564277648926,0.19430208206176758,565,0.0007,0.13338705897331238,0.945225179195404,150.0,-16.6242858,0.0
36288,567,8384,4,-2.163348913192749,0.2615305185317993,566,0.0007,0.7593201398849487,0.9639554619789124,150.0,-16.6242858,0.0
36352,568,8385,4,-2.165147304534912,0.7421438097953796,567,0.0007,0.8351494669914246,0.9040124416351318,150.0,-16.6242858,0.0
36416,569,8385,4,-2.1670517921447754,0.437886118888855,568,0.0007,0.5300276279449463,0.9653971791267395,150.0,-16.6242858,0.0
36480,570,8387,4,-2.1646738052368164,1.1786777973175049,569,0.0007,0.9709057211875916,0.9068492650985718,150.0,-16.6242858,0.0
36544,571,8389,4,-2.1617941856384277,2.6577067375183105,570,0.0007,-2.097116708755493,0.5702061653137207,150.0,-16.6242858,0.0
36608,572,8390,4,-2.161370038986206,0.5020175576210022,571,0.0007,-0.057382456958293915,0.49293047189712524,150.0,-16.108180559999997,0.0
36672,573,8392,4,-2.1546967029571533,0.6145886778831482,572,0.0007,-0.7359634637832642,0.9628617763519287,150.0,-16.108180559999997,0.0
36736,574,8394,4,-2.143942356109619,2.032031774520874,573,0.0007,-1.3546350002288818,0.7208306789398193,150.0,-16.108180559999997,0.0
36800,575,8395,4,-2.148266553878784,0.4255431592464447,574,0.0007,-0.7729847431182861,0.9483950138092041,150.0,-16.108180559999997,0.0
36864,576,8397,4,-2.1543173789978027,0.6418873071670532,575,0.0007,0.30333173274993896,0.8792272210121155,150.0,-16.108180559999997,0.0
36928,577,8399,4,-2.157553195953369,2.0818326473236084,576,0.0007,1.1507751941680908,0.00435185432434082,150.0,-16.108180559999997,0.0
36992,578,8400,4,-2.159327745437622,3.057002544403076,577,0.0007,1.4543750286102295,0.5421860218048096,150.0,-16.108180559999997,0.0
37056,579,8402,4,-2.1563589572906494,0.7357990145683289,578,0.0007,-0.8562196493148804,0.7199764251708984,150.0,-16.108180559999997,0.0
37120,580,8404,4,-2.155810594558716,1.0230246782302856,579,0.0007,-0.49244165420532227,-0.7222319841384888,150.0,-16.108180559999997,0.0
37184,581,8406,4,-2.149745225906372,0.502679169178009,580,0.0007,-0.9561597108840942,-0.22447514533996582,150.0,-16.108180559999997,0.0
37248,582,8408,4,-2.1500797271728516,0.7183774709701538,581,0.0007,-0.9442685842514038,-0.03266572952270508,150.0,-16.135982679999998,0.0
37312,583,8410,4,-2.138720750808716,0.4457879662513733,582,0.0007,-0.7253267765045166,0.9720714688301086,150.0,-16.135982679999998,0.0
37376,584,8411,4,-2.144002914428711,0.7049448490142822,583,0.0007,-0.5376209616661072,0.7643440961837769,150.0,-16.135982679999998,0.0
37440,585,8413,4,-2.1536288261413574,0.6614780426025391,584,0.0007,-0.342431902885437,0.8318212032318115,150.0,-16.135982679999998,0.0
37504,586,8414,4,-2.1515188217163086,1.7563024759292603,585,0.0007,1.0821526050567627,-0.19092977046966553,150.0,-16.135982679999998,0.0
37568,587,8416,4,-2.1619651317596436,3.2663865089416504,586,0.0007,2.7671005725860596,0.37003201246261597,150.0,-16.135982679999998,0.0
37632,588,8418,4,-2.1605172157287598,1.2799882888793945,587,0.0007,0.8823803663253784,0.5687050819396973,150.0,-16.135982679999998,0.0
37696,589,8420,4,-2.158240795135498,0.7413177490234375,588,0.0007,0.4107787609100342,0.18739181756973267,150.0,-16.135982679999998,0.0
37760,590,8422,4,-2.147052764892578,1.1315619945526123,589,0.0007,-1.3775526285171509,-0.11550164222717285,150.0,-16.135982679999998,0.0
37824,591,8423,4,-2.150216817855835,1.0965946912765503,590,0.0007,-1.7854187488555908,0.010076522827148438,150.0,-16.61152002,0.0
37888,592,8425,4,-2.1359410285949707,0.35078495740890503,591,0.0007,-0.8161826729774475,0.9862448573112488,150.0,-16.61152002,0.0
37952,593,8426,4,-2.1137566566467285,0.24577251076698303,592,0.0007,0.026123017072677612,0.8761374354362488,150.0,-16.61152002,0.0
38016,594,8428,4,-2.1164560317993164,2.8711955547332764,593,0.0007,1.7805581092834473,0.6019129753112793,150.0,-16.61152002,0.0
38080,595,8430,4,-2.114644765853882,1.3670154809951782,594,0.0007,0.8800146579742432,0.8615856170654297,150.0,-16.61152002,0.0
38144,596,8431,4,-2.1163511276245117,2.5008537769317627,595,0.0007,2.5733065605163574,0.8980655670166016,150.0,-16.61152002,0.0
38208,597,8433,4,-2.122772693634033,0.5019127726554871,596,0.0007,0.41539356112480164,0.969412088394165,150.0,-16.61152002,0.0
38272,598,8435,4,-2.126854419708252,0.9590447545051575,597,0.0007,0.12633176147937775,0.937354326248169,150.0,-16.61152002,0.0
38336,599,8437,4,-2.1206774711608887,0.8514916300773621,598,0.0007,-0.9788789749145508,0.9697229266166687,150.0,-16.61152002,0.0
38400,600,8438,4,-2.1289968490600586,0.6787989139556885,599,0.0007,-1.0028572082519531,0.9733477234840393,150.0,-16.323537209999998,0.0
38464,601,8438,4,-2.1349802017211914,1.275052785873413,600,0.0007,-1.497904658317566,0.8174163103103638,150.0,-16.323537209999998,0.0
38528,602,8440,4,-2.099620819091797,0.8096826076507568,601,0.0007,-1.4917933940887451,0.8044341802597046,150.0,-16.323537209999998,0.0
38592,603,8440,4,-2.1051666736602783,1.8651150465011597,602,0.0007,1.0606651306152344,0.3377813696861267,150.0,-16.323537209999998,0.0
38656,604,8441,4,-2.115379810333252,0.9863147735595703,603,0.0007,-0.5652070641517639,0.6948176622390747,150.0,-16.323537209999998,0.0
38720,605,8443,4,-2.124446153640747,2.002161979675293,604,0.0007,1.5445380210876465,0.5447836518287659,150.0,-16.323537209999998,0.0
38784,606,8444,4,-2.1235005855560303,3.0127620697021484,605,0.0007,1.9369425773620605,-0.29137253761291504,150.0,-16.323537209999998,0.0
38848,607,8445,4,-2.1312174797058105,4.221556186676025,606,0.0007,2.3604042530059814,0.27014636993408203,150.0,-16.323537209999998,0.0
38912,608,8445,4,-2.1326699256896973,3.8625097274780273,607,0.0007,0.033545494079589844,0.49196088314056396,150.0,-16.323537209999998,0.0
38976,609,8445,4,-2.1174263954162598,0.673345685005188,608,0.0007,-0.005252361297607422,0.8981742858886719,150.0,-16.323537209999998,0.0
39040,610,8444,4,-2.1219563484191895,0.29381436109542847,609,0.0007,-0.5568358898162842,0.9693374037742615,150.0,-15.803044949999999,0.0
39104,611,8445,4,-2.0956742763519287,0.13417105376720428,610,0.0007,-0.32977932691574097,0.996251106262207,150.0,-15.803044949999999,0.0
39168,612,8446,4,-2.0888264179229736,1.2851184606552124,611,0.0007,-0.8754047751426697,0.3698365092277527,150.0,-15.803044949999999,0.0
39232,613,8447,4,-2.100170373916626,0.7427573204040527,612,0.0007,-1.0798447132110596,0.818259596824646,150.0,-15.803044949999999,0.0
39296,614,8449,4,-2.107177257537842,5.7780232429504395,613,0.0007,1.039614200592041,0.5318840742111206,150.0,-15.803044949999999,0.0
39360,615,8451,4,-2.107722043991089,0.5610978603363037,614,0.0007,-0.36609601974487305,0.8889272212982178,150.0,-15.803044949999999,0.0
39424,616,8452,4,-2.1199865341186523,1.145546793937683,615,0.0007,-0.816949725151062,-0.22963154315948486,150.0,-15.803044949999999,0.0
39488,617,8451,4,-2.1292872428894043,0.3550008535385132,616,0.0007,-0.4445493221282959,0.2535521388053894,150.0,-15.803044949999999,0.0
39552,618,8452,4,-2.139974594116211,0.43096089363098145,617,0.0007,0.3633565306663513,0.25909143686294556,150.0,-15.803044949999999,0.0
39616,619,8453,4,-2.1489596366882324,0.1413974165916443,618,0.0007,0.2752242684364319,0.07341349124908447,150.0,-15.67296334,0.0
39680,620,8455,4,-2.1441049575805664,0.11545786261558533,619,0.0007,-0.16619917750358582,0.9908583164215088,150.0,-15.67296334,0.0
39744,621,8455,4,-2.1308557987213135,0.8561301231384277,620,0.0007,-1.1819884777069092,0.7557088732719421,150.0,-15.67296334,0.0
39808,622,8457,4,-2.134507894515991,0.8825623393058777,621,0.0007,0.6577228307723999,0.692695140838623,150.0,-15.67296334,0.0
39872,623,8458,4,-2.1310408115386963,1.3321419954299927,622,0.0007,1.5460889339447021,0.8035244941711426,150.0,-15.67296334,0.0
39936,624,8460,4,-2.1312389373779297,1.0872721672058105,623,0.0007,1.786468744277954,0.7042579650878906,150.0,-15.67296334,0.0
40000,625,8462,4,-2.1340746879577637,4.508201599121094,624,0.0007,2.0110597610473633,-0.6010295152664185,150.0,-15.67296334,0.0
40064,626,8463,4,-2.136335849761963,1.7064505815505981,625,0.0007,1.1113755702972412,-0.033306002616882324,150.0,-15.67296334,0.0
40128,627,8465,4,-2.1415820121765137,3.407787322998047,626,0.0007,1.5771484375,0.17744362354278564,150.0,-15.67296334,0.0
40192,628,8463,4,-2.1476099491119385,1.057100772857666,627,0.0007,-0.12582534551620483,0.2643585205078125,150.0,-15.67296334,0.0
40256,629,8458,4,-2.135465145111084,1.8505879640579224,628,0.0007,0.08648067712783813,0.2675604224205017,150.0,-15.577271210000001,0.0
40320,630,8453,4,-2.117954730987549,0.3306730389595032,629,0.0007,-0.559989333152771,0.9669773578643799,150.0,-15.577271210000001,0.0
40384,631,8452,4,-2.131941318511963,0.7522658705711365,630,0.0007,0.9120216965675354,0.7224208116531372,150.0,-15.577271210000001,0.0
40448,632,8452,4,-2.1344897747039795,0.5083504319190979,631,0.0007,-0.7795253992080688,0.867483913898468,150.0,-15.577271210000001,0.0
40512,633,8453,4,-2.137538433074951,0.9603461623191833,632,0.0007,-0.21742260456085205,0.44919657707214355,150.0,-15.577271210000001,0.0
40576,634,8454,4,-2.129436492919922,3.501401901245117,633,0.0007,2.011274814605713,0.308055579662323,150.0,-15.577271210000001,0.0
40640,635,8455,4,-2.131793260574341,0.9611378312110901,634,0.0007,0.4277113080024719,0.3875880837440491,150.0,-15.577271210000001,0.0
40704,636,8456,4,-2.1389622688293457,0.6495488882064819,635,0.0007,-1.0256400108337402,0.31246066093444824,150.0,-15.577271210000001,0.0
40768,637,8458,4,-2.1441495418548584,0.25117233395576477,636,0.0007,-0.33193761110305786,-0.2436370849609375,150.0,-15.577271210000001,0.0
40832,638,8459,4,-2.159440040588379,0.2598044276237488,637,0.0007,-0.5489941835403442,-0.36106252670288086,150.0,-15.44437047,0.0
40896,639,8460,4,-2.126936674118042,0.12619510293006897,638,0.0007,0.1957278847694397,0.9933444261550903,150.0,-15.44437047,0.0
40960,640,8461,4,-2.098336696624756,0.39633119106292725,639,0.0007,-0.5015552639961243,0.8708381652832031,150.0,-15.44437047,0.0
41024,641,8462,4,-2.11041259765625,0.15010538697242737,640,0.0007,0.07985085994005203,0.856532871723175,150.0,-15.44437047,0.0
41088,642,8464,4,-2.1067304611206055,0.3699014186859131,641,0.0007,0.30440011620521545,-0.13462293148040771,150.0,-15.44437047,0.0
41152,643,8466,4,-2.1150150299072266,2.112412929534912,642,0.0007,1.2558809518814087,0.1525052785873413,150.0,-15.44437047,0.0
41216,644,8467,4,-2.1239945888519287,1.4905240535736084,643,0.0007,1.4672553539276123,0.2914263606071472,150.0,-15.44437047,0.0
41280,645,8465,4,-2.136092185974121,1.2741104364395142,644,0.0007,0.750167965888977,0.2295539379119873,150.0,-15.44437047,0.0
41344,646,8466,4,-2.13742733001709,1.7427456378936768,645,0.0007,-0.5169639587402344,0.2176351547241211,150.0,-15.44437047,0.0
41408,647,8467,4,-2.1314406394958496,0.8762348890304565,646,0.0007,-1.6401411294937134,-1.8400933742523193,150.0,-15.37313309,0.0
41472,648,8468,4,-2.1194682121276855,0.277956485748291,647,0.0007,-0.22967439889907837,0.9725407361984253,150.0,-15.37313309,0.0
41536,649,8469,4,-2.078732967376709,0.7641781568527222,648,0.0007,1.1575342416763306,0.5489013195037842,150.0,-15.37313309,0.0
41600,650,8470,4,-2.0777053833007812,0.9139449000358582,649,0.0007,0.3185158371925354,0.6956275105476379,150.0,-15.37313309,0.0
41664,651,8471,4,-2.0783090591430664,1.3114489316940308,650,0.0007,0.07911594957113266,0.8555094599723816,150.0,-15.37313309,0.0
41728,652,8472,4,-2.086920738220215,1.7761163711547852,651,0.0007,-1.309687852859497,0.7779700756072998,150.0,-15.37313309,0.0
41792,653,8473,4,-2.0828583240509033,1.4918241500854492,652,0.0007,1.4397872686386108,0.8746497631072998,150.0,-15.37313309,0.0
41856,654,8474,4,-2.086771011352539,1.991912603378296,653,0.0007,2.201660394668579,0.8628644943237305,150.0,-15.37313309,0.0
41920,655,8476,4,-2.0953798294067383,1.8121427297592163,654,0.0007,-0.49723705649375916,0.5449113249778748,150.0,-15.37313309,0.0
41984,656,8477,4,-2.109931468963623,1.3872809410095215,655,0.0007,-1.933915376663208,0.7222042679786682,150.0,-15.37313309,0.0
42048,657,8478,4,-2.128661632537842,0.9391664862632751,656,0.0007,-1.595194935798645,-1.1759223937988281,150.0,-15.06809901,0.0
42112,658,8479,4,-2.090388298034668,0.19073620438575745,657,0.0007,-0.6459128856658936,0.9955606460571289,150.0,-15.06809901,0.0
42176,659,8481,4,-2.091024875640869,2.398902416229248,658,0.0007,1.2977267503738403,0.2113114595413208,150.0,-15.06809901,0.0
42240,660,8482,4,-2.098453998565674,1.7754350900650024,659,0.0007,-1.5054882764816284,0.22067475318908691,150.0,-15.06809901,0.0
42304,661,8481,4,-2.1089396476745605,1.1807528734207153,660,0.0007,-1.909515619277954,0.6536468863487244,150.0,-15.06809901,0.0
42368,662,8482,4,-2.114680528640747,0.41346174478530884,661,0.0007,-0.8468762636184692,0.5277782678604126,150.0,-15.06809901,0.0
42432,663,8483,5,-2.120330572128296,1.3055133819580078,662,0.0007,0.5388821959495544,0.08581703901290894,150.0,-15.06809901,0.0
42496,664,8484,5,-2.115225315093994,3.385199546813965,663,0.0007,1.262986183166504,0.027997493743896484,150.0,-15.06809901,0.0
42560,665,8483,5,-2.117429733276367,0.969439685344696,664,0.0007,-1.6583179235458374,0.11969989538192749,150.0,-15.06809901,0.0
42624,666,8483,5,-2.1186013221740723,0.35949403047561646,665,0.0007,-1.0218549966812134,0.08457833528518677,150.0,-14.9908687,0.0
42688,667,8484,5,-2.090308427810669,0.32812464237213135,666,0.0007,-0.7687868475914001,0.9904137253761292,150.0,-14.9908687,0.0
42752,668,8485,5,-2.0602686405181885,0.3653549253940582,667,0.0007,-0.2949146628379822,0.7805070877075195,150.0,-14.9908687,0.0
42816,669,8486,5,-2.082352638244629,0.8400126099586487,668,0.0007,1.5076981782913208,0.6995087265968323,150.0,-14.9908687,0.0
42880,670,8486,5,-2.091035842895508,1.2029132843017578,669,0.0007,0.7314472198486328,0.7494673728942871,150.0,-14.9908687,0.0
42944,671,8487,5,-2.09440016746521,2.3344688415527344,670,0.0007,0.18167772889137268,-0.12338125705718994,150.0,-14.9908687,0.0
43008,672,8488,5,-2.086099147796631,6.610891819000244,671,0.0007,3.4284117221832275,0.4590297341346741,150.0,-14.9908687,0.0
43072,673,8489,5,-2.095205307006836,1.129343032836914,672,0.0007,-0.8338950276374817,0.6288861632347107,150.0,-14.9908687,0.0
43136,674,8490,5,-2.0784637928009033,4.516280651092529,673,0.0007,0.3036433756351471,-0.2571812868118286,150.0,-14.9908687,0.0
43200,675,8491,5,-2.10239577293396,0.5353752374649048,674,0.0007,-0.7009537220001221,-0.16754484176635742,150.0,-14.899980320000003,0.0
43264,676,8492,5,-2.1057615280151367,0.7873528003692627,675,0.0007,-1.1620075702667236,-0.011289477348327637,150.0,-14.899980320000003,0.0
43328,677,8494,5,-2.053463935852051,0.20614857971668243,676,0.0007,0.39104390144348145,0.7783299684524536,150.0,-14.899980320000003,0.0
43392,678,8495,5,-2.0622494220733643,0.5546058416366577,677,0.0007,0.9353843927383423,0.40264540910720825,150.0,-14.899980320000003,0.0
43456,679,8496,5,-2.062465190887451,2.0565695762634277,678,0.0007,1.4135249853134155,0.382981538772583,150.0,-14.899980320000003,0.0
43520,680,8498,5,-2.068826913833618,2.0881166458129883,679,0.0007,-2.4054715633392334,0.5497673749923706,150.0,-14.899980320000003,0.0
43584,681,8497,5,-2.0781917572021484,0.4637797772884369,680,0.0007,-0.8385485410690308,0.7966349124908447,150.0,-14.899980320000003,0.0
43648,682,8496,5,-2.079589366912842,0.529094934463501,681,0.0007,-0.6790463328361511,0.5156213641166687,150.0,-14.899980320000003,0.0
43712,683,8497,5,-2.084989547729492,0.9629833698272705,682,0.0007,-0.2336539328098297,0.21439850330352783,150.0,-14.899980320000003,0.0
43776,684,8496,5,-2.0911779403686523,0.3538929224014282,683,0.0007,-0.5973513126373291,-0.3959695100784302,150.0,-14.899980320000003,0.0
43840,685,8496,5,-2.1032140254974365,0.5446582436561584,684,0.0007,-1.0747056007385254,-0.08146905899047852,150.0,-15.20298653,0.0
43904,686,8497,5,-2.061854839324951,0.15431123971939087,685,0.0007,-0.14653313159942627,0.9933525323867798,150.0,-15.20298653,0.0
43968,687,8498,5,-2.038971424102783,0.8065681457519531,686,0.0007,-0.9895625710487366,0.8435300588607788,150.0,-15.20298653,0.0
44032,688,8499,5,-2.057793617248535,0.21361926198005676,687,0.0007,-0.07129243016242981,0.9145826101303101,150.0,-15.20298653,0.0
44096,689,8500,5,-2.0606813430786133,0.31493228673934937,688,0.0007,0.11757278442382812,0.7479077577590942,150.0,-15.20298653,0.0
44160,690,8501,5,-2.0758862495422363,2.7739334106445312,689,0.0007,-0.16660965979099274,0.26327383518218994,150.0,-15.20298653,0.0
44224,691,8502,5,-2.078254222869873,6.476771354675293,690,0.0007,1.7494102716445923,0.4842281937599182,150.0,-15.20298653,0.0
44288,692,8504,5,-2.094041347503662,0.6194518804550171,691,0.0007,-0.8863941431045532,0.8104101419448853,150.0,-15.20298653,0.0
44352,693,8505,5,-2.110459327697754,1.963677167892456,692,0.0007,-2.329075813293457,0.27429550886154175,150.0,-15.20298653,0.0
44416,694,8506,5,-2.121023416519165,0.8666146993637085,693,0.0007,-1.4861892461776733,0.3341183066368103,150.0,-15.408592160000001,0.0
44480,695,8507,5,-2.1086225509643555,0.23550018668174744,694,0.0007,-0.4629184603691101,0.9852586388587952,150.0,-15.408592160000001,0.0
44544,696,8508,5,-2.020230293273926,0.8671251535415649,695,0.0007,-1.1247996091842651,0.7447729706764221,150.0,-15.408592160000001,0.0
44608,697,8509,5,-2.040526866912842,1.6900811195373535,696,0.0007,1.5917651653289795,0.7325080633163452,150.0,-15.408592160000001,0.0
44672,698,8509,5,-2.0567891597747803,5.251492500305176,697,0.0007,1.348390817642212,-0.13607966899871826,150.0,-15.408592160000001,0.0
44736,699,8510,5,-2.0876832008361816,4.928145408630371,698,0.0007,2.5018625259399414,0.5001908540725708,150.0,-15.408592160000001,0.0
44800,700,8511,5,-2.0928797721862793,1.0073089599609375,699,0.0007,0.9946514368057251,0.8061380982398987,150.0,-15.408592160000001,0.0
44864,701,8513,5,-2.108160972595215,1.4899704456329346,700,0.0007,0.1004132628440857,0.8206042051315308,150.0,-15.408592160000001,0.0
44928,702,8514,5,-2.116882801055908,2.307802438735962,701,0.0007,2.124945878982544,0.8649024963378906,150.0,-15.408592160000001,0.0
44992,703,8515,5,-2.121497392654419,4.565751075744629,702,0.0007,1.9325416088104248,0.8362991809844971,150.0,-15.408592160000001,0.0
45056,704,8516,5,-2.12689471244812,1.7571977376937866,703,0.0007,1.134150743484497,0.9290004372596741,150.0,-14.847628469999997,0.01
45120,705,8517,5,-2.07047438621521,0.5495569109916687,704,0.0007,-0.35530537366867065,0.9565263986587524,150.0,-14.847628469999997,0.01
45184,706,8518,5,-2.0858025550842285,0.8822013735771179,705,0.0007,-0.4805455803871155,0.014538109302520752,150.0,-14.847628469999997,0.01
45248,707,8519,5,-2.0949864387512207,0.9650492072105408,706,0.0007,0.13383880257606506,0.601081132888794,150.0,-14.847628469999997,0.01
45312,708,8520,5,-2.0918824672698975,2.061447858810425,707,0.0007,0.3296361565589905,0.6692684888839722,150.0,-14.847628469999997,0.01
45376,709,8522,5,-2.0927419662475586,1.4892418384552002,708,0.0007,-1.2528777122497559,0.8011429309844971,150.0,-14.847628469999997,0.01
45440,710,8523,5,-2.102325916290283,2.3060426712036133,709,0.0007,-2.295297861099243,0.7388957738876343,150.0,-14.847628469999997,0.01
45504,711,8524,5,-2.1061291694641113,0.46231159567832947,710,0.0007,-1.00830078125,0.8022345900535583,150.0,-14.847628469999997,0.01
45568,712,8524,5,-2.1134419441223145,0.42336681485176086,711,0.0007,-0.6160870790481567,-3.2547764778137207,150.0,-14.847628469999997,0.01
45632,713,8522,5,-2.116837978363037,3.884277105331421,712,0.0007,0.9306806325912476,-0.05758059024810791,150.0,-14.925024669999997,0.01
45696,714,8523,5,-2.0838782787323,0.07067620754241943,713,0.0007,-0.05903230607509613,0.9970575571060181,150.0,-14.925024669999997,0.01
45760,715,8524,5,-2.0427961349487305,0.4945386052131653,714,0.0007,-0.6411283612251282,0.7859423756599426,150.0,-14.925024669999997,0.01
45824,716,8525,5,-2.051520347595215,1.3768044710159302,715,0.0007,1.727989673614502,0.5229146480560303,150.0,-14.925024669999997,0.01
45888,717,8527,5,-2.0666608810424805,1.0856765508651733,716,0.0007,0.9547719359397888,0.18119239807128906,150.0,-14.925024669999997,0.01
45952,718,8528,5,-2.0839948654174805,1.2224071025848389,717,0.0007,-0.4668579399585724,0.209861159324646,150.0,-14.925024669999997,0.01
46016,719,8529,5,-2.0905089378356934,1.525696873664856,718,0.0007,0.30990779399871826,-0.13135242462158203,150.0,-14.925024669999997,0.01
46080,720,8530,5,-2.100424289703369,2.2127256393432617,719,0.0007,-0.34939295053482056,0.11595165729522705,150.0,-14.925024669999997,0.01
46144,721,8531,5,-2.0933921337127686,0.3110894560813904,720,0.0007,-0.8145183324813843,0.5100172758102417,150.0,-14.925024669999997,0.01
46208,722,8532,5,-2.104442596435547,0.2920871078968048,721,0.0007,-0.7871425151824951,0.27574390172958374,150.0,-14.777175160000002,0.01
46272,723,8533,5,-2.104945182800293,0.4087531566619873,722,0.0007,-0.9912932515144348,0.9882962107658386,150.0,-14.777175160000002,0.01
46336,724,8535,5,-2.0353758335113525,0.2932676672935486,723,0.0007,0.4257570505142212,0.7775741219520569,150.0,-14.777175160000002,0.01
46400,725,8536,5,-2.048316478729248,0.5556373596191406,724,0.0007,0.02074331045150757,0.8591315746307373,150.0,-14.777175160000002,0.01
46464,726,8538,5,-2.068693161010742,4.809695720672607,725,0.0007,1.1809656620025635,-2.3979532718658447,150.0,-14.777175160000002,0.01
46528,727,8539,5,-2.077347755432129,2.8964285850524902,726,0.0007,-0.5786100029945374,0.45997756719589233,150.0,-14.777175160000002,0.01
46592,728,8540,5,-2.0859856605529785,4.411707878112793,727,0.0007,2.0508971214294434,0.2208048701286316,150.0,-14.777175160000002,0.01
46656,729,8541,5,-2.106593132019043,1.074198842048645,728,0.0007,1.2764403820037842,0.6817353963851929,150.0,-14.777175160000002,0.01
46720,730,8542,5,-2.1147167682647705,2.0377938747406006,729,0.0007,1.2710856199264526,0.5926963090896606,150.0,-14.777175160000002,0.01
46784,731,8543,5,-2.123939037322998,3.3659486770629883,730,0.0007,-1.2927712202072144,-0.47163915634155273,150.0,-14.777175160000002,0.01
46848,732,8541,5,-2.1371994018554688,0.9416909217834473,731,0.0007,-1.3683079481124878,-0.03842949867248535,150.0,-14.41189455,0.01
46912,733,8542,5,-2.0666542053222656,0.10095298290252686,732,0.0007,-0.14760735630989075,0.9967787265777588,150.0,-14.41189455,0.01
46976,734,8543,5,-2.0504162311553955,0.7589668035507202,733,0.0007,-0.9248195886611938,0.8399914503097534,150.0,-14.41189455,0.01
47040,735,8544,5,-2.0573856830596924,1.6508500576019287,734,0.0007,0.04787803441286087,0.7738391757011414,150.0,-14.41189455,0.01
47104,736,8544,5,-2.0860683917999268,2.265453577041626,735,0.0007,1.3183648586273193,0.8696539402008057,150.0,-14.41189455,0.01
47168,737,8546,5,-2.0956807136535645,1.278828501701355,736,0.0007,0.7427814602851868,0.9405393600463867,150.0,-14.41189455,0.01
47232,738,8547,5,-2.106903076171875,0.7685728669166565,737,0.0007,-0.2539447844028473,0.9597822427749634,150.0,-14.41189455,0.01
47296,739,8548,5,-2.1046061515808105,1.5456516742706299,738,0.0007,-0.9873745441436768,0.9104170799255371,150.0,-14.41189455,0.01
47360,740,8550,5,-2.109520435333252,0.79071044921875,739,0.0007,-1.1712396144866943,0.9611408710479736,150.0,-14.41189455,0.01
47424,741,8551,5,-2.122133731842041,0.4718770384788513,740,0.0007,-0.14687199890613556,0.9528448581695557,150.0,-14.321686210000003,0.01
47488,742,8552,5,-2.10398268699646,0.2134406566619873,741,0.0007,-0.44229361414909363,0.9930645823478699,150.0,-14.321686210000003,0.01
47552,743,8554,5,-2.071309804916382,1.5321013927459717,742,0.0007,-1.6671762466430664,0.35249680280685425,150.0,-14.321686210000003,0.01
47616,744,8555,5,-2.087224006652832,1.4986462593078613,743,0.0007,0.6729850769042969,0.22993510961532593,150.0,-14.321686210000003,0.01
47680,745,8557,5,-2.114569664001465,1.753169059753418,744,0.0007,1.2928416728973389,0.33779382705688477,150.0,-14.321686210000003,0.01
47744,746,8557,5,-2.117443084716797,0.7874398231506348,745,0.0007,-0.5826455354690552,0.8215934634208679,150.0,-14.321686210000003,0.01
47808,747,8557,5,-2.1286416053771973,2.1063501834869385,746,0.0007,1.4932798147201538,0.3230530619621277,150.0,-14.321686210000003,0.01
47872,748,8557,5,-2.138042449951172,3.054145097732544,747,0.0007,-0.7577207684516907,0.3529069423675537,150.0,-14.321686210000003,0.01
47936,749,8559,5,-2.1465578079223633,0.47897496819496155,748,0.0007,-0.42032939195632935,-1.6346204280853271,150.0,-14.321686210000003,0.01
48000,750,8559,5,-2.1559488773345947,0.681574821472168,749,0.0007,-1.138331413269043,0.11053818464279175,150.0,-14.57895355,0.01
48064,751,8559,5,-2.1561059951782227,0.9831725358963013,750,0.0007,-0.1497272551059723,-0.029758453369140625,150.0,-14.57895355,0.01
48128,752,8559,5,-2.075727939605713,0.8145602941513062,751,0.0007,1.4616687297821045,0.3046656847000122,150.0,-14.57895355,0.01
48192,753,8560,5,-2.089071273803711,1.9185055494308472,752,0.0007,1.379295825958252,0.34535032510757446,150.0,-14.57895355,0.01
48256,754,8561,5,-2.1016623973846436,1.4053810834884644,753,0.0007,-0.4288063049316406,0.7160356640815735,150.0,-14.57895355,0.01
48320,755,8562,5,-2.109156847000122,0.35730892419815063,754,0.0007,-0.560451865196228,0.9567475318908691,150.0,-14.57895355,0.01
48384,756,8563,5,-2.116184949874878,1.1088483333587646,755,0.0007,0.4380660057067871,0.8969089984893799,150.0,-14.57895355,0.01
48448,757,8564,5,-2.1309804916381836,1.9876337051391602,756,0.0007,0.5540236234664917,0.8717054128646851,150.0,-14.57895355,0.01
48512,758,8566,5,-2.136258840560913,1.1816774606704712,757,0.0007,-1.7180277109146118,0.9670029282569885,150.0,-14.57895355,0.01
48576,759,8567,5,-2.147716999053955,2.468209981918335,758,0.0007,-2.4390838146209717,0.685378909111023,150.0,-14.57895355,0.01
48640,760,8568,5,-2.158053398132324,1.2938278913497925,759,0.0007,-1.9419078826904297,-0.424899697303772,150.0,-14.404696340000001,0.01
48704,761,8569,5,-2.102633476257324,0.3445725440979004,760,0.0007,0.30741772055625916,0.9902660846710205,150.0,-14.404696340000001,0.01
48768,762,8569,5,-2.098647117614746,1.1859382390975952,761,0.0007,0.864884614944458,0.471973717212677,150.0,-14.404696340000001,0.01
48832,763,8570,5,-2.133937120437622,1.060036063194275,762,0.0007,-0.3846762180328369,0.7674251794815063,150.0,-14.404696340000001,0.01
48896,764,8571,5,-2.143402338027954,1.9311103820800781,763,0.0007,0.536909818649292,0.4285481572151184,150.0,-14.404696340000001,0.01
48960,765,8572,5,-2.1556856632232666,1.455272912979126,764,0.0007,-1.837719202041626,0.34709632396698,150.0,-14.404696340000001,0.01
49024,766,8573,5,-2.1576881408691406,3.0962610244750977,765,0.0007,1.865233302116394,0.23768150806427002,150.0,-14.404696340000001,0.01
49088,767,8574,5,-2.156391143798828,14.821443557739258,766,0.0007,4.720189094543457,0.40205490589141846,150.0,-14.404696340000001,0.01
49152,768,8574,5,-2.1576013565063477,1.304802656173706,767,0.0007,-1.8154408931732178,0.9067476987838745,150.0,-14.404696340000001,0.01
49216,769,8575,5,-2.1612401008605957,1.2546734809875488,768,0.0007,-1.8427139520645142,0.4950830340385437,150.0,-14.3022531,0.01
49280,770,8576,5,-2.15278697013855,0.15373243391513824,769,0.0007,-0.5385703444480896,0.996869683265686,150.0,-14.3022531,0.01
49344,771,8578,5,-2.129194498062134,2.808319330215454,770,0.0007,0.1321662962436676,0.2542479634284973,150.0,-14.3022531,0.01
49408,772,8579,5,-2.1259546279907227,2.4649767875671387,771,0.0007,1.470147728919983,0.7531350255012512,150.0,-14.3022531,0.01
49472,773,8580,5,-2.1263153553009033,1.840976357460022,772,0.0007,-0.8560397624969482,0.9054244160652161,150.0,-14.3022531,0.01
49536,774,8582,5,-2.125978469848633,0.8464392423629761,773,0.0007,-0.8571202754974365,0.9513575434684753,150.0,-14.3022531,0.01
49600,775,8583,5,-2.13809871673584,5.0592169761657715,774,0.0007,2.315480947494507,0.5531783103942871,150.0,-14.3022531,0.01
49664,776,8585,5,-2.1419382095336914,0.5934073328971863,775,0.0007,-0.27086198329925537,0.889230489730835,150.0,-14.3022531,0.01
49728,777,8586,5,-2.1377720832824707,1.0521491765975952,776,0.0007,0.029486864805221558,-0.5969383716583252,150.0,-14.3022531,0.01
49792,778,8586,5,-2.1327128410339355,1.3452397584915161,777,0.0007,0.7724075317382812,-0.35433638095855713,150.0,-14.3022531,0.01
49856,779,8586,5,-2.135650157928467,0.645409107208252,778,0.0007,-0.5165648460388184,-0.0042411088943481445,150.0,-13.955105450000001,0.01
49920,780,8587,5,-2.1022703647613525,0.5720866918563843,779,0.0007,-0.45338791608810425,0.9610753059387207,150.0,-13.955105450000001,0.01
49984,781,8588,5,-2.1245272159576416,4.379458904266357,780,0.0007,1.8809070587158203,-1.2862298488616943,150.0,-13.955105450000001,0.01
50048,782,8585,5,-2.1365835666656494,0.7819205522537231,781,0.0007,-0.056769825518131256,0.4533576965332031,150.0,-13.955105450000001,0.01
50112,783,8586,5,-2.139890193939209,0.34053683280944824,782,0.0007,0.5819880962371826,0.8482391834259033,150.0,-13.955105450000001,0.01
50176,784,8587,5,-2.1437718868255615,0.3129331171512604,783,0.0007,0.46245041489601135,0.8718941807746887,150.0,-13.955105450000001,0.01
50240,785,8588,5,-2.1443655490875244,1.5742299556732178,784,0.0007,-1.3155910968780518,0.1988556981086731,150.0,-13.955105450000001,0.01
50304,786,8589,5,-2.1532034873962402,0.8941310048103333,785,0.0007,0.3949848413467407,0.15693283081054688,150.0,-13.955105450000001,0.01
50368,787,8590,5,-2.164734125137329,1.2093740701675415,786,0.0007,0.002126336097717285,0.07731306552886963,150.0,-13.955105450000001,0.01
50432,788,8591,5,-2.141629457473755,1.026001214981079,787,0.0007,-1.089722752571106,0.21832513809204102,150.0,-14.037491939999997,0.01
50496,789,8593,5,-2.1129045486450195,0.10564707219600677,788,0.0007,-0.24178782105445862,0.9967430830001831,150.0,-14.037491939999997,0.01
50560,790,8594,5,-2.1142520904541016,0.5543321371078491,789,0.0007,-0.9246206879615784,0.7248901128768921,150.0,-14.037491939999997,0.01
50624,791,8596,5,-2.1309149265289307,0.44613751769065857,790,0.0007,-0.8700470924377441,0.8151743412017822,150.0,-14.037491939999997,0.01
50688,792,8597,5,-2.1360414028167725,1.5267651081085205,791,0.0007,1.824068546295166,0.10302126407623291,150.0,-14.037491939999997,0.01
50752,793,8597,5,-2.1326472759246826,0.7648246884346008,792,0.0007,0.8913098573684692,0.39952921867370605,150.0,-14.037491939999997,0.01
50816,794,8598,5,-2.1347832679748535,1.1947734355926514,793,0.0007,0.09422174096107483,0.34209388494491577,150.0,-14.037491939999997,0.01
50880,795,8599,5,-2.124129295349121,4.019957065582275,794,0.0007,0.4391942322254181,-0.1394597291946411,150.0,-14.037491939999997,0.01
50944,796,8600,5,-2.1232168674468994,2.7322821617126465,795,0.0007,-0.30286064743995667,0.01259535551071167,150.0,-14.037491939999997,0.01
51008,797,8600,5,-2.1146962642669678,0.7773570418357849,796,0.0007,-0.11325554549694061,0.004562079906463623,150.0,-14.118786049999999,0.01
51072,798,8601,5,-2.1056532859802246,0.29538995027542114,797,0.0007,-0.8944032788276672,0.9895904660224915,150.0,-14.118786049999999,0.01
51136,799,8602,5,-2.0450963973999023,1.9975076913833618,798,0.0007,-0.07833734154701233,0.3044934868812561,150.0,-14.118786049999999,0.01
51200,800,8602,5,-2.0621137619018555,2.4442644119262695,799,0.0007,1.3814868927001953,0.5138897895812988,150.0,-14.118786049999999,0.01
51264,801,8603,5,-2.078868865966797,0.7882399559020996,800,0.0007,-0.43659454584121704,0.9149583578109741,150.0,-14.118786049999999,0.01
51328,802,8603,5,-2.096768617630005,3.0514724254608154,801,0.0007,0.8757895231246948,0.8067622780799866,150.0,-14.118786049999999,0.01
51392,803,8604,5,-2.0998830795288086,0.6166536808013916,802,0.0007,-0.9195231795310974,0.9492899179458618,150.0,-14.118786049999999,0.01
51456,804,8606,5,-2.1101627349853516,2.647590398788452,803,0.0007,0.8061937689781189,0.7252914905548096,150.0,-14.118786049999999,0.01
51520,805,8607,5,-2.1149466037750244,1.6219207048416138,804,0.0007,-1.9753968715667725,-0.09620404243469238,150.0,-14.118786049999999,0.01
51584,806,8608,5,-2.1218223571777344,0.49910998344421387,805,0.0007,-0.7569684386253357,-0.7233390808105469,150.0,-14.118786049999999,0.01
51648,807,8608,5,-2.1257550716400146,0.7454797029495239,806,0.0007,-1.1100685596466064,-0.17721176147460938,150.0,-14.439327220000001,0.01
51712,808,8609,6,-2.063448667526245,0.5651930570602417,807,0.0007,0.34578970074653625,0.9723153710365295,150.0,-14.439327220000001,0.01
51776,809,8610,6,-2.064418315887451,1.4778831005096436,808,0.0007,-0.5784654021263123,0.7414919137954712,150.0,-14.439327220000001,0.01
51840,810,8609,6,-2.08293080329895,1.7705597877502441,809,0.0007,0.015006095170974731,0.31410646438598633,150.0,-14.439327220000001,0.01
51904,811,8609,6,-2.0892210006713867,0.9954875111579895,810,0.0007,-0.8467763662338257,0.7840940952301025,150.0,-14.439327220000001,0.01
51968,812,8609,6,-2.0947704315185547,2.117917776107788,811,0.0007,1.2789158821105957,0.3041931390762329,150.0,-14.439327220000001,0.01
52032,813,8610,6,-2.1005029678344727,0.47818678617477417,812,0.0007,-0.7537211179733276,0.3583812117576599,150.0,-14.439327220000001,0.01
52096,814,8611,6,-2.1078004837036133,0.7384807467460632,813,0.0007,-1.4880003929138184,-0.016476750373840332,150.0,-14.439327220000001,0.01
52160,815,8612,6,-2.120854377746582,0.5512170791625977,814,0.0007,-0.9504556655883789,0.023327350616455078,150.0,-14.439327220000001,0.01
52224,816,8612,6,-2.1327407360076904,0.49511876702308655,815,0.0007,-0.7905279397964478,0.04424041509628296,150.0,-14.580006230000002,0.01
52288,817,8613,6,-2.09234619140625,0.3251706063747406,816,0.0007,-0.28835031390190125,0.9868537783622742,150.0,-14.580006230000002,0.01
52352,818,8613,6,-2.0331592559814453,0.40741533041000366,817,0.0007,-0.34234580397605896,0.861407995223999,150.0,-14.580006230000002,0.01
52416,819,8614,6,-2.0453312397003174,1.9211151599884033,818,0.0007,-0.04335598647594452,0.6528878211975098,150.0,-14.580006230000002,0.01
52480,820,8615,6,-2.055802583694458,2.1449801921844482,819,0.0007,0.7251260280609131,0.8658323884010315,150.0,-14.580006230000002,0.01
52544,821,8616,6,-2.0687315464019775,2.0562098026275635,820,0.0007,2.0279741287231445,0.9059453010559082,150.0,-14.580006230000002,0.01
52608,822,8618,6,-2.091299533843994,2.437178611755371,821,0.0007,2.455587387084961,0.9297622442245483,150.0,-14.580006230000002,0.01
52672,823,8619,6,-2.0979156494140625,0.8457802534103394,822,0.0007,0.7109782695770264,0.961685299873352,150.0,-14.580006230000002,0.01
52736,824,8620,6,-2.1015920639038086,0.21173709630966187,823,0.0007,-0.33797410130500793,0.9888461828231812,150.0,-14.580006230000002,0.01
52800,825,8620,6,-2.0948400497436523,1.029676914215088,824,0.0007,-1.1900522708892822,0.9394792318344116,150.0,-14.32809483,0.01
52864,826,8620,6,-2.1008057594299316,1.14283287525177,825,0.0007,-0.8750590085983276,0.8832299709320068,150.0,-14.32809483,0.01
52928,827,8621,6,-1.9956886768341064,0.18801617622375488,826,0.0007,-0.5549781322479248,0.8605993390083313,150.0,-14.32809483,0.01
52992,828,8621,6,-2.002990961074829,3.5490269660949707,827,0.0007,1.4335269927978516,0.27690714597702026,150.0,-14.32809483,0.01
53056,829,8621,6,-2.018805503845215,2.48502254486084,828,0.0007,0.42903661727905273,0.628063440322876,150.0,-14.32809483,0.01
53120,830,8622,6,-2.037336826324463,1.575978398323059,829,0.0007,-0.09808707237243652,0.8579955697059631,150.0,-14.32809483,0.01
53184,831,8622,6,-2.054971694946289,8.963823318481445,830,0.0007,-0.33598417043685913,0.5915850400924683,150.0,-14.32809483,0.01
53248,832,8623,6,-2.0695159435272217,0.6588432788848877,831,0.0007,0.7270092964172363,0.962308406829834,150.0,-14.32809483,0.01
53312,833,8623,6,-2.079113006591797,1.3460524082183838,832,0.0007,-1.536867618560791,0.9139808416366577,150.0,-14.32809483,0.01
53376,834,8624,6,-2.0835988521575928,0.6327986717224121,833,0.0007,-0.5189123749732971,0.820543646812439,150.0,-14.32809483,0.01
53440,835,8625,6,-2.087637424468994,0.20545518398284912,834,0.0007,0.2420596182346344,0.8981927037239075,150.0,-14.346114630000002,0.01
53504,836,8626,6,-2.048785924911499,0.21182239055633545,835,0.0007,-0.37779325246810913,0.9937991499900818,150.0,-14.346114630000002,0.01
53568,837,8627,6,-2.0474133491516113,1.1302306652069092,836,0.0007,-1.2425137758255005,0.5591639280319214,150.0,-14.346114630000002,0.01
53632,838,8629,6,-2.066905975341797,1.0417215824127197,837,0.0007,0.678593635559082,0.7362362146377563,150.0,-14.346114630000002,0.01
53696,839,8630,6,-2.075427770614624,1.1816374063491821,838,0.0007,1.0617001056671143,0.8339143395423889,150.0,-14.346114630000002,0.01
53760,840,8630,6,-2.080235719680786,5.241291046142578,839,0.0007,2.935901641845703,0.6984325051307678,150.0,-14.346114630000002,0.01
53824,841,8631,6,-2.088289499282837,0.8933749794960022,840,0.0007,0.9065873026847839,0.8757379651069641,150.0,-14.346114630000002,0.01
53888,842,8632,6,-2.0903077125549316,1.040385127067566,841,0.0007,-0.6992484927177429,0.6808980703353882,150.0,-14.346114630000002,0.01
53952,843,8632,6,-2.0962843894958496,1.0322926044464111,842,0.0007,-1.4496477842330933,0.4848223924636841,150.0,-14.346114630000002,0.01
54016,844,8633,6,-2.102818489074707,0.3706223964691162,843,0.0007,-0.41469454765319824,0.39146852493286133,150.0,-14.476878959999999,0.01
54080,845,8634,6,-2.077932357788086,1.7692934274673462,844,0.0007,0.8257967829704285,0.9356154203414917,150.0,-14.476878959999999,0.01
54144,846,8635,6,-1.9826362133026123,4.178347110748291,845,0.0007,-1.9641553163528442,0.4793925881385803,150.0,-14.476878959999999,0.01
54208,847,8636,6,-1.9928662776947021,2.2447147369384766,846,0.0007,0.3429909348487854,0.8424932956695557,150.0,-14.476878959999999,0.01
54272,848,8637,6,-2.008917808532715,1.7091699838638306,847,0.0007,-1.1408939361572266,0.8561215400695801,150.0,-14.476878959999999,0.01
54336,849,8638,6,-2.013248920440674,1.3752795457839966,848,0.0007,0.8094442486763,0.5691736936569214,150.0,-14.476878959999999,0.01
54400,850,8639,6,-2.0229973793029785,3.1543943881988525,849,0.0007,2.3959693908691406,0.7294200658798218,150.0,-14.476878959999999,0.01
54464,851,8640,6,-2.036454200744629,0.6088181734085083,850,0.0007,-0.6365081071853638,0.7535793781280518,150.0,-14.476878959999999,0.01
54528,852,8641,6,-2.052941083908081,0.39060693979263306,851,0.0007,-0.6147489547729492,0.663109302520752,150.0,-14.476878959999999,0.01
54592,853,8643,6,-2.052567481994629,0.2656710147857666,852,0.0007,-0.07247839123010635,0.29747462272644043,150.0,-14.476878959999999,0.01
54656,854,8644,6,-2.082958459854126,0.4209279417991638,853,0.0007,-0.05600867420434952,0.3059804439544678,150.0,-14.521245979999998,0.01
54720,855,8645,6,-1.96766996383667,0.3795071542263031,854,0.0007,0.24716822803020477,0.9694077372550964,150.0,-14.521245979999998,0.01
54784,856,8646,6,-1.9539846181869507,0.7728034853935242,855,0.0007,0.10851843655109406,0.738317608833313,150.0,-14.521245979999998,0.01
54848,857,8647,6,-1.9542430639266968,3.0111851692199707,856,0.0007,-1.0225739479064941,0.37294286489486694,150.0,-14.521245979999998,0.01
54912,858,8649,6,-1.9837590456008911,0.5124624967575073,857,0.0007,-0.6289384365081787,0.9116640090942383,150.0,-14.521245979999998,0.01
54976,859,8650,6,-2.0182552337646484,0.7953860759735107,858,0.0007,0.2272096872329712,0.7085185647010803,150.0,-14.521245979999998,0.01
55040,860,8651,6,-2.0394461154937744,0.3148941397666931,859,0.0007,-0.8226287364959717,0.7708227038383484,150.0,-14.521245979999998,0.01
55104,861,8650,6,-2.049597978591919,0.35924333333969116,860,0.0007,0.12459325045347214,0.05784928798675537,150.0,-14.521245979999998,0.01
55168,862,8651,6,-2.0238423347473145,0.48771992325782776,861,0.0007,-0.15488725900650024,0.193340003490448,150.0,-14.521245979999998,0.01
55232,863,8652,6,-2.0322465896606445,0.6086313128471375,862,0.0007,-0.3678959012031555,0.12647521495819092,150.0,-14.804712790000004,0.01
55296,864,8653,6,-1.9870991706848145,0.2729368209838867,863,0.0007,-0.591131865978241,0.993287205696106,150.0,-14.804712790000004,0.01
55360,865,8654,6,-1.9330273866653442,0.761204719543457,864,0.0007,-0.6742005348205566,0.8720194697380066,150.0,-14.804712790000004,0.01
55424,866,8655,6,-1.9374140501022339,3.513259172439575,865,0.0007,0.9113825559616089,0.7968147993087769,150.0,-14.804712790000004,0.01
55488,867,8656,6,-1.9533010721206665,0.8221971392631531,866,0.0007,1.0139167308807373,0.9553607702255249,150.0,-14.804712790000004,0.01
55552,868,8657,6,-1.9684057235717773,1.2642258405685425,867,0.0007,1.31498122215271,0.9595044255256653,150.0,-14.804712790000004,0.01
55616,869,8658,6,-1.9762240648269653,1.3500733375549316,868,0.0007,0.5861825942993164,0.9173476099967957,150.0,-14.804712790000004,0.01
55680,870,8658,6,-1.9962286949157715,2.2399067878723145,869,0.0007,-1.9139324426651,0.834358274936676,150.0,-14.804712790000004,0.01
55744,871,8656,6,-2.016702651977539,0.5229616165161133,870,0.0007,-0.6295206546783447,0.8859357833862305,150.0,-14.804712790000004,0.01
55808,872,8656,6,-2.027188777923584,0.2241581678390503,871,0.0007,-0.6052323579788208,0.8813654780387878,150.0,-14.952627719999999,0.01
55872,873,8657,6,-2.0233688354492188,0.05234399437904358,872,0.0007,0.02572512812912464,0.9951657652854919,150.0,-14.952627719999999,0.01
55936,874,8658,6,-1.941138505935669,0.6389980316162109,873,0.0007,-0.10182195156812668,0.7478866577148438,150.0,-14.952627719999999,0.01
56000,875,8657,6,-1.9714455604553223,1.543980598449707,874,0.0007,-0.7035439014434814,0.7829399108886719,150.0,-14.952627719999999,0.01
56064,876,8658,6,-1.9878675937652588,2.891186475753784,875,0.0007,1.440172791481018,0.7904335856437683,150.0,-14.952627719999999,0.01
56128,877,8659,6,-2.0070319175720215,0.7378872036933899,876,0.0007,0.6085888147354126,0.849727988243103,150.0,-14.952627719999999,0.01
56192,878,8660,6,-2.026886463165283,1.49407160282135,877,0.0007,1.2135177850723267,0.703147292137146,150.0,-14.952627719999999,0.01
56256,879,8660,6,-2.0280792713165283,7.719232559204102,878,0.0007,4.268779754638672,-0.31445980072021484,150.0,-14.952627719999999,0.01
56320,880,8661,6,-2.0505211353302,0.9343733787536621,879,0.0007,-0.026048675179481506,0.08490115404129028,150.0,-14.952627719999999,0.01
56384,881,8663,6,-2.046518564224243,0.9167353510856628,880,0.0007,0.0484553724527359,0.014826714992523193,150.0,-14.952627719999999,0.01
56448,882,8663,6,-2.0723142623901367,0.27042725682258606,881,0.0007,-0.83683180809021,0.2603345513343811,150.0,-15.00785581,0.01
56512,883,8664,6,-1.9885368347167969,0.15756602585315704,882,0.0007,-0.3253558576107025,0.989074170589447,150.0,-15.00785581,0.01
56576,884,8665,6,-1.9686198234558105,0.9913493394851685,883,0.0007,0.22750023007392883,0.8245726823806763,150.0,-15.00785581,0.01
56640,885,8666,6,-1.9893467426300049,2.3300483226776123,884,0.0007,1.9327408075332642,0.6968841552734375,150.0,-15.00785581,0.01
56704,886,8668,6,-2.0194573402404785,1.6724755764007568,885,0.0007,1.4547579288482666,0.8140655159950256,150.0,-15.00785581,0.01
56768,887,8669,6,-2.0363121032714844,2.6404144763946533,886,0.0007,1.6023057699203491,0.832772970199585,150.0,-15.00785581,0.01
56832,888,8670,6,-2.058356761932373,1.0396082401275635,887,0.0007,1.17594575881958,0.9105185270309448,150.0,-15.00785581,0.01
56896,889,8670,6,-2.0575263500213623,0.5892703533172607,888,0.0007,0.767654538154602,0.890945315361023,150.0,-15.00785581,0.01
56960,890,8668,6,-2.0615577697753906,0.08812876790761948,889,0.0007,0.3758390545845032,0.9827120304107666,150.0,-15.00785581,0.01
57024,891,8668,6,-2.0675060749053955,0.15530970692634583,890,0.0007,0.3209581971168518,0.9336264729499817,150.0,-15.053876919999999,0.01
57088,892,8666,6,-2.033677101135254,0.07418887317180634,891,0.0007,0.27610403299331665,0.9978117942810059,150.0,-15.053876919999999,0.01
57152,893,8666,6,-1.9851441383361816,1.958661437034607,892,0.0007,-2.126305103302002,0.7015724182128906,150.0,-15.053876919999999,0.01
57216,894,8666,6,-2.011178970336914,2.2108664512634277,893,0.0007,0.43327635526657104,0.5739712119102478,150.0,-15.053876919999999,0.01
57280,895,8667,6,-2.0363545417785645,0.5369970798492432,894,0.0007,-0.15202760696411133,0.8951967358589172,150.0,-15.053876919999999,0.01
57344,896,8667,6,-2.0265746116638184,0.9438519477844238,895,0.0007,0.6776896119117737,0.6467510461807251,150.0,-15.053876919999999,0.01
57408,897,8668,6,-2.0415773391723633,0.23335541784763336,896,0.0007,0.5368512868881226,0.9374293684959412,150.0,-15.053876919999999,0.01
57472,898,8669,6,-2.064544200897217,0.5613585710525513,897,0.0007,-0.09660563617944717,0.8904663920402527,150.0,-15.053876919999999,0.01
57536,899,8670,6,-2.070725917816162,0.830187201499939,898,0.0007,-0.9456603527069092,0.8783200979232788,150.0,-15.053876919999999,0.01
57600,900,8671,6,-2.091463327407837,0.5238584280014038,899,0.0007,-0.8054814338684082,0.8679190874099731,150.0,-14.986512940000003,0.01
57664,901,8672,6,-2.101513624191284,0.224878191947937,900,0.0007,-0.7013688087463379,0.8990569114685059,150.0,-14.986512940000003,0.01
57728,902,8673,6,-1.9950271844863892,0.6309449672698975,901,0.0007,-0.08566370606422424,0.6891294717788696,150.0,-14.986512940000003,0.01
57792,903,8674,6,-2.0287368297576904,0.27490875124931335,902,0.0007,-0.2055101990699768,0.9506842494010925,150.0,-14.986512940000003,0.01
57856,904,8675,6,-2.062955379486084,0.7236529588699341,903,0.0007,-0.6743276119232178,0.8039015531539917,150.0,-14.986512940000003,0.01
57920,905,8677,6,-2.083747625350952,0.6532275080680847,904,0.0007,0.06816458702087402,-0.07761216163635254,150.0,-14.986512940000003,0.01
57984,906,8678,6,-2.0855002403259277,0.8871312141418457,905,0.0007,0.6371413469314575,0.4666714668273926,150.0,-14.986512940000003,0.01
58048,907,8679,6,-2.089789390563965,0.5645447969436646,906,0.0007,-0.5801584720611572,0.43864572048187256,150.0,-14.986512940000003,0.01
58112,908,8679,6,-2.102186918258667,5.426340103149414,907,0.0007,1.538303256034851,0.2284032106399536,150.0,-14.986512940000003,0.01
58176,909,8679,6,-2.097130060195923,1.2317845821380615,908,0.0007,-2.0259413719177246,0.21238744258880615,150.0,-14.986512940000003,0.01
58240,910,8679,6,-2.105839729309082,1.0065538883209229,909,0.0007,-1.6489022970199585,0.093514084815979,150.0,-14.99088983,0.01
58304,911,8680,6,-2.048611640930176,1.267188310623169,910,0.0007,1.0287089347839355,0.9651194214820862,150.0,-14.99088983,0.01
58368,912,8681,6,-2.016655445098877,1.084052562713623,911,0.0007,1.1640994548797607,0.6079968214035034,150.0,-14.99088983,0.01
58432,913,8682,6,-2.0230515003204346,1.5307238101959229,912,0.0007,-1.6772676706314087,0.8573476672172546,150.0,-14.99088983,0.01
58496,914,8683,6,-2.0380659103393555,2.664947986602783,913,0.0007,0.5898575782775879,0.7837811708450317,150.0,-14.99088983,0.01
58560,915,8684,6,-2.0625176429748535,0.6181488633155823,914,0.0007,-1.1634141206741333,0.9671101570129395,150.0,-14.99088983,0.01
58624,916,8685,6,-2.0654263496398926,0.28334474563598633,915,0.0007,-0.22393059730529785,0.9330762624740601,150.0,-14.99088983,0.01
58688,917,8686,6,-2.078993320465088,0.5372030735015869,916,0.0007,0.15280799567699432,0.883034884929657,150.0,-14.99088983,0.01
58752,918,8687,6,-2.094313144683838,5.3879547119140625,917,0.0007,0.8769586086273193,0.6805538535118103,150.0,-14.99088983,0.01
58816,919,8688,6,-2.096954345703125,3.330874443054199,918,0.0007,1.2449339628219604,0.8125908970832825,150.0,-14.763930130000004,0.01
58880,920,8689,6,-2.0853288173675537,0.2123596966266632,919,0.0007,-0.04331760108470917,0.9924354553222656,150.0,-14.763930130000004,0.01
58944,921,8690,6,-2.069697380065918,2.6299285888671875,920,0.0007,1.6767040491104126,0.1668967604637146,150.0,-14.763930130000004,0.01
59008,922,8691,6,-2.0880987644195557,2.358020305633545,921,0.0007,-2.198448657989502,0.7438098192214966,150.0,-14.763930130000004,0.01
59072,923,8692,6,-2.111229181289673,0.7975978255271912,922,0.0007,0.03989938646554947,0.852972149848938,150.0,-14.763930130000004,0.01
59136,924,8692,6,-2.1045753955841064,1.6240627765655518,923,0.0007,-1.1059625148773193,0.7718694806098938,150.0,-14.763930130000004,0.01
59200,925,8693,6,-2.114344596862793,2.374459743499756,924,0.0007,1.491458773612976,0.5693297386169434,150.0,-14.763930130000004,0.01
59264,926,8693,6,-2.121198892593384,0.4737202525138855,925,0.0007,0.6689957976341248,0.8748377561569214,150.0,-14.763930130000004,0.01
59328,927,8694,6,-2.121415853500366,0.843627393245697,926,0.0007,-0.3202723264694214,-0.047303199768066406,150.0,-14.763930130000004,0.01
59392,928,8695,6,-2.1111350059509277,0.335426390171051,927,0.0007,-0.21564450860023499,0.7871846556663513,150.0,-14.763930130000004,0.01
59456,929,8695,6,-2.0754659175872803,0.6492472887039185,928,0.0007,-0.039977461099624634,0.17277413606643677,150.0,-14.495909290000002,0.01
59520,930,8696,6,-2.092611312866211,1.8921051025390625,929,0.0007,-1.8150148391723633,0.9391810894012451,150.0,-14.495909290000002,0.01
59584,931,8696,6,-2.1096973419189453,3.4817421436309814,930,0.0007,-2.2661266326904297,0.7645049095153809,150.0,-14.495909290000002,0.01
59648,932,8697,6,-2.103217840194702,0.46256276965141296,931,0.0007,0.6707067489624023,0.9470202922821045,150.0,-14.495909290000002,0.01
59712,933,8698,6,-2.1020984649658203,2.96622371673584,932,0.0007,1.4464128017425537,0.7201439738273621,150.0,-14.495909290000002,0.01
59776,934,8699,6,-2.1122965812683105,0.7068977355957031,933,0.0007,0.89290452003479,0.922279417514801,150.0,-14.495909290000002,0.01
59840,935,8700,6,-2.112248659133911,5.826601982116699,934,0.0007,3.8401262760162354,0.30454713106155396,150.0,-14.495909290000002,0.01
59904,936,8701,6,-2.107361316680908,2.573887348175049,935,0.0007,2.0707623958587646,0.6967836022377014,150.0,-14.495909290000002,0.01
59968,937,8702,6,-2.10593843460083,1.7223217487335205,936,0.0007,-1.0414774417877197,-0.28274595737457275,150.0,-14.495909290000002,0.01
60032,938,8702,6,-2.1097073554992676,0.8626856207847595,937,0.0007,-0.40090733766555786,-1.9476232528686523,150.0,-14.54322638,0.0
60096,939,8703,6,-2.111825466156006,0.4011896848678589,938,0.0007,-0.3226022720336914,0.9908223152160645,150.0,-14.54322638,0.0
60160,940,8701,6,-2.120299816131592,1.3344870805740356,939,0.0007,-1.7986807823181152,-0.507098913192749,150.0,-14.54322638,0.0
60224,941,8640,6,-2.124035358428955,1.7410725355148315,940,0.0007,-1.5791418552398682,0.454570472240448,150.0,-14.54322638,0.0
60288,942,8640,6,-2.1304450035095215,0.7637528777122498,941,0.0007,-1.1412642002105713,0.4999276399612427,150.0,-14.54322638,0.0
60352,943,8640,6,-2.1193580627441406,1.0712013244628906,942,0.0007,0.08380667865276337,-0.5507583618164062,150.0,-14.54322638,0.0
60416,944,8640,6,-2.098093271255493,1.8991761207580566,943,0.0007,-0.9770231246948242,0.2439213991165161,150.0,-14.54322638,0.0
60480,945,8641,6,-2.1040451526641846,0.76324462890625,944,0.0007,-0.7957834005355835,0.2963481545448303,150.0,-14.54322638,0.0
60544,946,8642,7,-2.118457317352295,2.362017869949341,945,0.0007,1.3500574827194214,-0.02148115634918213,150.0,-14.54322638,0.0
60608,947,8642,7,-2.1361515522003174,1.8936282396316528,946,0.0007,1.811900019645691,0.03014695644378662,150.0,-14.65386134,0.0
60672,948,8642,7,-2.122779369354248,1.9718068838119507,947,0.0007,1.922935128211975,0.8824946880340576,150.0,-14.65386134,0.0
60736,949,8642,7,-2.0838117599487305,0.6605303287506104,948,0.0007,-0.21518541872501373,0.41553521156311035,150.0,-14.65386134,0.0
60800,950,8642,7,-2.087132453918457,0.6421022415161133,949,0.0007,0.31292325258255005,0.5188651084899902,150.0,-14.65386134,0.0
60864,951,8642,7,-2.0975732803344727,0.810253918170929,950,0.0007,-0.8640578985214233,0.7522810697555542,150.0,-14.65386134,0.0
60928,952,8643,7,-2.117039442062378,3.691248893737793,951,0.0007,2.480468273162842,0.18609601259231567,150.0,-14.65386134,0.0
60992,953,8644,7,-2.1141257286071777,9.237152099609375,952,0.0007,4.26882791519165,0.43796050548553467,150.0,-14.65386134,0.0
61056,954,8644,7,-2.1068220138549805,0.39521244168281555,953,0.0007,-0.18225818872451782,0.8216851353645325,150.0,-14.65386134,0.0
61120,955,8645,7,-2.1069700717926025,0.6263891458511353,954,0.0007,-0.48677897453308105,-0.26032018661499023,150.0,-14.65386134,0.0
61184,956,8646,7,-2.1165359020233154,0.06761330366134644,955,0.0007,0.13747674226760864,0.6618087887763977,150.0,-14.65386134,0.0
61248,957,8646,7,-2.1281635761260986,0.14908920228481293,956,0.0007,-0.5925958156585693,0.11161339282989502,150.0,-14.670788029999999,0.0
61312,958,8647,7,-2.090855121612549,0.7029519081115723,957,0.0007,-0.22856000065803528,0.9571102261543274,150.0,-14.670788029999999,0.0
61376,959,8648,7,-2.080491542816162,1.553590178489685,958,0.0007,1.505707025527954,0.7165454030036926,150.0,-14.670788029999999,0.0
61440,960,8649,7,-2.088003635406494,2.3353331089019775,959,0.0007,-1.361693263053894,0.8396772146224976,150.0,-14.670788029999999,0.0
61504,961,8650,7,-2.087402582168579,0.3314650058746338,960,0.0007,-0.3600027859210968,0.9396710395812988,150.0,-14.670788029999999,0.0
61568,962,8650,7,-2.095367431640625,0.5874333381652832,961,0.0007,0.43096137046813965,0.799072802066803,150.0,-14.670788029999999,0.0
61632,963,8651,7,-2.1051623821258545,0.9531079530715942,962,0.0007,-1.364426612854004,0.48654812574386597,150.0,-14.670788029999999,0.0
61696,964,8652,7,-2.117764472961426,2.289571762084961,963,0.0007,1.434253454208374,0.19346600770950317,150.0,-14.670788029999999,0.0
61760,965,8652,7,-2.125789165496826,0.5013014674186707,964,0.0007,-0.9196944832801819,0.552207350730896,150.0,-14.670788029999999,0.0
61824,966,8652,7,-2.12866473197937,0.4457494020462036,965,0.0007,-0.21179959177970886,-0.8422822952270508,150.0,-15.043464769999998,0.0
61888,967,8653,7,-2.0524630546569824,0.15814653038978577,966,0.0007,0.4275614321231842,0.9926958680152893,150.0,-15.043464769999998,0.0
61952,968,8654,7,-1.9923145771026611,0.5593208074569702,967,0.0007,0.28683915734291077,0.6966341137886047,150.0,-15.043464769999998,0.0
62016,969,8654,7,-2.0133626461029053,2.088149070739746,968,0.0007,0.1639469563961029,0.4191230535507202,150.0,-15.043464769999998,0.0
62080,970,8655,7,-2.031127452850342,3.237821340560913,969,0.0007,1.0873212814331055,0.17289423942565918,150.0,-15.043464769999998,0.0
62144,971,8656,7,-2.045531749725342,3.438412666320801,970,0.0007,0.4676359295845032,0.1430911421775818,150.0,-15.043464769999998,0.0
62208,972,8656,7,-2.052973747253418,0.45586729049682617,971,0.0007,-0.9359439611434937,0.8301788568496704,150.0,-15.043464769999998,0.0
62272,973,8657,7,-2.053292751312256,0.7313014268875122,972,0.0007,0.7147237658500671,0.6944230794906616,150.0,-15.043464769999998,0.0
62336,974,8658,7,-2.0671164989471436,0.7523465156555176,973,0.0007,-0.47612684965133667,-0.8600839376449585,150.0,-15.043464769999998,0.0
62400,975,8658,7,-2.0769872665405273,0.12547805905342102,974,0.0007,-0.30897122621536255,0.12443459033966064,150.0,-15.205623229999999,0.0
62464,976,8659,7,-2.0880401134490967,0.16357818245887756,975,0.0007,-0.3619322180747986,0.17961394786834717,150.0,-15.205623229999999,0.0
62528,977,8660,7,-2.022545576095581,1.39363694190979,976,0.0007,1.7384412288665771,0.5751054286956787,150.0,-15.205623229999999,0.0
62592,978,8661,7,-2.0412862300872803,1.325234055519104,977,0.0007,0.6867878437042236,0.34660130739212036,150.0,-15.205623229999999,0.0
62656,979,8661,7,-2.0688881874084473,0.5787662267684937,978,0.0007,-0.30924153327941895,0.7716403007507324,150.0,-15.205623229999999,0.0
62720,980,8662,7,-2.093754529953003,0.5831263065338135,979,0.0007,0.24205827713012695,0.8323826193809509,150.0,-15.205623229999999,0.0
62784,981,8664,7,-2.099116563796997,0.38654908537864685,980,0.0007,-0.25347936153411865,0.9266241788864136,150.0,-15.205623229999999,0.0
62848,982,8665,7,-2.1086838245391846,0.2200353741645813,981,0.0007,-0.5802717804908752,0.9676816463470459,150.0,-15.205623229999999,0.0
62912,983,8665,7,-2.1042518615722656,0.9859988689422607,982,0.0007,1.0558422803878784,0.6104066371917725,150.0,-15.205623229999999,0.0
62976,984,8665,7,-2.090676784515381,4.9827070236206055,983,0.0007,2.8852481842041016,0.4825407862663269,150.0,-15.205623229999999,0.0
63040,985,8665,7,-2.0835587978363037,1.209373116493225,984,0.0007,-0.3518056869506836,-0.902653694152832,150.0,-14.944584309999998,0.0
63104,986,8666,7,-2.0758111476898193,0.3702009618282318,985,0.0007,0.5996469855308533,0.9910672307014465,150.0,-14.944584309999998,0.0
63168,987,8666,7,-2.0825307369232178,2.249239683151245,986,0.0007,-2.2798011302948,0.6095130443572998,150.0,-14.944584309999998,0.0
63232,988,8668,7,-2.1020102500915527,2.6045069694519043,987,0.0007,-0.9167711138725281,0.6589871644973755,150.0,-14.944584309999998,0.0
63296,989,8668,7,-2.1096277236938477,1.3885533809661865,988,0.0007,-0.8431330919265747,-0.8856676816940308,150.0,-14.944584309999998,0.0
63360,990,8669,7,-2.1227846145629883,2.184415817260742,989,0.0007,0.7132951617240906,-0.03455376625061035,150.0,-14.944584309999998,0.0
63424,991,8670,7,-2.1282825469970703,0.728249728679657,990,0.0007,0.11078085005283356,-0.22069132328033447,150.0,-14.944584309999998,0.0
63488,992,8671,7,-2.1153388023376465,0.23208442330360413,991,0.0007,-0.35019969940185547,0.1075027585029602,150.0,-14.944584309999998,0.0
63552,993,8672,7,-2.124629497528076,0.8240217566490173,992,0.0007,-1.6748576164245605,0.014193177223205566,150.0,-14.944584309999998,0.0
63616,994,8672,7,-2.1236069202423096,0.7542447447776794,993,0.0007,-0.7653830647468567,0.005858004093170166,150.0,-15.336819290000001,0.0
63680,995,8673,7,-2.1081221103668213,0.28465455770492554,994,0.0007,-0.5508618354797363,0.9912298917770386,150.0,-15.336819290000001,0.0
63744,996,8674,7,-2.060103416442871,1.0535253286361694,995,0.0007,0.44056570529937744,0.07234072685241699,150.0,-15.336819290000001,0.0
63808,997,8675,7,-2.0754711627960205,1.053871989250183,996,0.0007,-0.6146445274353027,0.7338970899581909,150.0,-15.336819290000001,0.0
63872,998,8675,7,-2.102109432220459,1.317885160446167,997,0.0007,0.01043768972158432,0.7857687473297119,150.0,-15.336819290000001,0.0
63936,999,8676,7,-2.101529836654663,0.5577211976051331,998,0.0007,-0.780188798904419,0.937167763710022,150.0,-15.336819290000001,0.0
64000,1000,8676,7,-2.103806972503662,0.4841265082359314,999,0.0007,0.5839990377426147,0.9061482548713684,150.0,-15.336819290000001,0.0
64064,1001,8677,7,-2.096193552017212,1.9039714336395264,1000,0.0007,1.3450461626052856,0.7436473369598389,150.0,-15.336819290000001,0.0
64128,1002,8677,7,-2.090691089630127,0.853963315486908,1001,0.0007,1.1938807964324951,0.842684268951416,150.0,-15.336819290000001,0.0
64192,1003,8678,7,-2.0915238857269287,2.835371732711792,1002,0.0007,1.6511611938476562,0.7563788890838623,150.0,-15.336819290000001,0.0
64256,1004,8678,7,-2.0976996421813965,0.8277838230133057,1003,0.0007,-1.1070066690444946,0.9156945943832397,150.0,-15.526507040000002,0.0
64320,1005,8678,7,-2.0428409576416016,1.0851805210113525,1004,0.0007,-1.3834129571914673,0.9511685967445374,150.0,-15.526507040000002,0.0
64384,1006,8679,7,-2.054255962371826,0.6668864488601685,1005,0.0007,-0.6806631088256836,0.8690242171287537,150.0,-15.526507040000002,0.0
64448,1007,8680,7,-2.0658929347991943,5.145817279815674,1006,0.0007,0.27927064895629883,-0.7019170522689819,150.0,-15.526507040000002,0.0
64512,1008,8678,7,-2.084991455078125,1.2687397003173828,1007,0.0007,0.6173253655433655,0.4136728048324585,150.0,-15.526507040000002,0.0
64576,1009,8677,7,-2.081723928451538,3.8520946502685547,1008,0.0007,2.632751941680908,-0.3873697519302368,150.0,-15.526507040000002,0.0
64640,1010,8676,7,-2.074357271194458,0.23696577548980713,1009,0.0007,0.2413116693496704,0.613235354423523,150.0,-15.526507040000002,0.0
64704,1011,8675,7,-2.052394151687622,1.1268935203552246,1010,0.0007,-1.1665418148040771,-0.11616301536560059,150.0,-15.526507040000002,0.0
64768,1012,8675,7,-2.0601282119750977,0.7081828117370605,1011,0.0007,0.22606894373893738,-0.046267032623291016,150.0,-15.526507040000002,0.0
64832,1013,8676,7,-2.06514573097229,0.698493480682373,1012,0.0007,0.1501861810684204,-0.011075854301452637,150.0,-15.757515079999997,0.0
64896,1014,8676,7,-2.0795021057128906,0.7094982266426086,1013,0.0007,0.6735434532165527,0.9771493077278137,150.0,-15.757515079999997,0.0
64960,1015,8676,7,-2.0692954063415527,0.17225952446460724,1014,0.0007,0.09426648169755936,0.8076348900794983,150.0,-15.757515079999997,0.0
65024,1016,8677,7,-2.0810744762420654,5.313769817352295,1015,0.0007,2.3407554626464844,0.5212268233299255,150.0,-15.757515079999997,0.0
65088,1017,8677,7,-2.0855929851531982,3.087785005569458,1016,0.0007,1.958045244216919,0.786532461643219,150.0,-15.757515079999997,0.0
65152,1018,8678,7,-2.092607021331787,4.403700351715088,1017,0.0007,2.4696784019470215,0.8394365906715393,150.0,-15.757515079999997,0.0
65216,1019,8678,7,-2.1054282188415527,2.419544219970703,1018,0.0007,-0.07670902460813522,0.9279764890670776,150.0,-15.757515079999997,0.0
65280,1020,8679,7,-2.10516619682312,1.3586041927337646,1019,0.0007,-1.5019315481185913,0.9814367294311523,150.0,-15.757515079999997,0.0
65344,1021,8680,7,-2.104524612426758,1.3385618925094604,1020,0.0007,-1.6284185647964478,0.9791979789733887,150.0,-15.757515079999997,0.0
65408,1022,8680,7,-2.094838857650757,0.7914786338806152,1021,0.0007,-1.092332363128662,0.9778242707252502,150.0,-15.444905569999998,0.0
65472,1023,8681,7,-2.0862843990325928,0.9294184446334839,1022,0.0007,-1.086536169052124,0.9755273461341858,150.0,-15.444905569999998,0.0
65536,1024,8681,7,-2.052727460861206,1.2964588403701782,1023,0.0007,-0.6892255544662476,0.43411338329315186,150.0,-15.444905569999998,0.0
65600,1025,8682,7,-2.076319932937622,1.6551553010940552,1024,0.0007,-0.6373735666275024,0.6164739727973938,150.0,-15.444905569999998,0.0
65664,1026,8683,7,-2.092731475830078,6.429872035980225,1025,0.0007,3.783567190170288,0.733238935470581,150.0,-15.444905569999998,0.0
65728,1027,8684,7,-2.1074881553649902,0.6358045935630798,1026,0.0007,-0.5819033980369568,0.9276294708251953,150.0,-15.444905569999998,0.0
65792,1028,8685,7,-2.106201648712158,5.465038299560547,1027,0.0007,0.6278024315834045,-1.5149211883544922,150.0,-15.444905569999998,0.0
65856,1029,8686,7,-2.1085968017578125,0.648040771484375,1028,0.0007,-0.8667755126953125,-0.48338353633880615,150.0,-15.444905569999998,0.0
65920,1030,8687,7,-2.1143786907196045,1.6990609169006348,1029,0.0007,1.2523554563522339,0.09470212459564209,150.0,-15.444905569999998,0.0
65984,1031,8687,7,-2.1203856468200684,0.2197158932685852,1030,0.0007,0.224985733628273,-0.12472939491271973,150.0,-15.444905569999998,0.0
66048,1032,8687,7,-2.1298773288726807,0.4239557385444641,1031,0.0007,0.2976032495498657,0.07568514347076416,150.0,-15.31079592,0.0
66112,1033,8687,7,-2.079143762588501,1.0724130868911743,1032,0.0007,0.27983975410461426,0.9525765180587769,150.0,-15.31079592,0.0
66176,1034,8688,7,-2.1009347438812256,1.073947787284851,1033,0.0007,0.1308954954147339,0.8435986042022705,150.0,-15.31079592,0.0
66240,1035,8689,7,-2.115769624710083,1.6455364227294922,1034,0.0007,-0.09903506189584732,0.8726110458374023,150.0,-15.31079592,0.0
66304,1036,8690,7,-2.1046552658081055,3.3442320823669434,1035,0.0007,2.0110390186309814,0.8719321489334106,150.0,-15.31079592,0.0
66368,1037,8690,7,-2.1102027893066406,4.435290336608887,1036,0.0007,1.2415993213653564,0.3727932572364807,150.0,-15.31079592,0.0
66432,1038,8691,7,-2.0986976623535156,7.880350112915039,1037,0.0007,1.6039760112762451,-1.6246941089630127,150.0,-15.31079592,0.0
66496,1039,8691,7,-2.091407299041748,2.613332509994507,1038,0.0007,1.109169840812683,0.6062532663345337,150.0,-15.31079592,0.0
66560,1040,8693,7,-2.095569133758545,2.1664414405822754,1039,0.0007,-0.06570092588663101,0.8383163809776306,150.0,-15.31079592,0.0
66624,1041,8693,7,-2.0920352935791016,1.6022953987121582,1040,0.0007,0.5750426650047302,0.9128404855728149,150.0,-14.674701989999999,0.0
66688,1042,8694,7,-2.064373731613159,0.4858860373497009,1041,0.0007,-0.8019207715988159,0.991126298904419,150.0,-14.674701989999999,0.0
66752,1043,8695,7,-2.049942970275879,3.422304630279541,1042,0.0007,-3.1608972549438477,-0.6161752939224243,150.0,-14.674701989999999,0.0
66816,1044,8696,7,-2.06215238571167,0.9868844747543335,1043,0.0007,-1.1496870517730713,0.37685084342956543,150.0,-14.674701989999999,0.0
66880,1045,8697,7,-2.0754129886627197,4.065169811248779,1044,0.0007,1.6705703735351562,0.09143966436386108,150.0,-14.674701989999999,0.0
66944,1046,8697,7,-2.0909266471862793,0.8646510243415833,1045,0.0007,-0.5007360577583313,0.7054625749588013,150.0,-14.674701989999999,0.0
67008,1047,8698,7,-2.079153537750244,0.7378034591674805,1046,0.0007,0.48274022340774536,0.04762852191925049,150.0,-14.674701989999999,0.0
67072,1048,8698,7,-2.097698211669922,0.9235016107559204,1047,0.0007,-1.537170648574829,0.4427065849304199,150.0,-14.674701989999999,0.0
67136,1049,8699,7,-2.101189374923706,1.7734737396240234,1048,0.0007,-0.2428777813911438,-0.07024013996124268,150.0,-14.674701989999999,0.0
67200,1050,8699,7,-2.110926628112793,1.0127352476119995,1049,0.0007,-1.6749643087387085,-0.10697686672210693,150.0,-14.616426129999997,0.0
67264,1051,8700,7,-2.125336170196533,1.880955696105957,1050,0.0007,-1.6523399353027344,0.00817793607711792,150.0,-14.616426129999997,0.0
67328,1052,8701,7,-2.0002825260162354,0.7176291346549988,1051,0.0007,-0.22196948528289795,0.7254443168640137,150.0,-14.616426129999997,0.0
67392,1053,8701,7,-1.9970706701278687,4.089937210083008,1052,0.0007,0.9528078436851501,0.34293490648269653,150.0,-14.616426129999997,0.0
67456,1054,8701,7,-2.0212011337280273,4.743476867675781,1053,0.0007,-2.1587142944335938,0.2525586485862732,150.0,-14.616426129999997,0.0
67520,1055,8702,7,-2.046006917953491,1.6055623292922974,1054,0.0007,-0.09642793238162994,0.7472293972969055,150.0,-14.616426129999997,0.0
67584,1056,8703,7,-2.071748733520508,2.212631940841675,1055,0.0007,0.594724178314209,0.7409662008285522,150.0,-14.616426129999997,0.0
67648,1057,8703,7,-2.095421314239502,0.9514886140823364,1056,0.0007,-1.031149983406067,0.8398489356040955,150.0,-14.616426129999997,0.0
67712,1058,8704,7,-2.1101505756378174,0.17051462829113007,1057,0.0007,-0.29171517491340637,0.8413040041923523,150.0,-14.616426129999997,0.0
67776,1059,8705,7,-2.1292381286621094,0.1179829016327858,1058,0.0007,0.16545413434505463,0.7909011840820312,150.0,-14.616426129999997,0.0
67840,1060,8706,7,-2.1591858863830566,0.41813650727272034,1059,0.0007,-0.08942541480064392,0.253315806388855,150.0,-14.777149549999999,0.0
67904,1061,8707,7,-2.0903656482696533,0.9119905233383179,1060,0.0007,-0.9955871105194092,0.9720237255096436,150.0,-14.777149549999999,0.0
67968,1062,8707,7,-2.0931880474090576,1.0032447576522827,1061,0.0007,-1.6519348621368408,0.7802879810333252,150.0,-14.777149549999999,0.0
68032,1063,8708,7,-2.118595600128174,0.9684927463531494,1062,0.0007,0.8307993412017822,0.7561327815055847,150.0,-14.777149549999999,0.0
68096,1064,8708,7,-2.1082005500793457,4.532331943511963,1063,0.0007,3.2201709747314453,0.6650038361549377,150.0,-14.777149549999999,0.0
68160,1065,8709,7,-2.097912073135376,2.7054238319396973,1064,0.0007,1.7395036220550537,0.7196913957595825,150.0,-14.777149549999999,0.0
68224,1066,8709,7,-2.0991904735565186,1.7963731288909912,1065,0.0007,0.9533937573432922,-0.044983625411987305,150.0,-14.777149549999999,0.0
68288,1067,8710,7,-2.1016552448272705,2.2045273780822754,1066,0.0007,0.8384741544723511,-0.2608071565628052,150.0,-14.777149549999999,0.0
68352,1068,8710,7,-2.0953807830810547,0.5817599296569824,1067,0.0007,0.7901307344436646,-0.3274660110473633,150.0,-14.777149549999999,0.0
68416,1069,8710,7,-2.101351737976074,0.7577782273292542,1068,0.0007,0.6848240494728088,-0.702151894569397,150.0,-14.722378009999998,0.0
68480,1070,8711,7,-2.0996551513671875,0.3959357738494873,1069,0.0007,0.3321678638458252,0.9826111793518066,150.0,-14.722378009999998,0.0
68544,1071,8712,7,-2.0400896072387695,0.7289620041847229,1070,0.0007,-0.7521407604217529,0.72696852684021,150.0,-14.722378009999998,0.0
68608,1072,8712,7,-2.0686917304992676,1.1287294626235962,1071,0.0007,0.4968618154525757,0.3897929787635803,150.0,-14.722378009999998,0.0
68672,1073,8713,7,-2.075587034225464,0.6391021013259888,1072,0.0007,0.9930362701416016,0.6571022272109985,150.0,-14.722378009999998,0.0
68736,1074,8713,7,-2.094146728515625,4.71097469329834,1073,0.0007,1.5812437534332275,0.05648171901702881,150.0,-14.722378009999998,0.0
68800,1075,8714,7,-2.109168529510498,0.6140577793121338,1074,0.0007,-1.002631425857544,0.78543621301651,150.0,-14.722378009999998,0.0
68864,1076,8714,7,-2.10514497756958,0.45138120651245117,1075,0.0007,-0.6069291830062866,-1.8211195468902588,150.0,-14.722378009999998,0.0
68928,1077,8714,7,-2.1034631729125977,0.1401735097169876,1076,0.0007,-0.1868375539779663,0.20726442337036133,150.0,-14.722378009999998,0.0
68992,1078,8715,7,-2.131502151489258,0.20758464932441711,1077,0.0007,-0.5251244902610779,0.10387915372848511,150.0,-14.722378009999998,0.0
69056,1079,8714,7,-2.140511989593506,1.2474709749221802,1078,0.0007,0.17229527235031128,0.037080585956573486,150.0,-14.89512989,0.0
69120,1080,8715,7,-2.0735912322998047,0.5379326343536377,1079,0.0007,1.0269156694412231,0.9806699752807617,150.0,-14.89512989,0.0
69184,1081,8715,7,-2.0994176864624023,1.3464995622634888,1080,0.0007,1.099109172821045,0.7940607070922852,150.0,-14.89512989,0.0
69248,1082,8716,7,-2.1155004501342773,3.75040602684021,1081,0.0007,2.7221760749816895,0.7788345813751221,150.0,-14.89512989,0.0
69312,1083,8716,7,-2.1247782707214355,0.24249260127544403,1082,0.0007,-0.02384929358959198,0.9770468473434448,150.0,-14.89512989,0.0
69376,1084,8717,7,-2.1083879470825195,3.6124954223632812,1083,0.0007,0.9164947271347046,0.6901612281799316,150.0,-14.89512989,0.0
69440,1085,8718,7,-2.124997138977051,1.4892549514770508,1084,0.0007,-2.10831356048584,0.9628919959068298,150.0,-14.89512989,0.0
69504,1086,8718,7,-2.1248788833618164,2.453707218170166,1085,0.0007,-0.29093441367149353,0.7727495431900024,150.0,-14.89512989,0.0
69568,1087,8719,7,-2.1148715019226074,2.8768699169158936,1086,0.0007,0.1595037877559662,0.7128807306289673,150.0,-14.89512989,0.0
69632,1088,8719,7,-2.111104965209961,2.2185146808624268,1087,0.0007,-2.4556527137756348,0.6494288444519043,150.0,-14.604015960000002,0.0
69696,1089,8720,7,-2.0799219608306885,0.9259463548660278,1088,0.0007,-1.1291735172271729,0.9807508587837219,150.0,-14.604015960000002,0.0
69760,1090,8721,7,-2.0855484008789062,0.6458574533462524,1089,0.0007,-1.121431589126587,0.9280310869216919,150.0,-14.604015960000002,0.0
69824,1091,8722,8,-2.117554187774658,5.1781697273254395,1090,0.0007,2.7691049575805664,0.7270227670669556,150.0,-14.604015960000002,0.0
69888,1092,8723,8,-2.1212544441223145,1.6520278453826904,1091,0.0007,0.8441358804702759,0.8320910334587097,150.0,-14.604015960000002,0.0
69952,1093,8724,8,-2.1185662746429443,1.6996800899505615,1092,0.0007,-0.5597242712974548,0.8595057725906372,150.0,-14.604015960000002,0.0
70016,1094,8725,8,-2.118807315826416,1.3810386657714844,1093,0.0007,0.5790039300918579,0.6124175786972046,150.0,-14.604015960000002,0.0
70080,1095,8726,8,-2.1247968673706055,2.76473069190979,1094,0.0007,0.4163331389427185,-0.7437646389007568,150.0,-14.604015960000002,0.0
70144,1096,8726,8,-2.124321460723877,0.6873737573623657,1095,0.0007,-0.48874080181121826,0.6966121196746826,150.0,-14.604015960000002,0.0
70208,1097,8726,8,-2.1171584129333496,0.4391593933105469,1096,0.0007,0.40872931480407715,0.6619299650192261,150.0,-14.34245967,0.0
70272,1098,8727,8,-2.117868661880493,0.7999535799026489,1097,0.0007,0.47885918617248535,0.942470908164978,150.0,-14.34245967,0.0
70336,1099,8727,8,-2.0587520599365234,0.6872860193252563,1098,0.0007,-0.6762721538543701,0.2828046679496765,150.0,-14.34245967,0.0
70400,1100,8727,8,-2.0904767513275146,1.4393492937088013,1099,0.0007,0.34924954175949097,0.30921077728271484,150.0,-14.34245967,0.0
70464,1101,8727,8,-2.1154122352600098,2.7012689113616943,1100,0.0007,1.0897444486618042,0.6302207708358765,150.0,-14.34245967,0.0
70528,1102,8728,8,-2.1192569732666016,0.31409043073654175,1101,0.0007,-0.5004020929336548,0.9612364768981934,150.0,-14.34245967,0.0
70592,1103,8729,8,-2.115622043609619,0.7623665928840637,1102,0.0007,0.01992097496986389,0.8881197571754456,150.0,-14.34245967,0.0
70656,1104,8729,8,-2.1009292602539062,2.764295816421509,1103,0.0007,1.3638207912445068,0.5052505731582642,150.0,-14.34245967,0.0
70720,1105,8730,8,-2.0957694053649902,1.5171347856521606,1104,0.0007,1.2700508832931519,0.8016774654388428,150.0,-14.34245967,0.0
70784,1106,8730,8,-2.099555492401123,1.7998179197311401,1105,0.0007,1.1164226531982422,-0.8343527317047119,150.0,-14.34245967,0.0
70848,1107,8731,8,-2.107696533203125,0.43185514211654663,1106,0.0007,0.6154681444168091,0.4718443751335144,150.0,-14.013478350000003,0.0
70912,1108,8731,8,-2.0361251831054688,0.482875794172287,1107,0.0007,-0.03378763794898987,0.9773781895637512,150.0,-14.013478350000003,0.0
70976,1109,8732,8,-2.0176141262054443,1.1312544345855713,1108,0.0007,-1.2687770128250122,0.8324360847473145,150.0,-14.013478350000003,0.0
71040,1110,8733,8,-2.0437045097351074,0.3532543182373047,1109,0.0007,-0.8550615310668945,0.9619405269622803,150.0,-14.013478350000003,0.0
71104,1111,8734,8,-2.079659938812256,5.307340621948242,1110,0.0007,2.200904607772827,0.3673679828643799,150.0,-14.013478350000003,0.0
71168,1112,8735,8,-2.0964980125427246,0.39932912588119507,1111,0.0007,-0.989867091178894,0.8608318567276001,150.0,-14.013478350000003,0.0
71232,1113,8735,8,-2.106070041656494,1.0506761074066162,1112,0.0007,-0.8502014875411987,0.18336743116378784,150.0,-14.013478350000003,0.0
71296,1114,8735,8,-2.1176609992980957,1.3111399412155151,1113,0.0007,0.0033252686262130737,-0.35699355602264404,150.0,-14.013478350000003,0.0
71360,1115,8735,8,-2.142681121826172,0.7895783185958862,1114,0.0007,-1.2754122018814087,-0.060819029808044434,150.0,-14.013478350000003,0.0
71424,1116,8736,8,-2.145775318145752,0.6663627624511719,1115,0.0007,-1.4258029460906982,-0.00023996829986572266,150.0,-14.337695540000002,0.0
71488,1117,8736,8,-2.085994243621826,0.26564547419548035,1116,0.0007,-0.5150488615036011,0.9906268119812012,150.0,-14.337695540000002,0.0
71552,1118,8737,8,-2.011748790740967,0.34426847100257874,1117,0.0007,0.1477353572845459,0.798043429851532,150.0,-14.337695540000002,0.0
71616,1119,8737,8,-2.031503677368164,1.7794809341430664,1118,0.0007,-0.9513187408447266,0.521317183971405,150.0,-14.337695540000002,0.0
71680,1120,8738,8,-2.059605598449707,1.7619268894195557,1119,0.0007,-2.1801443099975586,0.37524038553237915,150.0,-14.337695540000002,0.0
71744,1121,8739,8,-2.083437442779541,0.22715312242507935,1120,0.0007,-0.1927253156900406,-0.1454155445098877,150.0,-14.337695540000002,0.0
71808,1122,8739,8,-2.107590913772583,2.6671807765960693,1121,0.0007,1.8931026458740234,0.13885629177093506,150.0,-14.337695540000002,0.0
71872,1123,8740,8,-2.107438087463379,1.1521285772323608,1122,0.0007,-0.3855563998222351,-0.13842618465423584,150.0,-14.337695540000002,0.0
71936,1124,8741,8,-2.085007905960083,0.5189915895462036,1123,0.0007,-0.49469178915023804,0.029634714126586914,150.0,-14.337695540000002,0.0
72000,1125,8742,8,-2.0868396759033203,1.4430086612701416,1124,0.0007,-0.04266820102930069,0.027363598346710205,150.0,-14.743548210000002,0.0
72064,1126,8742,8,-2.053006172180176,0.909016489982605,1125,0.0007,-1.6198701858520508,0.17118191719055176,150.0,-14.743548210000002,0.0
72128,1127,8743,8,-2.0301520824432373,0.30593037605285645,1126,0.0007,-0.07607244700193405,0.8842570781707764,150.0,-14.743548210000002,0.0
72192,1128,8743,8,-2.0786654949188232,0.493764728307724,1127,0.0007,-0.5894978046417236,0.6165643930435181,150.0,-14.743548210000002,0.0
72256,1129,8744,8,-2.091231346130371,0.1270088106393814,1128,0.0007,0.049559324979782104,0.8758443593978882,150.0,-14.743548210000002,0.0
72320,1130,8744,8,-2.110574722290039,4.464029312133789,1129,0.0007,2.049419403076172,0.5175588130950928,150.0,-14.743548210000002,0.0
72384,1131,8745,8,-2.1236605644226074,0.4722623825073242,1130,0.0007,-0.05434703826904297,0.2930743098258972,150.0,-14.743548210000002,0.0
72448,1132,8745,8,-2.1301589012145996,2.8965048789978027,1131,0.0007,1.593860387802124,0.339224636554718,150.0,-14.743548210000002,0.0
72512,1133,8745,8,-2.125215530395508,3.8509249687194824,1132,0.0007,2.0384464263916016,0.13734197616577148,150.0,-14.743548210000002,0.0
72576,1134,8746,8,-2.1272175312042236,0.3158121705055237,1133,0.0007,0.03997378796339035,0.2322635054588318,150.0,-14.743548210000002,0.0
72640,1135,8746,8,-2.1436171531677246,1.6089593172073364,1134,0.0007,0.18891039490699768,0.043489277362823486,150.0,-14.676500099999998,0.0
72704,1136,8747,8,-2.051661491394043,0.3722635507583618,1135,0.0007,0.27416640520095825,0.9805232286453247,150.0,-14.676500099999998,0.0
72768,1137,8747,8,-2.0249552726745605,0.7852574586868286,1136,0.0007,0.32164430618286133,0.3210267424583435,150.0,-14.676500099999998,0.0
72832,1138,8748,8,-2.0383119583129883,0.6996071934700012,1137,0.0007,-0.9370497465133667,0.5929341316223145,150.0,-14.676500099999998,0.0
72896,1139,8748,8,-2.0754714012145996,0.9622649550437927,1138,0.0007,1.2624562978744507,0.713550329208374,150.0,-14.676500099999998,0.0
72960,1140,8749,8,-2.0735113620758057,5.903519630432129,1139,0.0007,3.407378911972046,-0.2287217378616333,150.0,-14.676500099999998,0.0
73024,1141,8750,8,-2.068694591522217,1.2987427711486816,1140,0.0007,0.7550983428955078,-0.26264166831970215,150.0,-14.676500099999998,0.0
73088,1142,8750,8,-2.066166639328003,0.5056727528572083,1141,0.0007,-0.7991964221000671,0.6971693634986877,150.0,-14.676500099999998,0.0
73152,1143,8751,8,-2.056828260421753,0.643641471862793,1142,0.0007,-1.0229672193527222,0.6716548204421997,150.0,-14.676500099999998,0.0
73216,1144,8752,8,-2.081132411956787,0.3958994150161743,1143,0.0007,-0.808249831199646,0.5449387431144714,150.0,-14.609903789999999,0.0
73280,1145,8752,8,-2.0511679649353027,0.1506708562374115,1144,0.0007,-0.47039082646369934,0.9945299029350281,150.0,-14.609903789999999,0.0
73344,1146,8752,8,-1.9830492734909058,1.2244516611099243,1145,0.0007,-0.9208070039749146,0.725975751876831,150.0,-14.609903789999999,0.0
73408,1147,8752,8,-2.009115219116211,2.6516265869140625,1146,0.0007,2.018442153930664,-0.6228002309799194,150.0,-14.609903789999999,0.0
73472,1148,8750,8,-2.035975217819214,1.2628681659698486,1147,0.0007,0.5752168297767639,0.3683618903160095,150.0,-14.609903789999999,0.0
73536,1149,8747,8,-2.030550241470337,1.4240248203277588,1148,0.0007,0.4344412684440613,0.33481669425964355,150.0,-14.609903789999999,0.0
73600,1150,8746,8,-2.060758113861084,1.41792631149292,1149,0.0007,-0.49364373087882996,0.105166494846344,150.0,-14.609903789999999,0.0
73664,1151,8746,8,-2.0700910091400146,0.6786121726036072,1150,0.0007,-1.3175990581512451,0.20781958103179932,150.0,-14.609903789999999,0.0
73728,1152,8745,8,-2.0726613998413086,2.324221611022949,1151,0.0007,0.7468094825744629,0.03519845008850098,150.0,-14.609903789999999,0.0
73792,1153,8744,8,-2.0784270763397217,1.623414158821106,1152,0.0007,0.5416595935821533,0.11112058162689209,150.0,-14.609903789999999,0.0
73856,1154,8740,8,-2.104198932647705,0.10112433135509491,1153,0.0007,-0.3773013949394226,-0.008966207504272461,150.0,-14.704570719999998,0.0
73920,1155,8739,8,-1.9875785112380981,0.2449481040239334,1154,0.0007,-0.07269054651260376,0.9740130305290222,150.0,-14.704570719999998,0.0
73984,1156,8739,8,-2.0165348052978516,1.1879582405090332,1155,0.0007,1.2798720598220825,0.5406152009963989,150.0,-14.704570719999998,0.0
74048,1157,8735,8,-2.0416088104248047,0.6515446305274963,1156,0.0007,-0.30577003955841064,0.8033919334411621,150.0,-14.704570719999998,0.0
74112,1158,8728,8,-2.0767056941986084,1.922544240951538,1157,0.0007,0.730458676815033,-0.08574819564819336,150.0,-14.704570719999998,0.0
74176,1159,8723,8,-2.097395896911621,1.7876851558685303,1158,0.0007,1.328027606010437,0.5104283094406128,150.0,-14.704570719999998,0.0
74240,1160,8721,8,-2.1096091270446777,0.7986754179000854,1159,0.0007,0.04987719655036926,0.6276481747627258,150.0,-14.704570719999998,0.0
74304,1161,8719,8,-2.11198091506958,0.7919725775718689,1160,0.0007,-1.3842592239379883,-0.19859862327575684,150.0,-14.704570719999998,0.0
74368,1162,8719,8,-2.111663341522217,1.2674412727355957,1161,0.0007,-1.5218768119812012,0.1082068681716919,150.0,-14.704570719999998,0.0
74432,1163,8718,8,-2.1031718254089355,3.962425708770752,1162,0.0007,0.8755789995193481,0.07854288816452026,150.0,-14.785659090000001,0.0
74496,1164,8718,8,-2.065598249435425,0.3949665427207947,1163,0.0007,0.30616122484207153,0.9880081415176392,150.0,-14.785659090000001,0.0
74560,1165,8718,8,-2.045917510986328,1.282099723815918,1164,0.0007,1.8275032043457031,0.5391408205032349,150.0,-14.785659090000001,0.0
74624,1166,8718,8,-2.054584264755249,2.1611101627349854,1165,0.0007,2.368709087371826,0.5911561250686646,150.0,-14.785659090000001,0.0
74688,1167,8716,8,-2.0691962242126465,0.5011317729949951,1166,0.0007,0.5094723701477051,0.8299984931945801,150.0,-14.785659090000001,0.0
74752,1168,8716,8,-2.0845227241516113,1.0359622240066528,1167,0.0007,-1.7104179859161377,0.93705815076828,150.0,-14.785659090000001,0.0
74816,1169,8716,8,-2.093580961227417,1.3522255420684814,1168,0.0007,-0.9853838086128235,0.8315238952636719,150.0,-14.785659090000001,0.0
74880,1170,8715,8,-2.1085662841796875,1.0685803890228271,1169,0.0007,-0.22229722142219543,0.845483124256134,150.0,-14.785659090000001,0.0
74944,1171,8715,8,-2.0788958072662354,1.7908310890197754,1170,0.0007,-1.4012277126312256,0.16330254077911377,150.0,-14.785659090000001,0.0
75008,1172,8709,8,-2.054422616958618,0.9975875020027161,1171,0.0007,-0.6584547162055969,0.339283287525177,150.0,-14.722128500000004,0.0
75072,1173,8709,8,-2.052743673324585,2.4553425312042236,1172,0.0007,1.5318551063537598,0.8481928706169128,150.0,-14.722128500000004,0.0
75136,1174,8708,8,-2.0168018341064453,1.5190423727035522,1173,0.0007,-1.6132233142852783,0.42792952060699463,150.0,-14.722128500000004,0.0
75200,1175,8709,8,-2.048703670501709,1.7862881422042847,1174,0.0007,0.513373851776123,0.5967023372650146,150.0,-14.722128500000004,0.0
75264,1176,8708,8,-2.0956127643585205,2.747466802597046,1175,0.0007,0.7200210690498352,0.7935492992401123,150.0,-14.722128500000004,0.0
75328,1177,8707,8,-2.0933613777160645,0.9806478023529053,1176,0.0007,0.07879092544317245,0.9073718786239624,150.0,-14.722128500000004,0.0
75392,1178,8704,8,-2.102081537246704,2.8117971420288086,1177,0.0007,2.1231141090393066,0.8839437961578369,150.0,-14.722128500000004,0.0
75456,1179,8703,8,-2.1058096885681152,3.311899185180664,1178,0.0007,-0.6771166324615479,0.6752273440361023,150.0,-14.722128500000004,0.0
75520,1180,8703,8,-2.120551347732544,2.205238103866577,1179,0.0007,-0.005291953682899475,-0.4997596740722656,150.0,-14.722128500000004,0.0
75584,1181,8703,8,-2.129237174987793,0.39869797229766846,1180,0.0007,0.6819586157798767,-0.5625423192977905,150.0,-14.722128500000004,0.0
75648,1182,8703,8,-2.140249013900757,0.3585852384567261,1181,0.0007,0.6402022242546082,-0.2156280279159546,150.0,-14.49307594,0.0
75712,1183,8702,8,-2.0696678161621094,0.9698653817176819,1182,0.0007,0.47485846281051636,0.9742020964622498,150.0,-14.49307594,0.0
75776,1184,8703,8,-2.0523810386657715,0.7854236960411072,1183,0.0007,0.014266759157180786,0.8266174793243408,150.0,-14.49307594,0.0
75840,1185,8702,8,-2.0710928440093994,1.0678350925445557,1184,0.0007,0.20468057692050934,0.9130620360374451,150.0,-14.49307594,0.0
75904,1186,8702,8,-2.0693352222442627,0.3277815580368042,1185,0.0007,0.33057305216789246,0.9827735424041748,150.0,-14.49307594,0.0
75968,1187,8700,8,-2.072495222091675,6.025638103485107,1186,0.0007,0.8492584228515625,0.7391477823257446,150.0,-14.49307594,0.0
76032,1188,8701,8,-2.0909974575042725,4.786809921264648,1187,0.0007,-2.4464194774627686,0.8837396502494812,150.0,-14.49307594,0.0
76096,1189,8701,8,-2.108311653137207,4.522496700286865,1188,0.0007,-3.5374584197998047,0.9375122785568237,150.0,-14.49307594,0.0
76160,1190,8701,8,-2.1031031608581543,1.088871717453003,1189,0.0007,-1.4606263637542725,0.9760059714317322,150.0,-14.49307594,0.0
76224,1191,8702,8,-2.1220083236694336,0.46269840002059937,1190,0.0007,-0.7646607160568237,0.9775059819221497,150.0,-14.332248199999999,0.0
76288,1192,8702,8,-2.0822129249572754,0.14809946715831757,1191,0.0007,-0.5265030264854431,0.998069703578949,150.0,-14.332248199999999,0.0
76352,1193,8703,8,-2.0179929733276367,0.7848858833312988,1192,0.0007,-0.6212964057922363,0.8665775656700134,150.0,-14.332248199999999,0.0
76416,1194,8703,8,-2.0715222358703613,1.011504054069519,1193,0.0007,-1.4749656915664673,0.9411652088165283,150.0,-14.332248199999999,0.0
76480,1195,8704,8,-2.094468116760254,0.12467635422945023,1194,0.0007,-0.6371909976005554,0.9964336156845093,150.0,-14.332248199999999,0.0
76544,1196,8705,8,-2.1064743995666504,0.2858857214450836,1195,0.0007,0.9036310315132141,0.9798838496208191,150.0,-14.332248199999999,0.0
76608,1197,8706,8,-2.102452039718628,1.5660529136657715,1196,0.0007,1.1209697723388672,0.8278079032897949,150.0,-14.332248199999999,0.0
76672,1198,8706,8,-2.099088191986084,3.5235953330993652,1197,0.0007,2.066126823425293,0.7833759188652039,150.0,-14.332248199999999,0.0
76736,1199,8707,8,-2.1100432872772217,0.42971107363700867,1198,0.0007,-0.7027696371078491,0.9553277492523193,150.0,-14.332248199999999,0.0
76800,1200,8707,8,-2.129843235015869,1.2940611839294434,1199,0.0007,0.7968995571136475,0.6099064350128174,150.0,-14.0542931,0.0
76864,1201,8707,8,-2.1456079483032227,0.9744257926940918,1200,0.0007,0.8282073736190796,0.6319915056228638,150.0,-14.0542931,0.0
76928,1202,8707,8,-2.035210609436035,0.4578470289707184,1201,0.0007,-1.0830252170562744,0.7856513261795044,150.0,-14.0542931,0.0
76992,1203,8708,8,-2.0765628814697266,5.591644287109375,1202,0.0007,3.1302952766418457,0.24237334728240967,150.0,-14.0542931,0.0
77056,1204,8708,8,-2.094306707382202,0.45075783133506775,1203,0.0007,0.29834550619125366,0.8203762769699097,150.0,-14.0542931,0.0
77120,1205,8708,8,-2.0888500213623047,5.455224514007568,1204,0.0007,2.3454198837280273,0.2469639778137207,150.0,-14.0542931,0.0
77184,1206,8709,8,-2.1029155254364014,3.7914981842041016,1205,0.0007,1.1742653846740723,-1.1670634746551514,150.0,-14.0542931,0.0
77248,1207,8710,8,-2.092715263366699,2.1660006046295166,1206,0.0007,-1.7785074710845947,0.5418167114257812,150.0,-14.0542931,0.0
77312,1208,8710,8,-2.106689214706421,1.3564025163650513,1207,0.0007,-1.9733290672302246,0.7218666076660156,150.0,-14.0542931,0.0
77376,1209,8711,8,-2.1152472496032715,0.4969182014465332,1208,0.0007,-0.5854199528694153,0.7841570377349854,150.0,-14.0542931,0.0
77440,1210,8711,8,-2.1226391792297363,0.5873950719833374,1209,0.0007,-1.1012775897979736,0.4857550859451294,150.0,-13.87728003,0.0
77504,1211,8712,8,-2.0682077407836914,0.2976648211479187,1210,0.0007,-0.34756654500961304,0.9925469160079956,150.0,-13.87728003,0.0
77568,1212,8712,8,-2.0890369415283203,0.6979672908782959,1211,0.0007,-0.9716179370880127,0.5231267809867859,150.0,-13.87728003,0.0
77632,1213,8713,8,-2.10937237739563,0.8617585897445679,1212,0.0007,0.6395170092582703,0.3273361921310425,150.0,-13.87728003,0.0
77696,1214,8713,8,-2.0989348888397217,1.6125000715255737,1213,0.0007,0.8459298610687256,-1.2085189819335938,150.0,-13.87728003,0.0
77760,1215,8713,8,-2.1154367923736572,1.008765697479248,1214,0.0007,0.5686443448066711,0.579565167427063,150.0,-13.87728003,0.0
77824,1216,8713,8,-2.110048294067383,1.3952034711837769,1215,0.0007,0.01934705674648285,-0.22530555725097656,150.0,-13.87728003,0.0
77888,1217,8675,8,-2.1236279010772705,0.6045188307762146,1216,0.0007,-1.13629150390625,0.712090015411377,150.0,-13.87728003,0.0
77952,1218,8670,8,-2.1360747814178467,1.1584364175796509,1217,0.0007,-1.5461130142211914,0.589174747467041,150.0,-13.87728003,0.0
78016,1219,8665,9,-2.1351141929626465,1.4041322469711304,1218,0.0007,-1.86027991771698,0.516521692276001,150.0,-14.28118901,0.0
78080,1220,8663,9,-2.106876850128174,0.683859646320343,1219,0.0007,-1.0088984966278076,0.9817365407943726,150.0,-14.28118901,0.0
78144,1221,8648,9,-2.049931526184082,1.9686779975891113,1220,0.0007,0.2936179041862488,0.3936425447463989,150.0,-14.28118901,0.0
78208,1222,8637,9,-2.0746469497680664,1.6286191940307617,1221,0.0007,-0.25826627016067505,0.764177680015564,150.0,-14.28118901,0.0
78272,1223,8625,9,-2.1029741764068604,0.30251452326774597,1222,0.0007,-0.6612757444381714,0.9765375852584839,150.0,-14.28118901,0.0
78336,1224,8455,9,-2.1049230098724365,4.002574920654297,1223,0.0007,1.197239637374878,0.6866505146026611,150.0,-14.28118901,0.0
78400,1225,8454,9,-2.1363296508789062,0.6268479824066162,1224,0.0007,-0.3997488021850586,0.9472254514694214,150.0,-14.28118901,0.0
78464,1226,8451,9,-2.14057993888855,1.0321528911590576,1225,0.0007,0.793780505657196,0.9174987077713013,150.0,-14.28118901,0.0
78528,1227,8448,9,-2.140071153640747,0.48782649636268616,1226,0.0007,0.4037569761276245,0.9344226121902466,150.0,-14.28118901,0.0
78592,1228,8447,9,-2.121283769607544,5.888538360595703,1227,0.0007,2.576443910598755,-0.31128621101379395,150.0,-14.28118901,0.0
78656,1229,8446,9,-2.1214137077331543,2.2556536197662354,1228,0.0007,0.9441206455230713,0.13346749544143677,150.0,-13.72723278,0.0
78720,1230,8447,9,-2.0063858032226562,0.20147469639778137,1229,0.0007,0.49299415946006775,0.9904385805130005,150.0,-13.72723278,0.0
78784,1231,8445,9,-2.0182876586914062,4.371125221252441,1230,0.0007,-0.6155807971954346,0.6270252466201782,150.0,-13.72723278,0.0
78848,1232,8444,9,-2.0520381927490234,1.6757898330688477,1231,0.0007,-1.394545555114746,0.9439578652381897,150.0,-13.72723278,0.0
78912,1233,8443,9,-2.0961198806762695,1.5524873733520508,1232,0.0007,0.6037037372589111,0.9452799558639526,150.0,-13.72723278,0.0
78976,1234,8443,9,-2.0981619358062744,1.593414306640625,1233,0.0007,0.13095501065254211,0.9486080408096313,150.0,-13.72723278,0.0
79040,1235,8443,9,-2.115610122680664,0.9645882844924927,1234,0.0007,-0.756058394908905,0.9756740927696228,150.0,-13.72723278,0.0
79104,1236,8442,9,-2.1307566165924072,0.21076995134353638,1235,0.0007,-0.2925965487957001,0.9940629005432129,150.0,-13.72723278,0.0
79168,1237,8441,9,-2.1524548530578613,0.4904177784919739,1236,0.0007,-0.6450989246368408,0.9875370264053345,150.0,-13.72723278,0.0
79232,1238,8439,9,-2.1430726051330566,0.3567327558994293,1237,0.0007,-0.8852921724319458,0.9926843047142029,150.0,-13.782894220000001,0.01
79296,1239,8439,9,-2.073546886444092,2.796213150024414,1238,0.0007,0.16098405420780182,0.936580240726471,150.0,-13.782894220000001,0.01
79360,1240,8439,9,-2.078829526901245,4.421326637268066,1239,0.0007,-1.537415862083435,0.2769104838371277,150.0,-13.782894220000001,0.01
79424,1241,8438,9,-2.118473768234253,1.4413697719573975,1240,0.0007,-0.48204323649406433,0.34737783670425415,150.0,-13.782894220000001,0.01
79488,1242,8437,9,-2.1250040531158447,1.748092770576477,1241,0.0007,0.894477128982544,-0.6554205417633057,150.0,-13.782894220000001,0.01
79552,1243,8435,9,-2.1336636543273926,0.6831428408622742,1242,0.0007,-0.4920245110988617,0.424859881401062,150.0,-13.782894220000001,0.01
79616,1244,8433,9,-2.1365981101989746,4.908840656280518,1243,0.0007,3.3087306022644043,0.08003222942352295,150.0,-13.782894220000001,0.01
79680,1245,8430,9,-2.1365513801574707,0.6732412576675415,1244,0.0007,-0.21677100658416748,0.18082880973815918,150.0,-13.782894220000001,0.01
79744,1246,8428,9,-2.1299030780792236,0.4716200828552246,1245,0.0007,-0.129110187292099,0.22368812561035156,150.0,-13.782894220000001,0.01
79808,1247,8425,9,-2.139633893966675,1.0687726736068726,1246,0.0007,-0.6886705160140991,0.34722018241882324,150.0,-13.762293850000002,0.01
79872,1248,8425,9,-2.125013828277588,0.8126420974731445,1247,0.0007,-0.8066412210464478,0.9684514403343201,150.0,-13.762293850000002,0.01
79936,1249,8424,9,-2.03273344039917,1.6011431217193604,1248,0.0007,0.9388108849525452,0.603161096572876,150.0,-13.762293850000002,0.01
80000,1250,8398,9,-2.0817878246307373,1.4033141136169434,1249,0.0007,-1.5347001552581787,0.8572072982788086,150.0,-13.762293850000002,0.01
80064,1251,8396,9,-2.1129531860351562,2.02384877204895,1250,0.0007,0.4670116901397705,0.7953704595565796,150.0,-13.762293850000002,0.01
80128,1252,8388,9,-2.1109650135040283,0.7970917224884033,1251,0.0007,-1.5087614059448242,0.9670894145965576,150.0,-13.762293850000002,0.01
80192,1253,8379,9,-2.115424156188965,0.6008753180503845,1252,0.0007,-0.34058499336242676,0.8970781564712524,150.0,-13.762293850000002,0.01
80256,1254,8376,9,-2.1204776763916016,2.3339874744415283,1253,0.0007,0.772216796875,-1.6610965728759766,150.0,-13.762293850000002,0.01
80320,1255,8372,9,-2.1302146911621094,2.007077693939209,1254,0.0007,0.5529454350471497,0.4741630554199219,150.0,-13.762293850000002,0.01
80384,1256,8369,9,-2.108513832092285,1.3584078550338745,1255,0.0007,-0.32522866129875183,0.5414245128631592,150.0,-13.762293850000002,0.01
80448,1257,8365,9,-2.1365675926208496,1.3948776721954346,1256,0.0007,0.927453339099884,-0.10042977333068848,150.0,-14.00459917,0.01
80512,1258,8361,9,-2.065965175628662,0.6346886157989502,1257,0.0007,-0.20680981874465942,0.9667067527770996,150.0,-14.00459917,0.01
80576,1259,8355,9,-2.0669569969177246,2.9057493209838867,1258,0.0007,1.1951428651809692,-0.06710481643676758,150.0,-14.00459917,0.01
80640,1260,8352,9,-2.111257553100586,0.34850072860717773,1259,0.0007,-0.5698431730270386,0.8872010707855225,150.0,-14.00459917,0.01
80704,1261,8322,9,-2.1350064277648926,2.207186460494995,1260,0.0007,2.3953771591186523,0.40583646297454834,150.0,-14.00459917,0.01
80768,1262,8316,9,-2.121347427368164,0.9703333377838135,1261,0.0007,0.9661461114883423,0.7927327156066895,150.0,-14.00459917,0.01
80832,1263,8312,9,-2.1182429790496826,1.7877659797668457,1262,0.0007,1.1306307315826416,0.8134320378303528,150.0,-14.00459917,0.01
80896,1264,8307,9,-2.1187853813171387,0.5789831876754761,1263,0.0007,-0.9584614038467407,0.9575919508934021,150.0,-14.00459917,0.01
80960,1265,8306,9,-2.1190900802612305,0.5597407221794128,1264,0.0007,-0.30251142382621765,0.9221255779266357,150.0,-14.00459917,0.01
81024,1266,8305,9,-2.1381516456604004,0.8005173206329346,1265,0.0007,-0.5321497917175293,0.37805068492889404,150.0,-13.932380929999999,0.01
81088,1267,8304,9,-2.1030197143554688,0.40475916862487793,1266,0.0007,-0.801008939743042,0.9914884567260742,150.0,-13.932380929999999,0.01
81152,1268,8303,9,-2.0548171997070312,1.9852474927902222,1267,0.0007,-1.3540133237838745,0.8570243716239929,150.0,-13.932380929999999,0.01
81216,1269,8301,9,-2.1042261123657227,0.4126172363758087,1268,0.0007,0.8733440637588501,0.9757265448570251,150.0,-13.932380929999999,0.01
81280,1270,8301,9,-2.1139185428619385,2.610419750213623,1269,0.0007,1.9372848272323608,0.8985955119132996,150.0,-13.932380929999999,0.01
81344,1271,8299,9,-2.1266679763793945,1.1062111854553223,1270,0.0007,1.4353342056274414,0.9573418498039246,150.0,-13.932380929999999,0.01
81408,1272,8297,9,-2.1435625553131104,1.4878464937210083,1271,0.0007,1.3355411291122437,0.9332458972930908,150.0,-13.932380929999999,0.01
81472,1273,8293,9,-2.1446831226348877,0.6874985694885254,1272,0.0007,0.2571130394935608,0.9035657644271851,150.0,-13.932380929999999,0.01
81536,1274,8290,9,-2.135610818862915,2.0790133476257324,1273,0.0007,-1.786841630935669,-0.05200350284576416,150.0,-13.932380929999999,0.01
81600,1275,8281,9,-2.143592119216919,1.4863548278808594,1274,0.0007,-1.3642642498016357,-0.3848303556442261,150.0,-14.45589,0.01
81664,1276,8278,9,-2.1569550037384033,1.4747523069381714,1275,0.0007,-0.20049899816513062,-0.12582826614379883,150.0,-14.45589,0.01
81728,1277,8267,9,-2.002593994140625,0.8514431118965149,1276,0.0007,-0.36671188473701477,0.6238584518432617,150.0,-14.45589,0.01
81792,1278,8263,9,-2.02504301071167,1.536381483078003,1277,0.0007,1.1343203783035278,0.5698055624961853,150.0,-14.45589,0.01
81856,1279,8259,9,-2.064718246459961,2.3582444190979004,1278,0.0007,1.687889575958252,0.6869760751724243,150.0,-14.45589,0.01
81920,1280,8256,9,-2.099837303161621,2.310117721557617,1279,0.0007,1.2684866189956665,0.6628841161727905,150.0,-14.45589,0.01
81984,1281,8246,9,-2.1098482608795166,0.9429315328598022,1280,0.0007,-0.6763340830802917,0.8341434597969055,150.0,-14.45589,0.01
82048,1282,8236,9,-2.0977425575256348,0.48773497343063354,1281,0.0007,-0.140021413564682,0.832058310508728,150.0,-14.45589,0.01
82112,1283,8230,9,-2.1063241958618164,0.6526491641998291,1282,0.0007,-1.1972854137420654,0.7771543264389038,150.0,-14.45589,0.01
82176,1284,8226,9,-2.1221516132354736,0.35762298107147217,1283,0.0007,-0.22826002538204193,0.6470129489898682,150.0,-14.45589,0.01
82240,1285,8224,9,-2.1438865661621094,0.5005661249160767,1284,0.0007,-0.9587527513504028,0.4962642788887024,150.0,-14.19705095,0.01
82304,1286,8222,10,-2.0733695030212402,0.3060838580131531,1285,0.0007,-0.6529510021209717,0.9927934408187866,150.0,-14.19705095,0.01
82368,1287,8220,10,-2.062570810317993,0.9446998238563538,1286,0.0007,-0.6435572504997253,0.8230959177017212,150.0,-14.19705095,0.01
82432,1288,8216,10,-2.078726053237915,1.0749897956848145,1287,0.0007,0.06067073345184326,0.7891842126846313,150.0,-14.19705095,0.01
82496,1289,8214,10,-2.0804078578948975,0.637954592704773,1288,0.0007,-0.7361102104187012,0.8739407062530518,150.0,-14.19705095,0.01
82560,1290,8207,10,-2.0995259284973145,5.803840160369873,1289,0.0007,2.841341495513916,-0.012648820877075195,150.0,-14.19705095,0.01
82624,1291,8204,10,-2.112889528274536,0.5066335797309875,1290,0.0007,-0.6272189617156982,0.02551966905593872,150.0,-14.19705095,0.01
82688,1292,8201,10,-2.1258487701416016,0.9217588901519775,1291,0.0007,-1.662475347518921,-0.36920905113220215,150.0,-14.19705095,0.01
82752,1293,8195,10,-2.1225924491882324,1.0590741634368896,1292,0.0007,0.6404948234558105,-0.04786801338195801,150.0,-14.19705095,0.01
82816,1294,8188,10,-2.1339809894561768,1.2177350521087646,1293,0.0007,0.6757350564002991,-0.018543481826782227,150.0,-14.143625299999998,0.01
82880,1295,8181,10,-2.1064975261688232,4.002725124359131,1294,0.0007,1.5657914876937866,0.7684584856033325,150.0,-14.143625299999998,0.01
82944,1296,8177,10,-2.000666856765747,2.2779159545898438,1295,0.0007,0.7738586664199829,0.09647727012634277,150.0,-14.143625299999998,0.01
83008,1297,8173,10,-2.0433149337768555,0.9553232789039612,1296,0.0007,0.07269105315208435,0.7203966975212097,150.0,-14.143625299999998,0.01
83072,1298,8171,10,-2.057175874710083,1.0039597749710083,1297,0.0007,-0.7810965776443481,0.6506938934326172,150.0,-14.143625299999998,0.01
83136,1299,8170,10,-2.072793960571289,2.5616469383239746,1298,0.0007,2.3842530250549316,0.3997218608856201,150.0,-14.143625299999998,0.01
83200,1300,8169,10,-2.0928144454956055,0.8886712193489075,1299,0.0007,0.012969046831130981,-1.700934648513794,150.0,-14.143625299999998,0.01
83264,1301,8167,10,-2.102395534515381,1.5455716848373413,1300,0.0007,0.6850663423538208,0.058210790157318115,150.0,-14.143625299999998,0.01
83328,1302,8165,10,-2.0880990028381348,0.5486478805541992,1301,0.0007,-0.05761668086051941,0.2603439688682556,150.0,-14.143625299999998,0.01
83392,1303,8164,10,-2.060807466506958,0.48870033025741577,1302,0.0007,0.5091242790222168,0.32578182220458984,150.0,-14.143625299999998,0.01
83456,1304,8161,10,-2.079585075378418,0.21264776587486267,1303,0.0007,-0.11493902653455734,0.2823410630226135,150.0,-14.354711800000004,0.01
83520,1305,8157,10,-2.0229814052581787,1.1199951171875,1304,0.0007,0.14722879230976105,0.9038167595863342,150.0,-14.354711800000004,0.01
83584,1306,8156,10,-2.071077823638916,1.28050696849823,1305,0.0007,0.6718316078186035,0.6757411956787109,150.0,-14.354711800000004,0.01
83648,1307,8155,10,-2.0837714672088623,1.1181038618087769,1306,0.0007,-0.5010745525360107,0.8932729363441467,150.0,-14.354711800000004,0.01
83712,1308,8153,10,-2.101661443710327,3.7021007537841797,1307,0.0007,2.303396701812744,0.8920036554336548,150.0,-14.354711800000004,0.01
83776,1309,8152,10,-2.112764596939087,0.8628363609313965,1308,0.0007,-0.12191738933324814,0.9203794002532959,150.0,-14.354711800000004,0.01
83840,1310,8151,10,-2.108135223388672,3.5937581062316895,1309,0.0007,2.416747808456421,0.660588264465332,150.0,-14.354711800000004,0.01
83904,1311,8150,10,-2.117882013320923,0.525586724281311,1310,0.0007,0.009943246841430664,0.8294700980186462,150.0,-14.354711800000004,0.01
83968,1312,8150,10,-2.123617172241211,2.959280252456665,1311,0.0007,1.4170958995819092,0.7238725423812866,150.0,-14.354711800000004,0.01
84032,1313,8148,10,-2.1271934509277344,1.1473398208618164,1312,0.0007,-1.7194104194641113,0.8089396953582764,150.0,-14.155583730000004,0.01
84096,1314,8147,10,-2.0701191425323486,0.29526031017303467,1313,0.0007,0.09974031895399094,0.9893682599067688,150.0,-14.155583730000004,0.01
84160,1315,8145,10,-2.0213327407836914,1.1425894498825073,1314,0.0007,-0.5869617462158203,0.6088664531707764,150.0,-14.155583730000004,0.01
84224,1316,8143,10,-2.0322442054748535,6.199492454528809,1315,0.0007,1.8278226852416992,0.23896992206573486,150.0,-14.155583730000004,0.01
84288,1317,8140,10,-2.0642433166503906,1.659947395324707,1316,0.0007,0.9257047772407532,0.8285709023475647,150.0,-14.155583730000004,0.01
84352,1318,8137,10,-2.0807368755340576,0.30923226475715637,1317,0.0007,0.16874827444553375,0.967927098274231,150.0,-14.155583730000004,0.01
84416,1319,8091,10,-2.0699667930603027,2.476490020751953,1318,0.0007,1.4786434173583984,0.7412475347518921,150.0,-14.155583730000004,0.01
84480,1320,8079,10,-2.0798375606536865,3.175170660018921,1319,0.0007,1.7482879161834717,0.6631748676300049,150.0,-14.155583730000004,0.01
84544,1321,8071,10,-2.0958704948425293,0.7953910827636719,1320,0.0007,-0.2969599962234497,0.9035162925720215,150.0,-14.155583730000004,0.01
84608,1322,8067,10,-2.12322998046875,0.5464074015617371,1321,0.0007,-0.6255443096160889,0.9260126352310181,150.0,-14.108097930000001,0.01
84672,1323,8065,10,-2.119882106781006,1.2274022102355957,1322,0.0007,0.18291443586349487,0.9412767291069031,150.0,-14.108097930000001,0.01
84736,1324,8056,10,-2.0097928047180176,1.249076247215271,1323,0.0007,-1.6408593654632568,0.49018311500549316,150.0,-14.108097930000001,0.01
84800,1325,8021,10,-2.0449726581573486,0.36024898290634155,1324,0.0007,-0.16050423681735992,0.794500470161438,150.0,-14.108097930000001,0.01
84864,1326,8014,10,-2.0677154064178467,1.5197765827178955,1325,0.0007,-0.9575315713882446,0.522949755191803,150.0,-14.108097930000001,0.01
84928,1327,8006,10,-2.0768284797668457,1.790808916091919,1326,0.0007,0.8113217353820801,0.5845910310745239,150.0,-14.108097930000001,0.01
84992,1328,8003,10,-2.092247486114502,0.2930715084075928,1327,0.0007,-0.36356911063194275,0.9417242407798767,150.0,-14.108097930000001,0.01
85056,1329,7998,10,-2.112044334411621,5.3157243728637695,1328,0.0007,1.5067477226257324,0.2760942578315735,150.0,-14.108097930000001,0.01
85120,1330,7995,10,-2.105377674102783,2.681222915649414,1329,0.0007,0.16418448090553284,-0.09877312183380127,150.0,-14.108097930000001,0.01
85184,1331,7989,10,-2.0989577770233154,2.429445266723633,1330,0.0007,-0.12833204865455627,0.13054996728897095,150.0,-14.108097930000001,0.01
85248,1332,7983,10,-2.1051459312438965,0.9784140586853027,1331,0.0007,-1.2550907135009766,0.48496997356414795,150.0,-14.246470880000004,0.01
85312,1333,7980,10,-1.9859645366668701,0.5170719623565674,1332,0.0007,-0.13107676804065704,0.9784550666809082,150.0,-14.246470880000004,0.01
85376,1334,7976,10,-1.9459997415542603,0.35638123750686646,1333,0.0007,-0.24539296329021454,0.8704280853271484,150.0,-14.246470880000004,0.01
85440,1335,7975,10,-2.00701904296875,0.8644528388977051,1334,0.0007,0.9511452317237854,0.6877115964889526,150.0,-14.246470880000004,0.01
85504,1336,7972,10,-1.9896948337554932,1.3843085765838623,1335,0.0007,-0.5154635310173035,0.7781168222427368,150.0,-14.246470880000004,0.01
85568,1337,7967,10,-2.046807289123535,0.8697481751441956,1336,0.0007,-1.366900086402893,0.9248695373535156,150.0,-14.246470880000004,0.01
85632,1338,7958,10,-2.0763070583343506,0.4657360315322876,1337,0.0007,-0.5682581663131714,0.8160366415977478,150.0,-14.246470880000004,0.01
85696,1339,7941,10,-2.0738847255706787,0.40027374029159546,1338,0.0007,-0.5226559638977051,0.7368700504302979,150.0,-14.246470880000004,0.01
85760,1340,7909,10,-2.0929665565490723,0.2024158090353012,1339,0.0007,-0.09658841043710709,0.6603827476501465,150.0,-14.246470880000004,0.01
85824,1341,7874,10,-2.073643684387207,0.11237230896949768,1340,0.0007,-0.48005378246307373,0.4519476890563965,150.0,-14.586298359999999,0.01
85888,1342,7840,10,-2.021667242050171,0.11782573163509369,1341,0.0007,-0.4300944209098816,0.9969905614852905,150.0,-14.586298359999999,0.01
85952,1343,7818,10,-1.94925057888031,0.572799801826477,1342,0.0007,-0.5424586534500122,0.8151329159736633,150.0,-14.586298359999999,0.01
86016,1344,7806,11,-1.964933156967163,6.813418865203857,1343,0.0007,1.5029892921447754,0.20024007558822632,150.0,-14.586298359999999,0.01
86080,1345,7742,11,-1.9696474075317383,0.40235772728919983,1344,0.0007,-0.608948826789856,0.9170676469802856,150.0,-14.586298359999999,0.01
86144,1346,7716,11,-1.9889068603515625,0.3300080895423889,1345,0.0007,-0.6086419820785522,0.9146867990493774,150.0,-14.586298359999999,0.01
86208,1347,7697,11,-2.0198488235473633,0.09303702414035797,1346,0.0007,0.11003690958023071,0.9407818913459778,150.0,-14.586298359999999,0.01
86272,1348,7672,11,-2.032581329345703,0.40458008646965027,1347,0.0007,-0.2404523491859436,0.8606983423233032,150.0,-14.586298359999999,0.01
86336,1349,7581,11,-2.039633274078369,1.1717751026153564,1348,0.0007,1.1570391654968262,0.3154063820838928,150.0,-14.586298359999999,0.01
86400,1350,7459,11,-2.066546678543091,0.7932976484298706,1349,0.0007,0.3873717188835144,0.24818968772888184,150.0,-14.317110819999998,0.01
86464,1351,6716,12,-2.0704047679901123,0.9931841492652893,1350,0.0007,0.38022488355636597,0.2808583378791809,150.0,-14.317110819999998,0.01
86528,1352,6176,14,-1.9256763458251953,0.5330920219421387,1351,0.0007,0.45448604226112366,0.3184245228767395,150.0,-14.317110819999998,0.01
86592,1353,6109,14,-1.9674745798110962,0.40897318720817566,1352,0.0007,0.16762137413024902,0.473646342754364,150.0,-14.317110819999998,0.01
86656,1354,6111,14,-1.973931074142456,3.508448600769043,1353,0.0007,2.953758716583252,0.57328861951828,150.0,-14.317110819999998,0.01
86720,1355,6094,14,-1.9934115409851074,3.719510316848755,1354,0.0007,1.2443902492523193,0.5632370710372925,150.0,-14.317110819999998,0.01
86784,1356,6071,14,-2.053201675415039,2.7573280334472656,1355,0.0007,1.4628384113311768,0.5272421836853027,150.0,-14.317110819999998,0.01
86848,1357,6070,14,-2.059328556060791,2.1308698654174805,1356,0.0007,-1.8859972953796387,0.8650273084640503,150.0,-14.317110819999998,0.01
86912,1358,6070,14,-2.0687084197998047,1.9983761310577393,1357,0.0007,-1.727778673171997,0.8503960967063904,150.0,-14.317110819999998,0.01
86976,1359,6068,14,-2.0274224281311035,0.9828997850418091,1358,0.0007,-1.6695160865783691,0.8916551470756531,150.0,-14.317110819999998,0.01
87040,1360,6067,14,-2.0014779567718506,0.8530307412147522,1359,0.0007,-1.2835663557052612,0.788807213306427,150.0,-14.17065375,0.01
87104,1361,6067,14,-1.947161316871643,0.12020471692085266,1360,0.0007,-0.448413610458374,0.9982306361198425,150.0,-14.17065375,0.01
87168,1362,6067,14,-1.9289352893829346,0.5088464617729187,1361,0.0007,-0.72080397605896,0.7191886305809021,150.0,-14.17065375,0.01
87232,1363,6067,14,-1.9812253713607788,3.2488369941711426,1362,0.0007,1.8363882303237915,-0.03483736515045166,150.0,-14.17065375,0.01
87296,1364,6067,14,-2.0087802410125732,0.451821506023407,1363,0.0007,-0.24989791214466095,0.034465253353118896,150.0,-14.17065375,0.01
87360,1365,6068,14,-2.016083240509033,0.35660427808761597,1364,0.0007,-0.8545234203338623,0.5232588052749634,150.0,-14.17065375,0.01
87424,1366,6069,14,-2.021240234375,2.084970474243164,1365,0.0007,1.1096101999282837,0.16691172122955322,150.0,-14.17065375,0.01
87488,1367,6070,14,-2.0383925437927246,0.14019444584846497,1366,0.0007,-0.00027673691511154175,0.832406222820282,150.0,-14.17065375,0.01
87552,1368,6069,14,-2.0149495601654053,0.14757966995239258,1367,0.0007,-0.1650840938091278,0.7691390514373779,150.0,-14.17065375,0.01
87616,1369,6070,14,-2.0161824226379395,0.18143382668495178,1368,0.0007,0.02029530331492424,0.6303243637084961,150.0,-14.15873782,0.01
87680,1370,6069,14,-2.0133230686187744,0.09489166736602783,1369,0.0007,0.17501188814640045,0.9949172735214233,150.0,-14.15873782,0.01
87744,1371,6069,14,-1.914031744003296,0.47942954301834106,1370,0.0007,-0.18676899373531342,0.7337227463722229,150.0,-14.15873782,0.01
87808,1372,6069,14,-1.9197522401809692,2.014439105987549,1371,0.0007,0.810296893119812,0.6628051996231079,150.0,-14.15873782,0.01
87872,1373,6069,14,-1.9680233001708984,0.8488641977310181,1372,0.0007,-0.25176191329956055,0.8344586491584778,150.0,-14.15873782,0.01
87936,1374,6068,14,-2.0022711753845215,1.2741436958312988,1373,0.0007,-0.9682677984237671,0.4892725944519043,150.0,-14.15873782,0.01
88000,1375,6065,14,-2.015770435333252,0.35003411769866943,1374,0.0007,-0.4545338749885559,0.35444706678390503,150.0,-14.15873782,0.01
88064,1376,6063,14,-2.02370023727417,2.0359671115875244,1375,0.0007,1.8781311511993408,0.07655006647109985,150.0,-14.15873782,0.01
88128,1377,6063,14,-2.0101168155670166,0.4005725383758545,1376,0.0007,0.14302745461463928,0.09687453508377075,150.0,-14.15873782,0.01
88192,1378,6062,14,-2.0843183994293213,0.9477450847625732,1377,0.0007,-1.2628648281097412,-0.13039100170135498,150.0,-14.15873782,0.01
88256,1379,6062,14,-2.1000757217407227,1.3777713775634766,1378,0.0007,-1.8226547241210938,-0.02550530433654785,150.0,-14.270997539999998,0.01
88320,1380,6063,14,-2.0036027431488037,0.2213626652956009,1379,0.0007,-0.21136385202407837,0.9783809781074524,150.0,-14.270997539999998,0.01
88384,1381,6061,14,-2.035944938659668,0.301784873008728,1380,0.0007,-0.6771612763404846,0.7991260290145874,150.0,-14.270997539999998,0.01
88448,1382,6059,14,-2.0763819217681885,0.9450674653053284,1381,0.0007,1.3982449769973755,0.6213639974594116,150.0,-14.270997539999998,0.01
88512,1383,6058,14,-2.083979606628418,1.8211160898208618,1382,0.0007,0.7409307360649109,0.21881210803985596,150.0,-14.270997539999998,0.01
88576,1384,6057,14,-2.089235782623291,1.4123231172561646,1383,0.0007,1.1304723024368286,0.2726026773452759,150.0,-14.270997539999998,0.01
88640,1385,6055,14,-2.0877907276153564,0.29878556728363037,1384,0.0007,0.3213511109352112,0.440665602684021,150.0,-14.270997539999998,0.01
88704,1386,6050,14,-2.093345880508423,0.8923194408416748,1385,0.0007,-1.1721861362457275,-0.24684131145477295,150.0,-14.270997539999998,0.01
88768,1387,6045,14,-2.0851094722747803,1.0232373476028442,1386,0.0007,-1.6235721111297607,0.014995396137237549,150.0,-14.270997539999998,0.01
88832,1388,6042,14,-2.099687099456787,1.6240170001983643,1387,0.0007,-1.7832679748535156,0.016743481159210205,150.0,-14.46356844,0.01
88896,1389,6038,14,-2.0298352241516113,0.3506848216056824,1388,0.0007,-0.33880433440208435,0.9860736131668091,150.0,-14.46356844,0.01
88960,1390,6032,14,-1.9880445003509521,0.3593713641166687,1389,0.0007,0.030842188745737076,0.8553251624107361,150.0,-14.46356844,0.01
89024,1391,6033,14,-2.0610122680664062,1.1448640823364258,1390,0.0007,1.6509919166564941,0.6930999159812927,150.0,-14.46356844,0.01
89088,1392,6033,14,-2.0935447216033936,5.095189094543457,1391,0.0007,1.7005009651184082,0.6893539428710938,150.0,-14.46356844,0.01
89152,1393,6033,14,-2.104372024536133,1.8007009029388428,1392,0.0007,-0.9513610005378723,0.879296600818634,150.0,-14.46356844,0.01
89216,1394,6032,14,-2.0983405113220215,0.8578659296035767,1393,0.0007,-0.18744835257530212,0.8290684223175049,150.0,-14.46356844,0.01
89280,1395,6025,14,-2.1047770977020264,1.0153015851974487,1394,0.0007,0.6950638294219971,0.7196731567382812,150.0,-14.46356844,0.01
89344,1396,6024,14,-2.1080563068389893,0.5866715312004089,1395,0.0007,0.6298869848251343,0.7120901942253113,150.0,-14.46356844,0.01
89408,1397,6020,14,-2.1016316413879395,3.8778741359710693,1396,0.0007,2.82798171043396,0.09353375434875488,150.0,-14.221678529999998,0.01
89472,1398,6017,14,-2.1006522178649902,1.6655994653701782,1397,0.0007,1.4028677940368652,0.8753342628479004,150.0,-14.221678529999998,0.01
89536,1399,6017,14,-2.0387582778930664,1.3064689636230469,1398,0.0007,0.2317817509174347,0.49389833211898804,150.0,-14.221678529999998,0.01
89600,1400,6017,14,-2.0607991218566895,8.800873756408691,1399,0.0007,3.619330883026123,0.4411165714263916,150.0,-14.221678529999998,0.01
89664,1401,6018,14,-2.079230546951294,0.41555681824684143,1400,0.0007,-0.849422037601471,0.9679517149925232,150.0,-14.221678529999998,0.01
89728,1402,6017,14,-2.0880091190338135,4.221641540527344,1401,0.0007,1.4641331434249878,-2.2471067905426025,150.0,-14.221678529999998,0.01
89792,1403,6016,14,-2.085360050201416,2.731628894805908,1402,0.0007,1.489884853363037,-0.15152597427368164,150.0,-14.221678529999998,0.01
89856,1404,6016,14,-2.086945056915283,1.6509162187576294,1403,0.0007,-1.2211825847625732,0.4140523672103882,150.0,-14.221678529999998,0.01
89920,1405,6014,14,-2.078469753265381,1.8604414463043213,1404,0.0007,-0.9445000290870667,0.5423876047134399,150.0,-14.221678529999998,0.01
89984,1406,6011,14,-2.085550308227539,1.8055174350738525,1405,0.0007,-1.7378718852996826,0.4089394211769104,150.0,-14.221678529999998,0.01
90048,1407,6006,14,-2.0928361415863037,3.7001938819885254,1406,0.0007,0.18140776455402374,-0.12922537326812744,150.0,-14.474895400000003,0.01
90112,1408,6005,15,-2.0406832695007324,0.267507940530777,1407,0.0007,0.17501382529735565,0.9893378615379333,150.0,-14.474895400000003,0.01
90176,1409,6005,15,-2.0491883754730225,5.183857440948486,1408,0.0007,-0.05785541236400604,-0.32956957817077637,150.0,-14.474895400000003,0.01
90240,1410,6005,15,-2.0331308841705322,1.4175606966018677,1409,0.0007,0.051312558352947235,0.825461745262146,150.0,-14.474895400000003,0.01
90304,1411,6005,15,-2.046891689300537,2.4811954498291016,1410,0.0007,-1.0402014255523682,0.7363927364349365,150.0,-14.474895400000003,0.01
90368,1412,6006,15,-2.06282377243042,1.033532977104187,1411,0.0007,0.2018689066171646,0.7692480087280273,150.0,-14.474895400000003,0.01
90432,1413,6005,15,-2.056912899017334,2.4609899520874023,1412,0.0007,1.1682896614074707,-0.0009582042694091797,150.0,-14.474895400000003,0.01
90496,1414,6005,15,-2.0549402236938477,0.36847108602523804,1413,0.0007,0.1581306755542755,0.7329885959625244,150.0,-14.474895400000003,0.01
90560,1415,6005,15,-2.0502572059631348,0.5351792573928833,1414,0.0007,-0.5288712382316589,0.40740519762039185,150.0,-14.474895400000003,0.01
90624,1416,6004,15,-2.0361242294311523,0.995689868927002,1415,0.0007,-1.1909422874450684,0.391968309879303,150.0,-14.504466670000001,0.01
90688,1417,6004,15,-2.0326759815216064,0.3229173421859741,1416,0.0007,-0.7102555632591248,0.9943295121192932,150.0,-14.504466670000001,0.01
90752,1418,6005,15,-1.9752682447433472,0.1965998113155365,1417,0.0007,-0.4097285866737366,0.8713463544845581,150.0,-14.504466670000001,0.01
90816,1419,6005,15,-1.991490364074707,0.6247862577438354,1418,0.0007,-0.036616966128349304,0.6320508718490601,150.0,-14.504466670000001,0.01
90880,1420,6006,15,-2.0150725841522217,1.3214564323425293,1419,0.0007,0.8283044695854187,0.7146647572517395,150.0,-14.504466670000001,0.01
90944,1421,6005,15,-2.000643730163574,3.6616296768188477,1420,0.0007,1.31572687625885,0.6120665073394775,150.0,-14.504466670000001,0.01
91008,1422,6004,15,-1.990659236907959,1.4700547456741333,1421,0.0007,0.1566700041294098,0.31158554553985596,150.0,-14.504466670000001,0.01
91072,1423,6005,15,-2.028702974319458,0.574771523475647,1422,0.0007,-0.09043742716312408,0.06366896629333496,150.0,-14.504466670000001,0.01
91136,1424,6005,15,-2.0442731380462646,0.1365150660276413,1423,0.0007,-0.48823803663253784,0.8381287455558777,150.0,-14.504466670000001,0.01
91200,1425,6004,15,-2.0468690395355225,0.3025978207588196,1424,0.0007,-0.467397004365921,0.5756895542144775,150.0,-14.649825909999999,0.01
91264,1426,6004,15,-2.0547425746917725,0.6857089996337891,1425,0.0007,-0.6704217195510864,0.5026347637176514,150.0,-14.649825909999999,0.01
91328,1427,6005,15,-1.976253867149353,1.2752799987792969,1426,0.0007,0.3645572066307068,0.5957597494125366,150.0,-14.649825909999999,0.01
91392,1428,6005,15,-2.018350601196289,1.8800740242004395,1427,0.0007,-0.15648043155670166,0.7910230159759521,150.0,-14.649825909999999,0.01
91456,1429,6006,15,-2.0598692893981934,0.5399625897407532,1428,0.0007,0.648396372795105,0.9627810716629028,150.0,-14.649825909999999,0.01
91520,1430,6005,15,-2.0700478553771973,0.20201711356639862,1429,0.0007,-0.26109975576400757,0.9833243489265442,150.0,-14.649825909999999,0.01
91584,1431,6005,15,-2.0589962005615234,2.8780503273010254,1430,0.0007,2.440171718597412,0.8603537082672119,150.0,-14.649825909999999,0.01
91648,1432,6004,15,-2.0515873432159424,2.0930635929107666,1431,0.0007,-0.5299622416496277,0.6260877847671509,150.0,-14.649825909999999,0.01
91712,1433,6004,15,-2.07382869720459,0.4377056956291199,1432,0.0007,-0.7502695918083191,0.775559663772583,150.0,-14.649825909999999,0.01
91776,1434,6004,15,-2.083804130554199,1.081871747970581,1433,0.0007,0.25715872645378113,0.2773367166519165,150.0,-14.649825909999999,0.01
91840,1435,6005,15,-2.1097517013549805,0.5640065670013428,1434,0.0007,-1.131047010421753,0.2876524329185486,150.0,-14.767165430000002,0.01
91904,1436,6004,15,-2.0582339763641357,0.2698824107646942,1435,0.0007,0.3026127815246582,0.9929141402244568,150.0,-14.767165430000002,0.01
91968,1437,6004,15,-2.0580782890319824,2.5728063583374023,1436,0.0007,0.14217853546142578,0.3720320463180542,150.0,-14.767165430000002,0.01
92032,1438,6003,15,-2.0753183364868164,2.25590181350708,1437,0.0007,-2.2154645919799805,0.838275134563446,150.0,-14.767165430000002,0.01
92096,1439,6000,15,-2.0756635665893555,2.791846513748169,1438,0.0007,1.1860737800598145,0.8000032305717468,150.0,-14.767165430000002,0.01
92160,1440,5994,15,-2.077554702758789,3.2198803424835205,1439,0.0007,2.0200018882751465,0.8098763227462769,150.0,-14.767165430000002,0.01
92224,1441,5993,15,-2.088376045227051,1.1008260250091553,1440,0.0007,-1.3408910036087036,0.8238767981529236,150.0,-14.767165430000002,0.01
92288,1442,5991,15,-2.087189197540283,1.7934595346450806,1441,0.0007,-0.42938196659088135,0.16619348526000977,150.0,-14.767165430000002,0.01
92352,1443,5990,15,-2.0938451290130615,2.419154644012451,1442,0.0007,1.7726655006408691,0.3672466278076172,150.0,-14.767165430000002,0.01
92416,1444,5990,15,-2.0987753868103027,2.852858543395996,1443,0.0007,1.5550673007965088,0.07256519794464111,150.0,-14.796074569999998,0.01
92480,1445,5990,15,-2.0752177238464355,0.17804045975208282,1444,0.0007,-0.44348570704460144,0.9958497881889343,150.0,-14.796074569999998,0.01
92544,1446,5991,15,-2.048780918121338,2.750676393508911,1445,0.0007,-2.8695831298828125,0.7684094309806824,150.0,-14.796074569999998,0.01
92608,1447,5992,15,-2.0682952404022217,0.5005655288696289,1446,0.0007,-0.8301439881324768,0.8595489263534546,150.0,-14.796074569999998,0.01
92672,1448,5992,15,-2.0772953033447266,3.789532423019409,1447,0.0007,2.42439341545105,-0.09534871578216553,150.0,-14.796074569999998,0.01
92736,1449,5992,15,-2.081512928009033,1.3148155212402344,1448,0.0007,-1.1489652395248413,0.5177807807922363,150.0,-14.796074569999998,0.01
92800,1450,5989,15,-2.0906925201416016,0.9144983291625977,1449,0.0007,0.16917014122009277,0.17756927013397217,150.0,-14.796074569999998,0.01
92864,1451,5989,15,-2.065854549407959,2.065065383911133,1450,0.0007,-0.07148516178131104,-0.13652729988098145,150.0,-14.796074569999998,0.01
92928,1452,5990,15,-2.0502238273620605,1.0334705114364624,1451,0.0007,-0.427680104970932,-0.09109222888946533,150.0,-14.796074569999998,0.01
92992,1453,5992,15,-2.07698655128479,1.151181936264038,1452,0.0007,0.26505500078201294,0.08726829290390015,150.0,-14.796074569999998,0.01
93056,1454,5992,15,-2.047913074493408,4.020761966705322,1453,0.0007,1.1149508953094482,0.15856993198394775,150.0,-14.684545799999999,0.01
93120,1455,5992,15,-1.953725814819336,1.0708990097045898,1454,0.0007,0.10814529657363892,0.923578143119812,150.0,-14.684545799999999,0.01
93184,1456,5993,15,-1.9452693462371826,0.2710859477519989,1455,0.0007,0.3275368809700012,0.9295142889022827,150.0,-14.684545799999999,0.01
93248,1457,5994,15,-1.9725927114486694,1.876758098602295,1456,0.0007,-2.2912611961364746,0.8022624254226685,150.0,-14.684545799999999,0.01
93312,1458,5994,15,-1.9839904308319092,2.790492057800293,1457,0.0007,0.19198058545589447,0.6191020607948303,150.0,-14.684545799999999,0.01
93376,1459,5994,15,-2.0084681510925293,3.076319932937622,1458,0.0007,1.3829439878463745,0.8217561841011047,150.0,-14.684545799999999,0.01
93440,1460,5995,15,-2.0245869159698486,2.9334192276000977,1459,0.0007,1.6132502555847168,0.7858272790908813,150.0,-14.684545799999999,0.01
93504,1461,5996,15,-2.0340957641601562,1.0751988887786865,1460,0.0007,-1.0772126913070679,0.941142737865448,150.0,-14.684545799999999,0.01
93568,1462,5995,15,-2.0549278259277344,0.4941493272781372,1461,0.0007,-0.8480646014213562,0.973399817943573,150.0,-14.684545799999999,0.01
93632,1463,5995,15,-2.0470058917999268,0.5927681922912598,1462,0.0007,-0.8408961296081543,0.9724686145782471,150.0,-15.006139659999997,0.01
93696,1464,5996,15,-1.9979913234710693,0.3931887745857239,1463,0.0007,-0.002842053771018982,0.9927437901496887,150.0,-15.006139659999997,0.01
93760,1465,5995,15,-1.9401386976242065,1.4675886631011963,1464,0.0007,0.6062056422233582,0.5595347881317139,150.0,-15.006139659999997,0.01
93824,1466,5995,15,-1.9662456512451172,2.8578944206237793,1465,0.0007,-2.4512362480163574,0.8609952330589294,150.0,-15.006139659999997,0.01
93888,1467,5994,15,-1.9951138496398926,5.210015296936035,1466,0.0007,-3.3849167823791504,0.5843091011047363,150.0,-15.006139659999997,0.01
93952,1468,5995,15,-2.014132022857666,2.2447636127471924,1467,0.0007,-1.7703053951263428,-5.675184726715088,150.0,-15.006139659999997,0.01
94016,1469,5995,15,-2.014490842819214,0.3484991788864136,1468,0.0007,-0.3801906108856201,0.1878727674484253,150.0,-15.006139659999997,0.01
94080,1470,5996,15,-2.0297350883483887,0.5022110939025879,1469,0.0007,-1.1337522268295288,0.015304505825042725,150.0,-15.006139659999997,0.01
94144,1471,5996,15,-2.010244846343994,0.4132937490940094,1470,0.0007,-0.5506463050842285,0.15856236219406128,150.0,-15.006139659999997,0.01
94208,1472,5997,15,-2.0443763732910156,1.7249011993408203,1471,0.0007,0.24851971864700317,0.19694644212722778,150.0,-15.228453049999999,0.0
94272,1473,5998,15,-2.052006244659424,0.28800538182258606,1472,0.0007,-0.7083784937858582,0.9916893243789673,150.0,-15.228453049999999,0.0
94336,1474,5999,15,-1.9487333297729492,2.0080196857452393,1473,0.0007,-2.0929903984069824,0.7287459373474121,150.0,-15.228453049999999,0.0
94400,1475,6000,15,-1.9719336032867432,0.33412373065948486,1474,0.0007,-0.8226772546768188,0.9390649795532227,150.0,-15.228453049999999,0.0
94464,1476,6000,15,-1.998844027519226,2.378851890563965,1475,0.0007,1.3629124164581299,-0.4817613363265991,150.0,-15.228453049999999,0.0
94528,1477,6000,15,-2.017153263092041,0.4000340700149536,1476,0.0007,0.23807188868522644,0.6399836540222168,150.0,-15.228453049999999,0.0
94592,1478,6000,15,-2.017223834991455,0.5614082217216492,1477,0.0007,-0.4525791108608246,0.8255743384361267,150.0,-15.228453049999999,0.0
94656,1479,6001,15,-2.0634050369262695,1.8554937839508057,1478,0.0007,0.3616139888763428,0.6798976063728333,150.0,-15.228453049999999,0.0
94720,1480,6002,15,-2.071284294128418,0.7462782263755798,1479,0.0007,-0.16260050237178802,0.8082756996154785,150.0,-15.228453049999999,0.0
94784,1481,6003,15,-2.0550498962402344,0.514952540397644,1480,0.0007,-0.3197695016860962,0.8131484985351562,150.0,-15.228453049999999,0.0
94848,1482,6004,15,-2.072275161743164,0.3989478349685669,1481,0.0007,-0.6812130808830261,-0.16324138641357422,150.0,-15.359006069999998,0.0
94912,1483,6006,15,-1.9753867387771606,0.24747334420681,1482,0.0007,-0.1333737075328827,0.9889553189277649,150.0,-15.359006069999998,0.0
94976,1484,6007,15,-1.9739344120025635,2.25935435295105,1483,0.0007,1.308220386505127,0.37660348415374756,150.0,-15.359006069999998,0.0
95040,1485,6008,15,-1.9890371561050415,0.6409674882888794,1484,0.0007,0.1858023703098297,0.8736063241958618,150.0,-15.359006069999998,0.0
95104,1486,6009,15,-2.019960880279541,1.4617981910705566,1485,0.0007,-0.5242379903793335,0.47456616163253784,150.0,-15.359006069999998,0.0
95168,1487,6010,15,-2.0096402168273926,1.742384433746338,1486,0.0007,0.4362967610359192,0.5524473190307617,150.0,-15.359006069999998,0.0
95232,1488,6012,15,-2.022029399871826,0.59101402759552,1487,0.0007,-0.6571187973022461,0.7928394079208374,150.0,-15.359006069999998,0.0
95296,1489,6013,15,-1.9935343265533447,0.19494503736495972,1488,0.0007,-0.1877092570066452,0.8390944004058838,150.0,-15.359006069999998,0.0
95360,1490,6013,15,-1.9968748092651367,0.37293416261672974,1489,0.0007,-0.9709634780883789,0.6172553896903992,150.0,-15.359006069999998,0.0
95424,1491,6014,15,-2.001260757446289,0.3479025065898895,1490,0.0007,-0.6300448179244995,0.5302764177322388,150.0,-15.5611226,0.0
95488,1492,6015,15,-1.9808897972106934,0.3258631229400635,1491,0.0007,-0.08286380767822266,0.9917891621589661,150.0,-15.5611226,0.0
95552,1493,6016,15,-1.9194029569625854,3.2237393856048584,1492,0.0007,-2.687980890274048,0.7129203677177429,150.0,-15.5611226,0.0
95616,1494,6017,15,-1.9412754774093628,2.002389907836914,1493,0.0007,-1.4086672067642212,0.7695897817611694,150.0,-15.5611226,0.0
95680,1495,6017,15,-1.9617207050323486,1.5534895658493042,1494,0.0007,1.0624620914459229,0.40364694595336914,150.0,-15.5611226,0.0
95744,1496,6018,15,-1.9864250421524048,3.6819043159484863,1495,0.0007,2.4987802505493164,0.6334666013717651,150.0,-15.5611226,0.0
95808,1497,6019,15,-1.975635051727295,3.573598623275757,1496,0.0007,2.723587989807129,0.6788257956504822,150.0,-15.5611226,0.0
95872,1498,6020,15,-1.9732366800308228,2.5893454551696777,1497,0.0007,1.5704035758972168,0.11205309629440308,150.0,-15.5611226,0.0
95936,1499,6021,15,-1.9696143865585327,2.6888699531555176,1498,0.0007,1.0005841255187988,0.24629360437393188,150.0,-15.5611226,0.0
96000,1500,6021,15,-1.9576656818389893,2.939012050628662,1499,0.0007,0.9012660384178162,0.22539710998535156,150.0,-15.381401429999999,0.0
96064,1501,6022,15,-1.989588737487793,0.2120908945798874,1500,0.0007,-0.5471904873847961,0.844536304473877,150.0,-15.381401429999999,0.0
96128,1502,6023,15,-1.9189764261245728,0.5082474946975708,1501,0.0007,-0.41467827558517456,0.7453683614730835,150.0,-15.381401429999999,0.0
96192,1503,6023,15,-1.9477179050445557,0.24426504969596863,1502,0.0007,0.27534982562065125,0.9246574640274048,150.0,-15.381401429999999,0.0
96256,1504,6024,15,-1.9802006483078003,2.1319093704223633,1503,0.0007,-0.6000659465789795,-0.0672532320022583,150.0,-15.381401429999999,0.0
96320,1505,6024,15,-2.003894805908203,1.197615385055542,1504,0.0007,1.2993137836456299,0.6444095969200134,150.0,-15.381401429999999,0.0
96384,1506,6024,15,-2.0198488235473633,1.2477141618728638,1505,0.0007,0.6217073202133179,0.34068524837493896,150.0,-15.381401429999999,0.0
96448,1507,6024,16,-2.034928321838379,3.4630801677703857,1506,0.0007,0.0985734686255455,0.2937896251678467,150.0,-15.381401429999999,0.0
96512,1508,6024,16,-2.0022451877593994,1.454627275466919,1507,0.0007,-0.03695228695869446,0.710484504699707,150.0,-15.381401429999999,0.0
96576,1509,6024,16,-2.033794403076172,1.4722565412521362,1508,0.0007,0.6532987952232361,0.7432466745376587,150.0,-15.381401429999999,0.0
96640,1510,6025,16,-2.0525777339935303,0.8131688833236694,1509,0.0007,-0.7859957218170166,0.8512755632400513,150.0,-15.25176078,0.0
96704,1511,6025,16,-1.9602036476135254,0.48017653822898865,1510,0.0007,0.354544460773468,0.9900522828102112,150.0,-15.25176078,0.0
96768,1512,6025,16,-1.9419867992401123,1.924052119255066,1511,0.0007,1.3760968446731567,0.7080095410346985,150.0,-15.25176078,0.0
96832,1513,6026,16,-1.9853973388671875,1.024539828300476,1512,0.0007,-1.118641972541809,0.9085781574249268,150.0,-15.25176078,0.0
96896,1514,6026,16,-2.003669261932373,0.7756428718566895,1513,0.0007,0.44910886883735657,0.8781602382659912,150.0,-15.25176078,0.0
96960,1515,6027,16,-2.0124027729034424,2.0583415031433105,1514,0.0007,1.0149362087249756,0.8934414386749268,150.0,-15.25176078,0.0
97024,1516,6027,16,-2.008342742919922,0.36500346660614014,1515,0.0007,0.0603799968957901,0.982358992099762,150.0,-15.25176078,0.0
97088,1517,6027,16,-1.9954088926315308,2.053173542022705,1516,0.0007,-2.2379541397094727,0.9747036695480347,150.0,-15.25176078,0.0
97152,1518,6028,16,-2.0221877098083496,1.3770403861999512,1517,0.0007,-1.887887954711914,0.9715346097946167,150.0,-15.25176078,0.0
97216,1519,6028,16,-2.004899024963379,1.9014532566070557,1518,0.0007,-2.369523525238037,0.9630215764045715,150.0,-15.13541375,0.0
97280,1520,6029,16,-1.977980136871338,0.7311576008796692,1519,0.0007,-0.5392977595329285,0.9819175004959106,150.0,-15.13541375,0.0
97344,1521,6029,16,-1.9366912841796875,1.0847318172454834,1520,0.0007,-1.1952319145202637,0.8348285555839539,150.0,-15.13541375,0.0
97408,1522,6031,16,-1.9557524919509888,2.5546481609344482,1521,0.0007,1.2299190759658813,0.7647143602371216,150.0,-15.13541375,0.0
97472,1523,6031,16,-2.001694679260254,1.87368643283844,1522,0.0007,0.3479246497154236,0.7947860956192017,150.0,-15.13541375,0.0
97536,1524,6031,16,-2.003798723220825,4.735391139984131,1523,0.0007,0.32356083393096924,0.8373030424118042,150.0,-15.13541375,0.0
97600,1525,6030,16,-2.0042572021484375,2.244668483734131,1524,0.0007,0.803479790687561,0.9411494135856628,150.0,-15.13541375,0.0
97664,1526,6028,16,-2.0526647567749023,1.579982042312622,1525,0.0007,-2.065431833267212,0.9830071330070496,150.0,-15.13541375,0.0
97728,1527,6023,16,-2.076378583908081,1.5689194202423096,1526,0.0007,-0.7429735660552979,0.9327757954597473,150.0,-15.13541375,0.0
97792,1528,6017,16,-2.0993127822875977,0.38098326325416565,1527,0.0007,-1.0420300960540771,0.9879341125488281,150.0,-15.13541375,0.0
97856,1529,6014,16,-2.0945003032684326,0.4032430946826935,1528,0.0007,-0.6894595623016357,0.9269541501998901,150.0,-15.080691969999998,0.0
97920,1530,6011,16,-1.918766736984253,2.0147056579589844,1529,0.0007,-1.5412395000457764,0.9210647344589233,150.0,-15.080691969999998,0.0
97984,1531,6011,16,-1.9207031726837158,3.154026985168457,1530,0.0007,2.7139475345611572,0.5259882807731628,150.0,-15.080691969999998,0.0
98048,1532,6000,16,-1.9414262771606445,1.6201595067977905,1531,0.0007,-0.21020092070102692,0.7814453840255737,150.0,-15.080691969999998,0.0
98112,1533,5997,16,-1.9468231201171875,1.4586684703826904,1532,0.0007,-0.5307360887527466,0.7980495691299438,150.0,-15.080691969999998,0.0
98176,1534,5997,16,-1.9814364910125732,0.5433736443519592,1533,0.0007,0.09401370584964752,0.7859673500061035,150.0,-15.080691969999998,0.0
98240,1535,5996,16,-1.9662154912948608,1.4717299938201904,1534,0.0007,0.7879263162612915,0.6039538383483887,150.0,-15.080691969999998,0.0
98304,1536,5997,16,-1.9572428464889526,0.8910319805145264,1535,0.0007,-1.0302605628967285,0.6640177965164185,150.0,-15.080691969999998,0.0
98368,1537,5997,16,-1.970088243484497,2.7396602630615234,1536,0.0007,1.486573338508606,0.4934794306755066,150.0,-15.080691969999998,0.0
98432,1538,5997,16,-1.9938287734985352,0.24370816349983215,1537,0.0007,-0.6108770370483398,0.46968841552734375,150.0,-15.076783329999996,0.0
98496,1539,5998,16,-1.9668102264404297,0.20758163928985596,1538,0.0007,-0.20254886150360107,0.9959258437156677,150.0,-15.076783329999996,0.0
98560,1540,5998,16,-1.9656505584716797,1.876051902770996,1539,0.0007,0.1468963623046875,0.756829023361206,150.0,-15.076783329999996,0.0
98624,1541,5998,16,-2.0059432983398438,3.0083565711975098,1540,0.0007,-0.14205871522426605,0.5253641605377197,150.0,-15.076783329999996,0.0
98688,1542,5998,16,-1.9919980764389038,0.9213426113128662,1541,0.0007,-0.9659672975540161,0.9374157786369324,150.0,-15.076783329999996,0.0
98752,1543,5999,16,-2.029205322265625,0.1882103681564331,1542,0.0007,-0.08661084622144699,0.9821829199790955,150.0,-15.076783329999996,0.0
98816,1544,5999,16,-2.0434117317199707,0.39821910858154297,1543,0.0007,-0.8672569990158081,0.9823289513587952,150.0,-15.076783329999996,0.0
98880,1545,5999,16,-2.048682689666748,1.0291005373001099,1544,0.0007,-0.49019762873649597,0.6574227809906006,150.0,-15.076783329999996,0.0
98944,1546,5998,16,-2.0678341388702393,1.8905988931655884,1545,0.0007,0.3199995458126068,-0.26461970806121826,150.0,-15.076783329999996,0.0
99008,1547,5998,16,-2.046682596206665,4.630489826202393,1546,0.0007,1.0551029443740845,-0.06456124782562256,150.0,-15.239776769999994,0.0
99072,1548,5998,16,-2.027287483215332,2.9245476722717285,1547,0.0007,0.8860111236572266,0.8333934545516968,150.0,-15.239776769999994,0.0
99136,1549,5999,16,-1.8942294120788574,1.7848939895629883,1548,0.0007,-1.5930399894714355,0.38006752729415894,150.0,-15.239776769999994,0.0
99200,1550,5998,16,-1.927551507949829,0.44825464487075806,1549,0.0007,-0.5982707738876343,0.8228907585144043,150.0,-15.239776769999994,0.0
99264,1551,5998,16,-1.9782617092132568,0.47366106510162354,1550,0.0007,0.33919352293014526,0.8573556542396545,150.0,-15.239776769999994,0.0
99328,1552,5999,16,-1.9972881078720093,2.069169521331787,1551,0.0007,1.3014140129089355,0.4394418001174927,150.0,-15.239776769999994,0.0
99392,1553,6000,16,-2.035156726837158,4.54263973236084,1552,0.0007,2.5928947925567627,0.46427589654922485,150.0,-15.239776769999994,0.0
99456,1554,6000,16,-2.0285587310791016,1.6527297496795654,1553,0.0007,1.2403957843780518,0.6377943158149719,150.0,-15.239776769999994,0.0
99520,1555,6000,16,-2.043541669845581,0.8720517158508301,1554,0.0007,-1.2431124448776245,0.6570465564727783,150.0,-15.239776769999994,0.0
99584,1556,6000,16,-2.0816142559051514,0.5781698822975159,1555,0.0007,-1.1177536249160767,0.20057916641235352,150.0,-15.239776769999994,0.0
99648,1557,6000,16,-2.118090867996216,0.5193551778793335,1556,0.0007,-0.8583974838256836,-0.018320560455322266,150.0,-15.669961599999999,0.0
99712,1558,6001,16,-1.9543094635009766,0.7065786719322205,1557,0.0007,-0.41390639543533325,0.9692218899726868,150.0,-15.669961599999999,0.0
99776,1559,6001,16,-1.9265666007995605,3.4880447387695312,1558,0.0007,1.8075553178787231,-1.459636926651001,150.0,-15.669961599999999,0.0
99840,1560,6001,16,-1.966653823852539,4.146405220031738,1559,0.0007,2.712068557739258,0.4353373646736145,150.0,-15.669961599999999,0.0
99904,1561,6002,16,-1.9964531660079956,0.5649151802062988,1560,0.0007,0.13956913352012634,0.8602540493011475,150.0,-15.669961599999999,0.0
99968,1562,6001,16,-2.0065691471099854,3.586001396179199,1561,0.0007,3.008049726486206,0.6017892956733704,150.0,-15.669961599999999,0.0
100032,1563,5992,16,-2.0061633586883545,1.3611774444580078,1562,0.0007,0.5197409391403198,0.7374622821807861,150.0,-15.669961599999999,0.0
