time/fps,time/total_timesteps,time/iterations,time/time_elapsed,train/entropy_loss,train/value_loss,train/learning_rate,train/explained_variance,train/policy_loss,train/n_updates,rollout/ep_rew_mean,rollout/success_rate,rollout/ep_len_mean
2853,20,1,0,,,,,,,,,
2528,40,2,0,-2.1972146034240723,0.009891761466860771,0.0003,0.5785129070281982,0.11980806291103363,1,,,
3091,60,3,0,-2.194636821746826,0.02783283032476902,0.0003,0.47465747594833374,0.004277384374290705,2,,,
3536,80,4,0,-2.190842390060425,0.09605307877063751,0.0003,0.7299204468727112,-0.5998871922492981,3,,,
3884,100,5,0,-2.1846728324890137,0.07681318372488022,0.0003,0.6627832055091858,-0.2919076085090637,4,,,
4010,120,6,0,-2.1838302612304688,0.09149421751499176,0.0003,0.744224488735199,-0.4221206307411194,5,,,
4063,140,7,0,-2.1791939735412598,0.06457280367612839,0.0003,0.5423381328582764,0.027233082801103592,6,,,
4180,160,8,0,-2.1709773540496826,0.1559857428073883,0.0003,0.7735012769699097,-0.6372257471084595,7,,,
4311,180,9,0,-2.1697611808776855,0.2156638652086258,0.0003,0.7116826772689819,-0.6466403007507324,8,,,
4444,200,10,0,-2.1730942726135254,0.3231295943260193,0.0003,0.6860381364822388,-0.7321332693099976,9,,,
4608,220,11,0,-2.165924072265625,0.3220985531806946,0.0003,0.7410308718681335,-0.8057095408439636,10,,,
4742,240,12,0,-2.168678045272827,0.3819405436515808,0.0003,0.8203237652778625,-1.0577919483184814,11,,,
4875,260,13,0,-2.1711888313293457,0.215672105550766,0.0003,0.8237258791923523,-0.7788869738578796,12,,,
4964,280,14,0,-2.1727547645568848,0.29986339807510376,0.0003,0.803888738155365,-0.985977828502655,13,,,
5047,300,15,0,-2.178382158279419,0.257104754447937,0.0003,0.8117073774337769,-0.9226150512695312,14,,,
5151,320,16,0,-2.181121587753296,0.33596494793891907,0.0003,0.5111047625541687,-0.7320511937141418,15,,,
5199,340,17,0,-2.1857216358184814,0.3208443224430084,0.0003,0.5728172063827515,-0.4420224130153656,16,,,
5194,360,18,0,-2.1851158142089844,1.0697903633117676,0.0003,0.3760281205177307,1.3325423002243042,17,,,
5186,380,19,0,-2.1841647624969482,0.15118308365345,0.0003,0.6920947432518005,-0.09894229471683502,18,,,
5170,400,20,0,-2.174257755279541,0.19145157933235168,0.0003,0.8751606941223145,-0.7891412973403931,19,,,
5220,420,21,0,-2.1746697425842285,0.3331857919692993,0.0003,0.5053339004516602,-0.9291738271713257,20,,,
5274,440,22,0,-2.1737866401672363,0.62873375415802,0.0003,-0.10787880420684814,-0.19318100810050964,21,,,
5298,460,23,0,-2.1672205924987793,0.25954097509384155,0.0003,0.3713350296020508,0.2275267392396927,22,,,
5292,480,24,0,-2.163909912109375,0.390311062335968,0.0003,-0.17327213287353516,0.4042758047580719,23,,,
5286,500,25,0,-2.1608264446258545,0.3545311391353607,0.0003,0.4740365743637085,-0.9152757525444031,24,,,
5310,520,26,0,-2.1528468132019043,0.33852165937423706,0.0003,0.05565381050109863,0.06727810204029083,25,,,
5330,540,27,0,-2.1572108268737793,0.4000702500343323,0.0003,0.10792851448059082,-0.6349151730537415,26,,,
5347,560,28,0,-2.15008807182312,0.3288204073905945,0.0003,0.4794818162918091,-0.09151515364646912,27,,,
5347,580,29,0,-2.1400532722473145,0.7121051549911499,0.0003,0.6586037874221802,-1.5200153589248657,28,,,
5375,600,30,0,-2.1427130699157715,1.3086564540863037,0.0003,0.35875004529953003,-0.13298645615577698,29,-13.728544999999999,0.0,150.0
5415,620,31,0,-2.128145933151245,0.5090998411178589,0.0003,0.5650285482406616,-0.7524863481521606,30,-13.728544999999999,0.0,150.0
5452,640,32,0,-2.108400821685791,0.10959092527627945,0.0003,0.3005162477493286,0.5152162313461304,31,-13.728544999999999,0.0,150.0
5492,660,33,0,-2.110018730163574,0.016584817320108414,0.0003,0.6438175439834595,0.16413384675979614,32,-13.728544999999999,0.0,150.0
5520,680,34,0,-2.1124167442321777,0.035070616751909256,0.0003,0.4437856674194336,0.15418384969234467,33,-13.728544999999999,0.0,150.0
5452,700,35,0,-2.1021647453308105,0.017838599160313606,0.0003,-0.050719261169433594,0.06446780264377594,34,-13.728544999999999,0.0,150.0
5442,720,36,0,-2.0928406715393066,0.08260511606931686,0.0003,0.40604937076568604,0.4429592490196228,35,-13.728544999999999,0.0,150.0
5414,740,37,0,-2.0896480083465576,0.37386709451675415,0.0003,0.31598567962646484,0.39669257402420044,36,-13.728544999999999,0.0,150.0
5417,760,38,0,-2.075778007507324,0.0710647851228714,0.0003,0.6263638138771057,0.17106080055236816,37,-13.728544999999999,0.0,150.0
5430,780,39,0,-2.073277473449707,0.06619565188884735,0.0003,0.6276923418045044,0.1593019664287567,38,-13.728544999999999,0.0,150.0
5444,800,40,0,-2.071475028991699,0.05436180904507637,0.0003,0.7753570079803467,0.023164262995123863,39,-13.728544999999999,0.0,150.0
5471,820,41,0,-2.063502788543701,0.0780237466096878,0.0003,0.8279520273208618,-0.14992929995059967,40,-13.728544999999999,0.0,150.0
5505,840,42,0,-2.060480833053589,0.04927983507514,0.0003,0.916175127029419,-0.2790072560310364,41,-13.728544999999999,0.0,150.0
5539,860,43,0,-2.0581252574920654,0.06838344037532806,0.0003,0.8814569711685181,-0.11936090886592865,42,-13.728544999999999,0.0,150.0
5570,880,44,0,-2.0684196949005127,0.11235394328832626,0.0003,0.8668646812438965,-0.27940016984939575,43,-13.728544999999999,0.0,150.0
5595,900,45,0,-2.066685199737549,0.08660879731178284,0.0003,0.9292175769805908,-0.3830356299877167,44,-13.728544999999999,0.0,150.0
5620,920,46,0,-2.070415735244751,0.20543821156024933,0.0003,0.8445359468460083,-0.621757984161377,45,-13.728544999999999,0.0,150.0
5645,940,47,0,-2.0700690746307373,0.06019267439842224,0.0003,0.8897250890731812,-0.1604599505662918,46,-13.728544999999999,0.0,150.0
5658,960,48,0,-2.073899984359741,0.20529410243034363,0.0003,0.8626663684844971,-0.7273927330970764,47,-13.728544999999999,0.0,150.0
5643,980,49,0,-2.074716091156006,0.18383657932281494,0.0003,0.8687894344329834,-0.7104732990264893,48,-13.728544999999999,0.0,150.0
5643,1000,50,0,-2.073885440826416,0.26738327741622925,0.0003,0.7641218304634094,-0.8165136575698853,49,-13.728544999999999,0.0,150.0
5623,1020,51,0,-2.0648398399353027,0.1551198959350586,0.0003,0.8939841985702515,-0.5855139493942261,50,-13.728544999999999,0.0,150.0
5624,1040,52,0,-2.0760233402252197,0.21932563185691833,0.0003,0.821882426738739,-0.7545068860054016,51,-13.728544999999999,0.0,150.0
5628,1060,53,0,-2.0716798305511475,0.1223844513297081,0.0003,0.8472223877906799,-0.5470787286758423,52,-13.728544999999999,0.0,150.0
5639,1080,54,0,-2.0682876110076904,0.10329626500606537,0.0003,0.8841384649276733,-0.4466187059879303,53,-13.728544999999999,0.0,150.0
5643,1100,55,0,-2.0750184059143066,1.4247397184371948,0.0003,-0.2929118871688843,0.6174197196960449,54,-13.728544999999999,0.0,150.0
5661,1120,56,0,-2.0777313709259033,0.2819906771183014,0.0003,0.08810216188430786,-0.36514902114868164,55,-13.728544999999999,0.0,150.0
5676,1140,57,0,-2.0705833435058594,0.20775744318962097,0.0003,0.18567508459091187,-0.2899121642112732,56,-13.728544999999999,0.0,150.0
5673,1160,58,0,-2.067805528640747,0.39367952942848206,0.0003,0.12732672691345215,-1.0160324573516846,57,-13.728544999999999,0.0,150.0
5669,1180,59,0,-2.0726916790008545,0.33290934562683105,0.0003,0.0830068588256836,-1.1235822439193726,58,-13.728544999999999,0.0,150.0
5653,1200,60,0,-2.0652692317962646,0.43698057532310486,0.0003,-0.05559384822845459,-1.1565196514129639,59,-12.52872025,0.125,150.0
5653,1220,61,0,-2.064300537109375,5.461935520172119,0.0003,0.01292341947555542,1.7929818630218506,60,-12.52872025,0.125,150.0
5666,1240,62,0,-2.0702717304229736,0.031515661627054214,0.0003,0.6664011478424072,0.22621989250183105,61,-12.52872025,0.125,150.0
5682,1260,63,0,-2.0682010650634766,0.02168741263449192,0.0003,0.7117200493812561,0.1183459535241127,62,-12.52872025,0.125,150.0
5702,1280,64,0,-2.061227798461914,0.01764206774532795,0.0003,0.7624772787094116,0.16392892599105835,63,-12.52872025,0.125,150.0
5718,1300,65,0,-2.0597829818725586,0.04379653185606003,0.0003,0.7047068476676941,-0.17383232712745667,64,-12.52872025,0.125,150.0
5724,1320,66,0,-2.0569007396698,0.054781995713710785,0.0003,0.7589329481124878,0.014483129605650902,65,-12.52872025,0.125,150.0
5740,1340,67,0,-2.062490940093994,0.029223989695310593,0.0003,0.9033539295196533,-0.1905629187822342,66,-12.52872025,0.125,150.0
5757,1360,68,0,-2.067683458328247,0.09092536568641663,0.0003,0.7382794618606567,-0.21570377051830292,67,-12.52872025,0.125,150.0
5777,1380,69,0,-2.0756938457489014,0.05026296526193619,0.0003,0.8162355422973633,-0.21350117027759552,68,-12.52872025,0.125,150.0
5796,1400,70,0,-2.0847177505493164,0.03663097694516182,0.0003,0.8030083179473877,-1.8355251086177304e-05,69,-12.52872025,0.125,150.0
5815,1420,71,0,-2.0767195224761963,0.18927918374538422,0.0003,0.5868071913719177,0.09423868358135223,70,-12.52872025,0.125,150.0
5827,1440,72,0,-2.089752674102783,0.5797499418258667,0.0003,0.14601284265518188,0.17413344979286194,71,-12.52872025,0.125,150.0
5845,1460,73,0,-2.090179920196533,0.17800529301166534,0.0003,0.7264733910560608,-0.26053571701049805,72,-12.52872025,0.125,150.0
5858,1480,74,0,-2.0854992866516113,0.23431344330310822,0.0003,0.5586445331573486,0.019198428839445114,73,-12.52872025,0.125,150.0
5857,1500,75,0,-2.103148937225342,0.12994568049907684,0.0003,0.8178656101226807,-0.5067734122276306,74,-12.52872025,0.125,150.0
5855,1520,76,0,-2.1030311584472656,0.19762878119945526,0.0003,0.6118515729904175,-0.11921708285808563,75,-12.52872025,0.125,150.0
5848,1540,77,0,-2.1086013317108154,0.10914517939090729,0.0003,0.6671331524848938,-0.4622862935066223,76,-12.52872025,0.125,150.0
5836,1560,78,0,-2.104121208190918,0.1857193410396576,0.0003,0.5714272260665894,-0.6078972220420837,77,-12.52872025,0.125,150.0
5837,1580,79,0,-2.1064109802246094,0.16592542827129364,0.0003,0.6844838261604309,-0.6928423643112183,78,-12.52872025,0.125,150.0
5848,1600,80,0,-2.1032660007476807,0.2687297463417053,0.0003,0.5595028400421143,-0.9882991909980774,79,-12.52872025,0.125,150.0
5861,1620,81,0,-2.102539539337158,0.26599809527397156,0.0003,0.14395356178283691,-0.8687393069267273,80,-12.52872025,0.125,150.0
5875,1640,82,0,-2.100740432739258,0.38718381524086,0.0003,-0.45960474014282227,-1.0700360536575317,81,-12.52872025,0.125,150.0
5884,1660,83,0,-2.103177547454834,0.4508720934391022,0.0003,-0.19133484363555908,-1.160256028175354,82,-12.52872025,0.125,150.0
5897,1680,84,0,-2.103766918182373,0.29975026845932007,0.0003,-0.23735249042510986,-1.0753318071365356,83,-12.52872025,0.125,150.0
5910,1700,85,0,-2.0954368114471436,0.3853888213634491,0.0003,-0.24950957298278809,-1.0928441286087036,84,-12.52872025,0.125,150.0
5922,1720,86,0,-2.0940933227539062,0.6494128108024597,0.0003,-0.21519577503204346,-1.0497812032699585,85,-12.52872025,0.125,150.0
5938,1740,87,0,-2.1017966270446777,0.5620925426483154,0.0003,-0.18913686275482178,-1.1975189447402954,86,-12.52872025,0.125,150.0
5950,1760,88,0,-2.106926441192627,0.6218988299369812,0.0003,-0.13382625579833984,-1.2312273979187012,87,-12.52872025,0.125,150.0
5954,1780,89,0,-2.1104748249053955,0.5489013195037842,0.0003,-0.11104655265808105,-1.2139536142349243,88,-12.52872025,0.125,150.0
5951,1800,90,0,-2.1120762825012207,0.47327375411987305,0.0003,-0.12632179260253906,-1.0687859058380127,89,-15.210107749999999,0.08333333333333333,150.0
5963,1820,91,0,-2.114686965942383,0.4338071346282959,0.0003,-0.022209763526916504,-1.1833627223968506,90,-15.210107749999999,0.08333333333333333,150.0
5975,1840,92,0,-2.1109044551849365,0.055366672575473785,0.0003,0.5616212487220764,0.3476203978061676,91,-15.210107749999999,0.08333333333333333,150.0
5987,1860,93,0,-2.1090686321258545,0.016486335545778275,0.0003,0.7910270690917969,0.12391791492700577,92,-15.210107749999999,0.08333333333333333,150.0
6000,1880,94,0,-2.1106083393096924,0.05412856489419937,0.0003,0.6074807047843933,0.1785583198070526,93,-15.210107749999999,0.08333333333333333,150.0
6013,1900,95,0,-2.112308979034424,0.1135692149400711,0.0003,0.6309217214584351,0.2641369700431824,94,-15.210107749999999,0.08333333333333333,150.0
6015,1920,96,0,-2.1044492721557617,0.03807482868432999,0.0003,0.7476334571838379,-0.09484308958053589,95,-15.210107749999999,0.08333333333333333,150.0
6010,1940,97,0,-2.0958356857299805,0.04304523020982742,0.0003,0.6427240967750549,-0.13940294086933136,96,-15.210107749999999,0.08333333333333333,150.0
5995,1960,98,0,-2.102688789367676,0.03146520256996155,0.0003,0.7180157899856567,-0.08884861320257187,97,-15.210107749999999,0.08333333333333333,150.0
5995,1980,99,0,-2.1138789653778076,0.07770661264657974,0.0003,-3.7370553016662598,0.18725422024726868,98,-15.210107749999999,0.08333333333333333,150.0
5992,2000,100,0,-2.119347095489502,0.051253028213977814,0.0003,0.32191604375839233,0.05155252292752266,99,-15.210107749999999,0.08333333333333333,150.0
6002,2020,101,0,-2.1310675144195557,0.02594580128788948,0.0003,0.45582449436187744,-0.018764454871416092,100,-15.210107749999999,0.08333333333333333,150.0
6004,2040,102,0,-2.132856607437134,0.016761314123868942,0.0003,0.8203235268592834,0.10487665981054306,101,-15.210107749999999,0.08333333333333333,150.0
6016,2060,103,0,-2.1253421306610107,0.033076971769332886,0.0003,0.7565765380859375,-0.10848651826381683,102,-15.210107749999999,0.08333333333333333,150.0
6027,2080,104,0,-2.131728410720825,0.08843009173870087,0.0003,0.44013547897338867,0.028887033462524414,103,-15.210107749999999,0.08333333333333333,150.0
6038,2100,105,0,-2.123883008956909,0.3126724064350128,0.0003,0.4905967116355896,0.2985343337059021,104,-15.210107749999999,0.08333333333333333,150.0
6048,2120,106,0,-2.1251139640808105,0.7356222867965698,0.0003,-0.33162105083465576,0.5075547695159912,105,-15.210107749999999,0.08333333333333333,150.0
6059,2140,107,0,-2.123089551925659,0.7706210613250732,0.0003,0.41207069158554077,0.10547075420618057,106,-15.210107749999999,0.08333333333333333,150.0
6071,2160,108,0,-2.1205034255981445,0.17570137977600098,0.0003,0.8736705183982849,-0.8329437971115112,107,-15.210107749999999,0.08333333333333333,150.0
6081,2180,109,0,-2.1159121990203857,0.17588868737220764,0.0003,0.480607807636261,0.1785363256931305,108,-15.210107749999999,0.08333333333333333,150.0
6077,2200,110,0,-2.1108999252319336,0.17209278047084808,0.0003,0.8986518979072571,-0.7760337591171265,109,-15.210107749999999,0.08333333333333333,150.0
6072,2220,111,0,-2.1095588207244873,0.3200710415840149,0.0003,0.644248902797699,-0.5338088870048523,110,-15.210107749999999,0.08333333333333333,150.0
6080,2240,112,0,-2.1115188598632812,0.2317657470703125,0.0003,0.8463746309280396,-0.8200623393058777,111,-15.210107749999999,0.08333333333333333,150.0
6089,2260,113,0,-2.115333080291748,0.2759789526462555,0.0003,0.8320059180259705,-0.9247371554374695,112,-15.210107749999999,0.08333333333333333,150.0
6100,2280,114,0,-2.1177351474761963,0.25660592317581177,0.0003,0.7387185096740723,-0.6668905019760132,113,-15.210107749999999,0.08333333333333333,150.0
6111,2300,115,0,-2.1256916522979736,0.19125618040561676,0.0003,0.678389310836792,-0.7322257161140442,114,-15.210107749999999,0.08333333333333333,150.0
6119,2320,116,0,-2.126986503601074,0.5617281198501587,0.0003,0.47811633348464966,-0.5778049230575562,115,-15.210107749999999,0.08333333333333333,150.0
6126,2340,117,0,-2.13620924949646,0.34042274951934814,0.0003,0.6731882095336914,-1.0713266134262085,116,-15.210107749999999,0.08333333333333333,150.0
6136,2360,118,0,-2.136970043182373,0.43875032663345337,0.0003,0.5621242523193359,-1.2863857746124268,117,-15.210107749999999,0.08333333333333333,150.0
6146,2380,119,0,-2.135864734649658,0.2478753626346588,0.0003,0.5436172485351562,-0.693769097328186,118,-15.210107749999999,0.08333333333333333,150.0
6149,2400,120,0,-2.1374053955078125,0.43809881806373596,0.0003,0.5636799335479736,-1.2980639934539795,119,-15.483179250000001,0.0625,150.0
6154,2420,121,0,-2.135197401046753,0.3312419354915619,0.0003,0.142331063747406,-1.0500001907348633,120,-15.483179250000001,0.0625,150.0
6163,2440,122,0,-2.1263153553009033,0.07174651324748993,0.0003,0.3257600665092468,0.47235107421875,121,-15.483179250000001,0.0625,150.0
6173,2460,123,0,-2.126131057739258,0.12581443786621094,0.0003,-0.36722028255462646,0.5864940881729126,122,-15.483179250000001,0.0625,150.0
6181,2480,124,0,-2.1267571449279785,0.0909830778837204,0.0003,0.2115582823753357,0.28515249490737915,123,-15.483179250000001,0.0625,150.0
6190,2500,125,0,-2.1219289302825928,0.05561482906341553,0.0003,0.3874492645263672,0.2396344393491745,124,-15.483179250000001,0.0625,150.0
6199,2520,126,0,-2.1169371604919434,0.06786923110485077,0.0003,0.1902371644973755,0.09457913786172867,125,-15.483179250000001,0.0625,150.0
6208,2540,127,0,-2.114417552947998,0.04016748443245888,0.0003,-0.02051246166229248,-0.03511720150709152,126,-15.483179250000001,0.0625,150.0
6213,2560,128,0,-2.1051993370056152,0.03148946166038513,0.0003,0.47404229640960693,-0.2632458806037903,127,-15.483179250000001,0.0625,150.0
6223,2580,129,0,-2.107121467590332,0.019764408469200134,0.0003,0.23246711492538452,-0.09991416335105896,128,-15.483179250000001,0.0625,150.0
6229,2600,130,0,-2.098771572113037,0.035739965736866,0.0003,0.3606817126274109,-0.17405995726585388,129,-15.483179250000001,0.0625,150.0
6238,2620,131,0,-2.100862979888916,0.04154915735125542,0.0003,-0.1776036024093628,-0.0376715362071991,130,-15.483179250000001,0.0625,150.0
6247,2640,132,0,-2.098527669906616,0.7250713109970093,0.0003,-0.23993659019470215,0.5693179368972778,131,-15.483179250000001,0.0625,150.0
6256,2660,133,0,-2.0883212089538574,0.06025894731283188,0.0003,0.032251954078674316,-0.2756992280483246,132,-15.483179250000001,0.0625,150.0
6265,2680,134,0,-2.08748722076416,0.312969446182251,0.0003,-0.04430663585662842,0.014081954956054688,133,-15.483179250000001,0.0625,150.0
6274,2700,135,0,-2.1053831577301025,0.09652046859264374,0.0003,-0.04637253284454346,-0.4974174499511719,134,-15.483179250000001,0.0625,150.0
6282,2720,136,0,-2.1065194606781006,0.08594337850809097,0.0003,0.2484586238861084,-0.053957175463438034,135,-15.483179250000001,0.0625,150.0
6291,2740,137,0,-2.103736639022827,0.8423078656196594,0.0003,0.2563309669494629,0.6585355997085571,136,-15.483179250000001,0.0625,150.0
6300,2760,138,0,-2.1081252098083496,0.47715848684310913,0.0003,0.3974822163581848,0.5088233947753906,137,-15.483179250000001,0.0625,150.0
6309,2780,139,0,-2.1061973571777344,0.1119600161910057,0.0003,0.662948489189148,-0.0715617761015892,138,-15.483179250000001,0.0625,150.0
6313,2800,140,0,-2.1043930053710938,0.24626770615577698,0.0003,0.011161506175994873,-0.2652706503868103,139,-15.483179250000001,0.0625,150.0
6322,2820,141,0,-2.1035549640655518,0.233196422457695,0.0003,0.1212649941444397,0.006406891159713268,140,-15.483179250000001,0.0625,150.0
6329,2840,142,0,-2.102180004119873,0.17225319147109985,0.0003,0.7908688187599182,-0.8466459512710571,141,-15.483179250000001,0.0625,150.0
6337,2860,143,0,-2.0999255180358887,0.2250424176454544,0.0003,0.15572530031204224,-0.5949913263320923,142,-15.483179250000001,0.0625,150.0
6345,2880,144,0,-2.0979790687561035,0.2581334114074707,0.0003,0.3342185616493225,-0.9199994802474976,143,-15.483179250000001,0.0625,150.0
6354,2900,145,0,-2.097136974334717,0.34511107206344604,0.0003,0.007550656795501709,-0.9269031286239624,144,-15.483179250000001,0.0625,150.0
6362,2920,146,0,-2.1014463901519775,1.6364572048187256,0.0003,0.014683067798614502,0.16952966153621674,145,-15.483179250000001,0.0625,150.0
6370,2940,147,0,-2.0933971405029297,0.8803274035453796,0.0003,0.1895551085472107,0.09861068427562714,146,-15.483179250000001,0.0625,150.0
6377,2960,148,0,-2.103743076324463,0.304316908121109,0.0003,0.38740766048431396,-0.6537147760391235,147,-15.483179250000001,0.0625,150.0
6384,2980,149,0,-2.105560302734375,0.6258074641227722,0.0003,0.24690526723861694,-0.19905896484851837,148,-15.483179250000001,0.0625,150.0
6386,3000,150,0,-2.103856325149536,0.3418516218662262,0.0003,0.19711387157440186,-1.061396837234497,149,-14.940920549999998,0.05,150.0
6393,3020,151,0,-2.1039421558380127,0.29797983169555664,0.0003,-0.08447051048278809,-1.0171369314193726,150,-14.940920549999998,0.05,150.0
6400,3040,152,0,-2.1020455360412598,0.03435433655977249,0.0003,0.5581589341163635,0.3036702275276184,151,-14.940920549999998,0.05,150.0
6407,3060,153,0,-2.105151653289795,0.013623522594571114,0.0003,0.5986109972000122,0.13566450774669647,152,-14.940920549999998,0.05,150.0
6415,3080,154,0,-2.1051037311553955,0.09766354411840439,0.0003,-0.6673570871353149,0.20899280905723572,153,-14.940920549999998,0.05,150.0
6422,3100,155,0,-2.1065988540649414,0.0795060470700264,0.0003,0.42020082473754883,0.24966458976268768,154,-14.940920549999998,0.05,150.0
6429,3120,156,0,-2.105942964553833,0.013818109408020973,0.0003,0.739063024520874,0.10486026108264923,155,-14.940920549999998,0.05,150.0
6436,3140,157,0,-2.1080143451690674,0.030821237713098526,0.0003,0.6392484903335571,0.1367475539445877,156,-14.940920549999998,0.05,150.0
6443,3160,158,0,-2.1063218116760254,0.09672635793685913,0.0003,-0.30717408657073975,0.034267693758010864,157,-14.940920549999998,0.05,150.0
6450,3180,159,0,-2.091784715652466,0.08741290122270584,0.0003,0.5750759840011597,-0.39676982164382935,158,-14.940920549999998,0.05,150.0
6457,3200,160,0,-2.094585657119751,0.05270233005285263,0.0003,0.44712042808532715,-0.26038068532943726,159,-14.940920549999998,0.05,150.0
6464,3220,161,0,-2.0877017974853516,0.1648271381855011,0.0003,0.4001656174659729,-0.1721416562795639,160,-14.940920549999998,0.05,150.0
6471,3240,162,0,-2.075430393218994,0.3200322687625885,0.0003,0.3477933406829834,0.3246777653694153,161,-14.940920549999998,0.05,150.0
6477,3260,163,0,-2.0767452716827393,0.3574870228767395,0.0003,0.4719191789627075,0.13116031885147095,162,-14.940920549999998,0.05,150.0
6484,3280,164,0,-2.0702075958251953,0.15837353467941284,0.0003,0.7310799360275269,-0.4803718626499176,163,-14.940920549999998,0.05,150.0
6490,3300,165,0,-2.066272258758545,0.9428809881210327,0.0003,-0.10299503803253174,0.40933775901794434,164,-14.940920549999998,0.05,150.0
6497,3320,166,0,-2.053967237472534,0.30028003454208374,0.0003,-0.2624131441116333,0.2468210905790329,165,-14.940920549999998,0.05,150.0
6503,3340,167,0,-2.048642635345459,0.07110553979873657,0.0003,0.650971531867981,-0.3204452097415924,166,-14.940920549999998,0.05,150.0
6510,3360,168,0,-2.0493178367614746,0.15957175195217133,0.0003,-0.6446177959442139,-0.33327317237854004,167,-14.940920549999998,0.05,150.0
6516,3380,169,0,-2.0472042560577393,0.14492838084697723,0.0003,0.27098625898361206,-0.47655001282691956,168,-14.940920549999998,0.05,150.0
6522,3400,170,0,-2.0483059883117676,0.09035561978816986,0.0003,0.621315598487854,-0.42924508452415466,169,-14.940920549999998,0.05,150.0
6528,3420,171,0,-2.052820920944214,0.05591381713747978,0.0003,0.687779426574707,-0.3223913013935089,170,-14.940920549999998,0.05,150.0
6534,3440,172,0,-2.0486667156219482,0.13341185450553894,0.0003,0.5980179309844971,-0.46727555990219116,171,-14.940920549999998,0.05,150.0
6540,3460,173,0,-2.0462703704833984,0.2565891444683075,0.0003,0.620781660079956,-0.8926336169242859,172,-14.940920549999998,0.05,150.0
6546,3480,174,0,-2.0500192642211914,0.25490084290504456,0.0003,0.521851658821106,-0.7808656692504883,173,-14.940920549999998,0.05,150.0
6550,3500,175,0,-2.0557868480682373,0.2920563817024231,0.0003,0.31480735540390015,-0.5960385203361511,174,-14.940920549999998,0.05,150.0
6555,3520,176,0,-2.0546796321868896,0.6011453866958618,0.0003,0.11885994672775269,-0.10085730254650116,175,-14.940920549999998,0.05,150.0
6561,3540,177,0,-2.0370235443115234,0.5183346271514893,0.0003,0.19375824928283691,-0.8069227337837219,176,-14.940920549999998,0.05,150.0
6556,3560,178,0,-2.03210186958313,0.4022347927093506,0.0003,0.42841899394989014,-1.0346695184707642,177,-14.940920549999998,0.05,150.0
6551,3580,179,0,-2.032193660736084,0.466914564371109,0.0003,0.35973072052001953,-1.0934275388717651,178,-14.940920549999998,0.05,150.0
6548,3600,180,0,-2.0335612297058105,0.3669142723083496,0.0003,0.2974274158477783,-0.7771216630935669,179,-14.86225570833333,0.041666666666666664,150.0
6552,3620,181,0,-2.0391242504119873,0.36754530668258667,0.0003,0.3316957950592041,-0.946586012840271,180,-14.86225570833333,0.041666666666666664,150.0
6556,3640,182,0,-2.017472267150879,0.08366741985082626,0.0003,0.38953351974487305,0.36629074811935425,181,-14.86225570833333,0.041666666666666664,150.0
6561,3660,183,0,-2.0108609199523926,0.018564734607934952,0.0003,0.6614086627960205,0.1915222555398941,182,-14.86225570833333,0.041666666666666664,150.0
6563,3680,184,0,-2.011707067489624,0.03983225300908089,0.0003,0.5631986856460571,0.11030052602291107,183,-14.86225570833333,0.041666666666666664,150.0
6567,3700,185,0,-2.023552417755127,0.015045002102851868,0.0003,0.4685620069503784,0.03561462461948395,184,-14.86225570833333,0.041666666666666664,150.0
6571,3720,186,0,-2.0428645610809326,0.03344206511974335,0.0003,0.4498136043548584,0.17448541522026062,185,-14.86225570833333,0.041666666666666664,150.0
6576,3740,187,0,-2.035597324371338,0.117534339427948,0.0003,-0.03102695941925049,0.321916788816452,186,-14.86225570833333,0.041666666666666664,150.0
6579,3760,188,0,-2.0296549797058105,0.006951225455850363,0.0003,0.7083351612091064,0.03671237453818321,187,-14.86225570833333,0.041666666666666664,150.0
6583,3780,189,0,-2.0264830589294434,0.008249732665717602,0.0003,0.8829586505889893,0.0019705197773873806,188,-14.86225570833333,0.041666666666666664,150.0
6585,3800,190,0,-2.0348010063171387,0.031505752354860306,0.0003,0.6111143231391907,0.044028062373399734,189,-14.86225570833333,0.041666666666666664,150.0
6590,3820,191,0,-2.034440517425537,0.027157068252563477,0.0003,0.22314190864562988,0.09107215702533722,190,-14.86225570833333,0.041666666666666664,150.0
6595,3840,192,0,-2.0355920791625977,0.055521976202726364,0.0003,-0.32548487186431885,-0.14436542987823486,191,-14.86225570833333,0.041666666666666664,150.0
6600,3860,193,0,-2.034482717514038,0.057023562490940094,0.0003,0.4304698705673218,-0.2687477767467499,192,-14.86225570833333,0.041666666666666664,150.0
6605,3880,194,0,-2.0403237342834473,0.03355133533477783,0.0003,0.2598962187767029,-0.05414404347538948,193,-14.86225570833333,0.041666666666666664,150.0
6608,3900,195,0,-2.037555694580078,0.238615483045578,0.0003,0.023575246334075928,0.28461721539497375,194,-14.86225570833333,0.041666666666666664,150.0
6613,3920,196,0,-2.0441176891326904,0.033777642995119095,0.0003,0.8570177555084229,-0.3373921513557434,195,-14.86225570833333,0.041666666666666664,150.0
6617,3940,197,0,-2.041339874267578,0.03953979164361954,0.0003,0.5892809629440308,-0.32926052808761597,196,-14.86225570833333,0.041666666666666664,150.0
6622,3960,198,0,-2.0372796058654785,0.13743925094604492,0.0003,0.3208879828453064,-0.42221713066101074,197,-14.86225570833333,0.041666666666666664,150.0
6626,3980,199,0,-2.044415235519409,0.132620170712471,0.0003,0.4858841896057129,-0.4939504563808441,198,-14.86225570833333,0.041666666666666664,150.0
6631,4000,200,0,-2.0506348609924316,0.19651810824871063,0.0003,0.09864073991775513,-0.7786996960639954,199,-14.86225570833333,0.041666666666666664,150.0
6636,4020,201,0,-2.0463123321533203,0.29951512813568115,0.0003,0.2406213879585266,-0.6640236377716064,200,-14.86225570833333,0.041666666666666664,150.0
6641,4040,202,0,-2.052487373352051,0.26437488198280334,0.0003,0.36796849966049194,-0.8439793586730957,201,-14.86225570833333,0.041666666666666664,150.0
6645,4060,203,0,-2.046682357788086,0.36365586519241333,0.0003,0.3968326449394226,-0.7919694185256958,202,-14.86225570833333,0.041666666666666664,150.0
6649,4080,204,0,-2.049184799194336,0.44030094146728516,0.0003,0.36273473501205444,-0.9721812009811401,203,-14.86225570833333,0.041666666666666664,150.0
6653,4100,205,0,-2.0459868907928467,0.5658897161483765,0.0003,0.3742833137512207,-1.1221413612365723,204,-14.86225570833333,0.041666666666666664,150.0
6657,4120,206,0,-2.047276258468628,0.6588691473007202,0.0003,0.3194037079811096,-0.868359386920929,205,-14.86225570833333,0.041666666666666664,150.0
6662,4140,207,0,-2.0550289154052734,0.606934666633606,0.0003,0.29670846462249756,-1.1578106880187988,206,-14.86225570833333,0.041666666666666664,150.0
6665,4160,208,0,-2.0602824687957764,0.4100121557712555,0.0003,0.3447127342224121,-1.1037147045135498,207,-14.86225570833333,0.041666666666666664,150.0
6669,4180,209,0,-2.059828281402588,0.4446642994880676,0.0003,0.2754231095314026,-1.1658672094345093,208,-14.86225570833333,0.041666666666666664,150.0
6671,4200,210,0,-2.0578315258026123,0.4595682621002197,0.0003,0.30701130628585815,-1.191042423248291,209,-15.479436214285714,0.03571428571428571,150.0
6675,4220,211,0,-2.057569980621338,0.528269350528717,0.0003,0.2529817819595337,-1.2251704931259155,210,-15.479436214285714,0.03571428571428571,150.0
6679,4240,212,0,-2.0678906440734863,0.0597505196928978,0.0003,0.6337966918945312,0.3485133945941925,211,-15.479436214285714,0.03571428571428571,150.0
6684,4260,213,0,-2.0668258666992188,0.1137552261352539,0.0003,0.4711679220199585,0.526764452457428,212,-15.479436214285714,0.03571428571428571,150.0
6687,4280,214,0,-2.064199924468994,0.05806942656636238,0.0003,0.09013694524765015,0.22150066494941711,213,-15.479436214285714,0.03571428571428571,150.0
6690,4300,215,0,-2.0601561069488525,0.12541194260120392,0.0003,0.3644062280654907,-0.42608577013015747,214,-15.479436214285714,0.03571428571428571,150.0
6694,4320,216,0,-2.062407970428467,0.030755698680877686,0.0003,0.6928175687789917,-0.13125886023044586,215,-15.479436214285714,0.03571428571428571,150.0
6674,4340,217,0,-2.0511350631713867,0.02597130835056305,0.0003,0.6083282828330994,0.13084542751312256,216,-15.479436214285714,0.03571428571428571,150.0
6677,4360,218,0,-2.053161144256592,0.06004917621612549,0.0003,0.6728898286819458,-0.13946692645549774,217,-15.479436214285714,0.03571428571428571,150.0
6681,4380,219,0,-2.057297468185425,0.1088847741484642,0.0003,0.6831185817718506,-0.4147947430610657,218,-15.479436214285714,0.03571428571428571,150.0
6685,4400,220,0,-2.050708770751953,0.09436620771884918,0.0003,0.6215721368789673,-0.4197469651699066,219,-15.479436214285714,0.03571428571428571,150.0
6690,4420,221,0,-2.0491676330566406,0.16694582998752594,0.0003,0.33383917808532715,-0.40972796082496643,220,-15.479436214285714,0.03571428571428571,150.0
6694,4440,222,0,-2.0546793937683105,0.18628950417041779,0.0003,0.5374331474304199,-0.6761633157730103,221,-15.479436214285714,0.03571428571428571,150.0
6698,4460,223,0,-2.0489344596862793,0.31716012954711914,0.0003,0.141387939453125,-0.011177623644471169,222,-15.479436214285714,0.03571428571428571,150.0
6701,4480,224,0,-2.0367608070373535,0.42289209365844727,0.0003,0.2987886071205139,-0.6559158563613892,223,-15.479436214285714,0.03571428571428571,150.0
6705,4500,225,0,-2.035252332687378,0.7183786630630493,0.0003,0.02258509397506714,0.3257499635219574,224,-15.479436214285714,0.03571428571428571,150.0
6708,4520,226,0,-2.0298192501068115,0.4188578724861145,0.0003,0.35152435302734375,-0.6645289659500122,225,-15.479436214285714,0.03571428571428571,150.0
6712,4540,227,0,-2.0398404598236084,0.44951653480529785,0.0003,0.39355093240737915,-1.1116063594818115,226,-15.479436214285714,0.03571428571428571,150.0
6715,4560,228,0,-2.0375816822052,0.4051892161369324,0.0003,0.3777608275413513,-1.0194963216781616,227,-15.479436214285714,0.03571428571428571,150.0
6719,4580,229,0,-2.031237840652466,0.5122805833816528,0.0003,0.33206450939178467,-0.9145395159721375,228,-15.479436214285714,0.03571428571428571,150.0
6722,4600,230,0,-2.0382957458496094,0.5728440284729004,0.0003,0.24833041429519653,-1.2279123067855835,229,-15.479436214285714,0.03571428571428571,150.0
6726,4620,231,0,-2.0409655570983887,0.43918246030807495,0.0003,0.26561790704727173,-1.1462734937667847,230,-15.479436214285714,0.03571428571428571,150.0
6730,4640,232,0,-2.0370821952819824,0.39150819182395935,0.0003,0.2722061276435852,-1.1280386447906494,231,-15.479436214285714,0.03571428571428571,150.0
6733,4660,233,0,-2.0350093841552734,0.48426660895347595,0.0003,0.12102305889129639,-1.1380236148834229,232,-15.479436214285714,0.03571428571428571,150.0
6737,4680,234,0,-2.040236473083496,0.3457430303096771,0.0003,-0.20214807987213135,-0.38302043080329895,233,-15.479436214285714,0.03571428571428571,150.0
6739,4700,235,0,-2.0363941192626953,0.4342029094696045,0.0003,0.05433619022369385,-1.0949499607086182,234,-15.479436214285714,0.03571428571428571,150.0
6742,4720,236,0,-2.0403857231140137,0.47506284713745117,0.0003,0.05790305137634277,-1.1658579111099243,235,-15.479436214285714,0.03571428571428571,150.0
6728,4740,237,0,-2.047027349472046,0.33826667070388794,0.0003,0.035229504108428955,-0.9543668627738953,236,-15.479436214285714,0.03571428571428571,150.0
6724,4760,238,0,-2.05515456199646,0.5018680691719055,0.0003,-0.001484990119934082,-1.16233229637146,237,-15.479436214285714,0.03571428571428571,150.0
6718,4780,239,0,-2.062993049621582,0.35508519411087036,0.0003,0.012578487396240234,-1.1429016590118408,238,-15.479436214285714,0.03571428571428571,150.0
6713,4800,240,0,-2.0606794357299805,0.3846946060657501,0.0003,-0.028464794158935547,-1.042386770248413,239,-16.8923694375,0.03125,150.0
6708,4820,241,0,-2.067349910736084,0.29010438919067383,0.0003,-0.0022143125534057617,-1.0337421894073486,240,-16.8923694375,0.03125,150.0
6701,4840,242,0,-2.064448595046997,0.09227423369884491,0.0003,0.40872377157211304,0.46406131982803345,241,-16.8923694375,0.03125,150.0
6680,4860,243,0,-2.0668745040893555,0.04383157938718796,0.0003,0.29275888204574585,0.2809928357601166,242,-16.8923694375,0.03125,150.0
6675,4880,244,0,-2.0670723915100098,0.013087630271911621,0.0003,0.474174439907074,-0.07056857645511627,243,-16.8923694375,0.03125,150.0
6673,4900,245,0,-2.0688629150390625,0.010770498774945736,0.0003,0.4745466113090515,-0.09682194888591766,244,-16.8923694375,0.03125,150.0
6667,4920,246,0,-2.068910598754883,0.03538518771529198,0.0003,-0.14219331741333008,-0.015002520754933357,245,-16.8923694375,0.03125,150.0
6656,4940,247,0,-2.0749154090881348,0.04884016513824463,0.0003,-0.13667547702789307,0.1043059378862381,246,-16.8923694375,0.03125,150.0
6654,4960,248,0,-2.0703139305114746,0.023468773812055588,0.0003,0.5810518860816956,-0.11435755342245102,247,-16.8923694375,0.03125,150.0
6657,4980,249,0,-2.0678393840789795,0.12992148101329803,0.0003,0.3629944324493408,-0.17280609905719757,248,-16.8923694375,0.03125,150.0
6657,5000,250,0,-2.0563464164733887,0.08938902616500854,0.0003,0.593808114528656,-0.36183401942253113,249,-16.8923694375,0.03125,150.0
6617,5020,251,0,-2.0574233531951904,0.05880831927061081,0.0003,0.7258456945419312,-0.41872864961624146,250,-16.8923694375,0.03125,150.0
6615,5040,252,0,-2.0537450313568115,0.09523212909698486,0.0003,0.5364929437637329,-0.4742319583892822,251,-16.8923694375,0.03125,150.0
6617,5060,253,0,-2.055927276611328,0.03985409066081047,0.0003,0.6979571580886841,-0.3110308349132538,252,-16.8923694375,0.03125,150.0
6620,5080,254,0,-2.05071759223938,0.16308555006980896,0.0003,0.40766483545303345,-0.35075315833091736,253,-16.8923694375,0.03125,150.0
6624,5100,255,0,-2.053793430328369,0.2776472568511963,0.0003,-0.2971230745315552,-0.0009170055272988975,254,-16.8923694375,0.03125,150.0
6626,5120,256,0,-2.0568132400512695,0.11935937404632568,0.0003,0.34162217378616333,-0.5828194618225098,255,-16.8923694375,0.03125,150.0
6627,5140,257,0,-2.0501694679260254,0.16861292719841003,0.0003,0.4096054434776306,-0.6404809355735779,256,-16.8923694375,0.03125,150.0
6629,5160,258,0,-2.048567295074463,0.18281981348991394,0.0003,0.2960893511772156,-0.699580729007721,257,-16.8923694375,0.03125,150.0
6625,5180,259,0,-2.0467100143432617,1.0284488201141357,0.0003,0.0657428503036499,0.11535950005054474,258,-16.8923694375,0.03125,150.0
6622,5200,260,0,-2.0412986278533936,0.3593570590019226,0.0003,0.11207932233810425,-1.1741198301315308,259,-16.8923694375,0.03125,150.0
6624,5220,261,0,-2.0392189025878906,0.15703658759593964,0.0003,0.175031840801239,-0.6681007146835327,260,-16.8923694375,0.03125,150.0
6622,5240,262,0,-2.0425353050231934,0.29000741243362427,0.0003,0.18916118144989014,-1.0086863040924072,261,-16.8923694375,0.03125,150.0
6615,5260,263,0,-2.04008412361145,0.2432265728712082,0.0003,0.13679862022399902,-0.6859661936759949,262,-16.8923694375,0.03125,150.0
6617,5280,264,0,-2.040191888809204,0.3715682625770569,0.0003,0.10228508710861206,-0.3638943135738373,263,-16.8923694375,0.03125,150.0
6618,5300,265,0,-2.03802752494812,0.33759966492652893,0.0003,0.1593548059463501,-0.9915396571159363,264,-16.8923694375,0.03125,150.0
6614,5320,266,0,-2.0388336181640625,0.32227545976638794,0.0003,0.18621081113815308,-0.9096121788024902,265,-16.8923694375,0.03125,150.0
6613,5340,267,0,-2.042497158050537,0.29745471477508545,0.0003,0.1484827995300293,-0.8900042772293091,266,-16.8923694375,0.03125,150.0
6615,5360,268,0,-2.045623779296875,0.28267115354537964,0.0003,0.13324052095413208,-0.9870412945747375,267,-16.8923694375,0.03125,150.0
6618,5380,269,0,-2.0400173664093018,0.30294352769851685,0.0003,0.17091774940490723,-0.8626464009284973,268,-16.8923694375,0.03125,150.0
6618,5400,270,0,-2.047314405441284,0.5460199117660522,0.0003,0.07321268320083618,-0.8285800814628601,269,-17.463223944444444,0.027777777777777776,150.0
6613,5420,271,0,-2.0482845306396484,2.0859272480010986,0.0003,0.07230842113494873,0.6308728456497192,270,-17.463223944444444,0.027777777777777776,150.0
6615,5440,272,0,-2.053715467453003,0.06550341099500656,0.0003,0.7229506373405457,0.3564571440219879,271,-17.463223944444444,0.027777777777777776,150.0
6618,5460,273,0,-2.0462372303009033,0.020538117736577988,0.0003,0.8426578640937805,0.267882376909256,272,-17.463223944444444,0.027777777777777776,150.0
6620,5480,274,0,-2.050983190536499,0.11945545673370361,0.0003,0.3164772391319275,0.4475626051425934,273,-17.463223944444444,0.027777777777777776,150.0
6620,5500,275,0,-2.0527968406677246,0.044440340250730515,0.0003,0.3882056474685669,0.244940847158432,274,-17.463223944444444,0.027777777777777776,150.0
6623,5520,276,0,-2.056541919708252,0.11320219188928604,0.0003,0.15042030811309814,0.32032740116119385,275,-17.463223944444444,0.027777777777777776,150.0
6613,5540,277,0,-2.059969425201416,0.02015267126262188,0.0003,0.8551623821258545,0.1500803828239441,276,-17.463223944444444,0.027777777777777776,150.0
6617,5560,278,0,-2.069488525390625,0.06670139729976654,0.0003,0.7785311937332153,-0.25941452383995056,277,-17.463223944444444,0.027777777777777776,150.0
6621,5580,279,0,-2.0677316188812256,0.09100009500980377,0.0003,0.7196167707443237,-0.1810319870710373,278,-17.463223944444444,0.027777777777777776,150.0
6625,5600,280,0,-2.07742977142334,0.057948626577854156,0.0003,0.7509477734565735,-0.13912507891654968,279,-17.463223944444444,0.027777777777777776,150.0
6629,5620,281,0,-2.079777956008911,0.14151526987552643,0.0003,0.7024918794631958,-0.43987908959388733,280,-17.463223944444444,0.027777777777777776,150.0
6628,5640,282,0,-2.077418088912964,0.3146856725215912,0.0003,-0.18555426597595215,0.353847861289978,281,-17.463223944444444,0.027777777777777776,150.0
6611,5660,283,0,-2.060265064239502,0.12228045612573624,0.0003,0.6069092750549316,-0.21820923686027527,282,-17.463223944444444,0.027777777777777776,150.0
6614,5680,284,0,-2.0455150604248047,1.6884063482284546,0.0003,0.21333664655685425,1.174841284751892,283,-17.463223944444444,0.027777777777777776,150.0
6598,5700,285,0,-2.0464630126953125,0.20706364512443542,0.0003,0.6274052262306213,-0.5256131291389465,284,-17.463223944444444,0.027777777777777776,150.0
6601,5720,286,0,-2.0374605655670166,0.1263708919286728,0.0003,0.5258379578590393,-0.17811205983161926,285,-17.463223944444444,0.027777777777777776,150.0
6604,5740,287,0,-2.016120433807373,1.0264253616333008,0.0003,-0.09895539283752441,0.1977716088294983,286,-17.463223944444444,0.027777777777777776,150.0
6608,5760,288,0,-2.012662649154663,0.16153450310230255,0.0003,0.4146741032600403,-0.15982815623283386,287,-17.463223944444444,0.027777777777777776,150.0
6612,5780,289,0,-2.0110602378845215,0.20826534926891327,0.0003,0.20802950859069824,-0.620184063911438,288,-17.463223944444444,0.027777777777777776,150.0
6616,5800,290,0,-2.0086777210235596,0.28223416209220886,0.0003,0.2969360947608948,-0.8804799318313599,289,-17.463223944444444,0.027777777777777776,150.0
6620,5820,291,0,-2.010420560836792,0.2362242192029953,0.0003,-0.04336440563201904,-0.8135949969291687,290,-17.463223944444444,0.027777777777777776,150.0
6624,5840,292,0,-2.012782573699951,0.36406150460243225,0.0003,-0.021951794624328613,-1.1140415668487549,291,-17.463223944444444,0.027777777777777776,150.0
6628,5860,293,0,-2.010286331176758,0.17662842571735382,0.0003,0.18509149551391602,-0.7375911474227905,292,-17.463223944444444,0.027777777777777776,150.0
6632,5880,294,0,-2.0073587894439697,0.4068334996700287,0.0003,0.12348932027816772,-1.0907775163650513,293,-17.463223944444444,0.027777777777777776,150.0
6636,5900,295,0,-2.007511615753174,0.3754168152809143,0.0003,0.11711186170578003,-0.991650402545929,294,-17.463223944444444,0.027777777777777776,150.0
6639,5920,296,0,-2.012617588043213,0.36860424280166626,0.0003,0.10987603664398193,-0.894302248954773,295,-17.463223944444444,0.027777777777777776,150.0
6643,5940,297,0,-2.0197958946228027,0.39822104573249817,0.0003,0.07189536094665527,-0.9816783666610718,296,-17.463223944444444,0.027777777777777776,150.0
6647,5960,298,0,-2.0188660621643066,0.2605913281440735,0.0003,0.04608500003814697,-0.8424795269966125,297,-17.463223944444444,0.027777777777777776,150.0
6651,5980,299,0,-2.023014545440674,0.3675132691860199,0.0003,0.06904172897338867,-1.0054973363876343,298,-17.463223944444444,0.027777777777777776,150.0
6651,6000,300,0,-2.0312271118164062,0.4234638214111328,0.0003,0.08063817024230957,-1.166333794593811,299,-17.823747524999998,0.025,150.0
6655,6020,301,0,-2.0330686569213867,0.679450511932373,0.0003,0.07274085283279419,-0.4629184603691101,300,-17.823747524999998,0.025,150.0
6658,6040,302,0,-2.0366921424865723,0.10077917575836182,0.0003,0.05781841278076172,0.5690310597419739,301,-17.823747524999998,0.025,150.0
6662,6060,303,0,-2.037663698196411,0.02282772772014141,0.0003,0.6003221273422241,-0.07977801561355591,302,-17.823747524999998,0.025,150.0
6647,6080,304,0,-2.020071268081665,0.212179034948349,0.0003,-0.6485869884490967,0.5427538156509399,303,-17.823747524999998,0.025,150.0
6651,6100,305,0,-2.0194997787475586,0.019106661900877953,0.0003,0.5826513171195984,0.10554609447717667,304,-17.823747524999998,0.025,150.0
6654,6120,306,0,-2.0212175846099854,0.14840807020664215,0.0003,-0.45596611499786377,0.2830999791622162,305,-17.823747524999998,0.025,150.0
6658,6140,307,0,-2.0177133083343506,0.03845822066068649,0.0003,0.6483588814735413,-0.15610548853874207,306,-17.823747524999998,0.025,150.0
6662,6160,308,0,-2.0291054248809814,0.11698009818792343,0.0003,0.6095808744430542,-0.2502330541610718,307,-17.823747524999998,0.025,150.0
6665,6180,309,0,-2.034569501876831,0.18356437981128693,0.0003,0.5857285261154175,-0.1312350332736969,308,-17.823747524999998,0.025,150.0
6669,6200,310,0,-2.0475165843963623,0.19163677096366882,0.0003,0.43431538343429565,-0.208453968167305,309,-17.823747524999998,0.025,150.0
6673,6220,311,0,-2.021559238433838,0.4150623679161072,0.0003,0.48032039403915405,-0.19322963058948517,310,-17.823747524999998,0.025,150.0
6676,6240,312,0,-2.0342161655426025,0.1405559480190277,0.0003,0.7622256278991699,-0.39792361855506897,311,-17.823747524999998,0.025,150.0
6676,6260,313,0,-2.035874605178833,0.13263565301895142,0.0003,0.7687299251556396,-0.4165613055229187,312,-17.823747524999998,0.025,150.0
6670,6280,314,0,-2.037329912185669,0.33748602867126465,0.0003,0.7296156287193298,-0.8578853607177734,313,-17.823747524999998,0.025,150.0
6674,6300,315,0,-2.039764642715454,0.21294629573822021,0.0003,0.5069291591644287,0.07878588140010834,314,-17.823747524999998,0.025,150.0
6673,6320,316,0,-2.0422511100769043,0.34802061319351196,0.0003,0.6411833763122559,-0.5556281805038452,315,-17.823747524999998,0.025,150.0
6677,6340,317,0,-2.0435328483581543,0.14957508444786072,0.0003,0.8321060538291931,-0.6747890710830688,316,-17.823747524999998,0.025,150.0
6681,6360,318,0,-2.0364513397216797,0.411294162273407,0.0003,0.6708350777626038,-0.9028431177139282,317,-17.823747524999998,0.025,150.0
6670,6380,319,0,-2.0401341915130615,0.4035159945487976,0.0003,0.5843183398246765,-0.643172562122345,318,-17.823747524999998,0.025,150.0
6673,6400,320,0,-2.053169012069702,0.40952354669570923,0.0003,0.5934101343154907,-0.8580476641654968,319,-17.823747524999998,0.025,150.0
6677,6420,321,0,-2.0632991790771484,0.39788374304771423,0.0003,0.5340365171432495,-0.8209549188613892,320,-17.823747524999998,0.025,150.0
6680,6440,322,0,-2.0687308311462402,0.3628208041191101,0.0003,0.4348042607307434,-0.9295215606689453,321,-17.823747524999998,0.025,150.0
6675,6460,323,0,-2.0647122859954834,0.40778201818466187,0.0003,0.5234969854354858,-1.070334553718567,322,-17.823747524999998,0.025,150.0
6675,6480,324,0,-2.064426898956299,0.4602751135826111,0.0003,0.4344659447669983,-1.1731561422348022,323,-17.823747524999998,0.025,150.0
6678,6500,325,0,-2.0623342990875244,0.5143128633499146,0.0003,0.32449185848236084,-1.0934492349624634,324,-17.823747524999998,0.025,150.0
6681,6520,326,0,-2.067355155944824,0.2441997081041336,0.0003,0.4098901152610779,-0.899326503276825,325,-17.823747524999998,0.025,150.0
6684,6540,327,0,-2.0631723403930664,0.2429307997226715,0.0003,0.11102879047393799,-0.8569509387016296,326,-17.823747524999998,0.025,150.0
6687,6560,328,0,-2.061680316925049,0.4004071354866028,0.0003,0.18814325332641602,-1.0224791765213013,327,-17.823747524999998,0.025,150.0
6690,6580,329,0,-2.069775342941284,0.4067825675010681,0.0003,0.20422911643981934,-0.9317331314086914,328,-17.823747524999998,0.025,150.0
6691,6600,330,0,-2.082606792449951,0.2875380516052246,0.0003,0.10180175304412842,-0.9401585459709167,329,-18.59066977272727,0.022727272727272728,150.0
6691,6620,331,0,-2.08341908454895,0.21412153542041779,0.0003,0.09363025426864624,-0.8845956921577454,330,-18.59066977272727,0.022727272727272728,150.0
6694,6640,332,0,-2.0813567638397217,0.05555905029177666,0.0003,0.6451939344406128,0.3929196894168854,331,-18.59066977272727,0.022727272727272728,150.0
6697,6660,333,0,-2.0796077251434326,0.033049289137125015,0.0003,0.3148372769355774,-0.07125593721866608,332,-18.59066977272727,0.022727272727272728,150.0
6701,6680,334,0,-2.0722384452819824,0.06829804182052612,0.0003,0.554790198802948,0.16352179646492004,333,-18.59066977272727,0.022727272727272728,150.0
6705,6700,335,0,-2.0775058269500732,0.13555508852005005,0.0003,0.4626308083534241,0.2838383913040161,334,-18.59066977272727,0.022727272727272728,150.0
6708,6720,336,1,-2.0769600868225098,0.06302428990602493,0.0003,0.3862183690071106,0.11091464757919312,335,-18.59066977272727,0.022727272727272728,150.0
6712,6740,337,1,-2.0735697746276855,0.055758554488420486,0.0003,0.333757221698761,-0.1463536024093628,336,-18.59066977272727,0.022727272727272728,150.0
6713,6760,338,1,-2.0614941120147705,0.04348640516400337,0.0003,0.732014536857605,-0.167779341340065,337,-18.59066977272727,0.022727272727272728,150.0
6716,6780,339,1,-2.061899185180664,0.2060096561908722,0.0003,0.4811192750930786,0.3573194146156311,338,-18.59066977272727,0.022727272727272728,150.0
6718,6800,340,1,-2.053297758102417,0.12589380145072937,0.0003,0.7018086314201355,-0.5472604632377625,339,-18.59066977272727,0.022727272727272728,150.0
6716,6820,341,1,-2.053065776824951,0.04201935604214668,0.0003,0.7211383581161499,-0.1011771708726883,340,-18.59066977272727,0.022727272727272728,150.0
6717,6840,342,1,-2.042600393295288,0.050014298409223557,0.0003,-0.48890936374664307,-0.16188576817512512,341,-18.59066977272727,0.022727272727272728,150.0
6719,6860,343,1,-2.05181884765625,0.055140066891908646,0.0003,-3.256150722503662,-0.2069893777370453,342,-18.59066977272727,0.022727272727272728,150.0
6721,6880,344,1,-2.0557239055633545,0.05476973205804825,0.0003,0.5324158072471619,-0.37791329622268677,343,-18.59066977272727,0.022727272727272728,150.0
6710,6900,345,1,-2.0523979663848877,0.12210699170827866,0.0003,0.3211808204650879,0.06506121903657913,344,-18.59066977272727,0.022727272727272728,150.0
6713,6920,346,1,-2.0648140907287598,0.6804282665252686,0.0003,0.09597665071487427,0.6480629444122314,345,-18.59066977272727,0.022727272727272728,150.0
6716,6940,347,1,-2.0596728324890137,0.08330835402011871,0.0003,0.2395162582397461,0.1326339989900589,346,-18.59066977272727,0.022727272727272728,150.0
6718,6960,348,1,-2.067960739135742,0.23738746345043182,0.0003,-0.00865471363067627,0.31492170691490173,347,-18.59066977272727,0.022727272727272728,150.0
6721,6980,349,1,-2.055203437805176,0.09841340780258179,0.0003,-0.11153030395507812,-0.22344493865966797,348,-18.59066977272727,0.022727272727272728,150.0
6723,7000,350,1,-2.057819366455078,0.06561615318059921,0.0003,0.14962440729141235,-0.4029711186885834,349,-18.59066977272727,0.022727272727272728,150.0
6725,7020,351,1,-2.0514047145843506,0.2103228121995926,0.0003,0.12380045652389526,-0.7148625254631042,350,-18.59066977272727,0.022727272727272728,150.0
6728,7040,352,1,-2.055039167404175,0.256794273853302,0.0003,0.11536252498626709,-0.8780603408813477,351,-18.59066977272727,0.022727272727272728,150.0
6731,7060,353,1,-2.058867931365967,0.7948251962661743,0.0003,0.04617804288864136,0.3314908742904663,352,-18.59066977272727,0.022727272727272728,150.0
6734,7080,354,1,-2.0547075271606445,0.10408608615398407,0.0003,0.23272693157196045,-0.5254898071289062,353,-18.59066977272727,0.022727272727272728,150.0
6737,7100,355,1,-2.0530521869659424,0.0720667690038681,0.0003,0.08124488592147827,-0.3540952503681183,354,-18.59066977272727,0.022727272727272728,150.0
6740,7120,356,1,-2.057333469390869,0.2669830322265625,0.0003,0.09082502126693726,-0.33436986804008484,355,-18.59066977272727,0.022727272727272728,150.0
6738,7140,357,1,-2.051246166229248,0.15916672348976135,0.0003,0.01476675271987915,-0.7657831907272339,356,-18.59066977272727,0.022727272727272728,150.0
6738,7160,358,1,-2.047534227371216,0.17166319489479065,0.0003,0.12512880563735962,-0.6882240772247314,357,-18.59066977272727,0.022727272727272728,150.0
6738,7180,359,1,-2.0525851249694824,0.1356114149093628,0.0003,0.09286481142044067,-0.6306425929069519,358,-18.59066977272727,0.022727272727272728,150.0
6738,7200,360,1,-2.0540497303009033,0.2768760621547699,0.0003,0.08905148506164551,-0.7338763475418091,359,-18.54162129166667,0.020833333333333332,150.0
6741,7220,361,1,-2.05379319190979,0.22743721306324005,0.0003,0.09558385610580444,-0.7401325106620789,360,-18.54162129166667,0.020833333333333332,150.0
6743,7240,362,1,-2.06150484085083,0.1575675755739212,0.0003,0.472775399684906,0.5978251695632935,361,-18.54162129166667,0.020833333333333332,150.0
6744,7260,363,1,-2.058528184890747,0.1187840923666954,0.0003,0.6352590322494507,0.3475271165370941,362,-18.54162129166667,0.020833333333333332,150.0
6745,7280,364,1,-2.0510659217834473,0.028989136219024658,0.0003,0.847275972366333,0.06853800266981125,363,-18.54162129166667,0.020833333333333332,150.0
6747,7300,365,1,-2.045675277709961,0.11524909734725952,0.0003,0.6994212865829468,-0.07188840210437775,364,-18.54162129166667,0.020833333333333332,150.0
6750,7320,366,1,-2.045105457305908,0.1597438007593155,0.0003,0.7642948031425476,0.03341291472315788,365,-18.54162129166667,0.020833333333333332,150.0
6752,7340,367,1,-2.0466997623443604,0.06979333609342575,0.0003,0.911921501159668,-0.1622367948293686,366,-18.54162129166667,0.020833333333333332,150.0
6755,7360,368,1,-2.038358688354492,0.16962477564811707,0.0003,0.8667588829994202,-0.39589524269104004,367,-18.54162129166667,0.020833333333333332,150.0
6758,7380,369,1,-2.0242714881896973,0.3295019865036011,0.0003,0.80082106590271,0.6157358884811401,368,-18.54162129166667,0.020833333333333332,150.0
6761,7400,370,1,-2.024435520172119,0.1340005099773407,0.0003,0.9049414396286011,-0.28362077474594116,369,-18.54162129166667,0.020833333333333332,150.0
6763,7420,371,1,-2.0166757106781006,0.10463877767324448,0.0003,0.9229191541671753,0.001154357218183577,370,-18.54162129166667,0.020833333333333332,150.0
6766,7440,372,1,-2.0011205673217773,0.07872561365365982,0.0003,0.9335648417472839,0.07145389169454575,371,-18.54162129166667,0.020833333333333332,150.0
6768,7460,373,1,-1.9880542755126953,0.13338646292686462,0.0003,0.9116191267967224,-0.2717384099960327,372,-18.54162129166667,0.020833333333333332,150.0
6770,7480,374,1,-1.9836654663085938,0.7283997535705566,0.0003,0.5614221692085266,0.5335671305656433,373,-18.54162129166667,0.020833333333333332,150.0
6771,7500,375,1,-1.9820915460586548,0.0433393195271492,0.0003,0.9708638191223145,-0.2532566487789154,374,-18.54162129166667,0.020833333333333332,150.0
6772,7520,376,1,-1.9777812957763672,0.249217227101326,0.0003,0.7767251133918762,0.45759668946266174,375,-18.54162129166667,0.020833333333333332,150.0
6773,7540,377,1,-1.97857666015625,0.8653043508529663,0.0003,0.5052683353424072,0.5963690876960754,376,-18.54162129166667,0.020833333333333332,150.0
6776,7560,378,1,-1.9810587167739868,0.17107734084129333,0.0003,0.9049224853515625,-0.5408123731613159,377,-18.54162129166667,0.020833333333333332,150.0
6778,7580,379,1,-1.9746301174163818,0.3150251507759094,0.0003,0.9204263687133789,-0.7984338998794556,378,-18.54162129166667,0.020833333333333332,150.0
6781,7600,380,1,-1.9830490350723267,0.27463632822036743,0.0003,0.8955960273742676,-0.8301674127578735,379,-18.54162129166667,0.020833333333333332,150.0
6783,7620,381,1,-1.9839656352996826,0.11492182314395905,0.0003,0.8623191118240356,-0.4781082272529602,380,-18.54162129166667,0.020833333333333332,150.0
6786,7640,382,1,-1.979196310043335,0.30821913480758667,0.0003,0.8376894593238831,-0.8913756608963013,381,-18.54162129166667,0.020833333333333332,150.0
6785,7660,383,1,-1.9804595708847046,0.35486355423927307,0.0003,0.7859355807304382,-0.8994223475456238,382,-18.54162129166667,0.020833333333333332,150.0
6784,7680,384,1,-1.9838495254516602,0.2400164157152176,0.0003,0.7960338592529297,-0.6971256732940674,383,-18.54162129166667,0.020833333333333332,150.0
6785,7700,385,1,-1.9836021661758423,0.21017470955848694,0.0003,0.840980052947998,-0.6668950319290161,384,-18.54162129166667,0.020833333333333332,150.0
6787,7720,386,1,-1.9896568059921265,0.26395004987716675,0.0003,0.8087203502655029,-0.6925867795944214,385,-18.54162129166667,0.020833333333333332,150.0
6789,7740,387,1,-1.9990532398223877,0.12835925817489624,0.0003,0.8575921654701233,-0.5263082385063171,386,-18.54162129166667,0.020833333333333332,150.0
6791,7760,388,1,-1.9986244440078735,0.18224675953388214,0.0003,0.8124534487724304,-0.5566859245300293,387,-18.54162129166667,0.020833333333333332,150.0
6792,7780,389,1,-2.002734661102295,0.40378516912460327,0.0003,0.3188120126724243,0.21644918620586395,388,-18.54162129166667,0.020833333333333332,150.0
6792,7800,390,1,-2.0251517295837402,0.08243078738451004,0.0003,0.7024214267730713,-0.11047671735286713,389,-18.26084928846154,0.038461538461538464,150.0
6794,7820,391,1,-2.0099544525146484,6.710209846496582,0.0003,0.30217111110687256,3.3280487060546875,390,-18.26084928846154,0.038461538461538464,150.0
6796,7840,392,1,-1.9967832565307617,0.05295600742101669,0.0003,0.6068582534790039,-0.17764899134635925,391,-18.26084928846154,0.038461538461538464,150.0
6798,7860,393,1,-1.9895139932632446,0.11688446998596191,0.0003,0.12772750854492188,0.38890719413757324,392,-18.26084928846154,0.038461538461538464,150.0
6801,7880,394,1,-1.9970149993896484,0.07600772380828857,0.0003,0.7486764192581177,-0.33816131949424744,393,-18.26084928846154,0.038461538461538464,150.0
6802,7900,395,1,-1.9966793060302734,0.019607553258538246,0.0003,0.8898189067840576,-0.07607696205377579,394,-18.26084928846154,0.038461538461538464,150.0
6803,7920,396,1,-1.9916143417358398,0.25303441286087036,0.0003,0.5486376285552979,0.2935641407966614,395,-18.26084928846154,0.038461538461538464,150.0
6805,7940,397,1,-1.9933397769927979,1.042318344116211,0.0003,0.2465648651123047,0.8061167001724243,396,-18.26084928846154,0.038461538461538464,150.0
6808,7960,398,1,-1.9927699565887451,0.14491960406303406,0.0003,0.8089315891265869,-0.02845638431608677,397,-18.26084928846154,0.038461538461538464,150.0
6809,7980,399,1,-2.007866859436035,0.1744188368320465,0.0003,0.8308516144752502,-0.2500540018081665,398,-18.26084928846154,0.038461538461538464,150.0
6812,8000,400,1,-2.0132901668548584,0.18465979397296906,0.0003,0.8884120583534241,-0.5876375436782837,399,-18.26084928846154,0.038461538461538464,150.0
6814,8020,401,1,-2.0155601501464844,0.14956238865852356,0.0003,0.874263346195221,-0.6533627510070801,400,-18.26084928846154,0.038461538461538464,150.0
6815,8040,402,1,-2.0106823444366455,0.07160043716430664,0.0003,0.8973208665847778,-0.4190874695777893,401,-18.26084928846154,0.038461538461538464,150.0
6816,8060,403,1,-2.0060465335845947,0.0789833515882492,0.0003,0.8148831129074097,-0.4335036277770996,402,-18.26084928846154,0.038461538461538464,150.0
6819,8080,404,1,-1.9988110065460205,0.10215344280004501,0.0003,0.7425364255905151,-0.3465367555618286,403,-18.26084928846154,0.038461538461538464,150.0
6821,8100,405,1,-1.9976511001586914,0.16319534182548523,0.0003,0.7332398295402527,-0.5965191125869751,404,-18.26084928846154,0.038461538461538464,150.0
6823,8120,406,1,-2.0005414485931396,0.06768549978733063,0.0003,0.6341871023178101,-0.20736174285411835,405,-18.26084928846154,0.038461538461538464,150.0
6826,8140,407,1,-2.0069189071655273,0.11726488173007965,0.0003,0.623193085193634,-0.23508457839488983,406,-18.26084928846154,0.038461538461538464,150.0
6828,8160,408,1,-2.022559881210327,0.16316986083984375,0.0003,0.5326287746429443,-0.24964872002601624,407,-18.26084928846154,0.038461538461538464,150.0
6831,8180,409,1,-2.028618812561035,0.11606670916080475,0.0003,0.6073709726333618,-0.42544811964035034,408,-18.26084928846154,0.038461538461538464,150.0
6833,8200,410,1,-2.031459331512451,0.1058311015367508,0.0003,0.3447285294532776,-0.4556528925895691,409,-18.26084928846154,0.038461538461538464,150.0
6836,8220,411,1,-2.025874137878418,0.2833947539329529,0.0003,-0.038645029067993164,0.010738897137343884,410,-18.26084928846154,0.038461538461538464,150.0
6838,8240,412,1,-2.001298189163208,0.08515141904354095,0.0003,0.48378318548202515,-0.28949275612831116,411,-18.26084928846154,0.038461538461538464,150.0
6841,8260,413,1,-2.0085289478302,0.07143557071685791,0.0003,0.45954757928848267,-0.1681952178478241,412,-18.26084928846154,0.038461538461538464,150.0
6843,8280,414,1,-2.023602247238159,0.20873388648033142,0.0003,0.09684121608734131,-0.10473976284265518,413,-18.26084928846154,0.038461538461538464,150.0
6845,8300,415,1,-2.0012247562408447,0.1793687790632248,0.0003,0.20349758863449097,-0.24810762703418732,414,-18.26084928846154,0.038461538461538464,150.0
6848,8320,416,1,-2.0101261138916016,0.12332409620285034,0.0003,0.05811583995819092,-0.621710479259491,415,-18.26084928846154,0.038461538461538464,150.0
6850,8340,417,1,-2.0066747665405273,0.08934472501277924,0.0003,0.19902527332305908,-0.3922693133354187,416,-18.26084928846154,0.038461538461538464,150.0
6853,8360,418,1,-2.008068084716797,0.08323801308870316,0.0003,-0.06410181522369385,-0.39641934633255005,417,-18.26084928846154,0.038461538461538464,150.0
6855,8380,419,1,-2.003814697265625,0.35059624910354614,0.0003,-0.08512067794799805,-0.3782157003879547,418,-18.26084928846154,0.038461538461538464,150.0
6855,8400,420,1,-1.9931056499481201,0.21884684264659882,0.0003,-0.1215050220489502,-0.8476130366325378,419,-18.288318696428572,0.03571428571428571,150.0
6838,8420,421,1,-1.9935013055801392,0.2084123194217682,0.0003,-0.08951842784881592,-0.5804211497306824,420,-18.288318696428572,0.03571428571428571,150.0
6825,8440,422,1,-2.0102791786193848,0.06260518729686737,0.0003,0.6453794240951538,0.20255012810230255,421,-18.288318696428572,0.03571428571428571,150.0
6822,8460,423,1,-2.0064949989318848,0.14344905316829681,0.0003,0.7486579418182373,0.5371755361557007,422,-18.288318696428572,0.03571428571428571,150.0
6823,8480,424,1,-2.0017871856689453,0.09389293938875198,0.0003,0.34573090076446533,0.23800627887248993,423,-18.288318696428572,0.03571428571428571,150.0
6825,8500,425,1,-1.9971214532852173,0.3685714602470398,0.0003,0.32216519117355347,0.5644652247428894,424,-18.288318696428572,0.03571428571428571,150.0
6827,8520,426,1,-1.9963573217391968,0.1335175782442093,0.0003,0.047993600368499756,0.11008147895336151,425,-18.288318696428572,0.03571428571428571,150.0
6829,8540,427,1,-2.004807949066162,0.13012751936912537,0.0003,0.6524360775947571,0.0022156252525746822,426,-18.288318696428572,0.03571428571428571,150.0
6832,8560,428,1,-1.9946115016937256,0.35914522409439087,0.0003,0.695699155330658,0.6325592994689941,427,-18.288318696428572,0.03571428571428571,150.0
6833,8580,429,1,-1.9897994995117188,0.03543804958462715,0.0003,0.9472418427467346,-0.08295190334320068,428,-18.288318696428572,0.03571428571428571,150.0
6835,8600,430,1,-1.9762914180755615,0.3878117501735687,0.0003,0.8270772099494934,0.19653090834617615,429,-18.288318696428572,0.03571428571428571,150.0
6837,8620,431,1,-1.9722204208374023,0.11472946405410767,0.0003,0.951458752155304,-0.39360374212265015,430,-18.288318696428572,0.03571428571428571,150.0
6840,8640,432,1,-1.9721921682357788,0.026866357773542404,0.0003,0.9817647337913513,0.04038754850625992,431,-18.288318696428572,0.03571428571428571,150.0
6842,8660,433,1,-1.9615005254745483,0.12934044003486633,0.0003,0.9476093649864197,-0.3102775812149048,432,-18.288318696428572,0.03571428571428571,150.0
6844,8680,434,1,-1.9581968784332275,0.154449462890625,0.0003,0.9300702214241028,-0.20819595456123352,433,-18.288318696428572,0.03571428571428571,150.0
6847,8700,435,1,-1.9537639617919922,0.17194446921348572,0.0003,0.9513670206069946,-0.5528748631477356,434,-18.288318696428572,0.03571428571428571,150.0
6849,8720,436,1,-1.956673264503479,0.11364302784204483,0.0003,0.9430373311042786,-0.34529048204421997,435,-18.288318696428572,0.03571428571428571,150.0
6851,8740,437,1,-1.9568217992782593,0.29995962977409363,0.0003,0.9169272780418396,-0.7582917213439941,436,-18.288318696428572,0.03571428571428571,150.0
6853,8760,438,1,-1.9576956033706665,0.3605293333530426,0.0003,0.9027022123336792,-1.0452923774719238,437,-18.288318696428572,0.03571428571428571,150.0
6853,8780,439,1,-1.9517242908477783,0.23444664478302002,0.0003,0.8298876285552979,-0.5502453446388245,438,-18.288318696428572,0.03571428571428571,150.0
6854,8800,440,1,-1.9505884647369385,0.3305124342441559,0.0003,0.8442705273628235,-0.8570329546928406,439,-18.288318696428572,0.03571428571428571,150.0
6856,8820,441,1,-1.9491746425628662,0.5940225720405579,0.0003,0.7580326199531555,-0.7091758847236633,440,-18.288318696428572,0.03571428571428571,150.0
6858,8840,442,1,-1.9680137634277344,0.5256397724151611,0.0003,0.7179481983184814,-1.1752941608428955,441,-18.288318696428572,0.03571428571428571,150.0
6861,8860,443,1,-1.9640958309173584,0.45870381593704224,0.0003,0.6918413639068604,-0.8313131332397461,442,-18.288318696428572,0.03571428571428571,150.0
6863,8880,444,1,-1.9746181964874268,0.5117441415786743,0.0003,0.687629222869873,-0.820216178894043,443,-18.288318696428572,0.03571428571428571,150.0
6865,8900,445,1,-1.989712119102478,0.39407414197921753,0.0003,0.7086204290390015,-0.9644738435745239,444,-18.288318696428572,0.03571428571428571,150.0
6864,8920,446,1,-1.989129662513733,0.3469051718711853,0.0003,0.7266237735748291,-0.8683305978775024,445,-18.288318696428572,0.03571428571428571,150.0
6866,8940,447,1,-1.998290777206421,0.406804621219635,0.0003,0.6066550016403198,-1.2205740213394165,446,-18.288318696428572,0.03571428571428571,150.0
6868,8960,448,1,-1.997301459312439,0.36619025468826294,0.0003,0.5421367287635803,-0.9398943781852722,447,-18.288318696428572,0.03571428571428571,150.0
6870,8980,449,1,-2.0015785694122314,0.33915430307388306,0.0003,0.28346067667007446,-0.8923033475875854,448,-18.288318696428572,0.03571428571428571,150.0
6871,9000,450,1,-2.010493755340576,0.3954531252384186,0.0003,0.11622875928878784,-1.1402703523635864,449,-18.6356769,0.03333333333333333,150.0
6873,9020,451,1,-2.0120065212249756,0.2925254702568054,0.0003,0.012828171253204346,-0.9068101644515991,450,-18.6356769,0.03333333333333333,150.0
6875,9040,452,1,-1.988669753074646,0.06644374132156372,0.0003,0.6425249576568604,0.07900551706552505,451,-18.6356769,0.03333333333333333,150.0
6875,9060,453,1,-1.9831438064575195,0.041757021099328995,0.0003,0.8378018140792847,-0.1117851510643959,452,-18.6356769,0.03333333333333333,150.0
6876,9080,454,1,-1.9809997081756592,0.081290602684021,0.0003,0.6825854778289795,0.08549664914608002,453,-18.6356769,0.03333333333333333,150.0
6877,9100,455,1,-1.9776372909545898,0.055102236568927765,0.0003,0.654583215713501,0.050696562975645065,454,-18.6356769,0.03333333333333333,150.0
6879,9120,456,1,-1.9762976169586182,0.14089855551719666,0.0003,0.8156487941741943,0.3191075921058655,455,-18.6356769,0.03333333333333333,150.0
6881,9140,457,1,-1.9753001928329468,0.03230622038245201,0.0003,0.9747816324234009,-0.2416856288909912,456,-18.6356769,0.03333333333333333,150.0
6883,9160,458,1,-1.978878378868103,0.03889091685414314,0.0003,0.924892246723175,-0.12221121788024902,457,-18.6356769,0.03333333333333333,150.0
6885,9180,459,1,-1.9671844244003296,0.06290710717439651,0.0003,0.9020435214042664,-0.09747201204299927,458,-18.6356769,0.03333333333333333,150.0
6886,9200,460,1,-1.9732555150985718,0.40452709794044495,0.0003,0.4559481739997864,-0.07754797488451004,459,-18.6356769,0.03333333333333333,150.0
6887,9220,461,1,-1.9440841674804688,0.07886965572834015,0.0003,0.8651667833328247,-0.18209925293922424,460,-18.6356769,0.03333333333333333,150.0
6888,9240,462,1,-1.9418814182281494,0.06512343138456345,0.0003,0.8523343801498413,-0.13242802023887634,461,-18.6356769,0.03333333333333333,150.0
6890,9260,463,1,-1.9466161727905273,1.3177669048309326,0.0003,0.3986997604370117,1.5141652822494507,462,-18.6356769,0.03333333333333333,150.0
6886,9280,464,1,-1.9489796161651611,0.19273576140403748,0.0003,0.8022399544715881,0.3602938950061798,463,-18.6356769,0.03333333333333333,150.0
6888,9300,465,1,-1.9431692361831665,1.7239153385162354,0.0003,-0.6284891366958618,1.1802788972854614,464,-18.6356769,0.03333333333333333,150.0
6890,9320,466,1,-1.9505923986434937,0.4494916796684265,0.0003,-0.15181946754455566,0.14986200630664825,465,-18.6356769,0.03333333333333333,150.0
6891,9340,467,1,-1.9347740411758423,0.5787659883499146,0.0003,0.26688361167907715,-0.0023622303269803524,466,-18.6356769,0.03333333333333333,150.0
6892,9360,468,1,-1.9278185367584229,0.28720271587371826,0.0003,0.8148235082626343,-0.8879603147506714,467,-18.6356769,0.03333333333333333,150.0
6891,9380,469,1,-1.9290558099746704,0.26928263902664185,0.0003,0.7906860113143921,-0.6970049142837524,468,-18.6356769,0.03333333333333333,150.0
6892,9400,470,1,-1.9352359771728516,0.31378909945487976,0.0003,0.6743365526199341,-0.7093480825424194,469,-18.6356769,0.03333333333333333,150.0
6892,9420,471,1,-1.9396995306015015,0.10468180477619171,0.0003,0.5947504043579102,-0.3967912793159485,470,-18.6356769,0.03333333333333333,150.0
6894,9440,472,1,-1.9479633569717407,0.21202734112739563,0.0003,0.6051645874977112,-0.5739212036132812,471,-18.6356769,0.03333333333333333,150.0
6893,9460,473,1,-1.9590438604354858,0.12081202119588852,0.0003,0.5559533834457397,-0.4941902160644531,472,-18.6356769,0.03333333333333333,150.0
6894,9480,474,1,-1.962154746055603,0.2434692084789276,0.0003,0.4529719948768616,-0.6550746560096741,473,-18.6356769,0.03333333333333333,150.0
6896,9500,475,1,-1.9713466167449951,0.04901241511106491,0.0003,0.6395056247711182,-0.1342829465866089,474,-18.6356769,0.03333333333333333,150.0
6898,9520,476,1,-1.9685386419296265,0.2925022542476654,0.0003,0.4629080295562744,-0.7731558680534363,475,-18.6356769,0.03333333333333333,150.0
6900,9540,477,1,-1.97878098487854,0.17446361482143402,0.0003,0.44836682081222534,-0.6228336095809937,476,-18.6356769,0.03333333333333333,150.0
6903,9560,478,1,-1.9824275970458984,0.2726134955883026,0.0003,0.35134148597717285,-0.6793280243873596,477,-18.6356769,0.03333333333333333,150.0
6902,9580,479,1,-1.995719313621521,0.3867148756980896,0.0003,0.3240879774093628,-0.916561484336853,478,-18.6356769,0.03333333333333333,150.0
6901,9600,480,1,-2.000828266143799,0.31910261511802673,0.0003,0.30076462030410767,-0.9093257784843445,479,-18.607196515625,0.03125,150.0
6902,9620,481,1,-2.0049357414245605,0.24599532783031464,0.0003,0.33133745193481445,-0.7612828016281128,480,-18.607196515625,0.03125,150.0
6903,9640,482,1,-1.9779350757598877,0.09389029443264008,0.0003,0.7609822154045105,0.2613033652305603,481,-18.607196515625,0.03125,150.0
6905,9660,483,1,-1.9828636646270752,0.021321076899766922,0.0003,0.93809974193573,0.12438161671161652,482,-18.607196515625,0.03125,150.0
6907,9680,484,1,-1.9811742305755615,0.0656837671995163,0.0003,0.8536200523376465,0.1230476126074791,483,-18.607196515625,0.03125,150.0
6909,9700,485,1,-1.9872575998306274,0.22550372779369354,0.0003,0.7120534181594849,0.16582608222961426,484,-18.607196515625,0.03125,150.0
6911,9720,486,1,-1.9815952777862549,0.06542934477329254,0.0003,0.9619513154029846,-0.3530544638633728,485,-18.607196515625,0.03125,150.0
6912,9740,487,1,-1.9835903644561768,0.056239791214466095,0.0003,0.8890474438667297,-0.033766210079193115,486,-18.607196515625,0.03125,150.0
6913,9760,488,1,-1.9767234325408936,0.011918061412870884,0.0003,0.9783925414085388,-0.03235628455877304,487,-18.607196515625,0.03125,150.0
6915,9780,489,1,-1.9898927211761475,0.021999657154083252,0.0003,0.9562196731567383,-0.11143822968006134,488,-18.607196515625,0.03125,150.0
6916,9800,490,1,-1.9847562313079834,0.4198221266269684,0.0003,0.7547163367271423,0.7540767192840576,489,-18.607196515625,0.03125,150.0
6918,9820,491,1,-1.982426643371582,0.13831734657287598,0.0003,0.8412417769432068,0.3185834288597107,490,-18.607196515625,0.03125,150.0
6919,9840,492,1,-1.975561499595642,0.05983658507466316,0.0003,0.9463490843772888,-0.3165302872657776,491,-18.607196515625,0.03125,150.0
6921,9860,493,1,-1.9675852060317993,0.11107566207647324,0.0003,0.914657473564148,0.3629116714000702,492,-18.607196515625,0.03125,150.0
6923,9880,494,1,-1.9633572101593018,0.0787166953086853,0.0003,0.9031225442886353,0.03503630310297012,493,-18.607196515625,0.03125,150.0
6925,9900,495,1,-1.9722169637680054,0.2545783519744873,0.0003,0.8619181513786316,-0.18100036680698395,494,-18.607196515625,0.03125,150.0
6927,9920,496,1,-1.9604991674423218,0.17412714660167694,0.0003,0.9361463785171509,-0.675155758857727,495,-18.607196515625,0.03125,150.0
6929,9940,497,1,-1.957893967628479,0.19957421720027924,0.0003,0.9003633260726929,-0.5986257791519165,496,-18.607196515625,0.03125,150.0
6931,9960,498,1,-1.9632068872451782,0.29001134634017944,0.0003,0.7756716012954712,-0.5988656282424927,497,-18.607196515625,0.03125,150.0
6932,9980,499,1,-1.9713935852050781,0.2519773542881012,0.0003,0.8668638467788696,-0.8198339343070984,498,-18.607196515625,0.03125,150.0
6935,10000,500,1,-1.97283136844635,0.2320304661989212,0.0003,0.7951172590255737,-0.7685365676879883,499,-18.607196515625,0.03125,150.0
6936,10020,501,1,-1.9718551635742188,0.44527119398117065,0.0003,0.673195481300354,-1.0222108364105225,500,-18.607196515625,0.03125,150.0
6938,10040,502,1,-1.9784148931503296,0.26475778222084045,0.0003,0.6643518209457397,-0.884589672088623,501,-18.607196515625,0.03125,150.0
6940,10060,503,1,-1.9767554998397827,0.2972172498703003,0.0003,0.48858726024627686,-0.9132025837898254,502,-18.607196515625,0.03125,150.0
6942,10080,504,1,-1.979387640953064,0.3108704686164856,0.0003,0.3276817202568054,-1.0014822483062744,503,-18.607196515625,0.03125,150.0
6944,10100,505,1,-1.9777190685272217,0.42572450637817383,0.0003,0.25972694158554077,-1.0957872867584229,504,-18.607196515625,0.03125,150.0
6946,10120,506,1,-1.9789552688598633,0.3725718855857849,0.0003,0.21146559715270996,-0.9101068377494812,505,-18.607196515625,0.03125,150.0
6947,10140,507,1,-1.9863471984863281,0.3328789174556732,0.0003,0.3240392208099365,-0.853045642375946,506,-18.607196515625,0.03125,150.0
6942,10160,508,1,-1.9981027841567993,0.36279672384262085,0.0003,0.1792912483215332,-1.0987451076507568,507,-18.607196515625,0.03125,150.0
6944,10180,509,1,-1.9966392517089844,0.32541248202323914,0.0003,0.20016586780548096,-1.0882543325424194,508,-18.607196515625,0.03125,150.0
6942,10200,510,1,-1.9922466278076172,0.33099108934402466,0.0003,0.09288573265075684,-0.9240123629570007,509,-18.794226058823526,0.029411764705882353,150.0
6942,10220,511,1,-2.0013649463653564,0.27397698163986206,0.0003,0.11711913347244263,-0.9872754812240601,510,-18.794226058823526,0.029411764705882353,150.0
6943,10240,512,1,-1.9761159420013428,0.05383112281560898,0.0003,0.9085372686386108,-0.28676295280456543,511,-18.794226058823526,0.029411764705882353,150.0
6943,10260,513,1,-1.9712600708007812,0.21946024894714355,0.0003,0.24936169385910034,0.48266810178756714,512,-18.794226058823526,0.029411764705882353,150.0
6944,10280,514,1,-1.9791122674942017,0.07367178797721863,0.0003,0.4268742799758911,-0.07122591137886047,513,-18.794226058823526,0.029411764705882353,150.0
6945,10300,515,1,-1.9864673614501953,0.1777503788471222,0.0003,-12.931708335876465,0.12348662316799164,514,-18.794226058823526,0.029411764705882353,150.0
6947,10320,516,1,-1.995825171470642,0.06573180854320526,0.0003,0.40421193838119507,-0.15085098147392273,515,-18.794226058823526,0.029411764705882353,150.0
6949,10340,517,1,-2.0016114711761475,0.08189839124679565,0.0003,0.30126500129699707,-0.09126292914152145,516,-18.794226058823526,0.029411764705882353,150.0
6950,10360,518,1,-2.0035152435302734,0.04276474192738533,0.0003,0.7600913643836975,-0.309980571269989,517,-18.794226058823526,0.029411764705882353,150.0
6952,10380,519,1,-2.0059781074523926,0.1359831988811493,0.0003,0.37327343225479126,0.14936596155166626,518,-18.794226058823526,0.029411764705882353,150.0
6953,10400,520,1,-2.008216381072998,0.02036096341907978,0.0003,0.8637233376502991,0.036741890013217926,519,-18.794226058823526,0.029411764705882353,150.0
6954,10420,521,1,-2.0007760524749756,0.02944580279290676,0.0003,0.7693120837211609,-0.21436277031898499,520,-18.794226058823526,0.029411764705882353,150.0
6956,10440,522,1,-2.0023765563964844,0.04225461557507515,0.0003,0.5838323831558228,-0.24577505886554718,521,-18.794226058823526,0.029411764705882353,150.0
6955,10460,523,1,-1.9972683191299438,0.07800155878067017,0.0003,0.43894076347351074,-0.09941334277391434,522,-18.794226058823526,0.029411764705882353,150.0
6954,10480,524,1,-2.005882740020752,0.05462542921304703,0.0003,-3.8452701568603516,-0.4360431730747223,523,-18.794226058823526,0.029411764705882353,150.0
6955,10500,525,1,-1.9958980083465576,1.2876355648040771,0.0003,-0.0854717493057251,0.34455519914627075,524,-18.794226058823526,0.029411764705882353,150.0
6956,10520,526,1,-1.9856888055801392,0.6023390889167786,0.0003,0.005215585231781006,-0.22100023925304413,525,-18.794226058823526,0.029411764705882353,150.0
6958,10540,527,1,-1.970616340637207,0.2043168544769287,0.0003,0.16667139530181885,-0.5772970914840698,526,-18.794226058823526,0.029411764705882353,150.0
6959,10560,528,1,-1.976663589477539,0.22293731570243835,0.0003,0.09930890798568726,-0.7412593960762024,527,-18.794226058823526,0.029411764705882353,150.0
6960,10580,529,1,-1.9789962768554688,0.11832264810800552,0.0003,0.16976392269134521,-0.4245372712612152,528,-18.794226058823526,0.029411764705882353,150.0
6959,10600,530,1,-1.9828453063964844,0.31215226650238037,0.0003,0.12941867113113403,-0.8847249150276184,529,-18.794226058823526,0.029411764705882353,150.0
6960,10620,531,1,-1.9864124059677124,0.2843737006187439,0.0003,0.03444594144821167,-0.8808237314224243,530,-18.794226058823526,0.029411764705882353,150.0
6961,10640,532,1,-1.9896838665008545,0.22874972224235535,0.0003,0.078555166721344,-0.7655681371688843,531,-18.794226058823526,0.029411764705882353,150.0
6961,10660,533,1,-1.9901679754257202,0.2962871193885803,0.0003,0.07490622997283936,-0.9455116987228394,532,-18.794226058823526,0.029411764705882353,150.0
6963,10680,534,1,-1.9893079996109009,0.3021617829799652,0.0003,0.04305553436279297,-0.9271211624145508,533,-18.794226058823526,0.029411764705882353,150.0
6965,10700,535,1,-1.991289496421814,0.28634971380233765,0.0003,0.056553542613983154,-0.9652997851371765,534,-18.794226058823526,0.029411764705882353,150.0
6966,10720,536,1,-1.994968056678772,0.2392941266298294,0.0003,0.03291046619415283,-0.7071957588195801,535,-18.794226058823526,0.029411764705882353,150.0
6967,10740,537,1,-2.0077004432678223,0.2219686210155487,0.0003,0.03219950199127197,-0.7222458124160767,536,-18.794226058823526,0.029411764705882353,150.0
6968,10760,538,1,-2.017545223236084,0.14706292748451233,0.0003,0.016384005546569824,-0.6449180841445923,537,-18.794226058823526,0.029411764705882353,150.0
6970,10780,539,1,-2.0185489654541016,0.22642023861408234,0.0003,-0.009922504425048828,-0.8424798846244812,538,-18.794226058823526,0.029411764705882353,150.0
6968,10800,540,1,-2.017528533935547,0.14510121941566467,0.0003,0.005852818489074707,-0.6929333209991455,539,-19.123395083333335,0.027777777777777776,150.0
6969,10820,541,1,-2.0174546241760254,0.11994168907403946,0.0003,0.005487620830535889,-0.6373366117477417,540,-19.123395083333335,0.027777777777777776,150.0
6970,10840,542,1,-1.9790222644805908,0.08556757867336273,0.0003,0.6295247673988342,0.02068287692964077,541,-19.123395083333335,0.027777777777777776,150.0
6971,10860,543,1,-1.9819453954696655,0.04831524193286896,0.0003,0.7699023485183716,0.0927601158618927,542,-19.123395083333335,0.027777777777777776,150.0
6973,10880,544,1,-1.9772075414657593,0.051249437034130096,0.0003,0.7494597434997559,0.2629975378513336,543,-19.123395083333335,0.027777777777777776,150.0
6973,10900,545,1,-1.9780194759368896,0.040588490664958954,0.0003,0.8956149816513062,0.07382427155971527,544,-19.123395083333335,0.027777777777777776,150.0
6973,10920,546,1,-1.9921960830688477,0.010306011885404587,0.0003,0.9826411008834839,0.1122109442949295,545,-19.123395083333335,0.027777777777777776,150.0
6974,10940,547,1,-1.994235634803772,0.07952771335840225,0.0003,0.9141793251037598,0.4168165624141693,546,-19.123395083333335,0.027777777777777776,150.0
6975,10960,548,1,-1.9933855533599854,0.030717650428414345,0.0003,0.9704651832580566,-0.2378532439470291,547,-19.123395083333335,0.027777777777777776,150.0
6976,10980,549,1,-1.9924793243408203,0.7689078450202942,0.0003,0.4089873433113098,0.7647022008895874,548,-19.123395083333335,0.027777777777777776,150.0
6977,11000,550,1,-1.9939939975738525,0.11119528859853745,0.0003,0.8924735188484192,0.14803750813007355,549,-19.123395083333335,0.027777777777777776,150.0
6978,11020,551,1,-1.9861927032470703,0.05224816873669624,0.0003,0.9489451050758362,-0.14073117077350616,550,-19.123395083333335,0.027777777777777776,150.0
6978,11040,552,1,-1.984252691268921,0.14524902403354645,0.0003,0.840873122215271,-0.00851263664662838,551,-19.123395083333335,0.027777777777777776,150.0
6980,11060,553,1,-1.9726104736328125,0.019350962713360786,0.0003,0.9663196802139282,0.03727874159812927,552,-19.123395083333335,0.027777777777777776,150.0
6981,11080,554,1,-1.9671046733856201,0.01681065373122692,0.0003,0.9721794128417969,0.11178719997406006,553,-19.123395083333335,0.027777777777777776,150.0
6982,11100,555,1,-1.969159483909607,0.23157358169555664,0.0003,0.8147801756858826,-0.026576131582260132,554,-19.123395083333335,0.027777777777777776,150.0
6983,11120,556,1,-1.9594236612319946,0.15786196291446686,0.0003,0.8522199392318726,0.08078686892986298,555,-19.123395083333335,0.027777777777777776,150.0
6985,11140,557,1,-1.9560546875,0.2671796381473541,0.0003,0.8327898979187012,-0.40525349974632263,556,-19.123395083333335,0.027777777777777776,150.0
6986,11160,558,1,-1.955209732055664,0.0855051726102829,0.0003,0.9453858137130737,-0.4690288007259369,557,-19.123395083333335,0.027777777777777776,150.0
6986,11180,559,1,-1.9576714038848877,0.08471120148897171,0.0003,0.8961756825447083,-0.3993098735809326,558,-19.123395083333335,0.027777777777777776,150.0
6978,11200,560,1,-1.9612553119659424,0.13941310346126556,0.0003,0.8307445645332336,-0.5718599557876587,559,-19.123395083333335,0.027777777777777776,150.0
6979,11220,561,1,-1.9626861810684204,0.14936980605125427,0.0003,0.7544633150100708,-0.6418311595916748,560,-19.123395083333335,0.027777777777777776,150.0
6981,11240,562,1,-1.9636942148208618,0.12635938823223114,0.0003,0.667557954788208,-0.5085798501968384,561,-19.123395083333335,0.027777777777777776,150.0
6983,11260,563,1,-1.9667766094207764,0.23017518222332,0.0003,0.5550733804702759,-0.6874604225158691,562,-19.123395083333335,0.027777777777777776,150.0
6984,11280,564,1,-1.9733197689056396,1.025376796722412,0.0003,-0.06841671466827393,0.3420628607273102,563,-19.123395083333335,0.027777777777777776,150.0
6985,11300,565,1,-1.9762405157089233,0.22064724564552307,0.0003,0.36739426851272583,-0.7602474093437195,564,-19.123395083333335,0.027777777777777776,150.0
6986,11320,566,1,-1.9772326946258545,0.2692412734031677,0.0003,0.38336944580078125,-0.8313924074172974,565,-19.123395083333335,0.027777777777777776,150.0
6987,11340,567,1,-1.9803730249404907,0.2031303346157074,0.0003,0.3430454730987549,-0.7507476806640625,566,-19.123395083333335,0.027777777777777776,150.0
6989,11360,568,1,-1.9827830791473389,0.3505531847476959,0.0003,0.19505000114440918,-0.8411785364151001,567,-19.123395083333335,0.027777777777777776,150.0
6990,11380,569,1,-1.9918289184570312,0.3479624390602112,0.0003,0.1599554419517517,-0.811394214630127,568,-19.123395083333335,0.027777777777777776,150.0
6991,11400,570,1,-2.0024867057800293,0.32206258177757263,0.0003,0.1506456732749939,-0.9972173571586609,569,-19.11670844736842,0.02631578947368421,150.0
6992,11420,571,1,-2.00575590133667,0.2197006493806839,0.0003,0.1903594732284546,-0.9597609639167786,570,-19.11670844736842,0.02631578947368421,150.0
6994,11440,572,1,-1.968855619430542,0.08288945257663727,0.0003,0.6191157102584839,0.13982097804546356,571,-19.11670844736842,0.02631578947368421,150.0
6995,11460,573,1,-1.9808464050292969,0.13361643254756927,0.0003,0.7466883063316345,-0.19585689902305603,572,-19.11670844736842,0.02631578947368421,150.0
6997,11480,574,1,-1.9694690704345703,0.14696022868156433,0.0003,0.8557278513908386,-0.00419900706037879,573,-19.11670844736842,0.02631578947368421,150.0
6998,11500,575,1,-1.956395149230957,0.8745827674865723,0.0003,-0.17190003395080566,1.0499130487442017,574,-19.11670844736842,0.02631578947368421,150.0
7000,11520,576,1,-1.9578514099121094,0.18444427847862244,0.0003,0.763454020023346,-0.11435208469629288,575,-19.11670844736842,0.02631578947368421,150.0
7001,11540,577,1,-1.9566513299942017,0.11170512437820435,0.0003,0.9252015948295593,-0.5305348634719849,576,-19.11670844736842,0.02631578947368421,150.0
7003,11560,578,1,-1.9557663202285767,0.06747493892908096,0.0003,0.9308403730392456,-0.24435897171497345,577,-19.11670844736842,0.02631578947368421,150.0
7005,11580,579,1,-1.9602876901626587,0.10343660414218903,0.0003,0.8982245922088623,-0.44975417852401733,578,-19.11670844736842,0.02631578947368421,150.0
7007,11600,580,1,-1.9570653438568115,0.05216120555996895,0.0003,0.9195042848587036,-0.228602796792984,579,-19.11670844736842,0.02631578947368421,150.0
7008,11620,581,1,-1.9595553874969482,0.07494211196899414,0.0003,0.8582772612571716,-0.021862652152776718,580,-19.11670844736842,0.02631578947368421,150.0
7010,11640,582,1,-1.9671258926391602,1.4651950597763062,0.0003,0.4648686647415161,0.8628382682800293,581,-19.11670844736842,0.02631578947368421,150.0
7012,11660,583,1,-1.970362663269043,0.5193440318107605,0.0003,0.7597180604934692,0.6909829378128052,582,-19.11670844736842,0.02631578947368421,150.0
7014,11680,584,1,-1.9721059799194336,0.03777720034122467,0.0003,0.9545488953590393,0.048922695219516754,583,-19.11670844736842,0.02631578947368421,150.0
7015,11700,585,1,-1.9765446186065674,0.11940312385559082,0.0003,0.9481188058853149,-0.2652876079082489,584,-19.11670844736842,0.02631578947368421,150.0
7017,11720,586,1,-1.9903414249420166,0.13813357055187225,0.0003,0.9337971210479736,-0.3435690999031067,585,-19.11670844736842,0.02631578947368421,150.0
7018,11740,587,1,-1.996721625328064,0.12782642245292664,0.0003,0.9201302528381348,-0.24678650498390198,586,-19.11670844736842,0.02631578947368421,150.0
7020,11760,588,1,-2.0094566345214844,0.10850061476230621,0.0003,0.9394643306732178,-0.40029698610305786,587,-19.11670844736842,0.02631578947368421,150.0
7021,11780,589,1,-2.017990827560425,0.1221170648932457,0.0003,0.9243224859237671,-0.3840544819831848,588,-19.11670844736842,0.02631578947368421,150.0
7023,11800,590,1,-2.0279550552368164,0.11349605023860931,0.0003,0.8991441130638123,-0.44970545172691345,589,-19.11670844736842,0.02631578947368421,150.0
7024,11820,591,1,-2.032503843307495,0.13716240227222443,0.0003,0.8399109840393066,-0.5281941890716553,590,-19.11670844736842,0.02631578947368421,150.0
7025,11840,592,1,-2.0370419025421143,0.2066963016986847,0.0003,0.6790534257888794,-0.7076755166053772,591,-19.11670844736842,0.02631578947368421,150.0
7025,11860,593,1,-2.036705732345581,0.12601085007190704,0.0003,0.7217980623245239,-0.5173241496086121,592,-19.11670844736842,0.02631578947368421,150.0
7025,11880,594,1,-2.0412604808807373,0.13961735367774963,0.0003,0.6155032515525818,-0.4199325144290924,593,-19.11670844736842,0.02631578947368421,150.0
7025,11900,595,1,-2.0495548248291016,0.22010347247123718,0.0003,0.6204583644866943,-0.6495484113693237,594,-19.11670844736842,0.02631578947368421,150.0
7025,11920,596,1,-2.0620036125183105,0.1334671527147293,0.0003,0.6266634464263916,-0.5714214444160461,595,-19.11670844736842,0.02631578947368421,150.0
7026,11940,597,1,-2.0645804405212402,0.19462859630584717,0.0003,0.49919629096984863,-0.7875676155090332,596,-19.11670844736842,0.02631578947368421,150.0
7027,11960,598,1,-2.0697388648986816,0.14079120755195618,0.0003,0.4451812505722046,-0.6062822341918945,597,-19.11670844736842,0.02631578947368421,150.0
7026,11980,599,1,-2.079655408859253,0.12943921983242035,0.0003,0.34869176149368286,-0.5102400779724121,598,-19.11670844736842,0.02631578947368421,150.0
7025,12000,600,1,-2.0834906101226807,0.1537017822265625,0.0003,0.31444162130355835,-0.685174822807312,599,-19.1027360625,0.025,150.0
7027,12020,601,1,-2.0875000953674316,0.2571853995323181,0.0003,0.16614532470703125,-0.6800433993339539,600,-19.1027360625,0.025,150.0
7027,12040,602,1,-2.0218396186828613,0.16228212416172028,0.0003,0.6931080222129822,-0.5454469323158264,601,-19.1027360625,0.025,150.0
7029,12060,603,1,-2.0215892791748047,0.3221225142478943,0.0003,-0.3645824193954468,-0.008452069945633411,602,-19.1027360625,0.025,150.0
7029,12080,604,1,-2.0196404457092285,0.669983446598053,0.0003,-0.7994754314422607,0.23248997330665588,603,-19.1027360625,0.025,150.0
7030,12100,605,1,-2.025315999984741,0.2603473663330078,0.0003,0.6614077091217041,0.5654069185256958,604,-19.1027360625,0.025,150.0
7030,12120,606,1,-2.024378538131714,0.05177773907780647,0.0003,0.9185534715652466,-0.05290001630783081,605,-19.1027360625,0.025,150.0
7031,12140,607,1,-2.021667242050171,0.025555189698934555,0.0003,0.9752059578895569,-0.03250405937433243,606,-19.1027360625,0.025,150.0
7032,12160,608,1,-2.04005765914917,0.1310570240020752,0.0003,0.9315521121025085,0.12869969010353088,607,-19.1027360625,0.025,150.0
7032,12180,609,1,-2.0387606620788574,0.07083386182785034,0.0003,0.9627674221992493,-0.21901383996009827,608,-19.1027360625,0.025,150.0
7033,12200,610,1,-2.041461229324341,0.038755159825086594,0.0003,0.983417272567749,-0.25620323419570923,609,-19.1027360625,0.025,150.0
7034,12220,611,1,-2.042232036590576,0.8145745992660522,0.0003,0.014569222927093506,0.7471790909767151,610,-19.1027360625,0.025,150.0
7034,12240,612,1,-2.037320852279663,1.218786358833313,0.0003,0.6578723192214966,0.42178553342819214,611,-19.1027360625,0.025,150.0
7035,12260,613,1,-2.042668104171753,0.12760420143604279,0.0003,0.9690203666687012,-0.5092952847480774,612,-19.1027360625,0.025,150.0
7034,12280,614,1,-2.048152446746826,0.13950741291046143,0.0003,0.9162712693214417,0.16183064877986908,613,-19.1027360625,0.025,150.0
7035,12300,615,1,-2.054953098297119,0.12919265031814575,0.0003,0.9558766484260559,-0.45424070954322815,614,-19.1027360625,0.025,150.0
7037,12320,616,1,-2.056619167327881,0.1847873330116272,0.0003,0.8327318429946899,-0.12822958827018738,615,-19.1027360625,0.025,150.0
7037,12340,617,1,-2.07035756111145,0.10583136975765228,0.0003,0.8792433738708496,-0.3330816328525543,616,-19.1027360625,0.025,150.0
7038,12360,618,1,-2.066232204437256,0.20885197818279266,0.0003,0.8405378460884094,-0.7243668437004089,617,-19.1027360625,0.025,150.0
7039,12380,619,1,-2.072053909301758,0.1351480782032013,0.0003,0.7389897108078003,-0.6242794990539551,618,-19.1027360625,0.025,150.0
7039,12400,620,1,-2.0622286796569824,0.08960304409265518,0.0003,0.5564060807228088,-0.3550167679786682,619,-19.1027360625,0.025,150.0
7041,12420,621,1,-2.0556139945983887,0.15224771201610565,0.0003,0.34506815671920776,-0.6503192186355591,620,-19.1027360625,0.025,150.0
7042,12440,622,1,-2.054995059967041,0.17526492476463318,0.0003,0.31968432664871216,-0.6911250352859497,621,-19.1027360625,0.025,150.0
7043,12460,623,1,-2.0595486164093018,0.17219264805316925,0.0003,0.31763333082199097,-0.6909863352775574,622,-19.1027360625,0.025,150.0
7044,12480,624,1,-2.0598621368408203,0.1363488733768463,0.0003,0.17453533411026,-0.5808238983154297,623,-19.1027360625,0.025,150.0
7046,12500,625,1,-2.0580060482025146,0.11993739753961563,0.0003,0.24216699600219727,-0.5925871729850769,624,-19.1027360625,0.025,150.0
7047,12520,626,1,-2.056326150894165,0.12934736907482147,0.0003,0.12914979457855225,-0.6160907745361328,625,-19.1027360625,0.025,150.0
7048,12540,627,1,-2.0507969856262207,0.13645729422569275,0.0003,0.0012430548667907715,-0.6239557266235352,626,-19.1027360625,0.025,150.0
7047,12560,628,1,-2.052499771118164,0.10574207454919815,0.0003,0.19153672456741333,-0.5389150381088257,627,-19.1027360625,0.025,150.0
7047,12580,629,1,-2.050670623779297,0.13774755597114563,0.0003,0.06519275903701782,-0.6035504341125488,628,-19.1027360625,0.025,150.0
7047,12600,630,1,-2.049116611480713,0.24523711204528809,0.0003,-0.015870094299316406,-0.8134395480155945,629,-19.215170666666666,0.023809523809523808,150.0
7047,12620,631,1,-2.0538883209228516,0.2520861029624939,0.0003,-0.01609218120574951,-0.8749049305915833,630,-19.215170666666666,0.023809523809523808,150.0
7047,12640,632,1,-2.0254340171813965,0.08092699944972992,0.0003,0.9199883341789246,-0.2469201534986496,631,-19.215170666666666,0.023809523809523808,150.0
7048,12660,633,1,-2.022341251373291,0.09430667012929916,0.0003,0.9023349285125732,0.1211409941315651,632,-19.215170666666666,0.023809523809523808,150.0
7050,12680,634,1,-2.0299386978149414,0.025676831603050232,0.0003,0.980019748210907,-0.16431161761283875,633,-19.215170666666666,0.023809523809523808,150.0
7051,12700,635,1,-2.02793550491333,0.23152200877666473,0.0003,0.7528579235076904,0.10664486885070801,634,-19.215170666666666,0.023809523809523808,150.0
7052,12720,636,1,-2.028496265411377,0.06791049987077713,0.0003,0.9266014099121094,-0.30576249957084656,635,-19.215170666666666,0.023809523809523808,150.0
7053,12740,637,1,-2.0213656425476074,0.11074962466955185,0.0003,0.8866916298866272,0.3228661119937897,636,-19.215170666666666,0.023809523809523808,150.0
7055,12760,638,1,-2.025433301925659,0.020086664706468582,0.0003,0.9540240168571472,-0.02923348918557167,637,-19.215170666666666,0.023809523809523808,150.0
7056,12780,639,1,-2.0158419609069824,0.018960444256663322,0.0003,0.9462470412254333,0.049184516072273254,638,-19.215170666666666,0.023809523809523808,150.0
7057,12800,640,1,-2.022400379180908,1.9995920658111572,0.0003,0.30125004053115845,1.465105414390564,639,-19.215170666666666,0.023809523809523808,150.0
7058,12820,641,1,-2.022259473800659,0.14562129974365234,0.0003,0.8936178088188171,0.5275315046310425,640,-19.215170666666666,0.023809523809523808,150.0
7060,12840,642,1,-2.0204567909240723,0.13343538343906403,0.0003,0.8818421363830566,0.15325883030891418,641,-19.215170666666666,0.023809523809523808,150.0
7061,12860,643,1,-2.020214080810547,0.052176039665937424,0.0003,0.957491934299469,-0.039339661598205566,642,-19.215170666666666,0.023809523809523808,150.0
7062,12880,644,1,-2.010577440261841,0.06598669290542603,0.0003,0.9517160654067993,0.017355315387248993,643,-19.215170666666666,0.023809523809523808,150.0
7063,12900,645,1,-2.0091137886047363,0.14843110740184784,0.0003,0.9111457467079163,0.2680146098136902,644,-19.215170666666666,0.023809523809523808,150.0
7064,12920,646,1,-2.003821611404419,0.7493628263473511,0.0003,0.19758635759353638,0.5891544818878174,645,-19.215170666666666,0.023809523809523808,150.0
7065,12940,647,1,-1.9947296380996704,0.06986863911151886,0.0003,0.9517441987991333,0.1462758481502533,646,-19.215170666666666,0.023809523809523808,150.0
7066,12960,648,1,-1.999536156654358,0.1268416941165924,0.0003,0.8809431195259094,0.18644115328788757,647,-19.215170666666666,0.023809523809523808,150.0
7067,12980,649,1,-1.9970827102661133,0.12169153988361359,0.0003,0.9119818210601807,-0.11455812305212021,648,-19.215170666666666,0.023809523809523808,150.0
7067,13000,650,1,-1.996811866760254,0.23087267577648163,0.0003,0.8837484121322632,-0.511899471282959,649,-19.215170666666666,0.023809523809523808,150.0
7068,13020,651,1,-1.9901901483535767,0.3957439064979553,0.0003,0.7735682129859924,-0.09502439945936203,650,-19.215170666666666,0.023809523809523808,150.0
7069,13040,652,1,-1.9798742532730103,0.815220057964325,0.0003,0.35840052366256714,-0.16978728771209717,651,-19.215170666666666,0.023809523809523808,150.0
7070,13060,653,1,-1.98232102394104,0.4420835077762604,0.0003,0.3816210627555847,-0.2181842029094696,652,-19.215170666666666,0.023809523809523808,150.0
7072,13080,654,1,-1.9668445587158203,0.1595008820295334,0.0003,0.7771373987197876,-0.6589964032173157,653,-19.215170666666666,0.023809523809523808,150.0
7073,13100,655,1,-1.963874101638794,0.285025417804718,0.0003,0.6429809331893921,-0.424226850271225,654,-19.215170666666666,0.023809523809523808,150.0
7074,13120,656,1,-1.9670283794403076,0.17979276180267334,0.0003,0.7601685523986816,-0.8279777765274048,655,-19.215170666666666,0.023809523809523808,150.0
7074,13140,657,1,-1.9586153030395508,0.2276003360748291,0.0003,0.6072126030921936,-0.799960196018219,656,-19.215170666666666,0.023809523809523808,150.0
7074,13160,658,1,-1.9602291584014893,0.21079584956169128,0.0003,0.5611277222633362,-0.6226049065589905,657,-19.215170666666666,0.023809523809523808,150.0
7075,13180,659,1,-1.9719520807266235,0.1617368757724762,0.0003,0.4363446831703186,-0.6115491390228271,658,-19.215170666666666,0.023809523809523808,150.0
7075,13200,660,1,-1.9769103527069092,0.21534137427806854,0.0003,0.3429498076438904,-0.7341444492340088,659,-19.020174261363636,0.022727272727272728,150.0
7075,13220,661,1,-1.9827086925506592,0.15615084767341614,0.0003,0.349112868309021,-0.6014283895492554,660,-19.020174261363636,0.022727272727272728,150.0
7076,13240,662,1,-1.9890581369400024,0.07141715288162231,0.0003,0.741640567779541,0.20338408648967743,661,-19.020174261363636,0.022727272727272728,150.0
7076,13260,663,1,-1.9914451837539673,0.09395794570446014,0.0003,0.78138667345047,0.13289594650268555,662,-19.020174261363636,0.022727272727272728,150.0
7077,13280,664,1,-1.988172173500061,0.3015133738517761,0.0003,0.8271217346191406,0.4293674826622009,663,-19.020174261363636,0.022727272727272728,150.0
7078,13300,665,1,-1.9853366613388062,1.6291965246200562,0.0003,-0.4605492353439331,0.8998327255249023,664,-19.020174261363636,0.022727272727272728,150.0
7079,13320,666,1,-1.9847652912139893,0.8583860397338867,0.0003,-0.0015276670455932617,0.816818118095398,665,-19.020174261363636,0.022727272727272728,150.0
7080,13340,667,1,-1.98690927028656,0.5238832831382751,0.0003,0.7298059463500977,0.3404420018196106,666,-19.020174261363636,0.022727272727272728,150.0
7081,13360,668,1,-1.9883205890655518,0.5401221513748169,0.0003,0.8955157399177551,-1.2871313095092773,667,-19.020174261363636,0.022727272727272728,150.0
7082,13380,669,1,-1.9876306056976318,0.16405558586120605,0.0003,0.9549835920333862,-0.3429567217826843,668,-19.020174261363636,0.022727272727272728,150.0
7083,13400,670,1,-1.992834448814392,0.6279951930046082,0.0003,0.8903798460960388,-1.3568809032440186,669,-19.020174261363636,0.022727272727272728,150.0
7084,13420,671,1,-1.9908039569854736,0.2409593164920807,0.0003,0.9196262359619141,-0.46239224076271057,670,-19.020174261363636,0.022727272727272728,150.0
7085,13440,672,1,-2.0004220008850098,0.13659146428108215,0.0003,0.9426463842391968,-0.3845900893211365,671,-19.020174261363636,0.022727272727272728,150.0
7086,13460,673,1,-1.9963725805282593,0.08612887561321259,0.0003,0.9197198152542114,-0.16562840342521667,672,-19.020174261363636,0.022727272727272728,150.0
7087,13480,674,1,-1.9980945587158203,0.1231486052274704,0.0003,0.6571916937828064,-0.30326929688453674,673,-19.020174261363636,0.022727272727272728,150.0
7088,13500,675,1,-1.992647409439087,0.1445072889328003,0.0003,0.7580167651176453,-0.22749194502830505,674,-19.020174261363636,0.022727272727272728,150.0
7089,13520,676,1,-1.9757887125015259,0.10767056792974472,0.0003,0.45183902978897095,-0.3135901689529419,675,-19.020174261363636,0.022727272727272728,150.0
7090,13540,677,1,-1.9625259637832642,0.4772092401981354,0.0003,-0.17290771007537842,0.2773575484752655,676,-19.020174261363636,0.022727272727272728,150.0
7092,13560,678,1,-1.9659745693206787,0.09261057525873184,0.0003,0.5607920289039612,-0.28379395604133606,677,-19.020174261363636,0.022727272727272728,150.0
7092,13580,679,1,-1.9655078649520874,0.17454421520233154,0.0003,0.565784215927124,-0.39173537492752075,678,-19.020174261363636,0.022727272727272728,150.0
7093,13600,680,1,-1.9743242263793945,0.1613573431968689,0.0003,0.5683320164680481,-0.580808162689209,679,-19.020174261363636,0.022727272727272728,150.0
7094,13620,681,1,-1.9832664728164673,0.2295595109462738,0.0003,0.40691161155700684,-0.6047483682632446,680,-19.020174261363636,0.022727272727272728,150.0
7093,13640,682,1,-1.9894345998764038,0.15916958451271057,0.0003,0.46746957302093506,-0.5709308981895447,681,-19.020174261363636,0.022727272727272728,150.0
7094,13660,683,1,-1.9906396865844727,0.28863218426704407,0.0003,0.3675581216812134,-0.5900174975395203,682,-19.020174261363636,0.022727272727272728,150.0
7095,13680,684,1,-2.004122257232666,0.2830401360988617,0.0003,0.33742111921310425,-0.7005040049552917,683,-19.020174261363636,0.022727272727272728,150.0
7096,13700,685,1,-2.014418363571167,0.16941043734550476,0.0003,0.38741928339004517,-0.6650985479354858,684,-19.020174261363636,0.022727272727272728,150.0
7095,13720,686,1,-2.013505220413208,0.1334342658519745,0.0003,0.3302304744720459,-0.47711825370788574,685,-19.020174261363636,0.022727272727272728,150.0
7096,13740,687,1,-2.016417980194092,0.21739092469215393,0.0003,0.24942266941070557,-0.4237332344055176,686,-19.020174261363636,0.022727272727272728,150.0
7096,13760,688,1,-2.027024269104004,0.172472283244133,0.0003,0.36025846004486084,-0.6330219507217407,687,-19.020174261363636,0.022727272727272728,150.0
7097,13780,689,1,-2.027966022491455,0.21107995510101318,0.0003,0.288440465927124,-0.6963832974433899,688,-19.020174261363636,0.022727272727272728,150.0
7097,13800,690,1,-2.0331051349639893,0.13776803016662598,0.0003,0.2910439968109131,-0.6241950988769531,689,-19.069100630434786,0.021739130434782608,150.0
7098,13820,691,1,-2.022474765777588,0.18618853390216827,0.0003,0.1980607509613037,-0.6028540730476379,690,-19.069100630434786,0.021739130434782608,150.0
7099,13840,692,1,-2.003302812576294,0.161591574549675,0.0003,0.8119756579399109,-0.6484783887863159,691,-19.069100630434786,0.021739130434782608,150.0
7099,13860,693,1,-2.0041496753692627,0.05157213285565376,0.0003,0.7664600610733032,-0.18521155416965485,692,-19.069100630434786,0.021739130434782608,150.0
7100,13880,694,1,-1.9954789876937866,0.10556374490261078,0.0003,0.6759179830551147,0.18491828441619873,693,-19.069100630434786,0.021739130434782608,150.0
7101,13900,695,1,-1.9882739782333374,0.6270058155059814,0.0003,0.37751078605651855,0.5730107426643372,694,-19.069100630434786,0.021739130434782608,150.0
7102,13920,696,1,-1.9885059595108032,0.2405960112810135,0.0003,0.8200861811637878,-0.017244940623641014,695,-19.069100630434786,0.021739130434782608,150.0
7103,13940,697,1,-1.9945446252822876,0.0470161959528923,0.0003,0.9518975615501404,-0.16263994574546814,696,-19.069100630434786,0.021739130434782608,150.0
7105,13960,698,1,-1.9893118143081665,0.02407475933432579,0.0003,0.9648762941360474,0.1000327318906784,697,-19.069100630434786,0.021739130434782608,150.0
7106,13980,699,1,-1.982638955116272,0.042504239827394485,0.0003,0.9152677655220032,-0.04293988272547722,698,-19.069100630434786,0.021739130434782608,150.0
7107,14000,700,1,-1.9825608730316162,0.7342576384544373,0.0003,0.25823384523391724,0.597156822681427,699,-19.069100630434786,0.021739130434782608,150.0
7107,14020,701,1,-1.9774093627929688,0.4540964663028717,0.0003,0.36657094955444336,0.38207128643989563,700,-19.069100630434786,0.021739130434782608,150.0
7108,14040,702,1,-1.9799325466156006,5.920037269592285,0.0003,0.08670508861541748,2.0750246047973633,701,-19.069100630434786,0.021739130434782608,150.0
7100,14060,703,1,-1.9813791513442993,0.08942003548145294,0.0003,0.9180130958557129,-0.1963416486978531,702,-19.069100630434786,0.021739130434782608,150.0
7101,14080,704,1,-1.9762111902236938,0.09252754598855972,0.0003,0.931553840637207,-0.4743742048740387,703,-19.069100630434786,0.021739130434782608,150.0
7103,14100,705,1,-1.9758903980255127,0.37296053767204285,0.0003,0.28880923986434937,0.6771689057350159,704,-19.069100630434786,0.021739130434782608,150.0
7104,14120,706,1,-1.9776824712753296,0.44770583510398865,0.0003,0.4738888740539551,0.6649032831192017,705,-19.069100630434786,0.021739130434782608,150.0
7105,14140,707,1,-1.978938102722168,0.06978205591440201,0.0003,0.7182739973068237,-0.28997111320495605,706,-19.069100630434786,0.021739130434782608,150.0
7106,14160,708,1,-1.9808117151260376,0.1713773012161255,0.0003,0.6225463151931763,-0.6599670648574829,707,-19.069100630434786,0.021739130434782608,150.0
7108,14180,709,1,-1.9793485403060913,0.11297433078289032,0.0003,0.43615585565567017,-0.5012160539627075,708,-19.069100630434786,0.021739130434782608,150.0
7109,14200,710,1,-1.9717216491699219,0.16459132730960846,0.0003,0.4351031184196472,-0.7579296827316284,709,-19.069100630434786,0.021739130434782608,150.0
7110,14220,711,1,-1.9615265130996704,0.3197769522666931,0.0003,-0.03232383728027344,-0.03671764209866524,710,-19.069100630434786,0.021739130434782608,150.0
7111,14240,712,2,-1.9814436435699463,0.44762104749679565,0.0003,0.0853198766708374,-0.21081118285655975,711,-19.069100630434786,0.021739130434782608,150.0
7111,14260,713,2,-1.9778671264648438,0.2561108469963074,0.0003,0.1625230312347412,-0.7348642349243164,712,-19.069100630434786,0.021739130434782608,150.0
7112,14280,714,2,-1.9795879125595093,0.1361680030822754,0.0003,0.12668675184249878,-0.423623651266098,713,-19.069100630434786,0.021739130434782608,150.0
7112,14300,715,2,-1.9798519611358643,0.21446971595287323,0.0003,0.06703633069992065,-0.6241808533668518,714,-19.069100630434786,0.021739130434782608,150.0
7113,14320,716,2,-1.9870786666870117,1.4841632843017578,0.0003,-0.0015628337860107422,0.17081685364246368,715,-19.069100630434786,0.021739130434782608,150.0
7114,14340,717,2,-1.9815162420272827,0.31532424688339233,0.0003,0.02864968776702881,-0.5976821184158325,716,-19.069100630434786,0.021739130434782608,150.0
7115,14360,718,2,-1.9814355373382568,1.5147241353988647,0.0003,0.014483809471130371,0.48281335830688477,717,-19.069100630434786,0.021739130434782608,150.0
7116,14380,719,2,-1.976938009262085,0.14580470323562622,0.0003,0.015607953071594238,-0.7255802750587463,718,-19.069100630434786,0.021739130434782608,150.0
7116,14400,720,2,-1.9710772037506104,2.486176013946533,0.0003,0.00447690486907959,0.4971623420715332,719,-18.932005635416665,0.020833333333333332,150.0
7115,14420,721,2,-1.9555797576904297,0.41726407408714294,0.0003,0.014594972133636475,-0.3339788019657135,720,-18.932005635416665,0.020833333333333332,150.0
7116,14440,722,2,-1.9484221935272217,0.06338799744844437,0.0003,0.8201812505722046,-0.4868016242980957,721,-18.932005635416665,0.020833333333333332,150.0
7116,14460,723,2,-1.9445785284042358,0.14107684791088104,0.0003,0.3288653492927551,0.013048380613327026,722,-18.932005635416665,0.020833333333333332,150.0
7117,14480,724,2,-1.948912262916565,0.2736559510231018,0.0003,0.7428159117698669,-0.6133564114570618,723,-18.932005635416665,0.020833333333333332,150.0
7116,14500,725,2,-1.9492123126983643,0.048592690378427505,0.0003,0.9465014934539795,-0.2853650748729706,724,-18.932005635416665,0.020833333333333332,150.0
7115,14520,726,2,-1.9488017559051514,0.044130511581897736,0.0003,0.9450495839118958,-0.28561151027679443,725,-18.932005635416665,0.020833333333333332,150.0
7116,14540,727,2,-1.9402134418487549,0.02259567566215992,0.0003,0.9676512479782104,-0.08342278748750687,726,-18.932005635416665,0.020833333333333332,150.0
7116,14560,728,2,-1.9500821828842163,0.09579108655452728,0.0003,0.8853656053543091,0.2663361430168152,727,-18.932005635416665,0.020833333333333332,150.0
7116,14580,729,2,-1.9435256719589233,0.029873469844460487,0.0003,0.946869969367981,0.11609427630901337,728,-18.932005635416665,0.020833333333333332,150.0
7117,14600,730,2,-1.9416334629058838,0.5642817616462708,0.0003,0.6995636820793152,1.0228497982025146,729,-18.932005635416665,0.020833333333333332,150.0
7116,14620,731,2,-1.939215064048767,0.7565217614173889,0.0003,0.7483928203582764,0.8460275530815125,730,-18.932005635416665,0.020833333333333332,150.0
7115,14640,732,2,-1.9402828216552734,1.3655059337615967,0.0003,0.7266955971717834,1.6472499370574951,731,-18.932005635416665,0.020833333333333332,150.0
7116,14660,733,2,-1.9421074390411377,0.7335357666015625,0.0003,0.5550551414489746,0.3512027859687805,732,-18.932005635416665,0.020833333333333332,150.0
7116,14680,734,2,-1.9364891052246094,0.07131757587194443,0.0003,0.965034544467926,-0.2802753448486328,733,-18.932005635416665,0.020833333333333332,150.0
7117,14700,735,2,-1.9381968975067139,0.10667739808559418,0.0003,0.9646660089492798,-0.46780481934547424,734,-18.932005635416665,0.020833333333333332,150.0
7118,14720,736,2,-1.9406417608261108,0.06845913082361221,0.0003,0.9400938153266907,-0.3261001408100128,735,-18.932005635416665,0.020833333333333332,150.0
7118,14740,737,2,-1.9362752437591553,0.7621532678604126,0.0003,0.29020607471466064,0.5208116173744202,736,-18.932005635416665,0.020833333333333332,150.0
7117,14760,738,2,-1.9358813762664795,0.11128091812133789,0.0003,0.8392462730407715,-0.43224796652793884,737,-18.932005635416665,0.020833333333333332,150.0
7117,14780,739,2,-1.9231178760528564,0.13422927260398865,0.0003,0.8769187927246094,-0.5680335760116577,738,-18.932005635416665,0.020833333333333332,150.0
7117,14800,740,2,-1.9195005893707275,0.19319964945316315,0.0003,0.4054684638977051,-0.2505551874637604,739,-18.932005635416665,0.020833333333333332,150.0
7117,14820,741,2,-1.9325565099716187,0.14044052362442017,0.0003,-0.13508987426757812,-0.024990808218717575,740,-18.932005635416665,0.020833333333333332,150.0
7117,14840,742,2,-1.9485222101211548,0.12975983321666718,0.0003,0.3860682249069214,-0.6125935912132263,741,-18.932005635416665,0.020833333333333332,150.0
7117,14860,743,2,-1.947045087814331,0.19881382584571838,0.0003,0.15330111980438232,-0.8334634900093079,742,-18.932005635416665,0.020833333333333332,150.0
7118,14880,744,2,-1.9363600015640259,0.20394353568553925,0.0003,0.30359113216400146,-0.7382182478904724,743,-18.932005635416665,0.020833333333333332,150.0
7118,14900,745,2,-1.9354137182235718,0.3557421863079071,0.0003,0.05715280771255493,-0.8906857371330261,744,-18.932005635416665,0.020833333333333332,150.0
7118,14920,746,2,-1.9410390853881836,0.32092976570129395,0.0003,0.08843839168548584,-0.9878641366958618,745,-18.932005635416665,0.020833333333333332,150.0
7119,14940,747,2,-1.9395930767059326,0.3004694879055023,0.0003,0.03330874443054199,-0.9100989103317261,746,-18.932005635416665,0.020833333333333332,150.0
7120,14960,748,2,-1.9430625438690186,0.3902107775211334,0.0003,0.032595694065093994,-1.0553195476531982,747,-18.932005635416665,0.020833333333333332,150.0
7120,14980,749,2,-1.9439232349395752,0.4074203073978424,0.0003,-0.028992176055908203,-0.9926450848579407,748,-18.932005635416665,0.020833333333333332,150.0
7120,15000,750,2,-1.949729323387146,0.2505817413330078,0.0003,-0.030309438705444336,-0.8890849351882935,749,-19.057106489999995,0.02,150.0
7121,15020,751,2,-1.9482444524765015,0.38849449157714844,0.0003,0.0008563995361328125,-0.8780748248100281,750,-19.057106489999995,0.02,150.0
7121,15040,752,2,-1.9631259441375732,0.01995992474257946,0.0003,0.8558415174484253,-0.036899860948324203,751,-19.057106489999995,0.02,150.0
7122,15060,753,2,-1.9626919031143188,0.07766793668270111,0.0003,0.8066666126251221,0.12786749005317688,752,-19.057106489999995,0.02,150.0
7123,15080,754,2,-1.96625554561615,0.032127995043992996,0.0003,0.860298752784729,0.07788713276386261,753,-19.057106489999995,0.02,150.0
7124,15100,755,2,-1.9691921472549438,0.05271022394299507,0.0003,0.8874626159667969,0.2679976224899292,754,-19.057106489999995,0.02,150.0
7125,15120,756,2,-1.9726207256317139,0.19173364341259003,0.0003,0.7449905872344971,0.3175462484359741,755,-19.057106489999995,0.02,150.0
7126,15140,757,2,-1.9776146411895752,0.2788931727409363,0.0003,0.860944390296936,0.34671396017074585,756,-19.057106489999995,0.02,150.0
7127,15160,758,2,-1.9777209758758545,0.30614084005355835,0.0003,0.9042842388153076,0.3694106340408325,757,-19.057106489999995,0.02,150.0
7126,15180,759,2,-1.9735187292099,0.11938069015741348,0.0003,0.9510214924812317,-0.1909492313861847,758,-19.057106489999995,0.02,150.0
7125,15200,760,2,-1.9693841934204102,0.013612842187285423,0.0003,0.9934719800949097,0.03197670727968216,759,-19.057106489999995,0.02,150.0
7125,15220,761,2,-1.9686729907989502,0.03893748298287392,0.0003,0.9889914393424988,-0.1607705056667328,760,-19.057106489999995,0.02,150.0
7126,15240,762,2,-1.9666486978530884,0.06613468378782272,0.0003,0.9769006967544556,-0.14997363090515137,761,-19.057106489999995,0.02,150.0
7126,15260,763,2,-1.9624860286712646,0.03150903433561325,0.0003,0.9915578365325928,-0.2150425910949707,762,-19.057106489999995,0.02,150.0
7127,15280,764,2,-1.967658281326294,0.016721123829483986,0.0003,0.9939005374908447,0.1764538586139679,763,-19.057106489999995,0.02,150.0
7126,15300,765,2,-1.9728648662567139,0.07223780453205109,0.0003,0.9750284552574158,0.22510755062103271,764,-19.057106489999995,0.02,150.0
7124,15320,766,2,-1.9696155786514282,0.012036392465233803,0.0003,0.996329665184021,0.08711530268192291,765,-19.057106489999995,0.02,150.0
7124,15340,767,2,-1.9636389017105103,0.0377076119184494,0.0003,0.9875240921974182,0.04433967545628548,766,-19.057106489999995,0.02,150.0
7125,15360,768,2,-1.9806454181671143,0.04532273858785629,0.0003,0.9835492372512817,-0.19333934783935547,767,-19.057106489999995,0.02,150.0
7125,15380,769,2,-1.9863007068634033,0.026638170704245567,0.0003,0.9770416617393494,0.04621122032403946,768,-19.057106489999995,0.02,150.0
7125,15400,770,2,-1.9970512390136719,0.012064216658473015,0.0003,0.9837287068367004,-0.05388396978378296,769,-19.057106489999995,0.02,150.0
7126,15420,771,2,-1.998136281967163,0.05906397104263306,0.0003,0.9123580455780029,-0.2598293423652649,770,-19.057106489999995,0.02,150.0
7127,15440,772,2,-2.011260509490967,0.07187293469905853,0.0003,0.8756369352340698,-0.40584859251976013,771,-19.057106489999995,0.02,150.0
7127,15460,773,2,-2.0150997638702393,0.044111333787441254,0.0003,0.8880393505096436,-0.3972427248954773,772,-19.057106489999995,0.02,150.0
7128,15480,774,2,-2.0068397521972656,0.07591652870178223,0.0003,0.28386974334716797,-0.3148730397224426,773,-19.057106489999995,0.02,150.0
7129,15500,775,2,-2.017397403717041,0.11483265459537506,0.0003,0.21576237678527832,-0.4554773271083832,774,-19.057106489999995,0.02,150.0
7128,15520,776,2,-2.0241150856018066,0.12446288019418716,0.0003,0.3239186406135559,-0.6504653692245483,775,-19.057106489999995,0.02,150.0
7129,15540,777,2,-2.029127597808838,0.10178281366825104,0.0003,0.3811248540878296,-0.5383886098861694,776,-19.057106489999995,0.02,150.0
7130,15560,778,2,-2.0347368717193604,0.09574417024850845,0.0003,0.23664122819900513,-0.4167093336582184,777,-19.057106489999995,0.02,150.0
7131,15580,779,2,-2.0336427688598633,0.05976344272494316,0.0003,0.36133700609207153,-0.3972393572330475,778,-19.057106489999995,0.02,150.0
7131,15600,780,2,-2.032588243484497,0.07175182551145554,0.0003,0.26433777809143066,-0.43670129776000977,779,-19.1730782,0.02,150.0
7131,15620,781,2,-2.0366504192352295,0.10725224018096924,0.0003,0.2400418519973755,-0.5523788332939148,780,-19.1730782,0.02,150.0
7132,15640,782,2,-2.00687575340271,0.06683249026536942,0.0003,0.6355639696121216,-0.3316628932952881,781,-19.1730782,0.02,150.0
7132,15660,783,2,-2.002716541290283,0.05824878811836243,0.0003,0.7945026159286499,0.3027908205986023,782,-19.1730782,0.02,150.0
7132,15680,784,2,-1.9998916387557983,0.04019268602132797,0.0003,0.8014588356018066,0.2651534378528595,783,-19.1730782,0.02,150.0
7133,15700,785,2,-1.998570442199707,0.07996660470962524,0.0003,0.7648752331733704,-0.12177828699350357,784,-19.1730782,0.02,150.0
7134,15720,786,2,-1.9971473217010498,0.06502002477645874,0.0003,0.8847102522850037,-0.05749431997537613,785,-19.1730782,0.02,150.0
7135,15740,787,2,-2.006624460220337,0.08820673078298569,0.0003,0.5615208148956299,-0.031368620693683624,786,-19.1730782,0.02,150.0
7136,15760,788,2,-2.009363889694214,0.022930730134248734,0.0003,0.8635681867599487,-0.08591598272323608,787,-19.1730782,0.02,150.0
7137,15780,789,2,-2.0077426433563232,0.04908979684114456,0.0003,0.7183974981307983,0.18808647990226746,788,-19.1730782,0.02,150.0
7137,15800,790,2,-2.0088279247283936,0.42349013686180115,0.0003,0.38054901361465454,0.7294270396232605,789,-19.1730782,0.02,150.0
7138,15820,791,2,-2.0075812339782715,0.06374450027942657,0.0003,0.7767335176467896,0.054650843143463135,790,-19.1730782,0.02,150.0
7139,15840,792,2,-2.0154807567596436,0.0499027743935585,0.0003,0.6361485123634338,0.16216503083705902,791,-19.1730782,0.02,150.0
7140,15860,793,2,-2.0261850357055664,0.06339672952890396,0.0003,0.719161868095398,0.1591310203075409,792,-19.1730782,0.02,150.0
7141,15880,794,2,-2.021458864212036,0.15103286504745483,0.0003,0.6300020813941956,0.29819023609161377,793,-19.1730782,0.02,150.0
7141,15900,795,2,-2.019097328186035,0.0787777528166771,0.0003,0.5171554088592529,-0.2199016809463501,794,-19.1730782,0.02,150.0
7142,15920,796,2,-2.0251212120056152,0.7288044691085815,0.0003,0.43040841817855835,0.9644745588302612,795,-19.1730782,0.02,150.0
7143,15940,797,2,-2.019188642501831,0.03603031486272812,0.0003,0.903274416923523,0.19178295135498047,796,-19.1730782,0.02,150.0
7144,15960,798,2,-2.027451276779175,0.03456413373351097,0.0003,0.8593547940254211,0.047039695084095,797,-19.1730782,0.02,150.0
7145,15980,799,2,-2.035576581954956,1.4268314838409424,0.0003,0.06067478656768799,0.8994256258010864,798,-19.1730782,0.02,150.0
7146,16000,800,2,-2.0291497707366943,0.634851336479187,0.0003,0.2922009229660034,0.5791646242141724,799,-19.1730782,0.02,150.0
7147,16020,801,2,-2.0199615955352783,0.07960782945156097,0.0003,0.6002601385116577,-0.02370889112353325,800,-19.1730782,0.02,150.0
7146,16040,802,2,-2.0070929527282715,0.8766027688980103,0.0003,0.35063207149505615,1.085726022720337,801,-19.1730782,0.02,150.0
7145,16060,803,2,-1.9997459650039673,0.7028816938400269,0.0003,0.6040378212928772,0.4383343756198883,802,-19.1730782,0.02,150.0
7144,16080,804,2,-1.9982402324676514,0.2931433320045471,0.0003,0.3985130190849304,0.24575050175189972,803,-19.1730782,0.02,150.0
7143,16100,805,2,-1.99224853515625,1.3579461574554443,0.0003,0.5324779748916626,0.7787582874298096,804,-19.1730782,0.02,150.0
7142,16120,806,2,-1.9972267150878906,0.23017212748527527,0.0003,0.8021047115325928,-0.3938899636268616,805,-19.1730782,0.02,150.0
7141,16140,807,2,-1.9844890832901,0.17945632338523865,0.0003,0.6277148127555847,-0.5151395201683044,806,-19.1730782,0.02,150.0
7140,16160,808,2,-1.9891620874404907,0.12830200791358948,0.0003,0.7477957010269165,-0.5560110807418823,807,-19.1730782,0.02,150.0
7138,16180,809,2,-1.984635591506958,0.10329402983188629,0.0003,-0.4054335355758667,-0.1905805766582489,808,-19.1730782,0.02,150.0
7136,16200,810,2,-2.0040676593780518,0.10488103330135345,0.0003,0.4228888750076294,-0.311119019985199,809,-19.145095400000002,0.01,150.0
7134,16220,811,2,-2.0080196857452393,0.09573542326688766,0.0003,0.46985292434692383,-0.4720427393913269,810,-19.145095400000002,0.01,150.0
7133,16240,812,2,-2.012943744659424,0.0980571061372757,0.0003,0.7265115976333618,-0.469893217086792,811,-19.145095400000002,0.01,150.0
7131,16260,813,2,-2.0084352493286133,0.10320647805929184,0.0003,0.8621233701705933,-0.3321245610713959,812,-19.145095400000002,0.01,150.0
7130,16280,814,2,-2.011852979660034,0.10917893797159195,0.0003,0.8481034636497498,-0.052341900765895844,813,-19.145095400000002,0.01,150.0
7130,16300,815,2,-2.0241143703460693,0.02937154844403267,0.0003,0.9685743451118469,-0.14301924407482147,814,-19.145095400000002,0.01,150.0
7130,16320,816,2,-2.0316805839538574,0.042518988251686096,0.0003,0.9588257074356079,-0.17811837792396545,815,-19.145095400000002,0.01,150.0
7131,16340,817,2,-2.0361361503601074,0.11376029253005981,0.0003,0.9318715333938599,0.31492501497268677,816,-19.145095400000002,0.01,150.0
7131,16360,818,2,-2.0341544151306152,0.08317898213863373,0.0003,0.9595681428909302,0.4341009557247162,817,-19.145095400000002,0.01,150.0
7131,16380,819,2,-2.038038969039917,0.4521700441837311,0.0003,0.6839979887008667,0.26230937242507935,818,-19.145095400000002,0.01,150.0
7131,16400,820,2,-2.0185258388519287,0.18260198831558228,0.0003,0.8921539187431335,-0.008381163701415062,819,-19.145095400000002,0.01,150.0
7131,16420,821,2,-2.015660047531128,0.16110794246196747,0.0003,0.8803412914276123,0.3710745871067047,820,-19.145095400000002,0.01,150.0
7132,16440,822,2,-2.004455089569092,0.13748598098754883,0.0003,0.8527096509933472,0.047938451170921326,821,-19.145095400000002,0.01,150.0
7132,16460,823,2,-2.0091185569763184,0.022548096254467964,0.0003,0.9843459725379944,-0.22603949904441833,822,-19.145095400000002,0.01,150.0
7133,16480,824,2,-2.009777069091797,0.028499141335487366,0.0003,0.8972022533416748,-0.08181573450565338,823,-19.145095400000002,0.01,150.0
7134,16500,825,2,-2.015014171600342,0.04645184800028801,0.0003,0.8034783005714417,-0.2177319973707199,824,-19.145095400000002,0.01,150.0
7134,16520,826,2,-2.000312089920044,0.052207767963409424,0.0003,0.837131917476654,-0.26887527108192444,825,-19.145095400000002,0.01,150.0
7135,16540,827,2,-2.0108628273010254,0.04914966970682144,0.0003,0.7009027600288391,-0.32795244455337524,826,-19.145095400000002,0.01,150.0
7136,16560,828,2,-2.0115904808044434,0.06069202348589897,0.0003,0.4815593361854553,-0.356283575296402,827,-19.145095400000002,0.01,150.0
7137,16580,829,2,-2.0103063583374023,0.09318162500858307,0.0003,0.23443937301635742,-0.4317489266395569,828,-19.145095400000002,0.01,150.0
7137,16600,830,2,-1.9987010955810547,0.1440117359161377,0.0003,0.4264290928840637,-0.692177414894104,829,-19.145095400000002,0.01,150.0
7138,16620,831,2,-1.9988939762115479,0.1447141170501709,0.0003,-0.016673684120178223,-0.5677481889724731,830,-19.145095400000002,0.01,150.0
7139,16640,832,2,-2.0077426433563232,0.18512895703315735,0.0003,0.10639965534210205,-0.6348803639411926,831,-19.145095400000002,0.01,150.0
7140,16660,833,2,-2.020104169845581,0.1100776419043541,0.0003,-0.01679372787475586,-0.5630840063095093,832,-19.145095400000002,0.01,150.0
7141,16680,834,2,-2.026299476623535,0.1439514458179474,0.0003,0.005579352378845215,-0.6091362237930298,833,-19.145095400000002,0.01,150.0
7142,16700,835,2,-2.029047727584839,0.09592872112989426,0.0003,0.04189252853393555,-0.48064765334129333,834,-19.145095400000002,0.01,150.0
7143,16720,836,2,-2.0232958793640137,0.09834857285022736,0.0003,-0.014977574348449707,-0.5609956979751587,835,-19.145095400000002,0.01,150.0
7143,16740,837,2,-2.0207085609436035,0.08586563169956207,0.0003,-0.022467732429504395,-0.4896641671657562,836,-19.145095400000002,0.01,150.0
7144,16760,838,2,-2.0217106342315674,0.11084432899951935,0.0003,-0.0031206607818603516,-0.4994162619113922,837,-19.145095400000002,0.01,150.0
7145,16780,839,2,-2.018547534942627,0.1035279855132103,0.0003,0.0025364160537719727,-0.5080693364143372,838,-19.145095400000002,0.01,150.0
7144,16800,840,2,-2.0162312984466553,0.1064169630408287,0.0003,0.029990971088409424,-0.40233129262924194,839,-19.20653295,0.01,150.0
7145,16820,841,2,-2.0304529666900635,0.08552519232034683,0.0003,0.024541616439819336,-0.43727344274520874,840,-19.20653295,0.01,150.0
7145,16840,842,2,-2.028104066848755,0.018323864787817,0.0003,0.9435849785804749,-0.012148858979344368,841,-19.20653295,0.01,150.0
7145,16860,843,2,-2.0246591567993164,0.02796478010714054,0.0003,0.8911652565002441,0.054612088948488235,842,-19.20653295,0.01,150.0
7145,16880,844,2,-2.0210037231445312,0.036359239369630814,0.0003,0.9094597697257996,-0.07311578840017319,843,-19.20653295,0.01,150.0
7145,16900,845,2,-2.0133750438690186,0.02092544361948967,0.0003,0.9349390268325806,-0.13450346887111664,844,-19.20653295,0.01,150.0
7144,16920,846,2,-2.0115549564361572,0.06066104769706726,0.0003,0.888648271560669,0.3094596564769745,845,-19.20653295,0.01,150.0
7145,16940,847,2,-2.0168356895446777,0.07111873477697372,0.0003,0.7656437158584595,0.23734073340892792,846,-19.20653295,0.01,150.0
7145,16960,848,2,-2.030315399169922,0.0029880618676543236,0.0003,0.992982029914856,0.06666271388530731,847,-19.20653295,0.01,150.0
7146,16980,849,2,-2.028263807296753,1.9610779285430908,0.0003,-0.15492260456085205,2.1540133953094482,848,-19.20653295,0.01,150.0
7147,17000,850,2,-2.0373377799987793,0.16731026768684387,0.0003,0.6260501146316528,0.2640194892883301,849,-19.20653295,0.01,150.0
7147,17020,851,2,-2.0346107482910156,0.0924706906080246,0.0003,0.6875482797622681,-0.4742937684059143,850,-19.20653295,0.01,150.0
7148,17040,852,2,-2.0292909145355225,0.06711635738611221,0.0003,0.5602195262908936,-0.10783680528402328,851,-19.20653295,0.01,150.0
7148,17060,853,2,-2.001831531524658,0.3210293650627136,0.0003,0.3904399275779724,0.4956902861595154,852,-19.20653295,0.01,150.0
7148,17080,854,2,-2.0081703662872314,0.5577687621116638,0.0003,0.44463133811950684,0.3117150664329529,853,-19.20653295,0.01,150.0
7148,17100,855,2,-2.0019214153289795,0.050411682575941086,0.0003,0.8501893877983093,-0.06680084019899368,854,-19.20653295,0.01,150.0
7149,17120,856,2,-1.9842872619628906,0.04723431169986725,0.0003,0.8944546580314636,-0.2566829025745392,855,-19.20653295,0.01,150.0
7150,17140,857,2,-1.9905307292938232,0.05894535034894943,0.0003,0.8811822533607483,-0.3716816008090973,856,-19.20653295,0.01,150.0
7150,17160,858,2,-1.9969165325164795,0.03526517376303673,0.0003,0.5959049463272095,-0.09592677652835846,857,-19.20653295,0.01,150.0
7151,17180,859,2,-2.0081989765167236,0.09083761274814606,0.0003,-0.13716161251068115,-0.11534354835748672,858,-19.20653295,0.01,150.0
7151,17200,860,2,-2.011812925338745,1.3536012172698975,0.0003,-0.05254554748535156,1.1180753707885742,859,-19.20653295,0.01,150.0
7152,17220,861,2,-2.025486707687378,1.6221526861190796,0.0003,0.007440149784088135,0.8733901977539062,860,-19.20653295,0.01,150.0
7152,17240,862,2,-2.020169734954834,0.212835431098938,0.0003,0.027401387691497803,0.44343382120132446,861,-19.20653295,0.01,150.0
7152,17260,863,2,-2.0143208503723145,0.11394600570201874,0.0003,-0.058252930641174316,-0.0518263578414917,862,-19.20653295,0.01,150.0
7153,17280,864,2,-2.0034892559051514,0.11049339920282364,0.0003,-0.034000396728515625,0.12985382974147797,863,-19.20653295,0.01,150.0
7154,17300,865,2,-2.0057568550109863,0.019474534317851067,0.0003,-0.06958317756652832,0.02544206939637661,864,-19.20653295,0.01,150.0
7155,17320,866,2,-2.002072334289551,0.153373584151268,0.0003,-0.005345344543457031,-0.3548334240913391,865,-19.20653295,0.01,150.0
7155,17340,867,2,-2.0202462673187256,0.0858113169670105,0.0003,0.004405200481414795,-0.36210066080093384,866,-19.20653295,0.01,150.0
7156,17360,868,2,-2.027519941329956,0.1340615153312683,0.0003,0.03247940540313721,-0.5310216546058655,867,-19.20653295,0.01,150.0
7157,17380,869,2,-2.0302481651306152,0.11570296436548233,0.0003,0.007473409175872803,-0.3395346701145172,868,-19.20653295,0.01,150.0
7157,17400,870,2,-2.041957139968872,0.07762680947780609,0.0003,-0.00993502140045166,-0.4424230456352234,869,-19.205266069999997,0.01,150.0
7157,17420,871,2,-2.0413947105407715,0.14327344298362732,0.0003,0.0006390213966369629,-0.5196296572685242,870,-19.205266069999997,0.01,150.0
7158,17440,872,2,-2.021674394607544,0.144801065325737,0.0003,0.8530226945877075,-0.21153044700622559,871,-19.205266069999997,0.01,150.0
7159,17460,873,2,-2.0167534351348877,0.05724257975816727,0.0003,0.9580905437469482,0.0419929213821888,872,-19.205266069999997,0.01,150.0
7160,17480,874,2,-2.0049891471862793,0.095683254301548,0.0003,0.9272000789642334,-0.3199898600578308,873,-19.205266069999997,0.01,150.0
7161,17500,875,2,-2.0065112113952637,0.05857531353831291,0.0003,0.9413793683052063,-0.17122691869735718,874,-19.205266069999997,0.01,150.0
7162,17520,876,2,-1.9930387735366821,0.055491965264081955,0.0003,0.9216248989105225,0.2209184467792511,875,-19.205266069999997,0.01,150.0
7162,17540,877,2,-1.99136483669281,0.04892878979444504,0.0003,0.8709977865219116,0.20844392478466034,876,-19.205266069999997,0.01,150.0
7163,17560,878,2,-1.9896268844604492,0.10803995281457901,0.0003,0.8029754757881165,-0.37289005517959595,877,-19.205266069999997,0.01,150.0
7164,17580,879,2,-1.9832090139389038,1.6491611003875732,0.0003,0.20018553733825684,0.7095835208892822,878,-19.205266069999997,0.01,150.0
7164,17600,880,2,-1.9879646301269531,0.15565094351768494,0.0003,0.7793908715248108,-0.06289882957935333,879,-19.205266069999997,0.01,150.0
7165,17620,881,2,-1.9866710901260376,0.11704869568347931,0.0003,0.8499581217765808,-0.3902694582939148,880,-19.205266069999997,0.01,150.0
7166,17640,882,2,-1.9868736267089844,0.1411251723766327,0.0003,0.7609201669692993,-0.05040407180786133,881,-19.205266069999997,0.01,150.0
7164,17660,883,2,-1.9836534261703491,0.09692152589559555,0.0003,-0.5470623970031738,-0.2514902651309967,882,-19.205266069999997,0.01,150.0
7164,17680,884,2,-1.990513563156128,0.05727085471153259,0.0003,0.6697297096252441,-0.08648637682199478,883,-19.205266069999997,0.01,150.0
7164,17700,885,2,-2.013047933578491,0.08122117817401886,0.0003,0.6087459921836853,-0.49968791007995605,884,-19.205266069999997,0.01,150.0
7164,17720,886,2,-2.0089499950408936,0.07620173692703247,0.0003,0.34155207872390747,-0.3287700414657593,885,-19.205266069999997,0.01,150.0
7164,17740,887,2,-2.0072271823883057,0.10401137918233871,0.0003,0.3419693112373352,-0.34162911772727966,886,-19.205266069999997,0.01,150.0
7165,17760,888,2,-2.0194458961486816,0.06185968592762947,0.0003,-0.15638494491577148,-0.27863797545433044,887,-19.205266069999997,0.01,150.0
7165,17780,889,2,-2.0296106338500977,0.06393468379974365,0.0003,0.3677210211753845,-0.3541364073753357,888,-19.205266069999997,0.01,150.0
7166,17800,890,2,-2.042253017425537,0.09970158338546753,0.0003,0.17014813423156738,-0.1913236528635025,889,-19.205266069999997,0.01,150.0
7167,17820,891,2,-2.060861110687256,0.10721741616725922,0.0003,0.08045452833175659,-0.4934643805027008,890,-19.205266069999997,0.01,150.0
7165,17840,892,2,-2.0726890563964844,0.06130564212799072,0.0003,0.09440964460372925,-0.3650854229927063,891,-19.205266069999997,0.01,150.0
7164,17860,893,2,-2.074739933013916,0.133771151304245,0.0003,0.08098083734512329,-0.5300842523574829,892,-19.205266069999997,0.01,150.0
7163,17880,894,2,-2.078075408935547,0.15765376389026642,0.0003,0.038044512271881104,-0.5445890426635742,893,-19.205266069999997,0.01,150.0
7164,17900,895,2,-2.0888688564300537,0.11964414268732071,0.0003,0.028731942176818848,-0.019372332841157913,894,-19.205266069999997,0.01,150.0
7164,17920,896,2,-2.096251964569092,0.13703453540802002,0.0003,0.035077452659606934,-0.126261904835701,895,-19.205266069999997,0.01,150.0
7164,17940,897,2,-2.0999934673309326,0.09290745854377747,0.0003,0.03769773244857788,-0.2737642824649811,896,-19.205266069999997,0.01,150.0
7164,17960,898,2,-2.101369857788086,0.13822026550769806,0.0003,0.04013246297836304,-0.6799896955490112,897,-19.205266069999997,0.01,150.0
7163,17980,899,2,-2.100332736968994,0.10912813246250153,0.0003,0.024444520473480225,-0.6024420857429504,898,-19.205266069999997,0.01,150.0
7162,18000,900,2,-2.0995497703552246,0.09051905572414398,0.0003,0.022862613201141357,-0.5209873914718628,899,-19.66766222,0.01,150.0
7162,18020,901,2,-2.0957517623901367,0.08678025752305984,0.0003,0.006048440933227539,-0.5582617521286011,900,-19.66766222,0.01,150.0
7163,18040,902,2,-2.0237276554107666,0.06370769441127777,0.0003,0.8626255393028259,-0.13020887970924377,901,-19.66766222,0.01,150.0
7164,18060,903,2,-2.0282235145568848,0.053516339510679245,0.0003,0.6499053239822388,0.03453897684812546,902,-19.66766222,0.01,150.0
7164,18080,904,2,-2.0393600463867188,0.07858802378177643,0.0003,0.7619112730026245,0.3052106201648712,903,-19.66766222,0.01,150.0
7164,18100,905,2,-2.0387039184570312,0.06522998958826065,0.0003,0.8574617505073547,-0.11350901424884796,904,-19.66766222,0.01,150.0
7164,18120,906,2,-2.0403811931610107,0.1124931126832962,0.0003,0.8825184106826782,0.16774222254753113,905,-19.66766222,0.01,150.0
7164,18140,907,2,-2.043290853500366,0.031004179269075394,0.0003,0.9621870517730713,0.037173982709646225,906,-19.66766222,0.01,150.0
7165,18160,908,2,-2.052391529083252,0.071873240172863,0.0003,0.9328292608261108,-0.11383175849914551,907,-19.66766222,0.01,150.0
7165,18180,909,2,-2.0583434104919434,0.5085452198982239,0.0003,0.8210091590881348,1.0726864337921143,908,-19.66766222,0.01,150.0
7166,18200,910,2,-2.056337833404541,0.20032012462615967,0.0003,0.9156954288482666,0.522705078125,909,-19.66766222,0.01,150.0
7167,18220,911,2,-2.056840658187866,0.596490740776062,0.0003,0.7211164236068726,0.5723093748092651,910,-19.66766222,0.01,150.0
7168,18240,912,2,-2.0497238636016846,0.04168448597192764,0.0003,0.9773698449134827,0.04624475538730621,911,-19.66766222,0.01,150.0
7168,18260,913,2,-2.042781352996826,0.9376953840255737,0.0003,0.5490353107452393,0.30208033323287964,912,-19.66766222,0.01,150.0
7169,18280,914,2,-2.0327000617980957,0.08435932546854019,0.0003,0.9562901854515076,-0.24069145321846008,913,-19.66766222,0.01,150.0
7170,18300,915,2,-2.029015064239502,0.08713001012802124,0.0003,0.9545987248420715,-0.25247877836227417,914,-19.66766222,0.01,150.0
7170,18320,916,2,-2.031093120574951,0.7083462476730347,0.0003,0.11270922422409058,0.18791072070598602,915,-19.66766222,0.01,150.0
7171,18340,917,2,-2.027876615524292,0.10106413066387177,0.0003,0.8997279405593872,-0.4859536290168762,916,-19.66766222,0.01,150.0
7172,18360,918,2,-2.0269579887390137,0.9411367177963257,0.0003,0.5074120759963989,0.9701156616210938,917,-19.66766222,0.01,150.0
7172,18380,919,2,-2.027404308319092,0.048429593443870544,0.0003,0.9053269028663635,-0.23131580650806427,918,-19.66766222,0.01,150.0
7173,18400,920,2,-2.0286059379577637,0.18938103318214417,0.0003,0.7523319125175476,-0.45274442434310913,919,-19.66766222,0.01,150.0
7174,18420,921,2,-2.0345585346221924,0.1546197384595871,0.0003,0.1548493504524231,-0.675329864025116,920,-19.66766222,0.01,150.0
7174,18440,922,2,-2.0311672687530518,0.17251327633857727,0.0003,0.05161207914352417,-0.6551936864852905,921,-19.66766222,0.01,150.0
7175,18460,923,2,-2.0359482765197754,0.14801745116710663,0.0003,-0.19734930992126465,-0.6390467882156372,922,-19.66766222,0.01,150.0
7176,18480,924,2,-2.0391032695770264,0.18231244385242462,0.0003,-0.28329765796661377,-0.6699795722961426,923,-19.66766222,0.01,150.0
7176,18500,925,2,-2.0414488315582275,0.12013010680675507,0.0003,-0.13520848751068115,-0.5831078290939331,924,-19.66766222,0.01,150.0
7176,18520,926,2,-2.042971134185791,0.10518606007099152,0.0003,-0.12064433097839355,-0.5222471356391907,925,-19.66766222,0.01,150.0
7176,18540,927,2,-2.043917179107666,0.16495490074157715,0.0003,-0.010194182395935059,-0.5395379066467285,926,-19.66766222,0.01,150.0
7175,18560,928,2,-2.0541186332702637,0.08943717181682587,0.0003,0.009755373001098633,-0.5082912445068359,927,-19.66766222,0.01,150.0
7175,18580,929,2,-2.049084186553955,0.23123621940612793,0.0003,0.003910541534423828,-0.37358537316322327,928,-19.66766222,0.01,150.0
7174,18600,930,2,-2.0618948936462402,0.12068717181682587,0.0003,-0.01590549945831299,-0.42081576585769653,929,-19.864624699999997,0.01,150.0
7174,18620,931,2,-2.0717973709106445,0.06934107095003128,0.0003,0.0032831430435180664,-0.4088912606239319,930,-19.864624699999997,0.01,150.0
7174,18640,932,2,-2.026087999343872,0.06274046003818512,0.0003,0.7834155559539795,-0.03780365735292435,931,-19.864624699999997,0.01,150.0
7174,18660,933,2,-2.035208225250244,0.10640482604503632,0.0003,0.712714672088623,-0.2710011601448059,932,-19.864624699999997,0.01,150.0
7175,18680,934,2,-2.034257411956787,0.39597979187965393,0.0003,0.7396167516708374,0.6695591807365417,933,-19.864624699999997,0.01,150.0
7175,18700,935,2,-2.034430980682373,0.14733847975730896,0.0003,0.8391178846359253,0.16408538818359375,934,-19.864624699999997,0.01,150.0
7175,18720,936,2,-2.030611276626587,0.02696322277188301,0.0003,0.9699239134788513,-0.13292016088962555,935,-19.864624699999997,0.01,150.0
7176,18740,937,2,-2.0321638584136963,0.36898213624954224,0.0003,0.7906559705734253,0.8847339749336243,936,-19.864624699999997,0.01,150.0
7177,18760,938,2,-2.0279781818389893,1.4490163326263428,0.0003,0.6629500389099121,1.3556896448135376,937,-19.864624699999997,0.01,150.0
7177,18780,939,2,-2.0258240699768066,0.14136940240859985,0.0003,0.8928586840629578,0.31444960832595825,938,-19.864624699999997,0.01,150.0
7178,18800,940,2,-2.0223469734191895,1.0724118947982788,0.0003,-0.06774342060089111,1.2584397792816162,939,-19.864624699999997,0.01,150.0
7179,18820,941,2,-2.0288703441619873,0.49418362975120544,0.0003,0.6145758032798767,-0.4326445460319519,940,-19.864624699999997,0.01,150.0
7179,18840,942,2,-2.031276226043701,0.11198602616786957,0.0003,0.9416986107826233,0.21789765357971191,941,-19.864624699999997,0.01,150.0
7180,18860,943,2,-2.0318338871002197,0.38386470079421997,0.0003,0.9234225749969482,1.1360485553741455,942,-19.864624699999997,0.01,150.0
7181,18880,944,2,-2.0381548404693604,0.663099467754364,0.0003,0.6439141035079956,0.39371809363365173,943,-19.864624699999997,0.01,150.0
7182,18900,945,2,-2.048121929168701,0.05474858358502388,0.0003,0.9609255194664001,-0.16975924372673035,944,-19.864624699999997,0.01,150.0
7181,18920,946,2,-2.055598497390747,0.08855165541172028,0.0003,0.9007941484451294,0.026072343811392784,945,-19.864624699999997,0.01,150.0
7182,18940,947,2,-2.071988582611084,0.16469386219978333,0.0003,0.7883784174919128,0.15346834063529968,946,-19.864624699999997,0.01,150.0
7182,18960,948,2,-2.06915020942688,0.9248092770576477,0.0003,0.6467875242233276,0.9453748464584351,947,-19.864624699999997,0.01,150.0
7183,18980,949,2,-2.0684192180633545,0.026093224063515663,0.0003,0.9815967082977295,-0.2721564769744873,948,-19.864624699999997,0.01,150.0
7184,19000,950,2,-2.0649142265319824,0.03751817345619202,0.0003,0.8534655570983887,-0.11231140792369843,949,-19.864624699999997,0.01,150.0
7184,19020,951,2,-2.070540189743042,0.13148793578147888,0.0003,0.7245334386825562,-0.2367745190858841,950,-19.864624699999997,0.01,150.0
7185,19040,952,2,-2.070082426071167,0.9423083066940308,0.0003,0.38447052240371704,0.7297981977462769,951,-19.864624699999997,0.01,150.0
7186,19060,953,2,-2.0654635429382324,0.11109216511249542,0.0003,0.8044755458831787,-0.12411489337682724,952,-19.864624699999997,0.01,150.0
7186,19080,954,2,-2.0698671340942383,0.5950053334236145,0.0003,0.6488292217254639,0.0643325075507164,953,-19.864624699999997,0.01,150.0
7187,19100,955,2,-2.064483165740967,0.017600465565919876,0.0003,0.974092960357666,-0.14812332391738892,954,-19.864624699999997,0.01,150.0
7188,19120,956,2,-2.0615077018737793,0.08980025351047516,0.0003,0.8951287865638733,-0.3644677698612213,955,-19.864624699999997,0.01,150.0
7188,19140,957,2,-2.074009895324707,0.08276040852069855,0.0003,0.7237963676452637,-0.4656870365142822,956,-19.864624699999997,0.01,150.0
7189,19160,958,2,-2.077275276184082,0.153600811958313,0.0003,0.2912636995315552,-0.7031066417694092,957,-19.864624699999997,0.01,150.0
7190,19180,959,2,-2.072739839553833,0.10116676986217499,0.0003,0.5744056105613708,-0.5151795148849487,958,-19.864624699999997,0.01,150.0
7189,19200,960,2,-2.073967456817627,0.2015136182308197,0.0003,0.4432331323623657,-0.6843913793563843,959,-19.62169817,0.01,150.0
7190,19220,961,2,-2.0824038982391357,0.26692914962768555,0.0003,-0.28295767307281494,-0.9862408638000488,960,-19.62169817,0.01,150.0
7191,19240,962,2,-2.046509265899658,0.011737769469618797,0.0003,0.9726868867874146,-0.0164785236120224,961,-19.62169817,0.01,150.0
7191,19260,963,2,-2.0453479290008545,0.03569447994232178,0.0003,0.9484983086585999,0.014016884379088879,962,-19.62169817,0.01,150.0
7192,19280,964,2,-2.0483555793762207,0.13373933732509613,0.0003,0.9166214466094971,-0.1521436870098114,963,-19.62169817,0.01,150.0
7192,19300,965,2,-2.0461833477020264,0.033387407660484314,0.0003,0.980603039264679,-0.19188645482063293,964,-19.62169817,0.01,150.0
7192,19320,966,2,-2.0472488403320312,1.1071557998657227,0.0003,0.40920984745025635,1.2857439517974854,965,-19.62169817,0.01,150.0
7193,19340,967,2,-2.0498392581939697,0.6237324476242065,0.0003,0.7980878353118896,0.5476872324943542,966,-19.62169817,0.01,150.0
7192,19360,968,2,-2.0523128509521484,0.05012373998761177,0.0003,0.9753103256225586,-0.13438670337200165,967,-19.62169817,0.01,150.0
7192,19380,969,2,-2.0523288249969482,0.14506599307060242,0.0003,0.9023727774620056,0.16030625998973846,968,-19.62169817,0.01,150.0
7191,19400,970,2,-2.0513367652893066,0.05812551826238632,0.0003,0.9664555788040161,-0.1267423927783966,969,-19.62169817,0.01,150.0
7191,19420,971,2,-2.05006742477417,0.5946676731109619,0.0003,0.5539324283599854,0.15866060554981232,970,-19.62169817,0.01,150.0
7191,19440,972,2,-2.0542988777160645,0.1775963008403778,0.0003,0.9047242999076843,0.5629015564918518,971,-19.62169817,0.01,150.0
7191,19460,973,2,-2.0577902793884277,0.18477335572242737,0.0003,0.7647833228111267,-0.35082778334617615,972,-19.62169817,0.01,150.0
7192,19480,974,2,-2.0550618171691895,0.425981342792511,0.0003,-0.22922742366790771,0.40149039030075073,973,-19.62169817,0.01,150.0
7192,19500,975,2,-2.0518078804016113,0.15395398437976837,0.0003,0.5033788681030273,-0.12906482815742493,974,-19.62169817,0.01,150.0
7193,19520,976,2,-2.0452146530151367,0.18878500163555145,0.0003,-0.3224189281463623,-0.10823146253824234,975,-19.62169817,0.01,150.0
7194,19540,977,2,-2.038083553314209,0.01745263859629631,0.0003,0.8003754615783691,-0.0617879256606102,976,-19.62169817,0.01,150.0
7195,19560,978,2,-2.0453619956970215,0.08354634791612625,0.0003,0.4346919059753418,0.05304042622447014,977,-19.62169817,0.01,150.0
7195,19580,979,2,-2.040283679962158,0.059289027005434036,0.0003,0.5806532502174377,0.06306500732898712,978,-19.62169817,0.01,150.0
7195,19600,980,2,-2.054964065551758,0.6757627725601196,0.0003,0.27819138765335083,0.2760288119316101,979,-19.62169817,0.01,150.0
7195,19620,981,2,-2.0572121143341064,0.04148227721452713,0.0003,0.6385658979415894,-0.16296318173408508,980,-19.62169817,0.01,150.0
7196,19640,982,2,-2.0650670528411865,0.11404024064540863,0.0003,0.7006465196609497,-0.5844467282295227,981,-19.62169817,0.01,150.0
7197,19660,983,2,-2.057175397872925,0.1361965835094452,0.0003,0.6607340574264526,-0.551620602607727,982,-19.62169817,0.01,150.0
7197,19680,984,2,-2.0676980018615723,0.14682339131832123,0.0003,0.04321318864822388,-0.6317542791366577,983,-19.62169817,0.01,150.0
7198,19700,985,2,-2.0623695850372314,0.050780195742845535,0.0003,0.14824646711349487,-0.35076627135276794,984,-19.62169817,0.01,150.0
7198,19720,986,2,-2.065887689590454,0.08501766622066498,0.0003,0.23031723499298096,-0.4786892831325531,985,-19.62169817,0.01,150.0
7199,19740,987,2,-2.070183515548706,0.21371595561504364,0.0003,0.08430701494216919,-0.6584827303886414,986,-19.62169817,0.01,150.0
7199,19760,988,2,-2.08034086227417,0.2068108767271042,0.0003,0.02390080690383911,-0.8234673738479614,987,-19.62169817,0.01,150.0
7200,19780,989,2,-2.075072765350342,0.16235384345054626,0.0003,0.0064691901206970215,-0.7357499003410339,988,-19.62169817,0.01,150.0
7200,19800,990,2,-2.071249485015869,0.29712074995040894,0.0003,0.0630033016204834,-0.8493684530258179,989,-19.22269665,0.01,150.0
7201,19820,991,2,-2.072566270828247,0.20775437355041504,0.0003,0.07086408138275146,-0.8019976615905762,990,-19.22269665,0.01,150.0
7201,19840,992,2,-2.0269618034362793,0.090044766664505,0.0003,0.8957122564315796,-0.23315691947937012,991,-19.22269665,0.01,150.0
7202,19860,993,2,-2.028385639190674,0.16604861617088318,0.0003,0.8179894089698792,0.6081074476242065,992,-19.22269665,0.01,150.0
7202,19880,994,2,-2.0261082649230957,0.1897422969341278,0.0003,0.8473568558692932,0.16136600077152252,993,-19.22269665,0.01,150.0
7201,19900,995,2,-2.022404193878174,0.19473257660865784,0.0003,0.7792302370071411,-0.09157468378543854,994,-19.22269665,0.01,150.0
7201,19920,996,2,-2.015886068344116,0.46534937620162964,0.0003,0.8010046482086182,0.8398358225822449,995,-19.22269665,0.01,150.0
7202,19940,997,2,-2.0171687602996826,0.2540479302406311,0.0003,0.7699026465415955,0.4988552927970886,996,-19.22269665,0.01,150.0
7202,19960,998,2,-2.016284465789795,0.19224688410758972,0.0003,0.47556400299072266,-0.28058212995529175,997,-19.22269665,0.01,150.0
7203,19980,999,2,-2.020228624343872,0.14606408774852753,0.0003,0.7714083790779114,-0.329220175743103,998,-19.22269665,0.01,150.0
7203,20000,1000,2,-2.024406909942627,0.29317814111709595,0.0003,0.8230327367782593,0.6743274331092834,999,-19.22269665,0.01,150.0
7204,20020,1001,2,-2.028541088104248,0.10352270305156708,0.0003,0.8561053276062012,-0.22978046536445618,1000,-19.22269665,0.01,150.0
7202,20040,1002,2,-2.0341436862945557,0.037261586636304855,0.0003,0.9277864098548889,-0.13883426785469055,1001,-19.22269665,0.01,150.0
7203,20060,1003,2,-2.0386857986450195,0.021774079650640488,0.0003,0.9373821020126343,-0.14289763569831848,1002,-19.22269665,0.01,150.0
7203,20080,1004,2,-2.034916877746582,0.058049120008945465,0.0003,-0.43496644496917725,0.004324608948081732,1003,-19.22269665,0.01,150.0
7203,20100,1005,2,-2.0452098846435547,0.46871647238731384,0.0003,-0.2244548797607422,0.999930202960968,1004,-19.22269665,0.01,150.0
7204,20120,1006,2,-2.0411770343780518,0.09595344960689545,0.0003,0.2566034197807312,0.35038551688194275,1005,-19.22269665,0.01,150.0
7204,20140,1007,2,-2.0389504432678223,0.0338861346244812,0.0003,0.026073098182678223,0.23551759123802185,1006,-19.22269665,0.01,150.0
7204,20160,1008,2,-2.049636125564575,0.06254647672176361,0.0003,0.4582720994949341,-0.0455646850168705,1007,-19.22269665,0.01,150.0
7204,20180,1009,2,-2.0459845066070557,0.12777264416217804,0.0003,0.49014830589294434,-0.1568361222743988,1008,-19.22269665,0.01,150.0
7204,20200,1010,2,-2.0495574474334717,0.1162319928407669,0.0003,0.5574496984481812,0.08764509111642838,1009,-19.22269665,0.01,150.0
7203,20220,1011,2,-2.0562267303466797,0.5228426456451416,0.0003,0.34480130672454834,0.22064025700092316,1010,-19.22269665,0.01,150.0
7202,20240,1012,2,-2.0572972297668457,0.20164434611797333,0.0003,0.5598920583724976,-0.1678657978773117,1011,-19.22269665,0.01,150.0
7201,20260,1013,2,-2.0641887187957764,0.1712401807308197,0.0003,0.5389165878295898,-0.40976089239120483,1012,-19.22269665,0.01,150.0
7201,20280,1014,2,-2.0568370819091797,0.11628502607345581,0.0003,0.5574737787246704,-0.1723630279302597,1013,-19.22269665,0.01,150.0
7201,20300,1015,2,-2.0596375465393066,0.11338037252426147,0.0003,0.5816704034805298,-0.2793108820915222,1014,-19.22269665,0.01,150.0
7201,20320,1016,2,-2.0611655712127686,0.16428309679031372,0.0003,0.47245311737060547,-0.6071017980575562,1015,-19.22269665,0.01,150.0
7202,20340,1017,2,-2.0600955486297607,0.13041573762893677,0.0003,0.5068236589431763,-0.53289794921875,1016,-19.22269665,0.01,150.0
7202,20360,1018,2,-2.0677361488342285,0.16332723200321198,0.0003,0.3602069020271301,-0.5580832958221436,1017,-19.22269665,0.01,150.0
7202,20380,1019,2,-2.0775763988494873,0.20992258191108704,0.0003,0.3146713972091675,-0.625187873840332,1018,-19.22269665,0.01,150.0
7201,20400,1020,2,-2.0823142528533936,0.23769839107990265,0.0003,0.2718469500541687,-0.6378569602966309,1019,-19.01897539,0.01,150.0
7202,20420,1021,2,-2.094500780105591,0.18975307047367096,0.0003,0.213978111743927,-0.7121241688728333,1020,-19.01897539,0.01,150.0
7203,20440,1022,2,-2.056814432144165,0.1072913408279419,0.0003,0.8325151801109314,-0.3926877975463867,1021,-19.01897539,0.01,150.0
7203,20460,1023,2,-2.055262565612793,0.014978612773120403,0.0003,0.9789750576019287,-0.17244434356689453,1022,-19.01897539,0.01,150.0
7204,20480,1024,2,-2.0542218685150146,0.27672258019447327,0.0003,0.8384934663772583,0.38332414627075195,1023,-19.01897539,0.01,150.0
7204,20500,1025,2,-2.0536949634552,0.5448403358459473,0.0003,0.8253610134124756,-0.04568725824356079,1024,-19.01897539,0.01,150.0
7205,20520,1026,2,-2.0505807399749756,0.10447178035974503,0.0003,0.9581359624862671,0.03557613492012024,1025,-19.01897539,0.01,150.0
7203,20540,1027,2,-2.059621572494507,0.13295403122901917,0.0003,0.9670964479446411,0.11655741930007935,1026,-19.01897539,0.01,150.0
7204,20560,1028,2,-2.0629348754882812,0.08711106330156326,0.0003,0.9856175184249878,-0.31883469223976135,1027,-19.01897539,0.01,150.0
7204,20580,1029,2,-2.0665013790130615,0.12495426088571548,0.0003,0.9745321869850159,0.05791359022259712,1028,-19.01897539,0.01,150.0
7205,20600,1030,2,-2.061781406402588,0.1795354038476944,0.0003,0.9754822850227356,-0.6428582668304443,1029,-19.01897539,0.01,150.0
7205,20620,1031,2,-2.0593655109405518,0.5471521615982056,0.0003,0.9245932698249817,0.2074878215789795,1030,-19.01897539,0.01,150.0
7203,20640,1032,2,-2.057921886444092,0.16374699771404266,0.0003,0.9894288182258606,-0.7249554395675659,1031,-19.01897539,0.01,150.0
7204,20660,1033,2,-2.0571048259735107,0.07694635540246964,0.0003,0.9927663207054138,-0.3487394452095032,1032,-19.01897539,0.01,150.0
7205,20680,1034,2,-2.065598487854004,0.2090740203857422,0.0003,0.9554712772369385,0.3026905655860901,1033,-19.01897539,0.01,150.0
7205,20700,1035,2,-2.0611915588378906,0.1487974375486374,0.0003,0.9806686043739319,0.5204092264175415,1034,-19.01897539,0.01,150.0
7205,20720,1036,2,-2.0649161338806152,0.25030598044395447,0.0003,0.9558525085449219,-0.1072157770395279,1035,-19.01897539,0.01,150.0
7205,20740,1037,2,-2.0574989318847656,0.09635157138109207,0.0003,0.9921120405197144,-0.4695189595222473,1036,-19.01897539,0.01,150.0
7204,20760,1038,2,-2.056009292602539,0.09799118340015411,0.0003,0.9887069463729858,-0.44298380613327026,1037,-19.01897539,0.01,150.0
7203,20780,1039,2,-2.051543712615967,0.13483166694641113,0.0003,0.9833011627197266,-0.5547758936882019,1038,-19.01897539,0.01,150.0
7202,20800,1040,2,-2.0499043464660645,0.5142176151275635,0.0003,0.8574478626251221,0.5368511080741882,1039,-19.01897539,0.01,150.0
7201,20820,1041,2,-2.048579454421997,0.1960814893245697,0.0003,0.9440112113952637,0.0556161031126976,1040,-19.01897539,0.01,150.0
7202,20840,1042,2,-2.0493712425231934,1.5173354148864746,0.0003,0.42861825227737427,0.5958869457244873,1041,-19.01897539,0.01,150.0
7202,20860,1043,2,-2.0480127334594727,0.3658098578453064,0.0003,0.8207746744155884,0.6209660768508911,1042,-19.01897539,0.01,150.0
7202,20880,1044,2,-2.0460009574890137,0.15101221203804016,0.0003,0.9240716099739075,-0.4293209910392761,1043,-19.01897539,0.01,150.0
7203,20900,1045,2,-2.0347225666046143,0.1296110600233078,0.0003,0.9379879832267761,-0.5355620980262756,1044,-19.01897539,0.01,150.0
7203,20920,1046,2,-2.035212755203247,0.7902296781539917,0.0003,0.32819074392318726,0.17773468792438507,1045,-19.01897539,0.01,150.0
7203,20940,1047,2,-2.039076328277588,0.07147201895713806,0.0003,0.8924956321716309,-0.1912870854139328,1046,-19.01897539,0.01,150.0
7204,20960,1048,2,-2.0354833602905273,0.3407670855522156,0.0003,0.7830400466918945,-0.5529346466064453,1047,-19.01897539,0.01,150.0
7204,20980,1049,2,-2.046093463897705,0.28316405415534973,0.0003,0.8496958017349243,-0.7070205807685852,1048,-19.01897539,0.01,150.0
7203,21000,1050,2,-2.050319194793701,0.3078022599220276,0.0003,0.7976242303848267,-0.9390572309494019,1049,-18.91447138,0.01,150.0
7203,21020,1051,2,-2.0588507652282715,0.13340134918689728,0.0003,0.8602843284606934,-0.6360569000244141,1050,-18.91447138,0.01,150.0
7204,21040,1052,2,-1.991151213645935,0.12343200296163559,0.0003,0.6199630498886108,-0.3138912320137024,1051,-18.91447138,0.01,150.0
7204,21060,1053,2,-1.9869115352630615,0.4815146327018738,0.0003,0.7575884461402893,-0.3249126970767975,1052,-18.91447138,0.01,150.0
7205,21080,1054,2,-1.9894256591796875,0.14110079407691956,0.0003,0.9226569533348083,-0.21496231853961945,1053,-18.91447138,0.01,150.0
7205,21100,1055,2,-1.9925016164779663,0.3897520899772644,0.0003,0.8863603472709656,0.13455159962177277,1054,-18.91447138,0.01,150.0
7205,21120,1056,2,-1.9923179149627686,0.18445496261119843,0.0003,0.9606195688247681,-0.1000664010643959,1055,-18.91447138,0.01,150.0
7206,21140,1057,2,-1.9852138757705688,0.10886746644973755,0.0003,0.9812319278717041,-0.1123889908194542,1056,-18.91447138,0.01,150.0
7207,21160,1058,2,-1.9862613677978516,0.11820195615291595,0.0003,0.9848361611366272,-0.12682004272937775,1057,-18.91447138,0.01,150.0
7207,21180,1059,2,-1.989296317100525,0.06624056398868561,0.0003,0.9911186695098877,-0.16254691779613495,1058,-18.91447138,0.01,150.0
7207,21200,1060,2,-1.9786465167999268,0.2556737959384918,0.0003,0.9484113454818726,0.3194139003753662,1059,-18.91447138,0.01,150.0
7207,21220,1061,2,-1.975940465927124,0.13790452480316162,0.0003,0.977086067199707,0.3371676802635193,1060,-18.91447138,0.01,150.0
7206,21240,1062,2,-1.971806526184082,0.6398166418075562,0.0003,0.8545499444007874,0.42726486921310425,1061,-18.91447138,0.01,150.0
7204,21260,1063,2,-1.9598089456558228,0.2899482548236847,0.0003,0.9030461311340332,-0.03693072125315666,1062,-18.91447138,0.01,150.0
7204,21280,1064,2,-1.9620338678359985,0.5444031953811646,0.0003,0.710006833076477,0.7426754832267761,1063,-18.91447138,0.01,150.0
7204,21300,1065,2,-1.9637477397918701,0.06643666326999664,0.0003,0.9660457968711853,-0.14061574637889862,1064,-18.91447138,0.01,150.0
7204,21320,1066,2,-1.9525883197784424,0.48563653230667114,0.0003,0.6859298944473267,0.6687086820602417,1065,-18.91447138,0.01,150.0
7205,21340,1067,2,-1.9423296451568604,0.12185098230838776,0.0003,0.8902026414871216,-0.002322935964912176,1066,-18.91447138,0.01,150.0
7205,21360,1068,2,-1.938806176185608,0.15252229571342468,0.0003,0.9019942879676819,-0.4269271790981293,1067,-18.91447138,0.01,150.0
7205,21380,1069,2,-1.9407293796539307,0.08627752959728241,0.0003,0.9037960767745972,-0.1578436940908432,1068,-18.91447138,0.01,150.0
7205,21400,1070,2,-1.9377113580703735,0.10051443427801132,0.0003,0.9316028356552124,-0.38737156987190247,1069,-18.91447138,0.01,150.0
7205,21420,1071,2,-1.9472086429595947,0.28486424684524536,0.0003,0.6817835569381714,-0.753953754901886,1070,-18.91447138,0.01,150.0
7206,21440,1072,2,-1.9539076089859009,0.03922592103481293,0.0003,0.672293484210968,-0.11421295255422592,1071,-18.91447138,0.01,150.0
7206,21460,1073,2,-1.965518593788147,0.0674852728843689,0.0003,0.0076964497566223145,-0.23082761466503143,1072,-18.91447138,0.01,150.0
7206,21480,1074,2,-1.9831840991973877,0.21340632438659668,0.0003,0.41555339097976685,-0.6715413331985474,1073,-18.91447138,0.01,150.0
7207,21500,1075,2,-1.9841514825820923,0.08515098690986633,0.0003,0.34910154342651367,-0.34491288661956787,1074,-18.91447138,0.01,150.0
7207,21520,1076,2,-1.9889720678329468,0.06276462227106094,0.0003,0.42414605617523193,-0.3496333956718445,1075,-18.91447138,0.01,150.0
7207,21540,1077,2,-1.9914906024932861,0.06309475749731064,0.0003,0.36495959758758545,-0.3336612582206726,1076,-18.91447138,0.01,150.0
7208,21560,1078,2,-1.992653250694275,0.0709075778722763,0.0003,0.4191257357597351,-0.41379857063293457,1077,-18.91447138,0.01,150.0
7208,21580,1079,2,-1.9982364177703857,0.0740310475230217,0.0003,0.3207138180732727,-0.08619090169668198,1078,-18.91447138,0.01,150.0
7208,21600,1080,2,-2.0131263732910156,0.05974287539720535,0.0003,0.24773627519607544,0.08635982125997543,1079,-18.59814145,0.01,150.0
7206,21620,1081,2,-2.0118863582611084,0.0337597019970417,0.0003,0.44389480352401733,-0.243488147854805,1080,-18.59814145,0.01,150.0
7205,21640,1082,3,-1.9633982181549072,0.13386037945747375,0.0003,0.7696693539619446,0.5402434468269348,1081,-18.59814145,0.01,150.0
7205,21660,1083,3,-1.9642868041992188,0.04298390820622444,0.0003,0.8485283255577087,0.24857942759990692,1082,-18.59814145,0.01,150.0
7205,21680,1084,3,-1.9665428400039673,0.2467268407344818,0.0003,-1.4603619575500488,0.30133023858070374,1083,-18.59814145,0.01,150.0
7205,21700,1085,3,-1.9719440937042236,0.3874437212944031,0.0003,-0.245802640914917,-0.18225212395191193,1084,-18.59814145,0.01,150.0
7205,21720,1086,3,-1.9769598245620728,0.48664602637290955,0.0003,0.48304879665374756,-0.713118851184845,1085,-18.59814145,0.01,150.0
7205,21740,1087,3,-1.9793390035629272,0.09971168637275696,0.0003,0.8821862936019897,-0.14660075306892395,1086,-18.59814145,0.01,150.0
7206,21760,1088,3,-1.982452630996704,0.11352334916591644,0.0003,0.9392198324203491,-0.3180699348449707,1087,-18.59814145,0.01,150.0
7206,21780,1089,3,-1.986769437789917,0.046175144612789154,0.0003,0.978972852230072,0.32511085271835327,1088,-18.59814145,0.01,150.0
7206,21800,1090,3,-1.9919698238372803,0.17544586956501007,0.0003,0.8787738084793091,0.2520539164543152,1089,-18.59814145,0.01,150.0
7204,21820,1091,3,-1.9901933670043945,1.36739182472229,0.0003,0.025513827800750732,0.6476133465766907,1090,-18.59814145,0.01,150.0
7204,21840,1092,3,-1.9957958459854126,0.0716327428817749,0.0003,0.9394797086715698,0.020114494487643242,1091,-18.59814145,0.01,150.0
7204,21860,1093,3,-2.007711887359619,0.03686686232686043,0.0003,0.9684052467346191,-0.1408459097146988,1092,-18.59814145,0.01,150.0
7205,21880,1094,3,-2.011539936065674,0.007799426559358835,0.0003,0.9882811903953552,0.036589108407497406,1093,-18.59814145,0.01,150.0
7204,21900,1095,3,-2.0210468769073486,0.1688385158777237,0.0003,0.8543708920478821,0.676105260848999,1094,-18.59814145,0.01,150.0
7204,21920,1096,3,-2.0254170894622803,0.024431956931948662,0.0003,0.9906913042068481,0.25947362184524536,1095,-18.59814145,0.01,150.0
7204,21940,1097,3,-2.0260372161865234,0.029869863763451576,0.0003,0.9645013213157654,-0.1424945592880249,1096,-18.59814145,0.01,150.0
7202,21960,1098,3,-2.0318126678466797,0.056546878069639206,0.0003,0.8780453205108643,0.09638683497905731,1097,-18.59814145,0.01,150.0
7201,21980,1099,3,-2.0455269813537598,0.0690179318189621,0.0003,0.8536137342453003,-0.34321022033691406,1098,-18.59814145,0.01,150.0
7199,22000,1100,3,-2.0458264350891113,0.9996337890625,0.0003,0.2665184736251831,0.8468462228775024,1099,-18.59814145,0.01,150.0
7197,22020,1101,3,-2.0423874855041504,0.09319376200437546,0.0003,0.7564471960067749,-0.015122825279831886,1100,-18.59814145,0.01,150.0
7194,22040,1102,3,-2.053920269012451,0.0946672111749649,0.0003,0.7290759086608887,-0.20544596016407013,1101,-18.59814145,0.01,150.0
7189,22060,1103,3,-2.0700979232788086,0.177642822265625,0.0003,0.6059161424636841,-0.28218764066696167,1102,-18.59814145,0.01,150.0
7181,22080,1104,3,-2.081376552581787,0.07615257054567337,0.0003,0.7035989761352539,-0.3665619492530823,1103,-18.59814145,0.01,150.0
7176,22100,1105,3,-2.079932928085327,0.08166806399822235,0.0003,0.5933710932731628,-0.23209838569164276,1104,-18.59814145,0.01,150.0
7165,22120,1106,3,-2.0823874473571777,0.06376512348651886,0.0003,0.604049801826477,-0.19121739268302917,1105,-18.59814145,0.01,150.0
7145,22140,1107,3,-2.0784077644348145,0.09096169471740723,0.0003,0.4594340920448303,-0.2537241280078888,1106,-18.59814145,0.01,150.0
7131,22160,1108,3,-2.091676712036133,0.22984060645103455,0.0003,0.3494606614112854,-0.5530858039855957,1107,-18.59814145,0.01,150.0
7125,22180,1109,3,-2.09915828704834,0.2194194495677948,0.0003,0.3193361163139343,-0.5451607704162598,1108,-18.59814145,0.01,150.0
7121,22200,1110,3,-2.096895694732666,0.13866335153579712,0.0003,0.3404046297073364,-0.42599040269851685,1109,-18.54591993,0.01,150.0
7119,22220,1111,3,-2.092463970184326,0.13751758635044098,0.0003,0.45109301805496216,-0.7240050435066223,1110,-18.54591993,0.01,150.0
7117,22240,1112,3,-2.0282137393951416,0.3218753933906555,0.0003,0.8230555057525635,-0.8449274301528931,1111,-18.54591993,0.01,150.0
7115,22260,1113,3,-2.026801347732544,0.07483945041894913,0.0003,0.9034337997436523,0.08968053013086319,1112,-18.54591993,0.01,150.0
7113,22280,1114,3,-2.028686046600342,0.5390051007270813,0.0003,0.7705782651901245,-1.1001056432724,1113,-18.54591993,0.01,150.0
7112,22300,1115,3,-2.0293848514556885,0.11230174452066422,0.0003,0.9187540411949158,-0.41499146819114685,1114,-18.54591993,0.01,150.0
7109,22320,1116,3,-2.031853199005127,0.19639769196510315,0.0003,0.7576049566268921,-0.4818184971809387,1115,-18.54591993,0.01,150.0
7105,22340,1117,3,-2.032527446746826,0.17752015590667725,0.0003,0.862185001373291,0.029297703877091408,1116,-18.54591993,0.01,150.0
7102,22360,1118,3,-2.0427794456481934,0.23526914417743683,0.0003,0.35220450162887573,0.038564763963222504,1117,-18.54591993,0.01,150.0
7097,22380,1119,3,-2.044127941131592,0.0827430710196495,0.0003,0.35292303562164307,-0.250321626663208,1118,-18.54591993,0.01,150.0
7090,22400,1120,3,-2.043311357498169,0.1136329174041748,0.0003,0.23079347610473633,-0.11504928767681122,1119,-18.54591993,0.01,150.0
7085,22420,1121,3,-2.043163776397705,0.07460711896419525,0.0003,0.24426686763763428,0.1085338443517685,1120,-18.54591993,0.01,150.0
7085,22440,1122,3,-2.048006772994995,0.5471454858779907,0.0003,0.2277597188949585,0.6561750173568726,1121,-18.54591993,0.01,150.0
7084,22460,1123,3,-2.043886423110962,0.0596054382622242,0.0003,0.5138596892356873,0.07775745540857315,1122,-18.54591993,0.01,150.0
7083,22480,1124,3,-2.034677743911743,1.8377330303192139,0.0003,0.04011392593383789,1.6179320812225342,1123,-18.54591993,0.01,150.0
7082,22500,1125,3,-2.0370516777038574,0.10984228551387787,0.0003,-0.9849535226821899,-0.12713059782981873,1124,-18.54591993,0.01,150.0
7080,22520,1126,3,-2.0348446369171143,0.2778542935848236,0.0003,-0.14755260944366455,-0.06311607360839844,1125,-18.54591993,0.01,150.0
7066,22540,1127,3,-2.0223307609558105,0.36240917444229126,0.0003,-0.09962403774261475,0.31755948066711426,1126,-18.54591993,0.01,150.0
6976,22560,1128,3,-2.021277904510498,0.12474604696035385,0.0003,-0.04402303695678711,0.3270156979560852,1127,-18.54591993,0.01,150.0
6958,22580,1129,3,-2.022003412246704,0.059357382357120514,0.0003,0.12521708011627197,-0.2339657098054886,1128,-18.54591993,0.01,150.0
6956,22600,1130,3,-2.0087482929229736,0.5704279541969299,0.0003,0.0009081363677978516,0.5309816598892212,1129,-18.54591993,0.01,150.0
6955,22620,1131,3,-1.9913275241851807,0.8229836225509644,0.0003,-0.017016887664794922,0.8353129625320435,1130,-18.54591993,0.01,150.0
6955,22640,1132,3,-2.005561113357544,0.040238846093416214,0.0003,-0.18395280838012695,-0.28586047887802124,1131,-18.54591993,0.01,150.0
6955,22660,1133,3,-2.011141300201416,0.2531505823135376,0.0003,0.01787179708480835,-0.14903418719768524,1132,-18.54591993,0.01,150.0
6955,22680,1134,3,-1.990333914756775,0.1923607885837555,0.0003,0.01613759994506836,-0.6701374053955078,1133,-18.54591993,0.01,150.0
6954,22700,1135,3,-1.9983367919921875,0.17072252929210663,0.0003,0.052593886852264404,-0.5866764783859253,1134,-18.54591993,0.01,150.0
6954,22720,1136,3,-2.0095901489257812,0.0947742611169815,0.0003,-0.022669553756713867,-0.3396817147731781,1135,-18.54591993,0.01,150.0
6954,22740,1137,3,-2.012479543685913,0.07535025477409363,0.0003,0.08759880065917969,-0.385756254196167,1136,-18.54591993,0.01,150.0
6954,22760,1138,3,-2.0177595615386963,0.06565234065055847,0.0003,0.07445424795150757,-0.38356319069862366,1137,-18.54591993,0.01,150.0
6954,22780,1139,3,-2.027587890625,0.10852877795696259,0.0003,0.04862147569656372,-0.5023301839828491,1138,-18.54591993,0.01,150.0
6954,22800,1140,3,-2.0384960174560547,0.10365881770849228,0.0003,0.05456554889678955,-0.4614754617214203,1139,-18.744115729999997,0.0,150.0
6953,22820,1141,3,-2.0435471534729004,0.18755695223808289,0.0003,0.007780909538269043,-0.5290294885635376,1140,-18.744115729999997,0.0,150.0
6954,22840,1142,3,-2.002218723297119,0.06384160369634628,0.0003,0.8501719236373901,-0.2734193801879883,1141,-18.744115729999997,0.0,150.0
6954,22860,1143,3,-2.0045084953308105,0.1943933665752411,0.0003,0.8279170393943787,0.1378934383392334,1142,-18.744115729999997,0.0,150.0
6954,22880,1144,3,-2.004040479660034,0.05212470889091492,0.0003,0.9571211934089661,-0.15618519484996796,1143,-18.744115729999997,0.0,150.0
6955,22900,1145,3,-2.0019471645355225,0.1354212462902069,0.0003,0.9134832620620728,-0.043197501450777054,1144,-18.744115729999997,0.0,150.0
6955,22920,1146,3,-2.0085055828094482,0.1163298636674881,0.0003,0.9812373518943787,0.6190382242202759,1145,-18.744115729999997,0.0,150.0
6956,22940,1147,3,-2.009490966796875,0.17846719920635223,0.0003,0.9608066082000732,0.5564357042312622,1146,-18.744115729999997,0.0,150.0
6955,22960,1148,3,-2.0073513984680176,0.24959273636341095,0.0003,0.9697121977806091,0.7951654195785522,1147,-18.744115729999997,0.0,150.0
6955,22980,1149,3,-2.0097908973693848,0.6030117273330688,0.0003,0.8963282108306885,1.020311951637268,1148,-18.744115729999997,0.0,150.0
6956,23000,1150,3,-2.0117554664611816,0.17068631947040558,0.0003,0.9631552696228027,0.20149187743663788,1149,-18.744115729999997,0.0,150.0
6956,23020,1151,3,-2.0249531269073486,0.04982701689004898,0.0003,0.99107426404953,0.14724469184875488,1150,-18.744115729999997,0.0,150.0
6957,23040,1152,3,-2.028047561645508,0.14865657687187195,0.0003,0.9784003496170044,0.19693604111671448,1151,-18.744115729999997,0.0,150.0
6958,23060,1153,3,-2.0304181575775146,0.09623940289020538,0.0003,0.9861041307449341,-0.038532041013240814,1152,-18.744115729999997,0.0,150.0
6958,23080,1154,3,-2.033557653427124,0.09567134082317352,0.0003,0.981519877910614,-0.1968528777360916,1153,-18.744115729999997,0.0,150.0
6959,23100,1155,3,-2.0349268913269043,0.09156541526317596,0.0003,0.976089596748352,-0.2097029685974121,1154,-18.744115729999997,0.0,150.0
6960,23120,1156,3,-2.038902759552002,0.5439887642860413,0.0003,0.646141767501831,0.5796917676925659,1155,-18.744115729999997,0.0,150.0
6960,23140,1157,3,-2.0446081161499023,0.05089529603719711,0.0003,0.9732139706611633,-0.010615328326821327,1156,-18.744115729999997,0.0,150.0
6960,23160,1158,3,-2.0551533699035645,0.03276624530553818,0.0003,0.9844884872436523,0.1571979820728302,1157,-18.744115729999997,0.0,150.0
6961,23180,1159,3,-2.0594401359558105,0.04430662468075752,0.0003,0.9779784679412842,-0.20275180041790009,1158,-18.744115729999997,0.0,150.0
6961,23200,1160,3,-2.058638334274292,0.04281030222773552,0.0003,0.9629018306732178,-0.21889913082122803,1159,-18.744115729999997,0.0,150.0
6962,23220,1161,3,-2.056145191192627,0.037486739456653595,0.0003,0.9110094904899597,-0.03678407520055771,1160,-18.744115729999997,0.0,150.0
6962,23240,1162,3,-2.0578417778015137,0.045275453478097916,0.0003,0.9095257520675659,0.26674893498420715,1161,-18.744115729999997,0.0,150.0
6962,23260,1163,3,-2.0628879070281982,0.03357832878828049,0.0003,0.8640685081481934,-0.044684916734695435,1162,-18.744115729999997,0.0,150.0
6963,23280,1164,3,-2.0539984703063965,0.09263748675584793,0.0003,0.7663071155548096,0.26652830839157104,1163,-18.744115729999997,0.0,150.0
6963,23300,1165,3,-2.0517172813415527,0.07966284453868866,0.0003,0.834489107131958,-0.20956501364707947,1164,-18.744115729999997,0.0,150.0
6964,23320,1166,3,-2.0617382526397705,0.46303296089172363,0.0003,0.5372508764266968,0.6916395425796509,1165,-18.744115729999997,0.0,150.0
6964,23340,1167,3,-2.055464267730713,0.17838317155838013,0.0003,0.7863895297050476,0.19412532448768616,1166,-18.744115729999997,0.0,150.0
6965,23360,1168,3,-2.0490212440490723,0.2069401741027832,0.0003,0.5665092468261719,-0.26685667037963867,1167,-18.744115729999997,0.0,150.0
6966,23380,1169,3,-2.0472469329833984,0.074431411921978,0.0003,0.864732027053833,-0.14171789586544037,1168,-18.744115729999997,0.0,150.0
6966,23400,1170,3,-2.052288770675659,0.1086738258600235,0.0003,0.8165764808654785,-0.4110942780971527,1169,-18.48137626,0.0,150.0
6966,23420,1171,3,-2.062424659729004,0.01984294131398201,0.0003,0.9027590751647949,-0.1790473759174347,1170,-18.48137626,0.0,150.0
6967,23440,1172,3,-1.9997934103012085,0.1911727637052536,0.0003,0.31138139963150024,-0.48404064774513245,1171,-18.48137626,0.0,150.0
6967,23460,1173,3,-2.0017929077148438,0.2733990252017975,0.0003,0.5554866790771484,-0.1610518991947174,1172,-18.48137626,0.0,150.0
6968,23480,1174,3,-2.009469509124756,0.15476645529270172,0.0003,0.8737184405326843,-0.45616286993026733,1173,-18.48137626,0.0,150.0
6968,23500,1175,3,-2.0116119384765625,0.2636125683784485,0.0003,0.868918776512146,-0.49276357889175415,1174,-18.48137626,0.0,150.0
6969,23520,1176,3,-2.018657684326172,0.1383504420518875,0.0003,0.9427953958511353,-0.27156567573547363,1175,-18.48137626,0.0,150.0
6970,23540,1177,3,-2.0236563682556152,0.07098378986120224,0.0003,0.9660663604736328,-0.11539244651794434,1176,-18.48137626,0.0,150.0
6970,23560,1178,3,-2.0417704582214355,0.0630880668759346,0.0003,0.9694822430610657,-0.053322531282901764,1177,-18.48137626,0.0,150.0
6971,23580,1179,3,-2.040569305419922,0.03769557923078537,0.0003,0.9860730171203613,0.18836753070354462,1178,-18.48137626,0.0,150.0
6971,23600,1180,3,-2.0444674491882324,0.6301648020744324,0.0003,0.35302889347076416,0.5050923228263855,1179,-18.48137626,0.0,150.0
6972,23620,1181,3,-2.034069776535034,0.9186208844184875,0.0003,0.31984949111938477,0.9232012033462524,1180,-18.48137626,0.0,150.0
6972,23640,1182,3,-2.0363354682922363,0.06613036245107651,0.0003,0.930244505405426,0.032723940908908844,1181,-18.48137626,0.0,150.0
6973,23660,1183,3,-2.044424057006836,0.0766136422753334,0.0003,0.9595149159431458,-0.48432573676109314,1182,-18.48137626,0.0,150.0
6973,23680,1184,3,-2.0480129718780518,0.4250878691673279,0.0003,0.6446645855903625,0.14143911004066467,1183,-18.48137626,0.0,150.0
6974,23700,1185,3,-2.0454633235931396,0.2597184181213379,0.0003,0.6949267387390137,-0.02144944667816162,1184,-18.48137626,0.0,150.0
6974,23720,1186,3,-2.0459306240081787,0.18939772248268127,0.0003,0.7109249830245972,-0.25787174701690674,1185,-18.48137626,0.0,150.0
6973,23740,1187,3,-2.050049304962158,0.10560866445302963,0.0003,0.7432397603988647,-0.394583523273468,1186,-18.48137626,0.0,150.0
6972,23760,1188,3,-2.0458950996398926,0.21858510375022888,0.0003,-0.43454086780548096,0.12064343690872192,1187,-18.48137626,0.0,150.0
6972,23780,1189,3,-2.0493876934051514,0.06052607297897339,0.0003,0.2420710325241089,-0.26615390181541443,1188,-18.48137626,0.0,150.0
6973,23800,1190,3,-2.0411787033081055,0.8761569857597351,0.0003,0.16846239566802979,0.18087898194789886,1189,-18.48137626,0.0,150.0
6973,23820,1191,3,-2.03619647026062,0.1728438436985016,0.0003,0.06932646036148071,0.13966932892799377,1190,-18.48137626,0.0,150.0
6973,23840,1192,3,-2.024052381515503,0.2764602303504944,0.0003,-0.011511564254760742,0.041088998317718506,1191,-18.48137626,0.0,150.0
6974,23860,1193,3,-2.003185987472534,0.05159234255552292,0.0003,0.32084906101226807,-0.37565964460372925,1192,-18.48137626,0.0,150.0
6973,23880,1194,3,-2.004662275314331,0.13326294720172882,0.0003,0.25040584802627563,-0.7253618240356445,1193,-18.48137626,0.0,150.0
6972,23900,1195,3,-2.001394748687744,0.1822519600391388,0.0003,-0.07188856601715088,-0.6780327558517456,1194,-18.48137626,0.0,150.0
6971,23920,1196,3,-2.008254289627075,0.14315402507781982,0.0003,0.0034105777740478516,-0.6485048532485962,1195,-18.48137626,0.0,150.0
6969,23940,1197,3,-2.0121712684631348,0.14084605872631073,0.0003,-0.12445580959320068,-0.7351563572883606,1196,-18.48137626,0.0,150.0
6967,23960,1198,3,-2.003026247024536,0.11588846147060394,0.0003,-0.0050084590911865234,-0.5551406741142273,1197,-18.48137626,0.0,150.0
6967,23980,1199,3,-2.0055971145629883,0.18407343327999115,0.0003,-0.04205894470214844,-0.6859229207038879,1198,-18.48137626,0.0,150.0
6965,24000,1200,3,-2.011188507080078,0.09531760960817337,0.0003,-0.018911361694335938,-0.413107693195343,1199,-18.49484037,0.0,150.0
6963,24020,1201,3,-2.0155606269836426,0.1746634542942047,0.0003,-0.010095596313476562,-0.6230947971343994,1200,-18.49484037,0.0,150.0
6961,24040,1202,3,-2.0129740238189697,0.16805583238601685,0.0003,0.7535315752029419,-0.1081116646528244,1201,-18.49484037,0.0,150.0
6960,24060,1203,3,-2.0158169269561768,0.08350953459739685,0.0003,0.9104747176170349,0.11948803812265396,1202,-18.49484037,0.0,150.0
6958,24080,1204,3,-2.010669708251953,0.03175526484847069,0.0003,0.9747781157493591,-0.11060342937707901,1203,-18.49484037,0.0,150.0
6956,24100,1205,3,-2.0175728797912598,0.26712653040885925,0.0003,0.589604377746582,0.03476566821336746,1204,-18.49484037,0.0,150.0
6953,24120,1206,3,-2.011991024017334,0.028789769858121872,0.0003,0.9676636457443237,0.2079598605632782,1205,-18.49484037,0.0,150.0
6952,24140,1207,3,-2.0185253620147705,0.04744035378098488,0.0003,0.9368097186088562,-0.1018684059381485,1206,-18.49484037,0.0,150.0
6952,24160,1208,3,-2.0182294845581055,0.18223921954631805,0.0003,0.6190242767333984,0.12535175681114197,1207,-18.49484037,0.0,150.0
6952,24180,1209,3,-2.0162816047668457,0.16985727846622467,0.0003,0.722439169883728,-0.5569685697555542,1208,-18.49484037,0.0,150.0
6952,24200,1210,3,-2.0147769451141357,1.300729513168335,0.0003,0.0008466839790344238,0.8328967094421387,1209,-18.49484037,0.0,150.0
6952,24220,1211,3,-2.009671211242676,0.02306850627064705,0.0003,0.9334799647331238,-0.08146302402019501,1210,-18.49484037,0.0,150.0
6952,24240,1212,3,-1.9976646900177002,0.02163310907781124,0.0003,0.9128727912902832,0.026386892423033714,1211,-18.49484037,0.0,150.0
6953,24260,1213,3,-1.9905529022216797,0.14845511317253113,0.0003,0.7704330682754517,0.2851792275905609,1212,-18.49484037,0.0,150.0
6953,24280,1214,3,-1.983991265296936,0.03981262817978859,0.0003,0.930438220500946,0.19615289568901062,1213,-18.49484037,0.0,150.0
6954,24300,1215,3,-1.995396375656128,0.2537476420402527,0.0003,0.3443146347999573,-0.45751795172691345,1214,-18.49484037,0.0,150.0
6954,24320,1216,3,-1.9981085062026978,0.4542776644229889,0.0003,-0.07081174850463867,0.36912980675697327,1215,-18.49484037,0.0,150.0
6954,24340,1217,3,-1.9831476211547852,0.0788094773888588,0.0003,0.6463005542755127,-0.32239747047424316,1216,-18.49484037,0.0,150.0
6955,24360,1218,3,-1.9861822128295898,0.07977564632892609,0.0003,0.6636183261871338,-0.18601521849632263,1217,-18.49484037,0.0,150.0
6955,24380,1219,3,-1.9939823150634766,0.08098333328962326,0.0003,0.7070748805999756,-0.4739290773868561,1218,-18.49484037,0.0,150.0
6956,24400,1220,3,-1.9961957931518555,0.10880275070667267,0.0003,0.5180355310440063,-0.4845190644264221,1219,-18.49484037,0.0,150.0
6956,24420,1221,3,-1.9919500350952148,0.22451624274253845,0.0003,0.24928659200668335,-0.648779571056366,1220,-18.49484037,0.0,150.0
6956,24440,1222,3,-2.009424924850464,0.07170339673757553,0.0003,0.2522673010826111,-0.34037280082702637,1221,-18.49484037,0.0,150.0
6956,24460,1223,3,-2.0156285762786865,1.2263290882110596,0.0003,0.11025846004486084,0.42014527320861816,1222,-18.49484037,0.0,150.0
6957,24480,1224,3,-2.038322925567627,0.4004862904548645,0.0003,0.23023337125778198,-0.5903799533843994,1223,-18.49484037,0.0,150.0
6957,24500,1225,3,-2.030057907104492,0.2606643736362457,0.0003,0.24703651666641235,-0.6181381940841675,1224,-18.49484037,0.0,150.0
6957,24520,1226,3,-2.0343832969665527,0.19910919666290283,0.0003,0.215196430683136,-0.5111851096153259,1225,-18.49484037,0.0,150.0
6957,24540,1227,3,-2.0170702934265137,0.3470892608165741,0.0003,0.20673352479934692,-0.9966310262680054,1226,-18.49484037,0.0,150.0
6958,24560,1228,3,-2.014430284500122,0.3005691170692444,0.0003,0.17733633518218994,-0.7418092489242554,1227,-18.49484037,0.0,150.0
6958,24580,1229,3,-2.0205912590026855,2.247023820877075,0.0003,0.06453317403793335,0.1906544268131256,1228,-18.49484037,0.0,150.0
6958,24600,1230,3,-2.020808219909668,0.7720388174057007,0.0003,0.16115635633468628,-0.4966884255409241,1229,-18.66393992,0.0,150.0
6958,24620,1231,3,-2.0327372550964355,0.17394915223121643,0.0003,0.3967798948287964,-0.6668740510940552,1230,-18.66393992,0.0,150.0
6958,24640,1232,3,-1.9997222423553467,0.07329612970352173,0.0003,0.8827711343765259,-0.1856222003698349,1231,-18.66393992,0.0,150.0
6959,24660,1233,3,-1.991438865661621,0.051755618304014206,0.0003,0.9391337633132935,0.10898251831531525,1232,-18.66393992,0.0,150.0
6958,24680,1234,3,-1.99349045753479,0.10021847486495972,0.0003,0.8781929612159729,-0.03568616509437561,1233,-18.66393992,0.0,150.0
6958,24700,1235,3,-2.007234811782837,0.12706442177295685,0.0003,0.9329928159713745,-0.4329136312007904,1234,-18.66393992,0.0,150.0
6957,24720,1236,3,-2.0086312294006348,0.09219133853912354,0.0003,0.9148445129394531,0.1331985890865326,1235,-18.66393992,0.0,150.0
6957,24740,1237,3,-2.003559112548828,0.10903985798358917,0.0003,0.898255467414856,0.006158423610031605,1236,-18.66393992,0.0,150.0
6958,24760,1238,3,-2.0092084407806396,0.3189583420753479,0.0003,0.6785126328468323,0.49212774634361267,1237,-18.66393992,0.0,150.0
6958,24780,1239,3,-2.013084650039673,0.8949567079544067,0.0003,-0.9314814805984497,1.0061970949172974,1238,-18.66393992,0.0,150.0
6957,24800,1240,3,-2.0125880241394043,0.08111337572336197,0.0003,0.8187419176101685,-0.06554561108350754,1239,-18.66393992,0.0,150.0
6957,24820,1241,3,-2.004404067993164,0.11796820163726807,0.0003,0.07779330015182495,-0.027160948142409325,1240,-18.66393992,0.0,150.0
6957,24840,1242,3,-1.9931347370147705,0.051558881998062134,0.0003,0.6901530027389526,0.2674693465232849,1241,-18.66393992,0.0,150.0
6958,24860,1243,3,-1.9966399669647217,0.33137884736061096,0.0003,-0.01338207721710205,0.46655869483947754,1242,-18.66393992,0.0,150.0
6958,24880,1244,3,-1.9839985370635986,0.4495242238044739,0.0003,0.1937711238861084,0.5299600958824158,1243,-18.66393992,0.0,150.0
6959,24900,1245,3,-1.9826055765151978,0.02404368296265602,0.0003,0.7051994204521179,-0.03817397356033325,1244,-18.66393992,0.0,150.0
6959,24920,1246,3,-1.99236261844635,0.018664076924324036,0.0003,0.7085525989532471,0.10341854393482208,1245,-18.66393992,0.0,150.0
6959,24940,1247,3,-1.9908689260482788,0.15462708473205566,0.0003,0.3110647201538086,-0.024259323254227638,1246,-18.66393992,0.0,150.0
6960,24960,1248,3,-1.9896299839019775,0.09517105668783188,0.0003,0.313965380191803,-0.16813012957572937,1247,-18.66393992,0.0,150.0
6960,24980,1249,3,-1.987600564956665,0.044358398765325546,0.0003,-0.32946908473968506,-0.24050059914588928,1248,-18.66393992,0.0,150.0
6944,25000,1250,3,-1.995530366897583,0.10509632527828217,0.0003,0.1663387417793274,-0.4812467694282532,1249,-18.66393992,0.0,150.0
6944,25020,1251,3,-1.9937587976455688,0.11176852136850357,0.0003,0.14492982625961304,-0.2703772485256195,1250,-18.66393992,0.0,150.0
6944,25040,1252,3,-1.9982067346572876,0.09454111009836197,0.0003,0.1708659529685974,-0.3772543966770172,1251,-18.66393992,0.0,150.0
6944,25060,1253,3,-1.9952188730239868,0.1978684961795807,0.0003,0.0967208743095398,-0.6312381625175476,1252,-18.66393992,0.0,150.0
6945,25080,1254,3,-2.0006015300750732,0.14217603206634521,0.0003,0.1014711856842041,-0.5319948792457581,1253,-18.66393992,0.0,150.0
6945,25100,1255,3,-2.0077810287475586,0.2631598114967346,0.0003,0.03622305393218994,-0.4943309724330902,1254,-18.66393992,0.0,150.0
6945,25120,1256,3,-2.0182342529296875,0.19585426151752472,0.0003,0.04765284061431885,-0.7490155100822449,1255,-18.66393992,0.0,150.0
6946,25140,1257,3,-2.0179362297058105,0.1875397115945816,0.0003,0.06388288736343384,-0.7085554003715515,1256,-18.66393992,0.0,150.0
6946,25160,1258,3,-2.018656015396118,0.08496077358722687,0.0003,0.06842696666717529,-0.5188261270523071,1257,-18.66393992,0.0,150.0
6947,25180,1259,3,-2.0182862281799316,0.13098010420799255,0.0003,0.06033980846405029,-0.5886026620864868,1258,-18.66393992,0.0,150.0
6947,25200,1260,3,-2.027956008911133,0.11322914063930511,0.0003,0.04122704267501831,-0.44031253457069397,1259,-18.67622248,0.0,150.0
6947,25220,1261,3,-2.047267436981201,0.08104696124792099,0.0003,0.05961310863494873,-0.4693807065486908,1260,-18.67622248,0.0,150.0
6947,25240,1262,3,-1.98227858543396,0.33848637342453003,0.0003,0.4540596008300781,-0.7686312794685364,1261,-18.67622248,0.0,150.0
6948,25260,1263,3,-1.9843021631240845,0.046711571514606476,0.0003,0.8672361969947815,0.12010344117879868,1262,-18.67622248,0.0,150.0
6949,25280,1264,3,-1.9838968515396118,0.0983857661485672,0.0003,0.8878500461578369,-0.3536994457244873,1263,-18.67622248,0.0,150.0
6949,25300,1265,3,-1.984217882156372,0.09557624161243439,0.0003,0.9247291088104248,-0.48612385988235474,1264,-18.67622248,0.0,150.0
6949,25320,1266,3,-1.986055612564087,0.029579538851976395,0.0003,0.9548773765563965,-0.20281556248664856,1265,-18.67622248,0.0,150.0
6950,25340,1267,3,-1.9854627847671509,0.0776052325963974,0.0003,0.827536404132843,-0.12042607367038727,1266,-18.67622248,0.0,150.0
6950,25360,1268,3,-1.99398934841156,0.843836784362793,0.0003,0.22446691989898682,0.9039228558540344,1267,-18.67622248,0.0,150.0
6951,25380,1269,3,-1.9908459186553955,0.05222976207733154,0.0003,0.7388435006141663,-0.02067236229777336,1268,-18.67622248,0.0,150.0
6951,25400,1270,3,-1.9681228399276733,0.060393355786800385,0.0003,0.7441843152046204,-0.347047358751297,1269,-18.67622248,0.0,150.0
6952,25420,1271,3,-1.9734973907470703,0.18154588341712952,0.0003,0.47234225273132324,0.08427421748638153,1270,-18.67622248,0.0,150.0
6952,25440,1272,3,-1.9726982116699219,0.1569960117340088,0.0003,0.3603029251098633,0.3155380189418793,1271,-18.67622248,0.0,150.0
6953,25460,1273,3,-1.9698078632354736,0.05031660944223404,0.0003,0.17246729135513306,0.06577198207378387,1272,-18.67622248,0.0,150.0
6953,25480,1274,3,-1.9544166326522827,0.38391780853271484,0.0003,-0.10188841819763184,0.2859862446784973,1273,-18.67622248,0.0,150.0
6954,25500,1275,3,-1.9452892541885376,0.7710791826248169,0.0003,-0.06463325023651123,0.49986356496810913,1274,-18.67622248,0.0,150.0
6954,25520,1276,3,-1.9448745250701904,0.052103228867053986,0.0003,0.10142296552658081,-0.014871594496071339,1275,-18.67622248,0.0,150.0
6955,25540,1277,3,-1.9376522302627563,0.10813107341527939,0.0003,0.11073547601699829,0.09649350494146347,1276,-18.67622248,0.0,150.0
6955,25560,1278,3,-1.9374120235443115,0.03467215597629547,0.0003,0.16267108917236328,-0.2570761442184448,1277,-18.67622248,0.0,150.0
6956,25580,1279,3,-1.9371525049209595,0.767229437828064,0.0003,0.043698668479919434,0.4166315495967865,1278,-18.67622248,0.0,150.0
6956,25600,1280,3,-1.9350643157958984,0.07882396876811981,0.0003,0.030271053314208984,-0.42414921522140503,1279,-18.67622248,0.0,150.0
6955,25620,1281,3,-1.9407835006713867,0.04831138998270035,0.0003,0.104911208152771,-0.10673929750919342,1280,-18.67622248,0.0,150.0
6954,25640,1282,3,-1.9545297622680664,0.028622815385460854,0.0003,0.030026376247406006,-0.29289841651916504,1281,-18.67622248,0.0,150.0
6954,25660,1283,3,-1.955561876296997,0.03380739688873291,0.0003,0.04711359739303589,-0.22544240951538086,1282,-18.67622248,0.0,150.0
6955,25680,1284,3,-1.9697520732879639,0.08043500036001205,0.0003,-0.09139847755432129,0.07611626386642456,1283,-18.67622248,0.0,150.0
6955,25700,1285,3,-1.9819532632827759,0.07026128470897675,0.0003,-0.010679841041564941,-0.06662847101688385,1284,-18.67622248,0.0,150.0
6956,25720,1286,3,-2.0018692016601562,0.021810492500662804,0.0003,-0.08746743202209473,-0.14893393218517303,1285,-18.67622248,0.0,150.0
6956,25740,1287,3,-2.0168046951293945,0.03154902905225754,0.0003,-0.07442045211791992,0.0006225049728527665,1286,-18.67622248,0.0,150.0
6957,25760,1288,3,-2.0160739421844482,0.03829089552164078,0.0003,-0.06091904640197754,-0.28256869316101074,1287,-18.67622248,0.0,150.0
6957,25780,1289,3,-2.0252485275268555,0.07595221698284149,0.0003,-0.03934633731842041,-0.3897697329521179,1288,-18.67622248,0.0,150.0
6956,25800,1290,3,-2.0397183895111084,0.06841616332530975,0.0003,-0.029453635215759277,-0.42831143736839294,1289,-18.605975049999998,0.0,150.0
6957,25820,1291,3,-2.0403072834014893,0.12522824108600616,0.0003,-0.017684221267700195,-0.596879780292511,1290,-18.605975049999998,0.0,150.0
6957,25840,1292,3,-1.9633262157440186,0.1936764419078827,0.0003,0.6757283806800842,0.5459849834442139,1291,-18.605975049999998,0.0,150.0
6957,25860,1293,3,-1.9659560918807983,0.12312227487564087,0.0003,0.7112442255020142,0.3182128965854645,1292,-18.605975049999998,0.0,150.0
6958,25880,1294,3,-1.9630470275878906,0.11950717121362686,0.0003,0.7953822016716003,0.019109856337308884,1293,-18.605975049999998,0.0,150.0
6958,25900,1295,3,-1.967311143875122,0.16426944732666016,0.0003,0.8158842325210571,-0.24568113684654236,1294,-18.605975049999998,0.0,150.0
6958,25920,1296,3,-1.9685497283935547,0.17568185925483704,0.0003,0.8374626040458679,0.119149349629879,1295,-18.605975049999998,0.0,150.0
6958,25940,1297,3,-1.9703953266143799,0.3050139844417572,0.0003,0.850811779499054,0.16325899958610535,1296,-18.605975049999998,0.0,150.0
6959,25960,1298,3,-1.9856140613555908,0.38276737928390503,0.0003,0.8722836971282959,0.3577316403388977,1297,-18.605975049999998,0.0,150.0
6959,25980,1299,3,-1.9910781383514404,0.06596054136753082,0.0003,0.9697557091712952,-0.07886230200529099,1298,-18.605975049999998,0.0,150.0
6960,26000,1300,3,-1.9974212646484375,0.9764320254325867,0.0003,0.7556139826774597,0.7715967297554016,1299,-18.605975049999998,0.0,150.0
6960,26020,1301,3,-2.00315523147583,0.10877235233783722,0.0003,0.9648533463478088,-0.044562019407749176,1300,-18.605975049999998,0.0,150.0
6961,26040,1302,3,-2.010143756866455,0.126373291015625,0.0003,0.9645490646362305,0.2242717742919922,1301,-18.605975049999998,0.0,150.0
6961,26060,1303,3,-2.0093517303466797,0.11101265251636505,0.0003,0.9873483777046204,-0.5292661786079407,1302,-18.605975049999998,0.0,150.0
6962,26080,1304,3,-2.015587568283081,1.792572259902954,0.0003,0.5691065788269043,1.3834383487701416,1303,-18.605975049999998,0.0,150.0
6962,26100,1305,3,-2.023017406463623,0.05425158888101578,0.0003,0.976509153842926,-0.1863705813884735,1304,-18.605975049999998,0.0,150.0
6963,26120,1306,3,-2.0167644023895264,0.07856985926628113,0.0003,0.958672046661377,-0.12077049911022186,1305,-18.605975049999998,0.0,150.0
6963,26140,1307,3,-2.0227794647216797,0.05448104068636894,0.0003,0.9700594544410706,-0.314339816570282,1306,-18.605975049999998,0.0,150.0
6964,26160,1308,3,-2.023153305053711,1.0704749822616577,0.0003,0.5830711126327515,1.1021625995635986,1307,-18.605975049999998,0.0,150.0
6964,26180,1309,3,-2.0256404876708984,0.08730002492666245,0.0003,0.9259325861930847,-0.5427840352058411,1308,-18.605975049999998,0.0,150.0
6965,26200,1310,3,-2.016878366470337,0.017404967918992043,0.0003,0.9696170091629028,-0.15586848556995392,1309,-18.605975049999998,0.0,150.0
6965,26220,1311,3,-2.018864631652832,0.07368197292089462,0.0003,0.8373417854309082,-0.06413380801677704,1310,-18.605975049999998,0.0,150.0
6966,26240,1312,3,-2.022555112838745,0.20043127238750458,0.0003,0.7780905365943909,0.29854440689086914,1311,-18.605975049999998,0.0,150.0
6966,26260,1313,3,-2.013404369354248,0.3860515356063843,0.0003,0.7495465278625488,0.33126237988471985,1312,-18.605975049999998,0.0,150.0
6967,26280,1314,3,-2.0082430839538574,0.038656674325466156,0.0003,0.9637807011604309,-0.07943708449602127,1313,-18.605975049999998,0.0,150.0
6967,26300,1315,3,-2.012063980102539,0.14685581624507904,0.0003,0.903150200843811,0.08630968630313873,1314,-18.605975049999998,0.0,150.0
6968,26320,1316,3,-2.007978916168213,0.07794832438230515,0.0003,0.9518167972564697,-0.38225695490837097,1315,-18.605975049999998,0.0,150.0
6968,26340,1317,3,-2.005181074142456,0.2302900105714798,0.0003,0.7451490163803101,-0.6551099419593811,1316,-18.605975049999998,0.0,150.0
6969,26360,1318,3,-2.0088982582092285,0.07767021656036377,0.0003,0.8756982684135437,-0.48139601945877075,1317,-18.605975049999998,0.0,150.0
6970,26380,1319,3,-2.0075812339782715,0.1089482307434082,0.0003,0.6135599613189697,-0.42173895239830017,1318,-18.605975049999998,0.0,150.0
6970,26400,1320,3,-2.0055766105651855,0.16500353813171387,0.0003,0.3879244923591614,-0.4974726140499115,1319,-18.53864283,0.0,150.0
6970,26420,1321,3,-2.015827178955078,0.16721472144126892,0.0003,0.26285380125045776,-0.52207350730896,1320,-18.53864283,0.0,150.0
6971,26440,1322,3,-1.963505744934082,0.05584477260708809,0.0003,0.9474563002586365,-0.035270337015390396,1321,-18.53864283,0.0,150.0
6972,26460,1323,3,-1.9678468704223633,0.06789559870958328,0.0003,0.9520149230957031,0.0964386984705925,1322,-18.53864283,0.0,150.0
6972,26480,1324,3,-1.9705009460449219,0.24070799350738525,0.0003,0.8154475688934326,0.16223761439323425,1323,-18.53864283,0.0,150.0
6971,26500,1325,3,-1.9685862064361572,0.5514926314353943,0.0003,0.8486078977584839,0.2164115607738495,1324,-18.53864283,0.0,150.0
6972,26520,1326,3,-1.9712146520614624,0.7332357168197632,0.0003,0.9402281641960144,-1.479803442955017,1325,-18.53864283,0.0,150.0
6972,26540,1327,3,-1.9741947650909424,0.3385280966758728,0.0003,0.8419421315193176,0.3438688814640045,1326,-18.53864283,0.0,150.0
6972,26560,1328,3,-1.976792335510254,0.441131055355072,0.0003,0.8094789385795593,-0.18931853771209717,1327,-18.53864283,0.0,150.0
6973,26580,1329,3,-1.9733864068984985,0.32979854941368103,0.0003,0.9322461485862732,0.663141667842865,1328,-18.53864283,0.0,150.0
6974,26600,1330,3,-1.969457983970642,1.155330777168274,0.0003,0.8486424684524536,0.9595209956169128,1329,-18.53864283,0.0,150.0
6974,26620,1331,3,-1.9642788171768188,1.0527160167694092,0.0003,0.8374739289283752,-0.2956542372703552,1330,-18.53864283,0.0,150.0
6974,26640,1332,3,-1.9647384881973267,1.124742865562439,0.0003,0.8546273112297058,1.113294005393982,1331,-18.53864283,0.0,150.0
6975,26660,1333,3,-1.9643828868865967,0.2731553912162781,0.0003,0.9436743855476379,0.09910999238491058,1332,-18.53864283,0.0,150.0
6976,26680,1334,3,-1.9606025218963623,1.7491782903671265,0.0003,0.03007328510284424,0.9171283841133118,1333,-18.53864283,0.0,150.0
6976,26700,1335,3,-1.9792029857635498,1.099170207977295,0.0003,0.5750845074653625,0.43161097168922424,1334,-18.53864283,0.0,150.0
6977,26720,1336,3,-1.9744892120361328,0.11242903769016266,0.0003,0.9573730230331421,-0.2273806631565094,1335,-18.53864283,0.0,150.0
6978,26740,1337,3,-1.9823538064956665,0.21670278906822205,0.0003,0.8868218660354614,0.16863583028316498,1336,-18.53864283,0.0,150.0
6978,26760,1338,3,-1.986027479171753,0.2505522072315216,0.0003,0.6457419395446777,-0.11456422507762909,1337,-18.53864283,0.0,150.0
6978,26780,1339,3,-1.9795392751693726,0.09998200088739395,0.0003,0.8513520956039429,-0.35736581683158875,1338,-18.53864283,0.0,150.0
6979,26800,1340,3,-1.9785501956939697,0.15536879003047943,0.0003,0.6607031226158142,-0.2578633427619934,1339,-18.53864283,0.0,150.0
6979,26820,1341,3,-1.996873140335083,0.11450016498565674,0.0003,0.8427058458328247,-0.5942922830581665,1340,-18.53864283,0.0,150.0
6980,26840,1342,3,-1.9989013671875,0.1104106456041336,0.0003,0.7576392889022827,-0.5907590389251709,1341,-18.53864283,0.0,150.0
6980,26860,1343,3,-2.002290725708008,0.06989958882331848,0.0003,0.6274345517158508,-0.29577118158340454,1342,-18.53864283,0.0,150.0
6981,26880,1344,3,-2.0173497200012207,0.041885703802108765,0.0003,0.45689213275909424,-0.23821477591991425,1343,-18.53864283,0.0,150.0
6981,26900,1345,3,-2.0329620838165283,0.07442209124565125,0.0003,0.49220097064971924,-0.4832989275455475,1344,-18.53864283,0.0,150.0
6981,26920,1346,3,-2.036344051361084,0.06254513561725616,0.0003,0.31858110427856445,-0.44438380002975464,1345,-18.53864283,0.0,150.0
6982,26940,1347,3,-2.032693862915039,0.0781378448009491,0.0003,-0.14482223987579346,-0.4974121153354645,1346,-18.53864283,0.0,150.0
6982,26960,1348,3,-2.038933277130127,0.08927314728498459,0.0003,0.2641445994377136,-0.49439018964767456,1347,-18.53864283,0.0,150.0
6983,26980,1349,3,-2.040475368499756,0.08932272344827652,0.0003,0.16628563404083252,-0.4221980571746826,1348,-18.53864283,0.0,150.0
6983,27000,1350,3,-2.052755117416382,0.061843305826187134,0.0003,0.24796456098556519,-0.383108526468277,1349,-18.37240024,0.0,150.0
6983,27020,1351,3,-2.058269739151001,0.09076159447431564,0.0003,0.07817566394805908,-0.51311194896698,1350,-18.37240024,0.0,150.0
6984,27040,1352,3,-1.9782381057739258,0.1399499922990799,0.0003,0.8224977850914001,-0.4320639669895172,1351,-18.37240024,0.0,150.0
6984,27060,1353,3,-1.980624794960022,0.49993595480918884,0.0003,-1.274202823638916,0.8651806116104126,1352,-18.37240024,0.0,150.0
6985,27080,1354,3,-1.9798049926757812,0.5204390287399292,0.0003,0.16497212648391724,0.022873520851135254,1353,-18.37240024,0.0,150.0
6985,27100,1355,3,-1.9811255931854248,0.6422479152679443,0.0003,0.5586694478988647,-0.06270533800125122,1354,-18.37240024,0.0,150.0
6986,27120,1356,3,-1.9704437255859375,0.3211803436279297,0.0003,0.6156326532363892,0.06380580365657806,1355,-18.37240024,0.0,150.0
6987,27140,1357,3,-1.9780899286270142,0.3469027876853943,0.0003,0.6704723834991455,-0.3887917697429657,1356,-18.37240024,0.0,150.0
6987,27160,1358,3,-1.9864718914031982,0.7327525615692139,0.0003,0.6685223579406738,0.25589045882225037,1357,-18.37240024,0.0,150.0
6988,27180,1359,3,-1.9806638956069946,1.5463041067123413,0.0003,0.7293652892112732,0.9640365839004517,1358,-18.37240024,0.0,150.0
6989,27200,1360,3,-1.982774019241333,0.21299421787261963,0.0003,0.9453994631767273,-0.38785386085510254,1359,-18.37240024,0.0,150.0
6989,27220,1361,3,-1.9761683940887451,0.12209347635507584,0.0003,0.9694772362709045,-0.5166478157043457,1360,-18.37240024,0.0,150.0
6990,27240,1362,3,-1.9717178344726562,0.3095760643482208,0.0003,0.9156695604324341,0.43446263670921326,1361,-18.37240024,0.0,150.0
6991,27260,1363,3,-1.9696533679962158,1.540588617324829,0.0003,-0.4888979196548462,0.7615001201629639,1362,-18.37240024,0.0,150.0
6992,27280,1364,3,-1.96968674659729,0.6388083696365356,0.0003,0.37934452295303345,-0.41023311018943787,1363,-18.37240024,0.0,150.0
6992,27300,1365,3,-1.9583301544189453,0.4471012055873871,0.0003,0.36255866289138794,-0.6116620302200317,1364,-18.37240024,0.0,150.0
6993,27320,1366,3,-1.9678856134414673,0.3998569846153259,0.0003,-0.33870673179626465,-0.04094575718045235,1365,-18.37240024,0.0,150.0
6994,27340,1367,3,-1.9507802724838257,0.22231967747211456,0.0003,0.5461821556091309,-0.3620882034301758,1366,-18.37240024,0.0,150.0
6994,27360,1368,3,-1.9476289749145508,0.20576319098472595,0.0003,0.8088477849960327,-0.7535457611083984,1367,-18.37240024,0.0,150.0
6995,27380,1369,3,-1.945469617843628,0.12075895071029663,0.0003,0.825766384601593,-0.6119881868362427,1368,-18.37240024,0.0,150.0
6995,27400,1370,3,-1.9405971765518188,0.18444155156612396,0.0003,0.726988673210144,-0.7241532802581787,1369,-18.37240024,0.0,150.0
6996,27420,1371,3,-1.9405505657196045,0.2041577398777008,0.0003,0.6479096412658691,-0.7897281646728516,1370,-18.37240024,0.0,150.0
6997,27440,1372,3,-1.9332382678985596,0.24666540324687958,0.0003,0.5596838593482971,-0.7415379881858826,1371,-18.37240024,0.0,150.0
6997,27460,1373,3,-1.932300329208374,0.1812564879655838,0.0003,0.31314730644226074,-0.0822635069489479,1372,-18.37240024,0.0,150.0
6998,27480,1374,3,-1.9290497303009033,0.07584889233112335,0.0003,0.5605031251907349,-0.39801377058029175,1373,-18.37240024,0.0,150.0
6998,27500,1375,3,-1.9322963953018188,0.8100165128707886,0.0003,0.04490983486175537,0.4888243079185486,1374,-18.37240024,0.0,150.0
6999,27520,1376,3,-1.933643102645874,0.17282326519489288,0.0003,0.3315022587776184,-0.42997416853904724,1375,-18.37240024,0.0,150.0
6999,27540,1377,3,-1.9392139911651611,0.6597310900688171,0.0003,0.0628969669342041,0.29038572311401367,1376,-18.37240024,0.0,150.0
6999,27560,1378,3,-1.9292552471160889,0.07212737202644348,0.0003,0.3013470768928528,0.012467692606151104,1377,-18.37240024,0.0,150.0
6999,27580,1379,3,-1.9038505554199219,0.10716196149587631,0.0003,0.4139731526374817,-0.35153478384017944,1378,-18.37240024,0.0,150.0
6998,27600,1380,3,-1.9206790924072266,0.06091386824846268,0.0003,0.30745381116867065,0.015437277033925056,1379,-18.23846761,0.0,150.0
6999,27620,1381,3,-1.9268970489501953,0.04182528331875801,0.0003,0.19505709409713745,-0.13205833733081818,1380,-18.23846761,0.0,150.0
6999,27640,1382,3,-1.896345853805542,0.05613325908780098,0.0003,0.5616328716278076,-0.06236878037452698,1381,-18.23846761,0.0,150.0
7000,27660,1383,3,-1.8914203643798828,0.11120505630970001,0.0003,0.700432538986206,0.021718338131904602,1382,-18.23846761,0.0,150.0
7000,27680,1384,3,-1.897888422012329,0.18062004446983337,0.0003,0.7098019123077393,-0.05517446994781494,1383,-18.23846761,0.0,150.0
7001,27700,1385,3,-1.9009425640106201,0.15602608025074005,0.0003,0.8521713018417358,-0.3810223639011383,1384,-18.23846761,0.0,150.0
7001,27720,1386,3,-1.9074535369873047,0.27452632784843445,0.0003,0.7723455429077148,0.36211490631103516,1385,-18.23846761,0.0,150.0
7001,27740,1387,3,-1.9030975103378296,0.2669968605041504,0.0003,0.8167335391044617,0.04964623600244522,1386,-18.23846761,0.0,150.0
7002,27760,1388,3,-1.9039726257324219,0.034163475036621094,0.0003,0.9854265451431274,-0.1870550662279129,1387,-18.23846761,0.0,150.0
7002,27780,1389,3,-1.9069188833236694,0.0702018067240715,0.0003,0.9728723168373108,-0.3508288264274597,1388,-18.23846761,0.0,150.0
7003,27800,1390,3,-1.9101349115371704,0.03839728981256485,0.0003,0.9579290151596069,-0.04797697812318802,1389,-18.23846761,0.0,150.0
7003,27820,1391,3,-1.9204670190811157,0.025183355435729027,0.0003,0.933414101600647,-0.10695066303014755,1390,-18.23846761,0.0,150.0
7003,27840,1392,3,-1.923057198524475,0.033455055207014084,0.0003,0.7377644777297974,0.019551759585738182,1391,-18.23846761,0.0,150.0
7003,27860,1393,3,-1.914353609085083,0.6813522577285767,0.0003,-0.14407658576965332,0.8262786865234375,1392,-18.23846761,0.0,150.0
7004,27880,1394,3,-1.9094598293304443,1.6044938564300537,0.0003,0.07088124752044678,1.3764874935150146,1393,-18.23846761,0.0,150.0
7005,27900,1395,3,-1.9224411249160767,0.904746413230896,0.0003,0.357471227645874,1.239242672920227,1394,-18.23846761,0.0,150.0
7005,27920,1396,3,-1.9372613430023193,0.05584452301263809,0.0003,0.699699342250824,0.1732608824968338,1395,-18.23846761,0.0,150.0
7006,27940,1397,3,-1.9366058111190796,0.03584951162338257,0.0003,0.6767331957817078,0.060432784259319305,1396,-18.23846761,0.0,150.0
7006,27960,1398,3,-1.9416195154190063,0.18742364645004272,0.0003,0.38133352994918823,0.00879204273223877,1397,-18.23846761,0.0,150.0
7007,27980,1399,3,-1.9701383113861084,1.7403147220611572,0.0003,0.25163733959198,1.1750571727752686,1398,-18.23846761,0.0,150.0
7007,28000,1400,3,-1.9723351001739502,0.044126175343990326,0.0003,0.6353248953819275,-0.23000332713127136,1399,-18.23846761,0.0,150.0
7008,28020,1401,3,-1.9877952337265015,0.15220800042152405,0.0003,0.051330626010894775,-0.7184730768203735,1400,-18.23846761,0.0,150.0
7009,28040,1402,4,-1.9862182140350342,0.3245546519756317,0.0003,-0.5471072196960449,-0.8635435104370117,1401,-18.23846761,0.0,150.0
7009,28060,1403,4,-2.0094573497772217,0.16190855205059052,0.0003,-0.29635465145111084,-0.7183490991592407,1402,-18.23846761,0.0,150.0
7010,28080,1404,4,-2.008342742919922,0.27552738785743713,0.0003,0.013380229473114014,-0.8346789479255676,1403,-18.23846761,0.0,150.0
7010,28100,1405,4,-2.0187008380889893,0.2220509946346283,0.0003,-0.04957544803619385,-0.7436622381210327,1404,-18.23846761,0.0,150.0
7011,28120,1406,4,-2.024360179901123,0.16854438185691833,0.0003,0.0001666545867919922,-0.5944446325302124,1405,-18.23846761,0.0,150.0
7011,28140,1407,4,-2.0313353538513184,0.11135177314281464,0.0003,0.013741135597229004,-0.6135915517807007,1406,-18.23846761,0.0,150.0
7012,28160,1408,4,-2.0341975688934326,0.12873372435569763,0.0003,0.010465383529663086,-0.6803622841835022,1407,-18.23846761,0.0,150.0
7013,28180,1409,4,-2.0302462577819824,0.07743100076913834,0.0003,0.021566331386566162,-0.4968629479408264,1408,-18.23846761,0.0,150.0
7013,28200,1410,4,-2.0271120071411133,0.050878167152404785,0.0003,0.0108184814453125,-0.3779868185520172,1409,-18.554886550000003,0.0,150.0
7013,28220,1411,4,-2.025618314743042,0.04785776138305664,0.0003,0.009425759315490723,-0.32011157274246216,1410,-18.554886550000003,0.0,150.0
7014,28240,1412,4,-1.944210410118103,0.09285268932580948,0.0003,0.8395642042160034,-0.2844834625720978,1411,-18.554886550000003,0.0,150.0
7014,28260,1413,4,-1.9431498050689697,0.03991910070180893,0.0003,0.9329609870910645,0.11292184889316559,1412,-18.554886550000003,0.0,150.0
7015,28280,1414,4,-1.9435765743255615,0.16561201214790344,0.0003,0.9106343388557434,-0.4941592216491699,1413,-18.554886550000003,0.0,150.0
7016,28300,1415,4,-1.9432045221328735,0.012224739417433739,0.0003,0.9896829724311829,-0.03221483156085014,1414,-18.554886550000003,0.0,150.0
7016,28320,1416,4,-1.949728012084961,0.0943547934293747,0.0003,0.9252480864524841,-0.305099755525589,1415,-18.554886550000003,0.0,150.0
7017,28340,1417,4,-1.957446813583374,0.09944859892129898,0.0003,0.9605345129966736,0.5498480796813965,1416,-18.554886550000003,0.0,150.0
7017,28360,1418,4,-1.9649989604949951,0.01995241828262806,0.0003,0.9894991517066956,-0.20790839195251465,1417,-18.554886550000003,0.0,150.0
7018,28380,1419,4,-1.964474081993103,0.03384719789028168,0.0003,0.9485232830047607,0.1581762284040451,1418,-18.554886550000003,0.0,150.0
7018,28400,1420,4,-1.9860284328460693,0.01473455410450697,0.0003,0.9742310643196106,-0.06960020959377289,1419,-18.554886550000003,0.0,150.0
7019,28420,1421,4,-1.9874902963638306,0.23148611187934875,0.0003,0.5419021844863892,0.6314398050308228,1420,-18.554886550000003,0.0,150.0
7019,28440,1422,4,-1.9797966480255127,0.7869504690170288,0.0003,0.4321640133857727,0.47806230187416077,1421,-18.554886550000003,0.0,150.0
7020,28460,1423,4,-1.9726552963256836,0.11561641842126846,0.0003,0.8710911273956299,0.3117917478084564,1422,-18.554886550000003,0.0,150.0
7020,28480,1424,4,-1.9640620946884155,0.138468399643898,0.0003,-0.5094962120056152,-0.3292100727558136,1423,-18.554886550000003,0.0,150.0
7021,28500,1425,4,-1.9420146942138672,0.027493303641676903,0.0003,0.8492705225944519,-0.12070421874523163,1424,-18.554886550000003,0.0,150.0
7021,28520,1426,4,-1.9531500339508057,0.10671865940093994,0.0003,0.08222997188568115,0.07538868486881256,1425,-18.554886550000003,0.0,150.0
7021,28540,1427,4,-1.9576709270477295,0.09914109855890274,0.0003,-0.5565578937530518,-0.39696383476257324,1426,-18.554886550000003,0.0,150.0
7022,28560,1428,4,-1.965932846069336,0.05985332652926445,0.0003,0.15431487560272217,-0.48927658796310425,1427,-18.554886550000003,0.0,150.0
7022,28580,1429,4,-1.9575741291046143,0.11918221414089203,0.0003,0.14785057306289673,-0.6533525586128235,1428,-18.554886550000003,0.0,150.0
7022,28600,1430,4,-1.9376245737075806,0.3916984796524048,0.0003,-5.3048133850097656e-05,0.028367752209305763,1429,-18.554886550000003,0.0,150.0
7023,28620,1431,4,-1.966314673423767,0.18869011104106903,0.0003,-0.013682007789611816,-0.690545380115509,1430,-18.554886550000003,0.0,150.0
7023,28640,1432,4,-1.9676837921142578,0.11964675039052963,0.0003,0.049334049224853516,-0.53644198179245,1431,-18.554886550000003,0.0,150.0
7023,28660,1433,4,-1.979736566543579,0.29061609506607056,0.0003,0.028481602668762207,-0.4045657515525818,1432,-18.554886550000003,0.0,150.0
7023,28680,1434,4,-1.978110909461975,0.3027147352695465,0.0003,0.038512468338012695,-0.6824599504470825,1433,-18.554886550000003,0.0,150.0
7024,28700,1435,4,-2.00067400932312,0.23417167365550995,0.0003,0.03378093242645264,-0.7543849945068359,1434,-18.554886550000003,0.0,150.0
7024,28720,1436,4,-2.0084757804870605,0.173299640417099,0.0003,0.015312254428863525,-0.655820369720459,1435,-18.554886550000003,0.0,150.0
7024,28740,1437,4,-2.0165648460388184,0.16807821393013,0.0003,0.010338306427001953,-0.6032567024230957,1436,-18.554886550000003,0.0,150.0
7024,28760,1438,4,-2.0235373973846436,0.0691906288266182,0.0003,0.012872755527496338,-0.5011560916900635,1437,-18.554886550000003,0.0,150.0
7024,28780,1439,4,-2.0127995014190674,0.15069246292114258,0.0003,0.018959879875183105,-0.48602384328842163,1438,-18.554886550000003,0.0,150.0
7023,28800,1440,4,-2.0306198596954346,0.07722627371549606,0.0003,0.0003727078437805176,-0.4222232699394226,1439,-18.848776909999998,0.0,150.0
7022,28820,1441,4,-2.0496199131011963,0.10222842544317245,0.0003,-0.0021829605102539062,-0.47147640585899353,1440,-18.848776909999998,0.0,150.0
7021,28840,1442,4,-1.9652179479599,0.06319278478622437,0.0003,0.8967777490615845,0.11694874614477158,1441,-18.848776909999998,0.0,150.0
7021,28860,1443,4,-1.9754559993743896,0.23532147705554962,0.0003,0.8544762134552002,0.3823404610157013,1442,-18.848776909999998,0.0,150.0
7020,28880,1444,4,-1.9694044589996338,0.13894404470920563,0.0003,0.9153109192848206,0.282106876373291,1443,-18.848776909999998,0.0,150.0
7021,28900,1445,4,-1.974593162536621,0.08696623146533966,0.0003,0.9548313021659851,0.06207100301980972,1444,-18.848776909999998,0.0,150.0
7021,28920,1446,4,-1.9699958562850952,0.4415481984615326,0.0003,0.9137881994247437,0.8131340742111206,1445,-18.848776909999998,0.0,150.0
7021,28940,1447,4,-1.968314528465271,0.2989693284034729,0.0003,0.9427610039710999,0.7080944776535034,1446,-18.848776909999998,0.0,150.0
7020,28960,1448,4,-1.9784033298492432,0.5103059411048889,0.0003,0.8779505491256714,0.49371689558029175,1447,-18.848776909999998,0.0,150.0
7019,28980,1449,4,-1.977203607559204,0.24055202305316925,0.0003,0.9630380868911743,0.4201017916202545,1448,-18.848776909999998,0.0,150.0
7019,29000,1450,4,-1.977299690246582,0.12737970054149628,0.0003,0.9774373769760132,-0.09262851625680923,1449,-18.848776909999998,0.0,150.0
7018,29020,1451,4,-1.9916082620620728,0.08439794927835464,0.0003,0.9845008850097656,-0.12891404330730438,1450,-18.848776909999998,0.0,150.0
7013,29040,1452,4,-2.001070499420166,0.17980484664440155,0.0003,0.9527138471603394,0.14057403802871704,1451,-18.848776909999998,0.0,150.0
7011,29060,1453,4,-2.0094645023345947,0.048522792756557465,0.0003,0.9949851036071777,-0.3227619230747223,1452,-18.848776909999998,0.0,150.0
7005,29080,1454,4,-2.0131583213806152,0.1388627588748932,0.0003,0.9658952951431274,0.2683744430541992,1453,-18.848776909999998,0.0,150.0
6996,29100,1455,4,-2.0114731788635254,0.018984869122505188,0.0003,0.9959052801132202,-0.14539773762226105,1454,-18.848776909999998,0.0,150.0
6992,29120,1456,4,-2.0133767127990723,0.03940426558256149,0.0003,0.9834454655647278,0.03833045810461044,1455,-18.848776909999998,0.0,150.0
6977,29140,1457,4,-2.0378174781799316,0.05516719073057175,0.0003,0.9722594022750854,-0.13215872645378113,1456,-18.848776909999998,0.0,150.0
6961,29160,1458,4,-2.0374836921691895,0.0476057305932045,0.0003,0.9626791477203369,-0.10313332080841064,1457,-18.848776909999998,0.0,150.0
6958,29180,1459,4,-2.044598340988159,0.0469561368227005,0.0003,0.9572031497955322,0.0020634722895920277,1458,-18.848776909999998,0.0,150.0
6956,29200,1460,4,-2.0530593395233154,0.1406053602695465,0.0003,0.878212571144104,0.08840920031070709,1459,-18.848776909999998,0.0,150.0
6951,29220,1461,4,-2.0709445476531982,0.07134732604026794,0.0003,0.9483862519264221,-0.28710609674453735,1460,-18.848776909999998,0.0,150.0
6949,29240,1462,4,-2.0649802684783936,0.22748537361621857,0.0003,0.8858163356781006,-0.8153480291366577,1461,-18.848776909999998,0.0,150.0
6946,29260,1463,4,-2.0695483684539795,0.10175883769989014,0.0003,0.8286031484603882,-0.4023734927177429,1462,-18.848776909999998,0.0,150.0
6946,29280,1464,4,-2.07745361328125,0.07676175236701965,0.0003,0.8431046009063721,-0.4472882151603699,1463,-18.848776909999998,0.0,150.0
6924,29300,1465,4,-2.0809097290039062,0.09828847646713257,0.0003,0.6945145130157471,-0.3330076038837433,1464,-18.848776909999998,0.0,150.0
6918,29320,1466,4,-2.0730555057525635,0.10765238106250763,0.0003,0.7026917934417725,-0.4648025631904602,1465,-18.848776909999998,0.0,150.0
6914,29340,1467,4,-2.081839084625244,0.12197735160589218,0.0003,0.6760685443878174,-0.5854262709617615,1466,-18.848776909999998,0.0,150.0
6908,29360,1468,4,-2.083850145339966,0.07383055984973907,0.0003,0.5627444982528687,-0.4306144714355469,1467,-18.848776909999998,0.0,150.0
6905,29380,1469,4,-2.082813024520874,0.09394518285989761,0.0003,0.2866703271865845,-0.5255523324012756,1468,-18.848776909999998,0.0,150.0
6902,29400,1470,4,-2.0916378498077393,0.08426062762737274,0.0003,0.3635767102241516,-0.4988578259944916,1469,-19.021674490000002,0.0,150.0
6897,29420,1471,4,-2.100567102432251,0.06728359311819077,0.0003,0.2486998438835144,-0.4812092185020447,1470,-19.021674490000002,0.0,150.0
6893,29440,1472,4,-2.0226173400878906,0.05298346281051636,0.0003,0.8792586326599121,0.23311050236225128,1471,-19.021674490000002,0.0,150.0
6878,29460,1473,4,-2.021246910095215,0.09891363233327866,0.0003,0.6657105684280396,0.0305198822170496,1472,-19.021674490000002,0.0,150.0
6876,29480,1474,4,-2.03605055809021,0.3185058534145355,0.0003,0.6020243763923645,0.08571039140224457,1473,-19.021674490000002,0.0,150.0
6872,29500,1475,4,-2.0457825660705566,0.16842322051525116,0.0003,0.8317325711250305,-0.3652920126914978,1474,-19.021674490000002,0.0,150.0
6869,29520,1476,4,-2.054060459136963,0.25745129585266113,0.0003,0.8164413571357727,0.2604016661643982,1475,-19.021674490000002,0.0,150.0
6869,29540,1477,4,-2.060837984085083,0.14026346802711487,0.0003,0.9441241025924683,0.19042563438415527,1476,-19.021674490000002,0.0,150.0
6868,29560,1478,4,-2.0593175888061523,0.10048036277294159,0.0003,0.9560040831565857,-0.16181929409503937,1477,-19.021674490000002,0.0,150.0
6864,29580,1479,4,-2.0687332153320312,0.884055495262146,0.0003,0.5736360549926758,0.49179086089134216,1478,-19.021674490000002,0.0,150.0
6861,29600,1480,4,-2.0682616233825684,0.14398261904716492,0.0003,0.9377756118774414,-0.04936329275369644,1479,-19.021674490000002,0.0,150.0
6859,29620,1481,4,-2.0609142780303955,0.6415427923202515,0.0003,0.8512377738952637,0.4758542478084564,1480,-19.021674490000002,0.0,150.0
6857,29640,1482,4,-2.0628323554992676,0.6596864461898804,0.0003,0.7507892847061157,0.23339442908763885,1481,-19.021674490000002,0.0,150.0
6855,29660,1483,4,-2.065836191177368,0.29144486784935,0.0003,0.9486267566680908,0.3083338141441345,1482,-19.021674490000002,0.0,150.0
6852,29680,1484,4,-2.064516544342041,0.16133436560630798,0.0003,0.984104335308075,-0.5027219653129578,1483,-19.021674490000002,0.0,150.0
6845,29700,1485,4,-2.072207450866699,0.06366641819477081,0.0003,0.9904402494430542,-0.18543435633182526,1484,-19.021674490000002,0.0,150.0
6842,29720,1486,4,-2.070161819458008,0.3336336612701416,0.0003,0.9307305812835693,0.34933173656463623,1485,-19.021674490000002,0.0,150.0
6836,29740,1487,4,-2.0700907707214355,0.061885833740234375,0.0003,0.9901559352874756,0.2844701409339905,1486,-19.021674490000002,0.0,150.0
6833,29760,1488,4,-2.069796562194824,0.4408439099788666,0.0003,0.9599387049674988,0.8737714886665344,1487,-19.021674490000002,0.0,150.0
6830,29780,1489,4,-2.072368860244751,0.3399578332901001,0.0003,0.8905696868896484,-0.3349340856075287,1488,-19.021674490000002,0.0,150.0
6828,29800,1490,4,-2.0738422870635986,0.7688940763473511,0.0003,0.42886412143707275,0.3633543848991394,1489,-19.021674490000002,0.0,150.0
6823,29820,1491,4,-2.0803399085998535,0.08171103894710541,0.0003,0.8783850073814392,0.2660437226295471,1490,-19.021674490000002,0.0,150.0
6814,29840,1492,4,-2.0885632038116455,0.16449132561683655,0.0003,0.5689636468887329,-0.5174092650413513,1491,-19.021674490000002,0.0,150.0
6801,29860,1493,4,-2.0924885272979736,0.040408048778772354,0.0003,0.6884057521820068,-0.11474640667438507,1492,-19.021674490000002,0.0,150.0
6789,29880,1494,4,-2.092223644256592,0.024639839306473732,0.0003,0.4322550296783447,-0.07406939566135406,1493,-19.021674490000002,0.0,150.0
6780,29900,1495,4,-2.091855764389038,0.030299078673124313,0.0003,0.19179248809814453,-0.03842167183756828,1494,-19.021674490000002,0.0,150.0
6776,29920,1496,4,-2.0908093452453613,0.12020237743854523,0.0003,-0.49498414993286133,-0.4779508709907532,1495,-19.021674490000002,0.0,150.0
6767,29940,1497,4,-2.091778516769409,0.045943621546030045,0.0003,-0.2999107837677002,-0.373667448759079,1496,-19.021674490000002,0.0,150.0
6765,29960,1498,4,-2.086667537689209,0.03087472915649414,0.0003,0.02511507272720337,-0.2129654884338379,1497,-19.021674490000002,0.0,150.0
6764,29980,1499,4,-2.079188585281372,0.03611338883638382,0.0003,-0.1834716796875,-0.14880920946598053,1498,-19.021674490000002,0.0,150.0
6764,30000,1500,4,-2.0646591186523438,0.0425366535782814,0.0003,-0.10917830467224121,-0.3056081235408783,1499,-18.77367699,0.0,150.0
6763,30020,1501,4,-2.0745887756347656,0.06833688169717789,0.0003,-0.08522486686706543,-0.4403974413871765,1500,-18.77367699,0.0,150.0
6762,30040,1502,4,-2.032797336578369,0.2203105390071869,0.0003,0.7017358541488647,-0.33911949396133423,1501,-18.77367699,0.0,150.0
6760,30060,1503,4,-2.0368762016296387,0.6510595679283142,0.0003,-0.08560621738433838,0.07236645370721817,1502,-18.77367699,0.0,150.0
6759,30080,1504,4,-2.0241546630859375,0.14161986112594604,0.0003,0.7485061883926392,-0.45039600133895874,1503,-18.77367699,0.0,150.0
6757,30100,1505,4,-2.023681163787842,0.7981014251708984,0.0003,-1.6461141109466553,0.1294800341129303,1504,-18.77367699,0.0,150.0
6755,30120,1506,4,-2.012662172317505,0.18208079040050507,0.0003,-0.9916402101516724,-0.7061370015144348,1505,-18.77367699,0.0,150.0
6753,30140,1507,4,-2.0100226402282715,0.48790425062179565,0.0003,-0.48483097553253174,0.06947480142116547,1506,-18.77367699,0.0,150.0
6751,30160,1508,4,-2.0151326656341553,1.1474812030792236,0.0003,0.32923024892807007,0.7131178379058838,1507,-18.77367699,0.0,150.0
6751,30180,1509,4,-2.0087687969207764,0.20204687118530273,0.0003,0.7795010805130005,-0.6627985835075378,1508,-18.77367699,0.0,150.0
6750,30200,1510,4,-2.0104684829711914,0.5734051465988159,0.0003,0.3990364670753479,0.07354070991277695,1509,-18.77367699,0.0,150.0
6745,30220,1511,4,-2.0002639293670654,0.43477874994277954,0.0003,-0.07159233093261719,0.3081669211387634,1510,-18.77367699,0.0,150.0
6742,30240,1512,4,-1.98953115940094,1.174843430519104,0.0003,-0.02763676643371582,1.0969974994659424,1511,-18.77367699,0.0,150.0
6740,30260,1513,4,-2.0088438987731934,0.09642688184976578,0.0003,0.7817581295967102,-0.16873645782470703,1512,-18.77367699,0.0,150.0
6739,30280,1514,4,-2.0065643787384033,1.3524144887924194,0.0003,0.1411610245704651,0.9730805158615112,1513,-18.77367699,0.0,150.0
6738,30300,1515,4,-2.0188841819763184,1.0914580821990967,0.0003,0.49618011713027954,0.5010308027267456,1514,-18.77367699,0.0,150.0
6737,30320,1516,4,-2.011645793914795,0.25274401903152466,0.0003,0.8309521675109863,0.25645574927330017,1515,-18.77367699,0.0,150.0
6737,30340,1517,4,-2.0060882568359375,0.13955862820148468,0.0003,0.8440587520599365,-0.20860505104064941,1516,-18.77367699,0.0,150.0
6736,30360,1518,4,-2.003340244293213,0.8771343231201172,0.0003,0.46430504322052,0.5947524309158325,1517,-18.77367699,0.0,150.0
6736,30380,1519,4,-2.008693218231201,0.6479141116142273,0.0003,0.2235451340675354,0.5260292291641235,1518,-18.77367699,0.0,150.0
6735,30400,1520,4,-1.990698218345642,0.09298853576183319,0.0003,0.8193832635879517,-0.487457275390625,1519,-18.77367699,0.0,150.0
6734,30420,1521,4,-1.9964784383773804,0.1206258088350296,0.0003,0.2683424949645996,-0.5077732801437378,1520,-18.77367699,0.0,150.0
6734,30440,1522,4,-2.0042450428009033,0.06981033086776733,0.0003,0.11810839176177979,-0.3848593831062317,1521,-18.77367699,0.0,150.0
6733,30460,1523,4,-2.0066208839416504,0.06237614154815674,0.0003,0.11851394176483154,-0.3931009769439697,1522,-18.77367699,0.0,150.0
6733,30480,1524,4,-2.0194239616394043,0.08162607252597809,0.0003,0.1295216679573059,-0.5226341485977173,1523,-18.77367699,0.0,150.0
6732,30500,1525,4,-2.0201964378356934,0.08670111000537872,0.0003,0.3208603262901306,-0.40218812227249146,1524,-18.77367699,0.0,150.0
6731,30520,1526,4,-2.021169662475586,0.07551394402980804,0.0003,0.32514965534210205,-0.4160453677177429,1525,-18.77367699,0.0,150.0
6724,30540,1527,4,-2.0108234882354736,0.09350542724132538,0.0003,0.13529831171035767,-0.47860416769981384,1526,-18.77367699,0.0,150.0
6721,30560,1528,4,-2.010828971862793,0.10293266922235489,0.0003,0.13675230741500854,-0.32568496465682983,1527,-18.77367699,0.0,150.0
6719,30580,1529,4,-2.0314598083496094,0.07716180384159088,0.0003,-0.14386415481567383,-0.4172082543373108,1528,-18.77367699,0.0,150.0
6716,30600,1530,4,-2.017761468887329,0.09439677000045776,0.0003,-0.11651623249053955,-0.4484749436378479,1529,-18.82676874,0.0,150.0
6710,30620,1531,4,-2.028268814086914,0.18811099231243134,0.0003,0.006004512310028076,-0.5843919515609741,1530,-18.82676874,0.0,150.0
6707,30640,1532,4,-1.9732043743133545,0.07872745394706726,0.0003,0.6365224123001099,-0.149495929479599,1531,-18.82676874,0.0,150.0
6705,30660,1533,4,-1.9855142831802368,0.05096607282757759,0.0003,0.8848366737365723,0.1547643095254898,1532,-18.82676874,0.0,150.0
6703,30680,1534,4,-1.9834372997283936,0.04454037547111511,0.0003,0.9191776514053345,-0.05093640834093094,1533,-18.82676874,0.0,150.0
6703,30700,1535,4,-1.9862006902694702,0.7566825747489929,0.0003,0.7038804292678833,0.20082135498523712,1534,-18.82676874,0.0,150.0
6702,30720,1536,4,-1.9724419116973877,0.5685095191001892,0.0003,0.7718930840492249,-0.22599907219409943,1535,-18.82676874,0.0,150.0
6701,30740,1537,4,-1.9649345874786377,0.23315247893333435,0.0003,0.9397228956222534,-0.17840759456157684,1536,-18.82676874,0.0,150.0
6700,30760,1538,4,-1.9556760787963867,0.14613786339759827,0.0003,0.9756020307540894,-0.35628560185432434,1537,-18.82676874,0.0,150.0
6698,30780,1539,4,-1.9389365911483765,1.3894505500793457,0.0003,0.34122413396835327,0.9945322275161743,1538,-18.82676874,0.0,150.0
6694,30800,1540,4,-1.939432144165039,0.1966947615146637,0.0003,0.9797542691230774,-0.5822838544845581,1539,-18.82676874,0.0,150.0
6692,30820,1541,4,-1.9433622360229492,0.0498647578060627,0.0003,0.9861993193626404,-0.02052685059607029,1540,-18.82676874,0.0,150.0
6690,30840,1542,4,-1.9512088298797607,0.04858553782105446,0.0003,0.990965723991394,0.2066839039325714,1541,-18.82676874,0.0,150.0
6679,30860,1543,4,-1.9521636962890625,0.3359493315219879,0.0003,0.8912676572799683,0.27275019884109497,1542,-18.82676874,0.0,150.0
6671,30880,1544,4,-1.9569976329803467,0.21086497604846954,0.0003,0.9758024215698242,-0.7415903210639954,1543,-18.82676874,0.0,150.0
6669,30900,1545,4,-1.9694344997406006,0.24276061356067657,0.0003,0.8675562143325806,0.37195950746536255,1544,-18.82676874,0.0,150.0
6667,30920,1546,4,-1.9757945537567139,0.8436418771743774,0.0003,0.805816113948822,0.6559890508651733,1545,-18.82676874,0.0,150.0
6663,30940,1547,4,-1.9755942821502686,0.15151754021644592,0.0003,0.951715886592865,-0.04022717475891113,1546,-18.82676874,0.0,150.0
6653,30960,1548,4,-1.9823116064071655,0.1001695990562439,0.0003,0.9724839925765991,-0.3014202117919922,1547,-18.82676874,0.0,150.0
6651,30980,1549,4,-1.9818038940429688,0.19474078714847565,0.0003,0.9407603740692139,-0.28402096033096313,1548,-18.82676874,0.0,150.0
6649,31000,1550,4,-1.9669692516326904,2.3956916332244873,0.0003,0.640450656414032,0.9436683654785156,1549,-18.82676874,0.0,150.0
6648,31020,1551,4,-1.9751455783843994,0.12487751245498657,0.0003,0.9615844488143921,-0.18215680122375488,1550,-18.82676874,0.0,150.0
6645,31040,1552,4,-1.9913177490234375,0.09471036493778229,0.0003,0.9670731425285339,-0.2651706635951996,1551,-18.82676874,0.0,150.0
6643,31060,1553,4,-2.0086092948913574,0.3786151111125946,0.0003,0.896650493144989,-0.9283439517021179,1552,-18.82676874,0.0,150.0
6640,31080,1554,4,-2.0221660137176514,0.15349987149238586,0.0003,0.8945860862731934,-0.5565204620361328,1553,-18.82676874,0.0,150.0
6637,31100,1555,4,-2.030181407928467,0.13699695467948914,0.0003,0.8390941023826599,-0.5256698131561279,1554,-18.82676874,0.0,150.0
6631,31120,1556,4,-2.041947841644287,0.12259770929813385,0.0003,0.4990693926811218,-0.29923945665359497,1555,-18.82676874,0.0,150.0
6627,31140,1557,4,-2.049071788787842,0.10734294354915619,0.0003,0.30149364471435547,-0.23313990235328674,1556,-18.82676874,0.0,150.0
6626,31160,1558,4,-2.060887098312378,0.13671265542507172,0.0003,0.2495766282081604,-0.44337302446365356,1557,-18.82676874,0.0,150.0
6625,31180,1559,4,-2.0702176094055176,0.0462365560233593,0.0003,0.47848767042160034,-0.3579390347003937,1558,-18.82676874,0.0,150.0
6624,31200,1560,4,-2.072496175765991,0.05593862384557724,0.0003,0.14558416604995728,-0.3016415536403656,1559,-19.129023970000002,0.0,150.0
6623,31220,1561,4,-2.084407329559326,0.05071268230676651,0.0003,0.1385604739189148,-0.23049120604991913,1560,-19.129023970000002,0.0,150.0
6623,31240,1562,4,-1.9964582920074463,0.4274081289768219,0.0003,0.7946388721466064,-0.7090924978256226,1561,-19.129023970000002,0.0,150.0
6622,31260,1563,4,-1.9998986721038818,0.4637604355812073,0.0003,0.8143505454063416,0.7600842714309692,1562,-19.129023970000002,0.0,150.0
6621,31280,1564,4,-1.9948631525039673,0.3710055947303772,0.0003,0.8402841687202454,-0.2359105795621872,1563,-19.129023970000002,0.0,150.0
6620,31300,1565,4,-2.000256299972534,0.1976918876171112,0.0003,0.9382253289222717,-0.46577930450439453,1564,-19.129023970000002,0.0,150.0
6620,31320,1566,4,-1.9991185665130615,0.7543269395828247,0.0003,0.8781987428665161,0.5670621991157532,1565,-19.129023970000002,0.0,150.0
6619,31340,1567,4,-1.999585747718811,0.3772534728050232,0.0003,0.9277732372283936,0.12487070262432098,1566,-19.129023970000002,0.0,150.0
6618,31360,1568,4,-1.9921369552612305,1.5714646577835083,0.0003,0.7663030624389648,1.3733192682266235,1567,-19.129023970000002,0.0,150.0
6614,31380,1569,4,-1.992862343788147,0.18950243294239044,0.0003,0.9559978246688843,0.0005109563353471458,1568,-19.129023970000002,0.0,150.0
6611,31400,1570,4,-2.0033750534057617,0.04675698280334473,0.0003,0.99141925573349,-0.1644931584596634,1569,-19.129023970000002,0.0,150.0
6609,31420,1571,4,-1.997625708580017,0.09095470607280731,0.0003,0.9913697242736816,-0.4115487039089203,1570,-19.129023970000002,0.0,150.0
6603,31440,1572,4,-2.0082693099975586,0.14052583277225494,0.0003,0.976688802242279,-0.4821011424064636,1571,-19.129023970000002,0.0,150.0
6600,31460,1573,4,-2.01806640625,0.0354023352265358,0.0003,0.9943720698356628,-0.2459607571363449,1572,-19.129023970000002,0.0,150.0
6599,31480,1574,4,-2.0251882076263428,0.039620645344257355,0.0003,0.9854848384857178,-0.03267728164792061,1573,-19.129023970000002,0.0,150.0
6597,31500,1575,4,-2.0357954502105713,0.05237411707639694,0.0003,0.9813944101333618,0.18623581528663635,1574,-19.129023970000002,0.0,150.0
6595,31520,1576,4,-2.039015054702759,0.05272655561566353,0.0003,0.963523805141449,0.053643226623535156,1575,-19.129023970000002,0.0,150.0
6592,31540,1577,4,-2.047274112701416,0.08427746593952179,0.0003,0.924928605556488,0.14601349830627441,1576,-19.129023970000002,0.0,150.0
6586,31560,1578,4,-2.044635534286499,0.12604670226573944,0.0003,0.8389691710472107,0.19345985352993011,1577,-19.129023970000002,0.0,150.0
6583,31580,1579,4,-2.0288119316101074,1.7689300775527954,0.0003,0.469953715801239,1.8773826360702515,1578,-19.129023970000002,0.0,150.0
6579,31600,1580,4,-2.0403714179992676,0.12816236913204193,0.0003,0.861220121383667,0.1947336494922638,1579,-19.129023970000002,0.0,150.0
6576,31620,1581,4,-2.0275301933288574,0.3499191403388977,0.0003,0.23352807760238647,0.28704091906547546,1580,-19.129023970000002,0.0,150.0
6575,31640,1582,4,-2.032593250274658,0.058829598128795624,0.0003,0.7299707531929016,-0.10777483135461807,1581,-19.129023970000002,0.0,150.0
6574,31660,1583,4,-2.0440802574157715,0.3042345643043518,0.0003,-0.01680588722229004,-0.03849956765770912,1582,-19.129023970000002,0.0,150.0
6573,31680,1584,4,-2.0278515815734863,0.6105389595031738,0.0003,-0.010348677635192871,0.6281048059463501,1583,-19.129023970000002,0.0,150.0
6573,31700,1585,4,-2.0357658863067627,0.054285693913698196,0.0003,0.2815020680427551,-0.07810366153717041,1584,-19.129023970000002,0.0,150.0
6573,31720,1586,4,-2.037717342376709,0.055043987929821014,0.0003,0.16840910911560059,-0.22981031239032745,1585,-19.129023970000002,0.0,150.0
6572,31740,1587,4,-2.046351909637451,0.03316632658243179,0.0003,0.3388056755065918,-0.22744086384773254,1586,-19.129023970000002,0.0,150.0
6573,31760,1588,4,-2.0609874725341797,0.05304429680109024,0.0003,-0.44962453842163086,-0.41858991980552673,1587,-19.129023970000002,0.0,150.0
6573,31780,1589,4,-2.063408851623535,0.07205357402563095,0.0003,-0.0913238525390625,-0.41209936141967773,1588,-19.129023970000002,0.0,150.0
6571,31800,1590,4,-2.069880962371826,0.04523900896310806,0.0003,0.030285775661468506,-0.35741084814071655,1589,-18.90050301,0.0,150.0
6569,31820,1591,4,-2.078770160675049,0.04526858031749725,0.0003,0.051422834396362305,-0.3501971662044525,1590,-18.90050301,0.0,150.0
6566,31840,1592,4,-1.945752739906311,0.038095273077487946,0.0003,0.9147805571556091,0.09322242438793182,1591,-18.90050301,0.0,150.0
6565,31860,1593,4,-1.941981554031372,0.3828859329223633,0.0003,0.46211856603622437,0.4576093554496765,1592,-18.90050301,0.0,150.0
6564,31880,1594,4,-1.9370677471160889,0.5236151814460754,0.0003,0.7046867609024048,0.5325479507446289,1593,-18.90050301,0.0,150.0
6563,31900,1595,4,-1.9326822757720947,0.10857199132442474,0.0003,0.9144707918167114,-0.3233862519264221,1594,-18.90050301,0.0,150.0
6564,31920,1596,4,-1.9374679327011108,0.29199546575546265,0.0003,0.40022051334381104,-0.5874298810958862,1595,-18.90050301,0.0,150.0
6564,31940,1597,4,-1.9442756175994873,0.23536591231822968,0.0003,0.8423487544059753,-0.692996621131897,1596,-18.90050301,0.0,150.0
6564,31960,1598,4,-1.9528652429580688,0.20064637064933777,0.0003,0.8420864343643188,-0.2108059823513031,1597,-18.90050301,0.0,150.0
6564,31980,1599,4,-1.963880181312561,0.38574063777923584,0.0003,0.8174264430999756,0.5892482995986938,1598,-18.90050301,0.0,150.0
6564,32000,1600,4,-1.9651601314544678,0.0786508172750473,0.0003,0.9321663975715637,-0.2501230835914612,1599,-18.90050301,0.0,150.0
6564,32020,1601,4,-1.97305428981781,0.04714598506689072,0.0003,0.9490227699279785,-0.19004103541374207,1600,-18.90050301,0.0,150.0
6564,32040,1602,4,-1.9870307445526123,0.10273011028766632,0.0003,0.808057427406311,-0.2145887166261673,1601,-18.90050301,0.0,150.0
6564,32060,1603,4,-1.9778846502304077,0.008429075591266155,0.0003,0.9642361402511597,-0.005988372955471277,1602,-18.90050301,0.0,150.0
6564,32080,1604,4,-1.984653115272522,0.019441615790128708,0.0003,0.9165917634963989,-0.040651898831129074,1603,-18.90050301,0.0,150.0
6564,32100,1605,4,-1.9824295043945312,0.07460630685091019,0.0003,0.7942795753479004,-0.19611766934394836,1604,-18.90050301,0.0,150.0
6564,32120,1606,4,-1.9931234121322632,0.04178009182214737,0.0003,0.7593813538551331,-0.17574834823608398,1605,-18.90050301,0.0,150.0
6563,32140,1607,4,-1.996320366859436,0.06366924941539764,0.0003,0.6288927793502808,-0.19067740440368652,1606,-18.90050301,0.0,150.0
6562,32160,1608,4,-2.017176866531372,0.08265440165996552,0.0003,0.3774261474609375,-0.13300195336341858,1607,-18.90050301,0.0,150.0
6561,32180,1609,4,-2.043006420135498,0.06937539577484131,0.0003,0.04008990526199341,-0.28563928604125977,1608,-18.90050301,0.0,150.0
6560,32200,1610,4,-2.0554654598236084,0.08157433569431305,0.0003,0.11904329061508179,-0.2871078848838806,1609,-18.90050301,0.0,150.0
6559,32220,1611,4,-2.061469554901123,0.048706281930208206,0.0003,0.14942842721939087,-0.1275378167629242,1610,-18.90050301,0.0,150.0
6558,32240,1612,4,-2.077202081680298,0.141806960105896,0.0003,0.12218260765075684,-0.35969844460487366,1611,-18.90050301,0.0,150.0
6558,32260,1613,4,-2.0819437503814697,0.15897676348686218,0.0003,0.16256862878799438,-0.41081705689430237,1612,-18.90050301,0.0,150.0
6559,32280,1614,4,-2.0976808071136475,0.08021662384271622,0.0003,0.24200290441513062,-0.4274020791053772,1613,-18.90050301,0.0,150.0
6559,32300,1615,4,-2.0930824279785156,0.07024510204792023,0.0003,0.14920955896377563,-0.2503574788570404,1614,-18.90050301,0.0,150.0
6559,32320,1616,4,-2.1018569469451904,0.10664594173431396,0.0003,0.12082773447036743,-0.49467331171035767,1615,-18.90050301,0.0,150.0
6559,32340,1617,4,-2.110546588897705,0.10314484685659409,0.0003,0.06796389818191528,-0.3110346794128418,1616,-18.90050301,0.0,150.0
6559,32360,1618,4,-2.1122565269470215,0.1448398232460022,0.0003,0.03536742925643921,-0.460852712392807,1617,-18.90050301,0.0,150.0
6559,32380,1619,4,-2.117694139480591,0.11512131989002228,0.0003,0.029141247272491455,-0.28452253341674805,1618,-18.90050301,0.0,150.0
6559,32400,1620,4,-2.11789870262146,0.354620099067688,0.0003,0.05019420385360718,0.41137123107910156,1619,-19.231609390000003,0.0,150.0
6557,32420,1621,4,-2.1141886711120605,0.10264670848846436,0.0003,0.06596022844314575,0.007147467229515314,1620,-19.231609390000003,0.0,150.0
6554,32440,1622,4,-1.9406496286392212,0.06843866407871246,0.0003,0.6086690425872803,-0.09025999903678894,1621,-19.231609390000003,0.0,150.0
6552,32460,1623,4,-1.9476566314697266,0.21087804436683655,0.0003,-0.0402674674987793,-0.4215504229068756,1622,-19.231609390000003,0.0,150.0
6550,32480,1624,4,-1.946402907371521,0.09982247650623322,0.0003,0.6203339695930481,-0.20938070118427277,1623,-19.231609390000003,0.0,150.0
6550,32500,1625,4,-1.9507328271865845,0.3360658586025238,0.0003,0.6752536296844482,0.26724785566329956,1624,-19.231609390000003,0.0,150.0
6548,32520,1626,4,-1.9602711200714111,0.24569031596183777,0.0003,0.853553295135498,0.5282927751541138,1625,-19.231609390000003,0.0,150.0
6548,32540,1627,4,-1.9662392139434814,0.11543722450733185,0.0003,0.9268344640731812,0.08117952942848206,1626,-19.231609390000003,0.0,150.0
6548,32560,1628,4,-1.9648536443710327,0.18562451004981995,0.0003,0.8650069832801819,0.3814031779766083,1627,-19.231609390000003,0.0,150.0
6548,32580,1629,4,-1.9720115661621094,0.899286150932312,0.0003,0.11091858148574829,0.9662789106369019,1628,-19.231609390000003,0.0,150.0
6549,32600,1630,4,-1.9652315378189087,0.4539465010166168,0.0003,0.6055554151535034,0.9281133413314819,1629,-19.231609390000003,0.0,150.0
6548,32620,1631,4,-1.9827516078948975,0.49486929178237915,0.0003,0.2813059687614441,0.31108376383781433,1630,-19.231609390000003,0.0,150.0
6547,32640,1632,4,-1.99312424659729,0.46948742866516113,0.0003,0.5216946601867676,0.33547091484069824,1631,-19.231609390000003,0.0,150.0
6546,32660,1633,4,-1.9933414459228516,0.19031104445457458,0.0003,0.6129443645477295,0.26161274313926697,1632,-19.231609390000003,0.0,150.0
6544,32680,1634,4,-1.9660847187042236,2.6582889556884766,0.0003,0.16928672790527344,2.581707715988159,1633,-19.231609390000003,0.0,150.0
6543,32700,1635,4,-1.9901832342147827,0.42662501335144043,0.0003,0.8315848112106323,0.4630334973335266,1634,-19.231609390000003,0.0,150.0
6543,32720,1636,5,-1.9916235208511353,0.575992226600647,0.0003,0.47521907091140747,0.6874901652336121,1635,-19.231609390000003,0.0,150.0
6543,32740,1637,5,-1.9844837188720703,1.0313186645507812,0.0003,0.37687838077545166,0.6451791524887085,1636,-19.231609390000003,0.0,150.0
6544,32760,1638,5,-1.981576919555664,0.07433924078941345,0.0003,0.8824710845947266,0.028170708566904068,1637,-19.231609390000003,0.0,150.0
6543,32780,1639,5,-1.9671385288238525,0.5157483220100403,0.0003,0.6315634250640869,0.7319102883338928,1638,-19.231609390000003,0.0,150.0
6543,32800,1640,5,-1.9687459468841553,0.07060845196247101,0.0003,0.8388150930404663,-0.35214054584503174,1639,-19.231609390000003,0.0,150.0
6542,32820,1641,5,-1.9649137258529663,0.059957556426525116,0.0003,0.8533092737197876,0.05277326703071594,1640,-19.231609390000003,0.0,150.0
6541,32840,1642,5,-1.976607084274292,0.11109200865030289,0.0003,-0.16619527339935303,-0.17954325675964355,1641,-19.231609390000003,0.0,150.0
6541,32860,1643,5,-1.980369210243225,0.046097416430711746,0.0003,0.8312340378761292,-0.3475620150566101,1642,-19.231609390000003,0.0,150.0
6541,32880,1644,5,-1.9830961227416992,0.05970900133252144,0.0003,-0.001372218132019043,-0.3406608998775482,1643,-19.231609390000003,0.0,150.0
6541,32900,1645,5,-1.9888904094696045,0.11398110538721085,0.0003,0.27874571084976196,-0.33627697825431824,1644,-19.231609390000003,0.0,150.0
6540,32920,1646,5,-2.0028631687164307,0.047639939934015274,0.0003,-0.04045867919921875,-0.2847570478916168,1645,-19.231609390000003,0.0,150.0
6539,32940,1647,5,-1.9972507953643799,0.038312382996082306,0.0003,0.452722430229187,-0.2968934178352356,1646,-19.231609390000003,0.0,150.0
6539,32960,1648,5,-1.9923360347747803,0.09460964053869247,0.0003,0.38063567876815796,-0.4855939745903015,1647,-19.231609390000003,0.0,150.0
6539,32980,1649,5,-2.006690263748169,0.05196451023221016,0.0003,0.2514902949333191,-0.31400972604751587,1648,-19.231609390000003,0.0,150.0
6538,33000,1650,5,-2.019975423812866,0.054094038903713226,0.0003,0.2614692449569702,-0.21772146224975586,1649,-18.99148128,0.0,150.0
6539,33020,1651,5,-2.033904552459717,0.07637681066989899,0.0003,0.22203385829925537,-0.25268587470054626,1650,-18.99148128,0.0,150.0
6539,33040,1652,5,-1.8825550079345703,0.047555696219205856,0.0003,0.9217914938926697,-0.13462214171886444,1651,-18.99148128,0.0,150.0
6539,33060,1653,5,-1.8878570795059204,0.24125000834465027,0.0003,0.8432989120483398,0.48384666442871094,1652,-18.99148128,0.0,150.0
6539,33080,1654,5,-1.8856618404388428,0.17307643592357635,0.0003,0.9510685205459595,-0.5841823816299438,1653,-18.99148128,0.0,150.0
6539,33100,1655,5,-1.8928359746932983,0.18393605947494507,0.0003,0.910703182220459,-0.16664794087409973,1654,-18.99148128,0.0,150.0
6538,33120,1656,5,-1.9045511484146118,0.05782335251569748,0.0003,0.9778985977172852,-0.19613105058670044,1655,-18.99148128,0.0,150.0
6536,33140,1657,5,-1.9187517166137695,0.32916370034217834,0.0003,0.867431640625,0.6092599034309387,1656,-18.99148128,0.0,150.0
6535,33160,1658,5,-1.9322445392608643,0.26469582319259644,0.0003,0.9321513772010803,0.02915450930595398,1657,-18.99148128,0.0,150.0
6534,33180,1659,5,-1.933111548423767,0.09888909757137299,0.0003,0.9738417863845825,-0.08612848818302155,1658,-18.99148128,0.0,150.0
6534,33200,1660,5,-1.9423694610595703,0.2834182381629944,0.0003,0.9322400093078613,0.20214077830314636,1659,-18.99148128,0.0,150.0
6533,33220,1661,5,-1.949459433555603,0.4138736128807068,0.0003,0.9076603055000305,-0.7470846176147461,1660,-18.99148128,0.0,150.0
6532,33240,1662,5,-1.9589132070541382,0.255856454372406,0.0003,0.8689406514167786,-0.10088713467121124,1661,-18.99148128,0.0,150.0
6530,33260,1663,5,-1.9675203561782837,0.22962132096290588,0.0003,0.8328018188476562,0.2190035581588745,1662,-18.99148128,0.0,150.0
6530,33280,1664,5,-1.9868404865264893,0.2312520295381546,0.0003,0.8706148862838745,0.4921351969242096,1663,-18.99148128,0.0,150.0
6530,33300,1665,5,-1.972387671470642,1.0307836532592773,0.0003,0.6009999513626099,1.4312260150909424,1664,-18.99148128,0.0,150.0
6530,33320,1666,5,-1.9792461395263672,0.1587812453508377,0.0003,0.8963766098022461,0.44250649213790894,1665,-18.99148128,0.0,150.0
6529,33340,1667,5,-1.9871069192886353,0.08333243429660797,0.0003,0.9364444017410278,-0.19024758040905,1666,-18.99148128,0.0,150.0
6528,33360,1668,5,-1.9839633703231812,0.08801703155040741,0.0003,0.9527921080589294,-0.37042468786239624,1667,-18.99148128,0.0,150.0
6527,33380,1669,5,-1.9977699518203735,1.8496853113174438,0.0003,0.5911381244659424,0.7966286540031433,1668,-18.99148128,0.0,150.0
6526,33400,1670,5,-1.9943749904632568,0.43307024240493774,0.0003,0.8641625046730042,-0.07228496670722961,1669,-18.99148128,0.0,150.0
6525,33420,1671,5,-1.9977893829345703,0.41594013571739197,0.0003,0.6743402481079102,0.17253927886486053,1670,-18.99148128,0.0,150.0
6525,33440,1672,5,-2.002636194229126,0.2815963625907898,0.0003,0.7252370119094849,-0.1837509423494339,1671,-18.99148128,0.0,150.0
6525,33460,1673,5,-1.9999088048934937,0.15864218771457672,0.0003,0.9057881236076355,-0.6951698064804077,1672,-18.99148128,0.0,150.0
6524,33480,1674,5,-2.007347583770752,0.22940728068351746,0.0003,0.7619986534118652,-0.3972133994102478,1673,-18.99148128,0.0,150.0
6524,33500,1675,5,-2.0166544914245605,0.1670716106891632,0.0003,0.820907711982727,-0.5650027394294739,1674,-18.99148128,0.0,150.0
6524,33520,1676,5,-2.0334131717681885,0.16209712624549866,0.0003,0.6345266103744507,-0.41879144310951233,1675,-18.99148128,0.0,150.0
6524,33540,1677,5,-2.046813488006592,0.15552270412445068,0.0003,0.3658214807510376,-0.36131444573402405,1676,-18.99148128,0.0,150.0
6521,33560,1678,5,-2.043626308441162,0.8663729429244995,0.0003,0.05423903465270996,0.791252613067627,1677,-18.99148128,0.0,150.0
6516,33580,1679,5,-2.050072431564331,0.1127227172255516,0.0003,0.5413035154342651,-0.3500612676143646,1678,-18.99148128,0.0,150.0
6514,33600,1680,5,-2.064462661743164,0.49349722266197205,0.0003,-0.004371762275695801,0.37569552659988403,1679,-18.982482949999998,0.0,150.0
6513,33620,1681,5,-2.0599167346954346,1.2580630779266357,0.0003,-0.011317729949951172,1.0199813842773438,1680,-18.982482949999998,0.0,150.0
6513,33640,1682,5,-1.903525948524475,0.07762501388788223,0.0003,0.9663444757461548,-0.22264094650745392,1681,-18.982482949999998,0.0,150.0
6513,33660,1683,5,-1.9090639352798462,0.12283680588006973,0.0003,0.9427117705345154,0.27173304557800293,1682,-18.982482949999998,0.0,150.0
6513,33680,1684,5,-1.9131829738616943,0.06227564066648483,0.0003,0.9728797674179077,-0.1118607297539711,1683,-18.982482949999998,0.0,150.0
6513,33700,1685,5,-1.914940595626831,0.7400375008583069,0.0003,0.6895185708999634,0.7139633893966675,1684,-18.982482949999998,0.0,150.0
6511,33720,1686,5,-1.9126701354980469,0.2716502547264099,0.0003,0.7992650270462036,0.09752634912729263,1685,-18.982482949999998,0.0,150.0
6510,33740,1687,5,-1.9084482192993164,0.09770296514034271,0.0003,0.8925540447235107,0.11711613833904266,1686,-18.982482949999998,0.0,150.0
6510,33760,1688,5,-1.9191383123397827,0.3249794840812683,0.0003,0.5951827168464661,0.6823021173477173,1687,-18.982482949999998,0.0,150.0
6509,33780,1689,5,-1.9218552112579346,0.24292807281017303,0.0003,0.18517804145812988,-0.3083426356315613,1688,-18.982482949999998,0.0,150.0
6508,33800,1690,5,-1.925016164779663,0.20350506901741028,0.0003,0.7604466676712036,0.517856776714325,1689,-18.982482949999998,0.0,150.0
6507,33820,1691,5,-1.9361927509307861,0.526412844657898,0.0003,0.4163649082183838,-0.057922303676605225,1690,-18.982482949999998,0.0,150.0
6507,33840,1692,5,-1.9426788091659546,0.6523960828781128,0.0003,0.6229691505432129,0.9683866500854492,1691,-18.982482949999998,0.0,150.0
6507,33860,1693,5,-1.9429603815078735,0.7780407071113586,0.0003,0.3633154630661011,1.0702073574066162,1692,-18.982482949999998,0.0,150.0
6507,33880,1694,5,-1.9546912908554077,1.3500789403915405,0.0003,0.7386071681976318,1.2146873474121094,1693,-18.982482949999998,0.0,150.0
6507,33900,1695,5,-1.9676625728607178,0.3207067549228668,0.0003,0.8547030687332153,0.40380334854125977,1694,-18.982482949999998,0.0,150.0
6507,33920,1696,5,-1.9797366857528687,0.13504299521446228,0.0003,0.9360116720199585,-0.6339411735534668,1695,-18.982482949999998,0.0,150.0
6507,33940,1697,5,-1.9744056463241577,0.3751533329486847,0.0003,-0.40031492710113525,0.19829149544239044,1696,-18.982482949999998,0.0,150.0
6508,33960,1698,5,-1.981873869895935,0.19642645120620728,0.0003,-1.2733697891235352,-0.5511194467544556,1697,-18.982482949999998,0.0,150.0
6508,33980,1699,5,-1.9879820346832275,1.7931442260742188,0.0003,0.036591947078704834,0.13066574931144714,1698,-18.982482949999998,0.0,150.0
6507,34000,1700,5,-1.9696102142333984,0.8087655305862427,0.0003,0.33633530139923096,0.2053343504667282,1699,-18.982482949999998,0.0,150.0
6507,34020,1701,5,-1.9739948511123657,0.11316976696252823,0.0003,0.8348864912986755,-0.5935344099998474,1700,-18.982482949999998,0.0,150.0
6505,34040,1702,5,-1.9718656539916992,0.17851655185222626,0.0003,0.5792615413665771,-0.5717185139656067,1701,-18.982482949999998,0.0,150.0
6505,34060,1703,5,-1.9900321960449219,0.18062618374824524,0.0003,0.538419246673584,-0.7640007734298706,1702,-18.982482949999998,0.0,150.0
6504,34080,1704,5,-1.9950599670410156,0.15383872389793396,0.0003,-0.009276270866394043,-0.5468496680259705,1703,-18.982482949999998,0.0,150.0
6504,34100,1705,5,-1.9998500347137451,0.10755205154418945,0.0003,0.19007307291030884,-0.5070739984512329,1704,-18.982482949999998,0.0,150.0
6504,34120,1706,5,-2.010261058807373,0.08370111137628555,0.0003,0.10658204555511475,-0.4360552728176117,1705,-18.982482949999998,0.0,150.0
6504,34140,1707,5,-2.0314199924468994,0.11186894029378891,0.0003,0.06537318229675293,-0.28747501969337463,1706,-18.982482949999998,0.0,150.0
6505,34160,1708,5,-2.0321192741394043,0.04535673186182976,0.0003,0.23062878847122192,-0.21940389275550842,1707,-18.982482949999998,0.0,150.0
6505,34180,1709,5,-2.037205696105957,0.05835188552737236,0.0003,0.19207674264907837,-0.3223746418952942,1708,-18.982482949999998,0.0,150.0
6505,34200,1710,5,-2.0301578044891357,0.09109164774417877,0.0003,0.11482936143875122,-0.3686051666736603,1709,-19.228556160000004,0.0,150.0
6505,34220,1711,5,-2.0418174266815186,0.053481388837099075,0.0003,0.19341015815734863,-0.2725450396537781,1710,-19.228556160000004,0.0,150.0
6506,34240,1712,5,-1.8973712921142578,0.5894339680671692,0.0003,0.39494073390960693,0.5040996670722961,1711,-19.228556160000004,0.0,150.0
6506,34260,1713,5,-1.8905315399169922,0.1069943755865097,0.0003,0.8726209402084351,0.14374037086963654,1712,-19.228556160000004,0.0,150.0
6506,34280,1714,5,-1.8848457336425781,0.6972787976264954,0.0003,0.5059691667556763,-0.1584821194410324,1713,-19.228556160000004,0.0,150.0
6506,34300,1715,5,-1.8789761066436768,0.3872320055961609,0.0003,0.9227138161659241,-0.8705487251281738,1714,-19.228556160000004,0.0,150.0
6506,34320,1716,5,-1.8807449340820312,0.20163822174072266,0.0003,0.9347437620162964,0.4428648352622986,1715,-19.228556160000004,0.0,150.0
6507,34340,1717,5,-1.8896878957748413,1.5511330366134644,0.0003,0.7696467041969299,0.6314021348953247,1716,-19.228556160000004,0.0,150.0
6506,34360,1718,5,-1.8942829370498657,0.510301411151886,0.0003,0.9535493850708008,-0.3388036787509918,1717,-19.228556160000004,0.0,150.0
6505,34380,1719,5,-1.9054054021835327,0.5466397404670715,0.0003,0.9474973082542419,0.15839239954948425,1718,-19.228556160000004,0.0,150.0
6504,34400,1720,5,-1.905443549156189,0.6669685244560242,0.0003,0.9144381284713745,-0.3682728409767151,1719,-19.228556160000004,0.0,150.0
6503,34420,1721,5,-1.9065898656845093,0.3912939429283142,0.0003,0.9592376351356506,-0.6079331040382385,1720,-19.228556160000004,0.0,150.0
6503,34440,1722,5,-1.9115550518035889,0.259210467338562,0.0003,0.9671265482902527,-0.02145458199083805,1721,-19.228556160000004,0.0,150.0
6503,34460,1723,5,-1.9087098836898804,0.2750190198421478,0.0003,0.9834744334220886,-0.6128886938095093,1722,-19.228556160000004,0.0,150.0
6503,34480,1724,5,-1.9195175170898438,0.46166133880615234,0.0003,0.9171930551528931,-0.7209724187850952,1723,-19.228556160000004,0.0,150.0
6503,34500,1725,5,-1.92275869846344,0.15035200119018555,0.0003,0.9338605403900146,-0.26105964183807373,1724,-19.228556160000004,0.0,150.0
6503,34520,1726,5,-1.9302949905395508,0.35014307498931885,0.0003,0.7215802669525146,-0.6171548962593079,1725,-19.228556160000004,0.0,150.0
6503,34540,1727,5,-1.937103271484375,0.11214494705200195,0.0003,0.8311426043510437,-0.2906298041343689,1726,-19.228556160000004,0.0,150.0
6504,34560,1728,5,-1.9449304342269897,0.05344575643539429,0.0003,0.8237648010253906,-0.3330543637275696,1727,-19.228556160000004,0.0,150.0
6504,34580,1729,5,-1.950722098350525,0.07621876150369644,0.0003,-1.5663096904754639,-0.34288716316223145,1728,-19.228556160000004,0.0,150.0
6505,34600,1730,5,-1.9578936100006104,0.06558247655630112,0.0003,-1.1142339706420898,-0.2990269660949707,1729,-19.228556160000004,0.0,150.0
6505,34620,1731,5,-1.965691328048706,0.016681814566254616,0.0003,0.38090020418167114,-0.22223663330078125,1730,-19.228556160000004,0.0,150.0
6505,34640,1732,5,-1.9622070789337158,0.07630555331707001,0.0003,-0.04503500461578369,-0.2704775333404541,1731,-19.228556160000004,0.0,150.0
6505,34660,1733,5,-1.9871399402618408,0.034981388598680496,0.0003,-0.14500319957733154,-0.21358415484428406,1732,-19.228556160000004,0.0,150.0
6506,34680,1734,5,-2.003136396408081,0.017235973849892616,0.0003,0.07205533981323242,-0.17624127864837646,1733,-19.228556160000004,0.0,150.0
6506,34700,1735,5,-1.9970858097076416,0.034397758543491364,0.0003,0.09238731861114502,0.008465850725769997,1734,-19.228556160000004,0.0,150.0
6507,34720,1736,5,-2.021282196044922,0.06089901924133301,0.0003,0.06707179546356201,0.1047767624258995,1735,-19.228556160000004,0.0,150.0
6507,34740,1737,5,-2.055140972137451,0.030357807874679565,0.0003,0.06595659255981445,-0.16731740534305573,1736,-19.228556160000004,0.0,150.0
6507,34760,1738,5,-2.067063570022583,0.10292059183120728,0.0003,0.014788687229156494,0.06039232015609741,1737,-19.228556160000004,0.0,150.0
6508,34780,1739,5,-2.090170383453369,0.02346050925552845,0.0003,0.042642951011657715,0.05806130915880203,1738,-19.228556160000004,0.0,150.0
6507,34800,1740,5,-2.0787384510040283,0.00921281985938549,0.0003,0.03760635852813721,-0.07329915463924408,1739,-19.360284899999996,0.0,150.0
6506,34820,1741,5,-2.0847840309143066,0.00835887435823679,0.0003,-0.056984543800354004,-0.025129977613687515,1740,-19.360284899999996,0.0,150.0
6506,34840,1742,5,-1.9275261163711548,0.28607505559921265,0.0003,0.5570417642593384,-0.5894290208816528,1741,-19.360284899999996,0.0,150.0
6506,34860,1743,5,-1.9349918365478516,0.06946606934070587,0.0003,0.8640648126602173,-0.18379467725753784,1742,-19.360284899999996,0.0,150.0
6506,34880,1744,5,-1.931130051612854,0.18601956963539124,0.0003,0.8540735244750977,-0.24448740482330322,1743,-19.360284899999996,0.0,150.0
6507,34900,1745,5,-1.9363372325897217,0.31281614303588867,0.0003,0.8859330415725708,-0.8043271899223328,1744,-19.360284899999996,0.0,150.0
6507,34920,1746,5,-1.9416309595108032,0.04964882880449295,0.0003,0.9593018889427185,-0.11658646911382675,1745,-19.360284899999996,0.0,150.0
6508,34940,1747,5,-1.9446313381195068,0.1038799062371254,0.0003,0.8990077972412109,-0.20136070251464844,1746,-19.360284899999996,0.0,150.0
6508,34960,1748,5,-1.9434700012207031,0.06711472570896149,0.0003,0.9087318778038025,-0.14310184121131897,1747,-19.360284899999996,0.0,150.0
6508,34980,1749,5,-1.9481443166732788,0.5962247848510742,0.0003,0.6533529162406921,1.0206180810928345,1748,-19.360284899999996,0.0,150.0
6508,35000,1750,5,-1.9603090286254883,0.22504131495952606,0.0003,0.7240951657295227,0.43670740723609924,1749,-19.360284899999996,0.0,150.0
6508,35020,1751,5,-1.9641520977020264,0.5403794050216675,0.0003,0.14126986265182495,0.5069376826286316,1750,-19.360284899999996,0.0,150.0
6509,35040,1752,5,-1.9645572900772095,0.16406908631324768,0.0003,0.6250211000442505,0.49142512679100037,1751,-19.360284899999996,0.0,150.0
6509,35060,1753,5,-1.9714142084121704,0.8701682090759277,0.0003,0.5437235832214355,1.1497430801391602,1752,-19.360284899999996,0.0,150.0
6509,35080,1754,5,-1.9782510995864868,0.05370447039604187,0.0003,0.9063085317611694,0.14576789736747742,1753,-19.360284899999996,0.0,150.0
6510,35100,1755,5,-1.9752533435821533,0.3228371739387512,0.0003,0.5571602582931519,0.37627318501472473,1754,-19.360284899999996,0.0,150.0
6510,35120,1756,5,-1.9768823385238647,0.8650128245353699,0.0003,-0.0672684907913208,1.1101369857788086,1755,-19.360284899999996,0.0,150.0
6511,35140,1757,5,-1.9741119146347046,0.4558051526546478,0.0003,0.3186630606651306,0.7107511758804321,1756,-19.360284899999996,0.0,150.0
6511,35160,1758,5,-1.9757449626922607,0.07490377128124237,0.0003,-0.2542058229446411,0.08534769713878632,1757,-19.360284899999996,0.0,150.0
6511,35180,1759,5,-1.9867271184921265,0.18006762862205505,0.0003,0.42192041873931885,0.06927373260259628,1758,-19.360284899999996,0.0,150.0
6511,35200,1760,5,-1.988681435585022,0.17536017298698425,0.0003,0.07422888278961182,0.41483134031295776,1759,-19.360284899999996,0.0,150.0
6510,35220,1761,5,-2.000062942504883,0.04600372910499573,0.0003,0.7172380685806274,-0.11531685292720795,1760,-19.360284899999996,0.0,150.0
6509,35240,1762,5,-2.0015876293182373,0.019571544602513313,0.0003,0.7441009879112244,0.06797938048839569,1761,-19.360284899999996,0.0,150.0
6509,35260,1763,5,-2.0105643272399902,0.05822528526186943,0.0003,0.4190341830253601,0.08575829118490219,1762,-19.360284899999996,0.0,150.0
6508,35280,1764,5,-2.006348133087158,0.05247337743639946,0.0003,0.6014912128448486,0.1394473761320114,1763,-19.360284899999996,0.0,150.0
6508,35300,1765,5,-2.024564266204834,0.08417078852653503,0.0003,0.5052943825721741,-0.05843554064631462,1764,-19.360284899999996,0.0,150.0
6509,35320,1766,5,-2.042501449584961,0.08324740827083588,0.0003,0.5554907321929932,0.10252781212329865,1765,-19.360284899999996,0.0,150.0
6509,35340,1767,5,-2.050999402999878,0.03980140760540962,0.0003,0.6149609088897705,-0.019451403990387917,1766,-19.360284899999996,0.0,150.0
6509,35360,1768,5,-2.0509228706359863,0.027071792632341385,0.0003,0.23183315992355347,-0.004042989108711481,1767,-19.360284899999996,0.0,150.0
6510,35380,1769,5,-2.076932668685913,0.05705176666378975,0.0003,-0.08162796497344971,0.15800131857395172,1768,-19.360284899999996,0.0,150.0
6510,35400,1770,5,-2.090404748916626,0.04315900057554245,0.0003,-0.5618946552276611,-0.22858968377113342,1769,-19.456729960000004,0.0,150.0
6510,35420,1771,5,-2.1034018993377686,0.01099340058863163,0.0003,-0.6745280027389526,-0.12427957355976105,1770,-19.456729960000004,0.0,150.0
6510,35440,1772,5,-1.9385894536972046,0.26005178689956665,0.0003,0.8574197888374329,-0.15895682573318481,1771,-19.456729960000004,0.0,150.0
6511,35460,1773,5,-1.940725326538086,0.11679007858037949,0.0003,0.927168071269989,-0.08068285882472992,1772,-19.456729960000004,0.0,150.0
6511,35480,1774,5,-1.9452292919158936,0.2733970284461975,0.0003,0.8336833119392395,-0.08570948988199234,1773,-19.456729960000004,0.0,150.0
6511,35500,1775,5,-1.9497692584991455,0.1671294867992401,0.0003,0.8918092250823975,0.3418537974357605,1774,-19.456729960000004,0.0,150.0
6512,35520,1776,5,-1.9589821100234985,0.10342644155025482,0.0003,0.9486444592475891,-0.10770435631275177,1775,-19.456729960000004,0.0,150.0
6512,35540,1777,5,-1.957771897315979,0.3380885124206543,0.0003,0.8722960352897644,0.003207939909771085,1776,-19.456729960000004,0.0,150.0
6513,35560,1778,5,-1.9525794982910156,2.564174175262451,0.0003,0.6810941696166992,1.4149869680404663,1777,-19.456729960000004,0.0,150.0
6513,35580,1779,5,-1.9591903686523438,0.42277687788009644,0.0003,0.86759352684021,0.21540693938732147,1778,-19.456729960000004,0.0,150.0
6514,35600,1780,5,-1.9718685150146484,1.5476521253585815,0.0003,-1.392503261566162,0.9595209956169128,1779,-19.456729960000004,0.0,150.0
6515,35620,1781,5,-1.9765465259552002,0.5176305174827576,0.0003,0.9081371426582336,0.7726469039916992,1780,-19.456729960000004,0.0,150.0
6515,35640,1782,5,-1.9878530502319336,0.9156426191329956,0.0003,0.7152739763259888,0.4252855181694031,1781,-19.456729960000004,0.0,150.0
6516,35660,1783,5,-1.9944660663604736,0.35010913014411926,0.0003,0.9335861206054688,0.4374488890171051,1782,-19.456729960000004,0.0,150.0
6516,35680,1784,5,-2.0033581256866455,1.7448021173477173,0.0003,0.8116322159767151,1.4611899852752686,1783,-19.456729960000004,0.0,150.0
6517,35700,1785,5,-2.016678810119629,0.06843296438455582,0.0003,0.9890335202217102,-0.10182889550924301,1784,-19.456729960000004,0.0,150.0
6517,35720,1786,5,-2.0252299308776855,0.11540724337100983,0.0003,0.9749521613121033,0.060176800936460495,1785,-19.456729960000004,0.0,150.0
6518,35740,1787,5,-2.0199177265167236,0.1123778223991394,0.0003,0.9894884824752808,0.5313341021537781,1786,-19.456729960000004,0.0,150.0
6518,35760,1788,5,-2.023310661315918,0.07180522382259369,0.0003,0.9866534471511841,0.23463097214698792,1787,-19.456729960000004,0.0,150.0
6519,35780,1789,5,-2.025447368621826,0.04884348064661026,0.0003,0.9896878004074097,-0.21092939376831055,1788,-19.456729960000004,0.0,150.0
6519,35800,1790,5,-2.030205488204956,0.5367687940597534,0.0003,0.8681984543800354,0.654321014881134,1789,-19.456729960000004,0.0,150.0
6520,35820,1791,5,-2.0238616466522217,0.3272511959075928,0.0003,0.9295916557312012,0.22861890494823456,1790,-19.456729960000004,0.0,150.0
6520,35840,1792,5,-2.0373051166534424,0.19654159247875214,0.0003,0.9462632536888123,-0.33768945932388306,1791,-19.456729960000004,0.0,150.0
6521,35860,1793,5,-2.043675184249878,0.3263370990753174,0.0003,0.8870330452919006,0.5168138146400452,1792,-19.456729960000004,0.0,150.0
6522,35880,1794,5,-2.046161651611328,0.1555429846048355,0.0003,0.98252934217453,-0.658291220664978,1793,-19.456729960000004,0.0,150.0
6522,35900,1795,5,-2.0554721355438232,0.15252387523651123,0.0003,0.9049749374389648,-0.03919840604066849,1794,-19.456729960000004,0.0,150.0
6523,35920,1796,5,-2.0677943229675293,0.15854838490486145,0.0003,0.9435401558876038,-0.602493166923523,1795,-19.456729960000004,0.0,150.0
6523,35940,1797,5,-2.0749130249023438,0.04700235277414322,0.0003,0.9584329128265381,-0.23441895842552185,1796,-19.456729960000004,0.0,150.0
6524,35960,1798,5,-2.08315110206604,0.0906069427728653,0.0003,0.9123938679695129,-0.5243455767631531,1797,-19.456729960000004,0.0,150.0
6524,35980,1799,5,-2.0848541259765625,0.08191920071840286,0.0003,0.9237656593322754,-0.48238831758499146,1798,-19.456729960000004,0.0,150.0
6524,36000,1800,5,-2.0935606956481934,0.04823046922683716,0.0003,0.8541100025177002,-0.3428991734981537,1799,-19.353231909999998,0.0,150.0
6525,36020,1801,5,-2.101503849029541,0.2703532576560974,0.0003,0.11857980489730835,0.08642891049385071,1800,-19.353231909999998,0.0,150.0
6525,36040,1802,5,-1.9242579936981201,0.12359823286533356,0.0003,0.6242974996566772,-0.0438927561044693,1801,-19.353231909999998,0.0,150.0
6526,36060,1803,5,-1.933966040611267,0.061570096760988235,0.0003,0.7396095395088196,-0.0575384683907032,1802,-19.353231909999998,0.0,150.0
6527,36080,1804,5,-1.939927339553833,0.20778051018714905,0.0003,0.7286869883537292,0.08759550005197525,1803,-19.353231909999998,0.0,150.0
6527,36100,1805,5,-1.9327366352081299,0.3706936836242676,0.0003,0.8115819096565247,-0.14860329031944275,1804,-19.353231909999998,0.0,150.0
6528,36120,1806,5,-1.9349918365478516,0.37989330291748047,0.0003,0.8502068519592285,-0.15392713248729706,1805,-19.353231909999998,0.0,150.0
6528,36140,1807,5,-1.9468228816986084,0.08121763169765472,0.0003,0.9731301665306091,-0.31458085775375366,1806,-19.353231909999998,0.0,150.0
6529,36160,1808,5,-1.9594948291778564,0.11990292370319366,0.0003,0.964771568775177,-0.34914177656173706,1807,-19.353231909999998,0.0,150.0
6529,36180,1809,5,-1.9774328470230103,0.037297263741493225,0.0003,0.9864882826805115,-0.24148929119110107,1808,-19.353231909999998,0.0,150.0
6530,36200,1810,5,-1.9845430850982666,0.15101134777069092,0.0003,0.7900476455688477,0.15775509178638458,1809,-19.353231909999998,0.0,150.0
6531,36220,1811,5,-1.9986358880996704,0.06060445308685303,0.0003,0.9013978242874146,0.02502037025988102,1810,-19.353231909999998,0.0,150.0
6531,36240,1812,5,-2.0220632553100586,0.015988465398550034,0.0003,0.9694942831993103,0.0046305269934237,1811,-19.353231909999998,0.0,150.0
6532,36260,1813,5,-2.0254292488098145,3.212700605392456,0.0003,0.1338213086128235,1.6652486324310303,1812,-19.353231909999998,0.0,150.0
6532,36280,1814,5,-2.025170087814331,0.5047439932823181,0.0003,0.5716990232467651,0.27250152826309204,1813,-19.353231909999998,0.0,150.0
6532,36300,1815,5,-2.025101661682129,0.15846124291419983,0.0003,0.7580907940864563,0.13068841397762299,1814,-19.353231909999998,0.0,150.0
6533,36320,1816,5,-2.0350003242492676,0.10165808349847794,0.0003,0.7983207106590271,0.26839157938957214,1815,-19.353231909999998,0.0,150.0
6533,36340,1817,5,-2.040651798248291,0.5770334601402283,0.0003,0.26338040828704834,0.7129400968551636,1816,-19.353231909999998,0.0,150.0
6534,36360,1818,5,-2.0367238521575928,0.3841882348060608,0.0003,-0.36667490005493164,0.06054186820983887,1817,-19.353231909999998,0.0,150.0
6534,36380,1819,5,-2.0278594493865967,0.5713016986846924,0.0003,0.1425127387046814,0.7439966797828674,1818,-19.353231909999998,0.0,150.0
6535,36400,1820,5,-2.0293726921081543,0.009228339418768883,0.0003,0.8075052499771118,-0.017495203763246536,1819,-19.353231909999998,0.0,150.0
6535,36420,1821,5,-2.04175066947937,0.034250736236572266,0.0003,0.002577066421508789,-0.12620212137699127,1820,-19.353231909999998,0.0,150.0
6536,36440,1822,5,-2.0520617961883545,0.0562359020113945,0.0003,0.3446460962295532,0.24081170558929443,1821,-19.353231909999998,0.0,150.0
6536,36460,1823,5,-2.0626728534698486,0.028165459632873535,0.0003,0.3167926073074341,-0.1155637726187706,1822,-19.353231909999998,0.0,150.0
6537,36480,1824,5,-2.0679876804351807,0.062275297939777374,0.0003,0.22328084707260132,-0.14637452363967896,1823,-19.353231909999998,0.0,150.0
6537,36500,1825,5,-2.078596591949463,0.02803928032517433,0.0003,0.4181790351867676,-0.1493159532546997,1824,-19.353231909999998,0.0,150.0
6538,36520,1826,5,-2.081882953643799,0.033866286277770996,0.0003,0.26150083541870117,-0.2637311816215515,1825,-19.353231909999998,0.0,150.0
6538,36540,1827,5,-2.081357717514038,0.049306720495224,0.0003,0.14861488342285156,-0.3790822923183441,1826,-19.353231909999998,0.0,150.0
6539,36560,1828,5,-2.096566677093506,0.09097262471914291,0.0003,0.10912060737609863,-0.3560406267642975,1827,-19.353231909999998,0.0,150.0
6539,36580,1829,5,-2.111821413040161,0.07071881741285324,0.0003,0.02468085289001465,-0.24649815261363983,1828,-19.353231909999998,0.0,150.0
6539,36600,1830,5,-2.1211400032043457,0.0690138041973114,0.0003,0.03649246692657471,-0.43521466851234436,1829,-19.43729558,0.0,150.0
6540,36620,1831,5,-2.1285653114318848,0.06455453485250473,0.0003,0.07389473915100098,-0.39255186915397644,1830,-19.43729558,0.0,150.0
6540,36640,1832,5,-1.9535915851593018,0.21832767128944397,0.0003,-0.10387444496154785,-0.5009502172470093,1831,-19.43729558,0.0,150.0
6540,36660,1833,5,-1.9591724872589111,0.1803656816482544,0.0003,0.645696759223938,0.22641082108020782,1832,-19.43729558,0.0,150.0
6541,36680,1834,5,-1.9593257904052734,0.11518295109272003,0.0003,0.7185534238815308,0.33106866478919983,1833,-19.43729558,0.0,150.0
6541,36700,1835,5,-1.9624550342559814,0.17428967356681824,0.0003,0.6716539859771729,-0.49566587805747986,1834,-19.43729558,0.0,150.0
6542,36720,1836,5,-1.9708385467529297,0.038119085133075714,0.0003,0.8803139328956604,-0.297028124332428,1835,-19.43729558,0.0,150.0
6543,36740,1837,5,-1.981045126914978,0.02405250445008278,0.0003,0.9049874544143677,-0.0976344496011734,1836,-19.43729558,0.0,150.0
6543,36760,1838,5,-1.9905624389648438,0.017342006787657738,0.0003,0.9286940097808838,0.10759711265563965,1837,-19.43729558,0.0,150.0
6544,36780,1839,5,-1.985416054725647,0.058561909943819046,0.0003,0.7849836349487305,-0.04768120497465134,1838,-19.43729558,0.0,150.0
6544,36800,1840,5,-1.9843326807022095,0.03824349120259285,0.0003,0.8674373626708984,0.25344517827033997,1839,-19.43729558,0.0,150.0
6545,36820,1841,5,-1.9949604272842407,0.0472305603325367,0.0003,0.7181974649429321,0.20757310092449188,1840,-19.43729558,0.0,150.0
6545,36840,1842,5,-2.0012893676757812,0.10087557882070541,0.0003,0.5949894785881042,0.03261911869049072,1841,-19.43729558,0.0,150.0
6546,36860,1843,5,-1.9996761083602905,0.08711536228656769,0.0003,0.7825955152511597,0.28448396921157837,1842,-19.43729558,0.0,150.0
6546,36880,1844,5,-2.0029983520507812,0.27788957953453064,0.0003,0.8386960625648499,0.5834470987319946,1843,-19.43729558,0.0,150.0
6547,36900,1845,5,-2.00193452835083,1.3353556394577026,0.0003,0.6157189607620239,1.3812402486801147,1844,-19.43729558,0.0,150.0
6548,36920,1846,5,-2.0101094245910645,0.05728484317660332,0.0003,0.9326079487800598,0.24862177670001984,1845,-19.43729558,0.0,150.0
6548,36940,1847,5,-2.022254705429077,2.0374412536621094,0.0003,0.30840617418289185,2.0660507678985596,1846,-19.43729558,0.0,150.0
6549,36960,1848,5,-2.0162339210510254,3.009617328643799,0.0003,-0.05327796936035156,1.56791353225708,1847,-19.43729558,0.0,150.0
6549,36980,1849,5,-2.0092382431030273,3.784761905670166,0.0003,0.06472665071487427,2.9845337867736816,1848,-19.43729558,0.0,150.0
6550,37000,1850,5,-2.0060877799987793,0.10603883117437363,0.0003,0.5927379131317139,-0.3017781674861908,1849,-19.43729558,0.0,150.0
6550,37020,1851,5,-2.018622636795044,1.2427459955215454,0.0003,-0.24791598320007324,0.8794834017753601,1850,-19.43729558,0.0,150.0
6551,37040,1852,5,-2.0216622352600098,0.2692261040210724,0.0003,0.3236614465713501,-0.4046154022216797,1851,-19.43729558,0.0,150.0
6551,37060,1853,5,-2.0307726860046387,0.14041945338249207,0.0003,-0.3648567199707031,-0.5711568593978882,1852,-19.43729558,0.0,150.0
6552,37080,1854,5,-2.0453405380249023,0.2278696745634079,0.0003,-0.1602632999420166,-0.7942095398902893,1853,-19.43729558,0.0,150.0
6552,37100,1855,5,-2.057691812515259,0.2630503177642822,0.0003,0.014717936515808105,-0.8638965487480164,1854,-19.43729558,0.0,150.0
6552,37120,1856,5,-2.065355062484741,0.11277834326028824,0.0003,0.07326579093933105,-0.5666157007217407,1855,-19.43729558,0.0,150.0
6553,37140,1857,5,-2.076662063598633,0.10776159912347794,0.0003,0.05415982007980347,-0.39581069350242615,1856,-19.43729558,0.0,150.0
6553,37160,1858,5,-2.0941238403320312,0.038612909615039825,0.0003,0.08099770545959473,-0.35049086809158325,1857,-19.43729558,0.0,150.0
6554,37180,1859,5,-2.0973541736602783,0.05379383638501167,0.0003,0.12097793817520142,-0.27496081590652466,1858,-19.43729558,0.0,150.0
6554,37200,1860,5,-2.113819122314453,0.061559081077575684,0.0003,0.09954404830932617,-0.45728930830955505,1859,-19.44956208,0.0,150.0
6554,37220,1861,5,-2.1223108768463135,0.035674385726451874,0.0003,0.09757137298583984,-0.2535954713821411,1860,-19.44956208,0.0,150.0
6555,37240,1862,5,-1.9296718835830688,0.03633711487054825,0.0003,0.9390809535980225,-0.1296767294406891,1861,-19.44956208,0.0,150.0
6555,37260,1863,5,-1.9285809993743896,0.04258880764245987,0.0003,0.929871141910553,-0.007594970054924488,1862,-19.44956208,0.0,150.0
6556,37280,1864,5,-1.9184086322784424,0.2180698812007904,0.0003,0.847246527671814,0.461686372756958,1863,-19.44956208,0.0,150.0
6556,37300,1865,5,-1.919234037399292,0.6612693667411804,0.0003,0.7902920842170715,1.1749204397201538,1864,-19.44956208,0.0,150.0
6556,37320,1866,5,-1.9274965524673462,0.06521325558423996,0.0003,0.9144335389137268,0.24253758788108826,1865,-19.44956208,0.0,150.0
6557,37340,1867,5,-1.9342740774154663,0.24905133247375488,0.0003,0.01721423864364624,0.4082569181919098,1866,-19.44956208,0.0,150.0
6557,37360,1868,5,-1.9409053325653076,0.5895248651504517,0.0003,-0.4046434164047241,0.644740641117096,1867,-19.44956208,0.0,150.0
6558,37380,1869,5,-1.9442598819732666,0.31581562757492065,0.0003,0.283017098903656,-0.47889167070388794,1868,-19.44956208,0.0,150.0
6558,37400,1870,5,-1.952080488204956,0.418186753988266,0.0003,0.6831064820289612,-0.4902854561805725,1869,-19.44956208,0.0,150.0
6559,37420,1871,5,-1.9656245708465576,0.12619629502296448,0.0003,0.9210054874420166,0.15162968635559082,1870,-19.44956208,0.0,150.0
6559,37440,1872,5,-1.9669532775878906,2.187077283859253,0.0003,-2.7598423957824707,1.4028294086456299,1871,-19.44956208,0.0,150.0
6560,37460,1873,5,-1.9664452075958252,2.409003496170044,0.0003,0.18472373485565186,2.037294626235962,1872,-19.44956208,0.0,150.0
6560,37480,1874,5,-1.9619086980819702,1.1046268939971924,0.0003,0.6550073027610779,0.7217194437980652,1873,-19.44956208,0.0,150.0
6560,37500,1875,5,-1.9597351551055908,0.2907412648200989,0.0003,0.8899078369140625,0.05301797389984131,1874,-19.44956208,0.0,150.0
6561,37520,1876,5,-1.9758179187774658,0.9009695053100586,0.0003,0.7412728071212769,0.16977658867835999,1875,-19.44956208,0.0,150.0
6561,37540,1877,5,-1.9916454553604126,0.3532528281211853,0.0003,0.9327055811882019,-0.3603343367576599,1876,-19.44956208,0.0,150.0
6562,37560,1878,5,-1.9983408451080322,0.4102114737033844,0.0003,0.9670243263244629,-1.0154362916946411,1877,-19.44956208,0.0,150.0
6562,37580,1879,5,-1.9946025609970093,1.024479866027832,0.0003,0.8972171545028687,0.7292252779006958,1878,-19.44956208,0.0,150.0
6563,37600,1880,5,-2.002577304840088,0.23459430038928986,0.0003,0.9764812588691711,-0.3754076659679413,1879,-19.44956208,0.0,150.0
6563,37620,1881,5,-2.0093014240264893,0.3515015244483948,0.0003,0.9775875806808472,-0.9176512956619263,1880,-19.44956208,0.0,150.0
6564,37640,1882,5,-2.0190205574035645,0.08320709317922592,0.0003,0.9879513382911682,-0.31685084104537964,1881,-19.44956208,0.0,150.0
6564,37660,1883,5,-2.018981456756592,0.16966773569583893,0.0003,0.9685273170471191,-0.6716346740722656,1882,-19.44956208,0.0,150.0
6564,37680,1884,5,-2.016692638397217,0.19643837213516235,0.0003,0.9148970246315002,-0.7223848104476929,1883,-19.44956208,0.0,150.0
6565,37700,1885,5,-2.02340030670166,0.25471121072769165,0.0003,0.5479367971420288,-0.7313154339790344,1884,-19.44956208,0.0,150.0
6565,37720,1886,5,-2.0423130989074707,0.12532880902290344,0.0003,0.42189085483551025,-0.5127331614494324,1885,-19.44956208,0.0,150.0
6566,37740,1887,5,-2.051023006439209,0.08560355007648468,0.0003,0.3647511601448059,-0.14498008787631989,1886,-19.44956208,0.0,150.0
6566,37760,1888,5,-2.0707390308380127,0.1098330020904541,0.0003,0.26160234212875366,-0.3974529802799225,1887,-19.44956208,0.0,150.0
6567,37780,1889,5,-2.0729098320007324,0.1227184310555458,0.0003,0.18326455354690552,-0.39470210671424866,1888,-19.44956208,0.0,150.0
6567,37800,1890,5,-2.0940022468566895,0.07499190419912338,0.0003,0.23054271936416626,-0.32285815477371216,1889,-19.262839950000004,0.0,150.0
6567,37820,1891,5,-2.110751152038574,0.030643191188573837,0.0003,0.15705955028533936,-0.22391775250434875,1890,-19.262839950000004,0.0,150.0
6567,37840,1892,5,-1.9357951879501343,0.13698408007621765,0.0003,0.8667463660240173,0.36720818281173706,1891,-19.262839950000004,0.0,150.0
6568,37860,1893,5,-1.9392093420028687,0.34126442670822144,0.0003,0.7521122694015503,-0.0565258264541626,1892,-19.262839950000004,0.0,150.0
6568,37880,1894,5,-1.94972825050354,0.3546164929866791,0.0003,0.9069632291793823,-0.47066187858581543,1893,-19.262839950000004,0.0,150.0
6569,37900,1895,5,-1.9597270488739014,0.09455777704715729,0.0003,0.9676140546798706,0.10791279375553131,1894,-19.262839950000004,0.0,150.0
6569,37920,1896,5,-1.9660648107528687,0.8113166093826294,0.0003,0.8218001127243042,0.7043302655220032,1895,-19.262839950000004,0.0,150.0
6570,37940,1897,5,-1.9639718532562256,0.4084509313106537,0.0003,0.943985641002655,-0.487952321767807,1896,-19.262839950000004,0.0,150.0
6570,37960,1898,5,-1.976574182510376,0.9282538294792175,0.0003,0.9246297478675842,1.1851041316986084,1897,-19.262839950000004,0.0,150.0
6571,37980,1899,5,-1.9764999151229858,2.1928162574768066,0.0003,0.8458847999572754,0.7718556523323059,1898,-19.262839950000004,0.0,150.0
6571,38000,1900,5,-1.9822769165039062,0.23838630318641663,0.0003,0.9749246835708618,0.12256798893213272,1899,-19.262839950000004,0.0,150.0
6572,38020,1901,5,-1.9821068048477173,0.2921700179576874,0.0003,0.9767571687698364,0.1979806274175644,1900,-19.262839950000004,0.0,150.0
6572,38040,1902,5,-1.978672742843628,0.6866230964660645,0.0003,0.9618261456489563,0.816851019859314,1901,-19.262839950000004,0.0,150.0
6573,38060,1903,5,-1.981451392173767,1.8026561737060547,0.0003,0.8159512877464294,0.8030306696891785,1902,-19.262839950000004,0.0,150.0
6573,38080,1904,5,-1.9828588962554932,2.9352803230285645,0.0003,0.8458584547042847,1.8529220819473267,1903,-19.262839950000004,0.0,150.0
6574,38100,1905,5,-1.9810354709625244,2.0334858894348145,0.0003,0.9255651831626892,1.273187279701233,1904,-19.262839950000004,0.0,150.0
6574,38120,1906,5,-1.9856704473495483,0.46080103516578674,0.0003,0.9787278175354004,0.2205350697040558,1905,-19.262839950000004,0.0,150.0
6574,38140,1907,5,-1.9806277751922607,1.7195875644683838,0.0003,0.9314004182815552,1.0164706707000732,1906,-19.262839950000004,0.0,150.0
6575,38160,1908,5,-1.9689000844955444,0.49112623929977417,0.0003,0.9885454177856445,-0.9538942575454712,1907,-19.262839950000004,0.0,150.0
6575,38180,1909,5,-1.9837677478790283,0.8855985403060913,0.0003,0.9338312149047852,-0.1812244951725006,1908,-19.262839950000004,0.0,150.0
6576,38200,1910,5,-1.981323480606079,0.2400532215833664,0.0003,0.9783147573471069,-0.1507452130317688,1909,-19.262839950000004,0.0,150.0
6576,38220,1911,5,-1.9900195598602295,0.176309272646904,0.0003,0.9890029430389404,-0.45704323053359985,1910,-19.262839950000004,0.0,150.0
6577,38240,1912,5,-1.9892709255218506,0.5223836898803711,0.0003,0.9693444967269897,-0.8242897987365723,1911,-19.262839950000004,0.0,150.0
6577,38260,1913,5,-1.9973453283309937,0.06062120199203491,0.0003,0.9947421550750732,-0.22965924441814423,1912,-19.262839950000004,0.0,150.0
6578,38280,1914,5,-2.0060408115386963,0.15135088562965393,0.0003,0.9880399107933044,-0.3488982021808624,1913,-19.262839950000004,0.0,150.0
6578,38300,1915,5,-2.0186710357666016,0.14951419830322266,0.0003,0.9860185384750366,-0.14288857579231262,1914,-19.262839950000004,0.0,150.0
6579,38320,1916,5,-2.0236074924468994,0.08668754994869232,0.0003,0.9933586716651917,-0.19712498784065247,1915,-19.262839950000004,0.0,150.0
6580,38340,1917,5,-2.0289359092712402,0.09631256759166718,0.0003,0.9958696961402893,-0.41274213790893555,1916,-19.262839950000004,0.0,150.0
6580,38360,1918,5,-2.0275492668151855,0.10782676935195923,0.0003,0.9932895302772522,-0.3058277666568756,1917,-19.262839950000004,0.0,150.0
6581,38380,1919,5,-2.049288272857666,0.12559372186660767,0.0003,0.996665358543396,-0.5777567028999329,1918,-19.262839950000004,0.0,150.0
6581,38400,1920,5,-2.0635743141174316,0.03631450980901718,0.0003,0.9961815476417542,-0.1284925788640976,1919,-19.08577119,0.01,150.0
6581,38420,1921,5,-2.070948362350464,5.956015586853027,0.0003,0.78207927942276,1.9610172510147095,1920,-19.08577119,0.01,150.0
6582,38440,1922,5,-1.9320733547210693,0.8505957722663879,0.0003,0.7257616519927979,-1.2714078426361084,1921,-19.08577119,0.01,150.0
6582,38460,1923,5,-1.9389625787734985,0.8389252424240112,0.0003,0.8596723675727844,-1.3225303888320923,1922,-19.08577119,0.01,150.0
6583,38480,1924,5,-1.945922613143921,0.6330954432487488,0.0003,0.8358241319656372,0.08687146753072739,1923,-19.08577119,0.01,150.0
6583,38500,1925,5,-1.961087942123413,0.5647791028022766,0.0003,0.9677641987800598,-1.3249849081039429,1924,-19.08577119,0.01,150.0
6584,38520,1926,5,-1.9651908874511719,1.79379403591156,0.0003,0.763928234577179,0.9336126446723938,1925,-19.08577119,0.01,150.0
6584,38540,1927,5,-1.9640843868255615,0.47907304763793945,0.0003,0.9421268105506897,-0.4651235044002533,1926,-19.08577119,0.01,150.0
6585,38560,1928,5,-1.964430570602417,0.060907263308763504,0.0003,0.9923990368843079,-0.13630715012550354,1927,-19.08577119,0.01,150.0
6585,38580,1929,5,-1.9709243774414062,0.09003566205501556,0.0003,0.9912448525428772,-0.28468823432922363,1928,-19.08577119,0.01,150.0
6586,38600,1930,5,-1.9806764125823975,0.2259865254163742,0.0003,0.9909825921058655,-0.7349597811698914,1929,-19.08577119,0.01,150.0
6586,38620,1931,5,-1.9918930530548096,2.0754497051239014,0.0003,0.6202149391174316,0.7905805706977844,1930,-19.08577119,0.01,150.0
6587,38640,1932,5,-1.9900869131088257,1.4337313175201416,0.0003,0.78277587890625,0.6383641958236694,1931,-19.08577119,0.01,150.0
6587,38660,1933,5,-2.001835346221924,0.7252388000488281,0.0003,0.8245317935943604,0.45646363496780396,1932,-19.08577119,0.01,150.0
6588,38680,1934,5,-2.005506992340088,0.1592465192079544,0.0003,0.9225620627403259,-0.027800172567367554,1933,-19.08577119,0.01,150.0
6588,38700,1935,5,-2.022413730621338,0.9853998422622681,0.0003,0.7216312885284424,0.9826555252075195,1934,-19.08577119,0.01,150.0
6589,38720,1936,5,-2.0265865325927734,0.6709243655204773,0.0003,0.6045737266540527,0.2387358844280243,1935,-19.08577119,0.01,150.0
6589,38740,1937,5,-2.030989170074463,1.2712676525115967,0.0003,0.6804062724113464,0.5679956078529358,1936,-19.08577119,0.01,150.0
6590,38760,1938,5,-2.0403003692626953,0.46509137749671936,0.0003,0.8066158294677734,0.5184338688850403,1937,-19.08577119,0.01,150.0
6590,38780,1939,5,-2.0425243377685547,0.9994540214538574,0.0003,0.49564456939697266,1.1305526494979858,1938,-19.08577119,0.01,150.0
6591,38800,1940,5,-2.0570034980773926,0.08740200847387314,0.0003,0.9439041614532471,-0.3193763196468353,1939,-19.08577119,0.01,150.0
6591,38820,1941,5,-2.0602149963378906,0.2070159614086151,0.0003,0.8823255896568298,-0.7456714510917664,1940,-19.08577119,0.01,150.0
6592,38840,1942,5,-2.079102039337158,0.12209825217723846,0.0003,0.6425825357437134,-0.5165166854858398,1941,-19.08577119,0.01,150.0
6592,38860,1943,5,-2.0933995246887207,0.14368610084056854,0.0003,-0.021460533142089844,-0.6010456085205078,1942,-19.08577119,0.01,150.0
6593,38880,1944,5,-2.109992027282715,0.052328549325466156,0.0003,0.6325737237930298,-0.3800831139087677,1943,-19.08577119,0.01,150.0
6593,38900,1945,5,-2.122788190841675,0.14364087581634521,0.0003,-0.48580312728881836,-0.5949109792709351,1944,-19.08577119,0.01,150.0
6594,38920,1946,5,-2.1276116371154785,0.04683886840939522,0.0003,0.12241709232330322,-0.18470050394535065,1945,-19.08577119,0.01,150.0
6594,38940,1947,5,-2.1308951377868652,0.04459423944354057,0.0003,0.14041393995285034,-0.27770012617111206,1946,-19.08577119,0.01,150.0
6594,38960,1948,5,-2.13789439201355,0.022444766014814377,0.0003,0.27273041009902954,-0.21217520534992218,1947,-19.08577119,0.01,150.0
6594,38980,1949,5,-2.13139009475708,0.09191664308309555,0.0003,0.05871051549911499,-0.2148294895887375,1948,-19.08577119,0.01,150.0
6594,39000,1950,5,-2.141543388366699,0.04717836529016495,0.0003,0.1394209861755371,-0.2918139398097992,1949,-18.84808206,0.01,150.0
6595,39020,1951,5,-2.1456165313720703,0.10336973518133163,0.0003,0.029614150524139404,-0.37593889236450195,1950,-18.84808206,0.01,150.0
6595,39040,1952,5,-1.902330756187439,0.5246236324310303,0.0003,0.47101056575775146,-1.0127397775650024,1951,-18.84808206,0.01,150.0
6596,39060,1953,5,-1.9046642780303955,0.6498540639877319,0.0003,0.7332452535629272,-0.1739969700574875,1952,-18.84808206,0.01,150.0
6595,39080,1954,5,-1.8956295251846313,0.39615797996520996,0.0003,0.8847541809082031,0.1677810102701187,1953,-18.84808206,0.01,150.0
6595,39100,1955,5,-1.8938934803009033,0.7502760887145996,0.0003,0.9039684534072876,0.9467431306838989,1954,-18.84808206,0.01,150.0
6595,39120,1956,5,-1.9018571376800537,0.6648131012916565,0.0003,0.8264356851577759,0.2623235583305359,1955,-18.84808206,0.01,150.0
6596,39140,1957,5,-1.9039595127105713,0.4976773262023926,0.0003,0.9327744841575623,-0.8802000880241394,1956,-18.84808206,0.01,150.0
6596,39160,1958,5,-1.9126698970794678,0.09991168230772018,0.0003,0.9822800755500793,-0.35279202461242676,1957,-18.84808206,0.01,150.0
6596,39180,1959,5,-1.9248584508895874,0.28474801778793335,0.0003,0.9535806775093079,-0.6761558055877686,1958,-18.84808206,0.01,150.0
6597,39200,1960,5,-1.9397830963134766,0.7059605717658997,0.0003,-0.220464825630188,0.26482629776000977,1959,-18.84808206,0.01,150.0
6597,39220,1961,5,-1.9497811794281006,0.35384848713874817,0.0003,0.8206336498260498,-0.2740848660469055,1960,-18.84808206,0.01,150.0
6597,39240,1962,5,-1.9577853679656982,1.783361792564392,0.0003,0.6155470013618469,1.0629311800003052,1961,-18.84808206,0.01,150.0
6598,39260,1963,5,-1.9679797887802124,0.3277655243873596,0.0003,0.7967812418937683,-0.29032209515571594,1962,-18.84808206,0.01,150.0
6598,39280,1964,5,-1.9723351001739502,0.19516679644584656,0.0003,0.9074574112892151,0.042109839618206024,1963,-18.84808206,0.01,150.0
6599,39300,1965,5,-1.9698089361190796,0.07036128640174866,0.0003,0.9567768573760986,-0.16622000932693481,1964,-18.84808206,0.01,150.0
6599,39320,1966,5,-1.9693962335586548,0.0870153158903122,0.0003,0.926439642906189,-0.3406473994255066,1965,-18.84808206,0.01,150.0
6600,39340,1967,5,-1.9732974767684937,0.17315378785133362,0.0003,0.5359604358673096,-0.2612563967704773,1966,-18.84808206,0.01,150.0
6600,39360,1968,5,-1.9799665212631226,0.5219954252243042,0.0003,0.5272382497787476,0.12058005481958389,1967,-18.84808206,0.01,150.0
6601,39380,1969,5,-1.9766075611114502,0.03132285922765732,0.0003,0.9527024626731873,-0.2435082495212555,1968,-18.84808206,0.01,150.0
6601,39400,1970,5,-1.9850261211395264,0.5307393670082092,0.0003,0.5402867794036865,0.27868834137916565,1969,-18.84808206,0.01,150.0
6602,39420,1971,5,-1.9897594451904297,0.061605315655469894,0.0003,0.7844640016555786,0.24302129447460175,1970,-18.84808206,0.01,150.0
6602,39440,1972,5,-1.9932620525360107,0.020755011588335037,0.0003,0.9000964164733887,-0.1035275086760521,1971,-18.84808206,0.01,150.0
6602,39460,1973,5,-2.0334763526916504,0.07662516832351685,0.0003,0.28603261709213257,-0.36550211906433105,1972,-18.84808206,0.01,150.0
6603,39480,1974,5,-2.053398609161377,0.053936999291181564,0.0003,-2.344454050064087,-0.16830137372016907,1973,-18.84808206,0.01,150.0
6603,39500,1975,5,-2.075089693069458,0.026575829833745956,0.0003,-1.4364988803863525,-0.208286315202713,1974,-18.84808206,0.01,150.0
6604,39520,1976,5,-2.08309006690979,0.04203484207391739,0.0003,-0.4957195520401001,-0.31682753562927246,1975,-18.84808206,0.01,150.0
6604,39540,1977,5,-2.0928866863250732,0.08721955120563507,0.0003,-0.11368083953857422,-0.2961351275444031,1976,-18.84808206,0.01,150.0
6605,39560,1978,5,-2.1158084869384766,0.12004931271076202,0.0003,-0.06152057647705078,0.038666628301143646,1977,-18.84808206,0.01,150.0
6605,39580,1979,5,-2.1250553131103516,0.11519686877727509,0.0003,-0.041522860527038574,-0.2866414189338684,1978,-18.84808206,0.01,150.0
6605,39600,1980,5,-2.135795831680298,0.10297717899084091,0.0003,0.0015913844108581543,-0.1947437822818756,1979,-18.743163770000002,0.01,150.0
6606,39620,1981,5,-2.1381826400756836,0.15205879509449005,0.0003,0.013808965682983398,-0.11353011429309845,1980,-18.743163770000002,0.01,150.0
6606,39640,1982,6,-1.9098892211914062,0.10371536016464233,0.0003,0.8713104724884033,-0.36852502822875977,1981,-18.743163770000002,0.01,150.0
6606,39660,1983,6,-1.9125131368637085,0.10663425922393799,0.0003,0.8709982633590698,-0.16528230905532837,1982,-18.743163770000002,0.01,150.0
6607,39680,1984,6,-1.9118455648422241,1.1735719442367554,0.0003,0.6619263887405396,1.027172565460205,1983,-18.743163770000002,0.01,150.0
6607,39700,1985,6,-1.9101054668426514,0.4253237843513489,0.0003,0.9159612059593201,-0.11111705005168915,1984,-18.743163770000002,0.01,150.0
6607,39720,1986,6,-1.9174842834472656,1.9285240173339844,0.0003,0.5650634765625,1.5112740993499756,1985,-18.743163770000002,0.01,150.0
6607,39740,1987,6,-1.9217641353607178,0.1268375664949417,0.0003,0.9880850315093994,-0.5443322658538818,1986,-18.743163770000002,0.01,150.0
6608,39760,1988,6,-1.9276355504989624,0.14378133416175842,0.0003,0.9770103096961975,-0.31605079770088196,1987,-18.743163770000002,0.01,150.0
6608,39780,1989,6,-1.9384844303131104,0.1658635437488556,0.0003,0.971622109413147,-0.14716248214244843,1988,-18.743163770000002,0.01,150.0
6609,39800,1990,6,-1.9439176321029663,0.1225610226392746,0.0003,0.9838411211967468,-0.16519610583782196,1989,-18.743163770000002,0.01,150.0
6609,39820,1991,6,-1.9400603771209717,0.06934820115566254,0.0003,0.9904465079307556,0.06859174370765686,1990,-18.743163770000002,0.01,150.0
6609,39840,1992,6,-1.961482048034668,0.04859232157468796,0.0003,0.9933585524559021,0.06402949243783951,1991,-18.743163770000002,0.01,150.0
6609,39860,1993,6,-1.9797096252441406,0.004097101744264364,0.0003,0.999498724937439,-0.014259879477322102,1992,-18.743163770000002,0.01,150.0
6609,39880,1994,6,-1.9939559698104858,0.35431969165802,0.0003,0.9686121940612793,0.8087175488471985,1993,-18.743163770000002,0.01,150.0
6610,39900,1995,6,-2.007483959197998,0.09142976254224777,0.0003,0.9916773438453674,0.38598954677581787,1994,-18.743163770000002,0.01,150.0
6610,39920,1996,6,-2.0233116149902344,0.13120482861995697,0.0003,0.9934406876564026,0.536760151386261,1995,-18.743163770000002,0.01,150.0
6611,39940,1997,6,-2.0193114280700684,0.6329949498176575,0.0003,0.9414436221122742,0.4347940981388092,1996,-18.743163770000002,0.01,150.0
6611,39960,1998,6,-2.025935649871826,0.03610843047499657,0.0003,0.9964558482170105,0.11007063090801239,1997,-18.743163770000002,0.01,150.0
6612,39980,1999,6,-2.0310001373291016,0.016503531485795975,0.0003,0.9985698461532593,0.1087835282087326,1998,-18.743163770000002,0.01,150.0
6612,40000,2000,6,-2.040923595428467,0.01745455153286457,0.0003,0.9981145262718201,0.05440060421824455,1999,-18.743163770000002,0.01,150.0
6613,40020,2001,6,-2.0377144813537598,0.16554467380046844,0.0003,0.976666271686554,-0.4100525379180908,2000,-18.743163770000002,0.01,150.0
6613,40040,2002,6,-2.041156768798828,0.11396379768848419,0.0003,0.984495222568512,0.3444024920463562,2001,-18.743163770000002,0.01,150.0
6614,40060,2003,6,-2.0455799102783203,0.06961433589458466,0.0003,0.984416127204895,-0.07509543001651764,2002,-18.743163770000002,0.01,150.0
6614,40080,2004,6,-2.0511105060577393,0.07262080907821655,0.0003,0.9713639616966248,0.003777748439460993,2003,-18.743163770000002,0.01,150.0
6614,40100,2005,6,-2.0666377544403076,0.018183039501309395,0.0003,0.9890565872192383,0.13621120154857635,2004,-18.743163770000002,0.01,150.0
6615,40120,2006,6,-2.069624423980713,0.2574692368507385,0.0003,0.8534032702445984,0.5726131796836853,2005,-18.743163770000002,0.01,150.0
6615,40140,2007,6,-2.0740084648132324,0.09133999049663544,0.0003,0.9132800102233887,-0.2510928511619568,2006,-18.743163770000002,0.01,150.0
6616,40160,2008,6,-2.0909860134124756,0.06762935221195221,0.0003,0.8840275406837463,-0.03766985610127449,2007,-18.743163770000002,0.01,150.0
6616,40180,2009,6,-2.1106603145599365,0.04021526873111725,0.0003,0.8861335515975952,0.07706861197948456,2008,-18.743163770000002,0.01,150.0
6616,40200,2010,6,-2.118319034576416,0.1300467848777771,0.0003,0.5730017423629761,-0.29021430015563965,2009,-18.492103690000004,0.01,150.0
6617,40220,2011,6,-2.1369407176971436,0.06905971467494965,0.0003,0.1577996015548706,-0.060206957161426544,2010,-18.492103690000004,0.01,150.0
6617,40240,2012,6,-1.9216655492782593,0.2647832930088043,0.0003,0.8116159439086914,0.05827445909380913,2011,-18.492103690000004,0.01,150.0
6618,40260,2013,6,-1.918410062789917,0.3272417187690735,0.0003,0.880767285823822,-0.26441890001296997,2012,-18.492103690000004,0.01,150.0
6618,40280,2014,6,-1.9242095947265625,0.6783011555671692,0.0003,0.8409925103187561,0.213141530752182,2013,-18.492103690000004,0.01,150.0
6618,40300,2015,6,-1.9325847625732422,0.17373570799827576,0.0003,0.9743559956550598,-0.3563665747642517,2014,-18.492103690000004,0.01,150.0
6619,40320,2016,6,-1.9285781383514404,1.5294665098190308,0.0003,0.7870716452598572,-1.2157509326934814,2015,-18.492103690000004,0.01,150.0
6619,40340,2017,6,-1.9327514171600342,0.9694863557815552,0.0003,0.8525981903076172,-0.7609586715698242,2016,-18.492103690000004,0.01,150.0
6620,40360,2018,6,-1.9415605068206787,0.37935250997543335,0.0003,0.9507689476013184,0.025910627096891403,2017,-18.492103690000004,0.01,150.0
6620,40380,2019,6,-1.945712685585022,0.5863082408905029,0.0003,0.954817533493042,0.6831931471824646,2018,-18.492103690000004,0.01,150.0
6620,40400,2020,6,-1.9538577795028687,0.064596027135849,0.0003,0.9934062361717224,-0.04723445698618889,2019,-18.492103690000004,0.01,150.0
6621,40420,2021,6,-1.9638137817382812,0.06441186368465424,0.0003,0.9934596419334412,0.011425018310546875,2020,-18.492103690000004,0.01,150.0
6621,40440,2022,6,-1.9924724102020264,0.07682164758443832,0.0003,0.994178056716919,-0.34365296363830566,2021,-18.492103690000004,0.01,150.0
6621,40460,2023,6,-2.003950595855713,0.22009721398353577,0.0003,0.9504606127738953,0.22279305756092072,2022,-18.492103690000004,0.01,150.0
6622,40480,2024,6,-2.0125732421875,0.033644091337919235,0.0003,0.9889105558395386,-0.12523600459098816,2023,-18.492103690000004,0.01,150.0
6622,40500,2025,6,-2.0162830352783203,0.35548874735832214,0.0003,0.7783434391021729,0.293921560049057,2024,-18.492103690000004,0.01,150.0
6623,40520,2026,6,-2.0126965045928955,0.05691691115498543,0.0003,0.9743020534515381,-0.4297207295894623,2025,-18.492103690000004,0.01,150.0
6623,40540,2027,6,-2.026998281478882,0.012088067829608917,0.0003,0.9765446186065674,-0.03340182825922966,2026,-18.492103690000004,0.01,150.0
6624,40560,2028,6,-2.0410683155059814,0.04507993906736374,0.0003,0.8972070217132568,0.0014852226013317704,2027,-18.492103690000004,0.01,150.0
6624,40580,2029,6,-2.048032283782959,0.021344145759940147,0.0003,0.9365829825401306,0.004813447594642639,2028,-18.492103690000004,0.01,150.0
6624,40600,2030,6,-2.0470757484436035,2.161137342453003,0.0003,-0.208548903465271,1.3583095073699951,2029,-18.492103690000004,0.01,150.0
6625,40620,2031,6,-2.0401060581207275,1.4271087646484375,0.0003,-0.30314505100250244,1.5460436344146729,2030,-18.492103690000004,0.01,150.0
6625,40640,2032,6,-2.0374515056610107,0.8174296617507935,0.0003,0.2401721477508545,0.5074610710144043,2031,-18.492103690000004,0.01,150.0
6625,40660,2033,6,-2.0342535972595215,0.07405171543359756,0.0003,0.7786886692047119,-0.33677124977111816,2032,-18.492103690000004,0.01,150.0
6626,40680,2034,6,-2.0631842613220215,0.09718181192874908,0.0003,0.581560492515564,-0.4944124221801758,2033,-18.492103690000004,0.01,150.0
6626,40700,2035,6,-2.071925640106201,0.05535708740353584,0.0003,0.4281117916107178,-0.3141497075557709,2034,-18.492103690000004,0.01,150.0
6627,40720,2036,6,-2.0793190002441406,0.07821818441152573,0.0003,0.020386457443237305,-0.34405508637428284,2035,-18.492103690000004,0.01,150.0
6627,40740,2037,6,-2.098012685775757,0.158774271607399,0.0003,0.22358667850494385,-0.33422157168388367,2036,-18.492103690000004,0.01,150.0
6627,40760,2038,6,-2.0960350036621094,0.08673296868801117,0.0003,0.2899280786514282,-0.26484227180480957,2037,-18.492103690000004,0.01,150.0
6628,40780,2039,6,-2.1087257862091064,0.0618196502327919,0.0003,0.13522320985794067,-0.29544776678085327,2038,-18.492103690000004,0.01,150.0
6628,40800,2040,6,-2.105963945388794,0.05810432881116867,0.0003,0.08122777938842773,-0.23080947995185852,2039,-18.384170899999997,0.01,150.0
6628,40820,2041,6,-2.1187894344329834,0.10059265792369843,0.0003,0.008302927017211914,-0.25229835510253906,2040,-18.384170899999997,0.01,150.0
6629,40840,2042,6,-1.8938071727752686,0.30556434392929077,0.0003,-0.01305389404296875,0.42941492795944214,2041,-18.384170899999997,0.01,150.0
6629,40860,2043,6,-1.8943535089492798,0.45413416624069214,0.0003,0.7068704962730408,-0.6164106726646423,2042,-18.384170899999997,0.01,150.0
6629,40880,2044,6,-1.9025999307632446,0.5831944346427917,0.0003,0.787198007106781,-0.3544030785560608,2043,-18.384170899999997,0.01,150.0
6630,40900,2045,6,-1.9097036123275757,1.2518022060394287,0.0003,0.778583824634552,1.0555721521377563,2044,-18.384170899999997,0.01,150.0
6630,40920,2046,6,-1.906754732131958,0.6223691701889038,0.0003,0.789543628692627,0.14168581366539001,2045,-18.384170899999997,0.01,150.0
6630,40940,2047,6,-1.9015436172485352,0.29896682500839233,0.0003,0.9453086853027344,-0.18556609749794006,2046,-18.384170899999997,0.01,150.0
6631,40960,2048,6,-1.91106379032135,0.10672757774591446,0.0003,0.9803885817527771,-0.09875428676605225,2047,-18.384170899999997,0.01,150.0
6631,40980,2049,6,-1.9277595281600952,0.7062212228775024,0.0003,0.9271931648254395,0.9161838293075562,2048,-18.384170899999997,0.01,150.0
6632,41000,2050,6,-1.9322353601455688,0.1072884052991867,0.0003,0.9847064018249512,-0.04780704155564308,2049,-18.384170899999997,0.01,150.0
6632,41020,2051,6,-1.9359031915664673,0.6155349016189575,0.0003,0.9321126341819763,-1.1707205772399902,2050,-18.384170899999997,0.01,150.0
6633,41040,2052,6,-1.9434341192245483,4.771324157714844,0.0003,0.5856895446777344,2.657564878463745,2051,-18.384170899999997,0.01,150.0
6633,41060,2053,6,-1.9516055583953857,0.5604239106178284,0.0003,0.9626059532165527,0.6877387166023254,2052,-18.384170899999997,0.01,150.0
6633,41080,2054,6,-1.964898705482483,0.9101985692977905,0.0003,0.8987802863121033,0.3588954508304596,2053,-18.384170899999997,0.01,150.0
6634,41100,2055,6,-1.9645662307739258,0.22289952635765076,0.0003,0.9691267609596252,-0.09837886691093445,2054,-18.384170899999997,0.01,150.0
6634,41120,2056,6,-1.9619762897491455,0.30766230821609497,0.0003,0.9534971714019775,-0.6202408671379089,2055,-18.384170899999997,0.01,150.0
6635,41140,2057,6,-1.9677555561065674,0.07285015285015106,0.0003,0.9701759815216064,0.13435077667236328,2056,-18.384170899999997,0.01,150.0
6635,41160,2058,6,-1.9915587902069092,0.1092216745018959,0.0003,0.9474198818206787,-0.08315771073102951,2057,-18.384170899999997,0.01,150.0
6635,41180,2059,6,-2.010976791381836,0.9550367593765259,0.0003,-5.726046562194824,0.6725448966026306,2058,-18.384170899999997,0.01,150.0
6636,41200,2060,6,-2.019904136657715,0.717777669429779,0.0003,-1.9928829669952393,0.7746325135231018,2059,-18.384170899999997,0.01,150.0
6636,41220,2061,6,-2.009265422821045,0.015035470947623253,0.0003,0.9697023630142212,-0.07308056205511093,2060,-18.384170899999997,0.01,150.0
6636,41240,2062,6,-2.0201354026794434,0.052198149263858795,0.0003,0.8812369108200073,0.14961662888526917,2061,-18.384170899999997,0.01,150.0
6636,41260,2063,6,-2.0389962196350098,0.025274768471717834,0.0003,0.9153430461883545,0.17295297980308533,2062,-18.384170899999997,0.01,150.0
6636,41280,2064,6,-2.041409730911255,0.03984878584742546,0.0003,0.9337552189826965,0.21332457661628723,2063,-18.384170899999997,0.01,150.0
6637,41300,2065,6,-2.045987606048584,0.024338072165846825,0.0003,0.9224924445152283,0.16320283710956573,2064,-18.384170899999997,0.01,150.0
6637,41320,2066,6,-2.05305814743042,0.026848088949918747,0.0003,0.8948860168457031,-0.047506432980298996,2065,-18.384170899999997,0.01,150.0
6638,41340,2067,6,-2.0635428428649902,0.02242283895611763,0.0003,0.8975927829742432,0.006457668729126453,2066,-18.384170899999997,0.01,150.0
6638,41360,2068,6,-2.0721397399902344,0.06348635256290436,0.0003,0.8004187345504761,0.045496515929698944,2067,-18.384170899999997,0.01,150.0
6639,41380,2069,6,-2.0697197914123535,0.023335766047239304,0.0003,0.9166721701622009,-0.025652935728430748,2068,-18.384170899999997,0.01,150.0
6639,41400,2070,6,-2.091614007949829,0.021782955154776573,0.0003,0.9142462611198425,-0.12127508968114853,2069,-18.23012806,0.01,150.0
6639,41420,2071,6,-2.091289758682251,0.04765397682785988,0.0003,0.7740443348884583,-0.1749439537525177,2070,-18.23012806,0.01,150.0
6640,41440,2072,6,-1.9161697626113892,0.25942283868789673,0.0003,0.3171273469924927,-0.3274192810058594,2071,-18.23012806,0.01,150.0
6640,41460,2073,6,-1.91728937625885,0.38469135761260986,0.0003,0.7825814485549927,-0.9653016328811646,2072,-18.23012806,0.01,150.0
6641,41480,2074,6,-1.9205071926116943,0.3050726354122162,0.0003,0.8738983273506165,-0.47226080298423767,2073,-18.23012806,0.01,150.0
6641,41500,2075,6,-1.9248676300048828,0.13332490622997284,0.0003,0.9715750217437744,-0.5520845651626587,2074,-18.23012806,0.01,150.0
6641,41520,2076,6,-1.9248688220977783,1.1664196252822876,0.0003,0.5694105625152588,0.9112111926078796,2075,-18.23012806,0.01,150.0
6642,41540,2077,6,-1.927565336227417,0.3784634470939636,0.0003,0.9062948226928711,-0.7023730278015137,2076,-18.23012806,0.01,150.0
6642,41560,2078,6,-1.9389070272445679,0.1370212733745575,0.0003,0.9315671324729919,-0.06481470167636871,2077,-18.23012806,0.01,150.0
6643,41580,2079,6,-1.9436790943145752,0.13033883273601532,0.0003,0.9530494213104248,0.3846619427204132,2078,-18.23012806,0.01,150.0
6643,41600,2080,6,-1.953423261642456,0.31190016865730286,0.0003,0.9171927571296692,0.0074637471698224545,2079,-18.23012806,0.01,150.0
6644,41620,2081,6,-1.9642683267593384,0.05011821910738945,0.0003,0.9866059422492981,-0.0003362298011779785,2080,-18.23012806,0.01,150.0
6644,41640,2082,6,-1.9727096557617188,0.3338168263435364,0.0003,0.7887146472930908,0.37469398975372314,2081,-18.23012806,0.01,150.0
6645,41660,2083,6,-1.9718406200408936,0.08121357858181,0.0003,0.9191191792488098,0.10893268883228302,2082,-18.23012806,0.01,150.0
6645,41680,2084,6,-1.9693530797958374,0.32501718401908875,0.0003,0.6779530644416809,0.41969648003578186,2083,-18.23012806,0.01,150.0
6645,41700,2085,6,-1.9730613231658936,2.603938579559326,0.0003,-0.3539717197418213,1.73935866355896,2084,-18.23012806,0.01,150.0
6646,41720,2086,6,-1.9809620380401611,0.35217076539993286,0.0003,0.8227550983428955,-0.08575333654880524,2085,-18.23012806,0.01,150.0
6646,41740,2087,6,-1.9805984497070312,1.8579381704330444,0.0003,0.6508609652519226,1.101088285446167,2086,-18.23012806,0.01,150.0
6647,41760,2088,6,-1.9868053197860718,0.32634514570236206,0.0003,0.9156231880187988,0.620489776134491,2087,-18.23012806,0.01,150.0
6647,41780,2089,6,-1.9874988794326782,0.7150083184242249,0.0003,0.7999001741409302,0.5580443739891052,2088,-18.23012806,0.01,150.0
6648,41800,2090,6,-1.9868110418319702,0.3072543442249298,0.0003,0.9283390045166016,-0.7196412682533264,2089,-18.23012806,0.01,150.0
6648,41820,2091,6,-2.0043482780456543,0.14795014262199402,0.0003,0.9552847743034363,-0.7003384828567505,2090,-18.23012806,0.01,150.0
6649,41840,2092,6,-2.01910138130188,0.15233096480369568,0.0003,0.9115182161331177,-0.6144498586654663,2091,-18.23012806,0.01,150.0
6649,41860,2093,6,-2.0429577827453613,0.04928230121731758,0.0003,0.9152365326881409,-0.2655029892921448,2092,-18.23012806,0.01,150.0
6650,41880,2094,6,-2.058485746383667,0.0807928740978241,0.0003,0.904326319694519,-0.42929521203041077,2093,-18.23012806,0.01,150.0
6650,41900,2095,6,-2.071758270263672,0.07996974885463715,0.0003,0.7110368013381958,-0.28339850902557373,2094,-18.23012806,0.01,150.0
6651,41920,2096,6,-2.0832924842834473,0.08283698558807373,0.0003,0.43654370307922363,-0.09181192517280579,2095,-18.23012806,0.01,150.0
6651,41940,2097,6,-2.0905380249023438,0.03434017300605774,0.0003,0.6780315637588501,-0.08712917566299438,2096,-18.23012806,0.01,150.0
6651,41960,2098,6,-2.1040380001068115,0.09346705675125122,0.0003,0.26905250549316406,0.13413171470165253,2097,-18.23012806,0.01,150.0
6650,41980,2099,6,-2.125828266143799,0.03598799556493759,0.0003,0.6087928414344788,0.08680062741041183,2098,-18.23012806,0.01,150.0
6650,42000,2100,6,-2.1337268352508545,0.04105855152010918,0.0003,0.5484338998794556,-0.13897836208343506,2099,-18.378051059999997,0.01,150.0
6650,42020,2101,6,-2.1334726810455322,0.054084789007902145,0.0003,0.4515507221221924,-0.09477941691875458,2100,-18.378051059999997,0.01,150.0
6651,42040,2102,6,-1.9032223224639893,0.11079629510641098,0.0003,0.9138284921646118,0.2787199020385742,2101,-18.378051059999997,0.01,150.0
6651,42060,2103,6,-1.9092156887054443,0.20691582560539246,0.0003,0.9146089553833008,0.335178405046463,2102,-18.378051059999997,0.01,150.0
6651,42080,2104,6,-1.9131953716278076,0.5022645592689514,0.0003,0.9109640121459961,0.03248558193445206,2103,-18.378051059999997,0.01,150.0
6652,42100,2105,6,-1.9268220663070679,0.2455972135066986,0.0003,0.9628387093544006,-0.4318038523197174,2104,-18.378051059999997,0.01,150.0
6652,42120,2106,6,-1.925726294517517,0.47300952672958374,0.0003,0.9527603983879089,0.47637391090393066,2105,-18.378051059999997,0.01,150.0
6652,42140,2107,6,-1.934596300125122,0.1446860283613205,0.0003,0.9890180230140686,0.43120455741882324,2106,-18.378051059999997,0.01,150.0
6653,42160,2108,6,-1.9423280954360962,0.29282504320144653,0.0003,0.9841874241828918,-0.6608520746231079,2107,-18.378051059999997,0.01,150.0
6653,42180,2109,6,-1.9390064477920532,0.16153861582279205,0.0003,0.9858846068382263,0.1699891835451126,2108,-18.378051059999997,0.01,150.0
6654,42200,2110,6,-1.9360084533691406,0.3313187062740326,0.0003,0.9794192314147949,-0.4134058952331543,2109,-18.378051059999997,0.01,150.0
6654,42220,2111,6,-1.9432857036590576,0.1792292594909668,0.0003,0.988879382610321,0.4064592719078064,2110,-18.378051059999997,0.01,150.0
6655,42240,2112,6,-1.9434492588043213,0.5591105222702026,0.0003,0.9574024677276611,-0.4140881896018982,2111,-18.378051059999997,0.01,150.0
6655,42260,2113,6,-1.9502992630004883,0.05382154509425163,0.0003,0.9975965023040771,0.32093101739883423,2112,-18.378051059999997,0.01,150.0
6656,42280,2114,6,-1.9605131149291992,0.2937562167644501,0.0003,0.9694769978523254,-0.1323940008878708,2113,-18.378051059999997,0.01,150.0
6656,42300,2115,6,-1.9650516510009766,0.2450064867734909,0.0003,0.9750181436538696,0.29387956857681274,2114,-18.378051059999997,0.01,150.0
6657,42320,2116,6,-1.9800792932510376,0.1626758575439453,0.0003,0.9950202703475952,-0.6132621765136719,2115,-18.378051059999997,0.01,150.0
6657,42340,2117,6,-2.0010921955108643,0.06938805431127548,0.0003,0.9966384172439575,-0.4091799259185791,2116,-18.378051059999997,0.01,150.0
6658,42360,2118,6,-2.011051654815674,0.07316786795854568,0.0003,0.9888405203819275,0.25603872537612915,2117,-18.378051059999997,0.01,150.0
6658,42380,2119,6,-2.0326285362243652,0.22306470572948456,0.0003,0.9620455503463745,-0.4569028913974762,2118,-18.378051059999997,0.01,150.0
6658,42400,2120,6,-2.0441794395446777,0.09829305112361908,0.0003,0.9739087820053101,0.15317760407924652,2119,-18.378051059999997,0.01,150.0
6659,42420,2121,6,-2.063019037246704,1.0643805265426636,0.0003,0.8420739769935608,0.6539889574050903,2120,-18.378051059999997,0.01,150.0
6659,42440,2122,6,-2.060650587081909,0.1111028790473938,0.0003,0.9888941049575806,-0.45884600281715393,2121,-18.378051059999997,0.01,150.0
6660,42460,2123,6,-2.072082042694092,0.1897187978029251,0.0003,0.9287048578262329,-0.21240082383155823,2122,-18.378051059999997,0.01,150.0
6660,42480,2124,6,-2.0702719688415527,0.8475700616836548,0.0003,0.7111661434173584,0.6309612989425659,2123,-18.378051059999997,0.01,150.0
6661,42500,2125,6,-2.0753555297851562,0.12663519382476807,0.0003,0.9503441452980042,-0.05594289302825928,2124,-18.378051059999997,0.01,150.0
6661,42520,2126,6,-2.0838332176208496,0.10495851933956146,0.0003,0.9702152013778687,-0.33618250489234924,2125,-18.378051059999997,0.01,150.0
6662,42540,2127,6,-2.0827085971832275,0.17885538935661316,0.0003,0.9214503169059753,-0.022404098883271217,2126,-18.378051059999997,0.01,150.0
6662,42560,2128,6,-2.0834145545959473,0.27273663878440857,0.0003,0.9110197424888611,0.5234907269477844,2127,-18.378051059999997,0.01,150.0
6663,42580,2129,6,-2.0916104316711426,1.9209016561508179,0.0003,0.5493084192276001,0.9403169751167297,2128,-18.378051059999997,0.01,150.0
6663,42600,2130,6,-2.092341184616089,0.12981417775154114,0.0003,0.9388836026191711,-0.44552916288375854,2129,-18.23123248,0.01,150.0
6663,42620,2131,6,-2.0971615314483643,0.062352169305086136,0.0003,0.9281638860702515,-0.2615966200828552,2130,-18.23123248,0.01,150.0
6664,42640,2132,6,-1.9149539470672607,0.191911518573761,0.0003,0.8954726457595825,-0.4828353822231293,2131,-18.23123248,0.01,150.0
6664,42660,2133,6,-1.923641562461853,0.1011795774102211,0.0003,0.9585781097412109,-0.3356966972351074,2132,-18.23123248,0.01,150.0
6665,42680,2134,6,-1.9184248447418213,0.09242892265319824,0.0003,0.9674233198165894,-0.30416998267173767,2133,-18.23123248,0.01,150.0
6665,42700,2135,6,-1.9215905666351318,0.32156553864479065,0.0003,0.8801647424697876,0.15347611904144287,2134,-18.23123248,0.01,150.0
6666,42720,2136,6,-1.914307951927185,0.2085358202457428,0.0003,0.9430818557739258,-0.5871906876564026,2135,-18.23123248,0.01,150.0
6666,42740,2137,6,-1.9201793670654297,1.0165727138519287,0.0003,0.8081054091453552,0.6536109447479248,2136,-18.23123248,0.01,150.0
6667,42760,2138,6,-1.9365394115447998,0.12236452102661133,0.0003,0.9750644564628601,0.11355192959308624,2137,-18.23123248,0.01,150.0
6667,42780,2139,6,-1.9472074508666992,2.446531295776367,0.0003,0.6612790822982788,1.0594308376312256,2138,-18.23123248,0.01,150.0
6668,42800,2140,6,-1.9460277557373047,0.804916501045227,0.0003,0.8907638192176819,-0.45149001479148865,2139,-18.23123248,0.01,150.0
6668,42820,2141,6,-1.9518873691558838,1.136742115020752,0.0003,0.8652660250663757,1.0710484981536865,2140,-18.23123248,0.01,150.0
6669,42840,2142,6,-1.9493290185928345,2.7733967304229736,0.0003,0.5957717895507812,1.461734652519226,2141,-18.23123248,0.01,150.0
6669,42860,2143,6,-1.9542423486709595,1.1848547458648682,0.0003,0.8994194865226746,0.3019995093345642,2142,-18.23123248,0.01,150.0
6670,42880,2144,6,-1.9584674835205078,0.7916163206100464,0.0003,0.9105539321899414,-0.21030811965465546,2143,-18.23123248,0.01,150.0
6670,42900,2145,6,-1.9562196731567383,0.04281248897314072,0.0003,0.9962236881256104,-0.23333044350147247,2144,-18.23123248,0.01,150.0
6671,42920,2146,6,-1.9633992910385132,0.07202205061912537,0.0003,0.9896358847618103,-0.20757567882537842,2145,-18.23123248,0.01,150.0
6671,42940,2147,6,-1.9695011377334595,0.8013467788696289,0.0003,0.700201153755188,0.5395363569259644,2146,-18.23123248,0.01,150.0
6671,42960,2148,6,-1.983422875404358,0.04432467743754387,0.0003,0.9681772589683533,-0.12065394967794418,2147,-18.23123248,0.01,150.0
6672,42980,2149,6,-1.9815059900283813,0.5556958317756653,0.0003,0.6823740005493164,0.7457279562950134,2148,-18.23123248,0.01,150.0
6672,43000,2150,6,-1.987078070640564,0.11544126272201538,0.0003,0.9221035242080688,0.2657164931297302,2149,-18.23123248,0.01,150.0
6673,43020,2151,6,-1.9914096593856812,2.0624988079071045,0.0003,0.5081801414489746,1.9258302450180054,2150,-18.23123248,0.01,150.0
6673,43040,2152,6,-2.009038209915161,0.847195029258728,0.0003,0.7612800002098083,1.024658441543579,2151,-18.23123248,0.01,150.0
6674,43060,2153,6,-2.0094828605651855,0.08129439502954483,0.0003,0.9393885135650635,0.15946708619594574,2152,-18.23123248,0.01,150.0
6674,43080,2154,6,-2.007070779800415,0.15519754588603973,0.0003,0.8169736862182617,-0.11040826141834259,2153,-18.23123248,0.01,150.0
6675,43100,2155,6,-2.0282375812530518,0.04071109741926193,0.0003,0.8858858942985535,0.007808089256286621,2154,-18.23123248,0.01,150.0
6675,43120,2156,6,-2.0508456230163574,0.08393838256597519,0.0003,0.7901368737220764,0.12443877756595612,2155,-18.23123248,0.01,150.0
6676,43140,2157,6,-2.0705840587615967,0.024561051279306412,0.0003,0.9078671932220459,-0.05753596872091293,2156,-18.23123248,0.01,150.0
6676,43160,2158,6,-2.059495210647583,0.007503812201321125,0.0003,0.9456208944320679,-0.03498917073011398,2157,-18.23123248,0.01,150.0
6677,43180,2159,6,-2.0729193687438965,0.0294293612241745,0.0003,0.6621904373168945,0.07936500012874603,2158,-18.23123248,0.01,150.0
6677,43200,2160,6,-2.0794875621795654,0.014301961287856102,0.0003,0.7965260148048401,0.09363331645727158,2159,-17.785066229999998,0.01,150.0
6677,43220,2161,6,-2.105527639389038,0.019354578107595444,0.0003,0.7522827386856079,0.17649385333061218,2160,-17.785066229999998,0.01,150.0
6678,43240,2162,6,-1.9284594058990479,0.23324084281921387,0.0003,0.683632493019104,0.07870543003082275,2161,-17.785066229999998,0.01,150.0
6678,43260,2163,6,-1.9275083541870117,0.04091949015855789,0.0003,0.9395217895507812,-0.07465776801109314,2162,-17.785066229999998,0.01,150.0
6679,43280,2164,6,-1.9321359395980835,0.5034206509590149,0.0003,0.6313172578811646,0.5231761932373047,2163,-17.785066229999998,0.01,150.0
6679,43300,2165,6,-1.9509607553482056,0.241755411028862,0.0003,0.9110674262046814,-0.2512895166873932,2164,-17.785066229999998,0.01,150.0
6680,43320,2166,6,-1.9634414911270142,0.20622193813323975,0.0003,0.9742187857627869,0.706676185131073,2165,-17.785066229999998,0.01,150.0
6680,43340,2167,6,-1.9717985391616821,0.1262998878955841,0.0003,0.9829990863800049,-0.5281914472579956,2166,-17.785066229999998,0.01,150.0
6681,43360,2168,6,-1.9834800958633423,0.06834522634744644,0.0003,0.9854475855827332,0.4203023910522461,2167,-17.785066229999998,0.01,150.0
6681,43380,2169,6,-1.9974075555801392,0.17134031653404236,0.0003,0.9347725510597229,0.16828635334968567,2168,-17.785066229999998,0.01,150.0
6682,43400,2170,6,-2.0193192958831787,0.13898451626300812,0.0003,0.9761570692062378,-0.44124341011047363,2169,-17.785066229999998,0.01,150.0
6682,43420,2171,6,-2.0352978706359863,0.06630517542362213,0.0003,0.979688286781311,-0.24867090582847595,2170,-17.785066229999998,0.01,150.0
6683,43440,2172,6,-2.041330337524414,0.031246673315763474,0.0003,0.9916478395462036,0.14765013754367828,2171,-17.785066229999998,0.01,150.0
6683,43460,2173,6,-2.046570062637329,0.04503561556339264,0.0003,0.9885427355766296,-0.00448404997587204,2172,-17.785066229999998,0.01,150.0
6684,43480,2174,6,-2.0472846031188965,2.013856887817383,0.0003,0.7926063537597656,0.9403400421142578,2173,-17.785066229999998,0.01,150.0
6684,43500,2175,6,-2.053999185562134,0.24982675909996033,0.0003,0.9764072299003601,-0.6128244400024414,2174,-17.785066229999998,0.01,150.0
6685,43520,2176,6,-2.0641188621520996,0.5108691453933716,0.0003,0.9485673308372498,0.46889251470565796,2175,-17.785066229999998,0.01,150.0
6685,43540,2177,6,-2.0600807666778564,0.7489280104637146,0.0003,0.9546835422515869,0.8986120223999023,2176,-17.785066229999998,0.01,150.0
6686,43560,2178,6,-2.0698752403259277,0.3266885280609131,0.0003,0.972973644733429,0.4675072729587555,2177,-17.785066229999998,0.01,150.0
6686,43580,2179,6,-2.068251132965088,2.9785923957824707,0.0003,0.7012952566146851,2.6456844806671143,2178,-17.785066229999998,0.01,150.0
6687,43600,2180,6,-2.077138900756836,0.29508906602859497,0.0003,0.9695666432380676,0.3085421621799469,2179,-17.785066229999998,0.01,150.0
6687,43620,2181,6,-2.0790393352508545,0.1991993486881256,0.0003,0.9744276404380798,-0.017262792214751244,2180,-17.785066229999998,0.01,150.0
6687,43640,2182,6,-2.0788989067077637,0.6090189218521118,0.0003,0.9335581064224243,0.6001483201980591,2181,-17.785066229999998,0.01,150.0
6688,43660,2183,6,-2.0778934955596924,0.44985246658325195,0.0003,0.8878838419914246,0.25555533170700073,2182,-17.785066229999998,0.01,150.0
6688,43680,2184,6,-2.087048053741455,0.297041654586792,0.0003,0.9388586282730103,0.08003132045269012,2183,-17.785066229999998,0.01,150.0
6689,43700,2185,6,-2.097960948944092,0.11100677400827408,0.0003,0.977893054485321,0.2908371090888977,2184,-17.785066229999998,0.01,150.0
6689,43720,2186,6,-2.0993409156799316,0.1225910633802414,0.0003,0.9623457193374634,-0.20851702988147736,2185,-17.785066229999998,0.01,150.0
6690,43740,2187,6,-2.1051087379455566,0.09875611960887909,0.0003,0.9617441296577454,0.2546292245388031,2186,-17.785066229999998,0.01,150.0
6690,43760,2188,6,-2.094810962677002,0.11167816817760468,0.0003,0.9721775054931641,-0.5066126585006714,2187,-17.785066229999998,0.01,150.0
6691,43780,2189,6,-2.1015982627868652,0.058214277029037476,0.0003,0.9586062431335449,-0.22428634762763977,2188,-17.785066229999998,0.01,150.0
6691,43800,2190,6,-2.0977158546447754,0.6674214601516724,0.0003,0.4856918454170227,0.8440893888473511,2189,-16.991320789999996,0.01,150.0
6691,43820,2191,6,-2.0962443351745605,1.4137060642242432,0.0003,0.13015007972717285,0.6038331389427185,2190,-16.991320789999996,0.01,150.0
6692,43840,2192,6,-1.9437347650527954,0.14353056252002716,0.0003,0.921270489692688,-0.22901812195777893,2191,-16.991320789999996,0.01,150.0
6692,43860,2193,6,-1.948047399520874,0.46181774139404297,0.0003,0.9071505069732666,-0.961591362953186,2192,-16.991320789999996,0.01,150.0
6693,43880,2194,6,-1.9505401849746704,0.36455950140953064,0.0003,0.9205142259597778,-0.80125892162323,2193,-16.991320789999996,0.01,150.0
6693,43900,2195,6,-1.9573898315429688,0.1323816031217575,0.0003,0.9807873368263245,-0.5859249234199524,2194,-16.991320789999996,0.01,150.0
6694,43920,2196,6,-1.9623935222625732,0.20639391243457794,0.0003,0.95743328332901,0.40690112113952637,2195,-16.991320789999996,0.01,150.0
6694,43940,2197,6,-1.973936676979065,0.49627646803855896,0.0003,0.9608815312385559,-1.098318338394165,2196,-16.991320789999996,0.01,150.0
6694,43960,2198,6,-1.9893280267715454,1.3822788000106812,0.0003,0.8310182690620422,0.8775848150253296,2197,-16.991320789999996,0.01,150.0
6695,43980,2199,6,-1.988504409790039,0.3081859052181244,0.0003,0.9626845717430115,-0.2077777087688446,2198,-16.991320789999996,0.01,150.0
6695,44000,2200,6,-2.0007646083831787,0.267835795879364,0.0003,0.9679443836212158,0.4383912980556488,2199,-16.991320789999996,0.01,150.0
6696,44020,2201,6,-2.0134410858154297,1.1590968370437622,0.0003,0.9438855648040771,0.9807244539260864,2200,-16.991320789999996,0.01,150.0
6696,44040,2202,6,-2.011502742767334,0.2062871754169464,0.0003,0.9833725690841675,-0.3629938066005707,2201,-16.991320789999996,0.01,150.0
6697,44060,2203,6,-2.0284974575042725,0.1630968600511551,0.0003,0.9912875294685364,-0.5748655796051025,2202,-16.991320789999996,0.01,150.0
6697,44080,2204,6,-2.039458990097046,0.06501436233520508,0.0003,0.9976895451545715,-0.38934415578842163,2203,-16.991320789999996,0.01,150.0
6697,44100,2205,6,-2.0505356788635254,0.13542740046977997,0.0003,0.9883902668952942,-0.28112632036209106,2204,-16.991320789999996,0.01,150.0
6698,44120,2206,6,-2.060701370239258,1.2548129558563232,0.0003,0.8871455788612366,1.0975921154022217,2205,-16.991320789999996,0.01,150.0
6698,44140,2207,6,-2.054788112640381,0.48026713728904724,0.0003,0.9699586033821106,0.5818619132041931,2206,-16.991320789999996,0.01,150.0
6699,44160,2208,6,-2.048567533493042,2.3987553119659424,0.0003,0.9400887489318848,2.008009433746338,2207,-16.991320789999996,0.01,150.0
6699,44180,2209,6,-2.059112548828125,1.2462021112442017,0.0003,0.9341297149658203,1.1074575185775757,2208,-16.991320789999996,0.01,150.0
6700,44200,2210,6,-2.0689198970794678,0.2971024513244629,0.0003,0.9839643239974976,0.5721917748451233,2209,-16.991320789999996,0.01,150.0
6700,44220,2211,6,-2.0761771202087402,0.05655837059020996,0.0003,0.9966749548912048,-0.21247756481170654,2210,-16.991320789999996,0.01,150.0
6701,44240,2212,6,-2.0920591354370117,0.19229064881801605,0.0003,0.9848424196243286,0.2522316575050354,2211,-16.991320789999996,0.01,150.0
6701,44260,2213,6,-2.087834358215332,0.1674598753452301,0.0003,0.9831752181053162,-0.16968567669391632,2212,-16.991320789999996,0.01,150.0
6702,44280,2214,6,-2.090250015258789,0.20101287961006165,0.0003,0.9662978649139404,-0.21866407990455627,2213,-16.991320789999996,0.01,150.0
6702,44300,2215,6,-2.0999302864074707,0.4150601327419281,0.0003,0.9104079604148865,0.5967462658882141,2214,-16.991320789999996,0.01,150.0
6703,44320,2216,6,-2.0972466468811035,0.12636737525463104,0.0003,0.9736213088035583,0.4430907368659973,2215,-16.991320789999996,0.01,150.0
6703,44340,2217,6,-2.0970680713653564,0.23257815837860107,0.0003,0.8643606901168823,0.012765931896865368,2216,-16.991320789999996,0.01,150.0
6704,44360,2218,6,-2.107997417449951,0.07731246948242188,0.0003,0.9264166355133057,0.15094797313213348,2217,-16.991320789999996,0.01,150.0
6704,44380,2219,6,-2.120668888092041,0.09915824979543686,0.0003,0.9284258484840393,0.4555785059928894,2218,-16.991320789999996,0.01,150.0
6704,44400,2220,6,-2.1216118335723877,0.29469701647758484,0.0003,0.21222293376922607,0.43316230177879333,2219,-16.65984682,0.01,150.0
6705,44420,2221,6,-2.1267073154449463,0.10164368152618408,0.0003,0.6173179745674133,0.32027825713157654,2220,-16.65984682,0.01,150.0
6705,44440,2222,6,-1.9459807872772217,0.08391676843166351,0.0003,0.9483638405799866,-0.32499009370803833,2221,-16.65984682,0.01,150.0
6706,44460,2223,6,-1.9553320407867432,0.3932803273200989,0.0003,0.8647516369819641,0.3612635135650635,2222,-16.65984682,0.01,150.0
6706,44480,2224,6,-1.9573290348052979,0.22414442896842957,0.0003,0.9503912329673767,-0.19346937537193298,2223,-16.65984682,0.01,150.0
6707,44500,2225,6,-1.9738714694976807,0.17628473043441772,0.0003,0.9794248342514038,-0.5948601961135864,2224,-16.65984682,0.01,150.0
6707,44520,2226,6,-1.982712984085083,0.15630166232585907,0.0003,0.9735828638076782,0.1767379194498062,2225,-16.65984682,0.01,150.0
6707,44540,2227,6,-1.994288682937622,0.8858441114425659,0.0003,0.7947473526000977,0.6550424695014954,2226,-16.65984682,0.01,150.0
6708,44560,2228,6,-1.9893203973770142,0.07029195129871368,0.0003,0.9875893592834473,-0.1615089625120163,2227,-16.65984682,0.01,150.0
6708,44580,2229,6,-1.9954754114151,0.18996986746788025,0.0003,0.9570084810256958,0.4626220762729645,2228,-16.65984682,0.01,150.0
6709,44600,2230,6,-2.0052716732025146,0.07642879337072372,0.0003,0.9841690063476562,0.2780691981315613,2229,-16.65984682,0.01,150.0
6709,44620,2231,6,-2.0147156715393066,0.035217419266700745,0.0003,0.9925511479377747,-0.0694146603345871,2230,-16.65984682,0.01,150.0
6710,44640,2232,6,-2.0214850902557373,0.27055758237838745,0.0003,0.8998526334762573,-0.26628583669662476,2231,-16.65984682,0.01,150.0
6710,44660,2233,6,-2.022068738937378,0.5401811003684998,0.0003,0.5469420552253723,0.43434542417526245,2232,-16.65984682,0.01,150.0
6711,44680,2234,6,-2.015169620513916,1.3531616926193237,0.0003,-1.0724554061889648,0.4216129183769226,2233,-16.65984682,0.01,150.0
6711,44700,2235,6,-2.013002395629883,1.707594633102417,0.0003,0.276032030582428,1.190889596939087,2234,-16.65984682,0.01,150.0
6712,44720,2236,6,-2.0140318870544434,0.27678361535072327,0.0003,0.7814565300941467,-0.5486621260643005,2235,-16.65984682,0.01,150.0
6712,44740,2237,6,-2.0008580684661865,0.1352103054523468,0.0003,0.9003705978393555,0.1795351803302765,2236,-16.65984682,0.01,150.0
6713,44760,2238,6,-2.0172038078308105,0.14283914864063263,0.0003,0.9488599896430969,-0.3133496046066284,2237,-16.65984682,0.01,150.0
6713,44780,2239,6,-2.015357255935669,0.06404469162225723,0.0003,0.976020336151123,-0.17562511563301086,2238,-16.65984682,0.01,150.0
6714,44800,2240,6,-2.008303642272949,0.9338753819465637,0.0003,0.5417755842208862,0.6328330039978027,2239,-16.65984682,0.01,150.0
6714,44820,2241,6,-2.044806957244873,0.07287462055683136,0.0003,0.9684815406799316,-0.16205383837223053,2240,-16.65984682,0.01,150.0
6715,44840,2242,6,-2.0474300384521484,0.02859289012849331,0.0003,0.9858331680297852,-0.12506644427776337,2241,-16.65984682,0.01,150.0
6715,44860,2243,6,-2.0477957725524902,0.14199015498161316,0.0003,0.9015012979507446,-0.1434861719608307,2242,-16.65984682,0.01,150.0
6716,44880,2244,6,-2.0183777809143066,0.07730729877948761,0.0003,0.9605652093887329,-0.35210829973220825,2243,-16.65984682,0.01,150.0
6716,44900,2245,6,-2.03831148147583,0.10329926013946533,0.0003,0.8805989027023315,-0.3153272271156311,2244,-16.65984682,0.01,150.0
6717,44920,2246,6,-2.0785775184631348,0.024680286645889282,0.0003,0.9393554925918579,-0.047213565558195114,2245,-16.65984682,0.01,150.0
6717,44940,2247,6,-2.1135170459747314,0.018354332074522972,0.0003,0.9794468879699707,-0.24282102286815643,2246,-16.65984682,0.01,150.0
6718,44960,2248,6,-2.12056827545166,0.03244554251432419,0.0003,0.929112434387207,-0.2605445086956024,2247,-16.65984682,0.01,150.0
6718,44980,2249,6,-2.130232334136963,0.07494403421878815,0.0003,0.8104166388511658,-0.009115626104176044,2248,-16.65984682,0.01,150.0
6718,45000,2250,6,-2.1484131813049316,0.015438330359756947,0.0003,0.9537254571914673,-0.1296764612197876,2249,-16.60616734,0.01,150.0
6719,45020,2251,6,-2.1527249813079834,0.08502571284770966,0.0003,0.8063125610351562,0.2693496644496918,2250,-16.60616734,0.01,150.0
6720,45040,2252,6,-1.9881359338760376,0.22728832066059113,0.0003,0.9232966303825378,-0.3318493664264679,2251,-16.60616734,0.01,150.0
6720,45060,2253,6,-2.000789165496826,0.23078107833862305,0.0003,0.9505051374435425,0.3749600052833557,2252,-16.60616734,0.01,150.0
6721,45080,2254,6,-1.9988517761230469,0.06698215752840042,0.0003,0.9875791668891907,-0.21784758567810059,2253,-16.60616734,0.01,150.0
6721,45100,2255,6,-2.0036935806274414,0.16707327961921692,0.0003,0.9803446531295776,-0.4926269054412842,2254,-16.60616734,0.01,150.0
6721,45120,2256,6,-2.0046236515045166,0.10517030954360962,0.0003,0.988812267780304,-0.3952369689941406,2255,-16.60616734,0.01,150.0
6722,45140,2257,6,-2.0041861534118652,0.07843611389398575,0.0003,0.986571192741394,-0.12673087418079376,2256,-16.60616734,0.01,150.0
6722,45160,2258,6,-2.0208065509796143,0.059279151260852814,0.0003,0.9940612316131592,-0.3237024247646332,2257,-16.60616734,0.01,150.0
6723,45180,2259,6,-2.0302350521087646,0.1856464296579361,0.0003,0.9666519165039062,0.05746496841311455,2258,-16.60616734,0.01,150.0
6723,45200,2260,6,-2.0301737785339355,0.05419406294822693,0.0003,0.9914684295654297,0.03320550546050072,2259,-16.60616734,0.01,150.0
6724,45220,2261,6,-2.0253520011901855,1.0407716035842896,0.0003,0.9361739158630371,1.2709424495697021,2260,-16.60616734,0.01,150.0
6724,45240,2262,6,-2.0291779041290283,2.3465332984924316,0.0003,0.8861255049705505,1.443321943283081,2261,-16.60616734,0.01,150.0
6725,45260,2263,6,-2.037631034851074,0.49312910437583923,0.0003,0.979138970375061,0.7426594495773315,2262,-16.60616734,0.01,150.0
6725,45280,2264,6,-2.0382275581359863,0.5608881711959839,0.0003,0.9790372848510742,0.9141905903816223,2263,-16.60616734,0.01,150.0
6726,45300,2265,6,-2.0429134368896484,0.8636726140975952,0.0003,0.9506646394729614,0.8944849967956543,2264,-16.60616734,0.01,150.0
6726,45320,2266,6,-2.0525670051574707,0.11905662715435028,0.0003,0.9944079518318176,-0.39236223697662354,2265,-16.60616734,0.01,150.0
6727,45340,2267,6,-2.0717101097106934,0.07720401138067245,0.0003,0.9965789318084717,-0.3763583302497864,2266,-16.60616734,0.01,150.0
6727,45360,2268,6,-2.078800678253174,0.08685989677906036,0.0003,0.9922618865966797,0.07321220636367798,2267,-16.60616734,0.01,150.0
6728,45380,2269,6,-2.096316337585449,0.1667763888835907,0.0003,0.9850945472717285,0.10060055553913116,2268,-16.60616734,0.01,150.0
6728,45400,2270,6,-2.0787270069122314,1.0416538715362549,0.0003,0.8938687443733215,0.6455583572387695,2269,-16.60616734,0.01,150.0
6729,45420,2271,6,-2.088256359100342,0.355168879032135,0.0003,0.9451932311058044,-0.5808466672897339,2270,-16.60616734,0.01,150.0
6729,45440,2272,6,-2.098867654800415,0.043850064277648926,0.0003,0.9899641275405884,-0.06461597979068756,2271,-16.60616734,0.01,150.0
6730,45460,2273,6,-2.1073081493377686,0.1287984400987625,0.0003,0.987109363079071,-0.5736737847328186,2272,-16.60616734,0.01,150.0
6730,45480,2274,6,-2.120516300201416,0.023156119510531425,0.0003,0.9951416254043579,-0.22835800051689148,2273,-16.60616734,0.01,150.0
6731,45500,2275,6,-2.1207268238067627,0.09670738130807877,0.0003,0.9750122427940369,-0.5021136999130249,2274,-16.60616734,0.01,150.0
6732,45520,2276,6,-2.1296780109405518,0.09771095961332321,0.0003,0.9553161263465881,-0.3844629228115082,2275,-16.60616734,0.01,150.0
6732,45540,2277,6,-2.1249372959136963,0.16305343806743622,0.0003,0.9331310391426086,-0.2765504717826843,2276,-16.60616734,0.01,150.0
6733,45560,2278,6,-2.1271209716796875,0.1512182652950287,0.0003,0.902675986289978,-0.030936013907194138,2277,-16.60616734,0.01,150.0
6733,45580,2279,6,-2.124532699584961,0.08234254270792007,0.0003,0.9671305418014526,-0.3282527029514313,2278,-16.60616734,0.01,150.0
6733,45600,2280,6,-2.1299848556518555,0.19864031672477722,0.0003,0.904758095741272,0.10415937006473541,2279,-16.55672296,0.01,150.0
6734,45620,2281,6,-2.1366705894470215,0.18084244430065155,0.0003,0.900829553604126,0.05066356807947159,2280,-16.55672296,0.01,150.0
6734,45640,2282,6,-1.9708667993545532,0.25990572571754456,0.0003,0.2130727767944336,-0.5973443984985352,2281,-16.55672296,0.01,150.0
6734,45660,2283,6,-1.9829785823822021,0.3095552921295166,0.0003,0.6462452411651611,-0.09006059169769287,2282,-16.55672296,0.01,150.0
6735,45680,2284,6,-1.9835551977157593,0.1772930920124054,0.0003,0.7924954891204834,0.0991489514708519,2283,-16.55672296,0.01,150.0
6735,45700,2285,6,-1.9966188669204712,0.10461870580911636,0.0003,0.9123660326004028,-0.22404511272907257,2284,-16.55672296,0.01,150.0
6735,45720,2286,6,-2.014910936355591,0.35061556100845337,0.0003,0.8753980994224548,-0.00249633495695889,2285,-16.55672296,0.01,150.0
6736,45740,2287,6,-2.0365517139434814,0.32347571849823,0.0003,0.8881816864013672,-0.10944446176290512,2286,-16.55672296,0.01,150.0
6736,45760,2288,6,-2.061244487762451,0.7231210470199585,0.0003,0.7835465669631958,-0.8109215497970581,2287,-16.55672296,0.01,150.0
6737,45780,2289,6,-2.0683395862579346,0.1760818362236023,0.0003,0.9351459741592407,0.16649411618709564,2288,-16.55672296,0.01,150.0
6737,45800,2290,6,-2.0604348182678223,0.1523933708667755,0.0003,0.9703430533409119,-0.4876859784126282,2289,-16.55672296,0.01,150.0
6737,45820,2291,6,-2.069955348968506,0.8694988489151001,0.0003,0.8788169026374817,0.8905714750289917,2290,-16.55672296,0.01,150.0
6738,45840,2292,6,-2.065317153930664,0.1524183601140976,0.0003,0.9808390140533447,-0.4750315546989441,2291,-16.55672296,0.01,150.0
6738,45860,2293,6,-2.0766656398773193,0.3951466679573059,0.0003,0.9013394713401794,-0.7494691610336304,2292,-16.55672296,0.01,150.0
6739,45880,2294,6,-2.0986833572387695,0.1892203688621521,0.0003,0.9558840394020081,-0.39642220735549927,2293,-16.55672296,0.01,150.0
6739,45900,2295,6,-2.115142345428467,0.09567520767450333,0.0003,0.9833073616027832,-0.481637567281723,2294,-16.55672296,0.01,150.0
6740,45920,2296,6,-2.123373508453369,0.1746576577425003,0.0003,0.9207949638366699,-0.28126201033592224,2295,-16.55672296,0.01,150.0
6740,45940,2297,6,-2.118340253829956,0.039778657257556915,0.0003,0.9801892638206482,-0.16622665524482727,2296,-16.55672296,0.01,150.0
6741,45960,2298,6,-2.130629301071167,0.08313925564289093,0.0003,0.9581707715988159,0.13630475103855133,2297,-16.55672296,0.01,150.0
6741,45980,2299,6,-2.1252431869506836,0.0553920678794384,0.0003,0.9677037000656128,0.03939617797732353,2298,-16.55672296,0.01,150.0
6741,46000,2300,6,-2.105546474456787,0.8759563565254211,0.0003,0.45482558012008667,0.6595964431762695,2299,-16.55672296,0.01,150.0
6742,46020,2301,6,-2.1168971061706543,0.05041814595460892,0.0003,0.9659854769706726,0.2530180811882019,2300,-16.55672296,0.01,150.0
6742,46040,2302,6,-2.130455732345581,0.15283755958080292,0.0003,0.8500842452049255,-0.396339476108551,2301,-16.55672296,0.01,150.0
6743,46060,2303,6,-2.151064872741699,0.024045586585998535,0.0003,0.9429038763046265,0.06596503406763077,2302,-16.55672296,0.01,150.0
6743,46080,2304,6,-2.1392838954925537,0.2748110890388489,0.0003,0.5458331108093262,0.4199967384338379,2303,-16.55672296,0.01,150.0
6743,46100,2305,6,-2.1395392417907715,1.1819219589233398,0.0003,-0.060465455055236816,0.563806414604187,2304,-16.55672296,0.01,150.0
6744,46120,2306,6,-2.1308178901672363,0.02154722437262535,0.0003,0.8611743450164795,-0.07698523253202438,2305,-16.55672296,0.01,150.0
6744,46140,2307,6,-2.1377596855163574,0.02978009358048439,0.0003,0.43288886547088623,-0.21163293719291687,2306,-16.55672296,0.01,150.0
6745,46160,2308,6,-2.1405017375946045,0.035674769431352615,0.0003,0.3281378746032715,-0.07174764573574066,2307,-16.55672296,0.01,150.0
6745,46180,2309,6,-2.149162769317627,0.010350693948566914,0.0003,0.3983360528945923,-0.13596533238887787,2308,-16.55672296,0.01,150.0
6745,46200,2310,6,-2.148228883743286,0.04747694730758667,0.0003,-0.29697155952453613,-0.07223145663738251,2309,-16.644610939999996,0.01,150.0
6746,46220,2311,6,-2.1433191299438477,0.11593268066644669,0.0003,-0.14312267303466797,0.2902100086212158,2310,-16.644610939999996,0.01,150.0
6746,46240,2312,6,-1.9115241765975952,0.06456486880779266,0.0003,0.926550030708313,-0.1579846292734146,2311,-16.644610939999996,0.01,150.0
6747,46260,2313,6,-1.9165256023406982,0.1390976458787918,0.0003,0.840471088886261,-0.027760189026594162,2312,-16.644610939999996,0.01,150.0
6747,46280,2314,6,-1.9261360168457031,0.17506134510040283,0.0003,0.9564332365989685,0.7081891894340515,2313,-16.644610939999996,0.01,150.0
6748,46300,2315,6,-1.9346063137054443,0.1982092410326004,0.0003,0.9159153699874878,0.07835855334997177,2314,-16.644610939999996,0.01,150.0
6748,46320,2316,6,-1.944706678390503,0.041627444326877594,0.0003,0.9792154431343079,0.040877558290958405,2315,-16.644610939999996,0.01,150.0
6749,46340,2317,6,-1.9634090662002563,0.209903284907341,0.0003,0.9391024708747864,0.5047773122787476,2316,-16.644610939999996,0.01,150.0
6749,46360,2318,6,-1.964633584022522,0.16933074593544006,0.0003,0.9694539904594421,0.4356519281864166,2317,-16.644610939999996,0.01,150.0
6750,46380,2319,6,-1.9775381088256836,0.2425251305103302,0.0003,0.9775917530059814,0.7303367853164673,2318,-16.644610939999996,0.01,150.0
6750,46400,2320,6,-1.9724706411361694,0.39062702655792236,0.0003,0.8976970911026001,0.1439495086669922,2319,-16.644610939999996,0.01,150.0
6751,46420,2321,6,-1.9978166818618774,0.49982231855392456,0.0003,0.8014774322509766,-0.25367099046707153,2320,-16.644610939999996,0.01,150.0
6751,46440,2322,6,-1.9984252452850342,0.14049455523490906,0.0003,0.9605928063392639,-0.1749887764453888,2321,-16.644610939999996,0.01,150.0
6752,46460,2323,6,-2.0102639198303223,0.09661602228879929,0.0003,0.9849289655685425,-0.4161185324192047,2322,-16.644610939999996,0.01,150.0
6752,46480,2324,6,-2.0241293907165527,0.09053289890289307,0.0003,0.9768238067626953,-0.4291280210018158,2323,-16.644610939999996,0.01,150.0
6752,46500,2325,6,-2.0286049842834473,0.0713619738817215,0.0003,0.9847315549850464,-0.4056205153465271,2324,-16.644610939999996,0.01,150.0
6753,46520,2326,6,-2.0361976623535156,0.012121142819523811,0.0003,0.9947127103805542,-0.09969623386859894,2325,-16.644610939999996,0.01,150.0
6753,46540,2327,6,-2.052577495574951,0.04706879332661629,0.0003,0.9666094779968262,0.018784327432513237,2326,-16.644610939999996,0.01,150.0
6753,46560,2328,6,-2.065070390701294,0.055067531764507294,0.0003,0.9504164457321167,-0.2550147771835327,2327,-16.644610939999996,0.01,150.0
6754,46580,2329,6,-2.0705037117004395,0.025029707700014114,0.0003,0.9633166790008545,-0.1587749570608139,2328,-16.644610939999996,0.01,150.0
6754,46600,2330,6,-2.087188720703125,0.05467469245195389,0.0003,0.531680703163147,-0.06526694446802139,2329,-16.644610939999996,0.01,150.0
6755,46620,2331,6,-2.0955958366394043,0.02291009947657585,0.0003,0.7737683057785034,-0.15368910133838654,2330,-16.644610939999996,0.01,150.0
6755,46640,2332,6,-2.0928103923797607,0.020375574007630348,0.0003,0.7848457098007202,-0.27065375447273254,2331,-16.644610939999996,0.01,150.0
6756,46660,2333,6,-2.08638072013855,0.014688265509903431,0.0003,0.7562365531921387,-0.10912524163722992,2332,-16.644610939999996,0.01,150.0
6756,46680,2334,6,-2.104279041290283,0.048486657440662384,0.0003,0.23992246389389038,-0.08202890306711197,2333,-16.644610939999996,0.01,150.0
6756,46700,2335,6,-2.0934929847717285,0.03506465256214142,0.0003,0.4606597423553467,-0.17708663642406464,2334,-16.644610939999996,0.01,150.0
6757,46720,2336,6,-2.1081576347351074,0.03329431638121605,0.0003,0.2782478332519531,-0.27555349469184875,2335,-16.644610939999996,0.01,150.0
6757,46740,2337,6,-2.112522602081299,0.10054187476634979,0.0003,0.16728049516677856,0.15669536590576172,2336,-16.644610939999996,0.01,150.0
6758,46760,2338,6,-2.1250038146972656,0.07704047858715057,0.0003,0.23835885524749756,-0.18603329360485077,2337,-16.644610939999996,0.01,150.0
6758,46780,2339,6,-2.1376793384552,0.09276776015758514,0.0003,-0.12422287464141846,-0.18977144360542297,2338,-16.644610939999996,0.01,150.0
6758,46800,2340,6,-2.138805866241455,0.05995865911245346,0.0003,-0.08840644359588623,-0.364423006772995,2339,-16.83240352,0.01,150.0
6759,46820,2341,6,-2.142301082611084,0.03425899147987366,0.0003,-0.0809621810913086,-0.21029630303382874,2340,-16.83240352,0.01,150.0
6759,46840,2342,6,-1.9788200855255127,0.10756850242614746,0.0003,0.9273104071617126,0.13516923785209656,2341,-16.83240352,0.01,150.0
6760,46860,2343,6,-1.9844493865966797,0.05055995658040047,0.0003,0.9761286377906799,-0.005948543548583984,2342,-16.83240352,0.01,150.0
6760,46880,2344,6,-2.0014472007751465,0.06269925832748413,0.0003,0.9780243635177612,0.1177741065621376,2343,-16.83240352,0.01,150.0
6760,46900,2345,6,-1.9938075542449951,1.283599853515625,0.0003,0.45973408222198486,0.6491082906723022,2344,-16.83240352,0.01,150.0
6761,46920,2346,6,-2.000476121902466,0.40482062101364136,0.0003,0.8376909494400024,0.21488404273986816,2345,-16.83240352,0.01,150.0
6761,46940,2347,6,-1.998562216758728,1.2976834774017334,0.0003,0.8108731508255005,1.1554573774337769,2346,-16.83240352,0.01,150.0
6761,46960,2348,6,-2.0080368518829346,0.30010437965393066,0.0003,0.9600324034690857,-0.2845804989337921,2347,-16.83240352,0.01,150.0
6762,46980,2349,6,-2.0171077251434326,0.1225392073392868,0.0003,0.9854227900505066,0.034482356160879135,2348,-16.83240352,0.01,150.0
6762,47000,2350,6,-2.0189738273620605,0.1511894315481186,0.0003,0.9793572425842285,0.05347756668925285,2349,-16.83240352,0.01,150.0
6763,47020,2351,6,-2.029362678527832,0.2912687361240387,0.0003,0.9711309671401978,-0.20916986465454102,2350,-16.83240352,0.01,150.0
6763,47040,2352,6,-2.0245704650878906,1.5245534181594849,0.0003,0.8181053400039673,1.0988928079605103,2351,-16.83240352,0.01,150.0
6763,47060,2353,6,-2.039026975631714,0.3816095292568207,0.0003,0.9533877968788147,0.33419567346572876,2352,-16.83240352,0.01,150.0
6764,47080,2354,6,-2.0489068031311035,0.12774303555488586,0.0003,0.9804795980453491,0.03755968064069748,2353,-16.83240352,0.01,150.0
6764,47100,2355,6,-2.0634570121765137,0.9495941996574402,0.0003,0.8517128825187683,0.5164698362350464,2354,-16.83240352,0.01,150.0
6765,47120,2356,6,-2.074901819229126,0.0946652889251709,0.0003,0.9894718527793884,-0.2652914822101593,2355,-16.83240352,0.01,150.0
6765,47140,2357,6,-2.088275909423828,1.1589909791946411,0.0003,0.7917000651359558,0.5169426202774048,2356,-16.83240352,0.01,150.0
6765,47160,2358,6,-2.090202808380127,0.11514967679977417,0.0003,0.978374183177948,-0.11978838592767715,2357,-16.83240352,0.01,150.0
6766,47180,2359,6,-2.0773813724517822,0.17283926904201508,0.0003,0.970250129699707,0.29491758346557617,2358,-16.83240352,0.01,150.0
6766,47200,2360,6,-2.07244610786438,0.5916064381599426,0.0003,0.8959534168243408,0.23047403991222382,2359,-16.83240352,0.01,150.0
6767,47220,2361,6,-2.067105293273926,0.2017560452222824,0.0003,0.9605847001075745,-0.45180702209472656,2360,-16.83240352,0.01,150.0
6767,47240,2362,6,-2.0703842639923096,0.096302330493927,0.0003,0.9916211366653442,-0.47916674613952637,2361,-16.83240352,0.01,150.0
6768,47260,2363,6,-2.0869946479797363,0.06889690458774567,0.0003,0.9870385527610779,-0.33018913865089417,2362,-16.83240352,0.01,150.0
6768,47280,2364,6,-2.092489719390869,0.09403964132070541,0.0003,0.9744303226470947,-0.3575436770915985,2363,-16.83240352,0.01,150.0
6768,47300,2365,6,-2.092334747314453,0.15134720504283905,0.0003,0.9352269768714905,-0.5146642923355103,2364,-16.83240352,0.01,150.0
6769,47320,2366,6,-2.102527141571045,0.051702044904232025,0.0003,0.9569118022918701,-0.2002038061618805,2365,-16.83240352,0.01,150.0
6769,47340,2367,6,-2.0957348346710205,0.14917120337486267,0.0003,0.8724157810211182,-0.28018030524253845,2366,-16.83240352,0.01,150.0
6770,47360,2368,6,-2.098789691925049,0.13680635392665863,0.0003,0.8446745872497559,0.06372103840112686,2367,-16.83240352,0.01,150.0
6770,47380,2369,6,-2.1033997535705566,0.07926668971776962,0.0003,0.9074808359146118,-0.35362428426742554,2368,-16.83240352,0.01,150.0
6770,47400,2370,7,-2.1111788749694824,0.025128547102212906,0.0003,0.9324100613594055,-0.1616089791059494,2369,-16.44625037,0.01,150.0
6771,47420,2371,7,-2.1119396686553955,0.054293204098939896,0.0003,0.8380222320556641,-0.3509712815284729,2370,-16.44625037,0.01,150.0
6771,47440,2372,7,-1.9304450750350952,0.10518187284469604,0.0003,0.9170586466789246,-0.3649098873138428,2371,-16.44625037,0.01,150.0
6771,47460,2373,7,-1.9398128986358643,0.16458407044410706,0.0003,0.9078083038330078,-0.2444305419921875,2372,-16.44625037,0.01,150.0
6772,47480,2374,7,-1.9421703815460205,0.050424426794052124,0.0003,0.9662573933601379,-0.052723221480846405,2373,-16.44625037,0.01,150.0
6772,47500,2375,7,-1.9450371265411377,0.046855710446834564,0.0003,0.9882659316062927,0.28459542989730835,2374,-16.44625037,0.01,150.0
6773,47520,2376,7,-1.9473762512207031,0.12202902138233185,0.0003,0.960004448890686,0.49097126722335815,2375,-16.44625037,0.01,150.0
6773,47540,2377,7,-1.9585208892822266,0.10736078023910522,0.0003,0.9690524935722351,0.22667419910430908,2376,-16.44625037,0.01,150.0
6773,47560,2378,7,-1.9670274257659912,0.13962283730506897,0.0003,0.9596152901649475,-0.03261585533618927,2377,-16.44625037,0.01,150.0
6774,47580,2379,7,-1.9707533121109009,0.4093237817287445,0.0003,0.9109527468681335,0.39045119285583496,2378,-16.44625037,0.01,150.0
6774,47600,2380,7,-1.9737342596054077,1.0021488666534424,0.0003,0.780985414981842,1.1895618438720703,2379,-16.44625037,0.01,150.0
6775,47620,2381,7,-1.9675748348236084,2.560720920562744,0.0003,0.6032174825668335,1.1071468591690063,2380,-16.44625037,0.01,150.0
6775,47640,2382,7,-1.9886754751205444,0.42781105637550354,0.0003,0.9318355917930603,0.4782475531101227,2381,-16.44625037,0.01,150.0
6775,47660,2383,7,-1.9957046508789062,0.2397928684949875,0.0003,0.9702620506286621,0.09531636536121368,2382,-16.44625037,0.01,150.0
6776,47680,2384,7,-1.9962654113769531,0.08210276067256927,0.0003,0.989539623260498,-0.12961432337760925,2383,-16.44625037,0.01,150.0
6776,47700,2385,7,-2.0007243156433105,0.13071808218955994,0.0003,0.9868557453155518,-0.40605559945106506,2384,-16.44625037,0.01,150.0
6777,47720,2386,7,-2.011131763458252,0.12813009321689606,0.0003,0.9781355857849121,-0.21337971091270447,2385,-16.44625037,0.01,150.0
6777,47740,2387,7,-2.011411190032959,1.7674157619476318,0.0003,0.5430876016616821,0.6168314218521118,2386,-16.44625037,0.01,150.0
6777,47760,2388,7,-2.000859498977661,0.4176420271396637,0.0003,0.8349134922027588,-0.20634405314922333,2387,-16.44625037,0.01,150.0
6778,47780,2389,7,-2.0111663341522217,0.14239393174648285,0.0003,0.9339677095413208,-0.47211915254592896,2388,-16.44625037,0.01,150.0
6778,47800,2390,7,-1.9942556619644165,0.06648342311382294,0.0003,0.9331173896789551,-0.09539380669593811,2389,-16.44625037,0.01,150.0
6779,47820,2391,7,-2.0226430892944336,0.156961590051651,0.0003,0.8437015414237976,-0.5346519351005554,2390,-16.44625037,0.01,150.0
6779,47840,2392,7,-2.036384105682373,0.09357740730047226,0.0003,0.8772958517074585,-0.4465719163417816,2391,-16.44625037,0.01,150.0
6780,47860,2393,7,-2.0503158569335938,0.07431172579526901,0.0003,0.8116666674613953,-0.4206342101097107,2392,-16.44625037,0.01,150.0
6780,47880,2394,7,-2.0526022911071777,0.08380122482776642,0.0003,0.7196080684661865,-0.3795166313648224,2393,-16.44625037,0.01,150.0
6780,47900,2395,7,-2.0686662197113037,0.04816247895359993,0.0003,0.774229109287262,-0.2771853804588318,2394,-16.44625037,0.01,150.0
6781,47920,2396,7,-2.0701546669006348,0.10723893344402313,0.0003,0.7229642868041992,-0.493722528219223,2395,-16.44625037,0.01,150.0
6781,47940,2397,7,-2.0940308570861816,0.07843464612960815,0.0003,0.6125837564468384,-0.2720519006252289,2396,-16.44625037,0.01,150.0
6782,47960,2398,7,-2.1156020164489746,0.08118788152933121,0.0003,0.6203114986419678,-0.32930728793144226,2397,-16.44625037,0.01,150.0
6782,47980,2399,7,-2.1184115409851074,0.16538295149803162,0.0003,0.5288375616073608,-0.10712981224060059,2398,-16.44625037,0.01,150.0
6782,48000,2400,7,-2.1355926990509033,0.2626038193702698,0.0003,0.40924352407455444,-0.15567822754383087,2399,-16.43376631,0.01,150.0
6783,48020,2401,7,-2.1246449947357178,1.8105144500732422,0.0003,0.29159045219421387,0.8469420671463013,2400,-16.43376631,0.01,150.0
6783,48040,2402,7,-1.944681167602539,0.26111048460006714,0.0003,0.8949048519134521,-0.12408957630395889,2401,-16.43376631,0.01,150.0
6783,48060,2403,7,-1.9490360021591187,0.4076545238494873,0.0003,0.916113555431366,0.430442750453949,2402,-16.43376631,0.01,150.0
6784,48080,2404,7,-1.9608345031738281,0.2451181709766388,0.0003,0.9737946391105652,-0.45281022787094116,2403,-16.43376631,0.01,150.0
6784,48100,2405,7,-1.9715334177017212,1.1332577466964722,0.0003,0.859115481376648,0.7453668713569641,2404,-16.43376631,0.01,150.0
6785,48120,2406,7,-1.9697269201278687,0.747338593006134,0.0003,0.9312210083007812,0.6264728903770447,2405,-16.43376631,0.01,150.0
6785,48140,2407,7,-1.982246994972229,0.17461076378822327,0.0003,0.988852322101593,-0.4815200865268707,2406,-16.43376631,0.01,150.0
6786,48160,2408,7,-1.9940341711044312,0.13830414414405823,0.0003,0.986550509929657,-0.09758789837360382,2407,-16.43376631,0.01,150.0
6786,48180,2409,7,-2.0136632919311523,0.13291814923286438,0.0003,0.9902844429016113,-0.36099034547805786,2408,-16.43376631,0.01,150.0
6786,48200,2410,7,-2.026728391647339,0.044273924082517624,0.0003,0.9941052794456482,0.01905994489789009,2409,-16.43376631,0.01,150.0
6787,48220,2411,7,-2.0336804389953613,0.11121129989624023,0.0003,0.9900290966033936,0.2272016555070877,2410,-16.43376631,0.01,150.0
6787,48240,2412,7,-2.030465602874756,0.2317746877670288,0.0003,0.9764814376831055,-0.25344452261924744,2411,-16.43376631,0.01,150.0
6788,48260,2413,7,-2.0415117740631104,0.06801705062389374,0.0003,0.9921830892562866,0.22843214869499207,2412,-16.43376631,0.01,150.0
6788,48280,2414,7,-2.047067642211914,0.17736513912677765,0.0003,0.987101674079895,0.5875493884086609,2413,-16.43376631,0.01,150.0
6788,48300,2415,7,-2.047367811203003,0.11528615653514862,0.0003,0.9875051975250244,0.3064405620098114,2414,-16.43376631,0.01,150.0
6789,48320,2416,7,-2.048415184020996,1.7796871662139893,0.0003,0.8848985433578491,1.313002347946167,2415,-16.43376631,0.01,150.0
6789,48340,2417,7,-2.040334701538086,0.735319972038269,0.0003,0.9556160569190979,1.0809062719345093,2416,-16.43376631,0.01,150.0
6790,48360,2418,7,-2.052030086517334,1.206167221069336,0.0003,0.8827420473098755,1.0057127475738525,2417,-16.43376631,0.01,150.0
6790,48380,2419,7,-2.0521819591522217,0.9606510400772095,0.0003,0.9176845550537109,0.9526030421257019,2418,-16.43376631,0.01,150.0
6790,48400,2420,7,-2.0457699298858643,0.5643635392189026,0.0003,0.9289672374725342,0.01772390305995941,2419,-16.43376631,0.01,150.0
6791,48420,2421,7,-2.0483498573303223,0.01895606890320778,0.0003,0.9976307153701782,-0.03626806288957596,2420,-16.43376631,0.01,150.0
6791,48440,2422,7,-2.0575146675109863,0.1287313997745514,0.0003,0.9798911213874817,0.26446467638015747,2421,-16.43376631,0.01,150.0
6791,48460,2423,7,-2.0560531616210938,0.3947303891181946,0.0003,0.9151751399040222,0.10899945348501205,2422,-16.43376631,0.01,150.0
6792,48480,2424,7,-2.0437495708465576,0.6492801904678345,0.0003,0.7736772894859314,-0.24648502469062805,2423,-16.43376631,0.01,150.0
6792,48500,2425,7,-2.049208164215088,0.5348435044288635,0.0003,0.6205592751502991,0.32735905051231384,2424,-16.43376631,0.01,150.0
6793,48520,2426,7,-2.038437843322754,0.278629869222641,0.0003,0.6876379251480103,-0.1359182447195053,2425,-16.43376631,0.01,150.0
6793,48540,2427,7,-2.05407977104187,0.1694362759590149,0.0003,0.7776119112968445,0.2312088906764984,2426,-16.43376631,0.01,150.0
6793,48560,2428,7,-2.046746015548706,0.11047859489917755,0.0003,0.7858450412750244,0.009138730354607105,2427,-16.43376631,0.01,150.0
6794,48580,2429,7,-2.0652928352355957,0.1190948486328125,0.0003,0.7354106903076172,0.1421332210302353,2428,-16.43376631,0.01,150.0
6793,48600,2430,7,-2.053626775741577,0.03063168004155159,0.0003,0.9231739640235901,-0.02484220825135708,2429,-16.06357579,0.01,150.0
6793,48620,2431,7,-2.0544095039367676,0.0838790237903595,0.0003,0.7909250259399414,-0.14627037942409515,2430,-16.06357579,0.01,150.0
6793,48640,2432,7,-1.9311069250106812,0.14646314084529877,0.0003,0.8339811563491821,-0.03177250549197197,2431,-16.06357579,0.01,150.0
6792,48660,2433,7,-1.9353911876678467,0.0751984491944313,0.0003,0.9044638276100159,0.010094662196934223,2432,-16.06357579,0.01,150.0
6792,48680,2434,7,-1.9337215423583984,1.27336585521698,0.0003,0.6176342964172363,0.5267311334609985,2433,-16.06357579,0.01,150.0
6793,48700,2435,7,-1.9334030151367188,0.31567907333374023,0.0003,0.9126973152160645,0.23553447425365448,2434,-16.06357579,0.01,150.0
6793,48720,2436,7,-1.9372920989990234,0.6819975972175598,0.0003,0.9160038828849792,0.3116425573825836,2435,-16.06357579,0.01,150.0
6793,48740,2437,7,-1.9382232427597046,0.14439615607261658,0.0003,0.9862442016601562,-0.28325319290161133,2436,-16.06357579,0.01,150.0
6794,48760,2438,7,-1.935662031173706,0.2493123561143875,0.0003,0.984419047832489,-0.6092608571052551,2437,-16.06357579,0.01,150.0
6794,48780,2439,7,-1.942950963973999,0.09611735492944717,0.0003,0.9950235486030579,-0.47388434410095215,2438,-16.06357579,0.01,150.0
6795,48800,2440,7,-1.9442386627197266,0.04015611857175827,0.0003,0.9951827526092529,0.03476947173476219,2439,-16.06357579,0.01,150.0
6795,48820,2441,7,-1.9536018371582031,0.08218815922737122,0.0003,0.986565887928009,-0.10583504289388657,2440,-16.06357579,0.01,150.0
6795,48840,2442,7,-1.9518134593963623,0.1292223334312439,0.0003,0.969531238079071,-0.02633029595017433,2441,-16.06357579,0.01,150.0
6796,48860,2443,7,-1.9570629596710205,0.027878180146217346,0.0003,0.9921067953109741,0.12583087384700775,2442,-16.06357579,0.01,150.0
6796,48880,2444,7,-1.9754762649536133,0.7142442464828491,0.0003,0.6093194484710693,0.3968580365180969,2443,-16.06357579,0.01,150.0
6796,48900,2445,7,-1.967461347579956,1.5690290927886963,0.0003,0.4661986827850342,0.44981127977371216,2444,-16.06357579,0.01,150.0
6797,48920,2446,7,-1.9720280170440674,0.02224457636475563,0.0003,0.986024796962738,-0.07410089671611786,2445,-16.06357579,0.01,150.0
6797,48940,2447,7,-1.964773178100586,0.043959639966487885,0.0003,0.9871436953544617,-0.28503456711769104,2446,-16.06357579,0.01,150.0
6797,48960,2448,7,-1.9723918437957764,0.033977773040533066,0.0003,0.9713038802146912,0.10739560425281525,2447,-16.06357579,0.01,150.0
6798,48980,2449,7,-1.9933273792266846,0.07669694721698761,0.0003,0.9539231061935425,-0.19369755685329437,2448,-16.06357579,0.01,150.0
6798,49000,2450,7,-1.9953575134277344,0.04449815675616264,0.0003,0.9652981758117676,-0.07762821018695831,2449,-16.06357579,0.01,150.0
6798,49020,2451,7,-1.9668941497802734,0.09118640422821045,0.0003,0.9453177452087402,-0.006389132235199213,2450,-16.06357579,0.01,150.0
6799,49040,2452,7,-1.9968616962432861,0.16540420055389404,0.0003,0.9156126976013184,-0.1465449184179306,2451,-16.06357579,0.01,150.0
6799,49060,2453,7,-2.017608165740967,0.067520871758461,0.0003,0.9482555985450745,-0.08151961117982864,2452,-16.06357579,0.01,150.0
6799,49080,2454,7,-2.009877920150757,0.04408097267150879,0.0003,0.9704598188400269,-0.245435431599617,2453,-16.06357579,0.01,150.0
6800,49100,2455,7,-2.0145511627197266,0.0851828008890152,0.0003,0.9281483292579651,-0.25138843059539795,2454,-16.06357579,0.01,150.0
6800,49120,2456,7,-2.0329155921936035,0.175075501203537,0.0003,0.8170844316482544,0.1453363299369812,2455,-16.06357579,0.01,150.0
6800,49140,2457,7,-2.0353004932403564,0.03624797612428665,0.0003,0.9417794942855835,-0.021936092525720596,2456,-16.06357579,0.01,150.0
6801,49160,2458,7,-2.0472664833068848,0.10149820148944855,0.0003,0.8784494400024414,-0.1369665563106537,2457,-16.06357579,0.01,150.0
6801,49180,2459,7,-2.046344518661499,0.046927355229854584,0.0003,0.9311085343360901,-0.07124026119709015,2458,-16.06357579,0.01,150.0
6801,49200,2460,7,-2.057961940765381,0.0893959254026413,0.0003,0.8929691910743713,0.11932206153869629,2459,-16.014592859999997,0.01,150.0
6802,49220,2461,7,-2.070918321609497,0.07375353574752808,0.0003,0.8924614191055298,-0.029259150847792625,2460,-16.014592859999997,0.01,150.0
6802,49240,2462,7,-1.9499527215957642,0.3595961034297943,0.0003,0.7209864854812622,-0.33433055877685547,2461,-16.014592859999997,0.01,150.0
6803,49260,2463,7,-1.9524790048599243,0.1895734965801239,0.0003,0.8827905058860779,-0.2758862376213074,2462,-16.014592859999997,0.01,150.0
6803,49280,2464,7,-1.9478635787963867,0.1330106258392334,0.0003,0.9504014253616333,-0.5635275840759277,2463,-16.014592859999997,0.01,150.0
6803,49300,2465,7,-1.9514579772949219,0.5200838446617126,0.0003,-1.6310539245605469,-0.2825138568878174,2464,-16.014592859999997,0.01,150.0
6803,49320,2466,7,-1.9527044296264648,1.3607722520828247,0.0003,0.4072038531303406,0.16927582025527954,2465,-16.014592859999997,0.01,150.0
6803,49340,2467,7,-1.9590801000595093,0.2075292319059372,0.0003,0.9200282096862793,-0.26697269082069397,2466,-16.014592859999997,0.01,150.0
6802,49360,2468,7,-1.9690911769866943,0.1920732855796814,0.0003,0.9833903908729553,-0.7406554222106934,2467,-16.014592859999997,0.01,150.0
6802,49380,2469,7,-1.976244568824768,1.2954082489013672,0.0003,0.35795873403549194,0.6228708624839783,2468,-16.014592859999997,0.01,150.0
6802,49400,2470,7,-1.9826492071151733,0.12392526865005493,0.0003,0.9572417140007019,-0.36310330033302307,2469,-16.014592859999997,0.01,150.0
6801,49420,2471,7,-1.9906389713287354,0.12419364601373672,0.0003,0.9407205581665039,-0.3858720362186432,2470,-16.014592859999997,0.01,150.0
6801,49440,2472,7,-1.9888404607772827,0.19821205735206604,0.0003,0.876221239566803,0.43357935547828674,2471,-16.014592859999997,0.01,150.0
6800,49460,2473,7,-2.002751111984253,0.11809438467025757,0.0003,0.9035298824310303,0.06776465475559235,2472,-16.014592859999997,0.01,150.0
6799,49480,2474,7,-1.9796088933944702,1.6968097686767578,0.0003,0.13499754667282104,1.3487279415130615,2473,-16.014592859999997,0.01,150.0
6798,49500,2475,7,-1.9857628345489502,0.3446769118309021,0.0003,0.8290778398513794,0.5086086988449097,2474,-16.014592859999997,0.01,150.0
6797,49520,2476,7,-2.0040104389190674,0.10118987411260605,0.0003,0.8877900838851929,0.20228877663612366,2475,-16.014592859999997,0.01,150.0
6797,49540,2477,7,-1.9955508708953857,0.3633645176887512,0.0003,0.8406015634536743,0.9524306058883667,2476,-16.014592859999997,0.01,150.0
6798,49560,2478,7,-1.9963537454605103,0.12549243867397308,0.0003,0.8922561407089233,0.12384583055973053,2477,-16.014592859999997,0.01,150.0
6798,49580,2479,7,-1.9935814142227173,0.05025797337293625,0.0003,0.938980758190155,-0.10510507971048355,2478,-16.014592859999997,0.01,150.0
6798,49600,2480,7,-2.0076727867126465,0.303386926651001,0.0003,0.5037200450897217,0.12627705931663513,2479,-16.014592859999997,0.01,150.0
6798,49620,2481,7,-2.02144193649292,0.2482827603816986,0.0003,0.4900323152542114,0.1921805739402771,2480,-16.014592859999997,0.01,150.0
6798,49640,2482,7,-2.045635938644409,0.06811107695102692,0.0003,0.8353387117385864,0.09427214413881302,2481,-16.014592859999997,0.01,150.0
6798,49660,2483,7,-2.084907054901123,0.024210277944803238,0.0003,0.9075794219970703,0.014332992024719715,2482,-16.014592859999997,0.01,150.0
6799,49680,2484,7,-2.0728964805603027,0.1074286550283432,0.0003,0.8078935742378235,-0.5333545804023743,2483,-16.014592859999997,0.01,150.0
6799,49700,2485,7,-2.08100962638855,0.0901627317070961,0.0003,0.4402899146080017,-0.35358715057373047,2484,-16.014592859999997,0.01,150.0
6799,49720,2486,7,-2.0909061431884766,0.0513087697327137,0.0003,0.6318480372428894,-0.37251347303390503,2485,-16.014592859999997,0.01,150.0
6800,49740,2487,7,-2.0958080291748047,0.07178375869989395,0.0003,0.5199865698814392,-0.46681633591651917,2486,-16.014592859999997,0.01,150.0
6800,49760,2488,7,-2.1052887439727783,0.19261890649795532,0.0003,-0.0874030590057373,0.0031903416384011507,2487,-16.014592859999997,0.01,150.0
6800,49780,2489,7,-2.0833752155303955,0.04139082506299019,0.0003,0.3856196999549866,-0.35826218128204346,2488,-16.014592859999997,0.01,150.0
6800,49800,2490,7,-2.089850664138794,0.07669100910425186,0.0003,0.2906857132911682,-0.47155046463012695,2489,-16.04834288,0.01,150.0
6801,49820,2491,7,-2.097512722015381,0.03174740448594093,0.0003,0.11012077331542969,-0.24221906065940857,2490,-16.04834288,0.01,150.0
6801,49840,2492,7,-1.8993170261383057,0.23158136010169983,0.0003,0.887286901473999,0.5277301669120789,2491,-16.04834288,0.01,150.0
6801,49860,2493,7,-1.9105548858642578,0.04152201861143112,0.0003,0.9697248935699463,-0.1355230212211609,2492,-16.04834288,0.01,150.0
6802,49880,2494,7,-1.914183259010315,0.15795817971229553,0.0003,0.923438310623169,-0.5112942457199097,2493,-16.04834288,0.01,150.0
6802,49900,2495,7,-1.9187771081924438,0.5241581201553345,0.0003,0.8441162109375,0.05904991179704666,2494,-16.04834288,0.01,150.0
6802,49920,2496,7,-1.9217312335968018,0.9020915031433105,0.0003,0.9063550233840942,1.0959508419036865,2495,-16.04834288,0.01,150.0
6803,49940,2497,7,-1.919000267982483,0.49499282240867615,0.0003,0.9519432783126831,0.6388433575630188,2496,-16.04834288,0.01,150.0
6803,49960,2498,7,-1.9231765270233154,1.793810248374939,0.0003,0.8444249033927917,1.4561598300933838,2497,-16.04834288,0.01,150.0
6804,49980,2499,7,-1.9237407445907593,0.5538531541824341,0.0003,0.9449995160102844,-0.4655938744544983,2498,-16.04834288,0.01,150.0
6799,50000,2500,7,-1.928684949874878,0.1700068712234497,0.0003,0.9863136410713196,-0.11718158423900604,2499,-16.04834288,0.01,150.0
6798,50020,2501,7,-1.9481210708618164,2.188830614089966,0.0003,0.8804268836975098,1.092037558555603,2500,-16.04834288,0.01,150.0
6799,50040,2502,7,-1.9568002223968506,0.9738483428955078,0.0003,0.9630547165870667,0.47613781690597534,2501,-16.04834288,0.01,150.0
6799,50060,2503,7,-1.9556868076324463,0.9149656295776367,0.0003,0.9729230403900146,0.5385652780532837,2502,-16.04834288,0.01,150.0
6800,50080,2504,7,-1.9586519002914429,0.268137663602829,0.0003,0.9927658438682556,-0.30652517080307007,2503,-16.04834288,0.01,150.0
6800,50100,2505,7,-1.9687163829803467,0.24084129929542542,0.0003,0.9924796223640442,-0.055648766458034515,2504,-16.04834288,0.01,150.0
6800,50120,2506,7,-1.9697834253311157,0.2615463137626648,0.0003,0.9951589703559875,-0.506041407585144,2505,-16.04834288,0.01,150.0
6801,50140,2507,7,-1.964050531387329,0.19326862692832947,0.0003,0.9975754618644714,-0.46913662552833557,2506,-16.04834288,0.01,150.0
6801,50160,2508,7,-1.9894592761993408,0.21629884839057922,0.0003,0.9954573512077332,-0.09613223373889923,2507,-16.04834288,0.01,150.0
6802,50180,2509,7,-2.01115083694458,0.2589200437068939,0.0003,0.9973339438438416,-0.7376751899719238,2508,-16.04834288,0.01,150.0
6802,50200,2510,7,-2.0234901905059814,0.28543028235435486,0.0003,0.9942416548728943,0.2384200096130371,2509,-16.04834288,0.01,150.0
6802,50220,2511,7,-2.019495964050293,0.1397993564605713,0.0003,0.9972951412200928,-0.13063345849514008,2510,-16.04834288,0.01,150.0
6803,50240,2512,7,-2.038543224334717,0.09836967289447784,0.0003,0.9994441866874695,-0.46926409006118774,2511,-16.04834288,0.01,150.0
6803,50260,2513,7,-2.044764995574951,0.07028786838054657,0.0003,0.9986520409584045,-0.14647650718688965,2512,-16.04834288,0.01,150.0
6804,50280,2514,7,-2.0512208938598633,0.02519604191184044,0.0003,0.9996867179870605,-0.16729441285133362,2513,-16.04834288,0.01,150.0
6804,50300,2515,7,-2.0713977813720703,0.05788037180900574,0.0003,0.999448299407959,-0.35119542479515076,2514,-16.04834288,0.01,150.0
6805,50320,2516,7,-2.0750396251678467,0.07043936848640442,0.0003,0.9989791512489319,-0.19969995319843292,2515,-16.04834288,0.01,150.0
6805,50340,2517,7,-2.0934436321258545,0.0470602922141552,0.0003,0.99919593334198,-0.0017870813608169556,2516,-16.04834288,0.01,150.0
6805,50360,2518,7,-2.100792407989502,0.03625372797250748,0.0003,0.9997782111167908,-0.272808313369751,2517,-16.04834288,0.01,150.0
6806,50380,2519,7,-2.1123862266540527,0.022569213062524796,0.0003,0.9996298551559448,-0.09113214164972305,2518,-16.04834288,0.01,150.0
6806,50400,2520,7,-2.1128811836242676,0.014537915587425232,0.0003,0.9998209476470947,-0.1387181282043457,2519,-15.858563189999998,0.02,150.0
6806,50420,2521,7,-2.122620105743408,5.875128746032715,0.0003,0.9513800740242004,2.6425368785858154,2520,-15.858563189999998,0.02,150.0
6807,50440,2522,7,-1.9499969482421875,0.22314324975013733,0.0003,0.89851975440979,-0.548481822013855,2521,-15.858563189999998,0.02,150.0
6807,50460,2523,7,-1.9526914358139038,0.3845424950122833,0.0003,0.9255960583686829,-0.8764449954032898,2522,-15.858563189999998,0.02,150.0
6808,50480,2524,7,-1.9542392492294312,0.7352629899978638,0.0003,0.8827671408653259,-0.7189170718193054,2523,-15.858563189999998,0.02,150.0
6808,50500,2525,7,-1.951453447341919,1.3944181203842163,0.0003,0.5627378225326538,-0.854241669178009,2524,-15.858563189999998,0.02,150.0
6808,50520,2526,7,-1.9570591449737549,0.7404047846794128,0.0003,0.8655338287353516,-0.9170042276382446,2525,-15.858563189999998,0.02,150.0
6809,50540,2527,7,-1.9688427448272705,0.12505170702934265,0.0003,0.974403977394104,-0.4085863530635834,2526,-15.858563189999998,0.02,150.0
6809,50560,2528,7,-1.9682681560516357,0.22691583633422852,0.0003,0.9795102477073669,0.7847917675971985,2527,-15.858563189999998,0.02,150.0
6809,50580,2529,7,-1.9789154529571533,0.0990772396326065,0.0003,0.9711406826972961,-0.3361833989620209,2528,-15.858563189999998,0.02,150.0
6810,50600,2530,7,-1.974901556968689,0.2408502995967865,0.0003,0.8538334369659424,0.1940125972032547,2529,-15.858563189999998,0.02,150.0
6810,50620,2531,7,-1.9632961750030518,0.17906613647937775,0.0003,0.9446885585784912,-0.5352999567985535,2530,-15.858563189999998,0.02,150.0
6811,50640,2532,7,-1.9752893447875977,0.18740931153297424,0.0003,0.9247337579727173,-0.13158950209617615,2531,-15.858563189999998,0.02,150.0
6811,50660,2533,7,-1.981122612953186,0.4039897918701172,0.0003,0.9276389479637146,0.6572169065475464,2532,-15.858563189999998,0.02,150.0
6811,50680,2534,7,-1.9868764877319336,0.4049820899963379,0.0003,0.6781553030014038,0.0023066282738000154,2533,-15.858563189999998,0.02,150.0
6812,50700,2535,7,-1.973686933517456,1.6314136981964111,0.0003,-0.1242218017578125,1.5395281314849854,2534,-15.858563189999998,0.02,150.0
6812,50720,2536,7,-1.9858440160751343,0.03526686131954193,0.0003,0.9653459191322327,-0.028048163279891014,2535,-15.858563189999998,0.02,150.0
6812,50740,2537,7,-1.976987600326538,1.0968101024627686,0.0003,0.7116736769676208,1.3151881694793701,2536,-15.858563189999998,0.02,150.0
6813,50760,2538,7,-1.9851105213165283,0.7137522101402283,0.0003,0.45987582206726074,0.9600604176521301,2537,-15.858563189999998,0.02,150.0
6813,50780,2539,7,-1.9956833124160767,0.7858439683914185,0.0003,0.7969201803207397,0.7143235206604004,2538,-15.858563189999998,0.02,150.0
6814,50800,2540,7,-2.004695177078247,0.09189505875110626,0.0003,0.9566729664802551,-0.2953105568885803,2539,-15.858563189999998,0.02,150.0
6814,50820,2541,7,-2.010565757751465,0.02545926533639431,0.0003,0.9873753786087036,-0.1592782735824585,2540,-15.858563189999998,0.02,150.0
6814,50840,2542,7,-2.001612424850464,0.04225333034992218,0.0003,0.9881902933120728,-0.30918779969215393,2541,-15.858563189999998,0.02,150.0
6815,50860,2543,7,-2.0366973876953125,0.02472236007452011,0.0003,0.9532032608985901,-0.032630737870931625,2542,-15.858563189999998,0.02,150.0
6815,50880,2544,7,-2.045820951461792,0.027287855744361877,0.0003,0.9306877851486206,-0.11283830553293228,2543,-15.858563189999998,0.02,150.0
6816,50900,2545,7,-2.0388951301574707,0.053738825023174286,0.0003,0.8855769038200378,-0.1836272031068802,2544,-15.858563189999998,0.02,150.0
6816,50920,2546,7,-2.0522208213806152,0.022761503234505653,0.0003,0.9354375600814819,-0.22710609436035156,2545,-15.858563189999998,0.02,150.0
6817,50940,2547,7,-2.063480854034424,0.03748583048582077,0.0003,0.6074926853179932,-0.3118959367275238,2546,-15.858563189999998,0.02,150.0
6817,50960,2548,7,-2.0699081420898438,0.018329987302422523,0.0003,0.2475857138633728,-0.11491694301366806,2547,-15.858563189999998,0.02,150.0
6817,50980,2549,7,-2.0964901447296143,0.04931635409593582,0.0003,0.28946590423583984,-0.3154813051223755,2548,-15.858563189999998,0.02,150.0
6817,51000,2550,7,-2.1253507137298584,0.05935124307870865,0.0003,0.05673980712890625,-0.42252111434936523,2549,-15.933346890000001,0.02,150.0
6818,51020,2551,7,-2.1413068771362305,0.016586709767580032,0.0003,0.05071765184402466,-0.17523379623889923,2550,-15.933346890000001,0.02,150.0
6818,51040,2552,7,-1.8736753463745117,0.07078414410352707,0.0003,0.9325469732284546,-0.06340320408344269,2551,-15.933346890000001,0.02,150.0
6818,51060,2553,7,-1.8860397338867188,0.16908900439739227,0.0003,0.9169685244560242,-0.22403883934020996,2552,-15.933346890000001,0.02,150.0
6819,51080,2554,7,-1.884328842163086,0.7439558506011963,0.0003,0.7894500494003296,0.2631564736366272,2553,-15.933346890000001,0.02,150.0
6819,51100,2555,7,-1.8755460977554321,0.21874769032001495,0.0003,0.9618440866470337,0.25739964842796326,2554,-15.933346890000001,0.02,150.0
6820,51120,2556,7,-1.8752644062042236,0.1547342985868454,0.0003,0.9846339821815491,-0.30114826560020447,2555,-15.933346890000001,0.02,150.0
6820,51140,2557,7,-1.8886569738388062,0.245644211769104,0.0003,0.9566375017166138,-0.5179373621940613,2556,-15.933346890000001,0.02,150.0
6820,51160,2558,7,-1.8974263668060303,0.13375917077064514,0.0003,0.9730010628700256,0.21853327751159668,2557,-15.933346890000001,0.02,150.0
6821,51180,2559,7,-1.8973827362060547,0.7920970916748047,0.0003,0.9306138753890991,0.8688220977783203,2558,-15.933346890000001,0.02,150.0
6821,51200,2560,7,-1.9075607061386108,0.8029477000236511,0.0003,0.944240927696228,0.926954448223114,2559,-15.933346890000001,0.02,150.0
6821,51220,2561,7,-1.9227148294448853,0.04637622833251953,0.0003,0.9980584979057312,-0.33388859033584595,2560,-15.933346890000001,0.02,150.0
6822,51240,2562,7,-1.9256503582000732,0.3714667856693268,0.0003,0.9288564324378967,-0.14438387751579285,2561,-15.933346890000001,0.02,150.0
6822,51260,2563,7,-1.9285157918930054,0.4024704098701477,0.0003,0.8986116051673889,0.3429005742073059,2562,-15.933346890000001,0.02,150.0
6823,51280,2564,7,-1.9406343698501587,0.22807888686656952,0.0003,0.9514145255088806,-0.4317871034145355,2563,-15.933346890000001,0.02,150.0
6823,51300,2565,7,-1.9671128988265991,0.7755261659622192,0.0003,0.7357123494148254,0.6822623610496521,2564,-15.933346890000001,0.02,150.0
6824,51320,2566,7,-1.985245943069458,0.048447247594594955,0.0003,0.9840894937515259,-0.22066672146320343,2565,-15.933346890000001,0.02,150.0
6824,51340,2567,7,-1.9727487564086914,0.06466946750879288,0.0003,0.978600263595581,0.15065757930278778,2566,-15.933346890000001,0.02,150.0
6824,51360,2568,7,-1.9943252801895142,0.06479334086179733,0.0003,0.9773011803627014,-0.09404254704713821,2567,-15.933346890000001,0.02,150.0
6825,51380,2569,7,-1.9846937656402588,0.16749073565006256,0.0003,0.9477769732475281,-0.43577104806900024,2568,-15.933346890000001,0.02,150.0
6825,51400,2570,7,-2.0149121284484863,1.016606330871582,0.0003,0.09512108564376831,0.5352889895439148,2569,-15.933346890000001,0.02,150.0
6826,51420,2571,7,-2.0233447551727295,0.021771078929305077,0.0003,0.9710404872894287,-0.15287181735038757,2570,-15.933346890000001,0.02,150.0
6826,51440,2572,7,-2.049442768096924,0.06129925325512886,0.0003,0.8973597884178162,-0.11868175119161606,2571,-15.933346890000001,0.02,150.0
6826,51460,2573,7,-2.0558009147644043,0.09891261905431747,0.0003,0.8064509034156799,0.2607395052909851,2572,-15.933346890000001,0.02,150.0
6827,51480,2574,7,-2.0793771743774414,0.03916742652654648,0.0003,0.7676894068717957,-0.037557683885097504,2573,-15.933346890000001,0.02,150.0
6827,51500,2575,7,-2.0773367881774902,0.011422431096434593,0.0003,0.8752259016036987,-0.06978603452444077,2574,-15.933346890000001,0.02,150.0
6828,51520,2576,7,-2.104252815246582,0.039373062551021576,0.0003,0.620418906211853,-0.05425557494163513,2575,-15.933346890000001,0.02,150.0
6828,51540,2577,7,-2.1356284618377686,0.06716552376747131,0.0003,0.3689461946487427,-0.23298391699790955,2576,-15.933346890000001,0.02,150.0
6828,51560,2578,7,-2.154027223587036,0.018606482073664665,0.0003,0.33806002140045166,-0.08101658523082733,2577,-15.933346890000001,0.02,150.0
6829,51580,2579,7,-2.1671252250671387,0.026116739958524704,0.0003,0.21982359886169434,-0.10532565414905548,2578,-15.933346890000001,0.02,150.0
6829,51600,2580,7,-2.170626640319824,0.04123026877641678,0.0003,0.03964477777481079,0.0520220510661602,2579,-15.84329867,0.02,150.0
6829,51620,2581,7,-2.167767286300659,0.049642570316791534,0.0003,0.22040659189224243,0.09441610425710678,2580,-15.84329867,0.02,150.0
6830,51640,2582,7,-1.9339513778686523,0.1393125206232071,0.0003,0.8154008984565735,-0.42930975556373596,2581,-15.84329867,0.02,150.0
6830,51660,2583,7,-1.9493675231933594,0.36032938957214355,0.0003,0.7371509075164795,-0.5593785643577576,2582,-15.84329867,0.02,150.0
6830,51680,2584,7,-1.9533538818359375,0.18149232864379883,0.0003,0.8571058511734009,-0.39950865507125854,2583,-15.84329867,0.02,150.0
6831,51700,2585,7,-1.9676659107208252,0.5073283910751343,0.0003,0.7600688338279724,0.22415795922279358,2584,-15.84329867,0.02,150.0
6831,51720,2586,7,-1.9601598978042603,1.3259162902832031,0.0003,0.47654831409454346,0.885900616645813,2585,-15.84329867,0.02,150.0
6831,51740,2587,7,-1.9689439535140991,0.3388408124446869,0.0003,0.9109042882919312,0.2688926160335541,2586,-15.84329867,0.02,150.0
6832,51760,2588,7,-1.9812793731689453,0.3015057146549225,0.0003,0.9519844651222229,-0.24650785326957703,2587,-15.84329867,0.02,150.0
6832,51780,2589,7,-1.9812252521514893,0.11926069110631943,0.0003,0.9879917502403259,-0.4130170941352844,2588,-15.84329867,0.02,150.0
6833,51800,2590,7,-1.9935474395751953,0.2816016376018524,0.0003,0.972764253616333,0.5746039152145386,2589,-15.84329867,0.02,150.0
6833,51820,2591,7,-1.9849895238876343,1.348722219467163,0.0003,0.46422749757766724,0.08245763927698135,2590,-15.84329867,0.02,150.0
6833,51840,2592,7,-1.9768556356430054,0.2179686576128006,0.0003,0.9453719258308411,0.4576040208339691,2591,-15.84329867,0.02,150.0
6834,51860,2593,7,-1.9814306497573853,1.3982583284378052,0.0003,0.8491159677505493,1.481685996055603,2592,-15.84329867,0.02,150.0
6834,51880,2594,7,-1.996699571609497,0.24500465393066406,0.0003,0.9560880661010742,0.4183262288570404,2593,-15.84329867,0.02,150.0
6835,51900,2595,7,-1.9997453689575195,3.340184450149536,0.0003,-0.05688905715942383,2.1755332946777344,2594,-15.84329867,0.02,150.0
6835,51920,2596,7,-1.9956238269805908,0.07118652015924454,0.0003,0.9804061651229858,-0.16816052794456482,2595,-15.84329867,0.02,150.0
6835,51940,2597,7,-2.0054500102996826,0.4460534453392029,0.0003,0.8596082925796509,0.42603492736816406,2596,-15.84329867,0.02,150.0
6836,51960,2598,7,-2.0301120281219482,0.07151457667350769,0.0003,0.9877952337265015,-0.2845572233200073,2597,-15.84329867,0.02,150.0
6836,51980,2599,7,-2.0674755573272705,0.026681791990995407,0.0003,0.9938708543777466,-0.1845681220293045,2598,-15.84329867,0.02,150.0
6837,52000,2600,7,-2.053128719329834,0.25980037450790405,0.0003,0.947248637676239,0.42955225706100464,2599,-15.84329867,0.02,150.0
6837,52020,2601,7,-2.0511367321014404,0.3377167582511902,0.0003,0.8983790874481201,0.08461534231901169,2600,-15.84329867,0.02,150.0
6838,52040,2602,7,-2.0577552318573,0.1313759684562683,0.0003,0.9485090970993042,-0.20383092761039734,2601,-15.84329867,0.02,150.0
6838,52060,2603,7,-2.0836215019226074,0.05732763558626175,0.0003,0.9874889254570007,-0.4609714448451996,2602,-15.84329867,0.02,150.0
6838,52080,2604,7,-2.094557285308838,0.0307939350605011,0.0003,0.9888420701026917,-0.30669254064559937,2603,-15.84329867,0.02,150.0
6839,52100,2605,7,-2.0976951122283936,0.025597697123885155,0.0003,0.9643640518188477,-0.1373351514339447,2604,-15.84329867,0.02,150.0
6839,52120,2606,7,-2.120617151260376,0.07089485228061676,0.0003,0.9149542450904846,-0.3350139260292053,2605,-15.84329867,0.02,150.0
6840,52140,2607,7,-2.131056547164917,0.028594333678483963,0.0003,0.9374348521232605,-0.2621725797653198,2606,-15.84329867,0.02,150.0
6840,52160,2608,7,-2.138111114501953,0.055924754589796066,0.0003,0.7423679828643799,-0.2833818197250366,2607,-15.84329867,0.02,150.0
6840,52180,2609,7,-2.141483783721924,0.029716750606894493,0.0003,0.6859904527664185,-0.1567317098379135,2608,-15.84329867,0.02,150.0
6840,52200,2610,7,-2.1436424255371094,0.03349778801202774,0.0003,0.5433208346366882,-0.04462559521198273,2609,-15.824853789999999,0.02,150.0
6841,52220,2611,7,-2.157546281814575,0.1136646419763565,0.0003,0.18125683069229126,0.38317516446113586,2610,-15.824853789999999,0.02,150.0
6841,52240,2612,7,-1.9173377752304077,0.9618998765945435,0.0003,0.7573869228363037,-0.23981145024299622,2611,-15.824853789999999,0.02,150.0
6842,52260,2613,7,-1.922642707824707,0.1454351395368576,0.0003,0.9785888195037842,0.42204779386520386,2612,-15.824853789999999,0.02,150.0
6842,52280,2614,7,-1.9354110956192017,0.1635514795780182,0.0003,0.9863518476486206,-0.5057361125946045,2613,-15.824853789999999,0.02,150.0
6842,52300,2615,7,-1.94879150390625,0.1402270346879959,0.0003,0.9830886721611023,-0.16107814013957977,2614,-15.824853789999999,0.02,150.0
6843,52320,2616,7,-1.9562549591064453,1.0370144844055176,0.0003,0.9015041589736938,1.2430777549743652,2615,-15.824853789999999,0.02,150.0
6843,52340,2617,7,-1.9648624658584595,0.04436845704913139,0.0003,0.9944249391555786,0.10618077218532562,2616,-15.824853789999999,0.02,150.0
6843,52360,2618,7,-1.9653270244598389,0.06254158169031143,0.0003,0.9948290586471558,-0.2381642609834671,2617,-15.824853789999999,0.02,150.0
6844,52380,2619,7,-1.976488709449768,0.0826052650809288,0.0003,0.992816150188446,-0.2558221220970154,2618,-15.824853789999999,0.02,150.0
6844,52400,2620,7,-1.9852039813995361,0.18711237609386444,0.0003,0.9791737794876099,-0.30255910754203796,2619,-15.824853789999999,0.02,150.0
6844,52420,2621,7,-1.9990835189819336,0.2117551565170288,0.0003,0.969464123249054,-0.4197053015232086,2620,-15.824853789999999,0.02,150.0
6845,52440,2622,7,-2.012068748474121,0.18654616177082062,0.0003,0.9513631463050842,-0.3138957619667053,2621,-15.824853789999999,0.02,150.0
6845,52460,2623,7,-2.02325701713562,0.10618865489959717,0.0003,0.9712051153182983,-0.17243488132953644,2622,-15.824853789999999,0.02,150.0
6845,52480,2624,7,-2.0320322513580322,1.2476701736450195,0.0003,0.49003881216049194,1.0902096033096313,2623,-15.824853789999999,0.02,150.0
6846,52500,2625,7,-2.0377514362335205,0.10733959823846817,0.0003,0.9767649173736572,-0.3229866325855255,2624,-15.824853789999999,0.02,150.0
6846,52520,2626,7,-2.0510499477386475,0.06883478164672852,0.0003,0.9821807742118835,-0.1576661616563797,2625,-15.824853789999999,0.02,150.0
6847,52540,2627,7,-2.071349620819092,0.8340754508972168,0.0003,0.7287856340408325,0.6304951906204224,2626,-15.824853789999999,0.02,150.0
6847,52560,2628,7,-2.061476230621338,0.26932862401008606,0.0003,0.9139916300773621,0.2029462605714798,2627,-15.824853789999999,0.02,150.0
6848,52580,2629,7,-2.0766549110412598,0.1021551713347435,0.0003,0.9726482033729553,-0.041712094098329544,2628,-15.824853789999999,0.02,150.0
6848,52600,2630,7,-2.092686176300049,0.5294901728630066,0.0003,0.8696604371070862,0.7514060735702515,2629,-15.824853789999999,0.02,150.0
6848,52620,2631,7,-2.0998501777648926,0.01505243219435215,0.0003,0.9955829977989197,-0.025123020634055138,2630,-15.824853789999999,0.02,150.0
6849,52640,2632,7,-2.1047208309173584,0.09845857322216034,0.0003,0.9829633831977844,-0.4487858712673187,2631,-15.824853789999999,0.02,150.0
6849,52660,2633,7,-2.1085610389709473,0.04096151515841484,0.0003,0.9859797358512878,-0.245336651802063,2632,-15.824853789999999,0.02,150.0
6850,52680,2634,7,-2.116790294647217,0.05777565762400627,0.0003,0.9642135500907898,-0.24046576023101807,2633,-15.824853789999999,0.02,150.0
6849,52700,2635,7,-2.125256061553955,0.18998627364635468,0.0003,0.49939000606536865,0.38296693563461304,2634,-15.824853789999999,0.02,150.0
6849,52720,2636,7,-2.1213319301605225,0.011849135160446167,0.0003,0.9681477546691895,0.07590820640325546,2635,-15.824853789999999,0.02,150.0
6849,52740,2637,7,-2.1149978637695312,0.033470768481492996,0.0003,0.8831698298454285,0.004861169960349798,2636,-15.824853789999999,0.02,150.0
6849,52760,2638,7,-2.1139492988586426,0.11371272802352905,0.0003,0.7320156097412109,-0.46634048223495483,2637,-15.824853789999999,0.02,150.0
6850,52780,2639,7,-2.121159315109253,0.06648118793964386,0.0003,0.7479674220085144,-0.1963823288679123,2638,-15.824853789999999,0.02,150.0
6850,52800,2640,7,-2.1367952823638916,0.9185031056404114,0.0003,-0.05340456962585449,0.9437977075576782,2639,-15.894111310000001,0.02,150.0
6850,52820,2641,7,-2.141179323196411,0.5485538840293884,0.0003,-0.07059824466705322,0.5883935689926147,2640,-15.894111310000001,0.02,150.0
6850,52840,2642,7,-1.9320299625396729,0.5189895629882812,0.0003,0.3327518105506897,-0.2580854296684265,2641,-15.894111310000001,0.02,150.0
6851,52860,2643,7,-1.9365736246109009,0.4725759029388428,0.0003,0.6672571897506714,-0.29745787382125854,2642,-15.894111310000001,0.02,150.0
6851,52880,2644,7,-1.9376214742660522,0.4499312937259674,0.0003,0.8564010858535767,-0.5222395658493042,2643,-15.894111310000001,0.02,150.0
6851,52900,2645,7,-1.9605605602264404,0.5305951833724976,0.0003,0.8790735602378845,-0.20341487228870392,2644,-15.894111310000001,0.02,150.0
6852,52920,2646,7,-1.9569050073623657,0.47171783447265625,0.0003,0.9455652832984924,-0.3217567503452301,2645,-15.894111310000001,0.02,150.0
6852,52940,2647,7,-1.9753888845443726,0.1843349188566208,0.0003,0.9820380806922913,0.06659809499979019,2646,-15.894111310000001,0.02,150.0
6852,52960,2648,7,-1.9935798645019531,0.216739684343338,0.0003,0.9862933158874512,-0.3029399812221527,2647,-15.894111310000001,0.02,150.0
6853,52980,2649,7,-1.9969043731689453,0.8372113108634949,0.0003,0.9593266248703003,1.0225964784622192,2648,-15.894111310000001,0.02,150.0
6853,53000,2650,7,-2.000247001647949,1.222135305404663,0.0003,0.971074104309082,1.358748197555542,2649,-15.894111310000001,0.02,150.0
6853,53020,2651,7,-2.0063693523406982,0.4325934946537018,0.0003,0.9918854236602783,0.7960675358772278,2650,-15.894111310000001,0.02,150.0
6854,53040,2652,7,-2.0058932304382324,1.7526319026947021,0.0003,0.9530035257339478,1.033452033996582,2651,-15.894111310000001,0.02,150.0
6854,53060,2653,7,-2.0090785026550293,0.10456335544586182,0.0003,0.9961986541748047,-0.029299935325980186,2652,-15.894111310000001,0.02,150.0
6854,53080,2654,7,-2.0126731395721436,2.620368480682373,0.0003,0.8700917363166809,0.9646239280700684,2653,-15.894111310000001,0.02,150.0
6855,53100,2655,7,-2.0094027519226074,0.10197404772043228,0.0003,0.9938503503799438,0.14348168671131134,2654,-15.894111310000001,0.02,150.0
6855,53120,2656,7,-2.0024728775024414,0.26777297258377075,0.0003,0.9764178395271301,-0.20713481307029724,2655,-15.894111310000001,0.02,150.0
6855,53140,2657,7,-1.9981439113616943,0.21353468298912048,0.0003,0.9740972518920898,0.03179313987493515,2656,-15.894111310000001,0.02,150.0
6855,53160,2658,7,-2.016113758087158,0.013560356572270393,0.0003,0.9989596009254456,0.18435372412204742,2657,-15.894111310000001,0.02,150.0
6856,53180,2659,7,-2.047407388687134,1.1245023012161255,0.0003,0.8829871416091919,0.6833328008651733,2658,-15.894111310000001,0.02,150.0
6856,53200,2660,7,-2.0470783710479736,0.07810888439416885,0.0003,0.9929846525192261,0.30498820543289185,2659,-15.894111310000001,0.02,150.0
6856,53220,2661,7,-2.055466890335083,0.07114312052726746,0.0003,0.9920777082443237,0.1089920625090599,2660,-15.894111310000001,0.02,150.0
6857,53240,2662,7,-2.036261558532715,0.6328368782997131,0.0003,0.9593285918235779,1.189176321029663,2661,-15.894111310000001,0.02,150.0
6857,53260,2663,7,-2.0416769981384277,0.11546961963176727,0.0003,0.9857442378997803,-0.03163665160536766,2662,-15.894111310000001,0.02,150.0
6858,53280,2664,7,-2.0397603511810303,0.04538426920771599,0.0003,0.9955043792724609,0.22244307398796082,2663,-15.894111310000001,0.02,150.0
6858,53300,2665,7,-2.0438830852508545,0.10196356475353241,0.0003,0.9853034615516663,0.011840122751891613,2664,-15.894111310000001,0.02,150.0
6858,53320,2666,7,-2.036928176879883,1.3969738483428955,0.0003,0.7930745482444763,1.4271271228790283,2665,-15.894111310000001,0.02,150.0
6858,53340,2667,7,-2.033750534057617,0.03199627250432968,0.0003,0.9941756129264832,0.16706962883472443,2666,-15.894111310000001,0.02,150.0
6859,53360,2668,7,-2.052518844604492,0.14197809994220734,0.0003,0.9531657695770264,-0.0863097608089447,2667,-15.894111310000001,0.02,150.0
6859,53380,2669,7,-2.063425302505493,0.038646403700113297,0.0003,0.9828693866729736,0.12765178084373474,2668,-15.894111310000001,0.02,150.0
6859,53400,2670,7,-2.09148907661438,0.5055736303329468,0.0003,0.7113689184188843,0.39866793155670166,2669,-16.098990190000002,0.01,150.0
6860,53420,2671,7,-2.0957560539245605,0.02430630661547184,0.0003,0.9803505539894104,-0.07140295207500458,2670,-16.098990190000002,0.01,150.0
6860,53440,2672,7,-1.8637100458145142,0.3055397868156433,0.0003,0.6417046785354614,-0.2125064879655838,2671,-16.098990190000002,0.01,150.0
6860,53460,2673,7,-1.8748080730438232,0.0800713449716568,0.0003,0.8377242088317871,0.04752054810523987,2672,-16.098990190000002,0.01,150.0
6861,53480,2674,7,-1.9003212451934814,0.08724873512983322,0.0003,0.925011396408081,0.07709101587533951,2673,-16.098990190000002,0.01,150.0
6861,53500,2675,7,-1.9064037799835205,0.2394346445798874,0.0003,0.9355011582374573,-0.4991498589515686,2674,-16.098990190000002,0.01,150.0
6861,53520,2676,7,-1.9076464176177979,0.07956820726394653,0.0003,0.9847133755683899,0.3058916926383972,2675,-16.098990190000002,0.01,150.0
6862,53540,2677,7,-1.912864327430725,0.13342997431755066,0.0003,0.9720968008041382,-0.01458729524165392,2676,-16.098990190000002,0.01,150.0
6862,53560,2678,7,-1.9134429693222046,0.14239637553691864,0.0003,0.9727499485015869,0.2689436078071594,2677,-16.098990190000002,0.01,150.0
6862,53580,2679,7,-1.9209705591201782,0.14239972829818726,0.0003,0.9789432287216187,0.1549549400806427,2678,-16.098990190000002,0.01,150.0
6863,53600,2680,7,-1.9209232330322266,0.2968067526817322,0.0003,0.9703076481819153,0.12183968722820282,2679,-16.098990190000002,0.01,150.0
6863,53620,2681,7,-1.9389219284057617,0.2054673135280609,0.0003,0.9882748126983643,0.434867799282074,2680,-16.098990190000002,0.01,150.0
6863,53640,2682,7,-1.9408118724822998,0.3593578636646271,0.0003,0.9852614998817444,0.44829773902893066,2681,-16.098990190000002,0.01,150.0
6864,53660,2683,7,-1.938800573348999,3.7820956707000732,0.0003,0.9175282120704651,2.9138693809509277,2682,-16.098990190000002,0.01,150.0
6864,53680,2684,7,-1.9377977848052979,0.5250681042671204,0.0003,0.9854102730751038,0.6289741396903992,2683,-16.098990190000002,0.01,150.0
6865,53700,2685,7,-1.9443496465682983,0.760627806186676,0.0003,0.9740315675735474,0.22775976359844208,2684,-16.098990190000002,0.01,150.0
6865,53720,2686,7,-1.9567070007324219,0.0743972435593605,0.0003,0.9986240863800049,-0.3846924602985382,2685,-16.098990190000002,0.01,150.0
6866,53740,2687,7,-1.9730136394500732,0.14739461243152618,0.0003,0.9949562549591064,-0.1546187698841095,2686,-16.098990190000002,0.01,150.0
6866,53760,2688,7,-1.9743537902832031,0.0637512058019638,0.0003,0.9987441301345825,-0.30829426646232605,2687,-16.098990190000002,0.01,150.0
6866,53780,2689,7,-1.9865357875823975,0.03632981702685356,0.0003,0.998950719833374,0.20504307746887207,2688,-16.098990190000002,0.01,150.0
6867,53800,2690,7,-2.0008320808410645,0.041371311992406845,0.0003,0.9992210865020752,-0.2767283320426941,2689,-16.098990190000002,0.01,150.0
6867,53820,2691,7,-2.0064327716827393,0.0724121704697609,0.0003,0.998621940612793,0.3413911461830139,2690,-16.098990190000002,0.01,150.0
6868,53840,2692,7,-2.002875566482544,2.4908804893493652,0.0003,0.928434431552887,1.0502681732177734,2691,-16.098990190000002,0.01,150.0
6868,53860,2693,7,-1.996403694152832,0.16408754885196686,0.0003,0.9948498010635376,-0.043584831058979034,2692,-16.098990190000002,0.01,150.0
6868,53880,2694,7,-1.9935020208358765,0.1385904997587204,0.0003,0.996681809425354,-0.41467157006263733,2693,-16.098990190000002,0.01,150.0
6869,53900,2695,7,-2.008410930633545,0.0637742131948471,0.0003,0.9974871873855591,-0.07156743854284286,2694,-16.098990190000002,0.01,150.0
6869,53920,2696,7,-1.998213768005371,0.5419765710830688,0.0003,0.9786684513092041,-0.5785365700721741,2695,-16.098990190000002,0.01,150.0
6869,53940,2697,7,-2.0260262489318848,0.04544558376073837,0.0003,0.9968898296356201,0.06411339342594147,2696,-16.098990190000002,0.01,150.0
6870,53960,2698,7,-2.0324854850769043,0.01972646452486515,0.0003,0.9982682466506958,0.017924612388014793,2697,-16.098990190000002,0.01,150.0
6870,53980,2699,7,-2.017643690109253,0.03750760108232498,0.0003,0.9965223073959351,0.15341763198375702,2698,-16.098990190000002,0.01,150.0
6870,54000,2700,7,-2.017590045928955,0.041893601417541504,0.0003,0.9961555004119873,0.21616120636463165,2699,-15.791699870000004,0.02,150.0
6871,54020,2701,7,-2.0464084148406982,6.336472511291504,0.0003,0.8113222122192383,2.3233931064605713,2700,-15.791699870000004,0.02,150.0
6871,54040,2702,7,-1.8469903469085693,0.14227794110774994,0.0003,0.951282262802124,-0.6623100638389587,2701,-15.791699870000004,0.02,150.0
6871,54060,2703,7,-1.850192666053772,0.15099181234836578,0.0003,0.9299274682998657,0.2894534468650818,2702,-15.791699870000004,0.02,150.0
6872,54080,2704,7,-1.8534530401229858,0.7401674389839172,0.0003,0.7935914993286133,-0.1458837240934372,2703,-15.791699870000004,0.02,150.0
6872,54100,2705,7,-1.8720378875732422,0.12148449569940567,0.0003,0.9741952419281006,0.21940167248249054,2704,-15.791699870000004,0.02,150.0
6872,54120,2706,7,-1.8778314590454102,0.12781766057014465,0.0003,0.9786581993103027,0.40421056747436523,2705,-15.791699870000004,0.02,150.0
6873,54140,2707,7,-1.8856067657470703,0.07749049365520477,0.0003,0.9902199506759644,-0.31923428177833557,2706,-15.791699870000004,0.02,150.0
6873,54160,2708,7,-1.897823691368103,0.17878884077072144,0.0003,0.9903621077537537,-0.7395341992378235,2707,-15.791699870000004,0.02,150.0
6874,54180,2709,7,-1.9145209789276123,0.18763092160224915,0.0003,0.9641504287719727,-0.5542251467704773,2708,-15.791699870000004,0.02,150.0
6874,54200,2710,7,-1.9222819805145264,0.3124656081199646,0.0003,0.9301860332489014,-0.7680177092552185,2709,-15.791699870000004,0.02,150.0
6874,54220,2711,7,-1.9303592443466187,0.3703487813472748,0.0003,0.90171879529953,0.09128546714782715,2710,-15.791699870000004,0.02,150.0
6875,54240,2712,7,-1.9316898584365845,0.17717763781547546,0.0003,0.9441406726837158,-0.2940438389778137,2711,-15.791699870000004,0.02,150.0
6875,54260,2713,7,-1.932339072227478,0.1790054589509964,0.0003,0.8531671762466431,-0.17999263107776642,2712,-15.791699870000004,0.02,150.0
6875,54280,2714,7,-1.9399744272232056,0.15539303421974182,0.0003,0.7891445755958557,-0.4772179126739502,2713,-15.791699870000004,0.02,150.0
6876,54300,2715,7,-1.934189796447754,0.08639378100633621,0.0003,0.8191144466400146,-0.18133029341697693,2714,-15.791699870000004,0.02,150.0
6876,54320,2716,7,-1.9379570484161377,0.1520186960697174,0.0003,0.8346377611160278,0.4795655608177185,2715,-15.791699870000004,0.02,150.0
6877,54340,2717,7,-1.9422540664672852,0.01355547271668911,0.0003,0.9787204265594482,0.04741211608052254,2716,-15.791699870000004,0.02,150.0
6877,54360,2718,7,-1.9518864154815674,0.05651949718594551,0.0003,0.8734439611434937,0.3585023283958435,2717,-15.791699870000004,0.02,150.0
6877,54380,2719,7,-1.9800965785980225,0.025701308622956276,0.0003,0.8375311493873596,0.032391197979450226,2718,-15.791699870000004,0.02,150.0
6878,54400,2720,7,-2.005058765411377,0.06902189552783966,0.0003,-0.5897595882415771,-0.022561386227607727,2719,-15.791699870000004,0.02,150.0
6878,54420,2721,7,-2.022176742553711,0.07613500207662582,0.0003,-1.466348648071289,-0.320242315530777,2720,-15.791699870000004,0.02,150.0
6878,54440,2722,7,-2.0252671241760254,0.08476816862821579,0.0003,0.1349881887435913,0.3559110760688782,2721,-15.791699870000004,0.02,150.0
6879,54460,2723,7,-2.0463809967041016,0.12303777784109116,0.0003,0.24160826206207275,-0.1813700795173645,2722,-15.791699870000004,0.02,150.0
6879,54480,2724,7,-2.067318916320801,0.060939133167266846,0.0003,0.6400583386421204,0.12797951698303223,2723,-15.791699870000004,0.02,150.0
6880,54500,2725,7,-2.058955192565918,0.14690978825092316,0.0003,0.6266255378723145,-0.12399746477603912,2724,-15.791699870000004,0.02,150.0
6880,54520,2726,7,-2.056046962738037,0.07547619938850403,0.0003,0.7869405746459961,-0.2111295759677887,2725,-15.791699870000004,0.02,150.0
6881,54540,2727,7,-2.0842702388763428,0.19475583732128143,0.0003,0.6721550226211548,0.002679529832676053,2726,-15.791699870000004,0.02,150.0
6881,54560,2728,7,-2.0829854011535645,0.15729160606861115,0.0003,0.7687925100326538,0.2431553602218628,2727,-15.791699870000004,0.02,150.0
6881,54580,2729,7,-2.083744525909424,0.04389473795890808,0.0003,0.9103498458862305,-0.20483167469501495,2728,-15.791699870000004,0.02,150.0
6881,54600,2730,7,-2.1042799949645996,0.06701575219631195,0.0003,0.8533477187156677,0.1880841702222824,2729,-15.746747419999998,0.02,150.0
6882,54620,2731,7,-2.1253998279571533,0.04760449007153511,0.0003,0.8852108120918274,-0.07230602204799652,2730,-15.746747419999998,0.02,150.0
6882,54640,2732,7,-1.9254732131958008,0.3733888268470764,0.0003,0.9033482074737549,0.041051141917705536,2731,-15.746747419999998,0.02,150.0
6882,54660,2733,7,-1.9334465265274048,0.12117184698581696,0.0003,0.9883118867874146,-0.5744460225105286,2732,-15.746747419999998,0.02,150.0
6883,54680,2734,7,-1.9370067119598389,0.7336543202400208,0.0003,0.8986378312110901,-0.20726032555103302,2733,-15.746747419999998,0.02,150.0
6883,54700,2735,7,-1.9598805904388428,0.09697351604700089,0.0003,0.9891819953918457,-0.5186813473701477,2734,-15.746747419999998,0.02,150.0
6883,54720,2736,7,-1.959784746170044,0.05249572545289993,0.0003,0.9907752275466919,-0.20856568217277527,2735,-15.746747419999998,0.02,150.0
6883,54740,2737,7,-1.96923828125,0.41664379835128784,0.0003,0.8934412002563477,0.13163360953330994,2736,-15.746747419999998,0.02,150.0
6884,54760,2738,7,-1.9680341482162476,0.20123524963855743,0.0003,0.9218637347221375,-0.3348829746246338,2737,-15.746747419999998,0.02,150.0
6884,54780,2739,7,-1.9626197814941406,0.02783379890024662,0.0003,0.986288845539093,-0.14204731583595276,2738,-15.746747419999998,0.02,150.0
6884,54800,2740,7,-1.9608230590820312,0.08988781273365021,0.0003,0.9606693983078003,-0.3393058180809021,2739,-15.746747419999998,0.02,150.0
6885,54820,2741,7,-1.9815038442611694,0.17283931374549866,0.0003,0.6336455345153809,0.0027607916854321957,2740,-15.746747419999998,0.02,150.0
6885,54840,2742,7,-1.977715253829956,0.07060770690441132,0.0003,0.8510501384735107,0.28943803906440735,2741,-15.746747419999998,0.02,150.0
6885,54860,2743,7,-1.9959688186645508,0.05798377841711044,0.0003,0.8520154356956482,0.20175328850746155,2742,-15.746747419999998,0.02,150.0
6886,54880,2744,7,-2.0292251110076904,3.080442428588867,0.0003,0.2787463068962097,1.3181644678115845,2743,-15.746747419999998,0.02,150.0
6886,54900,2745,7,-2.03480863571167,0.07059837877750397,0.0003,0.9239916205406189,-0.20846781134605408,2744,-15.746747419999998,0.02,150.0
6886,54920,2746,7,-2.0504369735717773,0.13149487972259521,0.0003,0.9064951539039612,0.4702675938606262,2745,-15.746747419999998,0.02,150.0
6887,54940,2747,7,-2.0598373413085938,1.1771736145019531,0.0003,0.6546905636787415,1.0006258487701416,2746,-15.746747419999998,0.02,150.0
6887,54960,2748,7,-2.071108818054199,0.06482057273387909,0.0003,0.9440183639526367,-0.0025619505904614925,2747,-15.746747419999998,0.02,150.0
6888,54980,2749,7,-2.096348285675049,0.47773075103759766,0.0003,0.7171459197998047,0.5031803250312805,2748,-15.746747419999998,0.02,150.0
6888,55000,2750,7,-2.0890002250671387,0.597856879234314,0.0003,0.6969940066337585,0.6371466517448425,2749,-15.746747419999998,0.02,150.0
6888,55020,2751,7,-2.0932793617248535,0.0632750615477562,0.0003,0.9455240964889526,0.013836528174579144,2750,-15.746747419999998,0.02,150.0
6889,55040,2752,7,-2.1077723503112793,1.724464774131775,0.0003,0.6624219417572021,0.9124393463134766,2751,-15.746747419999998,0.02,150.0
6889,55060,2753,7,-2.1151816844940186,0.23062367737293243,0.0003,0.9110198020935059,0.03620640188455582,2752,-15.746747419999998,0.02,150.0
6889,55080,2754,7,-2.1314921379089355,0.04558202251791954,0.0003,0.9767262935638428,-0.025626134127378464,2753,-15.746747419999998,0.02,150.0
6890,55100,2755,7,-2.1142213344573975,0.46794718503952026,0.0003,0.8802488446235657,0.8038226962089539,2754,-15.746747419999998,0.02,150.0
6890,55120,2756,7,-2.118424415588379,0.036937497556209564,0.0003,0.9800074696540833,0.13125869631767273,2755,-15.746747419999998,0.02,150.0
6890,55140,2757,8,-2.132260799407959,0.07651899755001068,0.0003,0.9683520197868347,-0.3466355800628662,2756,-15.746747419999998,0.02,150.0
6890,55160,2758,8,-2.146469831466675,0.25456365942955017,0.0003,0.8693563342094421,-0.24387113749980927,2757,-15.746747419999998,0.02,150.0
6891,55180,2759,8,-2.1501383781433105,0.12790058553218842,0.0003,0.9105051755905151,0.10704424232244492,2758,-15.746747419999998,0.02,150.0
6891,55200,2760,8,-2.149160861968994,0.08419813960790634,0.0003,0.9443802833557129,0.10903742164373398,2759,-15.790595059999998,0.02,150.0
6891,55220,2761,8,-2.1504454612731934,0.02383616752922535,0.0003,0.9841058254241943,-0.19928762316703796,2760,-15.790595059999998,0.02,150.0
6892,55240,2762,8,-1.931746244430542,0.5588588118553162,0.0003,0.8582198619842529,-0.6845161318778992,2761,-15.790595059999998,0.02,150.0
6892,55260,2763,8,-1.9403988122940063,0.09339587390422821,0.0003,0.9784663319587708,-0.24665088951587677,2762,-15.790595059999998,0.02,150.0
6892,55280,2764,8,-1.9399703741073608,0.7447040677070618,0.0003,0.8170035481452942,0.09485872089862823,2763,-15.790595059999998,0.02,150.0
6893,55300,2765,8,-1.9421592950820923,0.3484067916870117,0.0003,0.9318191409111023,0.6555391550064087,2764,-15.790595059999998,0.02,150.0
6893,55320,2766,8,-1.947770357131958,0.6815732717514038,0.0003,0.8816259503364563,-0.3974073827266693,2765,-15.790595059999998,0.02,150.0
6893,55340,2767,8,-1.950178861618042,0.26857930421829224,0.0003,0.916155219078064,0.0150595186278224,2766,-15.790595059999998,0.02,150.0
6894,55360,2768,8,-1.9373782873153687,0.8072255849838257,0.0003,0.7478506565093994,-0.06756393611431122,2767,-15.790595059999998,0.02,150.0
6894,55380,2769,8,-1.9397342205047607,0.46362653374671936,0.0003,0.9150444865226746,0.2804504632949829,2768,-15.790595059999998,0.02,150.0
6894,55400,2770,8,-1.9572906494140625,0.15648753941059113,0.0003,0.9582181572914124,0.078821562230587,2769,-15.790595059999998,0.02,150.0
6894,55420,2771,8,-1.9849036931991577,0.2736383080482483,0.0003,0.9530953168869019,-0.5773944854736328,2770,-15.790595059999998,0.02,150.0
6895,55440,2772,8,-2.0079870223999023,0.26615700125694275,0.0003,0.959456741809845,-0.6737083196640015,2771,-15.790595059999998,0.02,150.0
6895,55460,2773,8,-2.0215744972229004,0.057620368897914886,0.0003,0.9873474836349487,0.2304261177778244,2772,-15.790595059999998,0.02,150.0
6895,55480,2774,8,-2.0162851810455322,0.10142187774181366,0.0003,0.9726487398147583,-0.41468876600265503,2773,-15.790595059999998,0.02,150.0
6896,55500,2775,8,-2.0291454792022705,0.3090084493160248,0.0003,0.9098782539367676,-0.15648147463798523,2774,-15.790595059999998,0.02,150.0
6896,55520,2776,8,-2.040790319442749,1.3349679708480835,0.0003,0.5718233585357666,0.8185834884643555,2775,-15.790595059999998,0.02,150.0
6896,55540,2777,8,-2.0565457344055176,0.15451645851135254,0.0003,0.9553861618041992,0.3322482705116272,2776,-15.790595059999998,0.02,150.0
6897,55560,2778,8,-2.0369579792022705,0.24253472685813904,0.0003,0.9793489575386047,-0.8233553767204285,2777,-15.790595059999998,0.02,150.0
6897,55580,2779,8,-2.0489773750305176,0.6327444314956665,0.0003,0.694549560546875,0.3546595573425293,2778,-15.790595059999998,0.02,150.0
6897,55600,2780,8,-2.0992534160614014,0.18937914073467255,0.0003,0.9161813259124756,-0.42879533767700195,2779,-15.790595059999998,0.02,150.0
6898,55620,2781,8,-2.102700710296631,0.2330571711063385,0.0003,0.9283319711685181,-0.7727056741714478,2780,-15.790595059999998,0.02,150.0
6898,55640,2782,8,-2.1111888885498047,0.12521959841251373,0.0003,0.9256678819656372,-0.4180869460105896,2781,-15.790595059999998,0.02,150.0
6898,55660,2783,8,-2.1292412281036377,0.05856889486312866,0.0003,0.9246160984039307,-0.11115236580371857,2782,-15.790595059999998,0.02,150.0
6899,55680,2784,8,-2.133253574371338,0.11307356506586075,0.0003,0.8784432411193848,-0.0069429995492100716,2783,-15.790595059999998,0.02,150.0
6899,55700,2785,8,-2.117591381072998,0.13868534564971924,0.0003,0.8515012860298157,-0.4160328507423401,2784,-15.790595059999998,0.02,150.0
6899,55720,2786,8,-2.128232955932617,0.0957343578338623,0.0003,0.8609091639518738,-0.011841708794236183,2785,-15.790595059999998,0.02,150.0
6900,55740,2787,8,-2.1186985969543457,0.006853786762803793,0.0003,0.9862772822380066,0.034960001707077026,2786,-15.790595059999998,0.02,150.0
6900,55760,2788,8,-2.1349263191223145,0.03683258965611458,0.0003,0.8190000057220459,-0.07427828013896942,2787,-15.790595059999998,0.02,150.0
6900,55780,2789,8,-2.1413767337799072,0.014219382777810097,0.0003,0.9402869939804077,-0.1398548185825348,2788,-15.790595059999998,0.02,150.0
6901,55800,2790,8,-2.1565191745758057,0.009851975366473198,0.0003,0.9151182174682617,0.03159788250923157,2789,-15.879619300000002,0.02,150.0
6901,55820,2791,8,-2.1672680377960205,0.010717508383095264,0.0003,0.8075132369995117,-0.0448056161403656,2790,-15.879619300000002,0.02,150.0
6901,55840,2792,8,-1.9233083724975586,0.21769967675209045,0.0003,0.77562016248703,0.44976720213890076,2791,-15.879619300000002,0.02,150.0
6901,55860,2793,8,-1.9327967166900635,0.07039638608694077,0.0003,0.9717356562614441,0.2559603750705719,2792,-15.879619300000002,0.02,150.0
6902,55880,2794,8,-1.9414011240005493,0.38276371359825134,0.0003,0.943882167339325,-0.816975474357605,2793,-15.879619300000002,0.02,150.0
6902,55900,2795,8,-1.955397367477417,0.38988253474235535,0.0003,0.7582674026489258,0.2412625104188919,2794,-15.879619300000002,0.02,150.0
6902,55920,2796,8,-1.9599281549453735,0.26699426770210266,0.0003,0.9074413776397705,-0.8302597999572754,2795,-15.879619300000002,0.02,150.0
6903,55940,2797,8,-1.9653034210205078,0.2801981568336487,0.0003,0.6544730067253113,-0.5964073538780212,2796,-15.879619300000002,0.02,150.0
6903,55960,2798,8,-1.9626919031143188,0.18318107724189758,0.0003,0.8049777150154114,-0.5360035300254822,2797,-15.879619300000002,0.02,150.0
6904,55980,2799,8,-1.9807300567626953,0.1967865228652954,0.0003,0.42166799306869507,-0.28910812735557556,2798,-15.879619300000002,0.02,150.0
6904,56000,2800,8,-1.9643256664276123,0.227064847946167,0.0003,0.5975606441497803,-0.22686100006103516,2799,-15.879619300000002,0.02,150.0
6905,56020,2801,8,-1.9666839838027954,0.05963458865880966,0.0003,0.8957587480545044,-0.04884154349565506,2800,-15.879619300000002,0.02,150.0
6905,56040,2802,8,-1.9833284616470337,0.11668284237384796,0.0003,0.803405225276947,-0.2944992184638977,2801,-15.879619300000002,0.02,150.0
6905,56060,2803,8,-1.978512167930603,0.03445158153772354,0.0003,0.9156343340873718,-0.14602847397327423,2802,-15.879619300000002,0.02,150.0
6906,56080,2804,8,-1.978021264076233,0.09788312017917633,0.0003,0.8033603429794312,0.043482739478349686,2803,-15.879619300000002,0.02,150.0
6906,56100,2805,8,-1.9874162673950195,1.061970591545105,0.0003,0.4911324977874756,0.962053656578064,2804,-15.879619300000002,0.02,150.0
6907,56120,2806,8,-2.007408618927002,0.11565400660037994,0.0003,0.8462876677513123,0.2027648240327835,2805,-15.879619300000002,0.02,150.0
6907,56140,2807,8,-2.0078701972961426,0.17234745621681213,0.0003,0.8344569802284241,0.31475549936294556,2806,-15.879619300000002,0.02,150.0
6907,56160,2808,8,-2.0000617504119873,2.103818655014038,0.0003,-0.8921173810958862,1.385411024093628,2807,-15.879619300000002,0.02,150.0
6908,56180,2809,8,-2.0186829566955566,1.2332913875579834,0.0003,-0.30465543270111084,1.2617835998535156,2808,-15.879619300000002,0.02,150.0
6908,56200,2810,8,-2.0230021476745605,1.8309307098388672,0.0003,0.31868237257003784,1.5190085172653198,2809,-15.879619300000002,0.02,150.0
6908,56220,2811,8,-2.018418788909912,0.16747744381427765,0.0003,0.8451913595199585,0.11565551906824112,2810,-15.879619300000002,0.02,150.0
6908,56240,2812,8,-2.011427164077759,0.34425264596939087,0.0003,0.7926011681556702,0.46849188208580017,2811,-15.879619300000002,0.02,150.0
6909,56260,2813,8,-2.053370952606201,0.09303219616413116,0.0003,0.9198105931282043,0.2570427656173706,2812,-15.879619300000002,0.02,150.0
6909,56280,2814,8,-2.054431200027466,0.941620945930481,0.0003,0.7191486358642578,0.6447721719741821,2813,-15.879619300000002,0.02,150.0
6909,56300,2815,8,-2.0693106651306152,0.04931782931089401,0.0003,0.9796595573425293,-0.30031833052635193,2814,-15.879619300000002,0.02,150.0
6910,56320,2816,8,-2.0902085304260254,0.037241265177726746,0.0003,0.9643499851226807,-0.14771300554275513,2815,-15.879619300000002,0.02,150.0
6910,56340,2817,8,-2.1124908924102783,0.06955395638942719,0.0003,0.937881588935852,0.12682601809501648,2816,-15.879619300000002,0.02,150.0
6910,56360,2818,8,-2.0872271060943604,0.01477673090994358,0.0003,0.9879807829856873,0.13061535358428955,2817,-15.879619300000002,0.02,150.0
6911,56380,2819,8,-2.095186948776245,0.05066276714205742,0.0003,0.9261666536331177,-0.04857441782951355,2818,-15.879619300000002,0.02,150.0
6911,56400,2820,8,-2.127289295196533,1.742550253868103,0.0003,0.5986042022705078,1.238997459411621,2819,-16.06794934,0.02,150.0
6911,56420,2821,8,-2.1434314250946045,0.07540682703256607,0.0003,0.9284985661506653,-0.26059091091156006,2820,-16.06794934,0.02,150.0
6911,56440,2822,8,-1.8933594226837158,0.04975171014666557,0.0003,0.9662690758705139,-0.135427325963974,2821,-16.06794934,0.02,150.0
6912,56460,2823,8,-1.9086525440216064,0.682675302028656,0.0003,0.2561783194541931,0.7101072072982788,2822,-16.06794934,0.02,150.0
6912,56480,2824,8,-1.9227817058563232,0.12238378822803497,0.0003,0.4848971962928772,-0.16144022345542908,2823,-16.06794934,0.02,150.0
6912,56500,2825,8,-1.9151380062103271,0.9717963337898254,0.0003,0.31539058685302734,0.6426677107810974,2824,-16.06794934,0.02,150.0
6913,56520,2826,8,-1.9284350872039795,0.168141707777977,0.0003,0.7063585519790649,-0.21809113025665283,2825,-16.06794934,0.02,150.0
6913,56540,2827,8,-1.9481788873672485,0.44994884729385376,0.0003,0.5663639307022095,0.5326530337333679,2826,-16.06794934,0.02,150.0
6913,56560,2828,8,-1.9528887271881104,0.3289532959461212,0.0003,0.9101549386978149,0.8244360089302063,2827,-16.06794934,0.02,150.0
6914,56580,2829,8,-1.9657771587371826,0.10724110901355743,0.0003,0.927376925945282,-0.182403564453125,2828,-16.06794934,0.02,150.0
6914,56600,2830,8,-1.9811986684799194,0.14229783415794373,0.0003,0.9078137278556824,-0.0835154801607132,2829,-16.06794934,0.02,150.0
6914,56620,2831,8,-1.981711745262146,1.0146007537841797,0.0003,0.6463770270347595,1.0139002799987793,2830,-16.06794934,0.02,150.0
6914,56640,2832,8,-1.998263955116272,1.4417870044708252,0.0003,0.7580031752586365,0.7033230662345886,2831,-16.06794934,0.02,150.0
6914,56660,2833,8,-2.0100510120391846,1.8601925373077393,0.0003,0.5906821489334106,1.4670324325561523,2832,-16.06794934,0.02,150.0
6914,56680,2834,8,-2.0243687629699707,0.46677374839782715,0.0003,0.8971766829490662,0.35504308342933655,2833,-16.06794934,0.02,150.0
6914,56700,2835,8,-2.0510671138763428,0.5888426303863525,0.0003,0.8536750078201294,0.5036193132400513,2834,-16.06794934,0.02,150.0
6914,56720,2836,8,-2.047736883163452,0.2965334951877594,0.0003,0.8769593834877014,-0.39208677411079407,2835,-16.06794934,0.02,150.0
6914,56740,2837,8,-2.073760509490967,0.10725738853216171,0.0003,0.9813878536224365,-0.6244790554046631,2836,-16.06794934,0.02,150.0
6914,56760,2838,8,-2.0860788822174072,0.06325287371873856,0.0003,0.8924814462661743,-0.07595376670360565,2837,-16.06794934,0.02,150.0
6914,56780,2839,8,-2.070476770401001,0.1455460488796234,0.0003,0.9225688576698303,-0.7429207563400269,2838,-16.06794934,0.02,150.0
6915,56800,2840,8,-2.0765609741210938,0.10904786735773087,0.0003,0.6787206530570984,-0.3543623387813568,2839,-16.06794934,0.02,150.0
6915,56820,2841,8,-2.0892863273620605,0.08681295067071915,0.0003,0.82550048828125,-0.5053672790527344,2840,-16.06794934,0.02,150.0
6915,56840,2842,8,-2.0990982055664062,0.036250658333301544,0.0003,0.8279255032539368,-0.2533368468284607,2841,-16.06794934,0.02,150.0
6915,56860,2843,8,-2.1093907356262207,0.23667430877685547,0.0003,0.6097325086593628,0.39587560296058655,2842,-16.06794934,0.02,150.0
6915,56880,2844,8,-2.1171741485595703,0.09686538577079773,0.0003,0.7560155391693115,-0.20731902122497559,2843,-16.06794934,0.02,150.0
6915,56900,2845,8,-2.1429953575134277,0.09056280553340912,0.0003,0.7537202835083008,-0.5319090485572815,2844,-16.06794934,0.02,150.0
6915,56920,2846,8,-2.147801160812378,0.1643969714641571,0.0003,0.6099027395248413,-0.68982994556427,2845,-16.06794934,0.02,150.0
6915,56940,2847,8,-2.1590676307678223,0.04037529230117798,0.0003,0.5172650814056396,-0.14594319462776184,2846,-16.06794934,0.02,150.0
6915,56960,2848,8,-2.170077323913574,0.047751374542713165,0.0003,0.4708932638168335,-0.11908616870641708,2847,-16.06794934,0.02,150.0
6914,56980,2849,8,-2.1759419441223145,0.07277165353298187,0.0003,0.4894365668296814,-0.2898716926574707,2848,-16.06794934,0.02,150.0
6914,57000,2850,8,-2.1752917766571045,0.052009813487529755,0.0003,0.4622456431388855,-0.09698273986577988,2849,-16.109006689999998,0.02,150.0
6915,57020,2851,8,-2.1749370098114014,0.03704570606350899,0.0003,0.5502942204475403,-0.22596590220928192,2850,-16.109006689999998,0.02,150.0
6915,57040,2852,8,-1.8702471256256104,0.15830978751182556,0.0003,0.6377816796302795,0.3266964554786682,2851,-16.109006689999998,0.02,150.0
6915,57060,2853,8,-1.8905757665634155,0.15493470430374146,0.0003,0.6181392669677734,0.07877863198518753,2852,-16.109006689999998,0.02,150.0
6915,57080,2854,8,-1.9101139307022095,0.17032776772975922,0.0003,0.8664655089378357,-0.4873238503932953,2853,-16.109006689999998,0.02,150.0
6915,57100,2855,8,-1.9146438837051392,0.2160661667585373,0.0003,0.8693119883537292,0.7489725351333618,2854,-16.109006689999998,0.02,150.0
6915,57120,2856,8,-1.9203357696533203,0.2055501490831375,0.0003,0.869491457939148,-0.04594169929623604,2855,-16.109006689999998,0.02,150.0
6915,57140,2857,8,-1.9407050609588623,0.5981317758560181,0.0003,0.7851538062095642,0.4144633710384369,2856,-16.109006689999998,0.02,150.0
6915,57160,2858,8,-1.9353348016738892,1.1804516315460205,0.0003,0.8112648725509644,0.12293152511119843,2857,-16.109006689999998,0.02,150.0
6916,57180,2859,8,-1.9391324520111084,0.2603985071182251,0.0003,0.9633271098136902,-0.5989728569984436,2858,-16.109006689999998,0.02,150.0
6916,57200,2860,8,-1.9489800930023193,0.025967832654714584,0.0003,0.9935364127159119,0.0038694918621331453,2859,-16.109006689999998,0.02,150.0
6916,57220,2861,8,-1.9648425579071045,0.08416511863470078,0.0003,0.9761812686920166,0.1857064962387085,2860,-16.109006689999998,0.02,150.0
6916,57240,2862,8,-1.977299451828003,0.23274841904640198,0.0003,0.965538501739502,0.5925866365432739,2861,-16.109006689999998,0.02,150.0
6916,57260,2863,8,-1.9824860095977783,0.9696516990661621,0.0003,0.9111121892929077,0.8930444717407227,2862,-16.109006689999998,0.02,150.0
6917,57280,2864,8,-1.993539571762085,0.13788694143295288,0.0003,0.9830475449562073,-0.2210732400417328,2863,-16.109006689999998,0.02,150.0
6917,57300,2865,8,-2.011507511138916,0.09890894591808319,0.0003,0.9820581674575806,-0.2328406572341919,2864,-16.109006689999998,0.02,150.0
6917,57320,2866,8,-2.03426194190979,1.5460100173950195,0.0003,0.8603958487510681,1.2813259363174438,2865,-16.109006689999998,0.02,150.0
6917,57340,2867,8,-2.019064426422119,0.2673592269420624,0.0003,0.9622570872306824,0.4198136329650879,2866,-16.109006689999998,0.02,150.0
6917,57360,2868,8,-2.0205390453338623,0.691318690776825,0.0003,0.865470826625824,0.6147176623344421,2867,-16.109006689999998,0.02,150.0
6917,57380,2869,8,-2.026580333709717,0.09899116307497025,0.0003,0.9785673022270203,-0.02753734029829502,2868,-16.109006689999998,0.02,150.0
6917,57400,2870,8,-2.0474021434783936,0.1940799206495285,0.0003,0.9588155746459961,-0.44014158844947815,2869,-16.109006689999998,0.02,150.0
6918,57420,2871,8,-2.0666515827178955,0.05691792815923691,0.0003,0.9841061234474182,0.152875155210495,2870,-16.109006689999998,0.02,150.0
6918,57440,2872,8,-2.0608971118927,0.10516828298568726,0.0003,0.9692665934562683,-0.2548843026161194,2871,-16.109006689999998,0.02,150.0
6918,57460,2873,8,-2.0828404426574707,0.06218131259083748,0.0003,0.9864660501480103,-0.3551768958568573,2872,-16.109006689999998,0.02,150.0
6918,57480,2874,8,-2.1029694080352783,0.22361965477466583,0.0003,0.8633815050125122,-0.765180766582489,2873,-16.109006689999998,0.02,150.0
6919,57500,2875,8,-2.091066598892212,0.11685645580291748,0.0003,0.7154853343963623,-0.10976044833660126,2874,-16.109006689999998,0.02,150.0
6919,57520,2876,8,-2.095393657684326,0.07539338618516922,0.0003,0.8833088874816895,-0.42736607789993286,2875,-16.109006689999998,0.02,150.0
6919,57540,2877,8,-2.1203644275665283,0.08928409963846207,0.0003,-1.8427917957305908,-0.20300984382629395,2876,-16.109006689999998,0.02,150.0
6920,57560,2878,8,-2.120138168334961,0.05185746029019356,0.0003,0.15893948078155518,-0.08222182095050812,2877,-16.109006689999998,0.02,150.0
6920,57580,2879,8,-2.1536831855773926,0.029525721445679665,0.0003,0.19129544496536255,-0.08969353139400482,2878,-16.109006689999998,0.02,150.0
6920,57600,2880,8,-2.147742509841919,0.034371715039014816,0.0003,0.08586257696151733,0.049959342926740646,2879,-16.176996390000003,0.02,150.0
6920,57620,2881,8,-2.1611666679382324,0.045853082090616226,0.0003,0.26836371421813965,0.13492803275585175,2880,-16.176996390000003,0.02,150.0
6920,57640,2882,8,-1.9065710306167603,0.5530655980110168,0.0003,0.849560022354126,-0.7335039973258972,2881,-16.176996390000003,0.02,150.0
6921,57660,2883,8,-1.9208908081054688,0.2918407917022705,0.0003,0.917462170124054,-0.8647549748420715,2882,-16.176996390000003,0.02,150.0
6921,57680,2884,8,-1.9277273416519165,0.13070547580718994,0.0003,0.9486687779426575,-0.3138510584831238,2883,-16.176996390000003,0.02,150.0
6921,57700,2885,8,-1.9343109130859375,0.06694851815700531,0.0003,0.9890101552009583,-0.36072400212287903,2884,-16.176996390000003,0.02,150.0
6922,57720,2886,8,-1.9634220600128174,0.20694728195667267,0.0003,0.6671854257583618,0.3004838824272156,2885,-16.176996390000003,0.02,150.0
6922,57740,2887,8,-1.989874243736267,0.06665246933698654,0.0003,0.7788162231445312,0.03517933934926987,2886,-16.176996390000003,0.02,150.0
6922,57760,2888,8,-2.018949270248413,0.14720654487609863,0.0003,0.46889108419418335,0.00624434370547533,2887,-16.176996390000003,0.02,150.0
6923,57780,2889,8,-2.0113391876220703,0.3527708053588867,0.0003,0.3497982621192932,0.05199307203292847,2888,-16.176996390000003,0.02,150.0
6923,57800,2890,8,-1.9995067119598389,0.045931510627269745,0.0003,0.8941316604614258,0.03054644539952278,2889,-16.176996390000003,0.02,150.0
6923,57820,2891,8,-2.0170631408691406,0.08473118394613266,0.0003,0.9051117300987244,-0.20135252177715302,2890,-16.176996390000003,0.02,150.0
6923,57840,2892,8,-2.0273900032043457,0.17010776698589325,0.0003,0.8618780374526978,0.2224878966808319,2891,-16.176996390000003,0.02,150.0
6924,57860,2893,8,-2.017765522003174,1.894885778427124,0.0003,0.454295814037323,1.5394712686538696,2892,-16.176996390000003,0.02,150.0
6924,57880,2894,8,-2.015575408935547,1.4735124111175537,0.0003,0.6159894466400146,1.3971214294433594,2893,-16.176996390000003,0.02,150.0
6925,57900,2895,8,-2.0326004028320312,0.8783779144287109,0.0003,0.598652720451355,0.8365529775619507,2894,-16.176996390000003,0.02,150.0
6925,57920,2896,8,-2.053478479385376,0.3421483635902405,0.0003,0.5645264387130737,0.25138431787490845,2895,-16.176996390000003,0.02,150.0
6925,57940,2897,8,-2.048299551010132,0.7225141525268555,0.0003,0.4630059003829956,-0.16577382385730743,2896,-16.176996390000003,0.02,150.0
6926,57960,2898,8,-2.061366558074951,0.20170900225639343,0.0003,0.830901026725769,-0.4692566990852356,2897,-16.176996390000003,0.02,150.0
6926,57980,2899,8,-2.082242965698242,0.09672097861766815,0.0003,0.9561986923217773,-0.6274785995483398,2898,-16.176996390000003,0.02,150.0
6926,58000,2900,8,-2.0863454341888428,0.28350821137428284,0.0003,0.40507715940475464,0.2270129919052124,2899,-16.176996390000003,0.02,150.0
6926,58020,2901,8,-2.0946829319000244,0.19300663471221924,0.0003,0.7652601003646851,-0.4857564866542816,2900,-16.176996390000003,0.02,150.0
6927,58040,2902,8,-2.103886365890503,1.074257493019104,0.0003,-0.09514772891998291,0.7901250720024109,2901,-16.176996390000003,0.02,150.0
6927,58060,2903,8,-2.1237709522247314,0.6285942792892456,0.0003,-0.1255204677581787,0.6241927742958069,2902,-16.176996390000003,0.02,150.0
6927,58080,2904,8,-2.141516923904419,0.09589935094118118,0.0003,0.6591631174087524,-0.42400485277175903,2903,-16.176996390000003,0.02,150.0
6928,58100,2905,8,-2.141334056854248,0.10588674247264862,0.0003,-0.9684393405914307,-0.30915337800979614,2904,-16.176996390000003,0.02,150.0
6928,58120,2906,8,-2.152803659439087,0.5903834104537964,0.0003,-0.15667474269866943,0.6847490668296814,2905,-16.176996390000003,0.02,150.0
6928,58140,2907,8,-2.157176971435547,0.2196199595928192,0.0003,-0.07419884204864502,0.5220786929130554,2906,-16.176996390000003,0.02,150.0
6928,58160,2908,8,-2.157336711883545,0.032480690628290176,0.0003,-0.29308533668518066,-0.13831038773059845,2907,-16.176996390000003,0.02,150.0
6928,58180,2909,8,-2.165651798248291,0.012839196249842644,0.0003,0.0732688307762146,-0.07413526624441147,2908,-16.176996390000003,0.02,150.0
6928,58200,2910,8,-2.1639933586120605,0.05431782081723213,0.0003,0.05294066667556763,0.21608269214630127,2909,-16.539797359999998,0.02,150.0
6929,58220,2911,8,-2.161252975463867,0.10712768882513046,0.0003,-0.03679680824279785,0.37428051233291626,2910,-16.539797359999998,0.02,150.0
6929,58240,2912,8,-1.8438469171524048,0.15402169525623322,0.0003,0.8603350520133972,-0.18022887408733368,2911,-16.539797359999998,0.02,150.0
6929,58260,2913,8,-1.8535172939300537,0.055969446897506714,0.0003,0.9406043291091919,0.18541494011878967,2912,-16.539797359999998,0.02,150.0
6929,58280,2914,8,-1.871620535850525,0.23085293173789978,0.0003,0.7698900699615479,0.4218411445617676,2913,-16.539797359999998,0.02,150.0
6930,58300,2915,8,-1.8758938312530518,0.5722885727882385,0.0003,0.7769860625267029,0.7890663146972656,2914,-16.539797359999998,0.02,150.0
6930,58320,2916,8,-1.8777481317520142,0.3522760272026062,0.0003,0.878796398639679,0.5414888262748718,2915,-16.539797359999998,0.02,150.0
6930,58340,2917,8,-1.8939234018325806,0.23165619373321533,0.0003,0.8991146087646484,0.19712309539318085,2916,-16.539797359999998,0.02,150.0
6930,58360,2918,8,-1.9030719995498657,1.5018737316131592,0.0003,0.7390971779823303,0.6960536241531372,2917,-16.539797359999998,0.02,150.0
6931,58380,2919,8,-1.9151575565338135,0.3841509222984314,0.0003,0.9311631321907043,0.14733567833900452,2918,-16.539797359999998,0.02,150.0
6931,58400,2920,8,-1.9032827615737915,0.20511941611766815,0.0003,0.9713010787963867,0.3696936070919037,2919,-16.539797359999998,0.02,150.0
6931,58420,2921,8,-1.921393632888794,0.19710995256900787,0.0003,0.9666363596916199,-0.41854768991470337,2920,-16.539797359999998,0.02,150.0
6930,58440,2922,8,-1.9211410284042358,1.6688770055770874,0.0003,0.4975791573524475,0.6086732745170593,2921,-16.539797359999998,0.02,150.0
6930,58460,2923,8,-1.954912781715393,0.10936552286148071,0.0003,0.9552071690559387,0.22758826613426208,2922,-16.539797359999998,0.02,150.0
6929,58480,2924,8,-1.9720245599746704,0.34520405530929565,0.0003,0.8896989226341248,0.8100636601448059,2923,-16.539797359999998,0.02,150.0
6929,58500,2925,8,-1.9562160968780518,1.7029212713241577,0.0003,0.6432309746742249,0.5489498376846313,2924,-16.539797359999998,0.02,150.0
6928,58520,2926,8,-1.9643150568008423,0.12366092205047607,0.0003,0.9432262182235718,-0.13741318881511688,2925,-16.539797359999998,0.02,150.0
6928,58540,2927,8,-1.9993293285369873,0.0669306069612503,0.0003,0.9671892523765564,-0.16922473907470703,2926,-16.539797359999998,0.02,150.0
6927,58560,2928,8,-2.0011658668518066,0.02337472513318062,0.0003,0.9896048903465271,0.14007075130939484,2927,-16.539797359999998,0.02,150.0
6926,58580,2929,8,-2.016631603240967,0.11684217303991318,0.0003,0.9609084129333496,-0.31286707520484924,2928,-16.539797359999998,0.02,150.0
6926,58600,2930,8,-2.0593676567077637,0.17682576179504395,0.0003,0.9463285207748413,-0.6130174398422241,2929,-16.539797359999998,0.02,150.0
6926,58620,2931,8,-2.0825343132019043,0.15076608955860138,0.0003,0.9204530715942383,-0.28643083572387695,2930,-16.539797359999998,0.02,150.0
6926,58640,2932,8,-2.109210968017578,0.17009559273719788,0.0003,0.9433504343032837,-0.6914015412330627,2931,-16.539797359999998,0.02,150.0
6926,58660,2933,8,-2.1248159408569336,0.17230039834976196,0.0003,0.8881745934486389,-0.24494273960590363,2932,-16.539797359999998,0.02,150.0
6926,58680,2934,8,-2.1255855560302734,0.1371990144252777,0.0003,0.967282235622406,-0.6803525686264038,2933,-16.539797359999998,0.02,150.0
6927,58700,2935,8,-2.1336772441864014,0.15144047141075134,0.0003,0.8521080017089844,-0.5114458203315735,2934,-16.539797359999998,0.02,150.0
6927,58720,2936,8,-2.1451635360717773,0.06783483177423477,0.0003,0.9028857946395874,-0.31595662236213684,2935,-16.539797359999998,0.02,150.0
6927,58740,2937,8,-2.1449217796325684,0.15401585400104523,0.0003,0.6747082471847534,-0.4806411862373352,2936,-16.539797359999998,0.02,150.0
6927,58760,2938,8,-2.1624133586883545,0.10945385694503784,0.0003,0.5728912949562073,-0.3196248412132263,2937,-16.539797359999998,0.02,150.0
6928,58780,2939,8,-2.166834592819214,0.07182431221008301,0.0003,0.5026909112930298,-0.3955603241920471,2938,-16.539797359999998,0.02,150.0
6928,58800,2940,8,-2.164137840270996,0.07082448899745941,0.0003,0.43156200647354126,-0.3574827313423157,2939,-17.01964503,0.02,150.0
6928,58820,2941,8,-2.164447784423828,0.05146263912320137,0.0003,0.58376145362854,-0.2867211401462555,2940,-17.01964503,0.02,150.0
6928,58840,2942,8,-1.9064571857452393,0.1670612245798111,0.0003,0.6994844675064087,-0.2848113477230072,2941,-17.01964503,0.02,150.0
6928,58860,2943,8,-1.9172102212905884,0.20870713889598846,0.0003,0.8249340653419495,-0.3095499873161316,2942,-17.01964503,0.02,150.0
6928,58880,2944,8,-1.9232231378555298,0.25343412160873413,0.0003,0.8483294248580933,-0.07193434238433838,2943,-17.01964503,0.02,150.0
6929,58900,2945,8,-1.9493223428726196,0.19050318002700806,0.0003,0.9315722584724426,0.024342786520719528,2944,-17.01964503,0.02,150.0
6929,58920,2946,8,-1.9588016271591187,0.08210073411464691,0.0003,0.9786111116409302,-0.061329375952482224,2945,-17.01964503,0.02,150.0
6929,58940,2947,8,-1.948203682899475,0.8798459768295288,0.0003,0.8635787963867188,0.9338400959968567,2946,-17.01964503,0.02,150.0
6929,58960,2948,8,-1.9418636560440063,0.9283624887466431,0.0003,0.8261675834655762,0.7153750658035278,2947,-17.01964503,0.02,150.0
6930,58980,2949,8,-1.9570659399032593,0.18852435052394867,0.0003,0.9771588444709778,-0.5879907608032227,2948,-17.01964503,0.02,150.0
6930,59000,2950,8,-1.970679521560669,0.25728967785835266,0.0003,0.9640363454818726,-0.3567220866680145,2949,-17.01964503,0.02,150.0
6930,59020,2951,8,-1.9909045696258545,0.05896615982055664,0.0003,0.9944643974304199,-0.27975893020629883,2950,-17.01964503,0.02,150.0
6931,59040,2952,8,-2.0104610919952393,0.20036263763904572,0.0003,0.9870947003364563,0.6869426965713501,2951,-17.01964503,0.02,150.0
6931,59060,2953,8,-2.0117275714874268,4.833962917327881,0.0003,0.4844018220901489,2.8940930366516113,2952,-17.01964503,0.02,150.0
6931,59080,2954,8,-1.9909080266952515,2.843309164047241,0.0003,0.8849284052848816,2.3331923484802246,2953,-17.01964503,0.02,150.0
6932,59100,2955,8,-2.0126259326934814,0.7795068025588989,0.0003,0.943654477596283,0.4911862313747406,2954,-17.01964503,0.02,150.0
6932,59120,2956,8,-2.0360004901885986,0.12608051300048828,0.0003,0.991977870464325,-0.22103619575500488,2955,-17.01964503,0.02,150.0
6932,59140,2957,8,-2.0380990505218506,0.9696424603462219,0.0003,0.9449851512908936,0.3322817385196686,2956,-17.01964503,0.02,150.0
6932,59160,2958,8,-2.0404865741729736,0.6206580996513367,0.0003,0.9729499816894531,0.03797413036227226,2957,-17.01964503,0.02,150.0
6932,59180,2959,8,-2.0460784435272217,0.26076823472976685,0.0003,0.9915280938148499,-0.6182559132575989,2958,-17.01964503,0.02,150.0
6933,59200,2960,8,-2.0685629844665527,0.09006492793560028,0.0003,0.9967767000198364,-0.4140939712524414,2959,-17.01964503,0.02,150.0
6933,59220,2961,8,-2.070263385772705,0.1369568407535553,0.0003,0.9934869408607483,-0.3998192548751831,2960,-17.01964503,0.02,150.0
6933,59240,2962,8,-2.087599992752075,0.060587842017412186,0.0003,0.996259868144989,-0.23429188132286072,2961,-17.01964503,0.02,150.0
6934,59260,2963,8,-2.1153767108917236,0.13017570972442627,0.0003,0.9930925965309143,-0.4932700991630554,2962,-17.01964503,0.02,150.0
6934,59280,2964,8,-2.1291418075561523,0.21480770409107208,0.0003,0.9946274757385254,-0.822005569934845,2963,-17.01964503,0.02,150.0
6934,59300,2965,8,-2.1386895179748535,0.12918128073215485,0.0003,0.9936096668243408,-0.6192448735237122,2964,-17.01964503,0.02,150.0
6935,59320,2966,8,-2.137983798980713,0.09238408505916595,0.0003,0.9889290928840637,-0.294538676738739,2965,-17.01964503,0.02,150.0
6935,59340,2967,8,-2.1401679515838623,0.08689134567975998,0.0003,0.9954310059547424,-0.5486300587654114,2966,-17.01964503,0.02,150.0
6935,59360,2968,8,-2.1420280933380127,0.08211898058652878,0.0003,0.9874992966651917,-0.42579108476638794,2967,-17.01964503,0.02,150.0
6935,59380,2969,8,-2.142296552658081,0.10745873302221298,0.0003,0.9837784171104431,-0.56458979845047,2968,-17.01964503,0.02,150.0
6935,59400,2970,8,-2.146761417388916,0.06585602462291718,0.0003,0.9665482044219971,-0.186869814991951,2969,-17.171209159999997,0.02,150.0
6935,59420,2971,8,-2.1467137336730957,0.020660078153014183,0.0003,0.986954927444458,0.03981673717498779,2970,-17.171209159999997,0.02,150.0
6936,59440,2972,8,-1.9377257823944092,0.10589709132909775,0.0003,0.9361146092414856,-0.24522097408771515,2971,-17.171209159999997,0.02,150.0
6936,59460,2973,8,-1.947636604309082,0.319676011800766,0.0003,0.8948280811309814,0.4029082655906677,2972,-17.171209159999997,0.02,150.0
6936,59480,2974,8,-1.9448999166488647,0.272367388010025,0.0003,0.9620570540428162,-0.6141353249549866,2973,-17.171209159999997,0.02,150.0
6937,59500,2975,8,-1.9700645208358765,0.111933134496212,0.0003,0.9756463766098022,0.28342190384864807,2974,-17.171209159999997,0.02,150.0
6937,59520,2976,8,-1.9806139469146729,0.20218583941459656,0.0003,0.9540815949440002,-0.3911108374595642,2975,-17.171209159999997,0.02,150.0
6937,59540,2977,8,-2.0057284832000732,0.1854798048734665,0.0003,0.9296451210975647,0.0961097925901413,2976,-17.171209159999997,0.02,150.0
6937,59560,2978,8,-2.0152792930603027,0.0699450820684433,0.0003,0.9775214195251465,-0.316383421421051,2977,-17.171209159999997,0.02,150.0
6938,59580,2979,8,-2.028522253036499,0.19801822304725647,0.0003,0.8857172131538391,0.21819964051246643,2978,-17.171209159999997,0.02,150.0
6938,59600,2980,8,-2.057952880859375,0.3739166259765625,0.0003,0.7891120314598083,-0.21473458409309387,2979,-17.171209159999997,0.02,150.0
6938,59620,2981,8,-2.0760750770568848,0.19619880616664886,0.0003,0.8567513227462769,0.29638558626174927,2980,-17.171209159999997,0.02,150.0
6939,59640,2982,8,-2.0805554389953613,0.20922228693962097,0.0003,0.6921355724334717,-0.18838563561439514,2981,-17.171209159999997,0.02,150.0
6939,59660,2983,8,-2.0680575370788574,0.35269710421562195,0.0003,0.6374696493148804,0.6473918557167053,2982,-17.171209159999997,0.02,150.0
6939,59680,2984,8,-2.0632224082946777,0.8722516894340515,0.0003,0.28362298011779785,0.5508168935775757,2983,-17.171209159999997,0.02,150.0
6939,59700,2985,8,-2.0979628562927246,0.3126811385154724,0.0003,0.2889217138290405,0.19010336697101593,2984,-17.171209159999997,0.02,150.0
6939,59720,2986,8,-2.0892207622528076,0.48917412757873535,0.0003,0.28040266036987305,0.3364480137825012,2985,-17.171209159999997,0.02,150.0
6940,59740,2987,8,-2.088552713394165,1.8234962224960327,0.0003,-0.18089079856872559,0.4822450578212738,2986,-17.171209159999997,0.02,150.0
6940,59760,2988,8,-2.1015896797180176,0.0658378154039383,0.0003,0.8292949795722961,0.04920225590467453,2987,-17.171209159999997,0.02,150.0
6940,59780,2989,8,-2.119384765625,0.21520856022834778,0.0003,0.7542760968208313,-0.017393970862030983,2988,-17.171209159999997,0.02,150.0
6940,59800,2990,8,-2.11488676071167,0.08286763727664948,0.0003,0.9219208359718323,0.3663879930973053,2989,-17.171209159999997,0.02,150.0
6940,59820,2991,8,-2.1223652362823486,0.2890850007534027,0.0003,0.7715842127799988,0.27036812901496887,2990,-17.171209159999997,0.02,150.0
6940,59840,2992,8,-2.106668472290039,1.1444944143295288,0.0003,-0.2351464033126831,0.6527577638626099,2991,-17.171209159999997,0.02,150.0
6941,59860,2993,8,-2.1308419704437256,0.1616917997598648,0.0003,0.8073970675468445,0.06879470497369766,2992,-17.171209159999997,0.02,150.0
6941,59880,2994,8,-2.133911371231079,0.054675109684467316,0.0003,0.9552328586578369,-0.3180501461029053,2993,-17.171209159999997,0.02,150.0
6940,59900,2995,8,-2.1528923511505127,0.034925948828458786,0.0003,0.9542165994644165,-0.2688640356063843,2994,-17.171209159999997,0.02,150.0
6941,59920,2996,8,-2.155179738998413,0.23933622241020203,0.0003,0.8180306553840637,0.24822111427783966,2995,-17.171209159999997,0.02,150.0
6941,59940,2997,8,-2.157243251800537,0.14349351823329926,0.0003,0.9061771035194397,0.15211282670497894,2996,-17.171209159999997,0.02,150.0
6941,59960,2998,8,-2.164107322692871,0.07625089585781097,0.0003,0.8809162378311157,-0.3398870527744293,2997,-17.171209159999997,0.02,150.0
6941,59980,2999,8,-2.1635494232177734,1.3653736114501953,0.0003,0.609330415725708,1.1864564418792725,2998,-17.171209159999997,0.02,150.0
6941,60000,3000,8,-2.1665117740631104,0.07434851676225662,0.0003,0.8981913328170776,0.20967383682727814,2999,-17.33083646,0.02,150.0
6941,60020,3001,8,-2.168145179748535,0.04638121277093887,0.0003,0.8931436538696289,0.1659947633743286,3000,-17.33083646,0.02,150.0
6942,60040,3002,8,-1.9145543575286865,0.11359139531850815,0.0003,0.9266883134841919,-0.16356046497821808,3001,-17.33083646,0.02,150.0
6942,60060,3003,8,-1.9142448902130127,0.35420894622802734,0.0003,0.7340385317802429,0.66785728931427,3002,-17.33083646,0.02,150.0
6942,60080,3004,8,-1.9270563125610352,0.043171871453523636,0.0003,0.9619100093841553,-0.11074946820735931,3003,-17.33083646,0.02,150.0
6942,60100,3005,8,-1.950534462928772,0.06843723356723785,0.0003,0.9235171675682068,-0.09112081676721573,3004,-17.33083646,0.02,150.0
6943,60120,3006,8,-1.9593740701675415,0.15194515883922577,0.0003,0.8413984775543213,0.22159335017204285,3005,-17.33083646,0.02,150.0
6943,60140,3007,8,-1.955678939819336,1.0743029117584229,0.0003,0.7468627691268921,0.9621683359146118,3006,-17.33083646,0.02,150.0
6943,60160,3008,8,-1.979562520980835,0.28450703620910645,0.0003,0.9266051650047302,-0.23517616093158722,3007,-17.33083646,0.02,150.0
6944,60180,3009,8,-1.997983694076538,0.23117749392986298,0.0003,0.9570581316947937,0.06332442909479141,3008,-17.33083646,0.02,150.0
6944,60200,3010,8,-2.012665271759033,0.18601460754871368,0.0003,0.9802706241607666,-0.47543150186538696,3009,-17.33083646,0.02,150.0
6944,60220,3011,8,-2.0213353633880615,0.719372570514679,0.0003,0.9346150755882263,-0.6211937665939331,3010,-17.33083646,0.02,150.0
6944,60240,3012,8,-2.029820680618286,0.1487245261669159,0.0003,0.9888224005699158,-0.3234846293926239,3011,-17.33083646,0.02,150.0
6945,60260,3013,8,-2.053178548812866,0.1847076267004013,0.0003,0.9840109348297119,-0.24072816967964172,3012,-17.33083646,0.02,150.0
6945,60280,3014,8,-2.0486645698547363,1.6067945957183838,0.0003,0.8814688324928284,1.364457607269287,3013,-17.33083646,0.02,150.0
6945,60300,3015,8,-2.055903196334839,0.3243008553981781,0.0003,0.9750624299049377,0.38530176877975464,3014,-17.33083646,0.02,150.0
6945,60320,3016,8,-2.0536911487579346,1.2900763750076294,0.0003,0.944063663482666,0.7844462394714355,3015,-17.33083646,0.02,150.0
6946,60340,3017,8,-2.0549535751342773,0.4173973500728607,0.0003,0.9909303188323975,-0.9108625650405884,3016,-17.33083646,0.02,150.0
6946,60360,3018,8,-2.0598130226135254,0.09263868629932404,0.0003,0.9964314103126526,0.2274196892976761,3017,-17.33083646,0.02,150.0
6946,60380,3019,8,-2.0578393936157227,0.27817097306251526,0.0003,0.9955182671546936,-0.8472816348075867,3018,-17.33083646,0.02,150.0
6947,60400,3020,8,-2.0925896167755127,0.09925521165132523,0.0003,0.9977524876594543,-0.48472705483436584,3019,-17.33083646,0.02,150.0
6947,60420,3021,8,-2.088852643966675,0.18839223682880402,0.0003,0.9909172654151917,-0.1471690833568573,3020,-17.33083646,0.02,150.0
6947,60440,3022,8,-2.0727086067199707,0.03812919184565544,0.0003,0.9987839460372925,-0.2479543685913086,3021,-17.33083646,0.02,150.0
6948,60460,3023,8,-2.1083412170410156,0.16534855961799622,0.0003,0.9896502494812012,0.11664261668920517,3022,-17.33083646,0.02,150.0
6948,60480,3024,8,-2.0940370559692383,0.1255633383989334,0.0003,0.9931591749191284,0.2769036889076233,3023,-17.33083646,0.02,150.0
6948,60500,3025,8,-2.1088013648986816,0.1683519333600998,0.0003,0.9903039336204529,0.00908973254263401,3024,-17.33083646,0.02,150.0
6949,60520,3026,8,-2.092909336090088,0.01950363628566265,0.0003,0.998883843421936,-0.03322594240307808,3025,-17.33083646,0.02,150.0
6949,60540,3027,8,-2.1101908683776855,0.035138316452503204,0.0003,0.9980065822601318,0.030760183930397034,3026,-17.33083646,0.02,150.0
6949,60560,3028,8,-2.1197900772094727,0.044186994433403015,0.0003,0.997012197971344,0.0819755345582962,3027,-17.33083646,0.02,150.0
6949,60580,3029,8,-2.1301777362823486,0.09064923971891403,0.0003,0.9926404356956482,0.09413499385118484,3028,-17.33083646,0.02,150.0
6949,60600,3030,8,-2.15320086479187,0.26009035110473633,0.0003,0.9839685559272766,0.6545791029930115,3029,-17.368404820000002,0.02,150.0
6950,60620,3031,8,-2.136828899383545,0.05796179175376892,0.0003,0.9945452213287354,0.041082147508859634,3030,-17.368404820000002,0.02,150.0
6950,60640,3032,8,-1.9333064556121826,0.0841268002986908,0.0003,0.9235382676124573,-0.38889631628990173,3031,-17.368404820000002,0.02,150.0
6950,60660,3033,8,-1.9545679092407227,0.08436751365661621,0.0003,0.8859533667564392,-0.1043962687253952,3032,-17.368404820000002,0.02,150.0
6951,60680,3034,8,-1.9600718021392822,0.28515079617500305,0.0003,0.8009285926818848,-0.41763076186180115,3033,-17.368404820000002,0.02,150.0
6951,60700,3035,8,-1.9670490026474,0.29979628324508667,0.0003,0.5696819424629211,0.03685344010591507,3034,-17.368404820000002,0.02,150.0
6951,60720,3036,8,-1.9657623767852783,0.7607570886611938,0.0003,0.6288990378379822,0.41324958205223083,3035,-17.368404820000002,0.02,150.0
6952,60740,3037,8,-1.9921491146087646,0.2716202139854431,0.0003,0.9194257259368896,-0.4238470196723938,3036,-17.368404820000002,0.02,150.0
6952,60760,3038,8,-2.0000967979431152,0.6446601748466492,0.0003,0.7428616285324097,-1.097248911857605,3037,-17.368404820000002,0.02,150.0
6952,60780,3039,8,-2.022273540496826,0.9402457475662231,0.0003,0.7850527763366699,-0.2652909755706787,3038,-17.368404820000002,0.02,150.0
6952,60800,3040,8,-2.0164058208465576,0.2151390016078949,0.0003,0.9534585475921631,-0.003430306911468506,3039,-17.368404820000002,0.02,150.0
6952,60820,3041,8,-2.0370631217956543,0.4168696403503418,0.0003,0.9357088208198547,0.29159873723983765,3040,-17.368404820000002,0.02,150.0
6952,60840,3042,8,-2.05222225189209,0.32382166385650635,0.0003,0.9637571573257446,-0.923737645149231,3041,-17.368404820000002,0.02,150.0
6952,60860,3043,8,-2.0624518394470215,0.18145258724689484,0.0003,0.9609425067901611,0.022907685488462448,3042,-17.368404820000002,0.02,150.0
6952,60880,3044,8,-2.0741183757781982,0.08798931539058685,0.0003,0.9869334101676941,-0.4027847647666931,3043,-17.368404820000002,0.02,150.0
6952,60900,3045,8,-2.0933444499969482,0.19364790618419647,0.0003,0.94858717918396,-0.013434574007987976,3044,-17.368404820000002,0.02,150.0
6952,60920,3046,8,-2.101097822189331,0.056764911860227585,0.0003,0.9857476949691772,-0.2473604679107666,3045,-17.368404820000002,0.02,150.0
6953,60940,3047,8,-2.0983736515045166,0.2000342309474945,0.0003,0.9547080993652344,0.46924400329589844,3046,-17.368404820000002,0.02,150.0
6953,60960,3048,8,-2.0965912342071533,0.25718650221824646,0.0003,0.9372619986534119,0.1327376663684845,3047,-17.368404820000002,0.02,150.0
6953,60980,3049,8,-2.0951297283172607,0.16025054454803467,0.0003,0.9501467943191528,-0.5069381594657898,3048,-17.368404820000002,0.02,150.0
6953,61000,3050,8,-2.1037163734436035,0.06394654512405396,0.0003,0.9829372763633728,-0.31903794407844543,3049,-17.368404820000002,0.02,150.0
6953,61020,3051,8,-2.123809814453125,0.049783866852521896,0.0003,0.9688249230384827,-0.1461857259273529,3050,-17.368404820000002,0.02,150.0
6953,61040,3052,8,-2.1136937141418457,0.1346971094608307,0.0003,0.9686764478683472,-0.6871088147163391,3051,-17.368404820000002,0.02,150.0
6954,61060,3053,8,-2.1335878372192383,0.08959388732910156,0.0003,0.6926226615905762,0.0829986184835434,3052,-17.368404820000002,0.02,150.0
6954,61080,3054,8,-2.140808582305908,0.2279471457004547,0.0003,0.6066439151763916,0.4859071373939514,3053,-17.368404820000002,0.02,150.0
6954,61100,3055,8,-2.1382594108581543,0.07033542543649673,0.0003,0.841266393661499,-0.32287827134132385,3054,-17.368404820000002,0.02,150.0
6955,61120,3056,8,-2.1491236686706543,0.05763089656829834,0.0003,0.829314649105072,-0.3686116337776184,3055,-17.368404820000002,0.02,150.0
6955,61140,3057,8,-2.152771234512329,0.3709794580936432,0.0003,0.4026809334754944,0.2731129229068756,3056,-17.368404820000002,0.02,150.0
6955,61160,3058,8,-2.1336495876312256,0.1207486167550087,0.0003,0.5772168636322021,-0.0348043367266655,3057,-17.368404820000002,0.02,150.0
6955,61180,3059,8,-2.1376044750213623,0.027694424614310265,0.0003,0.8291305303573608,-0.07641472667455673,3058,-17.368404820000002,0.02,150.0
6955,61200,3060,8,-2.157235622406006,0.03820129856467247,0.0003,-0.1689063310623169,0.20147868990898132,3059,-17.399914940000002,0.02,150.0
6955,61220,3061,8,-2.1571896076202393,0.00906943529844284,0.0003,0.8188554644584656,0.018795985728502274,3060,-17.399914940000002,0.02,150.0
6955,61240,3062,8,-1.9147746562957764,0.5156957507133484,0.0003,0.21031463146209717,0.10390305519104004,3061,-17.399914940000002,0.02,150.0
6956,61260,3063,8,-1.926574945449829,0.21427270770072937,0.0003,0.7668530941009521,0.17373183369636536,3062,-17.399914940000002,0.02,150.0
6956,61280,3064,8,-1.9413379430770874,0.15636713802814484,0.0003,0.8782814741134644,0.0830417051911354,3063,-17.399914940000002,0.02,150.0
6956,61300,3065,8,-1.9587433338165283,0.05368109419941902,0.0003,0.9818530678749084,-0.35865363478660583,3064,-17.399914940000002,0.02,150.0
6956,61320,3066,8,-1.9707454442977905,0.15344271063804626,0.0003,0.9085536003112793,0.10915507376194,3065,-17.399914940000002,0.02,150.0
6957,61340,3067,8,-1.9875110387802124,1.058242678642273,0.0003,0.7536988854408264,1.0247313976287842,3066,-17.399914940000002,0.02,150.0
6957,61360,3068,8,-1.9958175420761108,0.05632421374320984,0.0003,0.9746270775794983,0.07528649270534515,3067,-17.399914940000002,0.02,150.0
6957,61380,3069,8,-1.99373459815979,0.0541236586868763,0.0003,0.9844590425491333,-0.26686176657676697,3068,-17.399914940000002,0.02,150.0
6957,61400,3070,8,-2.0013248920440674,0.09014588594436646,0.0003,0.9538081288337708,-0.3121891915798187,3069,-17.399914940000002,0.02,150.0
6958,61420,3071,8,-2.017167568206787,0.06522687524557114,0.0003,0.9469173550605774,0.11353953182697296,3070,-17.399914940000002,0.02,150.0
6958,61440,3072,8,-2.0464344024658203,0.2069459706544876,0.0003,0.8876526355743408,-0.14318104088306427,3071,-17.399914940000002,0.02,150.0
6958,61460,3073,8,-2.0518088340759277,0.059457264840602875,0.0003,0.9859868288040161,-0.3786061704158783,3072,-17.399914940000002,0.02,150.0
6959,61480,3074,8,-2.0729801654815674,0.06262030452489853,0.0003,0.9790819883346558,-0.31206217408180237,3073,-17.399914940000002,0.02,150.0
6959,61500,3075,8,-2.0872747898101807,0.17708396911621094,0.0003,0.9658941626548767,-0.6970025300979614,3074,-17.399914940000002,0.02,150.0
6959,61520,3076,8,-2.102933406829834,0.037852007895708084,0.0003,0.9841814637184143,-0.25315922498703003,3075,-17.399914940000002,0.02,150.0
6960,61540,3077,8,-2.1160199642181396,0.02098841406404972,0.0003,0.9916120171546936,-0.21722416579723358,3076,-17.399914940000002,0.02,150.0
6960,61560,3078,8,-2.1259021759033203,0.01820550486445427,0.0003,0.985734224319458,0.08493657410144806,3077,-17.399914940000002,0.02,150.0
6960,61580,3079,8,-2.1352176666259766,0.07070446014404297,0.0003,0.9399384260177612,0.05792659521102905,3078,-17.399914940000002,0.02,150.0
6960,61600,3080,8,-2.122271776199341,0.25877177715301514,0.0003,0.9195108413696289,0.5203949213027954,3079,-17.399914940000002,0.02,150.0
6961,61620,3081,8,-2.11449933052063,0.04377541318535805,0.0003,0.9687786102294922,0.08835943043231964,3080,-17.399914940000002,0.02,150.0
6961,61640,3082,8,-2.1141724586486816,0.2652795612812042,0.0003,0.9013797640800476,0.23624689877033234,3081,-17.399914940000002,0.02,150.0
6961,61660,3083,8,-2.1056156158447266,1.1504453420639038,0.0003,0.6482621431350708,0.9392518997192383,3082,-17.399914940000002,0.02,150.0
6962,61680,3084,8,-2.105123996734619,0.08197037875652313,0.0003,0.965246856212616,-0.032692551612854004,3083,-17.399914940000002,0.02,150.0
6962,61700,3085,8,-2.110602378845215,0.02215389534831047,0.0003,0.9963663816452026,-0.2711508870124817,3084,-17.399914940000002,0.02,150.0
6962,61720,3086,8,-2.1119344234466553,0.22888211905956268,0.0003,0.8777596950531006,0.33521562814712524,3085,-17.399914940000002,0.02,150.0
6963,61740,3087,8,-2.105717182159424,0.048237394541502,0.0003,0.9756817817687988,-0.19050700962543488,3086,-17.399914940000002,0.02,150.0
6963,61760,3088,8,-2.1103317737579346,0.2311200648546219,0.0003,0.851773202419281,0.21263578534126282,3087,-17.399914940000002,0.02,150.0
6963,61780,3089,8,-2.1243085861206055,0.030980447307229042,0.0003,0.9791350364685059,0.009243747219443321,3088,-17.399914940000002,0.02,150.0
6963,61800,3090,8,-2.1398262977600098,0.016105446964502335,0.0003,0.9883261322975159,-0.08913586288690567,3089,-17.30908385,0.02,150.0
6964,61820,3091,8,-2.1386306285858154,0.037605106830596924,0.0003,0.9654832482337952,0.08106628805398941,3090,-17.30908385,0.02,150.0
6964,61840,3092,8,-1.9230098724365234,0.10844117403030396,0.0003,0.916677713394165,-0.38966473937034607,3091,-17.30908385,0.02,150.0
6964,61860,3093,8,-1.9420162439346313,0.22104553878307343,0.0003,0.8172169327735901,0.2536930441856384,3092,-17.30908385,0.02,150.0
6964,61880,3094,8,-1.9473049640655518,0.24937555193901062,0.0003,0.514629602432251,-0.06070243567228317,3093,-17.30908385,0.02,150.0
6965,61900,3095,8,-1.9620624780654907,1.493275761604309,0.0003,0.2779628038406372,1.418377161026001,3094,-17.30908385,0.02,150.0
6965,61920,3096,8,-1.9860286712646484,0.35980165004730225,0.0003,0.5635955929756165,-0.03844153881072998,3095,-17.30908385,0.02,150.0
6965,61940,3097,8,-2.0154850482940674,0.305698961019516,0.0003,0.6857337951660156,0.4912979006767273,3096,-17.30908385,0.02,150.0
6965,61960,3098,8,-2.0316100120544434,0.3056528568267822,0.0003,0.873818576335907,0.9506651759147644,3097,-17.30908385,0.02,150.0
6966,61980,3099,8,-2.0420093536376953,0.40987855195999146,0.0003,0.6859583854675293,0.5114430785179138,3098,-17.30908385,0.02,150.0
6966,62000,3100,8,-2.0335185527801514,6.1499810218811035,0.0003,0.6100742816925049,1.8501936197280884,3099,-17.30908385,0.02,150.0
6966,62020,3101,8,-2.0353176593780518,1.0338839292526245,0.0003,0.8632607460021973,0.5855753421783447,3100,-17.30908385,0.02,150.0
6967,62040,3102,8,-2.0355634689331055,0.9134329557418823,0.0003,0.8688938617706299,0.3247893452644348,3101,-17.30908385,0.02,150.0
6967,62060,3103,8,-2.044001340866089,0.1816035509109497,0.0003,0.9805834889411926,-0.3594314157962799,3102,-17.30908385,0.02,150.0
6967,62080,3104,8,-2.0468461513519287,0.07142262905836105,0.0003,0.9936055541038513,-0.2641267776489258,3103,-17.30908385,0.02,150.0
6968,62100,3105,8,-2.07017183303833,0.3472364544868469,0.0003,0.9395529627799988,0.22124946117401123,3104,-17.30908385,0.02,150.0
6968,62120,3106,8,-2.0888419151306152,0.09635902941226959,0.0003,0.9790112376213074,-0.14063885807991028,3105,-17.30908385,0.02,150.0
6968,62140,3107,8,-2.099561929702759,0.1560821533203125,0.0003,0.9743102192878723,0.45935487747192383,3106,-17.30908385,0.02,150.0
6969,62160,3108,8,-2.089303493499756,0.09754447638988495,0.0003,0.9848848581314087,-0.20684814453125,3107,-17.30908385,0.02,150.0
6969,62180,3109,8,-2.0999395847320557,0.7195447683334351,0.0003,0.92202228307724,-0.00734865665435791,3108,-17.30908385,0.02,150.0
6969,62200,3110,8,-2.100994825363159,0.10922960937023163,0.0003,0.9903337955474854,-0.37594980001449585,3109,-17.30908385,0.02,150.0
6970,62220,3111,8,-2.088212013244629,1.1209442615509033,0.0003,0.8368769288063049,0.46160808205604553,3110,-17.30908385,0.02,150.0
6970,62240,3112,8,-2.1076385974884033,0.2173798531293869,0.0003,0.9709857702255249,-0.08651043474674225,3111,-17.30908385,0.02,150.0
6970,62260,3113,8,-2.079270124435425,0.30118584632873535,0.0003,0.9685140252113342,0.1504327952861786,3112,-17.30908385,0.02,150.0
6971,62280,3114,8,-2.083092451095581,0.12262865155935287,0.0003,0.9881131649017334,-0.003164640162140131,3113,-17.30908385,0.02,150.0
6971,62300,3115,8,-2.0953266620635986,0.22413387894630432,0.0003,0.9840899109840393,0.11216481029987335,3114,-17.30908385,0.02,150.0
6971,62320,3116,8,-2.104300022125244,0.2237517088651657,0.0003,0.9887486696243286,-0.4183780550956726,3115,-17.30908385,0.02,150.0
6971,62340,3117,8,-2.1186459064483643,0.33624470233917236,0.0003,0.9795469641685486,-0.18868115544319153,3116,-17.30908385,0.02,150.0
6972,62360,3118,8,-2.118614673614502,0.10981900990009308,0.0003,0.9944522380828857,-0.2937944829463959,3117,-17.30908385,0.02,150.0
6971,62380,3119,8,-2.124687910079956,0.24214187264442444,0.0003,0.983868420124054,0.09277437627315521,3118,-17.30908385,0.02,150.0
6971,62400,3120,8,-2.134462594985962,0.19310984015464783,0.0003,0.9883120059967041,-0.05669919401407242,3119,-17.2331965,0.02,150.0
6972,62420,3121,8,-2.133650779724121,0.20379352569580078,0.0003,0.9931609630584717,-0.6278005838394165,3120,-17.2331965,0.02,150.0
6972,62440,3122,8,-1.9390910863876343,0.1870725005865097,0.0003,0.9144593477249146,-0.23801088333129883,3121,-17.2331965,0.02,150.0
6972,62460,3123,8,-1.944603681564331,0.29028889536857605,0.0003,0.8571176528930664,-0.07511117309331894,3122,-17.2331965,0.02,150.0
6972,62480,3124,8,-1.9599196910858154,0.1669875979423523,0.0003,0.9244946837425232,-0.07062134891748428,3123,-17.2331965,0.02,150.0
6972,62500,3125,8,-1.9276974201202393,0.5157853960990906,0.0003,0.8757429122924805,0.0313175693154335,3124,-17.2331965,0.02,150.0
6973,62520,3126,8,-1.9546420574188232,0.1437806338071823,0.0003,0.9720467925071716,-0.36289262771606445,3125,-17.2331965,0.02,150.0
6973,62540,3127,8,-1.9803308248519897,0.7436809539794922,0.0003,0.9320573210716248,-1.2389554977416992,3126,-17.2331965,0.02,150.0
6972,62560,3128,8,-1.9937465190887451,0.4073604941368103,0.0003,0.9345627427101135,-0.42053166031837463,3127,-17.2331965,0.02,150.0
6972,62580,3129,8,-1.9921379089355469,1.3244702816009521,0.0003,0.8460299372673035,1.3552652597427368,3128,-17.2331965,0.02,150.0
6972,62600,3130,8,-1.9866663217544556,0.9108983278274536,0.0003,0.9144495725631714,0.6844845414161682,3129,-17.2331965,0.02,150.0
6973,62620,3131,8,-1.997862458229065,0.2540740966796875,0.0003,0.978167712688446,0.24020728468894958,3130,-17.2331965,0.02,150.0
6973,62640,3132,8,-1.98513925075531,2.121870279312134,0.0003,0.8662917017936707,1.1865432262420654,3131,-17.2331965,0.02,150.0
6973,62660,3133,8,-1.9652557373046875,2.1688015460968018,0.0003,0.9173438549041748,0.8967424631118774,3132,-17.2331965,0.02,150.0
6973,62680,3134,8,-1.953381896018982,0.6048556566238403,0.0003,0.9756920337677002,-0.544819712638855,3133,-17.2331965,0.02,150.0
6973,62700,3135,8,-1.9921783208847046,1.3959193229675293,0.0003,0.9476040005683899,-0.30438947677612305,3134,-17.2331965,0.02,150.0
6974,62720,3136,8,-2.0145630836486816,0.45101046562194824,0.0003,0.9919111132621765,-1.029292345046997,3135,-17.2331965,0.02,150.0
6974,62740,3137,8,-2.042755126953125,0.5855604410171509,0.0003,0.9824151396751404,-1.0547237396240234,3136,-17.2331965,0.02,150.0
6974,62760,3138,8,-2.055752992630005,0.7016246318817139,0.0003,0.9640434980392456,-1.0073654651641846,3137,-17.2331965,0.02,150.0
6974,62780,3139,9,-2.0537619590759277,0.4913327097892761,0.0003,0.9494878053665161,-0.667534351348877,3138,-17.2331965,0.02,150.0
6974,62800,3140,9,-2.0499584674835205,0.5758166313171387,0.0003,0.9003591537475586,-0.8634898066520691,3139,-17.2331965,0.02,150.0
6975,62820,3141,9,-2.072068691253662,0.12970922887325287,0.0003,0.9543731212615967,-0.3069364130496979,3140,-17.2331965,0.02,150.0
6975,62840,3142,9,-2.081010580062866,0.07380779087543488,0.0003,0.9611909985542297,-0.333273708820343,3141,-17.2331965,0.02,150.0
6975,62860,3143,9,-2.1000359058380127,0.062013767659664154,0.0003,0.9397004842758179,-0.26026487350463867,3142,-17.2331965,0.02,150.0
6975,62880,3144,9,-2.1222989559173584,0.03985578566789627,0.0003,0.9693028330802917,-0.3289947509765625,3143,-17.2331965,0.02,150.0
6976,62900,3145,9,-2.1286466121673584,0.13367238640785217,0.0003,0.5274829864501953,-0.5120620131492615,3144,-17.2331965,0.02,150.0
6975,62920,3146,9,-2.1407456398010254,0.04507991671562195,0.0003,0.28100210428237915,-0.09572019428014755,3145,-17.2331965,0.02,150.0
6976,62940,3147,9,-2.155832290649414,0.001250419532880187,0.0003,0.9825853705406189,-0.0012826978927478194,3146,-17.2331965,0.02,150.0
6976,62960,3148,9,-2.161736011505127,0.015663614496588707,0.0003,0.7380678653717041,-0.18206699192523956,3147,-17.2331965,0.02,150.0
6976,62980,3149,9,-2.15547513961792,0.009023602120578289,0.0003,0.35732823610305786,0.03990601375699043,3148,-17.2331965,0.02,150.0
6976,63000,3150,9,-2.1518187522888184,0.01390306930989027,0.0003,0.41104793548583984,-0.028242012485861778,3149,-17.19867373,0.02,150.0
6977,63020,3151,9,-2.1496074199676514,0.01689016819000244,0.0003,0.11913543939590454,0.11826560646295547,3150,-17.19867373,0.02,150.0
6977,63040,3152,9,-1.9600216150283813,0.07514514029026031,0.0003,0.9133849143981934,-0.3182290196418762,3151,-17.19867373,0.02,150.0
6977,63060,3153,9,-1.974191427230835,0.2538890540599823,0.0003,0.8641012907028198,0.412602037191391,3152,-17.19867373,0.02,150.0
6977,63080,3154,9,-1.9846786260604858,0.1559688001871109,0.0003,0.8732061982154846,-0.46580514311790466,3153,-17.19867373,0.02,150.0
6978,63100,3155,9,-1.9938418865203857,0.2456907033920288,0.0003,0.7966765761375427,0.445469468832016,3154,-17.19867373,0.02,150.0
6978,63120,3156,9,-2.0231716632843018,0.1369621455669403,0.0003,0.915922999382019,0.5584863424301147,3155,-17.19867373,0.02,150.0
6978,63140,3157,9,-2.0304036140441895,0.2009410411119461,0.0003,0.8703331351280212,-0.08286115527153015,3156,-17.19867373,0.02,150.0
6978,63160,3158,9,-2.0614280700683594,0.08805958181619644,0.0003,0.974492073059082,-0.3186871409416199,3157,-17.19867373,0.02,150.0
6979,63180,3159,9,-2.0843863487243652,0.13557866215705872,0.0003,0.9523733258247375,-0.439508855342865,3158,-17.19867373,0.02,150.0
6979,63200,3160,9,-2.0959174633026123,0.13752254843711853,0.0003,0.9678056240081787,-0.4662064015865326,3159,-17.19867373,0.02,150.0
6979,63220,3161,9,-2.1134324073791504,0.02034260891377926,0.0003,0.991109311580658,0.09026139974594116,3160,-17.19867373,0.02,150.0
6979,63240,3162,9,-2.1185379028320312,0.11882563680410385,0.0003,0.9348049759864807,0.12749573588371277,3161,-17.19867373,0.02,150.0
6980,63260,3163,9,-2.1050333976745605,0.053391844034194946,0.0003,0.9767987728118896,-0.14901790022850037,3162,-17.19867373,0.02,150.0
6980,63280,3164,9,-2.1199729442596436,0.04431166127324104,0.0003,0.9870959520339966,0.3071114718914032,3163,-17.19867373,0.02,150.0
6980,63300,3165,9,-2.1226258277893066,0.2267250269651413,0.0003,0.9483076930046082,0.4820786416530609,3164,-17.19867373,0.02,150.0
6980,63320,3166,9,-2.117661237716675,0.7301486134529114,0.0003,0.8961371183395386,0.8558441996574402,3165,-17.19867373,0.02,150.0
6981,63340,3167,9,-2.1264309883117676,0.0705047994852066,0.0003,0.9845167398452759,-0.21479466557502747,3166,-17.19867373,0.02,150.0
6981,63360,3168,9,-2.1275932788848877,1.4331947565078735,0.0003,0.6216894388198853,1.4797371625900269,3167,-17.19867373,0.02,150.0
6981,63380,3169,9,-2.1293845176696777,0.1695655882358551,0.0003,0.9445651769638062,-0.4603533148765564,3168,-17.19867373,0.02,150.0
6981,63400,3170,9,-2.13720440864563,1.2445833683013916,0.0003,-0.7740241289138794,0.8647695779800415,3169,-17.19867373,0.02,150.0
6982,63420,3171,9,-2.142087459564209,0.33159369230270386,0.0003,0.34811270236968994,0.1689484715461731,3170,-17.19867373,0.02,150.0
6982,63440,3172,9,-2.144594192504883,0.1736091524362564,0.0003,0.3622356057167053,-0.40368518233299255,3171,-17.19867373,0.02,150.0
6982,63460,3173,9,-2.1477115154266357,0.1077960729598999,0.0003,0.6139113306999207,-0.054180752485990524,3172,-17.19867373,0.02,150.0
6982,63480,3174,9,-2.128361701965332,0.0321895070374012,0.0003,0.8584599494934082,0.05821014568209648,3173,-17.19867373,0.02,150.0
6983,63500,3175,9,-2.126955509185791,0.25348100066185,0.0003,0.6913208961486816,0.3759540915489197,3174,-17.19867373,0.02,150.0
6983,63520,3176,9,-2.1244871616363525,0.033990539610385895,0.0003,0.7628225088119507,-0.1645960956811905,3175,-17.19867373,0.02,150.0
6983,63540,3177,9,-2.113433361053467,0.19257014989852905,0.0003,0.23420965671539307,0.34913334250450134,3176,-17.19867373,0.02,150.0
6983,63560,3178,9,-2.1260266304016113,0.193473219871521,0.0003,0.2904471158981323,-0.02783513069152832,3177,-17.19867373,0.02,150.0
6984,63580,3179,9,-2.1628434658050537,0.07586275041103363,0.0003,0.4740256071090698,-0.4324710965156555,3178,-17.19867373,0.02,150.0
6984,63600,3180,9,-2.1659908294677734,0.09403340518474579,0.0003,0.3085748553276062,-0.2950904965400696,3179,-17.47719554,0.02,150.0
6984,63620,3181,9,-2.1651108264923096,0.0433708019554615,0.0003,0.31206846237182617,-0.1894027441740036,3180,-17.47719554,0.02,150.0
6984,63640,3182,9,-1.857124924659729,0.1745193898677826,0.0003,-0.5769686698913574,-0.41112327575683594,3181,-17.47719554,0.02,150.0
6984,63660,3183,9,-1.8682416677474976,0.11295835673809052,0.0003,0.659011960029602,0.2154703140258789,3182,-17.47719554,0.02,150.0
6985,63680,3184,9,-1.8860670328140259,0.13643288612365723,0.0003,0.7206961512565613,0.09523376077413559,3183,-17.47719554,0.02,150.0
6985,63700,3185,9,-1.8985904455184937,0.6253434419631958,0.0003,0.25584977865219116,0.15372581779956818,3184,-17.47719554,0.02,150.0
6985,63720,3186,9,-1.9078152179718018,0.02976967953145504,0.0003,0.9759663939476013,-0.25557368993759155,3185,-17.47719554,0.02,150.0
6985,63740,3187,9,-1.9301332235336304,0.05729202553629875,0.0003,0.9275854825973511,0.07701550424098969,3186,-17.47719554,0.02,150.0
6985,63760,3188,9,-1.9372209310531616,0.18838126957416534,0.0003,0.8572009801864624,0.18024007976055145,3187,-17.47719554,0.02,150.0
6985,63780,3189,9,-1.9519710540771484,0.20148520171642303,0.0003,0.9264639019966125,-0.8400474786758423,3188,-17.47719554,0.02,150.0
6986,63800,3190,9,-1.9631831645965576,0.1302219033241272,0.0003,0.7171808481216431,0.06745400279760361,3189,-17.47719554,0.02,150.0
6986,63820,3191,9,-1.9724727869033813,0.5205031633377075,0.0003,0.7168048620223999,0.7876477241516113,3190,-17.47719554,0.02,150.0
6986,63840,3192,9,-1.9895508289337158,0.21389980614185333,0.0003,0.7671211361885071,-0.05193483829498291,3191,-17.47719554,0.02,150.0
6986,63860,3193,9,-2.0141830444335938,1.5789881944656372,0.0003,0.6272332668304443,1.0918890237808228,3192,-17.47719554,0.02,150.0
6986,63880,3194,9,-2.00117564201355,0.22068361937999725,0.0003,0.9485570192337036,0.7486074566841125,3193,-17.47719554,0.02,150.0
6986,63900,3195,9,-2.008924722671509,1.817204236984253,0.0003,0.4876355528831482,-0.057213831692934036,3194,-17.47719554,0.02,150.0
6987,63920,3196,9,-2.0236716270446777,0.14689449965953827,0.0003,0.9603334665298462,0.1202964335680008,3195,-17.47719554,0.02,150.0
6987,63940,3197,9,-2.0439140796661377,0.2788156569004059,0.0003,0.958835244178772,-0.7470225095748901,3196,-17.47719554,0.02,150.0
6987,63960,3198,9,-2.076327323913574,0.1279468983411789,0.0003,0.960200846195221,0.2244100570678711,3197,-17.47719554,0.02,150.0
6987,63980,3199,9,-2.065976142883301,0.08764858543872833,0.0003,0.9819678068161011,-0.3446424901485443,3198,-17.47719554,0.02,150.0
6987,64000,3200,9,-2.082286834716797,0.3742658495903015,0.0003,0.937989354133606,-1.0011072158813477,3199,-17.47719554,0.02,150.0
6988,64020,3201,9,-2.0994350910186768,0.04117404669523239,0.0003,0.9856032133102417,-0.2570992410182953,3200,-17.47719554,0.02,150.0
6988,64040,3202,9,-2.101362943649292,0.06596765667200089,0.0003,0.9529848694801331,-0.012105408124625683,3201,-17.47719554,0.02,150.0
6988,64060,3203,9,-2.118506908416748,0.056028205901384354,0.0003,0.9481186866760254,-0.07669731229543686,3202,-17.47719554,0.02,150.0
6988,64080,3204,9,-2.1213040351867676,0.14168326556682587,0.0003,0.9183568954467773,0.4672483801841736,3203,-17.47719554,0.02,150.0
6988,64100,3205,9,-2.1277260780334473,0.021579444408416748,0.0003,0.9716083407402039,0.02492680959403515,3204,-17.47719554,0.02,150.0
6988,64120,3206,9,-2.118065357208252,0.07463361322879791,0.0003,0.929164707660675,0.09213552623987198,3205,-17.47719554,0.02,150.0
6989,64140,3207,9,-2.1218483448028564,0.010921858251094818,0.0003,0.9873189926147461,0.05462348461151123,3206,-17.47719554,0.02,150.0
6989,64160,3208,9,-2.1342780590057373,0.021349841728806496,0.0003,0.9826778173446655,0.1533813774585724,3207,-17.47719554,0.02,150.0
6989,64180,3209,9,-2.1308751106262207,0.05800054222345352,0.0003,0.9590632319450378,0.11286737769842148,3208,-17.47719554,0.02,150.0
6989,64200,3210,9,-2.1419975757598877,0.1247343197464943,0.0003,0.9267178177833557,0.4425446093082428,3209,-17.38379913,0.02,150.0
6990,64220,3211,9,-2.1476449966430664,0.009859517216682434,0.0003,0.9952833652496338,-0.14330168068408966,3210,-17.38379913,0.02,150.0
6989,64240,3212,9,-1.8656129837036133,0.5993961095809937,0.0003,0.5020053386688232,-0.21966104209423065,3211,-17.38379913,0.02,150.0
6990,64260,3213,9,-1.8772932291030884,0.21504731476306915,0.0003,0.9033347368240356,0.595341145992279,3212,-17.38379913,0.02,150.0
6990,64280,3214,9,-1.8887546062469482,0.25676244497299194,0.0003,0.9584606885910034,-0.9139741659164429,3213,-17.38379913,0.02,150.0
6989,64300,3215,9,-1.897626280784607,0.15170274674892426,0.0003,0.9386359453201294,-0.22560644149780273,3214,-17.38379913,0.02,150.0
6989,64320,3216,9,-1.9081814289093018,0.23952051997184753,0.0003,0.9531545042991638,-0.5029429197311401,3215,-17.38379913,0.02,150.0
6989,64340,3217,9,-1.9193843603134155,0.17604778707027435,0.0003,0.9740163683891296,-0.42182689905166626,3216,-17.38379913,0.02,150.0
6989,64360,3218,9,-1.9387238025665283,0.28309404850006104,0.0003,0.9515841603279114,0.46471697092056274,3217,-17.38379913,0.02,150.0
6989,64380,3219,9,-1.9579204320907593,0.07806944847106934,0.0003,0.9890194535255432,0.34809964895248413,3218,-17.38379913,0.02,150.0
6989,64400,3220,9,-1.9779857397079468,0.17610503733158112,0.0003,0.976141095161438,-0.07977668941020966,3219,-17.38379913,0.02,150.0
6990,64420,3221,9,-1.9787013530731201,0.363963782787323,0.0003,0.9494949579238892,0.1053326353430748,3220,-17.38379913,0.02,150.0
6990,64440,3222,9,-1.9978969097137451,0.02159319818019867,0.0003,0.9984568357467651,0.17097628116607666,3221,-17.38379913,0.02,150.0
6990,64460,3223,9,-2.0133602619171143,1.5072325468063354,0.0003,0.8610947728157043,1.6651792526245117,3222,-17.38379913,0.02,150.0
6990,64480,3224,9,-2.0166499614715576,0.13656190037727356,0.0003,0.9858506917953491,0.2716762125492096,3223,-17.38379913,0.02,150.0
6990,64500,3225,9,-2.0163421630859375,0.3394479751586914,0.0003,0.971339225769043,0.6427136659622192,3224,-17.38379913,0.02,150.0
6991,64520,3226,9,-2.0306363105773926,0.8163654208183289,0.0003,0.9309566020965576,0.9027533531188965,3225,-17.38379913,0.02,150.0
6991,64540,3227,9,-2.043722152709961,0.1395556926727295,0.0003,0.9883718490600586,0.05450091511011124,3226,-17.38379913,0.02,150.0
6991,64560,3228,9,-2.036162853240967,1.2671704292297363,0.0003,0.9382613897323608,0.8100266456604004,3227,-17.38379913,0.02,150.0
6991,64580,3229,9,-2.0491719245910645,1.7365729808807373,0.0003,0.8753249645233154,0.695499062538147,3228,-17.38379913,0.02,150.0
6992,64600,3230,9,-2.074469804763794,0.4547330439090729,0.0003,0.9717628359794617,-0.3821655213832855,3229,-17.38379913,0.02,150.0
6992,64620,3231,9,-2.097900867462158,0.09082987904548645,0.0003,0.994959831237793,-0.3826676607131958,3230,-17.38379913,0.02,150.0
6992,64640,3232,9,-2.102937698364258,0.30798178911209106,0.0003,0.9710089564323425,0.02494051493704319,3231,-17.38379913,0.02,150.0
6992,64660,3233,9,-2.093500852584839,1.377145528793335,0.0003,0.9159457683563232,1.3912686109542847,3232,-17.38379913,0.02,150.0
6992,64680,3234,9,-2.085634708404541,0.2682400047779083,0.0003,0.978886604309082,0.33697789907455444,3233,-17.38379913,0.02,150.0
6993,64700,3235,9,-2.1012744903564453,0.04120294377207756,0.0003,0.9964408874511719,-0.17685317993164062,3234,-17.38379913,0.02,150.0
6993,64720,3236,9,-2.1046714782714844,0.062201857566833496,0.0003,0.9935914278030396,0.10105597972869873,3235,-17.38379913,0.02,150.0
6993,64740,3237,9,-2.11491060256958,0.07003317773342133,0.0003,0.9940075874328613,0.1419813483953476,3236,-17.38379913,0.02,150.0
6993,64760,3238,9,-2.124479293823242,0.028511490672826767,0.0003,0.9978774189949036,0.11982431262731552,3237,-17.38379913,0.02,150.0
6994,64780,3239,9,-2.1304240226745605,0.31009405851364136,0.0003,0.9866289496421814,0.6015433073043823,3238,-17.38379913,0.02,150.0
6994,64800,3240,9,-2.1143875122070312,0.06723032146692276,0.0003,0.9959374070167542,-0.03870546817779541,3239,-17.04941392,0.02,150.0
6994,64820,3241,9,-2.132690668106079,0.32924628257751465,0.0003,0.9634813070297241,-0.29117172956466675,3240,-17.04941392,0.02,150.0
6994,64840,3242,9,-1.8623154163360596,0.1272466480731964,0.0003,0.3713381886482239,-0.2651345133781433,3241,-17.04941392,0.02,150.0
6995,64860,3243,9,-1.8760238885879517,0.2211606800556183,0.0003,0.7514190673828125,-0.16042964160442352,3242,-17.04941392,0.02,150.0
6995,64880,3244,9,-1.8872730731964111,0.30696743726730347,0.0003,0.8173596858978271,0.4640452265739441,3243,-17.04941392,0.02,150.0
6995,64900,3245,9,-1.8896042108535767,0.2778928279876709,0.0003,0.8064424991607666,0.07558274269104004,3244,-17.04941392,0.02,150.0
6995,64920,3246,9,-1.9105812311172485,0.1771671622991562,0.0003,0.8671910762786865,-0.029850875958800316,3245,-17.04941392,0.02,150.0
6995,64940,3247,9,-1.9530032873153687,0.5605179667472839,0.0003,0.861513614654541,0.8181414604187012,3246,-17.04941392,0.02,150.0
6995,64960,3248,9,-1.958719253540039,1.8787400722503662,0.0003,0.5353375673294067,0.18557105958461761,3247,-17.04941392,0.02,150.0
6994,64980,3249,9,-1.9412152767181396,0.2672630846500397,0.0003,0.949462354183197,-0.15559452772140503,3248,-17.04941392,0.02,150.0
6994,65000,3250,9,-1.9750274419784546,0.26829299330711365,0.0003,0.9578567743301392,0.21457377076148987,3249,-17.04941392,0.02,150.0
6994,65020,3251,9,-1.9917469024658203,0.28227800130844116,0.0003,0.9670704007148743,-0.20597121119499207,3250,-17.04941392,0.02,150.0
6993,65040,3252,9,-1.9994306564331055,0.284744530916214,0.0003,0.9572214484214783,-0.024343425408005714,3251,-17.04941392,0.02,150.0
6993,65060,3253,9,-2.002513885498047,3.135601758956909,0.0003,0.472642183303833,1.3888689279556274,3252,-17.04941392,0.02,150.0
6992,65080,3254,9,-2.0102295875549316,0.548171877861023,0.0003,0.8999325633049011,0.16677410900592804,3253,-17.04941392,0.02,150.0
6991,65100,3255,9,-2.0301971435546875,0.2673426866531372,0.0003,0.9562830924987793,-0.14818289875984192,3254,-17.04941392,0.02,150.0
6990,65120,3256,9,-2.026582717895508,0.18774428963661194,0.0003,0.9681950211524963,-0.08959831297397614,3255,-17.04941392,0.02,150.0
6989,65140,3257,9,-2.0607123374938965,0.1731298714876175,0.0003,0.9739606380462646,0.10933563858270645,3256,-17.04941392,0.02,150.0
6989,65160,3258,9,-2.0807442665100098,0.1044788584113121,0.0003,0.9888097643852234,-0.4293520450592041,3257,-17.04941392,0.02,150.0
6989,65180,3259,9,-2.0702099800109863,0.1387917697429657,0.0003,0.9798476099967957,-0.22558443248271942,3258,-17.04941392,0.02,150.0
6989,65200,3260,9,-2.089289426803589,0.5643346905708313,0.0003,0.9380266666412354,0.541091799736023,3259,-17.04941392,0.02,150.0
6989,65220,3261,9,-2.092400312423706,0.2779971957206726,0.0003,0.9691820740699768,0.3177853524684906,3260,-17.04941392,0.02,150.0
6988,65240,3262,9,-2.090907573699951,0.15256854891777039,0.0003,0.9815347790718079,0.11248908191919327,3261,-17.04941392,0.02,150.0
6989,65260,3263,9,-2.1044435501098633,1.1783373355865479,0.0003,0.8795092105865479,1.060139775276184,3262,-17.04941392,0.02,150.0
6989,65280,3264,9,-2.100999355316162,0.19754037261009216,0.0003,0.9784958958625793,-0.3937648832798004,3263,-17.04941392,0.02,150.0
6989,65300,3265,9,-2.1109700202941895,0.18999378383159637,0.0003,0.9725703001022339,0.08915232121944427,3264,-17.04941392,0.02,150.0
6989,65320,3266,9,-2.1042802333831787,1.8567453622817993,0.0003,0.8840547800064087,1.3180904388427734,3265,-17.04941392,0.02,150.0
6989,65340,3267,9,-2.112842082977295,0.1509130746126175,0.0003,0.9831601977348328,0.2465856522321701,3266,-17.04941392,0.02,150.0
6989,65360,3268,9,-2.1189990043640137,0.19918610155582428,0.0003,0.9880735874176025,-0.7189270257949829,3267,-17.04941392,0.02,150.0
6989,65380,3269,9,-2.1333959102630615,0.21314319968223572,0.0003,0.9864374399185181,-0.6763204336166382,3268,-17.04941392,0.02,150.0
6989,65400,3270,9,-2.1456918716430664,0.07838426530361176,0.0003,0.9944594502449036,-0.518889307975769,3269,-16.88354665,0.01,150.0
6989,65420,3271,9,-2.1406919956207275,0.06568721681833267,0.0003,0.9858267307281494,0.05479808896780014,3270,-16.88354665,0.01,150.0
6989,65440,3272,9,-1.868469476699829,0.0953502431511879,0.0003,0.8359919786453247,-0.3122777044773102,3271,-16.88354665,0.01,150.0
6989,65460,3273,9,-1.8769277334213257,0.12709613144397736,0.0003,0.838057279586792,-0.542059600353241,3272,-16.88354665,0.01,150.0
6990,65480,3274,9,-1.8937647342681885,0.07858847081661224,0.0003,0.8504190444946289,-0.1742110699415207,3273,-16.88354665,0.01,150.0
6990,65500,3275,9,-1.9041751623153687,0.12325231730937958,0.0003,0.8831878304481506,-0.22708550095558167,3274,-16.88354665,0.01,150.0
6990,65520,3276,9,-1.902144193649292,1.6211868524551392,0.0003,0.7200874090194702,1.1530282497406006,3275,-16.88354665,0.01,150.0
6990,65540,3277,9,-1.924515724182129,0.35562142729759216,0.0003,0.872339129447937,0.3264126181602478,3276,-16.88354665,0.01,150.0
6990,65560,3278,9,-1.9264198541641235,0.127857506275177,0.0003,0.9675431251525879,-0.29579824209213257,3277,-16.88354665,0.01,150.0
6990,65580,3279,9,-1.909231185913086,0.5069441795349121,0.0003,0.9410176873207092,-0.9191703796386719,3278,-16.88354665,0.01,150.0
6991,65600,3280,9,-1.938053846359253,0.08026070892810822,0.0003,0.9910923838615417,-0.2581707835197449,3279,-16.88354665,0.01,150.0
6991,65620,3281,9,-1.957322359085083,0.3378162086009979,0.0003,0.9596235156059265,0.2643633484840393,3280,-16.88354665,0.01,150.0
6991,65640,3282,9,-1.9615405797958374,0.5376027226448059,0.0003,0.9483252763748169,-0.5124463438987732,3281,-16.88354665,0.01,150.0
6991,65660,3283,9,-1.9851127862930298,0.15679632127285004,0.0003,0.9837037920951843,-0.1667999029159546,3282,-16.88354665,0.01,150.0
6992,65680,3284,9,-1.9982770681381226,0.3056184649467468,0.0003,0.9716801047325134,-0.3899509906768799,3283,-16.88354665,0.01,150.0
6992,65700,3285,9,-1.982893705368042,0.5008746385574341,0.0003,0.9600052237510681,-0.793505072593689,3284,-16.88354665,0.01,150.0
6992,65720,3286,9,-2.0053343772888184,0.3650650084018707,0.0003,0.9536517262458801,0.13858138024806976,3285,-16.88354665,0.01,150.0
6993,65740,3287,9,-2.035752773284912,0.5877960920333862,0.0003,0.924592137336731,0.405111163854599,3286,-16.88354665,0.01,150.0
6993,65760,3288,9,-2.01519775390625,0.5853981971740723,0.0003,0.9180694222450256,0.9026629328727722,3287,-16.88354665,0.01,150.0
6993,65780,3289,9,-2.0577683448791504,0.12068450450897217,0.0003,0.9771114587783813,-0.03743022680282593,3288,-16.88354665,0.01,150.0
6993,65800,3290,9,-2.060696840286255,2.7765181064605713,0.0003,0.6139267086982727,1.3201202154159546,3289,-16.88354665,0.01,150.0
6993,65820,3291,9,-2.069791793823242,0.17936816811561584,0.0003,0.9580134749412537,0.3154321312904358,3290,-16.88354665,0.01,150.0
6994,65840,3292,9,-2.0600125789642334,0.11623729765415192,0.0003,0.9602359533309937,-0.016451548784971237,3291,-16.88354665,0.01,150.0
6994,65860,3293,9,-2.0621159076690674,0.06565967202186584,0.0003,0.9705473780632019,-0.008268142119050026,3292,-16.88354665,0.01,150.0
6993,65880,3294,9,-2.0793089866638184,0.20183679461479187,0.0003,0.811648428440094,-0.20678654313087463,3293,-16.88354665,0.01,150.0
6993,65900,3295,9,-2.0845141410827637,0.1200556606054306,0.0003,0.9152181148529053,-0.5106061697006226,3294,-16.88354665,0.01,150.0
6993,65920,3296,9,-2.0927348136901855,0.0497511625289917,0.0003,0.8658125400543213,0.04575221985578537,3295,-16.88354665,0.01,150.0
6993,65940,3297,9,-2.0752065181732178,0.05434257537126541,0.0003,0.8723297715187073,-0.28627249598503113,3296,-16.88354665,0.01,150.0
6993,65960,3298,9,-2.0773532390594482,0.013205332681536674,0.0003,0.9537185430526733,-0.02962018921971321,3297,-16.88354665,0.01,150.0
6993,65980,3299,9,-2.075039863586426,0.04892124980688095,0.0003,0.7719838619232178,-0.1864432990550995,3298,-16.88354665,0.01,150.0
6993,66000,3300,9,-2.085535764694214,0.027486544102430344,0.0003,0.8692976236343384,0.04671981558203697,3299,-16.87549279,0.01,150.0
6993,66020,3301,9,-2.0946946144104004,0.025527989491820335,0.0003,0.876311182975769,0.16984227299690247,3300,-16.87549279,0.01,150.0
6993,66040,3302,9,-1.8024423122406006,0.12232937663793564,0.0003,0.7988572120666504,-0.38559460639953613,3301,-16.87549279,0.01,150.0
6993,66060,3303,9,-1.8053172826766968,1.2079198360443115,0.0003,0.6286522746086121,1.4672973155975342,3302,-16.87549279,0.01,150.0
6993,66080,3304,9,-1.8023875951766968,0.11873424053192139,0.0003,0.9443013072013855,-0.2125604897737503,3303,-16.87549279,0.01,150.0
6994,66100,3305,9,-1.7923080921173096,0.9407134056091309,0.0003,0.791668713092804,0.8566481471061707,3304,-16.87549279,0.01,150.0
6994,66120,3306,9,-1.8101266622543335,0.18567080795764923,0.0003,0.9576521515846252,-0.16464415192604065,3305,-16.87549279,0.01,150.0
6994,66140,3307,9,-1.817172646522522,0.08370570838451385,0.0003,0.9746915698051453,-0.14704544842243195,3306,-16.87549279,0.01,150.0
6994,66160,3308,9,-1.8400633335113525,0.18840880692005157,0.0003,0.9216004610061646,0.3606244623661041,3307,-16.87549279,0.01,150.0
6994,66180,3309,9,-1.845613718032837,0.22641780972480774,0.0003,0.9549490809440613,-0.6097255945205688,3308,-16.87549279,0.01,150.0
6994,66200,3310,9,-1.8773009777069092,0.1578923761844635,0.0003,0.9513260126113892,-0.21171149611473083,3309,-16.87549279,0.01,150.0
6995,66220,3311,9,-1.8702850341796875,0.6621147394180298,0.0003,0.8863743543624878,0.22728848457336426,3310,-16.87549279,0.01,150.0
6995,66240,3312,9,-1.8923137187957764,0.33459749817848206,0.0003,0.9534091949462891,-0.05340711027383804,3311,-16.87549279,0.01,150.0
6995,66260,3313,9,-1.8990602493286133,0.44496646523475647,0.0003,0.963060736656189,-0.681648313999176,3312,-16.87549279,0.01,150.0
6995,66280,3314,9,-1.9218860864639282,0.20228226482868195,0.0003,0.9788753986358643,-0.30493220686912537,3313,-16.87549279,0.01,150.0
6995,66300,3315,9,-1.9729353189468384,0.16958677768707275,0.0003,0.9902479648590088,-0.6214083433151245,3314,-16.87549279,0.01,150.0
6995,66320,3316,9,-1.979994773864746,0.08841492980718613,0.0003,0.989238977432251,-0.285397469997406,3315,-16.87549279,0.01,150.0
6996,66340,3317,9,-2.0047340393066406,0.0888630598783493,0.0003,0.9866024851799011,-0.29875892400741577,3316,-16.87549279,0.01,150.0
6996,66360,3318,9,-2.0584025382995605,0.08892443031072617,0.0003,0.99266117811203,-0.4874746799468994,3317,-16.87549279,0.01,150.0
6996,66380,3319,9,-2.074894428253174,0.02733094058930874,0.0003,0.9909263849258423,-0.1744055598974228,3318,-16.87549279,0.01,150.0
6996,66400,3320,9,-2.0875134468078613,0.13632068037986755,0.0003,0.9461643099784851,-0.18513646721839905,3319,-16.87549279,0.01,150.0
6997,66420,3321,9,-2.103909969329834,0.017507093027234077,0.0003,0.9896434545516968,0.059085406363010406,3320,-16.87549279,0.01,150.0
6997,66440,3322,9,-2.1233456134796143,0.0555996298789978,0.0003,0.968712329864502,-0.001041093491949141,3321,-16.87549279,0.01,150.0
6997,66460,3323,9,-2.127655506134033,0.08522465080022812,0.0003,0.9593186974525452,-0.2830527722835541,3322,-16.87549279,0.01,150.0
6997,66480,3324,9,-2.105541944503784,0.12724842131137848,0.0003,0.9278247356414795,0.11489037424325943,3323,-16.87549279,0.01,150.0
6998,66500,3325,9,-2.1089866161346436,0.037412818521261215,0.0003,0.9778240919113159,-0.1598137617111206,3324,-16.87549279,0.01,150.0
6998,66520,3326,9,-2.113572359085083,0.05449879914522171,0.0003,0.9624365568161011,-0.10640845447778702,3325,-16.87549279,0.01,150.0
6998,66540,3327,9,-2.115593194961548,0.018368713557720184,0.0003,0.9857340455055237,-0.15318381786346436,3326,-16.87549279,0.01,150.0
6998,66560,3328,9,-2.1136040687561035,0.03704577684402466,0.0003,0.9477494359016418,0.06275548040866852,3327,-16.87549279,0.01,150.0
6999,66580,3329,9,-2.102421522140503,0.08791329711675644,0.0003,0.8838433027267456,0.2247266322374344,3328,-16.87549279,0.01,150.0
6999,66600,3330,9,-2.105419397354126,0.007640370167791843,0.0003,0.9842775464057922,-0.08408527076244354,3329,-17.018495879999996,0.01,150.0
6999,66620,3331,9,-2.1095008850097656,0.011475330218672752,0.0003,0.9737083911895752,0.06131066754460335,3330,-17.018495879999996,0.01,150.0
6999,66640,3332,9,-1.846472144126892,0.03125416114926338,0.0003,0.9729481935501099,0.01690199412405491,3331,-17.018495879999996,0.01,150.0
6999,66660,3333,9,-1.8740146160125732,0.046819113194942474,0.0003,0.9714999198913574,-0.026552727445960045,3332,-17.018495879999996,0.01,150.0
7000,66680,3334,9,-1.840569257736206,0.057575516402721405,0.0003,0.9581186175346375,-0.04410365968942642,3333,-17.018495879999996,0.01,150.0
7000,66700,3335,9,-1.8781086206436157,0.4044676423072815,0.0003,0.8389081954956055,-0.941196084022522,3334,-17.018495879999996,0.01,150.0
7000,66720,3336,9,-1.896838903427124,0.22966571152210236,0.0003,0.8719637393951416,-0.6948435306549072,3335,-17.018495879999996,0.01,150.0
7000,66740,3337,9,-1.9157670736312866,0.2756730020046234,0.0003,0.7693054676055908,-0.7232165336608887,3336,-17.018495879999996,0.01,150.0
7001,66760,3338,9,-1.9250961542129517,0.2422412931919098,0.0003,0.7356160879135132,-0.7760413885116577,3337,-17.018495879999996,0.01,150.0
7001,66780,3339,9,-1.9411026239395142,0.19077745079994202,0.0003,0.42610859870910645,0.11200858652591705,3338,-17.018495879999996,0.01,150.0
7001,66800,3340,9,-1.9908956289291382,0.2787640392780304,0.0003,0.7058848738670349,0.22044019401073456,3339,-17.018495879999996,0.01,150.0
7001,66820,3341,9,-2.0113017559051514,1.2912709712982178,0.0003,0.49040019512176514,1.189553141593933,3340,-17.018495879999996,0.01,150.0
7002,66840,3342,9,-2.0277512073516846,0.26158586144447327,0.0003,0.6693621873855591,0.0976584330201149,3341,-17.018495879999996,0.01,150.0
7002,66860,3343,9,-2.0163731575012207,1.8105552196502686,0.0003,0.5983041524887085,1.3368195295333862,3342,-17.018495879999996,0.01,150.0
7002,66880,3344,9,-2.033229351043701,0.14788350462913513,0.0003,0.9517163634300232,0.02193632163107395,3343,-17.018495879999996,0.01,150.0
7002,66900,3345,9,-2.020801544189453,0.11794040352106094,0.0003,0.9708184599876404,-0.0741412416100502,3344,-17.018495879999996,0.01,150.0
7003,66920,3346,9,-2.072099208831787,0.07664545625448227,0.0003,0.9731783270835876,-0.2001827210187912,3345,-17.018495879999996,0.01,150.0
7003,66940,3347,9,-2.0671803951263428,0.7882959246635437,0.0003,0.6343644857406616,0.8091571927070618,3346,-17.018495879999996,0.01,150.0
7003,66960,3348,9,-2.0638396739959717,0.11334383487701416,0.0003,0.9438015818595886,-0.3769429624080658,3347,-17.018495879999996,0.01,150.0
7003,66980,3349,9,-2.104403495788574,0.5176461935043335,0.0003,0.4113169312477112,0.3571735918521881,3348,-17.018495879999996,0.01,150.0
7004,67000,3350,9,-2.1262404918670654,0.6944392323493958,0.0003,0.06626653671264648,0.20739921927452087,3349,-17.018495879999996,0.01,150.0
7004,67020,3351,9,-2.1300671100616455,0.066156767308712,0.0003,0.8561285734176636,-0.3078369200229645,3350,-17.018495879999996,0.01,150.0
7004,67040,3352,9,-2.1560845375061035,0.06940562278032303,0.0003,0.6609473824501038,-0.20219628512859344,3351,-17.018495879999996,0.01,150.0
7004,67060,3353,9,-2.1448252201080322,0.13176056742668152,0.0003,-0.11412239074707031,-0.41139546036720276,3352,-17.018495879999996,0.01,150.0
7004,67080,3354,9,-2.1474337577819824,0.03135586529970169,0.0003,0.8252218961715698,-0.2714107632637024,3353,-17.018495879999996,0.01,150.0
7005,67100,3355,9,-2.163290500640869,0.0117069436237216,0.0003,0.6708992123603821,-0.07202707231044769,3354,-17.018495879999996,0.01,150.0
7005,67120,3356,9,-2.1609947681427,0.02518538571894169,0.0003,-0.35986948013305664,-0.18879549205303192,3355,-17.018495879999996,0.01,150.0
7005,67140,3357,9,-2.1585564613342285,0.008115101605653763,0.0003,0.1775742769241333,0.03395415470004082,3356,-17.018495879999996,0.01,150.0
7005,67160,3358,9,-2.1579432487487793,0.033515460789203644,0.0003,0.24322545528411865,-0.01588650606572628,3357,-17.018495879999996,0.01,150.0
7005,67180,3359,9,-2.1551425457000732,0.0387255884706974,0.0003,0.1403111219406128,-0.13719049096107483,3358,-17.018495879999996,0.01,150.0
7004,67200,3360,9,-2.148559093475342,0.03819018974900246,0.0003,-0.04864466190338135,-0.09660480171442032,3359,-17.293885,0.01,150.0
7004,67220,3361,9,-2.1290018558502197,0.03014492429792881,0.0003,0.27895599603652954,0.22407671809196472,3360,-17.293885,0.01,150.0
7004,67240,3362,9,-1.8262617588043213,0.048336125910282135,0.0003,0.8884933590888977,0.0921371728181839,3361,-17.293885,0.01,150.0
7004,67260,3363,9,-1.8500980138778687,0.21803191304206848,0.0003,0.8357470631599426,0.5231721997261047,3362,-17.293885,0.01,150.0
7004,67280,3364,9,-1.8581969738006592,1.939784049987793,0.0003,0.18870282173156738,1.9241926670074463,3363,-17.293885,0.01,150.0
7005,67300,3365,9,-1.8672984838485718,1.6166858673095703,0.0003,0.642916738986969,0.6287738084793091,3364,-17.293885,0.01,150.0
7004,67320,3366,9,-1.9154608249664307,0.14312942326068878,0.0003,0.969983696937561,-0.016985058784484863,3365,-17.293885,0.01,150.0
7004,67340,3367,9,-1.9519211053848267,0.3345601558685303,0.0003,0.9531829953193665,-0.32257315516471863,3366,-17.293885,0.01,150.0
7004,67360,3368,9,-1.9885505437850952,0.48358210921287537,0.0003,0.9030230641365051,-0.21824193000793457,3367,-17.293885,0.01,150.0
7005,67380,3369,9,-2.0019960403442383,0.11905805766582489,0.0003,0.9871965050697327,0.3304045796394348,3368,-17.293885,0.01,150.0
7005,67400,3370,9,-2.0049800872802734,0.40093356370925903,0.0003,0.9677205085754395,0.49957528710365295,3369,-17.293885,0.01,150.0
7005,67420,3371,9,-2.0172371864318848,0.9106473922729492,0.0003,0.9514835476875305,0.470151424407959,3370,-17.293885,0.01,150.0
7005,67440,3372,9,-2.034545660018921,0.23024241626262665,0.0003,0.9838293790817261,0.13670536875724792,3371,-17.293885,0.01,150.0
7005,67460,3373,9,-2.0274758338928223,2.495699405670166,0.0003,0.9091100692749023,2.3936004638671875,3372,-17.293885,0.01,150.0
7005,67480,3374,9,-2.0263710021972656,3.6713500022888184,0.0003,0.8259714245796204,1.476784110069275,3373,-17.293885,0.01,150.0
7005,67500,3375,9,-2.015679121017456,3.5733063220977783,0.0003,0.8993812203407288,1.5134016275405884,3374,-17.293885,0.01,150.0
7005,67520,3376,9,-2.013145923614502,0.1435498148202896,0.0003,0.9973982572555542,-0.6700202226638794,3375,-17.293885,0.01,150.0
7006,67540,3377,9,-2.02847957611084,0.21259275078773499,0.0003,0.9931121468544006,-0.6495246887207031,3376,-17.293885,0.01,150.0
7006,67560,3378,9,-2.021778106689453,0.8483569025993347,0.0003,0.951815664768219,0.3067070543766022,3377,-17.293885,0.01,150.0
7006,67580,3379,9,-2.008061408996582,0.27445825934410095,0.0003,0.9853804111480713,-0.4741060733795166,3378,-17.293885,0.01,150.0
7006,67600,3380,9,-2.0180249214172363,0.20560422539710999,0.0003,0.9956644773483276,-0.8057118654251099,3379,-17.293885,0.01,150.0
7006,67620,3381,9,-2.0230205059051514,0.5262149572372437,0.0003,0.947925865650177,0.3134542405605316,3380,-17.293885,0.01,150.0
7006,67640,3382,9,-1.9727089405059814,0.5514754056930542,0.0003,0.9239822626113892,-0.4252869486808777,3381,-17.293885,0.01,150.0
7006,67660,3383,9,-2.0350987911224365,0.0909062922000885,0.0003,0.9937074780464172,-0.5125607252120972,3382,-17.293885,0.01,150.0
7006,67680,3384,9,-2.046875,0.10963121801614761,0.0003,0.9879962205886841,-0.6336466670036316,3383,-17.293885,0.01,150.0
7006,67700,3385,9,-2.0578219890594482,0.14698909223079681,0.0003,0.9331507086753845,-0.2894207835197449,3384,-17.293885,0.01,150.0
7006,67720,3386,9,-2.0806939601898193,0.08870302140712738,0.0003,0.9551109075546265,-0.34772858023643494,3385,-17.293885,0.01,150.0
7006,67740,3387,9,-2.074887752532959,0.1739756464958191,0.0003,0.8411158919334412,-0.29837995767593384,3386,-17.293885,0.01,150.0
7006,67760,3388,9,-2.06951642036438,0.07866480201482773,0.0003,0.9312278032302856,0.2221418172121048,3387,-17.293885,0.01,150.0
7007,67780,3389,9,-2.0677783489227295,1.6094131469726562,0.0003,0.2831782102584839,1.3389285802841187,3388,-17.293885,0.01,150.0
7007,67800,3390,9,-2.060065507888794,0.12413612753152847,0.0003,0.8198572993278503,0.06496575474739075,3389,-17.07213038,0.01,150.0
7007,67820,3391,9,-2.0975308418273926,0.060491472482681274,0.0003,0.9187941551208496,0.28641581535339355,3390,-17.07213038,0.01,150.0
7007,67840,3392,9,-1.7956571578979492,0.12701229751110077,0.0003,0.7009220123291016,-0.035817187279462814,3391,-17.07213038,0.01,150.0
7007,67860,3393,9,-1.8020431995391846,0.678223729133606,0.0003,0.690087080001831,0.6589498519897461,3392,-17.07213038,0.01,150.0
7007,67880,3394,9,-1.8190501928329468,0.052426528185606,0.0003,0.9796660542488098,0.14111562073230743,3393,-17.07213038,0.01,150.0
7007,67900,3395,9,-1.8254785537719727,0.20994925498962402,0.0003,0.9164451360702515,0.11743912845849991,3394,-17.07213038,0.01,150.0
7008,67920,3396,9,-1.8545032739639282,0.08176714181900024,0.0003,0.9737435579299927,0.13962991535663605,3395,-17.07213038,0.01,150.0
7008,67940,3397,9,-1.8304855823516846,10.055428504943848,0.0003,-0.3234424591064453,2.4977712631225586,3396,-17.07213038,0.01,150.0
7008,67960,3398,9,-1.8579833507537842,0.9956653714179993,0.0003,0.8737267851829529,0.9777223467826843,3397,-17.07213038,0.01,150.0
7008,67980,3399,9,-1.8740142583847046,0.12343154847621918,0.0003,0.9908860921859741,-0.529988169670105,3398,-17.07213038,0.01,150.0
7008,68000,3400,9,-1.89926278591156,0.1657153218984604,0.0003,0.9603392481803894,-0.07387648522853851,3399,-17.07213038,0.01,150.0
7008,68020,3401,9,-1.8701854944229126,0.11967748403549194,0.0003,0.9697871804237366,-0.24886003136634827,3400,-17.07213038,0.01,150.0
7009,68040,3402,9,-1.9044259786605835,0.39905041456222534,0.0003,0.9369931221008301,-0.8177809715270996,3401,-17.07213038,0.01,150.0
7009,68060,3403,9,-1.9309873580932617,0.6802994012832642,0.0003,0.2274978756904602,-0.3246270418167114,3402,-17.07213038,0.01,150.0
7009,68080,3404,9,-1.9397881031036377,0.27167436480522156,0.0003,0.274161159992218,-0.4238625168800354,3403,-17.07213038,0.01,150.0
7009,68100,3405,9,-1.969793677330017,0.2685920000076294,0.0003,0.24418747425079346,-0.5325465798377991,3404,-17.07213038,0.01,150.0
7009,68120,3406,9,-2.002077579498291,0.09212926775217056,0.0003,0.6525193452835083,0.329060822725296,3405,-17.07213038,0.01,150.0
7010,68140,3407,9,-1.9797813892364502,0.43015575408935547,0.0003,0.6377014517784119,0.4297606945037842,3406,-17.07213038,0.01,150.0
7010,68160,3408,9,-1.9819633960723877,1.3247228860855103,0.0003,0.45568209886550903,0.05453529208898544,3407,-17.07213038,0.01,150.0
7010,68180,3409,9,-1.9973262548446655,0.13309559226036072,0.0003,0.8882392644882202,-0.3810083568096161,3408,-17.07213038,0.01,150.0
7010,68200,3410,9,-2.014730930328369,0.2077675610780716,0.0003,-0.8884204626083374,-0.3136848509311676,3409,-17.07213038,0.01,150.0
7010,68220,3411,9,-2.0425498485565186,0.08622764050960541,0.0003,0.46794623136520386,-0.4292373061180115,3410,-17.07213038,0.01,150.0
7011,68240,3412,9,-2.06441593170166,0.022803569212555885,0.0003,0.46253615617752075,-0.19135351479053497,3411,-17.07213038,0.01,150.0
7011,68260,3413,9,-2.079148054122925,0.33390331268310547,0.0003,-0.24035370349884033,0.4755741059780121,3412,-17.07213038,0.01,150.0
7011,68280,3414,9,-2.0636844635009766,0.11463923752307892,0.0003,0.43887341022491455,0.2309730350971222,3413,-17.07213038,0.01,150.0
7011,68300,3415,9,-2.034531354904175,0.11270880699157715,0.0003,0.4003552198410034,0.28395622968673706,3414,-17.07213038,0.01,150.0
7011,68320,3416,9,-2.040552854537964,0.19631630182266235,0.0003,0.46947991847991943,-0.5957260131835938,3415,-17.07213038,0.01,150.0
7012,68340,3417,9,-2.0396194458007812,0.15166673064231873,0.0003,0.6062473058700562,-0.362984836101532,3416,-17.07213038,0.01,150.0
7012,68360,3418,9,-2.0856337547302246,0.0445476658642292,0.0003,0.8183517456054688,-0.25925272703170776,3417,-17.07213038,0.01,150.0
7012,68380,3419,9,-2.1003060340881348,0.05222567915916443,0.0003,0.7657991647720337,-0.19363552331924438,3418,-17.07213038,0.01,150.0
7012,68400,3420,9,-2.116701126098633,0.20526067912578583,0.0003,0.5835142135620117,0.06713010370731354,3419,-17.08033437,0.01,150.0
7012,68420,3421,9,-2.110173225402832,1.5397011041641235,0.0003,0.45551061630249023,0.969262421131134,3420,-17.08033437,0.01,150.0
7012,68440,3422,9,-1.7666428089141846,0.032630614936351776,0.0003,0.9256982803344727,0.19606292247772217,3421,-17.08033437,0.01,150.0
7012,68460,3423,9,-1.7882392406463623,0.09936626255512238,0.0003,0.8413211107254028,-0.11504662036895752,3422,-17.08033437,0.01,150.0
7012,68480,3424,9,-1.794491171836853,0.25626665353775024,0.0003,0.4474527835845947,0.0718555897474289,3423,-17.08033437,0.01,150.0
7012,68500,3425,9,-1.782954454421997,0.5255351066589355,0.0003,0.6818370819091797,-0.8232538104057312,3424,-17.08033437,0.01,150.0
7012,68520,3426,9,-1.8057247400283813,0.3037782311439514,0.0003,0.8187257647514343,0.11250350624322891,3425,-17.08033437,0.01,150.0
7012,68540,3427,9,-1.8571033477783203,0.11096616834402084,0.0003,0.9710878133773804,-0.4683070182800293,3426,-17.08033437,0.01,150.0
7013,68560,3428,9,-1.8549169301986694,2.308675765991211,0.0003,0.76962810754776,0.5566009283065796,3427,-17.08033437,0.01,150.0
7013,68580,3429,9,-1.9044784307479858,0.15408696234226227,0.0003,0.9762412309646606,-0.1044827476143837,3428,-17.08033437,0.01,150.0
7013,68600,3430,9,-1.8831202983856201,0.23661091923713684,0.0003,0.9475693106651306,0.09510606527328491,3429,-17.08033437,0.01,150.0
7013,68620,3431,9,-1.8999446630477905,0.8044231534004211,0.0003,0.845331609249115,0.5745689272880554,3430,-17.08033437,0.01,150.0
7013,68640,3432,9,-1.9150041341781616,0.2811450958251953,0.0003,0.9417279958724976,0.05131562799215317,3431,-17.08033437,0.01,150.0
7013,68660,3433,9,-1.914808988571167,0.14062941074371338,0.0003,0.9664524793624878,0.173600435256958,3432,-17.08033437,0.01,150.0
7013,68680,3434,9,-1.9433501958847046,0.9821420907974243,0.0003,0.878375768661499,0.3931562006473541,3433,-17.08033437,0.01,150.0
7014,68700,3435,9,-1.9581096172332764,0.38368678092956543,0.0003,0.9615633487701416,0.23280850052833557,3434,-17.08033437,0.01,150.0
7014,68720,3436,9,-1.996250867843628,0.07541828602552414,0.0003,0.9936677813529968,-0.264478862285614,3435,-17.08033437,0.01,150.0
7014,68740,3437,9,-2.0080361366271973,0.12112338840961456,0.0003,0.9922646880149841,-0.4733266830444336,3436,-17.08033437,0.01,150.0
7014,68760,3438,9,-2.0492184162139893,0.04727010056376457,0.0003,0.9929351210594177,-0.2012985646724701,3437,-17.08033437,0.01,150.0
7015,68780,3439,9,-2.0453505516052246,0.1292295753955841,0.0003,0.9764785170555115,-0.10539822280406952,3438,-17.08033437,0.01,150.0
7015,68800,3440,9,-2.0541937351226807,0.07284152507781982,0.0003,0.9838972091674805,0.02331266924738884,3439,-17.08033437,0.01,150.0
7015,68820,3441,9,-2.0703225135803223,0.11010215431451797,0.0003,0.9627066850662231,0.0026042580138891935,3440,-17.08033437,0.01,150.0
7015,68840,3442,9,-2.097069263458252,0.17339737713336945,0.0003,0.9644564390182495,0.4024237096309662,3441,-17.08033437,0.01,150.0
7015,68860,3443,9,-2.080531597137451,0.007062381599098444,0.0003,0.9983898997306824,-0.08300036936998367,3442,-17.08033437,0.01,150.0
7016,68880,3444,9,-2.0969152450561523,0.061331041157245636,0.0003,0.9756760597229004,-0.2245405912399292,3443,-17.08033437,0.01,150.0
7016,68900,3445,9,-2.1100494861602783,0.11963852494955063,0.0003,0.855369508266449,-0.2617471516132355,3444,-17.08033437,0.01,150.0
7016,68920,3446,9,-2.126143217086792,0.05521836876869202,0.0003,0.8671813607215881,0.023470178246498108,3445,-17.08033437,0.01,150.0
7016,68940,3447,9,-2.1209800243377686,0.05932613089680672,0.0003,0.4632999300956726,-0.07643109560012817,3446,-17.08033437,0.01,150.0
7016,68960,3448,9,-2.1325371265411377,0.04142184183001518,0.0003,-0.4938114881515503,-0.017404215410351753,3447,-17.08033437,0.01,150.0
7017,68980,3449,9,-2.1282801628112793,0.030435049906373024,0.0003,0.32041364908218384,0.04934839531779289,3448,-17.08033437,0.01,150.0
7017,69000,3450,9,-2.125864267349243,0.014505061320960522,0.0003,-0.11903965473175049,0.08010224252939224,3449,-17.401008349999998,0.0,150.0
7017,69020,3451,9,-2.135138750076294,0.018210705369710922,0.0003,0.6010733842849731,0.2319977581501007,3450,-17.401008349999998,0.0,150.0
7017,69040,3452,9,-1.8361485004425049,0.12740156054496765,0.0003,0.8748533725738525,0.07817767560482025,3451,-17.401008349999998,0.0,150.0
7017,69060,3453,9,-1.8867934942245483,0.09398414194583893,0.0003,0.8955445289611816,0.0035751312971115112,3452,-17.401008349999998,0.0,150.0
7018,69080,3454,9,-1.9087345600128174,0.20506413280963898,0.0003,0.9088669419288635,-0.468352735042572,3453,-17.401008349999998,0.0,150.0
7018,69100,3455,9,-1.9264850616455078,0.41556277871131897,0.0003,0.8044034838676453,-0.14019031822681427,3454,-17.401008349999998,0.0,150.0
7018,69120,3456,9,-1.9374988079071045,1.0888320207595825,0.0003,0.43086546659469604,-0.1985538750886917,3455,-17.401008349999998,0.0,150.0
7018,69140,3457,9,-1.9243144989013672,0.14483967423439026,0.0003,0.9152798056602478,0.17833217978477478,3456,-17.401008349999998,0.0,150.0
7019,69160,3458,9,-1.914841890335083,1.7195513248443604,0.0003,0.714531421661377,0.880224347114563,3457,-17.401008349999998,0.0,150.0
7019,69180,3459,9,-1.942270278930664,0.2843078076839447,0.0003,0.9523559808731079,0.47887855768203735,3458,-17.401008349999998,0.0,150.0
7019,69200,3460,9,-1.961517333984375,0.47883281111717224,0.0003,0.9434616565704346,0.774275004863739,3459,-17.401008349999998,0.0,150.0
7019,69220,3461,9,-1.9750808477401733,0.09964561462402344,0.0003,0.9877398610115051,-0.17529073357582092,3460,-17.401008349999998,0.0,150.0
7019,69240,3462,9,-1.992993950843811,1.4890828132629395,0.0003,0.8646038770675659,1.1453262567520142,3461,-17.401008349999998,0.0,150.0
7020,69260,3463,9,-2.0008339881896973,1.8314476013183594,0.0003,0.8904135823249817,1.2440705299377441,3462,-17.401008349999998,0.0,150.0
7020,69280,3464,9,-2.016535758972168,0.22569577395915985,0.0003,0.9840226173400879,0.24893085658550262,3463,-17.401008349999998,0.0,150.0
7020,69300,3465,9,-2.0345544815063477,0.40219253301620483,0.0003,0.9734213948249817,0.4877780079841614,3464,-17.401008349999998,0.0,150.0
7020,69320,3466,9,-2.035904884338379,0.1719362586736679,0.0003,0.9906935095787048,0.3435448408126831,3465,-17.401008349999998,0.0,150.0
7021,69340,3467,9,-2.0598864555358887,0.18095193803310394,0.0003,0.9897416830062866,0.23386570811271667,3466,-17.401008349999998,0.0,150.0
7021,69360,3468,9,-2.0750813484191895,0.03638800233602524,0.0003,0.998447835445404,-0.21810182929039001,3467,-17.401008349999998,0.0,150.0
7021,69380,3469,9,-2.0884721279144287,0.14927205443382263,0.0003,0.9905649423599243,0.46038302779197693,3468,-17.401008349999998,0.0,150.0
7021,69400,3470,9,-2.069234609603882,0.2193380892276764,0.0003,0.976931095123291,-0.04413850978016853,3469,-17.401008349999998,0.0,150.0
7022,69420,3471,9,-2.106292247772217,0.4908711314201355,0.0003,0.9262598156929016,0.29657620191574097,3470,-17.401008349999998,0.0,150.0
7021,69440,3472,9,-2.0810160636901855,0.2397795021533966,0.0003,0.9627678394317627,-0.11099406331777573,3471,-17.401008349999998,0.0,150.0
7021,69460,3473,9,-2.067035675048828,0.04087545722723007,0.0003,0.9943848848342896,0.1902972161769867,3472,-17.401008349999998,0.0,150.0
7022,69480,3474,9,-2.099942684173584,0.63756263256073,0.0003,0.7565191984176636,0.17192336916923523,3473,-17.401008349999998,0.0,150.0
7022,69500,3475,9,-2.113368511199951,0.38458389043807983,0.0003,0.8448454141616821,-0.9128329157829285,3474,-17.401008349999998,0.0,150.0
7022,69520,3476,9,-2.1102092266082764,0.060465216636657715,0.0003,0.9594698548316956,-0.3020142614841461,3475,-17.401008349999998,0.0,150.0
7022,69540,3477,9,-2.104942798614502,1.5138168334960938,0.0003,-0.9420101642608643,0.6965806484222412,3476,-17.401008349999998,0.0,150.0
7022,69560,3478,9,-2.093012571334839,0.2938569486141205,0.0003,-0.6212925910949707,0.13576842844486237,3477,-17.401008349999998,0.0,150.0
7023,69580,3479,9,-2.0944056510925293,0.05765160918235779,0.0003,0.5764380693435669,-0.18767717480659485,3478,-17.401008349999998,0.0,150.0
7023,69600,3480,9,-2.1249032020568848,0.0486665703356266,0.0003,0.8015563488006592,-0.35897010564804077,3479,-17.241825430000002,0.0,150.0
7023,69620,3481,9,-2.1351704597473145,0.024159327149391174,0.0003,0.7277853488922119,-0.2623003423213959,3480,-17.241825430000002,0.0,150.0
7023,69640,3482,9,-1.799137830734253,0.06897280365228653,0.0003,0.9055867791175842,-0.26188620924949646,3481,-17.241825430000002,0.0,150.0
7023,69660,3483,9,-1.8278782367706299,0.0878002867102623,0.0003,0.9110153317451477,-0.0028412104584276676,3482,-17.241825430000002,0.0,150.0
7024,69680,3484,9,-1.8621091842651367,0.07244930416345596,0.0003,0.9571625590324402,0.1559714823961258,3483,-17.241825430000002,0.0,150.0
7024,69700,3485,9,-1.8767502307891846,0.07683277130126953,0.0003,0.9748858213424683,-0.370426744222641,3484,-17.241825430000002,0.0,150.0
7024,69720,3486,9,-1.8769729137420654,0.13669362664222717,0.0003,0.9419409036636353,0.41352003812789917,3485,-17.241825430000002,0.0,150.0
7024,69740,3487,9,-1.889284372329712,0.9328147768974304,0.0003,0.9035744071006775,1.181203842163086,3486,-17.241825430000002,0.0,150.0
7025,69760,3488,9,-1.8817123174667358,0.8393182754516602,0.0003,0.7646536827087402,0.2215852439403534,3487,-17.241825430000002,0.0,150.0
7025,69780,3489,9,-1.9165680408477783,0.14470738172531128,0.0003,0.9658535122871399,-0.18102870881557465,3488,-17.241825430000002,0.0,150.0
7025,69800,3490,9,-1.9305073022842407,0.42301684617996216,0.0003,0.9643244743347168,-0.8796343803405762,3489,-17.241825430000002,0.0,150.0
7026,69820,3491,9,-1.9487813711166382,0.01713624969124794,0.0003,0.9978286623954773,-0.12307623773813248,3490,-17.241825430000002,0.0,150.0
7026,69840,3492,9,-1.976487159729004,0.156376913189888,0.0003,0.9822566509246826,-0.3436664044857025,3491,-17.241825430000002,0.0,150.0
7026,69860,3493,9,-1.9943349361419678,0.5236350297927856,0.0003,0.9469465017318726,0.542420506477356,3492,-17.241825430000002,0.0,150.0
7026,69880,3494,9,-1.9729194641113281,0.2023206204175949,0.0003,0.9848990440368652,0.29272738099098206,3493,-17.241825430000002,0.0,150.0
7026,69900,3495,9,-1.9701061248779297,0.877640426158905,0.0003,0.9413644671440125,0.9111047983169556,3494,-17.241825430000002,0.0,150.0
7026,69920,3496,9,-1.9658730030059814,1.025992751121521,0.0003,0.9148956537246704,0.48010215163230896,3495,-17.241825430000002,0.0,150.0
7027,69940,3497,9,-1.9286476373672485,0.13155439496040344,0.0003,0.9860092401504517,0.26286593079566956,3496,-17.241825430000002,0.0,150.0
7027,69960,3498,9,-1.9453623294830322,1.0384563207626343,0.0003,0.928271472454071,0.8925544619560242,3497,-17.241825430000002,0.0,150.0
7027,69980,3499,9,-1.9691190719604492,0.41164031624794006,0.0003,0.9640035033226013,0.6071849465370178,3498,-17.241825430000002,0.0,150.0
7027,70000,3500,9,-1.9797837734222412,0.957827091217041,0.0003,0.8879444003105164,0.533842146396637,3499,-17.241825430000002,0.0,150.0
7027,70020,3501,9,-1.9536749124526978,0.10377111285924911,0.0003,0.9795122146606445,0.08990363776683807,3500,-17.241825430000002,0.0,150.0
7028,70040,3502,9,-1.9252102375030518,1.6751219034194946,0.0003,0.6975828409194946,1.1001802682876587,3501,-17.241825430000002,0.0,150.0
7028,70060,3503,9,-2.0076494216918945,0.20601634681224823,0.0003,0.9056641459465027,-0.1282362937927246,3502,-17.241825430000002,0.0,150.0
7028,70080,3504,9,-2.0172250270843506,0.16931314766407013,0.0003,0.9528830647468567,0.5676944255828857,3503,-17.241825430000002,0.0,150.0
7028,70100,3505,9,-2.0030629634857178,0.15742447972297668,0.0003,0.906262993812561,0.039968427270650864,3504,-17.241825430000002,0.0,150.0
7028,70120,3506,9,-2.0462124347686768,0.6955096125602722,0.0003,0.7318492531776428,0.9496920704841614,3505,-17.241825430000002,0.0,150.0
7028,70140,3507,9,-2.0595498085021973,0.061722446233034134,0.0003,0.9433823227882385,-0.054537706077098846,3506,-17.241825430000002,0.0,150.0
7028,70160,3508,9,-2.0336318016052246,0.040848713368177414,0.0003,0.9542959928512573,-0.050498466938734055,3507,-17.241825430000002,0.0,150.0
7028,70180,3509,9,-2.057725191116333,0.10274726152420044,0.0003,0.8776387572288513,-0.21473070979118347,3508,-17.241825430000002,0.0,150.0
7028,70200,3510,9,-2.0188353061676025,0.027302538976073265,0.0003,0.962748110294342,-0.11606712639331818,3509,-16.986905930000002,0.0,150.0
7028,70220,3511,9,-2.039327621459961,0.03356944024562836,0.0003,0.9438254833221436,0.09146509319543839,3510,-16.986905930000002,0.0,150.0
7028,70240,3512,9,-1.7755178213119507,0.025829333811998367,0.0003,0.9593567252159119,-0.08114121109247208,3511,-16.986905930000002,0.0,150.0
7028,70260,3513,9,-1.8126113414764404,0.5516562461853027,0.0003,0.7452183961868286,-0.5768315196037292,3512,-16.986905930000002,0.0,150.0
7028,70280,3514,9,-1.8301010131835938,0.6424124836921692,0.0003,0.8750115633010864,-1.0307848453521729,3513,-16.986905930000002,0.0,150.0
7028,70300,3515,10,-1.8380228281021118,0.08532939106225967,0.0003,0.9784904718399048,-0.2597687840461731,3514,-16.986905930000002,0.0,150.0
7029,70320,3516,10,-1.8561630249023438,0.09592622518539429,0.0003,0.9783157706260681,-0.1252376139163971,3515,-16.986905930000002,0.0,150.0
7029,70340,3517,10,-1.8803514242172241,0.053763169795274734,0.0003,0.9911069273948669,-0.2092142105102539,3516,-16.986905930000002,0.0,150.0
7029,70360,3518,10,-1.87567138671875,1.5958881378173828,0.0003,0.7743677496910095,1.5872234106063843,3517,-16.986905930000002,0.0,150.0
7029,70380,3519,10,-1.9082530736923218,0.2660749554634094,0.0003,0.9582889080047607,0.17952093482017517,3518,-16.986905930000002,0.0,150.0
7029,70400,3520,10,-1.9243640899658203,0.05774734169244766,0.0003,0.9930304288864136,0.29529818892478943,3519,-16.986905930000002,0.0,150.0
7029,70420,3521,10,-1.9394611120224,0.020742787048220634,0.0003,0.9968196749687195,0.062269240617752075,3520,-16.986905930000002,0.0,150.0
7029,70440,3522,10,-1.9589099884033203,0.06052447110414505,0.0003,0.9921441078186035,0.032277703285217285,3521,-16.986905930000002,0.0,150.0
7030,70460,3523,10,-1.9875566959381104,0.10884495079517365,0.0003,0.9880198240280151,-0.2998878061771393,3522,-16.986905930000002,0.0,150.0
7030,70480,3524,10,-2.013979196548462,0.036008987575769424,0.0003,0.9945923686027527,0.12172599136829376,3523,-16.986905930000002,0.0,150.0
7030,70500,3525,10,-2.0264594554901123,0.21182537078857422,0.0003,0.9750027656555176,-0.5886645913124084,3524,-16.986905930000002,0.0,150.0
7030,70520,3526,10,-2.044153928756714,0.026170294731855392,0.0003,0.9952157735824585,0.23050622642040253,3525,-16.986905930000002,0.0,150.0
7030,70540,3527,10,-2.065783739089966,0.1115512102842331,0.0003,0.9779973030090332,-0.44372209906578064,3526,-16.986905930000002,0.0,150.0
7031,70560,3528,10,-2.056230068206787,0.19536921381950378,0.0003,0.8884421586990356,0.1871698796749115,3527,-16.986905930000002,0.0,150.0
7031,70580,3529,10,-2.0381522178649902,1.5528061389923096,0.0003,-0.4098309278488159,0.9584921598434448,3528,-16.986905930000002,0.0,150.0
7031,70600,3530,10,-2.0578644275665283,0.0594974085688591,0.0003,0.9491443634033203,-0.3609969913959503,3529,-16.986905930000002,0.0,150.0
7031,70620,3531,10,-2.0585269927978516,0.12218816578388214,0.0003,0.7573637962341309,-0.38620734214782715,3530,-16.986905930000002,0.0,150.0
7031,70640,3532,10,-2.0535178184509277,0.10256725549697876,0.0003,0.6415799856185913,-0.19818608462810516,3531,-16.986905930000002,0.0,150.0
7032,70660,3533,10,-2.0471901893615723,0.09649378061294556,0.0003,0.7806616425514221,0.24247078597545624,3532,-16.986905930000002,0.0,150.0
7032,70680,3534,10,-2.076464891433716,0.11072096973657608,0.0003,0.6486403346061707,0.1905057728290558,3533,-16.986905930000002,0.0,150.0
7032,70700,3535,10,-2.0992462635040283,0.12034402042627335,0.0003,0.6690477132797241,0.02878105267882347,3534,-16.986905930000002,0.0,150.0
7032,70720,3536,10,-2.0980236530303955,0.053835827857255936,0.0003,0.8416075110435486,0.15435504913330078,3535,-16.986905930000002,0.0,150.0
7033,70740,3537,10,-2.1034128665924072,0.05667964369058609,0.0003,0.8470296263694763,0.04253122955560684,3536,-16.986905930000002,0.0,150.0
7033,70760,3538,10,-2.1038718223571777,0.09028283506631851,0.0003,0.8509016036987305,-0.06628850102424622,3537,-16.986905930000002,0.0,150.0
7033,70780,3539,10,-2.1009938716888428,0.07012126594781876,0.0003,0.8848535418510437,-0.1947522759437561,3538,-16.986905930000002,0.0,150.0
7033,70800,3540,10,-2.1090126037597656,0.07706321775913239,0.0003,0.9091618061065674,-0.4694415032863617,3539,-16.89502376,0.0,150.0
7034,70820,3541,10,-2.11763596534729,0.17107312381267548,0.0003,0.552653968334198,-0.24649310111999512,3540,-16.89502376,0.0,150.0
7034,70840,3542,10,-1.8766855001449585,0.09614796936511993,0.0003,0.856755256652832,-0.5614343285560608,3541,-16.89502376,0.0,150.0
7034,70860,3543,10,-1.8899158239364624,0.4280698299407959,0.0003,0.7076025009155273,-0.7599489092826843,3542,-16.89502376,0.0,150.0
7034,70880,3544,10,-1.9024776220321655,0.17874929308891296,0.0003,0.8546777367591858,-0.6523839831352234,3543,-16.89502376,0.0,150.0
7035,70900,3545,10,-1.910424828529358,0.2983868718147278,0.0003,0.8071108460426331,-0.03779168426990509,3544,-16.89502376,0.0,150.0
7035,70920,3546,10,-1.9199196100234985,2.1844801902770996,0.0003,0.65449059009552,0.6703698635101318,3545,-16.89502376,0.0,150.0
7035,70940,3547,10,-1.9633468389511108,0.4052891731262207,0.0003,0.9577835202217102,-0.9130731821060181,3546,-16.89502376,0.0,150.0
7035,70960,3548,10,-1.9624236822128296,0.05710892751812935,0.0003,0.9885287284851074,-0.18752577900886536,3547,-16.89502376,0.0,150.0
7036,70980,3549,10,-1.9664214849472046,2.5983574390411377,0.0003,-1.0785210132598877,0.9597674608230591,3548,-16.89502376,0.0,150.0
7036,71000,3550,10,-1.9926977157592773,0.5400970578193665,0.0003,0.638195276260376,0.380974143743515,3549,-16.89502376,0.0,150.0
7036,71020,3551,10,-2.029655933380127,0.7062758803367615,0.0003,0.8481740951538086,0.5135659575462341,3550,-16.89502376,0.0,150.0
7036,71040,3552,10,-1.9950387477874756,1.5015039443969727,0.0003,0.6183534860610962,1.119506597518921,3551,-16.89502376,0.0,150.0
7036,71060,3553,10,-2.0368285179138184,0.1186121478676796,0.0003,0.926079273223877,0.0718015804886818,3552,-16.89502376,0.0,150.0
7037,71080,3554,10,-2.009514808654785,0.028224632143974304,0.0003,0.9774091839790344,0.026126205921173096,3553,-16.89502376,0.0,150.0
7037,71100,3555,10,-2.0057718753814697,0.19028690457344055,0.0003,0.8668302297592163,0.32469916343688965,3554,-16.89502376,0.0,150.0
7037,71120,3556,10,-2.0225837230682373,0.032489221543073654,0.0003,0.9548965096473694,0.005716271698474884,3555,-16.89502376,0.0,150.0
7037,71140,3557,10,-2.0493457317352295,0.07869720458984375,0.0003,0.9071035981178284,0.2597309947013855,3556,-16.89502376,0.0,150.0
7038,71160,3558,10,-2.084010362625122,0.7183047533035278,0.0003,0.3481411933898926,0.16557243466377258,3557,-16.89502376,0.0,150.0
7038,71180,3559,10,-2.023707151412964,2.029100179672241,0.0003,-0.11152112483978271,1.6476043462753296,3558,-16.89502376,0.0,150.0
7038,71200,3560,10,-2.0638861656188965,0.06558552384376526,0.0003,0.9464766383171082,-0.3855416476726532,3559,-16.89502376,0.0,150.0
7038,71220,3561,10,-2.062178611755371,0.08772577345371246,0.0003,0.9044275283813477,-0.2553020119667053,3560,-16.89502376,0.0,150.0
7039,71240,3562,10,-2.1169400215148926,0.0550151988863945,0.0003,0.9580649137496948,-0.3518076241016388,3561,-16.89502376,0.0,150.0
7039,71260,3563,10,-2.134366989135742,0.06889448314905167,0.0003,0.9515445232391357,-0.5027389526367188,3562,-16.89502376,0.0,150.0
7039,71280,3564,10,-2.1328930854797363,0.07232236862182617,0.0003,0.8905462622642517,-0.4198055863380432,3563,-16.89502376,0.0,150.0
7039,71300,3565,10,-2.1236183643341064,0.045641206204891205,0.0003,0.8404232263565063,0.036568738520145416,3564,-16.89502376,0.0,150.0
7040,71320,3566,10,-2.1260268688201904,0.025894001126289368,0.0003,0.9132022261619568,-0.07852587848901749,3565,-16.89502376,0.0,150.0
7040,71340,3567,10,-2.1263325214385986,0.0334952287375927,0.0003,0.9144449234008789,-0.2995355427265167,3566,-16.89502376,0.0,150.0
7040,71360,3568,10,-2.1261394023895264,0.03577165678143501,0.0003,0.8153375387191772,-0.19378633797168732,3567,-16.89502376,0.0,150.0
7040,71380,3569,10,-2.1257388591766357,0.08162621408700943,0.0003,0.6972571015357971,-0.4404835104942322,3568,-16.89502376,0.0,150.0
7040,71400,3570,10,-2.114069700241089,0.015969330444931984,0.0003,0.73398756980896,0.019623393192887306,3569,-16.982928840000003,0.0,150.0
7041,71420,3571,10,-2.111349582672119,0.030565928667783737,0.0003,0.6341595649719238,0.11561775207519531,3570,-16.982928840000003,0.0,150.0
7041,71440,3572,10,-1.7510251998901367,0.04497437924146652,0.0003,0.9636070132255554,0.13840001821517944,3571,-16.982928840000003,0.0,150.0
7041,71460,3573,10,-1.7691524028778076,0.2781151533126831,0.0003,0.9348154067993164,0.8148201704025269,3572,-16.982928840000003,0.0,150.0
7041,71480,3574,10,-1.764849066734314,0.8160852193832397,0.0003,0.31943297386169434,0.8752679824829102,3573,-16.982928840000003,0.0,150.0
7042,71500,3575,10,-1.7809040546417236,0.1538609266281128,0.0003,0.8923391103744507,-0.18520709872245789,3574,-16.982928840000003,0.0,150.0
7042,71520,3576,10,-1.7893530130386353,1.3780981302261353,0.0003,0.5098816156387329,1.323663353919983,3575,-16.982928840000003,0.0,150.0
7041,71540,3577,10,-1.7993663549423218,0.13570566475391388,0.0003,0.9487810134887695,0.15403780341148376,3576,-16.982928840000003,0.0,150.0
7041,71560,3578,10,-1.8173964023590088,1.711064100265503,0.0003,0.7195561528205872,0.4002821445465088,3577,-16.982928840000003,0.0,150.0
7041,71580,3579,10,-1.8496265411376953,0.3948892056941986,0.0003,0.9683429598808289,-0.7215907573699951,3578,-16.982928840000003,0.0,150.0
7042,71600,3580,10,-1.8458364009857178,3.0266127586364746,0.0003,0.8302059173583984,1.8201805353164673,3579,-16.982928840000003,0.0,150.0
7042,71620,3581,10,-1.8742105960845947,0.07178287208080292,0.0003,0.9953508973121643,-0.27335840463638306,3580,-16.982928840000003,0.0,150.0
7042,71640,3582,10,-1.8985698223114014,0.2756599485874176,0.0003,0.9795306324958801,0.5185973048210144,3581,-16.982928840000003,0.0,150.0
7042,71660,3583,10,-1.9311107397079468,0.4694288372993469,0.0003,0.9436166882514954,0.36681434512138367,3582,-16.982928840000003,0.0,150.0
7042,71680,3584,10,-1.9297363758087158,0.3735344111919403,0.0003,0.9752199649810791,-0.9220955967903137,3583,-16.982928840000003,0.0,150.0
7042,71700,3585,10,-1.91097891330719,0.35709047317504883,0.0003,0.9016965627670288,0.27059823274612427,3584,-16.982928840000003,0.0,150.0
7043,71720,3586,10,-1.9872055053710938,0.12763836979866028,0.0003,0.9726033806800842,0.2553325593471527,3585,-16.982928840000003,0.0,150.0
7043,71740,3587,10,-1.9812891483306885,0.3293149471282959,0.0003,0.961101770401001,0.9380789995193481,3586,-16.982928840000003,0.0,150.0
7043,71760,3588,10,-1.9789626598358154,0.3640212416648865,0.0003,0.9274865984916687,0.1597675383090973,3587,-16.982928840000003,0.0,150.0
7043,71780,3589,10,-2.0076727867126465,0.4195075035095215,0.0003,0.8024082183837891,-0.30514711141586304,3588,-16.982928840000003,0.0,150.0
7043,71800,3590,10,-2.0352907180786133,0.22210554778575897,0.0003,0.9188101291656494,-0.4579663872718811,3589,-16.982928840000003,0.0,150.0
7044,71820,3591,10,-2.042065143585205,0.20914578437805176,0.0003,0.9394750595092773,-0.4530850052833557,3590,-16.982928840000003,0.0,150.0
7044,71840,3592,10,-2.0447840690612793,0.031529463827610016,0.0003,0.9879577159881592,-0.2087457925081253,3591,-16.982928840000003,0.0,150.0
7044,71860,3593,10,-2.0304293632507324,0.051579058170318604,0.0003,0.9784834980964661,-0.21811147034168243,3592,-16.982928840000003,0.0,150.0
7044,71880,3594,10,-2.0427112579345703,0.14543327689170837,0.0003,0.9552191495895386,-0.4631257951259613,3593,-16.982928840000003,0.0,150.0
7044,71900,3595,10,-2.0397567749023438,0.04383917897939682,0.0003,0.9875867962837219,-0.22161802649497986,3594,-16.982928840000003,0.0,150.0
7044,71920,3596,10,-2.0588364601135254,0.09676694869995117,0.0003,0.9650808572769165,-0.08379112184047699,3595,-16.982928840000003,0.0,150.0
7044,71940,3597,10,-2.096351146697998,0.07165320962667465,0.0003,0.970369279384613,-0.35479503870010376,3596,-16.982928840000003,0.0,150.0
7045,71960,3598,10,-2.0982699394226074,0.13569621741771698,0.0003,0.9430256485939026,0.26215580105781555,3597,-16.982928840000003,0.0,150.0
7045,71980,3599,10,-2.0955147743225098,0.039997540414333344,0.0003,0.9831509590148926,0.023768166080117226,3598,-16.982928840000003,0.0,150.0
7045,72000,3600,10,-2.1030972003936768,0.016534563153982162,0.0003,0.9926785230636597,0.017732223495841026,3599,-16.654799170000004,0.0,150.0
7044,72020,3601,10,-2.110847234725952,0.07748489081859589,0.0003,0.9658882021903992,-0.05652833729982376,3600,-16.654799170000004,0.0,150.0
7043,72040,3602,10,-1.76200270652771,1.0173132419586182,0.0003,-0.020969867706298828,-0.1357731819152832,3601,-16.654799170000004,0.0,150.0
7043,72060,3603,10,-1.8019548654556274,0.28897732496261597,0.0003,0.8134886026382446,-0.29155123233795166,3602,-16.654799170000004,0.0,150.0
7043,72080,3604,10,-1.8318207263946533,0.12336734682321548,0.0003,0.932579755783081,-0.35771840810775757,3603,-16.654799170000004,0.0,150.0
7043,72100,3605,10,-1.8395475149154663,0.7912514805793762,0.0003,-2.6106693744659424,0.35937434434890747,3604,-16.654799170000004,0.0,150.0
7043,72120,3606,10,-1.8706495761871338,0.08355529606342316,0.0003,0.7720115184783936,0.08570520579814911,3605,-16.654799170000004,0.0,150.0
7043,72140,3607,10,-1.8654115200042725,1.0453872680664062,0.0003,0.6747291088104248,1.162157654762268,3606,-16.654799170000004,0.0,150.0
7042,72160,3608,10,-1.8858169317245483,0.9826469421386719,0.0003,0.7158896923065186,0.7112588286399841,3607,-16.654799170000004,0.0,150.0
7042,72180,3609,10,-1.910898208618164,2.1584973335266113,0.0003,0.7316920161247253,0.7910876274108887,3608,-16.654799170000004,0.0,150.0
7042,72200,3610,10,-1.9570913314819336,0.13179586827754974,0.0003,0.9901520013809204,-0.6422419548034668,3609,-16.654799170000004,0.0,150.0
7042,72220,3611,10,-1.9602028131484985,0.9662291407585144,0.0003,0.8245001435279846,-0.399931401014328,3610,-16.654799170000004,0.0,150.0
7042,72240,3612,10,-1.9877212047576904,0.6114745140075684,0.0003,0.9303750395774841,0.47138890624046326,3611,-16.654799170000004,0.0,150.0
7043,72260,3613,10,-1.9694006443023682,0.537543773651123,0.0003,0.9496967196464539,0.21762113273143768,3612,-16.654799170000004,0.0,150.0
7043,72280,3614,10,-1.9840996265411377,0.5392622947692871,0.0003,0.9709256291389465,-1.1384117603302002,3613,-16.654799170000004,0.0,150.0
7043,72300,3615,10,-2.029806613922119,0.6850790977478027,0.0003,0.9299137592315674,-0.06393218040466309,3614,-16.654799170000004,0.0,150.0
7043,72320,3616,10,-2.0326523780822754,0.24838843941688538,0.0003,0.9857045412063599,-0.7562174797058105,3615,-16.654799170000004,0.0,150.0
7043,72340,3617,10,-2.0202884674072266,0.36607569456100464,0.0003,0.9319657683372498,-0.4682438373565674,3616,-16.654799170000004,0.0,150.0
7043,72360,3618,10,-2.021176815032959,1.1917171478271484,0.0003,0.49496543407440186,0.13898226618766785,3617,-16.654799170000004,0.0,150.0
7043,72380,3619,10,-2.0584774017333984,0.2965077757835388,0.0003,0.9132729172706604,-0.6713644862174988,3618,-16.654799170000004,0.0,150.0
7044,72400,3620,10,-2.069685459136963,0.17330412566661835,0.0003,0.927780032157898,-0.7153439521789551,3619,-16.654799170000004,0.0,150.0
7044,72420,3621,10,-2.078904628753662,0.2070811241865158,0.0003,0.8727552890777588,-0.3788875937461853,3620,-16.654799170000004,0.0,150.0
7044,72440,3622,10,-2.0962345600128174,0.759028434753418,0.0003,0.4383543133735657,0.8109599947929382,3621,-16.654799170000004,0.0,150.0
7044,72460,3623,10,-2.1134145259857178,0.10335385799407959,0.0003,0.8941027522087097,-0.3177720010280609,3622,-16.654799170000004,0.0,150.0
7045,72480,3624,10,-2.104233503341675,0.06163270026445389,0.0003,0.9561081528663635,-0.3186306953430176,3623,-16.654799170000004,0.0,150.0
7045,72500,3625,10,-2.103715419769287,0.14561967551708221,0.0003,0.7892902493476868,0.07549097388982773,3624,-16.654799170000004,0.0,150.0
7045,72520,3626,10,-2.099647045135498,0.11011815071105957,0.0003,0.7472522854804993,0.06732115894556046,3625,-16.654799170000004,0.0,150.0
7045,72540,3627,10,-2.094724178314209,0.02165897749364376,0.0003,0.9581784009933472,-0.1688201129436493,3626,-16.654799170000004,0.0,150.0
7046,72560,3628,10,-2.1112380027770996,0.013319877907633781,0.0003,0.9481338262557983,0.009388476610183716,3627,-16.654799170000004,0.0,150.0
7046,72580,3629,10,-2.1109824180603027,0.004295787308365107,0.0003,0.9820196032524109,-0.007098482456058264,3628,-16.654799170000004,0.0,150.0
7046,72600,3630,10,-2.1206202507019043,0.03495064750313759,0.0003,0.9382709264755249,0.29424431920051575,3629,-16.706904610000002,0.0,150.0
7046,72620,3631,10,-2.1185619831085205,0.023383546620607376,0.0003,0.9608166217803955,0.2556561231613159,3630,-16.706904610000002,0.0,150.0
7046,72640,3632,10,-1.7631542682647705,0.30276232957839966,0.0003,0.7362768650054932,-0.6979894638061523,3631,-16.706904610000002,0.0,150.0
7046,72660,3633,10,-1.7889972925186157,0.33784931898117065,0.0003,0.4723295569419861,-0.048623986542224884,3632,-16.706904610000002,0.0,150.0
7046,72680,3634,10,-1.8112564086914062,0.060221653431653976,0.0003,0.9248232841491699,-0.010306382551789284,3633,-16.706904610000002,0.0,150.0
7046,72700,3635,10,-1.823887825012207,0.26231974363327026,0.0003,0.8713558316230774,-0.37594228982925415,3634,-16.706904610000002,0.0,150.0
7046,72720,3636,10,-1.8641459941864014,0.08432498574256897,0.0003,0.9677145481109619,-0.3389609158039093,3635,-16.706904610000002,0.0,150.0
7047,72740,3637,10,-1.894472360610962,0.22538164258003235,0.0003,0.9181711673736572,-0.2510072588920593,3636,-16.706904610000002,0.0,150.0
7047,72760,3638,10,-1.9071455001831055,0.13564667105674744,0.0003,0.9513458013534546,-0.32334351539611816,3637,-16.706904610000002,0.0,150.0
7047,72780,3639,10,-1.9207050800323486,0.14868007600307465,0.0003,0.9564371705055237,-0.006575578358024359,3638,-16.706904610000002,0.0,150.0
7047,72800,3640,10,-1.9299722909927368,0.4100423753261566,0.0003,0.9358702301979065,0.20964352786540985,3639,-16.706904610000002,0.0,150.0
7047,72820,3641,10,-1.9695959091186523,0.04004319757223129,0.0003,0.9924266934394836,-0.2108907699584961,3640,-16.706904610000002,0.0,150.0
7047,72840,3642,10,-1.9983994960784912,0.1943722516298294,0.0003,0.9001069664955139,-0.20485177636146545,3641,-16.706904610000002,0.0,150.0
7047,72860,3643,10,-2.0245373249053955,0.09045059978961945,0.0003,0.9535982608795166,-0.26865944266319275,3642,-16.706904610000002,0.0,150.0
7047,72880,3644,10,-2.018742322921753,0.7070579528808594,0.0003,0.5204924941062927,0.24432817101478577,3643,-16.706904610000002,0.0,150.0
7048,72900,3645,10,-1.9934937953948975,0.8645845651626587,0.0003,0.8197672367095947,1.5543220043182373,3644,-16.706904610000002,0.0,150.0
7048,72920,3646,10,-1.9907286167144775,1.0965403318405151,0.0003,0.3302968740463257,0.9151551127433777,3645,-16.706904610000002,0.0,150.0
7048,72940,3647,10,-2.007699489593506,0.08381436765193939,0.0003,0.9291742444038391,-0.12154428660869598,3646,-16.706904610000002,0.0,150.0
7048,72960,3648,10,-2.0464489459991455,0.05300265550613403,0.0003,0.9182523488998413,-0.17984826862812042,3647,-16.706904610000002,0.0,150.0
7048,72980,3649,10,-2.0985732078552246,0.0876392051577568,0.0003,0.882260262966156,-0.37856632471084595,3648,-16.706904610000002,0.0,150.0
7049,73000,3650,10,-2.126107692718506,0.02142965793609619,0.0003,0.9358920454978943,0.12381941080093384,3649,-16.706904610000002,0.0,150.0
7049,73020,3651,10,-2.0814425945281982,0.05206524208188057,0.0003,0.8478814363479614,-0.11048998683691025,3650,-16.706904610000002,0.0,150.0
7049,73040,3652,10,-2.1083903312683105,0.02025103010237217,0.0003,0.8903520107269287,-0.1538095772266388,3651,-16.706904610000002,0.0,150.0
7049,73060,3653,10,-2.135723114013672,0.02187960036098957,0.0003,0.8541812300682068,-0.19936594367027283,3652,-16.706904610000002,0.0,150.0
7049,73080,3654,10,-2.135453701019287,0.052719466388225555,0.0003,0.5739516019821167,0.06350986659526825,3653,-16.706904610000002,0.0,150.0
7050,73100,3655,10,-2.130570888519287,0.04129178076982498,0.0003,0.6086134314537048,-0.03964052349328995,3654,-16.706904610000002,0.0,150.0
7050,73120,3656,10,-2.1145784854888916,0.02107331156730652,0.0003,0.7251779437065125,0.09797967970371246,3655,-16.706904610000002,0.0,150.0
7050,73140,3657,10,-2.1185336112976074,0.025743210688233376,0.0003,0.7552646398544312,0.22300443053245544,3656,-16.706904610000002,0.0,150.0
7050,73160,3658,10,-2.1165060997009277,0.018302608281373978,0.0003,0.6794734597206116,0.08049918711185455,3657,-16.706904610000002,0.0,150.0
7050,73180,3659,10,-2.1120047569274902,0.008856600150465965,0.0003,0.8107115626335144,0.1327250897884369,3658,-16.706904610000002,0.0,150.0
7050,73200,3660,10,-2.1123766899108887,0.03554532304406166,0.0003,0.5961496829986572,0.27470993995666504,3659,-16.80441966,0.0,150.0
7051,73220,3661,10,-2.104633331298828,0.06370048969984055,0.0003,0.475638747215271,0.3735075891017914,3660,-16.80441966,0.0,150.0
7051,73240,3662,10,-1.7681137323379517,0.3919958472251892,0.0003,0.553831934928894,0.3797619044780731,3661,-16.80441966,0.0,150.0
7051,73260,3663,10,-1.796663522720337,0.1721837967634201,0.0003,0.8217068314552307,0.24081194400787354,3662,-16.80441966,0.0,150.0
7051,73280,3664,10,-1.8085196018218994,0.30303123593330383,0.0003,0.8071266412734985,0.4312199056148529,3663,-16.80441966,0.0,150.0
7052,73300,3665,10,-1.8300151824951172,0.7337774038314819,0.0003,0.32895439863204956,0.33238694071769714,3664,-16.80441966,0.0,150.0
7052,73320,3666,10,-1.8564316034317017,0.09623174369335175,0.0003,0.9549092650413513,-0.4297141432762146,3665,-16.80441966,0.0,150.0
7052,73340,3667,10,-1.8803646564483643,0.14732713997364044,0.0003,0.9363988637924194,-0.1756722778081894,3666,-16.80441966,0.0,150.0
7052,73360,3668,10,-1.909607172012329,0.17178495228290558,0.0003,0.9540356993675232,-0.1772712916135788,3667,-16.80441966,0.0,150.0
7053,73380,3669,10,-1.9458668231964111,0.031880784779787064,0.0003,0.9908812046051025,-0.12247677892446518,3668,-16.80441966,0.0,150.0
7053,73400,3670,10,-1.9721972942352295,0.06838997453451157,0.0003,0.981356143951416,0.35318607091903687,3669,-16.80441966,0.0,150.0
7053,73420,3671,10,-2.012634754180908,0.04619911313056946,0.0003,0.9798704981803894,0.15898407995700836,3670,-16.80441966,0.0,150.0
7053,73440,3672,10,-2.055452346801758,0.06901482492685318,0.0003,0.9543595910072327,0.007046723272651434,3671,-16.80441966,0.0,150.0
7053,73460,3673,10,-2.0655248165130615,0.32730919122695923,0.0003,0.8233623504638672,0.620354413986206,3672,-16.80441966,0.0,150.0
7054,73480,3674,10,-2.0594074726104736,1.7495365142822266,0.0003,0.4914388656616211,1.4146182537078857,3673,-16.80441966,0.0,150.0
7054,73500,3675,10,-2.0770459175109863,0.8364020586013794,0.0003,0.1516287922859192,0.7721311450004578,3674,-16.80441966,0.0,150.0
7054,73520,3676,10,-2.0716686248779297,0.4295300841331482,0.0003,0.22792690992355347,0.29214540123939514,3675,-16.80441966,0.0,150.0
7054,73540,3677,10,-2.0660386085510254,0.1364159882068634,0.0003,0.32879745960235596,0.14773204922676086,3676,-16.80441966,0.0,150.0
7054,73560,3678,10,-2.0688462257385254,0.09791930764913559,0.0003,0.14656943082809448,-0.19271431863307953,3677,-16.80441966,0.0,150.0
7054,73580,3679,10,-2.0853495597839355,0.06340448558330536,0.0003,0.7349385023117065,-0.03988290950655937,3678,-16.80441966,0.0,150.0
7054,73600,3680,10,-2.0867981910705566,0.07440172880887985,0.0003,0.8118759989738464,-0.42703551054000854,3679,-16.80441966,0.0,150.0
7053,73620,3681,10,-2.0753040313720703,0.049181289970874786,0.0003,0.85648113489151,-0.26123350858688354,3680,-16.80441966,0.0,150.0
7053,73640,3682,10,-2.0879735946655273,0.07977930456399918,0.0003,0.844915509223938,-0.18889471888542175,3681,-16.80441966,0.0,150.0
7053,73660,3683,10,-2.088334321975708,0.06920753419399261,0.0003,0.8474326133728027,-0.1408107578754425,3682,-16.80441966,0.0,150.0
7053,73680,3684,10,-2.090750217437744,0.19458501040935516,0.0003,0.6110128164291382,0.4221336245536804,3683,-16.80441966,0.0,150.0
7053,73700,3685,10,-2.0940122604370117,0.0486241951584816,0.0003,0.8274366855621338,-0.2318997085094452,3684,-16.80441966,0.0,150.0
7053,73720,3686,10,-2.1142494678497314,0.9447228312492371,0.0003,0.0964888334274292,0.7759077548980713,3685,-16.80441966,0.0,150.0
7053,73740,3687,10,-2.128040313720703,0.07161109149456024,0.0003,0.612025797367096,-0.3660215437412262,3686,-16.80441966,0.0,150.0
7053,73760,3688,10,-2.118245840072632,0.022182274609804153,0.0003,0.7829155325889587,0.24416105449199677,3687,-16.80441966,0.0,150.0
7054,73780,3689,10,-2.1210646629333496,0.12206469476222992,0.0003,-0.12246429920196533,0.048209208995103836,3688,-16.80441966,0.0,150.0
7054,73800,3690,10,-2.1182284355163574,0.0732569620013237,0.0003,-0.1373049020767212,0.09054018557071686,3689,-16.71395671,0.0,150.0
7054,73820,3691,10,-2.113624095916748,0.02214759960770607,0.0003,-0.7540298700332642,0.0626712441444397,3690,-16.71395671,0.0,150.0
7054,73840,3692,10,-1.7166599035263062,0.5247847437858582,0.0003,0.5605090856552124,0.5064263343811035,3691,-16.71395671,0.0,150.0
7054,73860,3693,10,-1.7452948093414307,0.1390657126903534,0.0003,0.8692740201950073,0.1342947781085968,3692,-16.71395671,0.0,150.0
7054,73880,3694,10,-1.736928939819336,0.197283536195755,0.0003,0.8038663268089294,-0.27001598477363586,3693,-16.71395671,0.0,150.0
7054,73900,3695,10,-1.7398192882537842,0.5392147302627563,0.0003,-0.18649256229400635,0.23265361785888672,3694,-16.71395671,0.0,150.0
7055,73920,3696,10,-1.7307636737823486,1.3228574991226196,0.0003,0.37303316593170166,0.7886430621147156,3695,-16.71395671,0.0,150.0
7055,73940,3697,10,-1.7517563104629517,0.8012530207633972,0.0003,0.7947282791137695,0.4619595408439636,3696,-16.71395671,0.0,150.0
7055,73960,3698,10,-1.7613379955291748,0.2425011694431305,0.0003,0.9462892413139343,-0.3341720402240753,3697,-16.71395671,0.0,150.0
7055,73980,3699,10,-1.8221038579940796,0.09265618026256561,0.0003,0.9749866127967834,0.045383598655462265,3698,-16.71395671,0.0,150.0
7055,74000,3700,10,-1.818132758140564,0.12743817269802094,0.0003,0.9751319885253906,0.11169308423995972,3699,-16.71395671,0.0,150.0
7055,74020,3701,10,-1.871985673904419,0.3598098158836365,0.0003,0.8904105424880981,-0.39485374093055725,3700,-16.71395671,0.0,150.0
7056,74040,3702,10,-1.9106714725494385,0.10121232271194458,0.0003,0.9798039793968201,-0.3669280409812927,3701,-16.71395671,0.0,150.0
7056,74060,3703,10,-1.9169460535049438,0.3678150177001953,0.0003,0.879814863204956,0.08504005521535873,3702,-16.71395671,0.0,150.0
7056,74080,3704,10,-1.9564564228057861,0.2850086987018585,0.0003,0.86746746301651,0.44809722900390625,3703,-16.71395671,0.0,150.0
7056,74100,3705,10,-1.9889814853668213,0.25353747606277466,0.0003,0.7150893211364746,0.13242648541927338,3704,-16.71395671,0.0,150.0
7056,74120,3706,10,-2.0552613735198975,0.2543332576751709,0.0003,0.30698126554489136,0.3770049214363098,3705,-16.71395671,0.0,150.0
7057,74140,3707,10,-2.046253204345703,0.07066480815410614,0.0003,0.8417169451713562,0.009778720326721668,3706,-16.71395671,0.0,150.0
7057,74160,3708,10,-1.9966436624526978,0.10591550916433334,0.0003,0.9189900159835815,-0.5493713021278381,3707,-16.71395671,0.0,150.0
7057,74180,3709,10,-2.0405771732330322,1.0111851692199707,0.0003,-0.3538799285888672,0.8744786381721497,3708,-16.71395671,0.0,150.0
7057,74200,3710,10,-2.078906297683716,0.18791207671165466,0.0003,0.5115455389022827,0.22550439834594727,3709,-16.71395671,0.0,150.0
7057,74220,3711,10,-2.084397554397583,0.05965706706047058,0.0003,0.8379122018814087,-0.29824715852737427,3710,-16.71395671,0.0,150.0
7058,74240,3712,10,-2.0725741386413574,0.0521012544631958,0.0003,0.8688943386077881,-0.027510201558470726,3711,-16.71395671,0.0,150.0
7058,74260,3713,10,-2.099106550216675,0.06910751014947891,0.0003,0.9121946692466736,-0.19568605720996857,3712,-16.71395671,0.0,150.0
7058,74280,3714,10,-2.1051392555236816,0.09587693959474564,0.0003,0.7899121642112732,-0.30484333634376526,3713,-16.71395671,0.0,150.0
7058,74300,3715,10,-2.1404969692230225,0.0878300666809082,0.0003,0.9323663711547852,-0.47643160820007324,3714,-16.71395671,0.0,150.0
7059,74320,3716,10,-2.147055149078369,0.08786968886852264,0.0003,0.9239349365234375,-0.6253255009651184,3715,-16.71395671,0.0,150.0
7059,74340,3717,10,-2.1454806327819824,1.433347225189209,0.0003,-0.2556215524673462,1.1276944875717163,3716,-16.71395671,0.0,150.0
7059,74360,3718,10,-2.1492369174957275,0.08013270050287247,0.0003,0.23689061403274536,-0.08613823354244232,3717,-16.71395671,0.0,150.0
7059,74380,3719,10,-2.1470675468444824,0.033111367374658585,0.0003,0.6168600916862488,-0.3080478310585022,3718,-16.71395671,0.0,150.0
7059,74400,3720,10,-2.1461849212646484,0.05803399160504341,0.0003,0.27386289834976196,-0.4321046769618988,3719,-16.83562141,0.0,150.0
7060,74420,3721,10,-2.1417980194091797,1.412252426147461,0.0003,-0.10028445720672607,1.2941696643829346,3720,-16.83562141,0.0,150.0
7060,74440,3722,10,-1.7721154689788818,0.27010002732276917,0.0003,0.870022714138031,-0.09978018701076508,3721,-16.83562141,0.0,150.0
7060,74460,3723,10,-1.813324213027954,0.0902843102812767,0.0003,0.9710596799850464,0.16426362097263336,3722,-16.83562141,0.0,150.0
7060,74480,3724,10,-1.8162975311279297,0.1422310620546341,0.0003,0.953654408454895,-0.15666605532169342,3723,-16.83562141,0.0,150.0
7060,74500,3725,10,-1.8151355981826782,0.3183510899543762,0.0003,0.8252739906311035,-0.18448394536972046,3724,-16.83562141,0.0,150.0
7061,74520,3726,10,-1.8107057809829712,0.13778001070022583,0.0003,0.886498749256134,0.08642609417438507,3725,-16.83562141,0.0,150.0
7061,74540,3727,10,-1.8103606700897217,0.23096200823783875,0.0003,0.8915983438491821,0.5648094415664673,3726,-16.83562141,0.0,150.0
7061,74560,3728,10,-1.8262317180633545,2.3707172870635986,0.0003,-0.5670464038848877,1.7664248943328857,3727,-16.83562141,0.0,150.0
7061,74580,3729,10,-1.8528019189834595,1.0101244449615479,0.0003,0.72590172290802,0.44581517577171326,3728,-16.83562141,0.0,150.0
7062,74600,3730,10,-1.9075043201446533,2.529391288757324,0.0003,0.7734044194221497,1.1050846576690674,3729,-16.83562141,0.0,150.0
7062,74620,3731,10,-1.9419142007827759,0.25085797905921936,0.0003,0.9658225178718567,-0.18316778540611267,3730,-16.83562141,0.0,150.0
7062,74640,3732,10,-1.9421762228012085,1.2609435319900513,0.0003,0.9257290363311768,1.0280745029449463,3731,-16.83562141,0.0,150.0
7062,74660,3733,10,-1.9460103511810303,1.576019048690796,0.0003,0.9169620871543884,0.5896890759468079,3732,-16.83562141,0.0,150.0
7062,74680,3734,10,-1.9802343845367432,0.16671667993068695,0.0003,0.9904876351356506,-0.33851492404937744,3733,-16.83562141,0.0,150.0
7063,74700,3735,10,-2.0016167163848877,0.2846840023994446,0.0003,0.97792649269104,0.161148339509964,3734,-16.83562141,0.0,150.0
7063,74720,3736,10,-2.03110408782959,0.0985969677567482,0.0003,0.997187077999115,-0.5672914385795593,3735,-16.83562141,0.0,150.0
7063,74740,3737,10,-2.030116558074951,0.26019102334976196,0.0003,0.987841010093689,-0.7214784622192383,3736,-16.83562141,0.0,150.0
7063,74760,3738,10,-2.0541529655456543,0.04762687534093857,0.0003,0.9959487318992615,-0.2154727429151535,3737,-16.83562141,0.0,150.0
7064,74780,3739,10,-2.0655462741851807,0.6601778268814087,0.0003,0.8754041194915771,0.46663975715637207,3738,-16.83562141,0.0,150.0
7064,74800,3740,10,-2.0358545780181885,0.05671077221632004,0.0003,0.9912424087524414,-0.2557910978794098,3739,-16.83562141,0.0,150.0
7064,74820,3741,10,-2.0061841011047363,1.0801359415054321,0.0003,0.7096145153045654,0.8150718808174133,3740,-16.83562141,0.0,150.0
7064,74840,3742,10,-2.0249037742614746,0.1937999427318573,0.0003,0.9533253908157349,-0.6131221055984497,3741,-16.83562141,0.0,150.0
7064,74860,3743,10,-2.0425362586975098,0.014140154235064983,0.0003,0.9937745928764343,-0.08357872068881989,3742,-16.83562141,0.0,150.0
7065,74880,3744,10,-2.0599708557128906,0.057314395904541016,0.0003,0.9753973484039307,-0.34250694513320923,3743,-16.83562141,0.0,150.0
7065,74900,3745,10,-2.0873353481292725,0.033964596688747406,0.0003,0.977503776550293,-0.21423594653606415,3744,-16.83562141,0.0,150.0
7065,74920,3746,10,-2.1019883155822754,0.026484046131372452,0.0003,0.9605550169944763,-0.10053806006908417,3745,-16.83562141,0.0,150.0
7065,74940,3747,10,-2.0652241706848145,0.04553000256419182,0.0003,0.8476290702819824,-0.12731200456619263,3746,-16.83562141,0.0,150.0
7065,74960,3748,10,-2.0826687812805176,0.012670186348259449,0.0003,0.9241206049919128,0.03199468553066254,3747,-16.83562141,0.0,150.0
7066,74980,3749,10,-2.1064019203186035,0.05023730918765068,0.0003,0.29605650901794434,0.21139344573020935,3748,-16.83562141,0.0,150.0
7063,75000,3750,10,-2.1195290088653564,0.02315375581383705,0.0003,0.5917984843254089,0.19593209028244019,3749,-16.76956663,0.0,150.0
7064,75020,3751,10,-2.1193203926086426,0.3327729105949402,0.0003,-0.16450285911560059,0.4899213910102844,3750,-16.76956663,0.0,150.0
7064,75040,3752,10,-1.7389252185821533,0.5927863121032715,0.0003,0.6502768993377686,0.5903011560440063,3751,-16.76956663,0.0,150.0
7064,75060,3753,10,-1.7673416137695312,0.2886439263820648,0.0003,0.9135105013847351,-0.20915567874908447,3752,-16.76956663,0.0,150.0
7064,75080,3754,10,-1.7761341333389282,0.26577091217041016,0.0003,0.9379774928092957,-0.6167336702346802,3753,-16.76956663,0.0,150.0
7064,75100,3755,10,-1.7823349237442017,0.050005435943603516,0.0003,0.9841939210891724,-0.06803444772958755,3754,-16.76956663,0.0,150.0
7064,75120,3756,10,-1.813572645187378,0.15768098831176758,0.0003,0.9590262174606323,0.11419336497783661,3755,-16.76956663,0.0,150.0
7064,75140,3757,10,-1.8450202941894531,0.1619148552417755,0.0003,0.9714418053627014,0.29935455322265625,3756,-16.76956663,0.0,150.0
7065,75160,3758,10,-1.889500379562378,0.49804505705833435,0.0003,0.9601579308509827,0.8093658685684204,3757,-16.76956663,0.0,150.0
7065,75180,3759,10,-1.9014564752578735,0.29146063327789307,0.0003,0.9685513973236084,0.21341565251350403,3758,-16.76956663,0.0,150.0
7064,75200,3760,10,-1.9044393301010132,0.18238021433353424,0.0003,0.9795811772346497,-0.2293369323015213,3759,-16.76956663,0.0,150.0
7064,75220,3761,10,-1.9488385915756226,0.06470049917697906,0.0003,0.9886260628700256,-0.05229957774281502,3760,-16.76956663,0.0,150.0
7064,75240,3762,10,-1.9791147708892822,0.08459571748971939,0.0003,0.9785269498825073,0.04275636002421379,3761,-16.76956663,0.0,150.0
7064,75260,3763,10,-1.9698140621185303,1.623910665512085,0.0003,0.7567119598388672,1.2494876384735107,3762,-16.76956663,0.0,150.0
7064,75280,3764,10,-1.9570605754852295,3.4013354778289795,0.0003,0.7632167339324951,2.0296788215637207,3763,-16.76956663,0.0,150.0
7064,75300,3765,10,-1.9596283435821533,0.21912021934986115,0.0003,0.9591016173362732,0.040422357618808746,3764,-16.76956663,0.0,150.0
7064,75320,3766,10,-1.973367691040039,0.4323514997959137,0.0003,0.8880977630615234,0.18557894229888916,3765,-16.76956663,0.0,150.0
7065,75340,3767,10,-1.9930553436279297,0.39857861399650574,0.0003,0.7985025644302368,-0.22940488159656525,3766,-16.76956663,0.0,150.0
7065,75360,3768,10,-2.0378003120422363,0.10260697454214096,0.0003,0.9232354164123535,0.12371397018432617,3767,-16.76956663,0.0,150.0
7065,75380,3769,10,-2.0405097007751465,0.040910504758358,0.0003,0.9639249444007874,0.015416192822158337,3768,-16.76956663,0.0,150.0
7064,75400,3770,10,-1.998687744140625,0.1752452850341797,0.0003,0.7712366580963135,0.4172786772251129,3769,-16.76956663,0.0,150.0
7065,75420,3771,10,-2.020490884780884,0.1384228765964508,0.0003,0.8482217788696289,0.10746743530035019,3770,-16.76956663,0.0,150.0
7065,75440,3772,10,-2.002511978149414,0.07428544759750366,0.0003,0.9031310081481934,0.22297461330890656,3771,-16.76956663,0.0,150.0
7065,75460,3773,10,-2.028785467147827,0.07658138126134872,0.0003,0.8947072625160217,0.07182996720075607,3772,-16.76956663,0.0,150.0
7065,75480,3774,10,-2.05073881149292,0.20252780616283417,0.0003,0.8526965379714966,0.5297595858573914,3773,-16.76956663,0.0,150.0
7065,75500,3775,10,-2.0448365211486816,0.09677541255950928,0.0003,0.9237954020500183,0.3462947905063629,3774,-16.76956663,0.0,150.0
7066,75520,3776,10,-2.0588583946228027,0.19540730118751526,0.0003,0.8776475191116333,0.5982538461685181,3775,-16.76956663,0.0,150.0
7066,75540,3777,10,-2.0592126846313477,0.02053106762468815,0.0003,0.9824804067611694,0.2021082192659378,3776,-16.76956663,0.0,150.0
7066,75560,3778,10,-2.088510513305664,0.04398734122514725,0.0003,0.9487924575805664,0.2594321668148041,3777,-16.76956663,0.0,150.0
7066,75580,3779,10,-2.0841758251190186,0.03797858580946922,0.0003,0.9535715579986572,0.2081940472126007,3778,-16.76956663,0.0,150.0
7066,75600,3780,10,-2.0941004753112793,0.04737379029393196,0.0003,0.9627382755279541,0.29360637068748474,3779,-16.67066843,0.0,150.0
7066,75620,3781,10,-2.127140522003174,0.03449282422661781,0.0003,0.9778251051902771,0.29356321692466736,3780,-16.67066843,0.0,150.0
7066,75640,3782,10,-1.7940928936004639,0.42078161239624023,0.0003,0.8191130757331848,-0.38243043422698975,3781,-16.67066843,0.0,150.0
7066,75660,3783,10,-1.8214597702026367,0.28602278232574463,0.0003,0.8738998770713806,0.09353768825531006,3782,-16.67066843,0.0,150.0
7066,75680,3784,10,-1.8469212055206299,0.21475866436958313,0.0003,0.9086483120918274,0.35515180230140686,3783,-16.67066843,0.0,150.0
7066,75700,3785,10,-1.8586280345916748,1.477447748184204,0.0003,0.6275669932365417,0.13522377610206604,3784,-16.67066843,0.0,150.0
7066,75720,3786,10,-1.8807713985443115,0.15930631756782532,0.0003,0.9648408889770508,0.11760914325714111,3785,-16.67066843,0.0,150.0
7066,75740,3787,10,-1.895520806312561,0.22150984406471252,0.0003,0.9528977870941162,0.1926581859588623,3786,-16.67066843,0.0,150.0
7067,75760,3788,10,-1.9127553701400757,1.3915026187896729,0.0003,0.8764949440956116,0.9704716801643372,3787,-16.67066843,0.0,150.0
7067,75780,3789,10,-1.9311306476593018,0.5733993649482727,0.0003,0.919599711894989,0.023260509595274925,3788,-16.67066843,0.0,150.0
7067,75800,3790,10,-1.9328949451446533,0.2537989616394043,0.0003,0.9664022326469421,0.16144533455371857,3789,-16.67066843,0.0,150.0
7067,75820,3791,10,-1.9795242547988892,1.3493108749389648,0.0003,0.9057462811470032,0.8526817560195923,3790,-16.67066843,0.0,150.0
7067,75840,3792,10,-2.0153236389160156,0.308318555355072,0.0003,0.9724993705749512,0.3351093828678131,3791,-16.67066843,0.0,150.0
7068,75860,3793,10,-2.0012784004211426,0.6092413663864136,0.0003,0.9408847689628601,-0.05413319915533066,3792,-16.67066843,0.0,150.0
7068,75880,3794,10,-2.013984441757202,0.05311276763677597,0.0003,0.9956804513931274,-0.21957950294017792,3793,-16.67066843,0.0,150.0
7068,75900,3795,10,-2.0320472717285156,0.1991715431213379,0.0003,0.979760468006134,0.02859356626868248,3794,-16.67066843,0.0,150.0
7068,75920,3796,10,-2.034750461578369,0.1518048197031021,0.0003,0.9839438199996948,0.015902429819107056,3795,-16.67066843,0.0,150.0
7068,75940,3797,10,-2.032982587814331,0.06685932725667953,0.0003,0.9913460612297058,0.03942404314875603,3796,-16.67066843,0.0,150.0
7068,75960,3798,10,-2.0633881092071533,0.1466548889875412,0.0003,0.978272557258606,-0.3974159061908722,3797,-16.67066843,0.0,150.0
7069,75980,3799,10,-2.0925683975219727,0.1781190037727356,0.0003,0.9249199032783508,0.11414963006973267,3798,-16.67066843,0.0,150.0
7069,76000,3800,10,-2.0881354808807373,0.05480507016181946,0.0003,0.9799925684928894,0.25172799825668335,3799,-16.67066843,0.0,150.0
7069,76020,3801,10,-2.092020034790039,0.03193143382668495,0.0003,0.9776158928871155,-0.02966972626745701,3800,-16.67066843,0.0,150.0
7069,76040,3802,10,-2.1096549034118652,0.03093702718615532,0.0003,0.9774463772773743,0.10087624937295914,3801,-16.67066843,0.0,150.0
7069,76060,3803,10,-2.120434522628784,0.07992871850728989,0.0003,0.9708670377731323,0.4456176161766052,3802,-16.67066843,0.0,150.0
7069,76080,3804,10,-2.1252071857452393,0.08985583484172821,0.0003,0.9547048211097717,-0.10346400737762451,3803,-16.67066843,0.0,150.0
7069,76100,3805,10,-2.1185688972473145,0.10641418397426605,0.0003,0.9630589485168457,0.38308584690093994,3804,-16.67066843,0.0,150.0
7069,76120,3806,10,-2.1416893005371094,0.017502518370747566,0.0003,0.9916122555732727,0.07846909016370773,3805,-16.67066843,0.0,150.0
7069,76140,3807,10,-2.135634422302246,0.04082908481359482,0.0003,0.9837824702262878,0.25324779748916626,3806,-16.67066843,0.0,150.0
7069,76160,3808,10,-2.1399505138397217,0.07714581489562988,0.0003,0.969799280166626,0.09893796592950821,3807,-16.67066843,0.0,150.0
7069,76180,3809,10,-2.1357274055480957,0.02794170007109642,0.0003,0.9915016889572144,0.19399404525756836,3808,-16.67066843,0.0,150.0
7069,76200,3810,10,-2.1396501064300537,0.04309897497296333,0.0003,0.9901583194732666,0.3311842083930969,3809,-16.34840706,0.0,150.0
7069,76220,3811,10,-2.13649320602417,0.02371216006577015,0.0003,0.9937624931335449,0.18972694873809814,3810,-16.34840706,0.0,150.0
7069,76240,3812,10,-1.8875811100006104,0.1535334289073944,0.0003,0.9394164085388184,-0.45347946882247925,3811,-16.34840706,0.0,150.0
7069,76260,3813,10,-1.9068069458007812,0.7623900175094604,0.0003,0.9058346152305603,-1.2540178298950195,3812,-16.34840706,0.0,150.0
7069,76280,3814,10,-1.9449074268341064,0.27706068754196167,0.0003,0.9642629623413086,-0.5872913599014282,3813,-16.34840706,0.0,150.0
7069,76300,3815,10,-1.959303617477417,0.3099377453327179,0.0003,0.9608885645866394,-0.7278003096580505,3814,-16.34840706,0.0,150.0
7069,76320,3816,10,-1.9710712432861328,1.4489192962646484,0.0003,0.7945011854171753,0.7913628816604614,3815,-16.34840706,0.0,150.0
7069,76340,3817,10,-2.0054612159729004,0.12655001878738403,0.0003,0.9834732413291931,0.2849190831184387,3816,-16.34840706,0.0,150.0
7069,76360,3818,10,-2.0065064430236816,0.24408864974975586,0.0003,0.9784351587295532,-0.3972299098968506,3817,-16.34840706,0.0,150.0
7069,76380,3819,10,-2.0336697101593018,0.07538481801748276,0.0003,0.9906929731369019,0.0927768349647522,3818,-16.34840706,0.0,150.0
7069,76400,3820,10,-2.044787645339966,0.18028567731380463,0.0003,0.9887974262237549,0.5012937784194946,3819,-16.34840706,0.0,150.0
7070,76420,3821,10,-2.04642915725708,0.447160542011261,0.0003,0.9397486448287964,-0.19023555517196655,3820,-16.34840706,0.0,150.0
7070,76440,3822,10,-2.0635428428649902,0.2875465750694275,0.0003,0.9704081416130066,-0.6807273030281067,3821,-16.34840706,0.0,150.0
7070,76460,3823,10,-2.063192129135132,0.3001573979854584,0.0003,0.962955117225647,0.3695792257785797,3822,-16.34840706,0.0,150.0
7070,76480,3824,10,-2.07350492477417,2.6661133766174316,0.0003,0.7847476005554199,2.135014772415161,3823,-16.34840706,0.0,150.0
7070,76500,3825,10,-2.1022210121154785,0.17933641374111176,0.0003,0.9857668876647949,-0.6735047698020935,3824,-16.34840706,0.0,150.0
7070,76520,3826,10,-2.1063132286071777,0.071554996073246,0.0003,0.994762122631073,-0.3806512951850891,3825,-16.34840706,0.0,150.0
7070,76540,3827,10,-2.101207733154297,0.21150541305541992,0.0003,0.9726783633232117,-0.5971850156784058,3826,-16.34840706,0.0,150.0
7070,76560,3828,10,-2.119983196258545,0.3260563910007477,0.0003,0.9023224711418152,0.028894484043121338,3827,-16.34840706,0.0,150.0
7070,76580,3829,10,-2.105928421020508,0.10814733803272247,0.0003,0.9808272123336792,-0.42959505319595337,3828,-16.34840706,0.0,150.0
7070,76600,3830,10,-2.1123223304748535,0.17728351056575775,0.0003,0.9337942600250244,0.24124141037464142,3829,-16.34840706,0.0,150.0
7071,76620,3831,10,-2.1202805042266846,0.14771190285682678,0.0003,0.9746924042701721,-0.625332236289978,3830,-16.34840706,0.0,150.0
7071,76640,3832,10,-2.130124092102051,0.09264084696769714,0.0003,0.9708433151245117,-0.32174140214920044,3831,-16.34840706,0.0,150.0
7071,76660,3833,10,-2.1067726612091064,0.019732654094696045,0.0003,0.9915965795516968,-0.033918242901563644,3832,-16.34840706,0.0,150.0
7071,76680,3834,10,-2.134495258331299,0.08479191362857819,0.0003,0.9515411257743835,-0.21490494906902313,3833,-16.34840706,0.0,150.0
7071,76700,3835,10,-2.1362404823303223,1.2417165040969849,0.0003,0.06543314456939697,1.0811525583267212,3834,-16.34840706,0.0,150.0
7071,76720,3836,10,-2.138075351715088,2.347568988800049,0.0003,-0.2539691925048828,1.527825117111206,3835,-16.34840706,0.0,150.0
7072,76740,3837,10,-2.1384096145629883,0.027951940894126892,0.0003,0.94947350025177,-0.12354867160320282,3836,-16.34840706,0.0,150.0
7072,76760,3838,10,-2.143181562423706,0.019484620541334152,0.0003,0.9498277306556702,-0.17035721242427826,3837,-16.34840706,0.0,150.0
7072,76780,3839,10,-2.1363730430603027,0.07560642063617706,0.0003,0.7927271127700806,0.0831536203622818,3838,-16.34840706,0.0,150.0
7072,76800,3840,10,-2.137078046798706,0.7841612696647644,0.0003,-0.17350006103515625,0.2568666934967041,3839,-16.289606130000003,0.0,150.0
7072,76820,3841,10,-2.106433391571045,0.0638754814863205,0.0003,0.49465352296829224,-0.36606255173683167,3840,-16.289606130000003,0.0,150.0
7072,76840,3842,10,-1.8304494619369507,0.3552941679954529,0.0003,0.50016850233078,0.4330384135246277,3841,-16.289606130000003,0.0,150.0
7072,76860,3843,10,-1.8486878871917725,0.5937759280204773,0.0003,-0.5420023202896118,0.31052714586257935,3842,-16.289606130000003,0.0,150.0
7072,76880,3844,10,-1.8481338024139404,0.32786494493484497,0.0003,-0.16342449188232422,0.4996004104614258,3843,-16.289606130000003,0.0,150.0
7072,76900,3845,10,-1.8769328594207764,0.7472530603408813,0.0003,-0.010024666786193848,0.33233246207237244,3844,-16.289606130000003,0.0,150.0
7072,76920,3846,10,-1.8833869695663452,1.6126089096069336,0.0003,0.4308956265449524,0.22476239502429962,3845,-16.289606130000003,0.0,150.0
7072,76940,3847,10,-1.8978897333145142,0.32322314381599426,0.0003,0.9298980832099915,-0.6898123025894165,3846,-16.289606130000003,0.0,150.0
7072,76960,3848,10,-1.905774712562561,0.48837098479270935,0.0003,0.9115617275238037,-0.42744240164756775,3847,-16.289606130000003,0.0,150.0
7073,76980,3849,10,-1.9320627450942993,0.666477620601654,0.0003,0.9345430135726929,-1.0347731113433838,3848,-16.289606130000003,0.0,150.0
7073,77000,3850,10,-1.9709240198135376,0.2828599810600281,0.0003,0.949608564376831,-0.6339302062988281,3849,-16.289606130000003,0.0,150.0
7073,77020,3851,10,-1.9785830974578857,0.13062617182731628,0.0003,0.9793235659599304,-0.33167165517807007,3850,-16.289606130000003,0.0,150.0
7073,77040,3852,10,-2.0008420944213867,0.1687586009502411,0.0003,0.9639574289321899,0.28287068009376526,3851,-16.289606130000003,0.0,150.0
7073,77060,3853,10,-1.9851669073104858,0.1278715431690216,0.0003,0.9659107327461243,0.11749639362096786,3852,-16.289606130000003,0.0,150.0
7073,77080,3854,10,-2.0012383460998535,0.04853787645697594,0.0003,0.9892848134040833,-0.14062374830245972,3853,-16.289606130000003,0.0,150.0
7074,77100,3855,10,-2.0298855304718018,0.10030889511108398,0.0003,0.983710765838623,-0.41982007026672363,3854,-16.289606130000003,0.0,150.0
7074,77120,3856,10,-2.0556588172912598,1.6298500299453735,0.0003,0.7894014716148376,1.0044959783554077,3855,-16.289606130000003,0.0,150.0
7074,77140,3857,10,-2.068955421447754,0.09616921842098236,0.0003,0.9785469174385071,0.26978209614753723,3856,-16.289606130000003,0.0,150.0
7074,77160,3858,10,-2.0348000526428223,0.050249479711055756,0.0003,0.9899603724479675,-0.15203627943992615,3857,-16.289606130000003,0.0,150.0
7075,77180,3859,10,-2.063443183898926,0.27301838994026184,0.0003,0.9411433339118958,0.006117910146713257,3858,-16.289606130000003,0.0,150.0
7075,77200,3860,10,-2.060269832611084,0.21352799236774445,0.0003,0.961254894733429,0.08951915800571442,3859,-16.289606130000003,0.0,150.0
7075,77220,3861,10,-2.045013427734375,0.2611168324947357,0.0003,0.9671791195869446,-0.6495968699455261,3860,-16.289606130000003,0.0,150.0
7075,77240,3862,10,-2.047913074493408,0.11653085052967072,0.0003,0.9792235493659973,-0.4111696183681488,3861,-16.289606130000003,0.0,150.0
7076,77260,3863,10,-2.0444979667663574,0.11999962478876114,0.0003,0.9812582731246948,-0.5329800844192505,3862,-16.289606130000003,0.0,150.0
7076,77280,3864,10,-2.046792507171631,0.1157609224319458,0.0003,0.9867767095565796,-0.6118742227554321,3863,-16.289606130000003,0.0,150.0
7076,77300,3865,10,-2.0611062049865723,0.12470348179340363,0.0003,0.9564971327781677,-0.4633359909057617,3864,-16.289606130000003,0.0,150.0
7076,77320,3866,10,-2.0891666412353516,0.1346006691455841,0.0003,0.9214652180671692,-0.41992682218551636,3865,-16.289606130000003,0.0,150.0
7076,77340,3867,10,-2.1085495948791504,0.06084306165575981,0.0003,0.9381226897239685,-0.34646016359329224,3866,-16.289606130000003,0.0,150.0
7077,77360,3868,10,-2.107818365097046,0.04955289512872696,0.0003,0.9204555153846741,-0.2253241091966629,3867,-16.289606130000003,0.0,150.0
7077,77380,3869,10,-2.087272882461548,0.08707939088344574,0.0003,0.812702476978302,-0.07203414291143417,3868,-16.289606130000003,0.0,150.0
7077,77400,3870,10,-2.0997605323791504,0.043159715831279755,0.0003,0.8410849571228027,-0.21394696831703186,3869,-16.49380454,0.0,150.0
7077,77420,3871,10,-2.1174721717834473,0.03174186497926712,0.0003,0.806968092918396,0.028392022475600243,3870,-16.49380454,0.0,150.0
7077,77440,3872,10,-1.8430169820785522,0.3452780246734619,0.0003,0.8623931407928467,-0.8925291895866394,3871,-16.49380454,0.0,150.0
7077,77460,3873,10,-1.8545053005218506,0.21367359161376953,0.0003,0.9247897863388062,0.3692052960395813,3872,-16.49380454,0.0,150.0
7077,77480,3874,10,-1.8812589645385742,0.8733910322189331,0.0003,0.9429585933685303,-1.2545247077941895,3873,-16.49380454,0.0,150.0
7077,77500,3875,10,-1.9313186407089233,0.2281898558139801,0.0003,0.9580880999565125,0.009554261341691017,3874,-16.49380454,0.0,150.0
7077,77520,3876,10,-1.9155139923095703,2.2576096057891846,0.0003,0.735718846321106,0.5781068801879883,3875,-16.49380454,0.0,150.0
7077,77540,3877,10,-1.944868803024292,0.2062482386827469,0.0003,0.9654995203018188,-0.005273282527923584,3876,-16.49380454,0.0,150.0
7078,77560,3878,10,-1.9530398845672607,0.3799263536930084,0.0003,0.9528167247772217,0.30114811658859253,3877,-16.49380454,0.0,150.0
7078,77580,3879,10,-1.9680163860321045,0.2777702212333679,0.0003,0.9699986577033997,-0.34604135155677795,3878,-16.49380454,0.0,150.0
7078,77600,3880,10,-1.9308677911758423,1.5088058710098267,0.0003,0.8186755180358887,1.4448601007461548,3879,-16.49380454,0.0,150.0
7078,77620,3881,10,-2.0046393871307373,0.1680801808834076,0.0003,0.9794524908065796,0.1730278730392456,3880,-16.49380454,0.0,150.0
7078,77640,3882,10,-1.9930431842803955,0.43532195687294006,0.0003,0.9598736763000488,0.4449303150177002,3881,-16.49380454,0.0,150.0
7078,77660,3883,10,-2.0052542686462402,0.14939655363559723,0.0003,0.9867852926254272,-0.07532936334609985,3882,-16.49380454,0.0,150.0
7078,77680,3884,10,-2.0246009826660156,0.05037539079785347,0.0003,0.9966874718666077,-0.15539468824863434,3883,-16.49380454,0.0,150.0
7078,77700,3885,10,-2.0654118061065674,0.021785402670502663,0.0003,0.9980626106262207,-0.08010589331388474,3884,-16.49380454,0.0,150.0
7078,77720,3886,10,-2.0700418949127197,0.04258758947253227,0.0003,0.9970229864120483,0.26492342352867126,3885,-16.49380454,0.0,150.0
7078,77740,3887,10,-2.08302640914917,1.4621559381484985,0.0003,0.8726580142974854,1.2422211170196533,3886,-16.49380454,0.0,150.0
7078,77760,3888,10,-2.084561347961426,0.042387258261442184,0.0003,0.9966577291488647,-0.16587865352630615,3887,-16.49380454,0.0,150.0
7078,77780,3889,10,-2.0889105796813965,0.07949714362621307,0.0003,0.9891294836997986,0.011458063498139381,3888,-16.49380454,0.0,150.0
7079,77800,3890,10,-2.077881336212158,1.9094669818878174,0.0003,0.6923768520355225,0.481375128030777,3889,-16.49380454,0.0,150.0
7079,77820,3891,10,-2.035430431365967,0.13250097632408142,0.0003,0.9708553552627563,0.2019481211900711,3890,-16.49380454,0.0,150.0
7079,77840,3892,10,-2.024691104888916,0.31603288650512695,0.0003,0.8863088488578796,-0.5514236092567444,3891,-16.49380454,0.0,150.0
7079,77860,3893,10,-2.061596632003784,0.10691724717617035,0.0003,0.9601055383682251,-0.4505443572998047,3892,-16.49380454,0.0,150.0
7079,77880,3894,11,-2.040281057357788,0.09893002361059189,0.0003,0.9487441778182983,-0.4054463505744934,3893,-16.49380454,0.0,150.0
7079,77900,3895,11,-2.0675034523010254,0.08409431576728821,0.0003,0.9302271008491516,-0.3123249411582947,3894,-16.49380454,0.0,150.0
7079,77920,3896,11,-2.0854153633117676,0.05300024896860123,0.0003,0.9549948573112488,-0.36730629205703735,3895,-16.49380454,0.0,150.0
7079,77940,3897,11,-2.092179775238037,0.015084628947079182,0.0003,0.9700713753700256,-0.186977356672287,3896,-16.49380454,0.0,150.0
7079,77960,3898,11,-2.1042327880859375,0.014832571148872375,0.0003,0.9638937711715698,-0.16507713496685028,3897,-16.49380454,0.0,150.0
7080,77980,3899,11,-2.071120023727417,0.010047835297882557,0.0003,0.9005258679389954,-0.10390409082174301,3898,-16.49380454,0.0,150.0
7080,78000,3900,11,-2.0505261421203613,0.027244750410318375,0.0003,0.07968902587890625,-0.12384209781885147,3899,-16.44223281,0.0,150.0
7080,78020,3901,11,-2.083034038543701,0.012113739736378193,0.0003,0.24321478605270386,-0.097474105656147,3900,-16.44223281,0.0,150.0
7080,78040,3902,11,-1.7799499034881592,0.42723554372787476,0.0003,0.7311344146728516,-0.5747168660163879,3901,-16.44223281,0.0,150.0
7080,78060,3903,11,-1.784226655960083,0.26386016607284546,0.0003,0.5363028645515442,-0.2846684753894806,3902,-16.44223281,0.0,150.0
7080,78080,3904,11,-1.7880585193634033,0.9038747549057007,0.0003,0.4350944757461548,0.16320252418518066,3903,-16.44223281,0.0,150.0
7080,78100,3905,11,-1.8025096654891968,0.28158196806907654,0.0003,0.8770389556884766,-0.5995076298713684,3904,-16.44223281,0.0,150.0
7080,78120,3906,11,-1.8112627267837524,0.14276735484600067,0.0003,0.8755208253860474,0.08737260103225708,3905,-16.44223281,0.0,150.0
7080,78140,3907,11,-1.854774832725525,0.14365628361701965,0.0003,0.8972082138061523,-0.2037297934293747,3906,-16.44223281,0.0,150.0
7080,78160,3908,11,-1.8860061168670654,0.07097058743238449,0.0003,0.9420953392982483,0.3211359679698944,3907,-16.44223281,0.0,150.0
7080,78180,3909,11,-1.9029910564422607,1.1618443727493286,0.0003,0.6720240116119385,1.4973716735839844,3908,-16.44223281,0.0,150.0
7081,78200,3910,11,-1.9416005611419678,0.2705790400505066,0.0003,0.9523600935935974,0.779450535774231,3909,-16.44223281,0.0,150.0
7081,78220,3911,11,-1.9712307453155518,0.6388636231422424,0.0003,0.8369003534317017,0.7110756039619446,3910,-16.44223281,0.0,150.0
7081,78240,3912,11,-1.9626076221466064,3.467167377471924,0.0003,0.22278916835784912,2.291626214981079,3911,-16.44223281,0.0,150.0
7081,78260,3913,11,-1.9836496114730835,0.3134416341781616,0.0003,0.912502110004425,0.9096463918685913,3912,-16.44223281,0.0,150.0
7082,78280,3914,11,-2.0132532119750977,0.2054334133863449,0.0003,0.9182623624801636,0.46281298995018005,3913,-16.44223281,0.0,150.0
7082,78300,3915,11,-1.9685642719268799,0.1851809024810791,0.0003,0.9184565544128418,-0.24700430035591125,3914,-16.44223281,0.0,150.0
7082,78320,3916,11,-1.9935758113861084,1.1673322916030884,0.0003,0.48346996307373047,0.9608825445175171,3915,-16.44223281,0.0,150.0
7082,78340,3917,11,-1.9780709743499756,0.22558042407035828,0.0003,0.9348488450050354,-0.07727925479412079,3916,-16.44223281,0.0,150.0
7082,78360,3918,11,-1.9765732288360596,0.042308781296014786,0.0003,0.9866685271263123,-0.0015193403232842684,3917,-16.44223281,0.0,150.0
7082,78380,3919,11,-2.0407958030700684,0.1828303039073944,0.0003,0.968678891658783,0.5043715238571167,3918,-16.44223281,0.0,150.0
7083,78400,3920,11,-2.025550365447998,0.07983104884624481,0.0003,0.9734877943992615,-0.04127304628491402,3919,-16.44223281,0.0,150.0
7083,78420,3921,11,-2.042755603790283,0.019159838557243347,0.0003,0.994536280632019,-0.1581501066684723,3920,-16.44223281,0.0,150.0
7083,78440,3922,11,-2.051286220550537,0.14318643510341644,0.0003,0.9199278950691223,-0.019608870148658752,3921,-16.44223281,0.0,150.0
7083,78460,3923,11,-2.040440797805786,0.05166363716125488,0.0003,0.9762945175170898,-0.3807753920555115,3922,-16.44223281,0.0,150.0
7083,78480,3924,11,-2.053514003753662,0.038830213248729706,0.0003,0.9573585391044617,-0.1281043142080307,3923,-16.44223281,0.0,150.0
7083,78500,3925,11,-2.0643858909606934,0.030465904623270035,0.0003,0.9486260414123535,-0.137638658285141,3924,-16.44223281,0.0,150.0
7084,78520,3926,11,-2.075845241546631,0.12147784233093262,0.0003,0.912111759185791,-0.6005011796951294,3925,-16.44223281,0.0,150.0
7084,78540,3927,11,-2.0943775177001953,0.01406346820294857,0.0003,0.9320758581161499,0.05452384799718857,3926,-16.44223281,0.0,150.0
7084,78560,3928,11,-2.102186918258667,0.022843215614557266,0.0003,0.7912182807922363,-0.1421046257019043,3927,-16.44223281,0.0,150.0
7084,78580,3929,11,-2.119485855102539,1.4075790643692017,0.0003,-0.2915877103805542,0.9135798215866089,3928,-16.44223281,0.0,150.0
7084,78600,3930,11,-2.1160547733306885,0.08192449063062668,0.0003,-0.20565593242645264,0.08824692666530609,3929,-16.40199131,0.0,150.0
7084,78620,3931,11,-2.1081557273864746,0.2273155003786087,0.0003,-0.1439136266708374,0.07978346198797226,3930,-16.40199131,0.0,150.0
7085,78640,3932,11,-1.7956479787826538,0.1829013079404831,0.0003,0.8633555769920349,0.2882809042930603,3931,-16.40199131,0.0,150.0
7085,78660,3933,11,-1.821268081665039,0.1261298805475235,0.0003,0.9549952745437622,-0.5256142020225525,3932,-16.40199131,0.0,150.0
7085,78680,3934,11,-1.8054513931274414,0.7205011248588562,0.0003,0.23955398797988892,0.7666119337081909,3933,-16.40199131,0.0,150.0
7085,78700,3935,11,-1.813950538635254,0.11904577910900116,0.0003,0.9305988550186157,-0.22717413306236267,3934,-16.40199131,0.0,150.0
7085,78720,3936,11,-1.8296626806259155,0.387378990650177,0.0003,0.9144684076309204,0.8268724679946899,3935,-16.40199131,0.0,150.0
7086,78740,3937,11,-1.8534435033798218,0.4927462041378021,0.0003,0.8950067162513733,0.6552423238754272,3936,-16.40199131,0.0,150.0
7086,78760,3938,11,-1.8811676502227783,0.1385008543729782,0.0003,0.9725373983383179,0.03597628325223923,3937,-16.40199131,0.0,150.0
7085,78780,3939,11,-1.9123653173446655,0.5962647795677185,0.0003,0.9269698262214661,0.5940514206886292,3938,-16.40199131,0.0,150.0
7085,78800,3940,11,-1.9254993200302124,0.4039803445339203,0.0003,0.943869948387146,-0.041661400347948074,3939,-16.40199131,0.0,150.0
7085,78820,3941,11,-1.9409968852996826,0.19464945793151855,0.0003,0.981847882270813,-0.4116725027561188,3940,-16.40199131,0.0,150.0
7086,78840,3942,11,-1.9439880847930908,0.1656632125377655,0.0003,0.980330765247345,-0.21073606610298157,3941,-16.40199131,0.0,150.0
7086,78860,3943,11,-1.953814148902893,0.8334594964981079,0.0003,0.9396278262138367,1.0635026693344116,3942,-16.40199131,0.0,150.0
7086,78880,3944,11,-1.9428560733795166,2.746181011199951,0.0003,0.6273940801620483,1.2426096200942993,3943,-16.40199131,0.0,150.0
7086,78900,3945,11,-1.9476982355117798,0.2536259889602661,0.0003,0.9687875509262085,0.37204498052597046,3944,-16.40199131,0.0,150.0
7086,78920,3946,11,-1.9578888416290283,0.09726566821336746,0.0003,0.9896276593208313,-0.21762719750404358,3945,-16.40199131,0.0,150.0
7086,78940,3947,11,-1.9301658868789673,0.2999599874019623,0.0003,0.947416365146637,-0.6540800333023071,3946,-16.40199131,0.0,150.0
7086,78960,3948,11,-1.989200234413147,0.09124527126550674,0.0003,0.9589260220527649,-0.21384206414222717,3947,-16.40199131,0.0,150.0
7087,78980,3949,11,-2.0053868293762207,0.09447605907917023,0.0003,0.9513751864433289,-0.2240888774394989,3948,-16.40199131,0.0,150.0
7087,79000,3950,11,-2.0228896141052246,0.04873868450522423,0.0003,0.9533720016479492,0.22101378440856934,3949,-16.40199131,0.0,150.0
7087,79020,3951,11,-2.0337042808532715,0.08831006288528442,0.0003,0.9129722714424133,0.4122823178768158,3950,-16.40199131,0.0,150.0
7087,79040,3952,11,-2.020958423614502,0.12235566228628159,0.0003,0.42059147357940674,-0.23984022438526154,3951,-16.40199131,0.0,150.0
7087,79060,3953,11,-2.031574010848999,0.21494455635547638,0.0003,-1.57930588722229,0.5262433886528015,3952,-16.40199131,0.0,150.0
7088,79080,3954,11,-2.013401508331299,0.22343996167182922,0.0003,0.404937207698822,0.07066629081964493,3953,-16.40199131,0.0,150.0
7088,79100,3955,11,-2.0355372428894043,0.08516249805688858,0.0003,0.8651316165924072,0.03718932718038559,3954,-16.40199131,0.0,150.0
7088,79120,3956,11,-2.034041166305542,0.11441779136657715,0.0003,0.9078907370567322,0.216637521982193,3955,-16.40199131,0.0,150.0
7088,79140,3957,11,-2.0298354625701904,0.030867794528603554,0.0003,0.9676711559295654,-0.00591031601652503,3956,-16.40199131,0.0,150.0
7089,79160,3958,11,-2.0825018882751465,0.03934885933995247,0.0003,0.9704806804656982,-0.06544329971075058,3957,-16.40199131,0.0,150.0
7089,79180,3959,11,-2.0889389514923096,0.07114220410585403,0.0003,0.9657122492790222,-0.2972555160522461,3958,-16.40199131,0.0,150.0
7089,79200,3960,11,-2.116515636444092,0.025508884340524673,0.0003,0.97007155418396,-0.02485223300755024,3959,-16.19554564,0.0,150.0
7089,79220,3961,11,-2.126444101333618,0.05438978224992752,0.0003,0.9573541879653931,-0.27302268147468567,3960,-16.19554564,0.0,150.0
7089,79240,3962,11,-1.81368088722229,0.04411976784467697,0.0003,0.929817795753479,0.1003614068031311,3961,-16.19554564,0.0,150.0
7089,79260,3963,11,-1.84745192527771,0.8621894717216492,0.0003,0.8680021166801453,-1.3853925466537476,3962,-16.19554564,0.0,150.0
7089,79280,3964,11,-1.871138334274292,0.46067237854003906,0.0003,0.6356392502784729,-0.08863730728626251,3963,-16.19554564,0.0,150.0
7090,79300,3965,11,-1.855730652809143,1.7983589172363281,0.0003,0.42594999074935913,0.6743460297584534,3964,-16.19554564,0.0,150.0
7090,79320,3966,11,-1.8885635137557983,0.31974831223487854,0.0003,0.9143579602241516,0.012942778877913952,3965,-16.19554564,0.0,150.0
7090,79340,3967,11,-1.9573150873184204,0.11160452663898468,0.0003,0.9591385722160339,-0.07270145416259766,3966,-16.19554564,0.0,150.0
7090,79360,3968,11,-1.9456573724746704,0.23842063546180725,0.0003,0.9539284110069275,0.7206624746322632,3967,-16.19554564,0.0,150.0
7090,79380,3969,11,-1.9616222381591797,0.45805031061172485,0.0003,0.9013445377349854,0.7968174815177917,3968,-16.19554564,0.0,150.0
7091,79400,3970,11,-1.999762773513794,0.0805157870054245,0.0003,0.9692966341972351,0.10601556301116943,3969,-16.19554564,0.0,150.0
7091,79420,3971,11,-2.0035934448242188,0.14107125997543335,0.0003,0.9325084090232849,-0.1862953007221222,3970,-16.19554564,0.0,150.0
7091,79440,3972,11,-2.014291286468506,0.5006815195083618,0.0003,0.6616418361663818,0.21431174874305725,3971,-16.19554564,0.0,150.0
7091,79460,3973,11,-2.0584301948547363,0.11968548595905304,0.0003,0.8933660387992859,-0.0926261767745018,3972,-16.19554564,0.0,150.0
7091,79480,3974,11,-2.0220792293548584,0.2884712517261505,0.0003,0.8492761254310608,0.15361452102661133,3973,-16.19554564,0.0,150.0
7092,79500,3975,11,-2.029402017593384,0.7240780591964722,0.0003,0.6391170024871826,0.49592676758766174,3974,-16.19554564,0.0,150.0
7092,79520,3976,11,-2.0047812461853027,0.2626589834690094,0.0003,0.8449147343635559,-0.341510146856308,3975,-16.19554564,0.0,150.0
7092,79540,3977,11,-2.003617763519287,0.327778697013855,0.0003,0.7582204341888428,-0.28246140480041504,3976,-16.19554564,0.0,150.0
7092,79560,3978,11,-1.981816053390503,0.6610475182533264,0.0003,0.5325800180435181,0.6885291337966919,3977,-16.19554564,0.0,150.0
7092,79580,3979,11,-2.0413386821746826,0.032373517751693726,0.0003,0.972107470035553,0.19941845536231995,3978,-16.19554564,0.0,150.0
7091,79600,3980,11,-2.0814881324768066,0.09324678033590317,0.0003,0.93095862865448,0.02351151406764984,3979,-16.19554564,0.0,150.0
7091,79620,3981,11,-2.0046164989471436,0.033960580825805664,0.0003,0.9801836013793945,-0.09451817721128464,3980,-16.19554564,0.0,150.0
7092,79640,3982,11,-2.0007164478302,0.38179707527160645,0.0003,0.7678558826446533,0.5671467781066895,3981,-16.19554564,0.0,150.0
7092,79660,3983,11,-1.945779800415039,2.0695128440856934,0.0003,0.3627176284790039,1.3236085176467896,3982,-16.19554564,0.0,150.0
7092,79680,3984,11,-1.9909026622772217,0.8496674299240112,0.0003,0.6637663841247559,0.10368050634860992,3983,-16.19554564,0.0,150.0
7092,79700,3985,11,-2.0299012660980225,0.07969100773334503,0.0003,0.9422248005867004,0.03350064903497696,3984,-16.19554564,0.0,150.0
7092,79720,3986,11,-2.058655023574829,0.45267337560653687,0.0003,-1.6751518249511719,0.566193699836731,3985,-16.19554564,0.0,150.0
7092,79740,3987,11,-2.084439992904663,0.12939144670963287,0.0003,0.11862033605575562,-0.03409237787127495,3986,-16.19554564,0.0,150.0
7092,79760,3988,11,-2.0936954021453857,0.36737746000289917,0.0003,0.5243500471115112,0.34139639139175415,3987,-16.19554564,0.0,150.0
7093,79780,3989,11,-2.077788829803467,1.9850223064422607,0.0003,0.4468342661857605,0.5632795095443726,3988,-16.19554564,0.0,150.0
7093,79800,3990,11,-2.085113286972046,0.09820710122585297,0.0003,0.9078406691551208,-0.022767651826143265,3989,-16.11171721,0.0,150.0
7093,79820,3991,11,-2.078840970993042,0.019731296226382256,0.0003,0.9782493114471436,0.105138398706913,3990,-16.11171721,0.0,150.0
7093,79840,3992,11,-1.6884777545928955,0.9258357286453247,0.0003,0.3341025114059448,-1.068889856338501,3991,-16.11171721,0.0,150.0
7093,79860,3993,11,-1.7179527282714844,0.7827577590942383,0.0003,0.6369565725326538,-0.3646131157875061,3992,-16.11171721,0.0,150.0
7093,79880,3994,11,-1.7232544422149658,0.3337772786617279,0.0003,0.8940219879150391,-0.31315088272094727,3993,-16.11171721,0.0,150.0
7093,79900,3995,11,-1.7079721689224243,0.23332934081554413,0.0003,0.946884274482727,-0.5039941668510437,3994,-16.11171721,0.0,150.0
7093,79920,3996,11,-1.6998670101165771,0.4053505063056946,0.0003,0.8659553527832031,0.20121169090270996,3995,-16.11171721,0.0,150.0
7093,79940,3997,11,-1.729874849319458,0.5878485441207886,0.0003,0.7366217374801636,-0.5638458728790283,3996,-16.11171721,0.0,150.0
7094,79960,3998,11,-1.7359548807144165,0.8009673357009888,0.0003,0.7775079607963562,1.11223566532135,3997,-16.11171721,0.0,150.0
7094,79980,3999,11,-1.6764609813690186,3.822097063064575,0.0003,0.7716202139854431,2.9838404655456543,3998,-16.11171721,0.0,150.0
7094,80000,4000,11,-1.8160219192504883,0.3097488582134247,0.0003,0.8997350335121155,0.0856548398733139,3999,-16.11171721,0.0,150.0
7094,80020,4001,11,-1.8492952585220337,0.5786154866218567,0.0003,0.9013756513595581,-1.2300529479980469,4000,-16.11171721,0.0,150.0
7094,80040,4002,11,-1.9080276489257812,0.2325194776058197,0.0003,0.9304856061935425,-0.6234909892082214,4001,-16.11171721,0.0,150.0
7095,80060,4003,11,-1.9447643756866455,0.2567351758480072,0.0003,0.9449633359909058,-0.6289436221122742,4002,-16.11171721,0.0,150.0
7095,80080,4004,11,-2.018749952316284,0.18285854160785675,0.0003,0.8867188692092896,-0.1805185228586197,4003,-16.11171721,0.0,150.0
7095,80100,4005,11,-2.016021728515625,0.2496277093887329,0.0003,0.860917866230011,-0.08219263702630997,4004,-16.11171721,0.0,150.0
7095,80120,4006,11,-2.0741782188415527,0.8206983804702759,0.0003,0.78778076171875,-0.0833393856883049,4005,-16.11171721,0.0,150.0
7095,80140,4007,11,-2.093592882156372,0.42180347442626953,0.0003,0.8917105197906494,0.05078130215406418,4006,-16.11171721,0.0,150.0
7096,80160,4008,11,-2.0965042114257812,0.1045670360326767,0.0003,0.9618387222290039,0.15677818655967712,4007,-16.11171721,0.0,150.0
7096,80180,4009,11,-2.0997633934020996,0.07082526385784149,0.0003,0.9760934114456177,-0.22402648627758026,4008,-16.11171721,0.0,150.0
7096,80200,4010,11,-2.1032466888427734,0.07038966566324234,0.0003,0.9759765267372131,-0.40832439064979553,4009,-16.11171721,0.0,150.0
7096,80220,4011,11,-2.1158549785614014,0.03543685004115105,0.0003,0.9477312564849854,-0.07225843518972397,4010,-16.11171721,0.0,150.0
7097,80240,4012,11,-2.109917402267456,0.02096441760659218,0.0003,0.952785074710846,-0.08826829493045807,4011,-16.11171721,0.0,150.0
7097,80260,4013,11,-2.089977741241455,0.03721483424305916,0.0003,0.8279314041137695,0.06929551064968109,4012,-16.11171721,0.0,150.0
7097,80280,4014,11,-2.043931007385254,3.4136898517608643,0.0003,0.008246123790740967,1.7487056255340576,4013,-16.11171721,0.0,150.0
7097,80300,4015,11,-2.0130085945129395,1.044431209564209,0.0003,0.4722173810005188,1.0288938283920288,4014,-16.11171721,0.0,150.0
7097,80320,4016,11,-2.0182137489318848,0.45592546463012695,0.0003,0.5554630756378174,0.7429870367050171,4015,-16.11171721,0.0,150.0
7097,80340,4017,11,-2.0248725414276123,0.05151598900556564,0.0003,0.9212902188301086,0.371361643075943,4016,-16.11171721,0.0,150.0
7097,80360,4018,11,-2.0307369232177734,1.3245775699615479,0.0003,0.50374835729599,1.368011713027954,4017,-16.11171721,0.0,150.0
7097,80380,4019,11,-2.065767765045166,0.4558432698249817,0.0003,0.13727039098739624,0.5461097955703735,4018,-16.11171721,0.0,150.0
7097,80400,4020,11,-2.070986270904541,0.08391697704792023,0.0003,-1.350855827331543,0.2347976714372635,4019,-16.3238329,0.0,150.0
7097,80420,4021,11,-2.071061849594116,0.1043534055352211,0.0003,0.4625232219696045,0.4794541001319885,4020,-16.3238329,0.0,150.0
7097,80440,4022,11,-1.6969406604766846,0.11826207488775253,0.0003,0.5611064434051514,0.09263701736927032,4021,-16.3238329,0.0,150.0
7097,80460,4023,11,-1.73248291015625,0.36769986152648926,0.0003,0.44257885217666626,0.22998011112213135,4022,-16.3238329,0.0,150.0
7097,80480,4024,11,-1.7465509176254272,0.6912476420402527,0.0003,0.8406251072883606,-1.1696486473083496,4023,-16.3238329,0.0,150.0
7097,80500,4025,11,-1.7798824310302734,0.3641466498374939,0.0003,0.5810300707817078,0.0640866607427597,4024,-16.3238329,0.0,150.0
7097,80520,4026,11,-1.7937066555023193,0.6064940690994263,0.0003,0.11437255144119263,0.9928804636001587,4025,-16.3238329,0.0,150.0
7098,80540,4027,11,-1.80744206905365,1.9979766607284546,0.0003,-0.12853360176086426,0.7627396583557129,4026,-16.3238329,0.0,150.0
7098,80560,4028,11,-1.827307939529419,0.9767643213272095,0.0003,-1.5828285217285156,1.238450527191162,4027,-16.3238329,0.0,150.0
7098,80580,4029,11,-1.8920828104019165,0.4986926019191742,0.0003,0.5375069975852966,-0.318520724773407,4028,-16.3238329,0.0,150.0
7098,80600,4030,11,-1.9035437107086182,1.3748458623886108,0.0003,0.7048882246017456,0.17469768226146698,4029,-16.3238329,0.0,150.0
7098,80620,4031,11,-1.8655551671981812,0.5269157886505127,0.0003,0.9274828433990479,-0.07827603071928024,4030,-16.3238329,0.0,150.0
7098,80640,4032,11,-1.902580976486206,0.23189683258533478,0.0003,0.9875674247741699,-0.7548025846481323,4031,-16.3238329,0.0,150.0
7099,80660,4033,11,-1.8774646520614624,1.028438925743103,0.0003,0.7676016688346863,0.2972497045993805,4032,-16.3238329,0.0,150.0
7099,80680,4034,11,-1.9609670639038086,0.08136950433254242,0.0003,0.9890868663787842,-0.25302672386169434,4033,-16.3238329,0.0,150.0
7099,80700,4035,11,-2.0090770721435547,0.16776159405708313,0.0003,0.9851804375648499,-0.7162535786628723,4034,-16.3238329,0.0,150.0
7099,80720,4036,11,-2.0203163623809814,0.4074159562587738,0.0003,0.9292464256286621,0.3902431130409241,4035,-16.3238329,0.0,150.0
7099,80740,4037,11,-2.0583317279815674,0.3921724259853363,0.0003,0.9274942278862,-0.7437406778335571,4036,-16.3238329,0.0,150.0
7099,80760,4038,11,-2.0771524906158447,0.06606818735599518,0.0003,0.9881168603897095,-0.3916245400905609,4037,-16.3238329,0.0,150.0
7099,80780,4039,11,-2.06262469291687,0.05519254133105278,0.0003,0.9634600877761841,0.052957236766815186,4038,-16.3238329,0.0,150.0
7099,80800,4040,11,-2.0643467903137207,0.14225634932518005,0.0003,0.9036667346954346,-0.4332578778266907,4039,-16.3238329,0.0,150.0
7100,80820,4041,11,-2.0824620723724365,0.10276611149311066,0.0003,0.8662646412849426,0.16978426277637482,4040,-16.3238329,0.0,150.0
7100,80840,4042,11,-2.1061596870422363,0.04340557008981705,0.0003,0.9653992056846619,-0.22347721457481384,4041,-16.3238329,0.0,150.0
7100,80860,4043,11,-2.1042072772979736,0.009795007295906544,0.0003,0.9845659136772156,0.07125352323055267,4042,-16.3238329,0.0,150.0
7100,80880,4044,11,-2.0711984634399414,0.0590788908302784,0.0003,0.9036487936973572,-0.07075564563274384,4043,-16.3238329,0.0,150.0
7100,80900,4045,11,-2.1054811477661133,0.06677234917879105,0.0003,0.9172435402870178,0.1575615108013153,4044,-16.3238329,0.0,150.0
7101,80920,4046,11,-2.100013256072998,0.0603017620742321,0.0003,0.9414004683494568,0.35345810651779175,4045,-16.3238329,0.0,150.0
7100,80940,4047,11,-2.0999538898468018,0.02538464032113552,0.0003,0.947460949420929,0.09736134111881256,4046,-16.3238329,0.0,150.0
7101,80960,4048,11,-2.0798282623291016,0.029124755412340164,0.0003,0.9186829924583435,0.05662576109170914,4047,-16.3238329,0.0,150.0
7100,80980,4049,11,-2.073490619659424,0.013679337687790394,0.0003,0.9615353345870972,0.06833381950855255,4048,-16.3238329,0.0,150.0
7100,81000,4050,11,-2.0561962127685547,0.04967208951711655,0.0003,0.8703631162643433,0.02520664595067501,4049,-16.26602981,0.0,150.0
7100,81020,4051,11,-2.011366844177246,0.03118748404085636,0.0003,0.9126571416854858,0.07387954741716385,4050,-16.26602981,0.0,150.0
7100,81040,4052,11,-1.7803380489349365,0.06406573951244354,0.0003,0.954039990901947,0.07389222085475922,4051,-16.26602981,0.0,150.0
7100,81060,4053,11,-1.837005853652954,0.209156796336174,0.0003,0.8917016983032227,-0.3893006443977356,4052,-16.26602981,0.0,150.0
7100,81080,4054,11,-1.8463636636734009,3.2045836448669434,0.0003,-3.0522899627685547,1.2120970487594604,4053,-16.26602981,0.0,150.0
7100,81100,4055,11,-1.8623464107513428,0.11285685002803802,0.0003,0.735724687576294,-0.03834688663482666,4054,-16.26602981,0.0,150.0
7100,81120,4056,11,-1.898146629333496,0.08790843933820724,0.0003,0.8546153903007507,0.412396103143692,4055,-16.26602981,0.0,150.0
7100,81140,4057,11,-1.9104328155517578,0.21195919811725616,0.0003,0.49259036779403687,-0.20291884243488312,4056,-16.26602981,0.0,150.0
7100,81160,4058,11,-1.91326904296875,1.4677717685699463,0.0003,0.13820809125900269,1.0442720651626587,4057,-16.26602981,0.0,150.0
7100,81180,4059,11,-1.9612430334091187,0.4560374319553375,0.0003,0.7662684917449951,0.7851905822753906,4058,-16.26602981,0.0,150.0
7099,81200,4060,11,-1.9257805347442627,2.9515533447265625,0.0003,0.6528158187866211,1.2431426048278809,4059,-16.26602981,0.0,150.0
7099,81220,4061,11,-1.968206763267517,0.45373907685279846,0.0003,0.9303885698318481,0.1451633870601654,4060,-16.26602981,0.0,150.0
7099,81240,4062,11,-1.97809636592865,6.6088690757751465,0.0003,0.6720527410507202,2.621098756790161,4061,-16.26602981,0.0,150.0
7099,81260,4063,11,-2.0196986198425293,0.3251814842224121,0.0003,0.9705526232719421,-0.11755667626857758,4062,-16.26602981,0.0,150.0
7099,81280,4064,11,-2.0326855182647705,0.3952164053916931,0.0003,0.9732765555381775,-0.32465508580207825,4063,-16.26602981,0.0,150.0
7099,81300,4065,11,-2.0041141510009766,0.7656493186950684,0.0003,0.9668306708335876,0.4949812889099121,4064,-16.26602981,0.0,150.0
7099,81320,4066,11,-1.9724057912826538,0.5462438464164734,0.0003,0.9913979768753052,-0.9903208613395691,4065,-16.26602981,0.0,150.0
7099,81340,4067,11,-1.9940770864486694,0.6408001184463501,0.0003,0.9848582148551941,-1.304112434387207,4066,-16.26602981,0.0,150.0
7099,81360,4068,11,-2.019778251647949,0.26534539461135864,0.0003,0.9868595004081726,-0.4372945725917816,4067,-16.26602981,0.0,150.0
7099,81380,4069,11,-2.0238170623779297,0.11431275308132172,0.0003,0.9923579692840576,-0.14339211583137512,4068,-16.26602981,0.0,150.0
7099,81400,4070,11,-2.034348726272583,0.1134146898984909,0.0003,0.9936524629592896,-0.3695322871208191,4069,-16.26602981,0.0,150.0
7099,81420,4071,11,-2.0537025928497314,0.2040671408176422,0.0003,0.989544153213501,-0.515389084815979,4070,-16.26602981,0.0,150.0
7100,81440,4072,11,-2.0201950073242188,0.029470641165971756,0.0003,0.9974834322929382,-0.07644163072109222,4071,-16.26602981,0.0,150.0
7100,81460,4073,11,-2.079163074493408,0.16722114384174347,0.0003,0.9867905974388123,0.3696269392967224,4072,-16.26602981,0.0,150.0
7100,81480,4074,11,-2.0924880504608154,0.2674873471260071,0.0003,0.983912467956543,0.2952311635017395,4073,-16.26602981,0.0,150.0
7100,81500,4075,11,-2.0749526023864746,0.04650234431028366,0.0003,0.9987515807151794,-0.3651582598686218,4074,-16.26602981,0.0,150.0
7100,81520,4076,11,-2.082336664199829,0.0683397501707077,0.0003,0.9957597255706787,-0.21573486924171448,4075,-16.26602981,0.0,150.0
7100,81540,4077,11,-2.081634521484375,0.12732675671577454,0.0003,0.9934910535812378,0.470620334148407,4076,-16.26602981,0.0,150.0
7100,81560,4078,11,-2.1038622856140137,0.1790744662284851,0.0003,0.9905830025672913,0.41130608320236206,4077,-16.26602981,0.0,150.0
7100,81580,4079,11,-2.090676784515381,0.09748955070972443,0.0003,0.9940422773361206,-0.17607267200946808,4078,-16.26602981,0.0,150.0
7100,81600,4080,11,-2.0940582752227783,0.06044067069888115,0.0003,0.9949761629104614,0.06396977603435516,4079,-15.61200856,0.01,150.0
7100,81620,4081,11,-2.0920987129211426,5.747796535491943,0.0003,0.8548085689544678,2.547214984893799,4080,-15.61200856,0.01,150.0
7100,81640,4082,11,-1.8016109466552734,0.9785351753234863,0.0003,0.7515051960945129,-0.9794551134109497,4081,-15.61200856,0.01,150.0
7100,81660,4083,11,-1.8320140838623047,0.24648261070251465,0.0003,0.9514797925949097,-0.3460216522216797,4082,-15.61200856,0.01,150.0
7101,81680,4084,11,-1.872678518295288,1.9433021545410156,0.0003,0.5311484336853027,0.05751767009496689,4083,-15.61200856,0.01,150.0
7101,81700,4085,11,-1.8915541172027588,1.467734694480896,0.0003,0.6982705593109131,0.8693082928657532,4084,-15.61200856,0.01,150.0
7101,81720,4086,11,-1.918832778930664,0.6897732019424438,0.0003,0.8102973103523254,-0.42854437232017517,4085,-15.61200856,0.01,150.0
7101,81740,4087,11,-1.968875527381897,0.11119508743286133,0.0003,0.9581694006919861,0.05155276134610176,4086,-15.61200856,0.01,150.0
7101,81760,4088,11,-1.9534928798675537,0.4842158257961273,0.0003,0.9061712622642517,-0.605941653251648,4087,-15.61200856,0.01,150.0
7101,81780,4089,11,-1.990648627281189,0.9025678634643555,0.0003,0.8390543460845947,-0.0400569923222065,4088,-15.61200856,0.01,150.0
7101,81800,4090,11,-2.033946990966797,0.24444472789764404,0.0003,0.9615128636360168,-0.11813972145318985,4089,-15.61200856,0.01,150.0
7102,81820,4091,11,-2.046721935272217,0.3916940689086914,0.0003,0.9692680239677429,-1.1587032079696655,4090,-15.61200856,0.01,150.0
7102,81840,4092,11,-2.0603394508361816,0.464644193649292,0.0003,0.9004571437835693,-0.35205399990081787,4091,-15.61200856,0.01,150.0
7102,81860,4093,11,-2.052558660507202,0.42228764295578003,0.0003,0.9245549440383911,-0.677932858467102,4092,-15.61200856,0.01,150.0
7102,81880,4094,11,-2.059216260910034,0.31665584444999695,0.0003,0.9186696410179138,-0.2842630445957184,4093,-15.61200856,0.01,150.0
7102,81900,4095,11,-2.03609037399292,0.7304586172103882,0.0003,0.8810939788818359,-0.11538873612880707,4094,-15.61200856,0.01,150.0
7103,81920,4096,11,-2.0385775566101074,0.3983246684074402,0.0003,0.9291459918022156,-0.05366926267743111,4095,-15.61200856,0.01,150.0
7103,81940,4097,11,-1.9931676387786865,0.27651405334472656,0.0003,0.9344578385353088,-0.18058231472969055,4096,-15.61200856,0.01,150.0
7103,81960,4098,11,-1.9798610210418701,0.27402710914611816,0.0003,0.8690011501312256,-0.12404990196228027,4097,-15.61200856,0.01,150.0
7103,81980,4099,11,-2.052420139312744,0.940819263458252,0.0003,0.48949098587036133,0.2764592170715332,4098,-15.61200856,0.01,150.0
7103,82000,4100,11,-2.0181221961975098,0.09042982757091522,0.0003,0.9536578059196472,-0.3266916275024414,4099,-15.61200856,0.01,150.0
7103,82020,4101,11,-2.0270931720733643,0.7636976838111877,0.0003,0.4909535050392151,0.580824077129364,4100,-15.61200856,0.01,150.0
7104,82040,4102,11,-2.03985857963562,0.23135988414287567,0.0003,0.7655923962593079,0.4377831816673279,4101,-15.61200856,0.01,150.0
7104,82060,4103,11,-2.0816731452941895,0.08931739628314972,0.0003,0.9047375917434692,-0.08222238719463348,4102,-15.61200856,0.01,150.0
7104,82080,4104,11,-2.0137686729431152,0.038464076817035675,0.0003,0.9699884057044983,-0.10920780897140503,4103,-15.61200856,0.01,150.0
7104,82100,4105,11,-1.9904896020889282,0.0802498310804367,0.0003,0.981192946434021,-0.4298812747001648,4104,-15.61200856,0.01,150.0
7104,82120,4106,11,-2.0023903846740723,0.02766096219420433,0.0003,0.9715363383293152,-0.2400486022233963,4105,-15.61200856,0.01,150.0
7104,82140,4107,11,-1.9871116876602173,0.024733396247029305,0.0003,0.9588132500648499,0.0030064317397773266,4106,-15.61200856,0.01,150.0
7105,82160,4108,11,-1.9940249919891357,0.0181344635784626,0.0003,0.9534705281257629,-0.04628739506006241,4107,-15.61200856,0.01,150.0
7105,82180,4109,11,-2.0166707038879395,0.021079257130622864,0.0003,0.8912562131881714,-0.17390522360801697,4108,-15.61200856,0.01,150.0
7105,82200,4110,11,-2.0183281898498535,0.1700945645570755,0.0003,0.13025671243667603,0.36394137144088745,4109,-15.395176070000002,0.01,150.0
7105,82220,4111,11,-2.011700391769409,0.5960521697998047,0.0003,0.08856940269470215,0.6953847408294678,4110,-15.395176070000002,0.01,150.0
7105,82240,4112,11,-1.5598323345184326,0.8330987095832825,0.0003,0.3224966526031494,1.0577462911605835,4111,-15.395176070000002,0.01,150.0
7105,82260,4113,11,-1.584271788597107,0.14121371507644653,0.0003,0.8873656988143921,-0.5179904699325562,4112,-15.395176070000002,0.01,150.0
7105,82280,4114,11,-1.5759930610656738,0.18322160840034485,0.0003,0.8975844979286194,-0.6998171806335449,4113,-15.395176070000002,0.01,150.0
7106,82300,4115,11,-1.5845807790756226,0.15354271233081818,0.0003,0.864656925201416,-0.48277226090431213,4114,-15.395176070000002,0.01,150.0
7106,82320,4116,11,-1.586118459701538,0.08627025038003922,0.0003,0.8602869510650635,0.13318026065826416,4115,-15.395176070000002,0.01,150.0
7106,82340,4117,11,-1.6230580806732178,0.4376011788845062,0.0003,0.06380897760391235,0.6794816255569458,4116,-15.395176070000002,0.01,150.0
7106,82360,4118,11,-1.6375030279159546,0.3663274645805359,0.0003,0.7185644507408142,-0.14469029009342194,4117,-15.395176070000002,0.01,150.0
7106,82380,4119,11,-1.6431392431259155,1.5170363187789917,0.0003,0.701972246170044,1.3255642652511597,4118,-15.395176070000002,0.01,150.0
7107,82400,4120,11,-1.661668062210083,0.4875808358192444,0.0003,0.9261461496353149,0.9197371602058411,4119,-15.395176070000002,0.01,150.0
7107,82420,4121,11,-1.6897156238555908,0.646956205368042,0.0003,0.91796875,0.6956955790519714,4120,-15.395176070000002,0.01,150.0
7107,82440,4122,11,-1.6700189113616943,1.3941667079925537,0.0003,0.8453050255775452,0.4065154492855072,4121,-15.395176070000002,0.01,150.0
7107,82460,4123,11,-1.742023229598999,0.4891466498374939,0.0003,0.9794106483459473,-1.0734355449676514,4122,-15.395176070000002,0.01,150.0
7107,82480,4124,11,-1.765581727027893,0.10886993259191513,0.0003,0.9907229542732239,-0.3694332242012024,4123,-15.395176070000002,0.01,150.0
7107,82500,4125,11,-1.775933027267456,0.22829529643058777,0.0003,0.9805089235305786,-0.6137710809707642,4124,-15.395176070000002,0.01,150.0
7107,82520,4126,11,-1.806484580039978,0.07792956382036209,0.0003,0.9854215383529663,-0.08009506016969681,4125,-15.395176070000002,0.01,150.0
7108,82540,4127,11,-1.8148658275604248,0.13326990604400635,0.0003,0.9719929099082947,-0.31281694769859314,4126,-15.395176070000002,0.01,150.0
7108,82560,4128,11,-1.8270511627197266,0.1325470507144928,0.0003,0.9612412452697754,-0.247665673494339,4127,-15.395176070000002,0.01,150.0
7108,82580,4129,11,-1.8280603885650635,0.03340288996696472,0.0003,0.9841655492782593,-0.012890340760350227,4128,-15.395176070000002,0.01,150.0
7108,82600,4130,11,-1.83490788936615,0.08784358203411102,0.0003,0.9307805299758911,-0.04899733141064644,4129,-15.395176070000002,0.01,150.0
7108,82620,4131,11,-1.8542392253875732,0.35958319902420044,0.0003,0.679040253162384,0.33851251006126404,4130,-15.395176070000002,0.01,150.0
7108,82640,4132,11,-1.849098801612854,0.1009388193488121,0.0003,0.8576316237449646,0.010308298282325268,4131,-15.395176070000002,0.01,150.0
7108,82660,4133,11,-1.8897485733032227,0.05616303160786629,0.0003,0.9011908769607544,0.13693079352378845,4132,-15.395176070000002,0.01,150.0
7108,82680,4134,11,-1.891513466835022,0.07636411488056183,0.0003,0.9296250939369202,-0.25194215774536133,4133,-15.395176070000002,0.01,150.0
7108,82700,4135,11,-1.9450773000717163,0.06652726978063583,0.0003,0.9138720631599426,0.008360831066966057,4134,-15.395176070000002,0.01,150.0
7109,82720,4136,11,-1.9730335474014282,0.15260517597198486,0.0003,0.8479483723640442,-0.03574749082326889,4135,-15.395176070000002,0.01,150.0
7109,82740,4137,11,-2.015188694000244,0.09976048767566681,0.0003,0.9127075672149658,0.1856239140033722,4136,-15.395176070000002,0.01,150.0
7109,82760,4138,11,-1.998305320739746,0.1274934858083725,0.0003,0.8813251852989197,0.12306585162878036,4137,-15.395176070000002,0.01,150.0
7109,82780,4139,11,-2.028421401977539,0.07357273995876312,0.0003,0.939870297908783,0.07746551930904388,4138,-15.395176070000002,0.01,150.0
7109,82800,4140,11,-2.0355536937713623,0.06312863528728485,0.0003,0.9535938501358032,-0.14410576224327087,4139,-15.570705020000002,0.01,150.0
7109,82820,4141,11,-2.034682512283325,0.0751168504357338,0.0003,0.9509738087654114,0.02757602371275425,4140,-15.570705020000002,0.01,150.0
7109,82840,4142,11,-1.6719443798065186,0.26008695363998413,0.0003,0.7511016726493835,-0.5864567160606384,4141,-15.570705020000002,0.01,150.0
7109,82860,4143,11,-1.6738468408584595,1.5867338180541992,0.0003,-0.7465733289718628,0.4815983772277832,4142,-15.570705020000002,0.01,150.0
7109,82880,4144,11,-1.6903083324432373,0.12162307649850845,0.0003,0.6764291524887085,-0.21827229857444763,4143,-15.570705020000002,0.01,150.0
7109,82900,4145,11,-1.7047334909439087,0.21542489528656006,0.0003,0.8271679282188416,-0.7325015068054199,4144,-15.570705020000002,0.01,150.0
7109,82920,4146,11,-1.7271913290023804,0.0970526784658432,0.0003,0.7828088402748108,0.1419307440519333,4145,-15.570705020000002,0.01,150.0
7109,82940,4147,11,-1.7578742504119873,3.1362552642822266,0.0003,0.5573733448982239,1.304529070854187,4146,-15.570705020000002,0.01,150.0
7109,82960,4148,11,-1.8202972412109375,0.5815997123718262,0.0003,0.9257128238677979,0.41548052430152893,4147,-15.570705020000002,0.01,150.0
7109,82980,4149,11,-1.8406295776367188,0.7070626020431519,0.0003,0.946233332157135,0.43004846572875977,4148,-15.570705020000002,0.01,150.0
7109,83000,4150,11,-1.861762285232544,0.09737837314605713,0.0003,0.9905114769935608,0.12389630079269409,4149,-15.570705020000002,0.01,150.0
7109,83020,4151,11,-1.867249846458435,1.733266830444336,0.0003,0.8668754696846008,0.6489966511726379,4150,-15.570705020000002,0.01,150.0
7109,83040,4152,11,-1.90140700340271,0.18703149259090424,0.0003,0.9879237413406372,0.4175134599208832,4151,-15.570705020000002,0.01,150.0
7109,83060,4153,11,-1.9314254522323608,0.19317232072353363,0.0003,0.9858720898628235,0.2228993922472,4152,-15.570705020000002,0.01,150.0
7110,83080,4154,11,-1.9675121307373047,0.11631719768047333,0.0003,0.9932924509048462,-0.2650284171104431,4153,-15.570705020000002,0.01,150.0
7110,83100,4155,11,-1.9688653945922852,0.06045280769467354,0.0003,0.9959622025489807,-0.13002881407737732,4154,-15.570705020000002,0.01,150.0
7110,83120,4156,11,-1.9770511388778687,0.2757837772369385,0.0003,0.9819257259368896,0.11401766538619995,4155,-15.570705020000002,0.01,150.0
7110,83140,4157,11,-2.004044771194458,0.2667931020259857,0.0003,0.9886398315429688,-0.4865073263645172,4156,-15.570705020000002,0.01,150.0
7110,83160,4158,11,-2.0171761512756348,0.05913436412811279,0.0003,0.9960600733757019,-0.15531210601329803,4157,-15.570705020000002,0.01,150.0
7110,83180,4159,11,-2.010082960128784,0.1428162008523941,0.0003,0.9889429807662964,-0.29667043685913086,4158,-15.570705020000002,0.01,150.0
7110,83200,4160,11,-2.006446123123169,0.11577235162258148,0.0003,0.9865390658378601,0.01602332666516304,4159,-15.570705020000002,0.01,150.0
7110,83220,4161,11,-2.0250296592712402,0.07914082705974579,0.0003,0.9919085502624512,-0.22657975554466248,4160,-15.570705020000002,0.01,150.0
7111,83240,4162,11,-2.0771021842956543,0.015662547200918198,0.0003,0.9987154603004456,0.18098711967468262,4161,-15.570705020000002,0.01,150.0
7111,83260,4163,11,-2.0942790508270264,0.0488966666162014,0.0003,0.9926878809928894,-0.14621663093566895,4162,-15.570705020000002,0.01,150.0
7111,83280,4164,11,-2.096646785736084,0.06126377731561661,0.0003,0.9893086552619934,-0.2550567090511322,4163,-15.570705020000002,0.01,150.0
7111,83300,4165,11,-2.1035332679748535,0.017467381432652473,0.0003,0.9954651594161987,0.04155290499329567,4164,-15.570705020000002,0.01,150.0
7111,83320,4166,11,-2.108707904815674,0.01200092863291502,0.0003,0.996555507183075,-0.03958899527788162,4165,-15.570705020000002,0.01,150.0
7111,83340,4167,11,-2.1132054328918457,0.023863885551691055,0.0003,0.9926299452781677,0.13913357257843018,4166,-15.570705020000002,0.01,150.0
7111,83360,4168,11,-2.1157333850860596,0.04577653855085373,0.0003,0.9821006655693054,0.12866191565990448,4167,-15.570705020000002,0.01,150.0
7112,83380,4169,11,-2.1146106719970703,0.25369441509246826,0.0003,0.8933505415916443,0.5820347666740417,4168,-15.570705020000002,0.01,150.0
7112,83400,4170,11,-2.1074271202087402,0.659766674041748,0.0003,0.7967298626899719,0.6510798931121826,4169,-15.580078349999999,0.01,150.0
7112,83420,4171,11,-2.085019826889038,0.1746027022600174,0.0003,0.9499337673187256,0.5819643139839172,4170,-15.580078349999999,0.01,150.0
7112,83440,4172,11,-1.7019259929656982,0.2770262360572815,0.0003,0.3623063564300537,-0.37693727016448975,4171,-15.580078349999999,0.01,150.0
7112,83460,4173,11,-1.7131741046905518,0.66233229637146,0.0003,-0.14542698860168457,0.16717809438705444,4172,-15.580078349999999,0.01,150.0
7112,83480,4174,11,-1.7480337619781494,0.9189258813858032,0.0003,0.603439211845398,0.6003163456916809,4173,-15.580078349999999,0.01,150.0
7112,83500,4175,11,-1.7396854162216187,0.2012452632188797,0.0003,0.9036275148391724,0.10114865005016327,4174,-15.580078349999999,0.01,150.0
7113,83520,4176,11,-1.7626326084136963,0.2626637816429138,0.0003,0.9018031358718872,0.3518460690975189,4175,-15.580078349999999,0.01,150.0
7113,83540,4177,11,-1.8012111186981201,1.686366319656372,0.0003,0.7822713255882263,1.0984009504318237,4176,-15.580078349999999,0.01,150.0
7113,83560,4178,11,-1.8056672811508179,1.2623814344406128,0.0003,0.9175984263420105,-0.239361971616745,4177,-15.580078349999999,0.01,150.0
7113,83580,4179,11,-1.8315074443817139,2.1276755332946777,0.0003,0.9260343313217163,0.587334156036377,4178,-15.580078349999999,0.01,150.0
7113,83600,4180,11,-1.8505080938339233,1.497071623802185,0.0003,0.9437387585639954,-0.6792842745780945,4179,-15.580078349999999,0.01,150.0
7114,83620,4181,11,-1.9098869562149048,0.5398880839347839,0.0003,0.9813819527626038,-0.611833930015564,4180,-15.580078349999999,0.01,150.0
7114,83640,4182,11,-1.9337031841278076,0.9431284070014954,0.0003,0.9491459727287292,0.11018353700637817,4181,-15.580078349999999,0.01,150.0
7114,83660,4183,11,-1.9257678985595703,0.6713109016418457,0.0003,0.9489381313323975,0.18900275230407715,4182,-15.580078349999999,0.01,150.0
7114,83680,4184,11,-1.9787962436676025,0.3564181327819824,0.0003,0.9711318612098694,-0.13912606239318848,4183,-15.580078349999999,0.01,150.0
7114,83700,4185,11,-2.015418767929077,3.0976243019104004,0.0003,0.8674464225769043,1.3757026195526123,4184,-15.580078349999999,0.01,150.0
7114,83720,4186,11,-2.021794319152832,0.37118199467658997,0.0003,0.984766960144043,-0.6206907033920288,4185,-15.580078349999999,0.01,150.0
7114,83740,4187,11,-2.0530476570129395,0.1933194100856781,0.0003,0.9917659759521484,-0.7033544778823853,4186,-15.580078349999999,0.01,150.0
7114,83760,4188,11,-2.049971580505371,0.4861738085746765,0.0003,0.9394583106040955,0.07290931791067123,4187,-15.580078349999999,0.01,150.0
7114,83780,4189,11,-2.0423693656921387,0.13223198056221008,0.0003,0.9867560863494873,-0.46683740615844727,4188,-15.580078349999999,0.01,150.0
7114,83800,4190,11,-2.0433249473571777,0.9804088473320007,0.0003,0.7232815623283386,0.36314091086387634,4189,-15.580078349999999,0.01,150.0
7114,83820,4191,11,-2.042100191116333,0.1896837055683136,0.0003,0.9521299600601196,-0.31385326385498047,4190,-15.580078349999999,0.01,150.0
7114,83840,4192,11,-2.045948028564453,0.13955017924308777,0.0003,0.9708263874053955,-0.6002446413040161,4191,-15.580078349999999,0.01,150.0
7115,83860,4193,11,-2.0087363719940186,0.08663925528526306,0.0003,0.9756293296813965,-0.4473075866699219,4192,-15.580078349999999,0.01,150.0
7115,83880,4194,11,-2.0137672424316406,0.09659497439861298,0.0003,0.9311105012893677,-0.4888916015625,4193,-15.580078349999999,0.01,150.0
7115,83900,4195,11,-1.9996883869171143,0.1258665919303894,0.0003,0.7570376396179199,-0.33328676223754883,4194,-15.580078349999999,0.01,150.0
7115,83920,4196,11,-1.9946348667144775,0.09977464377880096,0.0003,0.5603457689285278,-0.22369055449962616,4195,-15.580078349999999,0.01,150.0
7115,83940,4197,11,-2.029367208480835,0.17303773760795593,0.0003,0.366446852684021,-0.04430509731173515,4196,-15.580078349999999,0.01,150.0
7115,83960,4198,11,-2.038766384124756,0.3805132508277893,0.0003,-0.2403491735458374,0.40794581174850464,4197,-15.580078349999999,0.01,150.0
7115,83980,4199,11,-2.0530388355255127,0.36647358536720276,0.0003,-0.0475764274597168,0.2854091227054596,4198,-15.580078349999999,0.01,150.0
7115,84000,4200,11,-2.0471222400665283,0.3787056505680084,0.0003,-0.15691959857940674,0.6244494915008545,4199,-15.476711360000001,0.01,150.0
7115,84020,4201,11,-2.027132511138916,0.052070945501327515,0.0003,0.20460361242294312,0.24080827832221985,4200,-15.476711360000001,0.01,150.0
7116,84040,4202,11,-1.7181144952774048,0.501326858997345,0.0003,0.5407239198684692,0.691861093044281,4201,-15.476711360000001,0.01,150.0
7116,84060,4203,11,-1.7414100170135498,0.1490747183561325,0.0003,0.5308659672737122,0.10057439655065536,4202,-15.476711360000001,0.01,150.0
7116,84080,4204,11,-1.7422748804092407,0.27327480912208557,0.0003,0.07006722688674927,-0.582560658454895,4203,-15.476711360000001,0.01,150.0
7116,84100,4205,11,-1.7668002843856812,0.48356661200523376,0.0003,-0.023911476135253906,-0.3940971791744232,4204,-15.476711360000001,0.01,150.0
7116,84120,4206,11,-1.7631477117538452,0.1621020883321762,0.0003,0.7994692921638489,-0.11918618530035019,4205,-15.476711360000001,0.01,150.0
7116,84140,4207,11,-1.8096497058868408,0.06286521255970001,0.0003,0.938484787940979,0.062108494341373444,4206,-15.476711360000001,0.01,150.0
7116,84160,4208,11,-1.839086890220642,0.6493867635726929,0.0003,0.8236100673675537,0.5464521050453186,4207,-15.476711360000001,0.01,150.0
7117,84180,4209,11,-1.8587701320648193,0.9220417141914368,0.0003,0.7070664167404175,-0.06244296953082085,4208,-15.476711360000001,0.01,150.0
7117,84200,4210,11,-1.9052711725234985,0.3000090718269348,0.0003,0.9299302101135254,-0.25478264689445496,4209,-15.476711360000001,0.01,150.0
7117,84220,4211,11,-1.8906056880950928,1.0878063440322876,0.0003,0.8686563372612,1.0307972431182861,4210,-15.476711360000001,0.01,150.0
7117,84240,4212,11,-1.8825626373291016,0.0898529514670372,0.0003,0.9847748279571533,0.0020643770694732666,4211,-15.476711360000001,0.01,150.0
7117,84260,4213,11,-1.8890718221664429,0.1519891917705536,0.0003,0.9758419394493103,0.3272384703159332,4212,-15.476711360000001,0.01,150.0
7117,84280,4214,11,-1.8308387994766235,2.50498628616333,0.0003,0.28564953804016113,1.4828522205352783,4213,-15.476711360000001,0.01,150.0
7118,84300,4215,11,-1.8717975616455078,0.1718938797712326,0.0003,0.9769096970558167,-0.4846484661102295,4214,-15.476711360000001,0.01,150.0
7118,84320,4216,11,-1.9221007823944092,0.061556339263916016,0.0003,0.987286388874054,-0.23690326511859894,4215,-15.476711360000001,0.01,150.0
7118,84340,4217,11,-1.943090796470642,0.9540866017341614,0.0003,0.6319403648376465,0.7638639211654663,4216,-15.476711360000001,0.01,150.0
7118,84360,4218,11,-1.8773483037948608,0.2815859019756317,0.0003,0.9397953748703003,-0.2213459461927414,4217,-15.476711360000001,0.01,150.0
7118,84380,4219,11,-1.8973674774169922,0.17770078778266907,0.0003,0.9515992999076843,0.08728893846273422,4218,-15.476711360000001,0.01,150.0
7118,84400,4220,11,-1.9236122369766235,0.40094834566116333,0.0003,0.9275481104850769,0.6853636503219604,4219,-15.476711360000001,0.01,150.0
7118,84420,4221,11,-1.904421091079712,0.1316874772310257,0.0003,0.9826295971870422,-0.2649744749069214,4220,-15.476711360000001,0.01,150.0
7118,84440,4222,11,-1.9125274419784546,0.08443060517311096,0.0003,0.9939349889755249,-0.3407436013221741,4221,-15.476711360000001,0.01,150.0
7119,84460,4223,11,-1.9617736339569092,0.04936058074235916,0.0003,0.993557333946228,-0.21199555695056915,4222,-15.476711360000001,0.01,150.0
7119,84480,4224,11,-1.9836734533309937,0.47011762857437134,0.0003,0.8875780701637268,0.16519737243652344,4223,-15.476711360000001,0.01,150.0
7119,84500,4225,11,-1.953009843826294,0.12326817214488983,0.0003,0.9622019529342651,0.1142013818025589,4224,-15.476711360000001,0.01,150.0
7119,84520,4226,11,-1.9786523580551147,0.026392698287963867,0.0003,0.9911617636680603,-0.1073586493730545,4225,-15.476711360000001,0.01,150.0
7119,84540,4227,11,-2.0045058727264404,0.14162543416023254,0.0003,0.9383041262626648,0.007444995455443859,4226,-15.476711360000001,0.01,150.0
7119,84560,4228,11,-2.01522159576416,0.030257347971200943,0.0003,0.9885546565055847,-0.1691015064716339,4227,-15.476711360000001,0.01,150.0
7119,84580,4229,11,-2.0351834297180176,0.22529038786888123,0.0003,0.8562089204788208,0.22525665163993835,4228,-15.476711360000001,0.01,150.0
7119,84600,4230,11,-2.049800157546997,0.01621634140610695,0.0003,0.9846009016036987,-0.0033835202921181917,4229,-15.48073819,0.01,150.0
7120,84620,4231,11,-2.065284252166748,0.4085823893547058,0.0003,0.7123700380325317,0.6941317319869995,4230,-15.48073819,0.01,150.0
7120,84640,4232,11,-1.661197304725647,0.2774602472782135,0.0003,0.902725875377655,-0.6835376024246216,4231,-15.48073819,0.01,150.0
7120,84660,4233,11,-1.670846939086914,0.17579492926597595,0.0003,0.7320669889450073,-0.4033432602882385,4232,-15.48073819,0.01,150.0
7120,84680,4234,11,-1.6797144412994385,0.16462595760822296,0.0003,0.8355461359024048,-0.1465829312801361,4233,-15.48073819,0.01,150.0
7120,84700,4235,11,-1.6827417612075806,0.6635191440582275,0.0003,0.5937434434890747,0.4659713804721832,4234,-15.48073819,0.01,150.0
7120,84720,4236,11,-1.7162084579467773,0.31236594915390015,0.0003,0.3715025782585144,-0.37502574920654297,4235,-15.48073819,0.01,150.0
7120,84740,4237,11,-1.7446368932724,0.45968174934387207,0.0003,0.7458275556564331,0.9178920984268188,4236,-15.48073819,0.01,150.0
7120,84760,4238,11,-1.772829294204712,0.3656574487686157,0.0003,0.6969863772392273,0.1405499428510666,4237,-15.48073819,0.01,150.0
7120,84780,4239,11,-1.8612323999404907,0.09022726863622665,0.0003,0.9600717425346375,-0.3034849166870117,4238,-15.48073819,0.01,150.0
7120,84800,4240,11,-1.9338350296020508,0.2037966251373291,0.0003,0.6808091402053833,-0.2769496440887451,4239,-15.48073819,0.01,150.0
7120,84820,4241,11,-1.9851058721542358,0.26824623346328735,0.0003,0.6798800230026245,-0.8605043292045593,4240,-15.48073819,0.01,150.0
7121,84840,4242,11,-2.0112485885620117,0.025334518402814865,0.0003,0.923554003238678,0.00692974915727973,4241,-15.48073819,0.01,150.0
7121,84860,4243,11,-2.0634610652923584,0.05514607951045036,0.0003,0.8803489208221436,0.1615450531244278,4242,-15.48073819,0.01,150.0
7121,84880,4244,11,-2.0526137351989746,0.3129150867462158,0.0003,0.73345547914505,0.5530489683151245,4243,-15.48073819,0.01,150.0
7121,84900,4245,11,-2.079450845718384,0.1013023853302002,0.0003,0.8504400253295898,0.13748659193515778,4244,-15.48073819,0.01,150.0
7121,84920,4246,11,-2.0832369327545166,0.16938507556915283,0.0003,0.8007972240447998,0.3602491021156311,4245,-15.48073819,0.01,150.0
7121,84940,4247,11,-2.0899481773376465,0.5414170026779175,0.0003,0.7330259084701538,0.8165496587753296,4246,-15.48073819,0.01,150.0
7121,84960,4248,11,-2.092773675918579,0.07358507812023163,0.0003,0.9527601003646851,0.3735150396823883,4247,-15.48073819,0.01,150.0
7122,84980,4249,11,-2.109471082687378,0.057239193469285965,0.0003,0.8998268842697144,0.18233361840248108,4248,-15.48073819,0.01,150.0
7122,85000,4250,11,-2.126555919647217,0.16636674106121063,0.0003,0.8414508700370789,0.148285910487175,4249,-15.48073819,0.01,150.0
7122,85020,4251,11,-2.108717441558838,0.059509456157684326,0.0003,0.9475463032722473,0.22110697627067566,4250,-15.48073819,0.01,150.0
7122,85040,4252,11,-2.1202988624572754,0.021254003047943115,0.0003,0.9855146408081055,0.1464385688304901,4251,-15.48073819,0.01,150.0
7122,85060,4253,11,-2.1251094341278076,0.01982598938047886,0.0003,0.9830902218818665,-0.08763857185840607,4252,-15.48073819,0.01,150.0
7123,85080,4254,11,-2.114802837371826,0.025882303714752197,0.0003,0.9908735156059265,0.26879483461380005,4253,-15.48073819,0.01,150.0
7123,85100,4255,11,-2.1108386516571045,0.01761126145720482,0.0003,0.9902359843254089,0.15369342267513275,4254,-15.48073819,0.01,150.0
7123,85120,4256,11,-2.1084113121032715,0.008085926994681358,0.0003,0.9940731525421143,-0.022579170763492584,4255,-15.48073819,0.01,150.0
7123,85140,4257,11,-2.097545623779297,0.027773285284638405,0.0003,0.9801911115646362,0.013889658264815807,4256,-15.48073819,0.01,150.0
7123,85160,4258,11,-2.0672383308410645,0.037712812423706055,0.0003,0.9774698615074158,0.014949236996471882,4257,-15.48073819,0.01,150.0
7123,85180,4259,11,-2.0384960174560547,0.009798658080399036,0.0003,0.9946688413619995,-0.08975515514612198,4258,-15.48073819,0.01,150.0
7123,85200,4260,11,-2.0324058532714844,0.01982440985739231,0.0003,0.98042893409729,-0.07359898090362549,4259,-15.78301021,0.01,150.0
7124,85220,4261,11,-2.0051276683807373,0.025405367836356163,0.0003,0.9660410284996033,-0.20682664215564728,4260,-15.78301021,0.01,150.0
7124,85240,4262,11,-1.7524185180664062,0.07446449249982834,0.0003,0.9024040699005127,-0.38455119729042053,4261,-15.78301021,0.01,150.0
7124,85260,4263,11,-1.7715355157852173,0.20108003914356232,0.0003,0.7021752595901489,-0.4575972557067871,4262,-15.78301021,0.01,150.0
7124,85280,4264,11,-1.8118534088134766,0.030336689203977585,0.0003,0.9007959961891174,-0.15935245156288147,4263,-15.78301021,0.01,150.0
7124,85300,4265,11,-1.8714463710784912,0.07500559091567993,0.0003,0.7988947629928589,-0.2910943627357483,4264,-15.78301021,0.01,150.0
7124,85320,4266,11,-1.9024581909179688,0.9393854141235352,0.0003,-0.9174325466156006,1.0395348072052002,4265,-15.78301021,0.01,150.0
7125,85340,4267,11,-1.917626976966858,0.09641869366168976,0.0003,0.5195692777633667,0.07809510082006454,4266,-15.78301021,0.01,150.0
7125,85360,4268,11,-1.985504150390625,0.29467788338661194,0.0003,0.46247977018356323,-0.7774463295936584,4267,-15.78301021,0.01,150.0
7125,85380,4269,11,-2.0180487632751465,0.08522016555070877,0.0003,0.8131942749023438,-0.3402373492717743,4268,-15.78301021,0.01,150.0
7125,85400,4270,11,-2.0118894577026367,0.6962825059890747,0.0003,0.29759812355041504,0.26457923650741577,4269,-15.78301021,0.01,150.0
7125,85420,4271,11,-2.035081386566162,0.12208957970142365,0.0003,0.9067330360412598,-0.2311420440673828,4270,-15.78301021,0.01,150.0
7125,85440,4272,11,-2.0403409004211426,0.09263283014297485,0.0003,0.9074538946151733,0.07736526429653168,4271,-15.78301021,0.01,150.0
7125,85460,4273,11,-2.020167112350464,0.8433095216751099,0.0003,0.3915242552757263,1.039005994796753,4272,-15.78301021,0.01,150.0
7126,85480,4274,11,-2.0181453227996826,0.03755440190434456,0.0003,0.9825096130371094,0.2759166359901428,4273,-15.78301021,0.01,150.0
7125,85500,4275,11,-2.0339267253875732,2.052570104598999,0.0003,0.6828069686889648,1.4165359735488892,4274,-15.78301021,0.01,150.0
7123,85520,4276,12,-2.047661542892456,0.60486900806427,0.0003,0.8965854644775391,0.8027459383010864,4275,-15.78301021,0.01,150.0
7122,85540,4277,12,-2.0002074241638184,2.669113874435425,0.0003,0.7785481214523315,2.169689655303955,4276,-15.78301021,0.01,150.0
7121,85560,4278,12,-2.0364596843719482,0.10761139541864395,0.0003,0.9718169569969177,-0.13431118428707123,4277,-15.78301021,0.01,150.0
7120,85580,4279,12,-2.0616583824157715,0.25037506222724915,0.0003,0.9593663811683655,0.4722992479801178,4278,-15.78301021,0.01,150.0
7120,85600,4280,12,-2.0701632499694824,0.02931264042854309,0.0003,0.9929577112197876,0.09019584953784943,4279,-15.78301021,0.01,150.0
7120,85620,4281,12,-2.061199426651001,1.2241778373718262,0.0003,0.7463138103485107,0.8079776763916016,4280,-15.78301021,0.01,150.0
7120,85640,4282,12,-2.040229320526123,1.9157425165176392,0.0003,0.7017629146575928,1.6571547985076904,4281,-15.78301021,0.01,150.0
7119,85660,4283,12,-2.036194324493408,0.07739222049713135,0.0003,0.9746196269989014,-0.15750496089458466,4282,-15.78301021,0.01,150.0
7119,85680,4284,12,-2.0785365104675293,0.03849086910486221,0.0003,0.9816990494728088,0.03433271124958992,4283,-15.78301021,0.01,150.0
7119,85700,4285,12,-2.0619521141052246,0.6351264119148254,0.0003,0.32234060764312744,0.5834524631500244,4284,-15.78301021,0.01,150.0
7119,85720,4286,12,-2.0332729816436768,1.3369686603546143,0.0003,0.5183831453323364,1.6422889232635498,4285,-15.78301021,0.01,150.0
7119,85740,4287,12,-2.012338161468506,0.04735023155808449,0.0003,0.9881700873374939,-0.3742094039916992,4286,-15.78301021,0.01,150.0
7119,85760,4288,12,-1.9995701313018799,0.0668688490986824,0.0003,0.9800088405609131,-0.41013503074645996,4287,-15.78301021,0.01,150.0
7119,85780,4289,12,-2.035094738006592,0.05903087928891182,0.0003,0.9380698800086975,-0.3315771818161011,4288,-15.78301021,0.01,150.0
7119,85800,4290,12,-2.045740842819214,0.05369693785905838,0.0003,0.903437614440918,-0.2700996994972229,4289,-15.47845129,0.01,150.0
7119,85820,4291,12,-2.017273187637329,0.10470230877399445,0.0003,0.8290039896965027,-0.19740135967731476,4290,-15.47845129,0.01,150.0
7119,85840,4292,12,-1.7368335723876953,0.3613996207714081,0.0003,0.8885487914085388,-0.4245373606681824,4291,-15.47845129,0.01,150.0
7119,85860,4293,12,-1.7540836334228516,0.39299124479293823,0.0003,0.9138429164886475,0.09686557948589325,4292,-15.47845129,0.01,150.0
7119,85880,4294,12,-1.76229989528656,0.5237552523612976,0.0003,0.9508113861083984,0.5758152008056641,4293,-15.47845129,0.01,150.0
7119,85900,4295,12,-1.7814563512802124,0.05967062711715698,0.0003,0.9938844442367554,-0.2753809094429016,4294,-15.47845129,0.01,150.0
7119,85920,4296,12,-1.8008333444595337,0.1443861871957779,0.0003,0.9802281260490417,-0.047999996691942215,4295,-15.47845129,0.01,150.0
7119,85940,4297,12,-1.8460404872894287,3.2675788402557373,0.0003,-0.12463724613189697,1.5565587282180786,4296,-15.47845129,0.01,150.0
7120,85960,4298,12,-1.8123695850372314,1.5329078435897827,0.0003,0.5754071474075317,1.0662660598754883,4297,-15.47845129,0.01,150.0
7120,85980,4299,12,-1.905786156654358,0.1722983419895172,0.0003,0.9487738609313965,0.3894399404525757,4298,-15.47845129,0.01,150.0
7119,86000,4300,12,-1.8956454992294312,0.44830578565597534,0.0003,0.9209448099136353,0.21020445227622986,4299,-15.47845129,0.01,150.0
7119,86020,4301,12,-1.9547655582427979,0.14564451575279236,0.0003,0.9741674661636353,-0.0994018167257309,4300,-15.47845129,0.01,150.0
7119,86040,4302,12,-2.0063815116882324,0.0359460711479187,0.0003,0.9930651783943176,0.021319085732102394,4301,-15.47845129,0.01,150.0
7120,86060,4303,12,-2.01188325881958,0.9466891288757324,0.0003,0.8808044791221619,0.5773473381996155,4302,-15.47845129,0.01,150.0
7120,86080,4304,12,-2.02390193939209,0.7922683358192444,0.0003,0.9195412993431091,0.9232314825057983,4303,-15.47845129,0.01,150.0
7120,86100,4305,12,-1.9757388830184937,2.221747636795044,0.0003,0.7182252407073975,1.3439375162124634,4304,-15.47845129,0.01,150.0
7120,86120,4306,12,-2.016023635864258,0.14514625072479248,0.0003,0.9896649122238159,-0.3792450726032257,4305,-15.47845129,0.01,150.0
7120,86140,4307,12,-2.0395965576171875,0.09288133680820465,0.0003,0.9955678582191467,-0.4584786891937256,4306,-15.47845129,0.01,150.0
7120,86160,4308,12,-2.02380633354187,0.18853875994682312,0.0003,0.9907033443450928,-0.5949112772941589,4307,-15.47845129,0.01,150.0
7120,86180,4309,12,-2.015063524246216,0.259164035320282,0.0003,0.9685811996459961,0.03161856532096863,4308,-15.47845129,0.01,150.0
7121,86200,4310,12,-1.9898502826690674,0.2708722949028015,0.0003,0.975297212600708,-0.1845594346523285,4309,-15.47845129,0.01,150.0
7121,86220,4311,12,-2.064826488494873,0.23288924992084503,0.0003,0.9842543601989746,-0.5693216323852539,4310,-15.47845129,0.01,150.0
7121,86240,4312,12,-2.1022801399230957,0.13278935849666595,0.0003,0.9866851568222046,-0.11789212375879288,4311,-15.47845129,0.01,150.0
7121,86260,4313,12,-2.02968168258667,0.13350532948970795,0.0003,0.9900417923927307,-0.01859642192721367,4312,-15.47845129,0.01,150.0
7121,86280,4314,12,-2.0202183723449707,0.31338948011398315,0.0003,0.9772675633430481,-0.8537614941596985,4313,-15.47845129,0.01,150.0
7121,86300,4315,12,-2.0078322887420654,0.10221409797668457,0.0003,0.9863203763961792,0.04923553019762039,4314,-15.47845129,0.01,150.0
7122,86320,4316,12,-2.0484511852264404,0.13026702404022217,0.0003,0.9851633906364441,-0.4643784165382385,4315,-15.47845129,0.01,150.0
7122,86340,4317,12,-2.1108627319335938,0.06027248501777649,0.0003,0.9875799417495728,-0.29247358441352844,4316,-15.47845129,0.01,150.0
7122,86360,4318,12,-2.121098041534424,0.051780033856630325,0.0003,0.9918910264968872,-0.3740001618862152,4317,-15.47845129,0.01,150.0
7122,86380,4319,12,-2.121953248977661,0.020675072446465492,0.0003,0.9929805994033813,-0.16290464997291565,4318,-15.47845129,0.01,150.0
7122,86400,4320,12,-2.104351758956909,0.021987449377775192,0.0003,0.9872025847434998,0.025830313563346863,4319,-15.120907369999998,0.01,150.0
7122,86420,4321,12,-2.102886915206909,0.0684528797864914,0.0003,0.9681881666183472,-0.27789306640625,4320,-15.120907369999998,0.01,150.0
7122,86440,4322,12,-1.7664932012557983,0.2774182856082916,0.0003,0.9212422370910645,-0.1775781810283661,4321,-15.120907369999998,0.01,150.0
7122,86460,4323,12,-1.80056893825531,0.19945009052753448,0.0003,0.9719457030296326,-0.45596274733543396,4322,-15.120907369999998,0.01,150.0
7123,86480,4324,12,-1.8283783197402954,0.10284005105495453,0.0003,0.9822559952735901,-0.1953732967376709,4323,-15.120907369999998,0.01,150.0
7123,86500,4325,12,-1.8518059253692627,0.3074214458465576,0.0003,0.9779966473579407,-0.7306867241859436,4324,-15.120907369999998,0.01,150.0
7123,86520,4326,12,-1.887974500656128,0.3338104784488678,0.0003,0.9315597414970398,-0.02384740114212036,4325,-15.120907369999998,0.01,150.0
7123,86540,4327,12,-1.865705132484436,0.4531702995300293,0.0003,0.9128029942512512,0.15585902333259583,4326,-15.120907369999998,0.01,150.0
7123,86560,4328,12,-1.9713640213012695,0.07639665901660919,0.0003,0.9918983578681946,-0.2889391779899597,4327,-15.120907369999998,0.01,150.0
7124,86580,4329,12,-1.9876912832260132,0.10256744921207428,0.0003,0.994545578956604,-0.4349614083766937,4328,-15.120907369999998,0.01,150.0
7124,86600,4330,12,-2.034238815307617,0.07227202504873276,0.0003,0.9940193295478821,-0.3514091968536377,4329,-15.120907369999998,0.01,150.0
7124,86620,4331,12,-2.005138397216797,2.137390613555908,0.0003,0.895851731300354,1.142549753189087,4330,-15.120907369999998,0.01,150.0
7124,86640,4332,12,-2.054455041885376,0.5127425789833069,0.0003,0.9757062792778015,0.43648314476013184,4331,-15.120907369999998,0.01,150.0
7124,86660,4333,12,-2.0698142051696777,0.09622614085674286,0.0003,0.9952432513237,0.16205310821533203,4332,-15.120907369999998,0.01,150.0
7124,86680,4334,12,-2.037024736404419,1.6966383457183838,0.0003,0.9288039803504944,1.061676263809204,4333,-15.120907369999998,0.01,150.0
7125,86700,4335,12,-2.0562734603881836,0.09890808910131454,0.0003,0.9973861575126648,-0.4805963635444641,4334,-15.120907369999998,0.01,150.0
7125,86720,4336,12,-2.0597290992736816,0.15412947535514832,0.0003,0.9921728372573853,-0.10414419323205948,4335,-15.120907369999998,0.01,150.0
7125,86740,4337,12,-2.057497501373291,0.02355526015162468,0.0003,0.9992914199829102,-0.173772394657135,4336,-15.120907369999998,0.01,150.0
7125,86760,4338,12,-2.0364062786102295,0.1635321080684662,0.0003,0.9896641969680786,-0.009888011030852795,4337,-15.120907369999998,0.01,150.0
7125,86780,4339,12,-2.0364508628845215,0.6281598210334778,0.0003,0.9404352903366089,0.4898785650730133,4338,-15.120907369999998,0.01,150.0
7126,86800,4340,12,-2.0359435081481934,1.6273044347763062,0.0003,0.8552309274673462,1.209403395652771,4339,-15.120907369999998,0.01,150.0
7126,86820,4341,12,-1.9988315105438232,0.055582284927368164,0.0003,0.9925422668457031,-0.08581294119358063,4340,-15.120907369999998,0.01,150.0
7126,86840,4342,12,-2.0232529640197754,0.5013083219528198,0.0003,0.911318838596344,0.5918778777122498,4341,-15.120907369999998,0.01,150.0
7126,86860,4343,12,-2.0368330478668213,0.1068103089928627,0.0003,0.9752591252326965,-0.2756601870059967,4342,-15.120907369999998,0.01,150.0
7126,86880,4344,12,-2.0290870666503906,0.06402970850467682,0.0003,0.9676645398139954,-0.05935894697904587,4343,-15.120907369999998,0.01,150.0
7126,86900,4345,12,-2.000061273574829,0.009201249107718468,0.0003,0.9947445392608643,0.0716896653175354,4344,-15.120907369999998,0.01,150.0
7127,86920,4346,12,-2.009363889694214,0.04970650374889374,0.0003,0.9510478377342224,0.113164521753788,4345,-15.120907369999998,0.01,150.0
7127,86940,4347,12,-2.0052642822265625,0.019827652722597122,0.0003,0.9673453569412231,-0.0752510353922844,4346,-15.120907369999998,0.01,150.0
7127,86960,4348,12,-1.9956029653549194,0.028608117252588272,0.0003,0.9154303073883057,-0.04979012906551361,4347,-15.120907369999998,0.01,150.0
7127,86980,4349,12,-1.962500810623169,0.01592586748301983,0.0003,0.9601356387138367,-0.18937215209007263,4348,-15.120907369999998,0.01,150.0
7127,87000,4350,12,-1.9472873210906982,0.017478032037615776,0.0003,0.7583984136581421,0.010365234687924385,4349,-15.28339528,0.01,150.0
7127,87020,4351,12,-1.9658721685409546,0.1277795135974884,0.0003,0.3784010410308838,0.18942700326442719,4350,-15.28339528,0.01,150.0
7127,87040,4352,12,-1.6941616535186768,0.38764142990112305,0.0003,0.858396589756012,-0.39717918634414673,4351,-15.28339528,0.01,150.0
7127,87060,4353,12,-1.6994810104370117,0.10042158514261246,0.0003,0.9724949598312378,0.11012940108776093,4352,-15.28339528,0.01,150.0
7127,87080,4354,12,-1.7198976278305054,0.12867732346057892,0.0003,0.9735497832298279,0.06993507593870163,4353,-15.28339528,0.01,150.0
7127,87100,4355,12,-1.7673742771148682,0.41963499784469604,0.0003,0.9075934290885925,0.11606094986200333,4354,-15.28339528,0.01,150.0
7127,87120,4356,12,-1.7899643182754517,1.2849724292755127,0.0003,0.6296883821487427,0.7321776747703552,4355,-15.28339528,0.01,150.0
7127,87140,4357,12,-1.8210391998291016,0.28316670656204224,0.0003,0.9129339456558228,0.08391348272562027,4356,-15.28339528,0.01,150.0
7127,87160,4358,12,-1.8234243392944336,0.3137485682964325,0.0003,0.9227519631385803,-0.39965197443962097,4357,-15.28339528,0.01,150.0
7127,87180,4359,12,-1.8611202239990234,0.4940918982028961,0.0003,0.8824487328529358,0.40875452756881714,4358,-15.28339528,0.01,150.0
7128,87200,4360,12,-1.914665937423706,0.388700008392334,0.0003,0.927656352519989,0.809191882610321,4359,-15.28339528,0.01,150.0
7128,87220,4361,12,-1.9418556690216064,0.46684494614601135,0.0003,0.8940706849098206,0.48278260231018066,4360,-15.28339528,0.01,150.0
7128,87240,4362,12,-1.8844172954559326,2.8554723262786865,0.0003,0.317426860332489,2.3900866508483887,4361,-15.28339528,0.01,150.0
7128,87260,4363,12,-1.9778869152069092,0.36907336115837097,0.0003,0.9094291925430298,0.6143077611923218,4362,-15.28339528,0.01,150.0
7128,87280,4364,12,-2.01313853263855,0.043472953140735626,0.0003,0.9894559383392334,0.10370918363332748,4363,-15.28339528,0.01,150.0
7128,87300,4365,12,-2.071986198425293,0.0642852634191513,0.0003,0.9847749471664429,-0.04170522093772888,4364,-15.28339528,0.01,150.0
7128,87320,4366,12,-2.091909885406494,0.16094957292079926,0.0003,0.9724554419517517,-0.06810057908296585,4365,-15.28339528,0.01,150.0
7127,87340,4367,12,-2.070969820022583,0.789155900478363,0.0003,0.8890314698219299,0.8113279342651367,4366,-15.28339528,0.01,150.0
7127,87360,4368,12,-2.0758233070373535,0.11942505836486816,0.0003,0.9841015338897705,-0.20682772994041443,4367,-15.28339528,0.01,150.0
7127,87380,4369,12,-2.0716891288757324,0.10492688417434692,0.0003,0.9834169745445251,0.06677285581827164,4368,-15.28339528,0.01,150.0
7126,87400,4370,12,-2.094801187515259,0.10865428298711777,0.0003,0.9826934337615967,-0.2809275984764099,4369,-15.28339528,0.01,150.0
7126,87420,4371,12,-2.0800962448120117,0.060301750898361206,0.0003,0.9872320890426636,0.016488654538989067,4370,-15.28339528,0.01,150.0
7126,87440,4372,12,-2.096982955932617,0.06833310425281525,0.0003,0.9817734956741333,-0.1356687843799591,4371,-15.28339528,0.01,150.0
7125,87460,4373,12,-2.0985138416290283,0.05198805406689644,0.0003,0.9831253290176392,-0.2415032833814621,4372,-15.28339528,0.01,150.0
7125,87480,4374,12,-2.076824903488159,0.20617422461509705,0.0003,0.9102449417114258,0.2645125985145569,4373,-15.28339528,0.01,150.0
7125,87500,4375,12,-2.0822324752807617,0.15143151581287384,0.0003,0.940730631351471,0.32609063386917114,4374,-15.28339528,0.01,150.0
7125,87520,4376,12,-2.0853166580200195,0.03725573420524597,0.0003,0.9827972054481506,0.08104977011680603,4375,-15.28339528,0.01,150.0
7125,87540,4377,12,-2.0918428897857666,0.049585580825805664,0.0003,0.9885918498039246,-0.3471563458442688,4376,-15.28339528,0.01,150.0
7125,87560,4378,12,-2.0877435207366943,0.09631777554750443,0.0003,0.9550893306732178,0.13490352034568787,4377,-15.28339528,0.01,150.0
7125,87580,4379,12,-2.096637487411499,0.06129104644060135,0.0003,0.9768786430358887,-0.19603349268436432,4378,-15.28339528,0.01,150.0
7125,87600,4380,12,-2.0921833515167236,0.4527362883090973,0.0003,0.8957144618034363,0.5905391573905945,4379,-15.16614226,0.01,150.0
7125,87620,4381,12,-2.0751755237579346,0.17139729857444763,0.0003,0.9489606618881226,0.19116619229316711,4380,-15.16614226,0.01,150.0
7125,87640,4382,12,-1.6818927526474,0.39726781845092773,0.0003,0.8371108770370483,0.6814799308776855,4381,-15.16614226,0.01,150.0
7126,87660,4383,12,-1.7055509090423584,0.3384672999382019,0.0003,0.9400573968887329,-0.7227554321289062,4382,-15.16614226,0.01,150.0
7126,87680,4384,12,-1.724424958229065,0.3894595503807068,0.0003,0.9653978943824768,-0.8424781560897827,4383,-15.16614226,0.01,150.0
7126,87700,4385,12,-1.7679020166397095,0.42373722791671753,0.0003,0.8527547121047974,-0.8644170761108398,4384,-15.16614226,0.01,150.0
7126,87720,4386,12,-1.7803188562393188,3.0569777488708496,0.0003,0.18787860870361328,0.35131508111953735,4385,-15.16614226,0.01,150.0
7126,87740,4387,12,-1.8197143077850342,0.37299269437789917,0.0003,0.8462304472923279,-0.5614233016967773,4386,-15.16614226,0.01,150.0
7126,87760,4388,12,-1.8429330587387085,0.19357606768608093,0.0003,0.9083304405212402,-0.4887486398220062,4387,-15.16614226,0.01,150.0
7126,87780,4389,12,-1.8708213567733765,0.186216801404953,0.0003,0.758840799331665,-0.42355743050575256,4388,-15.16614226,0.01,150.0
7126,87800,4390,12,-1.8546497821807861,1.3443533182144165,0.0003,0.14164894819259644,0.9291024208068848,4389,-15.16614226,0.01,150.0
7126,87820,4391,12,-1.9128854274749756,0.14932915568351746,0.0003,0.43191850185394287,-0.007603591773658991,4390,-15.16614226,0.01,150.0
7126,87840,4392,12,-1.9341552257537842,0.08262590318918228,0.0003,0.8465757369995117,0.386234313249588,4391,-15.16614226,0.01,150.0
7126,87860,4393,12,-1.9689594507217407,0.09436087310314178,0.0003,0.8375927209854126,0.5126954317092896,4392,-15.16614226,0.01,150.0
7127,87880,4394,12,-1.9508424997329712,0.11864663660526276,0.0003,0.8549455404281616,0.4197419583797455,4393,-15.16614226,0.01,150.0
7127,87900,4395,12,-2.006718635559082,1.6147264242172241,0.0003,0.5578490495681763,2.0162055492401123,4394,-15.16614226,0.01,150.0
7127,87920,4396,12,-1.9934831857681274,0.3464455008506775,0.0003,0.7834112644195557,0.9184385538101196,4395,-15.16614226,0.01,150.0
7127,87940,4397,12,-2.028639316558838,1.0411583185195923,0.0003,0.7233006954193115,1.3554004430770874,4396,-15.16614226,0.01,150.0
7127,87960,4398,12,-2.039832592010498,0.009242086671292782,0.0003,0.9928051233291626,0.007791873998939991,4397,-15.16614226,0.01,150.0
7127,87980,4399,12,-2.047973871231079,2.321277379989624,0.0003,0.5874356031417847,0.311053603887558,4398,-15.16614226,0.01,150.0
7127,88000,4400,12,-2.0544142723083496,0.5431041717529297,0.0003,0.7442210912704468,0.553330659866333,4399,-15.16614226,0.01,150.0
7127,88020,4401,12,-2.040095806121826,1.7540795803070068,0.0003,0.7552621364593506,0.7422897219657898,4400,-15.16614226,0.01,150.0
7128,88040,4402,12,-2.0575222969055176,0.9164425730705261,0.0003,0.7199568748474121,-0.12264963239431381,4401,-15.16614226,0.01,150.0
7128,88060,4403,12,-2.067610263824463,0.2507229745388031,0.0003,0.9415490031242371,-0.7384282350540161,4402,-15.16614226,0.01,150.0
7128,88080,4404,12,-2.0486724376678467,0.38609927892684937,0.0003,0.8042089343070984,0.30173173546791077,4403,-15.16614226,0.01,150.0
7128,88100,4405,12,-2.041630983352661,0.08782655745744705,0.0003,0.9692487120628357,-0.49329814314842224,4404,-15.16614226,0.01,150.0
7128,88120,4406,12,-2.043795108795166,0.1358182430267334,0.0003,0.9411370158195496,-0.39069050550460815,4405,-15.16614226,0.01,150.0
7129,88140,4407,12,-2.060302972793579,0.06957793235778809,0.0003,0.9509623050689697,-0.18103396892547607,4406,-15.16614226,0.01,150.0
7129,88160,4408,12,-2.0424952507019043,0.13429448008537292,0.0003,0.9294753074645996,-0.17143455147743225,4407,-15.16614226,0.01,150.0
7129,88180,4409,12,-2.0592377185821533,0.08790310472249985,0.0003,0.9696390628814697,-0.4177022874355316,4408,-15.16614226,0.01,150.0
7129,88200,4410,12,-2.059365749359131,0.04243641346693039,0.0003,0.9839622378349304,-0.39458292722702026,4409,-14.806940849999998,0.01,150.0
7129,88220,4411,12,-2.055591106414795,0.02852102555334568,0.0003,0.9695337414741516,0.16930201649665833,4410,-14.806940849999998,0.01,150.0
7129,88240,4412,12,-1.6582282781600952,0.4665134847164154,0.0003,0.8975003957748413,0.7980033159255981,4411,-14.806940849999998,0.01,150.0
7129,88260,4413,12,-1.666812539100647,0.2175433188676834,0.0003,0.95731520652771,0.12170042097568512,4412,-14.806940849999998,0.01,150.0
7130,88280,4414,12,-1.6825745105743408,0.0617571696639061,0.0003,0.9917280673980713,0.18062542378902435,4413,-14.806940849999998,0.01,150.0
7130,88300,4415,12,-1.7047040462493896,0.08812378346920013,0.0003,0.9927423000335693,-0.347313791513443,4414,-14.806940849999998,0.01,150.0
7130,88320,4416,12,-1.7372230291366577,0.02430224046111107,0.0003,0.9967408776283264,-0.036035068333148956,4415,-14.806940849999998,0.01,150.0
7130,88340,4417,12,-1.769871473312378,0.6894335150718689,0.0003,0.8232623338699341,-0.014329837635159492,4416,-14.806940849999998,0.01,150.0
7130,88360,4418,12,-1.7397629022598267,0.43856507539749146,0.0003,0.9358679056167603,0.8336148262023926,4417,-14.806940849999998,0.01,150.0
7130,88380,4419,12,-1.8254203796386719,0.0604742094874382,0.0003,0.9907148480415344,-0.20476260781288147,4418,-14.806940849999998,0.01,150.0
7130,88400,4420,12,-1.8759901523590088,0.07902620732784271,0.0003,0.9900338649749756,0.35012561082839966,4419,-14.806940849999998,0.01,150.0
7131,88420,4421,12,-1.8993079662322998,0.02889004908502102,0.0003,0.9979138970375061,-0.20188124477863312,4420,-14.806940849999998,0.01,150.0
7131,88440,4422,12,-1.9415775537490845,0.0805865079164505,0.0003,0.9888868927955627,-0.21146485209465027,4421,-14.806940849999998,0.01,150.0
7131,88460,4423,12,-1.931130051612854,1.3735988140106201,0.0003,0.8531725406646729,1.5918653011322021,4422,-14.806940849999998,0.01,150.0
7131,88480,4424,12,-1.9101788997650146,0.16039463877677917,0.0003,0.975175678730011,0.18928973376750946,4423,-14.806940849999998,0.01,150.0
7131,88500,4425,12,-1.9862855672836304,0.13149479031562805,0.0003,0.9835858345031738,0.014030653052031994,4424,-14.806940849999998,0.01,150.0
7131,88520,4426,12,-2.0198705196380615,0.4887804090976715,0.0003,0.9364297986030579,-0.015034342184662819,4425,-14.806940849999998,0.01,150.0
7131,88540,4427,12,-2.0100574493408203,0.7788981199264526,0.0003,0.922006368637085,0.6015550494194031,4426,-14.806940849999998,0.01,150.0
7132,88560,4428,12,-2.002140522003174,0.6490397453308105,0.0003,0.9186217784881592,0.13783007860183716,4427,-14.806940849999998,0.01,150.0
7132,88580,4429,12,-2.06192684173584,0.41386014223098755,0.0003,0.9556306004524231,0.41690772771835327,4428,-14.806940849999998,0.01,150.0
7132,88600,4430,12,-2.0311264991760254,0.20138084888458252,0.0003,0.9937388896942139,-0.7479294538497925,4429,-14.806940849999998,0.01,150.0
7132,88620,4431,12,-2.037262201309204,0.14407554268836975,0.0003,0.9870798587799072,-0.4595845341682434,4430,-14.806940849999998,0.01,150.0
7132,88640,4432,12,-2.0127851963043213,0.7492713928222656,0.0003,0.9104933142662048,0.22902528941631317,4431,-14.806940849999998,0.01,150.0
7132,88660,4433,12,-2.053532600402832,0.07981276512145996,0.0003,0.9869403839111328,-0.13988694548606873,4432,-14.806940849999998,0.01,150.0
7132,88680,4434,12,-2.0302071571350098,0.1845911741256714,0.0003,0.9724732637405396,-0.5516163110733032,4433,-14.806940849999998,0.01,150.0
7133,88700,4435,12,-2.0760369300842285,0.18953731656074524,0.0003,0.9719659090042114,-0.4626421332359314,4434,-14.806940849999998,0.01,150.0
7133,88720,4436,12,-2.0958642959594727,0.14170138537883759,0.0003,0.9776008129119873,-0.42666155099868774,4435,-14.806940849999998,0.01,150.0
7133,88740,4437,12,-2.0965723991394043,0.0836041197180748,0.0003,0.9827190637588501,-0.2681639790534973,4436,-14.806940849999998,0.01,150.0
7133,88760,4438,12,-2.109905242919922,0.07682543992996216,0.0003,0.9839934706687927,-0.2597030699253082,4437,-14.806940849999998,0.01,150.0
7133,88780,4439,12,-2.10215425491333,0.24060745537281036,0.0003,0.9535742402076721,0.42183560132980347,4438,-14.806940849999998,0.01,150.0
7133,88800,4440,12,-2.073202610015869,0.13603392243385315,0.0003,0.9723672866821289,-0.2253197878599167,4439,-14.534498669999998,0.01,150.0
7133,88820,4441,12,-2.0792031288146973,0.04558276757597923,0.0003,0.9926777482032776,-0.30288803577423096,4440,-14.534498669999998,0.01,150.0
7133,88840,4442,12,-1.6979423761367798,0.2159324586391449,0.0003,-0.2552911043167114,0.1733410656452179,4441,-14.534498669999998,0.01,150.0
7133,88860,4443,12,-1.71637761592865,0.3539001941680908,0.0003,0.4916543960571289,-0.3459623456001282,4442,-14.534498669999998,0.01,150.0
7133,88880,4444,12,-1.747833251953125,1.886690378189087,0.0003,0.5066176652908325,0.5368248224258423,4443,-14.534498669999998,0.01,150.0
7133,88900,4445,12,-1.761256456375122,0.28153783082962036,0.0003,0.9205743670463562,0.18142327666282654,4444,-14.534498669999998,0.01,150.0
7134,88920,4446,12,-1.8233451843261719,0.5293446183204651,0.0003,0.9209091067314148,-0.39137712121009827,4445,-14.534498669999998,0.01,150.0
7134,88940,4447,12,-1.8527154922485352,0.13258424401283264,0.0003,0.9849239587783813,0.2120618373155594,4446,-14.534498669999998,0.01,150.0
7134,88960,4448,12,-1.8647758960723877,1.4672937393188477,0.0003,0.8808246850967407,1.0195378065109253,4447,-14.534498669999998,0.01,150.0
7134,88980,4449,12,-1.8534259796142578,0.4233183264732361,0.0003,0.9675472974777222,-0.21343882381916046,4448,-14.534498669999998,0.01,150.0
7134,89000,4450,12,-1.8906478881835938,0.7419114708900452,0.0003,0.9622930884361267,-0.0790613517165184,4449,-14.534498669999998,0.01,150.0
7135,89020,4451,12,-1.9570186138153076,0.10000975430011749,0.0003,0.996718168258667,-0.30891352891921997,4450,-14.534498669999998,0.01,150.0
7135,89040,4452,12,-1.9859850406646729,0.055593736469745636,0.0003,0.9975112080574036,-0.27728718519210815,4451,-14.534498669999998,0.01,150.0
7135,89060,4453,12,-1.9901736974716187,0.14613303542137146,0.0003,0.9922531843185425,0.12026046216487885,4452,-14.534498669999998,0.01,150.0
7135,89080,4454,12,-1.971848726272583,0.5084853172302246,0.0003,0.9753517508506775,0.10669790208339691,4453,-14.534498669999998,0.01,150.0
7135,89100,4455,12,-1.9893138408660889,0.19738906621932983,0.0003,0.9901057481765747,0.12551292777061462,4454,-14.534498669999998,0.01,150.0
7135,89120,4456,12,-1.9069874286651611,2.490097761154175,0.0003,0.9031736850738525,1.2608674764633179,4455,-14.534498669999998,0.01,150.0
7136,89140,4457,12,-1.978387475013733,0.2880637049674988,0.0003,0.9861888289451599,-0.27228790521621704,4456,-14.534498669999998,0.01,150.0
7136,89160,4458,12,-2.006682872772217,0.10068793594837189,0.0003,0.9950883388519287,-0.2009315937757492,4457,-14.534498669999998,0.01,150.0
7136,89180,4459,12,-1.963460922241211,0.10942238569259644,0.0003,0.9956032037734985,-0.48191189765930176,4458,-14.534498669999998,0.01,150.0
7136,89200,4460,12,-1.936429738998413,0.19010314345359802,0.0003,0.9875587224960327,0.06876904517412186,4459,-14.534498669999998,0.01,150.0
7136,89220,4461,12,-1.9698139429092407,0.3121147155761719,0.0003,0.988610565662384,-0.8995615243911743,4460,-14.534498669999998,0.01,150.0
7136,89240,4462,12,-1.998239517211914,0.07671721279621124,0.0003,0.9933964610099792,-0.050728630274534225,4461,-14.534498669999998,0.01,150.0
7137,89260,4463,12,-1.9789905548095703,0.05580740049481392,0.0003,0.9983916282653809,-0.34792083501815796,4462,-14.534498669999998,0.01,150.0
7137,89280,4464,12,-1.9899241924285889,0.08079846203327179,0.0003,0.996009349822998,-0.3753518760204315,4463,-14.534498669999998,0.01,150.0
7137,89300,4465,12,-1.9831889867782593,0.05251063033938408,0.0003,0.9978817701339722,-0.3792024254798889,4464,-14.534498669999998,0.01,150.0
7137,89320,4466,12,-1.9307537078857422,0.03162207454442978,0.0003,0.9966368079185486,-0.1401415318250656,4465,-14.534498669999998,0.01,150.0
7137,89340,4467,12,-1.9599453210830688,0.023228511214256287,0.0003,0.9956104159355164,0.03462719917297363,4466,-14.534498669999998,0.01,150.0
7136,89360,4468,12,-1.9724891185760498,0.053533993661403656,0.0003,0.9952863454818726,-0.3536503314971924,4467,-14.534498669999998,0.01,150.0
7136,89380,4469,12,-1.977250337600708,0.013806035742163658,0.0003,0.9949032664299011,-0.06291848421096802,4468,-14.534498669999998,0.01,150.0
7136,89400,4470,12,-1.9815025329589844,0.03119536116719246,0.0003,0.9862018823623657,-0.19171378016471863,4469,-14.35721123,0.01,150.0
7135,89420,4471,12,-1.9694923162460327,0.08358125388622284,0.0003,0.9725273251533508,0.31767696142196655,4470,-14.35721123,0.01,150.0
7134,89440,4472,12,-1.675898551940918,0.04251670464873314,0.0003,0.9000046253204346,-0.011377573013305664,4471,-14.35721123,0.01,150.0
7134,89460,4473,12,-1.6781104803085327,0.3818947374820709,0.0003,0.5161966681480408,-0.31274551153182983,4472,-14.35721123,0.01,150.0
7134,89480,4474,12,-1.7183125019073486,0.8254646062850952,0.0003,0.45438873767852783,-1.4129539728164673,4473,-14.35721123,0.01,150.0
7133,89500,4475,12,-1.7551519870758057,0.1790287345647812,0.0003,0.818840742111206,-0.07415033131837845,4474,-14.35721123,0.01,150.0
7132,89520,4476,12,-1.797369360923767,0.04630785062909126,0.0003,0.9477596879005432,-0.08288346976041794,4475,-14.35721123,0.01,150.0
7132,89540,4477,12,-1.8155523538589478,0.22634324431419373,0.0003,0.8281201124191284,-0.007914978079497814,4476,-14.35721123,0.01,150.0
7131,89560,4478,12,-1.860409140586853,0.3454052209854126,0.0003,0.9351950883865356,-0.8261551856994629,4477,-14.35721123,0.01,150.0
7130,89580,4479,12,-1.8918559551239014,0.16877183318138123,0.0003,0.8850254416465759,-0.43303975462913513,4478,-14.35721123,0.01,150.0
7130,89600,4480,12,-1.9238113164901733,0.06849214434623718,0.0003,0.9641655087471008,-0.1929459273815155,4479,-14.35721123,0.01,150.0
7130,89620,4481,12,-1.9566318988800049,0.22658193111419678,0.0003,0.89560866355896,0.0693100243806839,4480,-14.35721123,0.01,150.0
7130,89640,4482,12,-1.9583179950714111,0.22613458335399628,0.0003,0.9353296160697937,0.23940381407737732,4481,-14.35721123,0.01,150.0
7129,89660,4483,12,-1.9762814044952393,0.7503032684326172,0.0003,0.730017900466919,0.6990457773208618,4482,-14.35721123,0.01,150.0
7129,89680,4484,12,-2.0260796546936035,0.2649042010307312,0.0003,0.9257962703704834,-0.1512850522994995,4483,-14.35721123,0.01,150.0
7129,89700,4485,12,-2.036653518676758,0.08141965419054031,0.0003,0.9783522486686707,0.03609578683972359,4484,-14.35721123,0.01,150.0
7129,89720,4486,12,-2.0383453369140625,0.1704462468624115,0.0003,0.9764818549156189,0.5620786547660828,4485,-14.35721123,0.01,150.0
7129,89740,4487,12,-2.007373809814453,0.1163812130689621,0.0003,0.9686829447746277,0.05573413521051407,4486,-14.35721123,0.01,150.0
7128,89760,4488,12,-2.0162739753723145,0.1402258723974228,0.0003,0.959833025932312,0.22724632918834686,4487,-14.35721123,0.01,150.0
7128,89780,4489,12,-2.0206103324890137,0.12867169082164764,0.0003,0.9734847545623779,-0.4390273094177246,4488,-14.35721123,0.01,150.0
7128,89800,4490,12,-2.0471789836883545,0.042590755969285965,0.0003,0.981601893901825,0.011572932824492455,4489,-14.35721123,0.01,150.0
7128,89820,4491,12,-2.067833185195923,0.05400674790143967,0.0003,0.978644609451294,-0.009668724611401558,4490,-14.35721123,0.01,150.0
7128,89840,4492,12,-2.0727574825286865,0.044896889477968216,0.0003,0.9923151731491089,-0.31576627492904663,4491,-14.35721123,0.01,150.0
7128,89860,4493,12,-2.0803427696228027,0.3055418133735657,0.0003,0.8048471212387085,0.47574448585510254,4492,-14.35721123,0.01,150.0
7128,89880,4494,12,-2.098660469055176,0.05804003030061722,0.0003,0.9637377858161926,-0.16645196080207825,4493,-14.35721123,0.01,150.0
7128,89900,4495,12,-2.0737271308898926,0.028632333502173424,0.0003,0.9782983064651489,-0.12190966308116913,4494,-14.35721123,0.01,150.0
7129,89920,4496,12,-2.0960023403167725,0.17943957448005676,0.0003,0.7750158905982971,0.36839908361434937,4495,-14.35721123,0.01,150.0
7129,89940,4497,12,-2.087940216064453,0.30994418263435364,0.0003,0.3952455520629883,0.432413250207901,4496,-14.35721123,0.01,150.0
7129,89960,4498,12,-2.0825581550598145,0.12243838608264923,0.0003,0.6246299743652344,0.2357594072818756,4497,-14.35721123,0.01,150.0
7129,89980,4499,12,-2.0600407123565674,0.021466905251145363,0.0003,0.9459761381149292,0.139219269156456,4498,-14.35721123,0.01,150.0
7128,90000,4500,12,-2.05560564994812,0.5517572164535522,0.0003,0.19090813398361206,0.4417478144168854,4499,-14.392276410000001,0.01,150.0
7128,90020,4501,12,-2.0586562156677246,0.2565225660800934,0.0003,0.6108018755912781,0.5825591683387756,4500,-14.392276410000001,0.01,150.0
7128,90040,4502,12,-1.659480094909668,0.3128749430179596,0.0003,0.847213089466095,-0.6470769643783569,4501,-14.392276410000001,0.01,150.0
7128,90060,4503,12,-1.7002830505371094,0.3863324522972107,0.0003,0.8336381912231445,0.1234564408659935,4502,-14.392276410000001,0.01,150.0
7128,90080,4504,12,-1.74453866481781,0.41183310747146606,0.0003,0.92374187707901,-0.5828218460083008,4503,-14.392276410000001,0.01,150.0
7128,90100,4505,12,-1.7889964580535889,0.46680641174316406,0.0003,0.902309000492096,-0.5361388325691223,4504,-14.392276410000001,0.01,150.0
7128,90120,4506,12,-1.8112726211547852,2.243154764175415,0.0003,0.3437788486480713,0.7750150561332703,4505,-14.392276410000001,0.01,150.0
7129,90140,4507,12,-1.8426828384399414,1.0274113416671753,0.0003,0.7025363445281982,0.6086845397949219,4506,-14.392276410000001,0.01,150.0
7128,90160,4508,12,-1.8755115270614624,0.20780035853385925,0.0003,0.9478853940963745,-0.037939347326755524,4507,-14.392276410000001,0.01,150.0
7129,90180,4509,12,-1.924902319908142,0.06715429574251175,0.0003,0.9840556979179382,0.15027520060539246,4508,-14.392276410000001,0.01,150.0
7129,90200,4510,12,-1.9504382610321045,0.7348825335502625,0.0003,0.8059844970703125,0.6925139427185059,4509,-14.392276410000001,0.01,150.0
7129,90220,4511,12,-1.9678294658660889,2.729571580886841,0.0003,0.5176237225532532,0.47262001037597656,4510,-14.392276410000001,0.01,150.0
7129,90240,4512,12,-1.9463622570037842,1.4537461996078491,0.0003,0.6416751146316528,1.0830223560333252,4511,-14.392276410000001,0.01,150.0
7129,90260,4513,12,-1.9658746719360352,1.39302396774292,0.0003,0.1427689790725708,0.48615092039108276,4512,-14.392276410000001,0.01,150.0
7129,90280,4514,12,-2.0129618644714355,1.8954317569732666,0.0003,-1.9442510604858398,0.9151283502578735,4513,-14.392276410000001,0.01,150.0
7129,90300,4515,12,-2.018641233444214,0.27223050594329834,0.0003,0.5512142181396484,-0.6464824080467224,4514,-14.392276410000001,0.01,150.0
7129,90320,4516,12,-2.0505802631378174,0.21155789494514465,0.0003,0.026461303234100342,0.08423073589801788,4515,-14.392276410000001,0.01,150.0
7130,90340,4517,12,-2.049987316131592,0.15465787053108215,0.0003,0.7216809988021851,-0.0852210745215416,4516,-14.392276410000001,0.01,150.0
7130,90360,4518,12,-1.9156475067138672,0.2422940731048584,0.0003,0.5033100843429565,-0.38531702756881714,4517,-14.392276410000001,0.01,150.0
7130,90380,4519,12,-2.001253128051758,0.15015336871147156,0.0003,0.7236610651016235,-0.1036715880036354,4518,-14.392276410000001,0.01,150.0
7130,90400,4520,12,-2.0722782611846924,0.22483237087726593,0.0003,-1.8445937633514404,-0.5992698073387146,4519,-14.392276410000001,0.01,150.0
7130,90420,4521,12,-2.0710935592651367,0.028101492673158646,0.0003,0.3936735987663269,-0.20242460072040558,4520,-14.392276410000001,0.01,150.0
7130,90440,4522,12,-2.088895320892334,0.27517348527908325,0.0003,0.04769414663314819,0.12332594394683838,4521,-14.392276410000001,0.01,150.0
7130,90460,4523,12,-2.067701578140259,0.034378089010715485,0.0003,0.6038074493408203,-0.11167840659618378,4522,-14.392276410000001,0.01,150.0
7131,90480,4524,12,-2.064627170562744,0.013554386794567108,0.0003,0.7185177206993103,-0.08687447011470795,4523,-14.392276410000001,0.01,150.0
7131,90500,4525,12,-2.0678343772888184,0.29144108295440674,0.0003,0.4174020290374756,0.32031065225601196,4524,-14.392276410000001,0.01,150.0
7131,90520,4526,12,-2.0555007457733154,0.603575587272644,0.0003,0.6337961554527283,0.4843358099460602,4525,-14.392276410000001,0.01,150.0
7131,90540,4527,12,-2.057378053665161,0.10605106502771378,0.0003,0.8588858842849731,0.11801526695489883,4526,-14.392276410000001,0.01,150.0
7131,90560,4528,12,-2.0446763038635254,0.05722751095890999,0.0003,0.9149792790412903,-0.1571316421031952,4527,-14.392276410000001,0.01,150.0
7131,90580,4529,12,-2.0425076484680176,0.06815919280052185,0.0003,0.880954384803772,-0.261929452419281,4528,-14.392276410000001,0.01,150.0
7131,90600,4530,12,-2.0334975719451904,0.015939945355057716,0.0003,0.9070315957069397,-0.1071208268404007,4529,-14.38828836,0.01,150.0
7131,90620,4531,12,-2.050015926361084,0.031852345913648605,0.0003,0.732668936252594,0.16349564492702484,4530,-14.38828836,0.01,150.0
7132,90640,4532,12,-1.6615488529205322,0.061583470553159714,0.0003,0.9295823574066162,-0.11805995553731918,4531,-14.38828836,0.01,150.0
7132,90660,4533,12,-1.6809734106063843,0.7737219333648682,0.0003,0.7442123293876648,-0.7077088356018066,4532,-14.38828836,0.01,150.0
7132,90680,4534,12,-1.7018053531646729,0.1829727441072464,0.0003,0.9530696868896484,0.22326616942882538,4533,-14.38828836,0.01,150.0
7132,90700,4535,12,-1.733520269393921,0.058946918696165085,0.0003,0.9888004660606384,-0.07811800390481949,4534,-14.38828836,0.01,150.0
7132,90720,4536,12,-1.7637277841567993,0.1619448959827423,0.0003,0.973946213722229,-0.10366709530353546,4535,-14.38828836,0.01,150.0
7132,90740,4537,12,-1.8225113153457642,0.6312328577041626,0.0003,0.9127320647239685,0.8857013583183289,4536,-14.38828836,0.01,150.0
7133,90760,4538,12,-1.8422791957855225,3.140146255493164,0.0003,0.6374033093452454,1.5211331844329834,4537,-14.38828836,0.01,150.0
7133,90780,4539,12,-1.8575893640518188,0.7729750871658325,0.0003,0.9382368326187134,0.5508771538734436,4538,-14.38828836,0.01,150.0
7133,90800,4540,12,-1.9031975269317627,0.48990121483802795,0.0003,0.9733075499534607,0.6915013790130615,4539,-14.38828836,0.01,150.0
7133,90820,4541,12,-1.9041179418563843,2.096625328063965,0.0003,0.8486242890357971,1.3145809173583984,4540,-14.38828836,0.01,150.0
7133,90840,4542,12,-1.9084113836288452,0.8502291440963745,0.0003,0.9474052786827087,1.1741960048675537,4541,-14.38828836,0.01,150.0
7133,90860,4543,12,-1.9534717798233032,0.19606401026248932,0.0003,0.9864364862442017,-0.12320058047771454,4542,-14.38828836,0.01,150.0
7133,90880,4544,12,-1.967004418373108,0.5636873841285706,0.0003,0.9572110176086426,0.13369643688201904,4543,-14.38828836,0.01,150.0
7134,90900,4545,12,-1.9007444381713867,0.1124563217163086,0.0003,0.9932035207748413,0.3587931990623474,4544,-14.38828836,0.01,150.0
7134,90920,4546,12,-1.9404628276824951,1.6080573797225952,0.0003,0.8435816764831543,0.1617063581943512,4545,-14.38828836,0.01,150.0
7134,90940,4547,12,-2.023041248321533,0.6796716451644897,0.0003,0.9569113254547119,0.4499012529850006,4546,-14.38828836,0.01,150.0
7134,90960,4548,12,-1.9046188592910767,0.6559502482414246,0.0003,0.9867514967918396,-1.132043719291687,4547,-14.38828836,0.01,150.0
7134,90980,4549,12,-1.9991199970245361,0.3028406500816345,0.0003,0.9855354428291321,-0.6234734654426575,4548,-14.38828836,0.01,150.0
7134,91000,4550,12,-2.068098306655884,0.10428891330957413,0.0003,0.9966571927070618,-0.5705112218856812,4549,-14.38828836,0.01,150.0
7134,91020,4551,12,-2.028268337249756,0.13690397143363953,0.0003,0.9851428866386414,-0.34742221236228943,4550,-14.38828836,0.01,150.0
7135,91040,4552,12,-2.0328524112701416,0.059740692377090454,0.0003,0.9929761290550232,-0.2912220358848572,4551,-14.38828836,0.01,150.0
7135,91060,4553,12,-2.0661568641662598,0.1547296643257141,0.0003,0.9704331755638123,0.0485888235270977,4552,-14.38828836,0.01,150.0
7135,91080,4554,12,-2.0217647552490234,0.13866755366325378,0.0003,0.9639593958854675,-0.1120903491973877,4553,-14.38828836,0.01,150.0
7135,91100,4555,12,-1.9965183734893799,0.07071619480848312,0.0003,0.9934626221656799,0.4321965277194977,4554,-14.38828836,0.01,150.0
7135,91120,4556,12,-1.9466975927352905,0.0208333320915699,0.0003,0.9927809834480286,-0.09540282189846039,4555,-14.38828836,0.01,150.0
7135,91140,4557,12,-2.0275845527648926,0.08222027868032455,0.0003,0.9438862800598145,-0.30817317962646484,4556,-14.38828836,0.01,150.0
7135,91160,4558,12,-2.0422496795654297,0.03828548267483711,0.0003,0.953160285949707,-0.2172514945268631,4557,-14.38828836,0.01,150.0
7136,91180,4559,12,-2.055546283721924,0.10955251753330231,0.0003,0.7631351947784424,-0.3747878670692444,4558,-14.38828836,0.01,150.0
7136,91200,4560,12,-2.0619852542877197,0.09171246737241745,0.0003,0.3894891142845154,-0.2807311713695526,4559,-14.314917630000002,0.01,150.0
7136,91220,4561,12,-2.0656120777130127,0.0586068257689476,0.0003,0.5207574367523193,-0.3950347304344177,4560,-14.314917630000002,0.01,150.0
7136,91240,4562,12,-1.7485822439193726,0.8922276496887207,0.0003,0.8485272526741028,0.6735259294509888,4561,-14.314917630000002,0.01,150.0
7136,91260,4563,12,-1.7867552042007446,0.21281835436820984,0.0003,0.9484459161758423,0.3198765814304352,4562,-14.314917630000002,0.01,150.0
7136,91280,4564,12,-1.7903156280517578,1.5326374769210815,0.0003,0.9087409377098083,-1.5679090023040771,4563,-14.314917630000002,0.01,150.0
7136,91300,4565,12,-1.8207212686538696,0.47034502029418945,0.0003,0.9663183689117432,0.19214995205402374,4564,-14.314917630000002,0.01,150.0
7136,91320,4566,12,-1.9179010391235352,0.43116551637649536,0.0003,0.9788264632225037,-0.31332021951675415,4565,-14.314917630000002,0.01,150.0
7135,91340,4567,12,-1.9237263202667236,0.2125457525253296,0.0003,0.9949231743812561,-0.6841817498207092,4566,-14.314917630000002,0.01,150.0
7135,91360,4568,12,-1.9713268280029297,0.1037721261382103,0.0003,0.9966228008270264,-0.29863470792770386,4567,-14.314917630000002,0.01,150.0
7135,91380,4569,12,-2.0061028003692627,0.6349955201148987,0.0003,0.9802692532539368,0.8924195170402527,4568,-14.314917630000002,0.01,150.0
7135,91400,4570,12,-1.9474751949310303,1.7539517879486084,0.0003,0.8850189447402954,0.7448303699493408,4569,-14.314917630000002,0.01,150.0
7135,91420,4571,12,-2.026688814163208,0.2579807639122009,0.0003,0.9902521967887878,0.4929947853088379,4570,-14.314917630000002,0.01,150.0
7135,91440,4572,12,-2.014071464538574,2.4437108039855957,0.0003,0.9405262470245361,1.3054922819137573,4571,-14.314917630000002,0.01,150.0
7135,91460,4573,12,-2.041748046875,0.20013101398944855,0.0003,0.995474100112915,0.3426688015460968,4572,-14.314917630000002,0.01,150.0
7135,91480,4574,12,-2.0361926555633545,0.21077916026115417,0.0003,0.9941521286964417,0.10684631019830704,4573,-14.314917630000002,0.01,150.0
7136,91500,4575,12,-2.0507991313934326,1.837439775466919,0.0003,0.9477779269218445,0.27881255745887756,4574,-14.314917630000002,0.01,150.0
7136,91520,4576,12,-2.0737247467041016,0.7733933925628662,0.0003,0.9827020168304443,0.0016680121188983321,4575,-14.314917630000002,0.01,150.0
7136,91540,4577,12,-2.07456636428833,0.2653449475765228,0.0003,0.9956784248352051,-0.5161853432655334,4576,-14.314917630000002,0.01,150.0
7136,91560,4578,12,-2.0782196521759033,0.8123016357421875,0.0003,0.9853327870368958,-1.289381980895996,4577,-14.314917630000002,0.01,150.0
7135,91580,4579,12,-2.058297634124756,0.39520156383514404,0.0003,0.9883317351341248,-0.8512080311775208,4578,-14.314917630000002,0.01,150.0
7136,91600,4580,12,-2.0723376274108887,0.45580577850341797,0.0003,0.9686533212661743,-0.3152565062046051,4579,-14.314917630000002,0.01,150.0
7136,91620,4581,12,-2.069000482559204,0.17425595223903656,0.0003,0.9850332736968994,-0.3328152298927307,4580,-14.314917630000002,0.01,150.0
7136,91640,4582,12,-2.059650182723999,0.11151031404733658,0.0003,0.98372882604599,-0.14210502803325653,4581,-14.314917630000002,0.01,150.0
7136,91660,4583,12,-2.053422451019287,0.41001376509666443,0.0003,0.9399677515029907,0.5621917247772217,4582,-14.314917630000002,0.01,150.0
7136,91680,4584,12,-2.0282983779907227,0.07098952680826187,0.0003,0.9890972971916199,-0.10300946235656738,4583,-14.314917630000002,0.01,150.0
7136,91700,4585,12,-2.013570785522461,0.6428565979003906,0.0003,0.8761545419692993,0.41093364357948303,4584,-14.314917630000002,0.01,150.0
7137,91720,4586,12,-2.0348856449127197,0.09694397449493408,0.0003,0.9861901998519897,-0.33128684759140015,4585,-14.314917630000002,0.01,150.0
7137,91740,4587,12,-2.0365350246429443,0.01924121379852295,0.0003,0.9952498078346252,-0.07886151969432831,4586,-14.314917630000002,0.01,150.0
7137,91760,4588,12,-2.0459911823272705,1.0007845163345337,0.0003,0.8902862071990967,0.9326084852218628,4587,-14.314917630000002,0.01,150.0
7137,91780,4589,12,-2.030092239379883,0.06816793233156204,0.0003,0.987063467502594,-0.1499437391757965,4588,-14.314917630000002,0.01,150.0
7137,91800,4590,12,-1.9996249675750732,0.09705197066068649,0.0003,0.9761382937431335,-0.3350561261177063,4589,-14.15179271,0.01,150.0
7137,91820,4591,12,-2.0208914279937744,0.06387116760015488,0.0003,0.939812958240509,-0.04599684849381447,4590,-14.15179271,0.01,150.0
7137,91840,4592,12,-1.7553205490112305,0.643717885017395,0.0003,0.8287638425827026,-0.7935163378715515,4591,-14.15179271,0.01,150.0
7137,91860,4593,12,-1.7997554540634155,0.8148767352104187,0.0003,0.8537689447402954,0.8424283862113953,4592,-14.15179271,0.01,150.0
7137,91880,4594,12,-1.8388525247573853,3.044750928878784,0.0003,-1.0038447380065918,0.912879467010498,4593,-14.15179271,0.01,150.0
7137,91900,4595,12,-1.8747669458389282,0.5168582797050476,0.0003,0.8165716528892517,-0.6244922876358032,4594,-14.15179271,0.01,150.0
7137,91920,4596,12,-1.9084985256195068,0.26021966338157654,0.0003,0.960533857345581,-0.7513748407363892,4595,-14.15179271,0.01,150.0
7137,91940,4597,12,-1.949167251586914,0.16270668804645538,0.0003,0.968656063079834,-0.4437721371650696,4596,-14.15179271,0.01,150.0
7136,91960,4598,12,-1.93769109249115,1.6640825271606445,0.0003,0.8036892414093018,0.6626750230789185,4597,-14.15179271,0.01,150.0
7136,91980,4599,12,-1.9455606937408447,0.11967166513204575,0.0003,0.984744668006897,-0.17906007170677185,4598,-14.15179271,0.01,150.0
7136,92000,4600,12,-2.0150580406188965,0.07089744508266449,0.0003,0.9899867177009583,0.07612452656030655,4599,-14.15179271,0.01,150.0
7136,92020,4601,12,-2.0394928455352783,0.2594630718231201,0.0003,0.9887626767158508,-0.7947026491165161,4600,-14.15179271,0.01,150.0
7135,92040,4602,12,-2.046988010406494,0.10030952841043472,0.0003,0.9911942481994629,-0.5081185102462769,4601,-14.15179271,0.01,150.0
7135,92060,4603,12,-2.063530445098877,0.2904779314994812,0.0003,0.9215953350067139,0.1483447104692459,4602,-14.15179271,0.01,150.0
7135,92080,4604,12,-2.071402072906494,0.09232069551944733,0.0003,0.9746605157852173,0.12394978851079941,4603,-14.15179271,0.01,150.0
7135,92100,4605,12,-2.0314152240753174,0.8527792692184448,0.0003,0.7806149125099182,0.7083717584609985,4604,-14.15179271,0.01,150.0
7135,92120,4606,12,-2.0155818462371826,0.673821747303009,0.0003,0.9081683158874512,0.6767148971557617,4605,-14.15179271,0.01,150.0
7135,92140,4607,12,-1.996405839920044,0.11859025806188583,0.0003,0.9779233336448669,0.0004960775258950889,4606,-14.15179271,0.01,150.0
7134,92160,4608,12,-2.008297920227051,0.12106076627969742,0.0003,0.9714952111244202,0.1056775450706482,4607,-14.15179271,0.01,150.0
7113,92180,4609,12,-2.0139524936676025,0.12461663782596588,0.0003,0.9895761013031006,-0.6098477840423584,4608,-14.15179271,0.01,150.0
7109,92200,4610,12,-1.9854103326797485,0.06766758859157562,0.0003,0.9828847050666809,0.1642337590456009,4609,-14.15179271,0.01,150.0
7108,92220,4611,12,-2.02388596534729,0.053430747240781784,0.0003,0.9857413172721863,0.015241903252899647,4610,-14.15179271,0.01,150.0
7108,92240,4612,12,-2.0304253101348877,0.07454487681388855,0.0003,0.9823936223983765,0.097731813788414,4611,-14.15179271,0.01,150.0
7108,92260,4613,12,-1.9699656963348389,0.0683661699295044,0.0003,0.9904494285583496,0.29402610659599304,4612,-14.15179271,0.01,150.0
7108,92280,4614,12,-1.9560085535049438,0.05548422411084175,0.0003,0.9891510009765625,0.10109756141901016,4613,-14.15179271,0.01,150.0
7109,92300,4615,12,-1.9785016775131226,0.3497023284435272,0.0003,0.9414039254188538,0.40215864777565,4614,-14.15179271,0.01,150.0
7109,92320,4616,12,-1.9392894506454468,0.368481308221817,0.0003,0.9158121347427368,0.2106248438358307,4615,-14.15179271,0.01,150.0
7109,92340,4617,12,-1.9925472736358643,0.08504831790924072,0.0003,0.974524736404419,-0.02250092476606369,4616,-14.15179271,0.01,150.0
7109,92360,4618,12,-1.9083545207977295,0.6787809133529663,0.0003,0.8654906749725342,0.789078414440155,4617,-14.15179271,0.01,150.0
7109,92380,4619,12,-1.9124218225479126,0.957030177116394,0.0003,0.828811764717102,0.8743324279785156,4618,-14.15179271,0.01,150.0
7109,92400,4620,12,-1.916327714920044,0.5850263833999634,0.0003,0.9287612438201904,0.5446032285690308,4619,-14.077025879999999,0.01,150.0
7109,92420,4621,12,-1.8917744159698486,0.7354563474655151,0.0003,0.9183246493339539,0.610404908657074,4620,-14.077025879999999,0.01,150.0
7109,92440,4622,13,-1.7217845916748047,0.47402581572532654,0.0003,0.6513322591781616,-0.5326441526412964,4621,-14.077025879999999,0.01,150.0
7109,92460,4623,13,-1.7499821186065674,0.10047324001789093,0.0003,0.8974182605743408,0.02278522588312626,4622,-14.077025879999999,0.01,150.0
7109,92480,4624,13,-1.7464697360992432,0.32550400495529175,0.0003,0.8681292533874512,-0.27591973543167114,4623,-14.077025879999999,0.01,150.0
7109,92500,4625,13,-1.7872493267059326,0.09730325639247894,0.0003,0.9793319702148438,-0.3548608422279358,4624,-14.077025879999999,0.01,150.0
7110,92520,4626,13,-1.8200247287750244,0.30172768235206604,0.0003,0.9008383750915527,0.12606962025165558,4625,-14.077025879999999,0.01,150.0
7110,92540,4627,13,-1.8376405239105225,0.4032441973686218,0.0003,0.9169997572898865,0.042311955243349075,4626,-14.077025879999999,0.01,150.0
7110,92560,4628,13,-1.8677406311035156,0.08520852029323578,0.0003,0.9892791509628296,-0.16981694102287292,4627,-14.077025879999999,0.01,150.0
7110,92580,4629,13,-1.8970801830291748,0.5815306901931763,0.0003,0.9338381886482239,0.8996922373771667,4628,-14.077025879999999,0.01,150.0
7110,92600,4630,13,-1.8822368383407593,1.9633594751358032,0.0003,0.8693146705627441,1.670436143875122,4629,-14.077025879999999,0.01,150.0
7110,92620,4631,13,-1.9247366189956665,0.670967698097229,0.0003,0.938738226890564,0.650012195110321,4630,-14.077025879999999,0.01,150.0
7110,92640,4632,13,-1.983909010887146,0.16812832653522491,0.0003,0.9907987713813782,-0.5746356844902039,4631,-14.077025879999999,0.01,150.0
7110,92660,4633,13,-1.9737123250961304,1.2043631076812744,0.0003,0.9010818004608154,0.5871630907058716,4632,-14.077025879999999,0.01,150.0
7110,92680,4634,13,-1.9980539083480835,0.12112514674663544,0.0003,0.9902907609939575,-0.34433987736701965,4633,-14.077025879999999,0.01,150.0
7110,92700,4635,13,-2.032579183578491,0.36138400435447693,0.0003,0.960554301738739,0.48417869210243225,4634,-14.077025879999999,0.01,150.0
7110,92720,4636,13,-2.0340542793273926,0.1495431363582611,0.0003,0.9847371578216553,-0.09298838675022125,4635,-14.077025879999999,0.01,150.0
7110,92740,4637,13,-2.0157103538513184,0.14073440432548523,0.0003,0.9877183437347412,0.32095417380332947,4636,-14.077025879999999,0.01,150.0
7110,92760,4638,13,-2.0186519622802734,1.263031244277954,0.0003,0.7770848870277405,-0.1095508486032486,4637,-14.077025879999999,0.01,150.0
7110,92780,4639,13,-2.004587173461914,0.08947734534740448,0.0003,0.9824490547180176,-0.10633291304111481,4638,-14.077025879999999,0.01,150.0
7110,92800,4640,13,-1.9941089153289795,0.07755757123231888,0.0003,0.9860365986824036,-0.21665005385875702,4639,-14.077025879999999,0.01,150.0
7110,92820,4641,13,-2.0122222900390625,0.037907280027866364,0.0003,0.9937925934791565,0.1795094907283783,4640,-14.077025879999999,0.01,150.0
7110,92840,4642,13,-1.9962810277938843,0.19639725983142853,0.0003,0.97939133644104,0.46039947867393494,4641,-14.077025879999999,0.01,150.0
7110,92860,4643,13,-1.9846382141113281,0.4854528307914734,0.0003,0.9288636445999146,-0.28164881467819214,4642,-14.077025879999999,0.01,150.0
7110,92880,4644,13,-2.0685296058654785,0.0620901957154274,0.0003,0.9955737590789795,-0.4296049177646637,4643,-14.077025879999999,0.01,150.0
7110,92900,4645,13,-2.07771897315979,0.3500891327857971,0.0003,0.9411323070526123,-0.41271790862083435,4644,-14.077025879999999,0.01,150.0
7110,92920,4646,13,-2.0826683044433594,0.1083127036690712,0.0003,0.982969343662262,-0.37214404344558716,4645,-14.077025879999999,0.01,150.0
7110,92940,4647,13,-2.090766191482544,0.046631015837192535,0.0003,0.9897235035896301,-0.030707811936736107,4646,-14.077025879999999,0.01,150.0
7110,92960,4648,13,-2.109496593475342,0.04451855272054672,0.0003,0.9915785193443298,0.0976472720503807,4647,-14.077025879999999,0.01,150.0
7110,92980,4649,13,-2.1010122299194336,0.10068024694919586,0.0003,0.9778813719749451,-0.19639143347740173,4648,-14.077025879999999,0.01,150.0
7110,93000,4650,13,-2.0884251594543457,0.0871216282248497,0.0003,0.9710153341293335,-0.053669363260269165,4649,-13.847515490000001,0.01,150.0
7110,93020,4651,13,-2.0779635906219482,0.06150592491030693,0.0003,0.9739991426467896,0.0378246083855629,4650,-13.847515490000001,0.01,150.0
7111,93040,4652,13,-1.9159129858016968,0.05680904537439346,0.0003,0.9423580765724182,0.04070272296667099,4651,-13.847515490000001,0.01,150.0
7111,93060,4653,13,-1.9718971252441406,0.40381401777267456,0.0003,0.8743272423744202,-0.7011436820030212,4652,-13.847515490000001,0.01,150.0
7111,93080,4654,13,-1.99224853515625,0.33174338936805725,0.0003,0.9384178519248962,-0.9462358355522156,4653,-13.847515490000001,0.01,150.0
7111,93100,4655,13,-2.011810779571533,0.26235225796699524,0.0003,0.9574801325798035,-0.6086744070053101,4654,-13.847515490000001,0.01,150.0
7111,93120,4656,13,-2.037726640701294,0.6237925291061401,0.0003,0.9008190035820007,-0.2217332422733307,4655,-13.847515490000001,0.01,150.0
7111,93140,4657,13,-2.044166088104248,0.148313969373703,0.0003,0.9804837703704834,0.11810693889856339,4656,-13.847515490000001,0.01,150.0
7111,93160,4658,13,-2.053657054901123,0.4539429545402527,0.0003,0.9588271379470825,0.2491355836391449,4657,-13.847515490000001,0.01,150.0
7111,93180,4659,13,-2.0545291900634766,1.2437098026275635,0.0003,0.9408718943595886,0.7549555897712708,4658,-13.847515490000001,0.01,150.0
7111,93200,4660,13,-2.0909528732299805,0.13743364810943604,0.0003,0.9922181963920593,-0.29946860671043396,4659,-13.847515490000001,0.01,150.0
7111,93220,4661,13,-2.091625690460205,1.4542468786239624,0.0003,0.9012501835823059,0.7033879160881042,4660,-13.847515490000001,0.01,150.0
7112,93240,4662,13,-2.0749552249908447,0.40042057633399963,0.0003,0.9897446036338806,1.2429039478302002,4661,-13.847515490000001,0.01,150.0
7112,93260,4663,13,-2.055380344390869,0.4060482978820801,0.0003,0.967032790184021,0.3781437873840332,4662,-13.847515490000001,0.01,150.0
7112,93280,4664,13,-2.0930397510528564,0.11633549630641937,0.0003,0.9894871115684509,-0.29600971937179565,4663,-13.847515490000001,0.01,150.0
7112,93300,4665,13,-2.091789960861206,0.17324939370155334,0.0003,0.9822888970375061,0.23990598320960999,4664,-13.847515490000001,0.01,150.0
7112,93320,4666,13,-2.0951125621795654,0.06326548755168915,0.0003,0.9955857992172241,-0.3526971638202667,4665,-13.847515490000001,0.01,150.0
7112,93340,4667,13,-2.123041868209839,0.11547428369522095,0.0003,0.9816631078720093,0.05750333517789841,4666,-13.847515490000001,0.01,150.0
7112,93360,4668,13,-2.126488208770752,0.15296967327594757,0.0003,0.9765042662620544,0.1108473539352417,4667,-13.847515490000001,0.01,150.0
7112,93380,4669,13,-2.126506805419922,0.01916874572634697,0.0003,0.997272253036499,-0.04978112503886223,4668,-13.847515490000001,0.01,150.0
7112,93400,4670,13,-2.1206095218658447,0.07326127588748932,0.0003,0.9849521517753601,-0.23402316868305206,4669,-13.847515490000001,0.01,150.0
7112,93420,4671,13,-2.1067583560943604,0.02513832226395607,0.0003,0.9936531186103821,-0.199788898229599,4670,-13.847515490000001,0.01,150.0
7112,93440,4672,13,-2.1034669876098633,0.03420509770512581,0.0003,0.986299991607666,0.2283000946044922,4671,-13.847515490000001,0.01,150.0
7112,93460,4673,13,-2.0833687782287598,0.08472592383623123,0.0003,0.9520308971405029,0.35046443343162537,4672,-13.847515490000001,0.01,150.0
7112,93480,4674,13,-2.0908241271972656,2.0809836387634277,0.0003,-0.02152276039123535,1.2591404914855957,4673,-13.847515490000001,0.01,150.0
7112,93500,4675,13,-2.1009769439697266,0.049475740641355515,0.0003,0.9239868521690369,0.201494500041008,4674,-13.847515490000001,0.01,150.0
7112,93520,4676,13,-2.100429058074951,0.07471488416194916,0.0003,0.8627359867095947,0.2814735770225525,4675,-13.847515490000001,0.01,150.0
7112,93540,4677,13,-2.0919857025146484,0.05868496373295784,0.0003,0.8963201642036438,0.2933580279350281,4676,-13.847515490000001,0.01,150.0
7113,93560,4678,13,-2.041882038116455,0.32306426763534546,0.0003,0.19746756553649902,0.6880626678466797,4677,-13.847515490000001,0.01,150.0
7113,93580,4679,13,-1.9902498722076416,1.574966311454773,0.0003,-0.12000751495361328,1.257216453552246,4678,-13.847515490000001,0.01,150.0
7112,93600,4680,13,-2.0110318660736084,0.3106081783771515,0.0003,0.2664087414741516,0.4957614839076996,4679,-13.77101024,0.01,150.0
7112,93620,4681,13,-2.0071914196014404,0.07297782599925995,0.0003,0.763064980506897,0.2657385468482971,4680,-13.77101024,0.01,150.0
7112,93640,4682,13,-1.8326009511947632,0.8792496919631958,0.0003,0.44000399112701416,-1.1198171377182007,4681,-13.77101024,0.01,150.0
7112,93660,4683,13,-1.8839486837387085,0.20586514472961426,0.0003,0.9281363487243652,-0.6575269103050232,4682,-13.77101024,0.01,150.0
7111,93680,4684,13,-1.9152740240097046,0.5321997404098511,0.0003,0.8559681177139282,-0.06057983636856079,4683,-13.77101024,0.01,150.0
7111,93700,4685,13,-1.9362516403198242,0.10562964528799057,0.0003,0.9764164090156555,0.19502578675746918,4684,-13.77101024,0.01,150.0
7111,93720,4686,13,-1.9633668661117554,0.2955530285835266,0.0003,0.9523188471794128,-0.05165578052401543,4685,-13.77101024,0.01,150.0
7111,93740,4687,13,-1.9435851573944092,0.1669004261493683,0.0003,0.9788930416107178,0.1605348289012909,4686,-13.77101024,0.01,150.0
7111,93760,4688,13,-1.957221269607544,0.13453474640846252,0.0003,0.987535834312439,0.036365944892168045,4687,-13.77101024,0.01,150.0
7111,93780,4689,13,-2.024327039718628,0.6027779579162598,0.0003,0.9796602129936218,-1.0490572452545166,4688,-13.77101024,0.01,150.0
7111,93800,4690,13,-2.026283025741577,2.501981496810913,0.0003,0.8460003137588501,0.3853399157524109,4689,-13.77101024,0.01,150.0
7111,93820,4691,13,-2.0406718254089355,0.13750940561294556,0.0003,0.9917742609977722,-0.2222503125667572,4690,-13.77101024,0.01,150.0
7111,93840,4692,13,-2.056771755218506,0.08256475627422333,0.0003,0.9949503540992737,-0.2891916334629059,4691,-13.77101024,0.01,150.0
7111,93860,4693,13,-1.9981552362442017,1.9314610958099365,0.0003,0.8838476538658142,1.8219003677368164,4692,-13.77101024,0.01,150.0
7111,93880,4694,13,-2.0347468852996826,0.056497544050216675,0.0003,0.9952107071876526,-0.27443933486938477,4693,-13.77101024,0.01,150.0
7111,93900,4695,13,-1.986746072769165,1.0250743627548218,0.0003,0.9270921945571899,0.9345113635063171,4694,-13.77101024,0.01,150.0
7111,93920,4696,13,-2.058628559112549,0.4116378426551819,0.0003,0.9337452054023743,-0.08260279893875122,4695,-13.77101024,0.01,150.0
7111,93940,4697,13,-2.0411384105682373,0.059579987078905106,0.0003,0.9904686808586121,0.22509069740772247,4696,-13.77101024,0.01,150.0
7111,93960,4698,13,-1.9841455221176147,1.5573601722717285,0.0003,0.890735924243927,1.8191505670547485,4697,-13.77101024,0.01,150.0
7111,93980,4699,13,-1.9900453090667725,0.5167535543441772,0.0003,0.909824013710022,0.6749269366264343,4698,-13.77101024,0.01,150.0
7111,94000,4700,13,-2.0162246227264404,0.1274745613336563,0.0003,0.962087869644165,0.3373326063156128,4699,-13.77101024,0.01,150.0
7111,94020,4701,13,-2.0124588012695312,0.14873750507831573,0.0003,0.9125790596008301,0.1266903132200241,4700,-13.77101024,0.01,150.0
7111,94040,4702,13,-2.0380539894104004,0.3738212287425995,0.0003,0.8156211376190186,0.17183628678321838,4701,-13.77101024,0.01,150.0
7111,94060,4703,13,-1.9982473850250244,0.07760729640722275,0.0003,0.9230071306228638,0.07470464706420898,4702,-13.77101024,0.01,150.0
7111,94080,4704,13,-1.9020322561264038,0.283339262008667,0.0003,-1.0785818099975586,0.15471963584423065,4703,-13.77101024,0.01,150.0
7111,94100,4705,13,-1.8637174367904663,0.157191663980484,0.0003,0.33050936460494995,0.5538322329521179,4704,-13.77101024,0.01,150.0
7112,94120,4706,13,-1.9170783758163452,0.11001362651586533,0.0003,0.2744976282119751,0.10686862468719482,4705,-13.77101024,0.01,150.0
7112,94140,4707,13,-1.9342933893203735,0.11610805988311768,0.0003,0.5365442633628845,0.15244898200035095,4706,-13.77101024,0.01,150.0
7112,94160,4708,13,-1.85872483253479,0.04760133475065231,0.0003,0.35765188932418823,-0.16270363330841064,4707,-13.77101024,0.01,150.0
7112,94180,4709,13,-1.889923334121704,0.02237495221197605,0.0003,0.6350838541984558,0.048810817301273346,4708,-13.77101024,0.01,150.0
7112,94200,4710,13,-1.9092283248901367,0.03996601328253746,0.0003,0.5406901836395264,-0.16117624938488007,4709,-13.972294549999999,0.01,150.0
7112,94220,4711,13,-1.87519109249115,0.08409737795591354,0.0003,0.4267399311065674,-0.18271379172801971,4710,-13.972294549999999,0.01,150.0
7112,94240,4712,13,-1.7171592712402344,0.6833275556564331,0.0003,0.3387603759765625,-0.5136488676071167,4711,-13.972294549999999,0.01,150.0
7112,94260,4713,13,-1.7768890857696533,0.2357216626405716,0.0003,0.6534901261329651,-0.35196518898010254,4712,-13.972294549999999,0.01,150.0
7112,94280,4714,13,-1.8018840551376343,0.26344034075737,0.0003,0.9147751927375793,-0.7833454608917236,4713,-13.972294549999999,0.01,150.0
7111,94300,4715,13,-1.814493179321289,1.031663179397583,0.0003,0.7161152362823486,0.24400314688682556,4714,-13.972294549999999,0.01,150.0
7110,94320,4716,13,-1.861650824546814,0.5203570127487183,0.0003,0.918423056602478,0.8086373209953308,4715,-13.972294549999999,0.01,150.0
7110,94340,4717,13,-1.865622878074646,0.46054568886756897,0.0003,0.9044573307037354,-0.30575209856033325,4716,-13.972294549999999,0.01,150.0
7109,94360,4718,13,-1.8777191638946533,1.776555061340332,0.0003,0.7312476634979248,1.010496973991394,4717,-13.972294549999999,0.01,150.0
7109,94380,4719,13,-1.9251896142959595,0.7526610493659973,0.0003,0.9109369516372681,0.5222460031509399,4718,-13.972294549999999,0.01,150.0
7110,94400,4720,13,-1.9928443431854248,0.36858779191970825,0.0003,0.9601500630378723,-0.2573036253452301,4719,-13.972294549999999,0.01,150.0
7110,94420,4721,13,-2.0352959632873535,1.0067538022994995,0.0003,0.8879402279853821,0.677670955657959,4720,-13.972294549999999,0.01,150.0
7110,94440,4722,13,-2.0395286083221436,0.06901130825281143,0.0003,0.9923540353775024,0.007337075658142567,4721,-13.972294549999999,0.01,150.0
7110,94460,4723,13,-2.059833288192749,0.1368682086467743,0.0003,0.9929513335227966,-0.5267423391342163,4722,-13.972294549999999,0.01,150.0
7110,94480,4724,13,-2.072237014770508,0.23676303029060364,0.0003,0.9821513891220093,0.42623814940452576,4723,-13.972294549999999,0.01,150.0
7110,94500,4725,13,-2.0358428955078125,0.31883007287979126,0.0003,0.9826489686965942,0.4336391091346741,4724,-13.972294549999999,0.01,150.0
7110,94520,4726,13,-2.101783275604248,0.37205034494400024,0.0003,0.9747886657714844,-0.10864235460758209,4725,-13.972294549999999,0.01,150.0
7110,94540,4727,13,-2.099963665008545,0.6047428846359253,0.0003,0.9351227879524231,0.6306796073913574,4726,-13.972294549999999,0.01,150.0
7110,94560,4728,13,-2.0867342948913574,0.15275466442108154,0.0003,0.9722810387611389,0.09197883307933807,4727,-13.972294549999999,0.01,150.0
7110,94580,4729,13,-1.9931751489639282,0.4071381092071533,0.0003,0.8626366257667542,-0.2191026508808136,4728,-13.972294549999999,0.01,150.0
7110,94600,4730,13,-2.098520040512085,0.04324823245406151,0.0003,0.9777610301971436,-0.11948323249816895,4729,-13.972294549999999,0.01,150.0
7110,94620,4731,13,-2.113163471221924,0.04878585785627365,0.0003,0.9630220532417297,0.25271207094192505,4730,-13.972294549999999,0.01,150.0
7110,94640,4732,13,-2.1018929481506348,0.18758344650268555,0.0003,0.8690868020057678,0.6289008855819702,4731,-13.972294549999999,0.01,150.0
7110,94660,4733,13,-2.0927958488464355,0.1955104023218155,0.0003,0.8197633028030396,0.6039378046989441,4732,-13.972294549999999,0.01,150.0
7110,94680,4734,13,-2.008599042892456,0.27272191643714905,0.0003,0.9122299551963806,0.8778506517410278,4733,-13.972294549999999,0.01,150.0
7111,94700,4735,13,-2.0519022941589355,0.03141722083091736,0.0003,0.957998514175415,0.2132338583469391,4734,-13.972294549999999,0.01,150.0
7111,94720,4736,13,-2.0766491889953613,0.013914133422076702,0.0003,0.9546259045600891,-0.006274716462939978,4735,-13.972294549999999,0.01,150.0
7111,94740,4737,13,-2.0632529258728027,0.008080128580331802,0.0003,0.9732322692871094,0.07931430637836456,4736,-13.972294549999999,0.01,150.0
7111,94760,4738,13,-2.063704013824463,0.019197162240743637,0.0003,0.953077495098114,-0.10702645778656006,4737,-13.972294549999999,0.01,150.0
7111,94780,4739,13,-2.026690721511841,0.028499972075223923,0.0003,0.9224789142608643,-0.027003932744264603,4738,-13.972294549999999,0.01,150.0
7111,94800,4740,13,-1.9974151849746704,0.030316924676299095,0.0003,0.9273799061775208,0.021653300151228905,4739,-14.078245549999998,0.01,150.0
7111,94820,4741,13,-1.9782860279083252,0.043846495449543,0.0003,0.9100245237350464,-0.005804112646728754,4740,-14.078245549999998,0.01,150.0
7111,94840,4742,13,-1.8048114776611328,0.4579160809516907,0.0003,0.8975642919540405,-0.83039391040802,4741,-14.078245549999998,0.01,150.0
7111,94860,4743,13,-1.8285719156265259,0.21915960311889648,0.0003,0.9277535676956177,-0.2382788211107254,4742,-14.078245549999998,0.01,150.0
7111,94880,4744,13,-1.8599952459335327,0.15173527598381042,0.0003,0.9436037540435791,-0.2773202359676361,4743,-14.078245549999998,0.01,150.0
7112,94900,4745,13,-1.9067261219024658,0.32525500655174255,0.0003,0.9156928062438965,-0.5412029027938843,4744,-14.078245549999998,0.01,150.0
7112,94920,4746,13,-1.9360624551773071,0.12203620374202728,0.0003,0.9612292051315308,0.05066544935107231,4745,-14.078245549999998,0.01,150.0
7112,94940,4747,13,-1.9321353435516357,0.3708297312259674,0.0003,0.8629325032234192,0.10844288021326065,4746,-14.078245549999998,0.01,150.0
7112,94960,4748,13,-1.9788711071014404,0.0696876272559166,0.0003,0.9940180778503418,0.47182029485702515,4747,-14.078245549999998,0.01,150.0
7112,94980,4749,13,-1.9915945529937744,2.1351821422576904,0.0003,0.04679375886917114,0.520331859588623,4748,-14.078245549999998,0.01,150.0
7112,95000,4750,13,-2.0539920330047607,0.07223515212535858,0.0003,0.9797364473342896,-0.42964109778404236,4749,-14.078245549999998,0.01,150.0
7113,95020,4751,13,-2.0713582038879395,0.029753118753433228,0.0003,0.9835646748542786,-0.07375513762235641,4750,-14.078245549999998,0.01,150.0
7113,95040,4752,13,-2.102574348449707,0.07619814574718475,0.0003,0.9862009882926941,-0.47462883591651917,4751,-14.078245549999998,0.01,150.0
7113,95060,4753,13,-2.1107935905456543,0.5284666419029236,0.0003,0.77720707654953,0.7971547842025757,4752,-14.078245549999998,0.01,150.0
7113,95080,4754,13,-2.117269277572632,0.2960395812988281,0.0003,0.7805581092834473,0.030220195651054382,4753,-14.078245549999998,0.01,150.0
7113,95100,4755,13,-2.108354091644287,0.06591643393039703,0.0003,0.9575990438461304,-0.3951268196105957,4754,-14.078245549999998,0.01,150.0
7113,95120,4756,13,-2.108267307281494,0.015226537361741066,0.0003,0.9764394164085388,-0.041670799255371094,4755,-14.078245549999998,0.01,150.0
7113,95140,4757,13,-2.1358771324157715,0.1645616590976715,0.0003,0.7428091764450073,-0.010936921462416649,4756,-14.078245549999998,0.01,150.0
7114,95160,4758,13,-2.143993854522705,0.15371687710285187,0.0003,0.7990724444389343,0.22754232585430145,4757,-14.078245549999998,0.01,150.0
7114,95180,4759,13,-2.135781764984131,0.050051819533109665,0.0003,0.9084755778312683,-0.15297171473503113,4758,-14.078245549999998,0.01,150.0
7114,95200,4760,13,-2.0998873710632324,0.34331485629081726,0.0003,0.644974946975708,-0.037862300872802734,4759,-14.078245549999998,0.01,150.0
7114,95220,4761,13,-2.088639259338379,4.56389045715332,0.0003,0.3248668313026428,1.5776439905166626,4760,-14.078245549999998,0.01,150.0
7114,95240,4762,13,-2.083777904510498,0.9406641125679016,0.0003,0.7176327705383301,0.8213667869567871,4761,-14.078245549999998,0.01,150.0
7114,95260,4763,13,-2.08878231048584,0.04630926623940468,0.0003,0.9616517424583435,-0.28712379932403564,4762,-14.078245549999998,0.01,150.0
7114,95280,4764,13,-2.0970513820648193,0.6983656883239746,0.0003,0.6620988249778748,0.3447975516319275,4763,-14.078245549999998,0.01,150.0
7114,95300,4765,13,-2.0719447135925293,0.16838929057121277,0.0003,0.5456986427307129,-0.5683871507644653,4764,-14.078245549999998,0.01,150.0
7115,95320,4766,13,-2.0800883769989014,0.07069265097379684,0.0003,0.8781573176383972,-0.5156566500663757,4765,-14.078245549999998,0.01,150.0
7115,95340,4767,13,-2.086516857147217,0.12811563909053802,0.0003,0.2964986562728882,-0.5571271181106567,4766,-14.078245549999998,0.01,150.0
7115,95360,4768,13,-2.078214168548584,0.07602284848690033,0.0003,0.4302659034729004,-0.4336181581020355,4767,-14.078245549999998,0.01,150.0
7115,95380,4769,13,-2.04140567779541,0.058253295719623566,0.0003,0.02684497833251953,-0.40486210584640503,4768,-14.078245549999998,0.01,150.0
7115,95400,4770,13,-2.015033006668091,0.04863041639328003,0.0003,-0.16111481189727783,-0.23687081038951874,4769,-14.283155529999998,0.01,150.0
7115,95420,4771,13,-1.9839003086090088,0.045342061668634415,0.0003,-1.6345887184143066,-0.06246153265237808,4770,-14.283155529999998,0.01,150.0
7115,95440,4772,13,-1.6999213695526123,0.2371107041835785,0.0003,0.7567019462585449,0.18618056178092957,4771,-14.283155529999998,0.01,150.0
7116,95460,4773,13,-1.7470166683197021,0.11043410003185272,0.0003,0.9198838472366333,-0.20578321814537048,4772,-14.283155529999998,0.01,150.0
7116,95480,4774,13,-1.8250062465667725,0.14568234980106354,0.0003,0.8795362114906311,-0.16788578033447266,4773,-14.283155529999998,0.01,150.0
7116,95500,4775,13,-1.8491058349609375,0.2444862425327301,0.0003,0.7061867713928223,0.5722595453262329,4774,-14.283155529999998,0.01,150.0
7116,95520,4776,13,-1.8757559061050415,0.17193534970283508,0.0003,0.9010878801345825,-0.33663588762283325,4775,-14.283155529999998,0.01,150.0
7116,95540,4777,13,-1.9109394550323486,0.3075025975704193,0.0003,0.8992687463760376,0.3956899642944336,4776,-14.283155529999998,0.01,150.0
7116,95560,4778,13,-1.9782037734985352,0.2524854838848114,0.0003,0.9640815854072571,-0.7341562509536743,4777,-14.283155529999998,0.01,150.0
7116,95580,4779,13,-2.0124411582946777,0.02167728915810585,0.0003,0.9925128221511841,-0.12971575558185577,4778,-14.283155529999998,0.01,150.0
7117,95600,4780,13,-2.0052595138549805,0.2880755662918091,0.0003,0.8558900356292725,0.39602309465408325,4779,-14.283155529999998,0.01,150.0
7117,95620,4781,13,-1.9755237102508545,0.3356998562812805,0.0003,0.8804649114608765,0.697713315486908,4780,-14.283155529999998,0.01,150.0
7117,95640,4782,13,-2.0818958282470703,0.05447564274072647,0.0003,0.9855061173439026,-0.30588024854660034,4781,-14.283155529999998,0.01,150.0
7117,95660,4783,13,-2.097290277481079,0.30008015036582947,0.0003,0.8466082215309143,0.23727357387542725,4782,-14.283155529999998,0.01,150.0
7117,95680,4784,13,-2.078197479248047,0.47908663749694824,0.0003,0.7284884452819824,0.29818254709243774,4783,-14.283155529999998,0.01,150.0
7117,95700,4785,13,-2.0835232734680176,0.17098431289196014,0.0003,0.9118882417678833,0.199417382478714,4784,-14.283155529999998,0.01,150.0
7118,95720,4786,13,-2.079296588897705,1.0750653743743896,0.0003,0.7778560519218445,1.0169899463653564,4785,-14.283155529999998,0.01,150.0
7118,95740,4787,13,-2.088923931121826,0.051854927092790604,0.0003,0.9891588687896729,0.2879122197628021,4786,-14.283155529999998,0.01,150.0
7118,95760,4788,13,-2.0425972938537598,0.1842881143093109,0.0003,0.9699085354804993,0.5052255392074585,4787,-14.283155529999998,0.01,150.0
7118,95780,4789,13,-2.0570733547210693,1.473688006401062,0.0003,0.7512254118919373,0.18130287528038025,4788,-14.283155529999998,0.01,150.0
7118,95800,4790,13,-2.0606493949890137,0.9017645120620728,0.0003,0.9056634902954102,0.9045734405517578,4789,-14.283155529999998,0.01,150.0
7118,95820,4791,13,-2.08162260055542,0.6073929667472839,0.0003,0.9249460697174072,0.302631139755249,4790,-14.283155529999998,0.01,150.0
7118,95840,4792,13,-2.044692277908325,0.29393628239631653,0.0003,0.9632074236869812,-0.6462188959121704,4791,-14.283155529999998,0.01,150.0
7119,95860,4793,13,-1.9938573837280273,0.13425312936306,0.0003,0.9792329668998718,-0.15827348828315735,4792,-14.283155529999998,0.01,150.0
7119,95880,4794,13,-1.990358591079712,0.05038600414991379,0.0003,0.9928603768348694,-0.13432331383228302,4793,-14.283155529999998,0.01,150.0
7119,95900,4795,13,-1.9885139465332031,0.04354439303278923,0.0003,0.9957093000411987,-0.28369125723838806,4794,-14.283155529999998,0.01,150.0
7119,95920,4796,13,-2.017719030380249,0.16226303577423096,0.0003,0.9757184982299805,-0.6156129837036133,4795,-14.283155529999998,0.01,150.0
7119,95940,4797,13,-1.994133710861206,0.10300624370574951,0.0003,0.9763185977935791,-0.023547381162643433,4796,-14.283155529999998,0.01,150.0
7119,95960,4798,13,-1.8861318826675415,0.09476083517074585,0.0003,0.9759632349014282,-0.180598184466362,4797,-14.283155529999998,0.01,150.0
7119,95980,4799,13,-1.9102675914764404,0.0939122661948204,0.0003,0.9776829481124878,-0.19836102426052094,4798,-14.283155529999998,0.01,150.0
7119,96000,4800,13,-1.948113203048706,0.10528812557458878,0.0003,0.974736750125885,-0.16308104991912842,4799,-14.25183178,0.01,150.0
7119,96020,4801,13,-2.0083184242248535,0.0574108250439167,0.0003,0.9845315217971802,-0.22472652792930603,4800,-14.25183178,0.01,150.0
7120,96040,4802,13,-1.6086753606796265,0.08769211918115616,0.0003,0.6646913290023804,0.2585090696811676,4801,-14.25183178,0.01,150.0
7120,96060,4803,13,-1.622205376625061,0.16117528080940247,0.0003,0.7165330648422241,0.17929993569850922,4802,-14.25183178,0.01,150.0
7120,96080,4804,13,-1.627849817276001,0.6100543737411499,0.0003,0.6833943128585815,0.2649036645889282,4803,-14.25183178,0.01,150.0
7120,96100,4805,13,-1.6462045907974243,0.4029291570186615,0.0003,0.9125213623046875,-0.7178165912628174,4804,-14.25183178,0.01,150.0
7120,96120,4806,13,-1.6613337993621826,0.5884133577346802,0.0003,0.7689279317855835,-0.5394807457923889,4805,-14.25183178,0.01,150.0
7120,96140,4807,13,-1.715370774269104,0.712982177734375,0.0003,0.7302707433700562,-0.7748124599456787,4806,-14.25183178,0.01,150.0
7120,96160,4808,13,-1.7898151874542236,0.2906995415687561,0.0003,0.8956891894340515,-0.4890069365501404,4807,-14.25183178,0.01,150.0
7120,96180,4809,13,-1.8411333560943604,0.2568133771419525,0.0003,0.9426602721214294,-0.5602186918258667,4808,-14.25183178,0.01,150.0
7121,96200,4810,13,-1.8865092992782593,0.47238293290138245,0.0003,0.30711597204208374,0.07412089407444,4809,-14.25183178,0.01,150.0
7121,96220,4811,13,-1.9062381982803345,1.9821748733520508,0.0003,0.21576088666915894,1.1217539310455322,4810,-14.25183178,0.01,150.0
7121,96240,4812,13,-1.9573625326156616,0.10963022708892822,0.0003,0.8702793717384338,0.10309161990880966,4811,-14.25183178,0.01,150.0
7121,96260,4813,13,-2.0401041507720947,0.15618343651294708,0.0003,0.675808310508728,-0.607474684715271,4812,-14.25183178,0.01,150.0
7121,96280,4814,13,-1.9791291952133179,0.06429161131381989,0.0003,0.05607956647872925,-0.2234785109758377,4813,-14.25183178,0.01,150.0
7120,96300,4815,13,-1.8652722835540771,0.04990362375974655,0.0003,0.7260031700134277,-0.25777003169059753,4814,-14.25183178,0.01,150.0
7120,96320,4816,13,-1.9176899194717407,1.205193281173706,0.0003,0.4873993396759033,0.38452252745628357,4815,-14.25183178,0.01,150.0
7120,96340,4817,13,-1.935288667678833,0.2822917103767395,0.0003,0.8171913623809814,0.26349496841430664,4816,-14.25183178,0.01,150.0
7120,96360,4818,13,-1.8736648559570312,0.1500886231660843,0.0003,0.8506904244422913,-0.3917422890663147,4817,-14.25183178,0.01,150.0
7120,96380,4819,13,-1.8802906274795532,0.06558987498283386,0.0003,0.9213873147964478,-0.20529155433177948,4818,-14.25183178,0.01,150.0
7120,96400,4820,13,-1.9089527130126953,0.09332731366157532,0.0003,0.7818864583969116,-0.033870697021484375,4819,-14.25183178,0.01,150.0
7120,96420,4821,13,-2.0358004570007324,0.09625446796417236,0.0003,0.8435743451118469,-0.12275749444961548,4820,-14.25183178,0.01,150.0
7120,96440,4822,13,-2.0796806812286377,0.032251570373773575,0.0003,0.9467343091964722,-0.11661490052938461,4821,-14.25183178,0.01,150.0
7120,96460,4823,13,-2.0720765590667725,0.07184334099292755,0.0003,0.9256176948547363,-0.34459877014160156,4822,-14.25183178,0.01,150.0
7120,96480,4824,13,-1.9926822185516357,0.0192413292825222,0.0003,0.9696876406669617,0.11447004973888397,4823,-14.25183178,0.01,150.0
7120,96500,4825,13,-2.0256755352020264,0.03307906165719032,0.0003,0.963516354560852,0.19092172384262085,4824,-14.25183178,0.01,150.0
7120,96520,4826,13,-2.007821559906006,0.02450782246887684,0.0003,0.9710482954978943,-0.09040258824825287,4825,-14.25183178,0.01,150.0
7121,96540,4827,13,-1.985050916671753,0.027568798512220383,0.0003,0.9670389294624329,0.01746479421854019,4826,-14.25183178,0.01,150.0
7121,96560,4828,13,-1.9992849826812744,0.04282013326883316,0.0003,0.9642696976661682,-0.08844166249036789,4827,-14.25183178,0.01,150.0
7121,96580,4829,13,-2.007189989089966,0.056137777864933014,0.0003,0.9701186418533325,-0.32182198762893677,4828,-14.25183178,0.01,150.0
7120,96600,4830,13,-2.0014700889587402,0.03214164450764656,0.0003,0.9673664569854736,-0.24412699043750763,4829,-14.870416250000003,0.0,150.0
7120,96620,4831,13,-1.9749199151992798,0.009874900802969933,0.0003,0.9758732914924622,0.04611198976635933,4830,-14.870416250000003,0.0,150.0
7120,96640,4832,13,-1.6752803325653076,0.7060033082962036,0.0003,0.6793619394302368,-0.3969178795814514,4831,-14.870416250000003,0.0,150.0
7120,96660,4833,13,-1.710331916809082,0.08321379125118256,0.0003,0.9710196852684021,-0.19990061223506927,4832,-14.870416250000003,0.0,150.0
7120,96680,4834,13,-1.7170652151107788,0.4680609107017517,0.0003,0.795670211315155,0.40404289960861206,4833,-14.870416250000003,0.0,150.0
7120,96700,4835,13,-1.8022029399871826,0.30368518829345703,0.0003,0.9470812678337097,-0.1539892852306366,4834,-14.870416250000003,0.0,150.0
7120,96720,4836,13,-1.861676812171936,0.15383115410804749,0.0003,0.9758079648017883,-0.2151835858821869,4835,-14.870416250000003,0.0,150.0
7120,96740,4837,13,-1.9064061641693115,0.04334861785173416,0.0003,0.9953768253326416,-0.24059996008872986,4836,-14.870416250000003,0.0,150.0
7119,96760,4838,13,-1.9234695434570312,0.06268363445997238,0.0003,0.9860482811927795,-0.07405503839254379,4837,-14.870416250000003,0.0,150.0
7119,96780,4839,13,-1.996425986289978,0.07292720675468445,0.0003,0.9898613691329956,0.3452974259853363,4838,-14.870416250000003,0.0,150.0
7120,96800,4840,13,-1.9907290935516357,0.3089335262775421,0.0003,0.9510499835014343,0.9164257049560547,4839,-14.870416250000003,0.0,150.0
7119,96820,4841,13,-1.9957420825958252,2.304464101791382,0.0003,0.12855345010757446,1.5627648830413818,4840,-14.870416250000003,0.0,150.0
7119,96840,4842,13,-2.024625301361084,0.708262026309967,0.0003,0.7873749732971191,0.8281739950180054,4841,-14.870416250000003,0.0,150.0
7119,96860,4843,13,-2.0550553798675537,1.0906498432159424,0.0003,0.9137685298919678,1.3884531259536743,4842,-14.870416250000003,0.0,150.0
7118,96880,4844,13,-2.0991218090057373,0.5188339948654175,0.0003,0.8263236284255981,0.6560066938400269,4843,-14.870416250000003,0.0,150.0
7118,96900,4845,13,-2.142057418823242,0.33302050828933716,0.0003,0.9596108198165894,0.9191920161247253,4844,-14.870416250000003,0.0,150.0
7118,96920,4846,13,-2.135718584060669,0.8517354726791382,0.0003,0.8740779161453247,1.3555775880813599,4845,-14.870416250000003,0.0,150.0
7119,96940,4847,13,-2.1139352321624756,0.23407132923603058,0.0003,0.9501091241836548,0.5255441069602966,4846,-14.870416250000003,0.0,150.0
7119,96960,4848,13,-2.0758748054504395,0.6578342914581299,0.0003,0.8249698877334595,0.046224940568208694,4847,-14.870416250000003,0.0,150.0
7119,96980,4849,13,-2.036898136138916,0.0779731497168541,0.0003,0.983913779258728,-0.33893755078315735,4848,-14.870416250000003,0.0,150.0
7119,97000,4850,13,-2.0345218181610107,0.17810466885566711,0.0003,0.9607294797897339,-0.21219801902770996,4849,-14.870416250000003,0.0,150.0
7119,97020,4851,13,-2.0178253650665283,0.4033230245113373,0.0003,0.8873722553253174,0.1573805809020996,4850,-14.870416250000003,0.0,150.0
7119,97040,4852,13,-2.000012159347534,0.117531418800354,0.0003,0.9804942011833191,-0.5172893404960632,4851,-14.870416250000003,0.0,150.0
7118,97060,4853,13,-1.9790947437286377,0.01583467796444893,0.0003,0.9948763847351074,-0.10966549068689346,4852,-14.870416250000003,0.0,150.0
7118,97080,4854,13,-2.01275634765625,0.11304150521755219,0.0003,0.9599558115005493,-0.4597705900669098,4853,-14.870416250000003,0.0,150.0
7117,97100,4855,13,-1.99980890750885,0.03868634253740311,0.0003,0.9745295643806458,-0.12725915014743805,4854,-14.870416250000003,0.0,150.0
7117,97120,4856,13,-1.9903379678726196,0.06950069963932037,0.0003,0.9584664106369019,-0.2975085377693176,4855,-14.870416250000003,0.0,150.0
7117,97140,4857,13,-1.957563042640686,0.0758194774389267,0.0003,0.9403960704803467,-0.32335400581359863,4856,-14.870416250000003,0.0,150.0
7116,97160,4858,13,-1.9574635028839111,0.05374201387166977,0.0003,0.929711103439331,-0.18751008808612823,4857,-14.870416250000003,0.0,150.0
7116,97180,4859,13,-1.9311132431030273,0.028897946700453758,0.0003,0.9507296681404114,-0.0754716694355011,4858,-14.870416250000003,0.0,150.0
7116,97200,4860,13,-1.9339971542358398,0.04285246506333351,0.0003,0.9449940919876099,-0.1784139722585678,4859,-14.804532679999998,0.0,150.0
7116,97220,4861,13,-1.9080997705459595,0.06258413195610046,0.0003,0.9479562640190125,-0.33012253046035767,4860,-14.804532679999998,0.0,150.0
7115,97240,4862,13,-1.6470056772232056,0.10381577163934708,0.0003,0.8894752264022827,-0.3332367241382599,4861,-14.804532679999998,0.0,150.0
7115,97260,4863,13,-1.6603018045425415,0.39644068479537964,0.0003,0.6542266607284546,0.4506119191646576,4862,-14.804532679999998,0.0,150.0
7114,97280,4864,13,-1.706059217453003,0.1720924824476242,0.0003,0.8752455711364746,-0.18843261897563934,4863,-14.804532679999998,0.0,150.0
7114,97300,4865,13,-1.7295150756835938,0.5633559226989746,0.0003,0.8434081077575684,-0.08780711144208908,4864,-14.804532679999998,0.0,150.0
7114,97320,4866,13,-1.8170772790908813,0.20178501307964325,0.0003,0.9440962672233582,0.2767043113708496,4865,-14.804532679999998,0.0,150.0
7113,97340,4867,13,-1.8543869256973267,0.2921595573425293,0.0003,0.9531207084655762,0.3360605835914612,4866,-14.804532679999998,0.0,150.0
7114,97360,4868,13,-1.8928687572479248,0.1553538739681244,0.0003,0.9755644202232361,-0.07789831608533859,4867,-14.804532679999998,0.0,150.0
7114,97380,4869,13,-1.8979613780975342,0.07318143546581268,0.0003,0.9910415410995483,0.17296969890594482,4868,-14.804532679999998,0.0,150.0
7114,97400,4870,13,-1.9228990077972412,0.043429408222436905,0.0003,0.9940304756164551,-0.08389680087566376,4869,-14.804532679999998,0.0,150.0
7114,97420,4871,13,-1.937272071838379,0.4116780161857605,0.0003,0.9457274675369263,0.39493414759635925,4870,-14.804532679999998,0.0,150.0
7114,97440,4872,13,-1.9479482173919678,0.1539195328950882,0.0003,0.990563154220581,-0.4457409381866455,4871,-14.804532679999998,0.0,150.0
7114,97460,4873,13,-2.013018846511841,0.022494345903396606,0.0003,0.9967672824859619,0.007406874094158411,4872,-14.804532679999998,0.0,150.0
7114,97480,4874,13,-1.9839107990264893,0.20383048057556152,0.0003,0.9657987952232361,-0.02204832434654236,4873,-14.804532679999998,0.0,150.0
7114,97500,4875,13,-1.9860918521881104,2.5658066272735596,0.0003,0.5058534145355225,1.4441332817077637,4874,-14.804532679999998,0.0,150.0
7114,97520,4876,13,-2.0592081546783447,0.13995583355426788,0.0003,0.9733344912528992,-0.24682244658470154,4875,-14.804532679999998,0.0,150.0
7114,97540,4877,13,-2.0371439456939697,0.08375958353281021,0.0003,0.9815768599510193,-0.05299463868141174,4876,-14.804532679999998,0.0,150.0
7114,97560,4878,13,-2.070366382598877,0.07191977649927139,0.0003,0.9805915951728821,-0.009086208418011665,4877,-14.804532679999998,0.0,150.0
7114,97580,4879,13,-2.0757927894592285,0.037683505564928055,0.0003,0.9906555414199829,0.06463120877742767,4878,-14.804532679999998,0.0,150.0
7114,97600,4880,13,-2.030787706375122,0.030320623889565468,0.0003,0.9936403036117554,0.14103765785694122,4879,-14.804532679999998,0.0,150.0
7115,97620,4881,13,-1.9921550750732422,0.06231893226504326,0.0003,0.9874609112739563,0.1613277643918991,4880,-14.804532679999998,0.0,150.0
7115,97640,4882,13,-1.9763615131378174,0.23222331702709198,0.0003,0.9707291126251221,0.27787551283836365,4881,-14.804532679999998,0.0,150.0
7115,97660,4883,13,-1.953307867050171,0.0707586407661438,0.0003,0.9927809834480286,0.1562899649143219,4882,-14.804532679999998,0.0,150.0
7115,97680,4884,13,-2.0016276836395264,0.3713246285915375,0.0003,0.9263407588005066,-0.658061683177948,4883,-14.804532679999998,0.0,150.0
7115,97700,4885,13,-1.9838058948516846,0.08078410476446152,0.0003,0.9698213934898376,-0.11980292946100235,4884,-14.804532679999998,0.0,150.0
7115,97720,4886,13,-1.9805551767349243,0.06750305742025375,0.0003,0.9697967171669006,-0.3225979804992676,4885,-14.804532679999998,0.0,150.0
7115,97740,4887,13,-1.9742231369018555,0.04901062697172165,0.0003,0.9364520907402039,-0.09167847037315369,4886,-14.804532679999998,0.0,150.0
7115,97760,4888,13,-1.9598901271820068,0.04401636868715286,0.0003,0.9007089138031006,-0.09974272549152374,4887,-14.804532679999998,0.0,150.0
7115,97780,4889,13,-1.959090232849121,0.043841682374477386,0.0003,0.856715202331543,-0.15351369976997375,4888,-14.804532679999998,0.0,150.0
7115,97800,4890,13,-1.9472233057022095,0.03241981193423271,0.0003,0.7543216943740845,-0.12354408204555511,4889,-14.88173804,0.0,150.0
7115,97820,4891,13,-1.9219207763671875,0.032896738499403,0.0003,0.7979370355606079,0.13040220737457275,4890,-14.88173804,0.0,150.0
7116,97840,4892,13,-1.817434310913086,0.34734708070755005,0.0003,0.7328863143920898,-0.3758915960788727,4891,-14.88173804,0.0,150.0
7116,97860,4893,13,-1.8479255437850952,0.03515003249049187,0.0003,0.9620116949081421,-0.07552511245012283,4892,-14.88173804,0.0,150.0
7116,97880,4894,13,-1.9220030307769775,0.056992270052433014,0.0003,0.9677251577377319,-0.16615834832191467,4893,-14.88173804,0.0,150.0
7116,97900,4895,13,-2.0120043754577637,0.046587906777858734,0.0003,0.9758028984069824,0.026023903861641884,4894,-14.88173804,0.0,150.0
7116,97920,4896,13,-2.059934139251709,0.693727970123291,0.0003,0.7600994110107422,0.6745668649673462,4895,-14.88173804,0.0,150.0
7116,97940,4897,13,-2.101630449295044,0.0663958191871643,0.0003,0.9811761379241943,0.0703510269522667,4896,-14.88173804,0.0,150.0
7117,97960,4898,13,-2.1007747650146484,1.4235343933105469,0.0003,0.7581912279129028,0.7660037279129028,4897,-14.88173804,0.0,150.0
7117,97980,4899,13,-2.127434015274048,0.23473986983299255,0.0003,0.9489557147026062,0.181223064661026,4898,-14.88173804,0.0,150.0
7117,98000,4900,13,-2.133498430252075,0.3546140491962433,0.0003,0.9612478017807007,0.36789989471435547,4899,-14.88173804,0.0,150.0
7117,98020,4901,13,-2.1252529621124268,0.18885096907615662,0.0003,0.9822337031364441,0.05043584853410721,4900,-14.88173804,0.0,150.0
7117,98040,4902,13,-2.131843090057373,0.16896620392799377,0.0003,0.9887285232543945,-0.3429431915283203,4901,-14.88173804,0.0,150.0
7117,98060,4903,13,-2.1344845294952393,0.5408997535705566,0.0003,0.9735890626907349,0.35832738876342773,4902,-14.88173804,0.0,150.0
7117,98080,4904,13,-2.113032817840576,0.15356573462486267,0.0003,0.9934448003768921,0.3837975859642029,4903,-14.88173804,0.0,150.0
7118,98100,4905,13,-2.0821197032928467,1.0180808305740356,0.0003,0.9669785499572754,0.2520619034767151,4904,-14.88173804,0.0,150.0
7118,98120,4906,13,-2.092062473297119,0.2670362591743469,0.0003,0.9904109239578247,-0.1948188990354538,4905,-14.88173804,0.0,150.0
7118,98140,4907,13,-2.117767333984375,0.10185892879962921,0.0003,0.9961333274841309,-0.19954879581928253,4906,-14.88173804,0.0,150.0
7118,98160,4908,13,-2.113175868988037,0.08040191233158112,0.0003,0.9984458684921265,-0.44921350479125977,4907,-14.88173804,0.0,150.0
7118,98180,4909,13,-2.085341453552246,2.955878257751465,0.0003,0.8967939615249634,2.381190299987793,4908,-14.88173804,0.0,150.0
7118,98200,4910,13,-2.0781242847442627,0.18747252225875854,0.0003,0.989388644695282,-0.5459076166152954,4909,-14.88173804,0.0,150.0
7118,98220,4911,13,-2.070359706878662,1.1111748218536377,0.0003,0.832545280456543,0.7216456532478333,4910,-14.88173804,0.0,150.0
7118,98240,4912,13,-2.063492774963379,0.2646080553531647,0.0003,0.9300762414932251,-0.12362654507160187,4911,-14.88173804,0.0,150.0
7119,98260,4913,13,-2.040714740753174,0.07685504853725433,0.0003,0.9745360016822815,-0.24848008155822754,4912,-14.88173804,0.0,150.0
7119,98280,4914,13,-2.0281243324279785,0.19367116689682007,0.0003,0.8962545394897461,0.23378968238830566,4913,-14.88173804,0.0,150.0
7119,98300,4915,13,-2.032287359237671,1.3497720956802368,0.0003,0.4534638524055481,1.0611989498138428,4914,-14.88173804,0.0,150.0
7119,98320,4916,13,-2.01990008354187,0.09281373769044876,0.0003,0.9436207413673401,0.2921854257583618,4915,-14.88173804,0.0,150.0
7119,98340,4917,13,-2.0286030769348145,0.017696771770715714,0.0003,0.9893938302993774,0.05794219300150871,4916,-14.88173804,0.0,150.0
7119,98360,4918,13,-2.01532244682312,0.7544962763786316,0.0003,0.4534921646118164,1.093011498451233,4917,-14.88173804,0.0,150.0
7120,98380,4919,13,-1.9862735271453857,0.12378887832164764,0.0003,0.8893622756004333,0.41442543268203735,4918,-14.88173804,0.0,150.0
7120,98400,4920,13,-1.9875444173812866,0.010459722019731998,0.0003,0.9950511455535889,0.13780094683170319,4919,-14.791470169999998,0.0,150.0
7120,98420,4921,13,-1.972285509109497,0.3906400799751282,0.0003,0.7629175782203674,0.5634669065475464,4920,-14.791470169999998,0.0,150.0
7120,98440,4922,13,-1.6898685693740845,0.019279154017567635,0.0003,0.9780964255332947,0.030492737889289856,4921,-14.791470169999998,0.0,150.0
7120,98460,4923,13,-1.7487928867340088,0.05063897371292114,0.0003,0.9677506685256958,0.23540878295898438,4922,-14.791470169999998,0.0,150.0
7120,98480,4924,13,-1.784968614578247,0.05798393487930298,0.0003,0.9624519348144531,0.12108699977397919,4923,-14.791470169999998,0.0,150.0
7120,98500,4925,13,-1.8332316875457764,0.08802203834056854,0.0003,0.9616968631744385,-0.014266381040215492,4924,-14.791470169999998,0.0,150.0
7120,98520,4926,13,-1.8363168239593506,0.2676903009414673,0.0003,0.7883987426757812,-0.44116926193237305,4925,-14.791470169999998,0.0,150.0
7120,98540,4927,13,-1.861368179321289,0.09248651564121246,0.0003,0.9081888794898987,0.024136995896697044,4926,-14.791470169999998,0.0,150.0
7120,98560,4928,13,-1.9232699871063232,0.36168044805526733,0.0003,0.6889117956161499,-0.2500467896461487,4927,-14.791470169999998,0.0,150.0
7120,98580,4929,13,-1.9943015575408936,0.2839442193508148,0.0003,0.736393928527832,-0.6887513399124146,4928,-14.791470169999998,0.0,150.0
7120,98600,4930,13,-2.0411362648010254,0.09947636723518372,0.0003,0.9086210131645203,-0.29722627997398376,4929,-14.791470169999998,0.0,150.0
7121,98620,4931,13,-2.0620522499084473,0.17950545251369476,0.0003,0.8590909838676453,0.11673501878976822,4930,-14.791470169999998,0.0,150.0
7121,98640,4932,13,-2.0829105377197266,0.0925314873456955,0.0003,0.9265179634094238,-0.2399125099182129,4931,-14.791470169999998,0.0,150.0
7121,98660,4933,13,-2.045659303665161,0.04314446821808815,0.0003,0.9749868512153625,0.3013830780982971,4932,-14.791470169999998,0.0,150.0
7121,98680,4934,13,-2.109653949737549,0.05052619427442551,0.0003,0.9432148337364197,0.05796893686056137,4933,-14.791470169999998,0.0,150.0
7121,98700,4935,13,-2.087489366531372,2.4351184368133545,0.0003,0.20786511898040771,1.435312032699585,4934,-14.791470169999998,0.0,150.0
7121,98720,4936,13,-2.080324649810791,0.3414228558540344,0.0003,0.7793005704879761,0.650896430015564,4935,-14.791470169999998,0.0,150.0
7122,98740,4937,13,-2.098250150680542,0.06468204408884048,0.0003,0.9180741310119629,0.09817328304052353,4936,-14.791470169999998,0.0,150.0
7122,98760,4938,13,-1.9980404376983643,0.38974490761756897,0.0003,0.2883259654045105,0.5139156579971313,4937,-14.791470169999998,0.0,150.0
7122,98780,4939,13,-2.0136234760284424,1.776185393333435,0.0003,0.37439119815826416,2.008638858795166,4938,-14.791470169999998,0.0,150.0
7122,98800,4940,13,-2.128695011138916,0.5928481817245483,0.0003,0.5555796027183533,0.7045592665672302,4939,-14.791470169999998,0.0,150.0
7122,98820,4941,13,-2.130178928375244,0.15582486987113953,0.0003,0.5858852863311768,-0.4829617440700531,4940,-14.791470169999998,0.0,150.0
7122,98840,4942,13,-2.122276782989502,0.1318332701921463,0.0003,0.5357856154441833,-0.003111180616542697,4941,-14.791470169999998,0.0,150.0
7123,98860,4943,13,-2.1103928089141846,0.11760792881250381,0.0003,-0.35653483867645264,-0.4339492917060852,4942,-14.791470169999998,0.0,150.0
7123,98880,4944,13,-2.116819143295288,0.3405817747116089,0.0003,-0.01356649398803711,0.27684757113456726,4943,-14.791470169999998,0.0,150.0
7123,98900,4945,13,-2.095447063446045,0.07428640127182007,0.0003,0.6304757595062256,-0.21811318397521973,4944,-14.791470169999998,0.0,150.0
7123,98920,4946,13,-2.0847041606903076,0.26662570238113403,0.0003,0.36751556396484375,-0.10979652404785156,4945,-14.791470169999998,0.0,150.0
7123,98940,4947,13,-2.0068302154541016,0.046140383929014206,0.0003,0.7973712682723999,-0.14147034287452698,4946,-14.791470169999998,0.0,150.0
7123,98960,4948,13,-2.024231433868408,0.16539208590984344,0.0003,0.5542926788330078,-0.017588526010513306,4947,-14.791470169999998,0.0,150.0
7124,98980,4949,13,-1.9613174200057983,1.528083086013794,0.0003,0.08268523216247559,0.9526567459106445,4948,-14.791470169999998,0.0,150.0
7124,99000,4950,13,-1.978968858718872,0.1470942497253418,0.0003,0.6790895462036133,0.0753701776266098,4949,-14.836295519999998,0.0,150.0
7124,99020,4951,13,-1.9172767400741577,0.09303072094917297,0.0003,0.7900779843330383,-0.23327970504760742,4950,-14.836295519999998,0.0,150.0
7124,99040,4952,13,-1.6998573541641235,0.3040621876716614,0.0003,0.8538115620613098,-0.4402049481868744,4951,-14.836295519999998,0.0,150.0
7124,99060,4953,13,-1.7311680316925049,0.2659301161766052,0.0003,0.8700019717216492,0.37271711230278015,4952,-14.836295519999998,0.0,150.0
7124,99080,4954,13,-1.746721625328064,1.3632142543792725,0.0003,0.5903220772743225,1.7966969013214111,4953,-14.836295519999998,0.0,150.0
7124,99100,4955,13,-1.7758111953735352,0.16066905856132507,0.0003,0.9051506519317627,0.021891960874199867,4954,-14.836295519999998,0.0,150.0
7124,99120,4956,13,-1.7737388610839844,0.7731711268424988,0.0003,0.6943864822387695,0.2846313416957855,4955,-14.836295519999998,0.0,150.0
7124,99140,4957,13,-1.814950942993164,1.1010984182357788,0.0003,0.6413671970367432,1.267961025238037,4956,-14.836295519999998,0.0,150.0
7124,99160,4958,13,-1.955431342124939,0.18663480877876282,0.0003,0.9804688692092896,-0.5669573545455933,4957,-14.836295519999998,0.0,150.0
7125,99180,4959,13,-1.9132978916168213,0.4355160593986511,0.0003,0.9528390169143677,-1.1054755449295044,4958,-14.836295519999998,0.0,150.0
7125,99200,4960,13,-1.9819986820220947,0.0478205680847168,0.0003,0.9934284090995789,-0.2292911261320114,4959,-14.836295519999998,0.0,150.0
7125,99220,4961,13,-2.038512706756592,0.25914573669433594,0.0003,0.9497580528259277,0.47448721528053284,4960,-14.836295519999998,0.0,150.0
7125,99240,4962,13,-2.025536060333252,0.23321601748466492,0.0003,0.9599996209144592,-0.5932313799858093,4961,-14.836295519999998,0.0,150.0
7125,99260,4963,13,-2.040271282196045,0.09462311118841171,0.0003,0.9763413071632385,-0.1422395557165146,4962,-14.836295519999998,0.0,150.0
7125,99280,4964,13,-2.0459160804748535,0.5169476270675659,0.0003,0.7239865064620972,0.29582861065864563,4963,-14.836295519999998,0.0,150.0
7125,99300,4965,13,-2.0758605003356934,0.0916377604007721,0.0003,0.9635345339775085,0.17723527550697327,4964,-14.836295519999998,0.0,150.0
7125,99320,4966,13,-2.0731773376464844,0.9375163912773132,0.0003,0.8013534545898438,0.6308189630508423,4965,-14.836295519999998,0.0,150.0
7126,99340,4967,13,-2.093407154083252,0.16024677455425262,0.0003,0.9692656397819519,0.3972994387149811,4966,-14.836295519999998,0.0,150.0
7126,99360,4968,13,-1.982092261314392,0.7567185163497925,0.0003,0.8992329835891724,0.3877273201942444,4967,-14.836295519999998,0.0,150.0
7126,99380,4969,13,-1.9743359088897705,0.15514697134494781,0.0003,0.9833379983901978,-0.5338979959487915,4968,-14.836295519999998,0.0,150.0
7126,99400,4970,13,-1.9541797637939453,0.14025454223155975,0.0003,0.9805994629859924,-0.5265765190124512,4969,-14.836295519999998,0.0,150.0
7126,99420,4971,13,-1.9273589849472046,0.1307169795036316,0.0003,0.9597827196121216,-0.2643582224845886,4970,-14.836295519999998,0.0,150.0
7126,99440,4972,13,-1.9728466272354126,0.14324559271335602,0.0003,0.9511375427246094,-0.19726485013961792,4971,-14.836295519999998,0.0,150.0
7126,99460,4973,13,-1.9702228307724,0.0655512735247612,0.0003,0.9892194867134094,-0.43391814827919006,4972,-14.836295519999998,0.0,150.0
7126,99480,4974,13,-1.9568097591400146,0.15450146794319153,0.0003,0.972549557685852,-0.6491940021514893,4973,-14.836295519999998,0.0,150.0
7126,99500,4975,13,-1.9454231262207031,0.12405663728713989,0.0003,0.9576496481895447,-0.5045697689056396,4974,-14.836295519999998,0.0,150.0
7127,99520,4976,13,-1.9015411138534546,0.09572547674179077,0.0003,0.6848107576370239,0.11813361942768097,4975,-14.836295519999998,0.0,150.0
7127,99540,4977,13,-1.8665378093719482,0.07005733251571655,0.0003,0.8473747968673706,-0.13827772438526154,4976,-14.836295519999998,0.0,150.0
7127,99560,4978,13,-1.9410851001739502,0.1826256811618805,0.0003,0.3621199131011963,-0.12826485931873322,4977,-14.836295519999998,0.0,150.0
7127,99580,4979,13,-1.951125144958496,0.09948985278606415,0.0003,-0.314461350440979,0.08819838613271713,4978,-14.836295519999998,0.0,150.0
7127,99600,4980,13,-1.916017770767212,0.04446418210864067,0.0003,-0.23468613624572754,0.04348303750157356,4979,-14.832575900000004,0.0,150.0
7127,99620,4981,13,-1.9451491832733154,0.04411860555410385,0.0003,-0.22923946380615234,-0.1344737708568573,4980,-14.832575900000004,0.0,150.0
7127,99640,4982,13,-1.719881296157837,0.27452051639556885,0.0003,-0.27638983726501465,-0.11842139810323715,4981,-14.832575900000004,0.0,150.0
7127,99660,4983,13,-1.732966661453247,0.09487137943506241,0.0003,0.6961417198181152,0.1649320125579834,4982,-14.832575900000004,0.0,150.0
7127,99680,4984,13,-1.7449958324432373,0.31154006719589233,0.0003,0.6307951807975769,0.38794708251953125,4983,-14.832575900000004,0.0,150.0
7127,99700,4985,13,-1.7319014072418213,1.9888973236083984,0.0003,-0.831261396408081,0.969752311706543,4984,-14.832575900000004,0.0,150.0
7128,99720,4986,13,-1.8121331930160522,0.5072351694107056,0.0003,0.4452797770500183,-0.8230262994766235,4985,-14.832575900000004,0.0,150.0
7128,99740,4987,13,-1.8776283264160156,0.22379910945892334,0.0003,0.8805318474769592,-0.563223659992218,4986,-14.832575900000004,0.0,150.0
7128,99760,4988,13,-1.9039684534072876,0.15603843331336975,0.0003,0.9420382976531982,0.5215374231338501,4987,-14.832575900000004,0.0,150.0
7128,99780,4989,13,-1.9699432849884033,0.237063929438591,0.0003,0.906386137008667,-0.1159524917602539,4988,-14.832575900000004,0.0,150.0
7128,99800,4990,13,-1.9624561071395874,0.11114462465047836,0.0003,0.9729633927345276,-0.01683647558093071,4989,-14.832575900000004,0.0,150.0
7128,99820,4991,14,-1.9290542602539062,2.3240551948547363,0.0003,0.7774628400802612,1.0997978448867798,4990,-14.832575900000004,0.0,150.0
7128,99840,4992,14,-2.04187273979187,0.1275818645954132,0.0003,0.9901881814002991,-0.3926844894886017,4991,-14.832575900000004,0.0,150.0
7129,99860,4993,14,-2.0196032524108887,1.8337100744247437,0.0003,0.8431711792945862,1.371951699256897,4992,-14.832575900000004,0.0,150.0
7129,99880,4994,14,-2.049800395965576,0.18998178839683533,0.0003,0.9834785461425781,0.3174482583999634,4993,-14.832575900000004,0.0,150.0
7128,99900,4995,14,-2.03674054145813,0.137119323015213,0.0003,0.9878571629524231,0.024244647473096848,4994,-14.832575900000004,0.0,150.0
7128,99920,4996,14,-2.0925745964050293,0.2346281111240387,0.0003,0.981890082359314,0.16200260818004608,4995,-14.832575900000004,0.0,150.0
7128,99940,4997,14,-2.104727268218994,0.24664339423179626,0.0003,0.9727832674980164,0.042303889989852905,4996,-14.832575900000004,0.0,150.0
7128,99960,4998,14,-2.111743450164795,0.4487558901309967,0.0003,0.9483356475830078,0.3517906069755554,4997,-14.832575900000004,0.0,150.0
7128,99980,4999,14,-2.1138484477996826,0.4103659987449646,0.0003,0.9510966539382935,0.38994497060775757,4998,-14.832575900000004,0.0,150.0
7126,100000,5000,14,-2.041621685028076,0.12453918159008026,0.0003,0.9910229444503784,-0.5230954885482788,4999,-14.832575900000004,0.0,150.0
